cohort,channel,context,source_lag_frames,horizon_frames,source_to_endpoint_frames,scope,reference,method,n_edges,n_positive,prevalence,auroc,auprc,source_macro_auroc,n_macro_sources
historical80,endpoint_mean,state_average,1,1,2,all_common,randi_wild_type,flow,1646,273,0.16585662211421628,0.6799527251093165,0.3300529408685393,0.6498615714518235,44
historical80,endpoint_mean,state_average,1,1,2,all_common,cook_struct,flow,6320,1267,0.2004746835443038,0.6328923669560433,0.3251951727537779,0.6230503539391725,80
historical80,endpoint_mean,state_average,1,1,2,all_common,cook_chem,flow,6320,1145,0.18117088607594936,0.6222250068561063,0.2845077929379135,0.6046533730191401,80
historical80,endpoint_mean,state_average,1,1,2,all_common,cook_gap,flow,6320,321,0.05079113924050633,0.6689427469479596,0.1245924353094555,0.695494415540281,66
historical80,endpoint_mean,state_average,1,1,2,strong_fixed_support,randi_wild_type,flow,1051,139,0.13225499524262607,0.6318156001514577,0.25486715244494784,0.5977589971541923,27
historical80,endpoint_mean,state_average,1,1,2,strong_fixed_support,cook_struct,flow,4503,838,0.18609815678436598,0.6207642115476659,0.2952238375863446,0.6192363005258081,57
historical80,endpoint_mean,state_average,1,1,2,strong_fixed_support,cook_chem,flow,4503,746,0.16566733288918498,0.6088882522062481,0.25601618011177396,0.5966703156953747,57
historical80,endpoint_mean,state_average,1,1,2,strong_fixed_support,cook_gap,flow,4503,231,0.051299133910726186,0.6621197934400181,0.1294327031901005,0.6803187661985898,47
historical80,endpoint_mean,state_average,1,2,3,all_common,randi_wild_type,flow,1646,273,0.16585662211421628,0.680046101022066,0.3254029956207123,0.6489235206089077,44
historical80,endpoint_mean,state_average,1,2,3,all_common,cook_struct,flow,6320,1267,0.2004746835443038,0.630850162703129,0.32285576929966275,0.6173169009689102,80
historical80,endpoint_mean,state_average,1,2,3,all_common,cook_chem,flow,6320,1145,0.18117088607594936,0.6195528553045165,0.2824789472818261,0.597780601969335,80
historical80,endpoint_mean,state_average,1,2,3,all_common,cook_gap,flow,6320,321,0.05079113924050633,0.6713065884812577,0.12373095046105341,0.6952594663747376,66
historical80,endpoint_mean,state_average,1,2,3,strong_fixed_support,randi_wild_type,flow,1051,139,0.13225499524262607,0.6341979048340275,0.2538322840037296,0.5990721690502224,27
historical80,endpoint_mean,state_average,1,2,3,strong_fixed_support,cook_struct,flow,4503,838,0.18609815678436598,0.6204202170437637,0.29367005724704853,0.6144107196474774,57
historical80,endpoint_mean,state_average,1,2,3,strong_fixed_support,cook_chem,flow,4503,746,0.16566733288918498,0.6082519065394284,0.2547539508402799,0.5907949504441249,57
historical80,endpoint_mean,state_average,1,2,3,strong_fixed_support,cook_gap,flow,4503,231,0.051299133910726186,0.665908685571607,0.1290139636740047,0.6837727052358481,47
historical80,endpoint_mean,state_average,1,4,5,all_common,randi_wild_type,flow,1646,273,0.16585662211421628,0.6755026958959952,0.3105125397865126,0.6461011440963019,44
historical80,endpoint_mean,state_average,1,4,5,all_common,cook_struct,flow,6320,1267,0.2004746835443038,0.6269930215641587,0.318844434830418,0.6098484570918548,80
historical80,endpoint_mean,state_average,1,4,5,all_common,cook_chem,flow,6320,1145,0.18117088607594936,0.6148812522414193,0.2791130541925949,0.5882792343954556,80
historical80,endpoint_mean,state_average,1,4,5,all_common,cook_gap,flow,6320,321,0.05079113924050633,0.6740983310302496,0.12204484563525578,0.696318091799421,66
historical80,endpoint_mean,state_average,1,4,5,strong_fixed_support,randi_wild_type,flow,1051,139,0.13225499524262607,0.6375820396314528,0.248839049148209,0.5976804283885976,27
historical80,endpoint_mean,state_average,1,4,5,strong_fixed_support,cook_struct,flow,4503,838,0.18609815678436598,0.6195205892025123,0.291633264019277,0.6092602694345951,57
historical80,endpoint_mean,state_average,1,4,5,strong_fixed_support,cook_chem,flow,4503,746,0.16566733288918498,0.6067233924734597,0.2528138390957318,0.5829302785429759,57
historical80,endpoint_mean,state_average,1,4,5,strong_fixed_support,cook_gap,flow,4503,231,0.051299133910726186,0.6682870032589134,0.12823431549680642,0.6885841340265925,47
historical80,endpoint_mean,state_average,1,8,9,all_common,randi_wild_type,flow,1646,273,0.16585662211421628,0.6546185060387535,0.2780188116821212,0.6207291398726531,44
historical80,endpoint_mean,state_average,1,8,9,all_common,cook_struct,flow,6320,1267,0.2004746835443038,0.6187518851086142,0.3108992507707474,0.6019642603231024,80
historical80,endpoint_mean,state_average,1,8,9,all_common,cook_chem,flow,6320,1145,0.18117088607594936,0.6079566272176867,0.2735187731215941,0.583203557354432,80
historical80,endpoint_mean,state_average,1,8,9,all_common,cook_gap,flow,6320,321,0.05079113924050633,0.6612145637980161,0.11537160258486329,0.6786941523655171,66
historical80,endpoint_mean,state_average,1,8,9,strong_fixed_support,randi_wild_type,flow,1051,139,0.13225499524262607,0.6292124195380538,0.23191484349713506,0.5689815151073949,27
historical80,endpoint_mean,state_average,1,8,9,strong_fixed_support,cook_struct,flow,4503,838,0.18609815678436598,0.614349438505895,0.28506765726939576,0.6070097544996463,57
historical80,endpoint_mean,state_average,1,8,9,strong_fixed_support,cook_chem,flow,4503,746,0.16566733288918498,0.6031154713168128,0.24807520050529724,0.5843525161358908,57
historical80,endpoint_mean,state_average,1,8,9,strong_fixed_support,cook_gap,flow,4503,231,0.051299133910726186,0.6549919337840686,0.12234505368298867,0.6805679987206726,47
historical80,endpoint_mean,state_average,1,16,17,all_common,randi_wild_type,flow,1646,273,0.16585662211421628,0.629991276021866,0.2521024514289896,0.5917914320105876,44
historical80,endpoint_mean,state_average,1,16,17,all_common,cook_struct,flow,6320,1267,0.2004746835443038,0.6101237693393986,0.30176756656085924,0.5875778024093417,80
historical80,endpoint_mean,state_average,1,16,17,all_common,cook_chem,flow,6320,1145,0.18117088607594936,0.6032977659641795,0.26847748390814347,0.5763375430275968,80
historical80,endpoint_mean,state_average,1,16,17,all_common,cook_gap,flow,6320,321,0.05079113924050633,0.6443223403277493,0.10533608474621553,0.6480872140107952,66
historical80,endpoint_mean,state_average,1,16,17,strong_fixed_support,randi_wild_type,flow,1051,139,0.13225499524262607,0.6173876688123185,0.21494729443027716,0.5543921751905695,27
historical80,endpoint_mean,state_average,1,16,17,strong_fixed_support,cook_struct,flow,4503,838,0.18609815678436598,0.6073057725305818,0.2776007064269,0.5997663248196298,57
historical80,endpoint_mean,state_average,1,16,17,strong_fixed_support,cook_chem,flow,4503,746,0.16566733288918498,0.5984921087428579,0.2430029627773037,0.5854887416169158,57
historical80,endpoint_mean,state_average,1,16,17,strong_fixed_support,cook_gap,flow,4503,231,0.051299133910726186,0.64596000129708,0.11342012532004635,0.6680219136174146,47
historical80,endpoint_mean,state_average,1,32,33,all_common,randi_wild_type,flow,1646,273,0.16585662211421628,0.6043822649794973,0.23775776262684334,0.5541716893378356,44
historical80,endpoint_mean,state_average,1,32,33,all_common,cook_struct,flow,6320,1267,0.2004746835443038,0.5972316179359094,0.28897235589547376,0.5673307405607235,80
historical80,endpoint_mean,state_average,1,32,33,all_common,cook_chem,flow,6320,1145,0.18117088607594936,0.5945814399932494,0.26026894629760927,0.5648690503174786,80
historical80,endpoint_mean,state_average,1,32,33,all_common,cook_gap,flow,6320,321,0.05079113924050633,0.6223706027847841,0.09756170149888031,0.6153135038608959,66
historical80,endpoint_mean,state_average,1,32,33,strong_fixed_support,randi_wild_type,flow,1051,139,0.13225499524262607,0.6097280070680299,0.20277503705495073,0.5376244631399919,27
historical80,endpoint_mean,state_average,1,32,33,strong_fixed_support,cook_struct,flow,4503,838,0.18609815678436598,0.5878017888365399,0.26460428332799235,0.5747243038419766,57
historical80,endpoint_mean,state_average,1,32,33,strong_fixed_support,cook_chem,flow,4503,746,0.16566733288918498,0.5843483584886406,0.23260201230837108,0.5717267756885394,57
historical80,endpoint_mean,state_average,1,32,33,strong_fixed_support,cook_gap,flow,4503,231,0.051299133910726186,0.6167787424809896,0.10376886506158567,0.6365116288731508,47
historical80,endpoint_mean,state_average,4,1,5,all_common,randi_wild_type,flow,1646,273,0.16585662211421628,0.66655995133781,0.31089506175576853,0.6298897554707771,44
historical80,endpoint_mean,state_average,4,1,5,all_common,cook_struct,flow,6320,1267,0.2004746835443038,0.6285062629731788,0.31792215754010233,0.6103929893451656,80
historical80,endpoint_mean,state_average,4,1,5,all_common,cook_chem,flow,6320,1145,0.18117088607594936,0.6168649241609181,0.2790712668205288,0.5893156148265124,80
historical80,endpoint_mean,state_average,4,1,5,all_common,cook_gap,flow,6320,321,0.05079113924050633,0.67180199815234,0.11890383231827453,0.692918233656477,66
historical80,endpoint_mean,state_average,4,1,5,strong_fixed_support,randi_wild_type,flow,1051,139,0.13225499524262607,0.6217263031679919,0.24788744476000238,0.5853820529588489,27
historical80,endpoint_mean,state_average,4,1,5,strong_fixed_support,cook_struct,flow,4503,838,0.18609815678436598,0.620810934890127,0.29141680775790224,0.6078473987226156,57
historical80,endpoint_mean,state_average,4,1,5,strong_fixed_support,cook_chem,flow,4503,746,0.16566733288918498,0.6078273192988816,0.25316191820707346,0.5824400028892824,57
historical80,endpoint_mean,state_average,4,1,5,strong_fixed_support,cook_gap,flow,4503,231,0.051299133910726186,0.6679151061173533,0.12578499268729584,0.6798544113555557,47
historical80,endpoint_mean,state_average,4,2,6,all_common,randi_wild_type,flow,1646,273,0.16585662211421628,0.6630943710331911,0.3029052188668226,0.6249608011757104,44
historical80,endpoint_mean,state_average,4,2,6,all_common,cook_struct,flow,6320,1267,0.2004746835443038,0.626668130757928,0.3160575832395578,0.6066821124717754,80
historical80,endpoint_mean,state_average,4,2,6,all_common,cook_chem,flow,6320,1145,0.18117088607594936,0.6149956753791953,0.2777324149267334,0.5851573725052662,80
historical80,endpoint_mean,state_average,4,2,6,all_common,cook_gap,flow,6320,321,0.05079113924050633,0.6718876822149487,0.11804192085915767,0.6894302159369042,66
historical80,endpoint_mean,state_average,4,2,6,strong_fixed_support,randi_wild_type,flow,1051,139,0.13225499524262607,0.6214028776978417,0.24357517690126318,0.5789782047495968,27
historical80,endpoint_mean,state_average,4,2,6,strong_fixed_support,cook_struct,flow,4503,838,0.18609815678436598,0.6199901018145588,0.2895757066019936,0.6052116909822977,57
historical80,endpoint_mean,state_average,4,2,6,strong_fixed_support,cook_chem,flow,4503,746,0.16566733288918498,0.6072646520061569,0.25177022631374896,0.5791666844584334,57
historical80,endpoint_mean,state_average,4,2,6,strong_fixed_support,cook_gap,flow,4503,231,0.051299133910726186,0.6663454367106053,0.12460024814176736,0.6765569819714313,47
historical80,endpoint_mean,state_average,4,4,8,all_common,randi_wild_type,flow,1646,273,0.16585662211421628,0.6542850206360766,0.2856308132261729,0.6191765864657137,44
historical80,endpoint_mean,state_average,4,4,8,all_common,cook_struct,flow,6320,1267,0.2004746835443038,0.6200200526354345,0.3115851067783891,0.5997725424284575,80
historical80,endpoint_mean,state_average,4,4,8,all_common,cook_chem,flow,6320,1145,0.18117088607594936,0.6089160601649685,0.27457961074965287,0.5790302323761758,80
historical80,endpoint_mean,state_average,4,4,8,all_common,cook_gap,flow,6320,321,0.05079113924050633,0.6641496324153714,0.1144413340622599,0.680673199266156,66
historical80,endpoint_mean,state_average,4,4,8,strong_fixed_support,randi_wild_type,flow,1051,139,0.13225499524262607,0.6174823299255333,0.23143621962495883,0.5707122852773158,27
historical80,endpoint_mean,state_average,4,4,8,strong_fixed_support,cook_struct,flow,4503,838,0.18609815678436598,0.6140720288349771,0.2854789908257967,0.6013464022649065,57
historical80,endpoint_mean,state_average,4,4,8,strong_fixed_support,cook_chem,flow,4503,746,0.16566733288918498,0.6024700273519814,0.24882761474632425,0.5765562386592499,57
historical80,endpoint_mean,state_average,4,4,8,strong_fixed_support,cook_gap,flow,4503,231,0.051299133910726186,0.6566335505942248,0.1211413634846335,0.6720629687610394,47
historical80,endpoint_mean,state_average,4,8,12,all_common,randi_wild_type,flow,1646,273,0.16585662211421628,0.6402572906578734,0.26390398804077947,0.603358792983546,44
historical80,endpoint_mean,state_average,4,8,12,all_common,cook_struct,flow,6320,1267,0.2004746835443038,0.6116374012421762,0.3052708433090937,0.5921614843630814,80
historical80,endpoint_mean,state_average,4,8,12,all_common,cook_chem,flow,6320,1145,0.18117088607594936,0.6026963694280952,0.27065383977761626,0.5761795336902449,80
historical80,endpoint_mean,state_average,4,8,12,all_common,cook_gap,flow,6320,321,0.05079113924050633,0.6481251548155222,0.10815954523270802,0.6581129128065155,66
historical80,endpoint_mean,state_average,4,8,12,strong_fixed_support,randi_wild_type,flow,1051,139,0.13225499524262607,0.6082686482393033,0.21972139107135435,0.5540366513348894,27
historical80,endpoint_mean,state_average,4,8,12,strong_fixed_support,cook_struct,flow,4503,838,0.18609815678436598,0.60649698658861,0.27980227615687436,0.5973855312353139,57
historical80,endpoint_mean,state_average,4,8,12,strong_fixed_support,cook_chem,flow,4503,746,0.16566733288918498,0.5976557789177807,0.24469182782756552,0.5785656895098703,57
historical80,endpoint_mean,state_average,4,8,12,strong_fixed_support,cook_gap,flow,4503,231,0.051299133910726186,0.6451888467337906,0.11564728092502141,0.6637078851195272,47
historical80,endpoint_mean,state_average,4,16,20,all_common,randi_wild_type,flow,1646,273,0.16585662211421628,0.6159101883792342,0.24678456159904336,0.5680938030725694,44
historical80,endpoint_mean,state_average,4,16,20,all_common,cook_struct,flow,6320,1267,0.2004746835443038,0.6036361841512329,0.297794266994913,0.576857491374781,80
historical80,endpoint_mean,state_average,4,16,20,all_common,cook_chem,flow,6320,1145,0.18117088607594936,0.5972479378942261,0.2663267157503164,0.5672838124447335,80
historical80,endpoint_mean,state_average,4,16,20,all_common,cook_gap,flow,6320,321,0.05079113924050633,0.6385114029908411,0.10148451808206307,0.6362752040699853,66
historical80,endpoint_mean,state_average,4,16,20,strong_fixed_support,randi_wild_type,flow,1051,139,0.13225499524262607,0.6014451596617443,0.20379021935457078,0.5348663419077305,27
historical80,endpoint_mean,state_average,4,16,20,strong_fixed_support,cook_struct,flow,4503,838,0.18609815678436598,0.5988916637091496,0.2728646963261268,0.5864759463203714,57
historical80,endpoint_mean,state_average,4,16,20,strong_fixed_support,cook_chem,flow,4503,746,0.16566733288918498,0.5906600797367701,0.23977435207987136,0.5749836497154581,57
historical80,endpoint_mean,state_average,4,16,20,strong_fixed_support,cook_gap,flow,4503,231,0.051299133910726186,0.6396610567958882,0.10951892689969789,0.653963609197292,47
historical80,endpoint_mean,state_average,4,32,36,all_common,randi_wild_type,flow,1646,273,0.16585662211421628,0.5930544328213665,0.2371516905298996,0.5462413286943836,44
historical80,endpoint_mean,state_average,4,32,36,all_common,cook_struct,flow,6320,1267,0.2004746835443038,0.5892432090402117,0.2866553440658879,0.556779438046427,80
historical80,endpoint_mean,state_average,4,32,36,all_common,cook_chem,flow,6320,1145,0.18117088607594936,0.5880243866421957,0.259231096431617,0.5558690273682048,80
historical80,endpoint_mean,state_average,4,32,36,all_common,cook_gap,flow,6320,321,0.05079113924050633,0.6109818926207328,0.09590668147234288,0.6049161581233558,66
historical80,endpoint_mean,state_average,4,32,36,strong_fixed_support,randi_wild_type,flow,1051,139,0.13225499524262607,0.5939038243089738,0.19545202762479208,0.5330129581564536,27
historical80,endpoint_mean,state_average,4,32,36,strong_fixed_support,cook_struct,flow,4503,838,0.18609815678436598,0.5749774523242828,0.260103553980934,0.5585341703543036,57
historical80,endpoint_mean,state_average,4,32,36,strong_fixed_support,cook_chem,flow,4503,746,0.16566733288918498,0.5729433743339511,0.2293906304287131,0.5578901458254111,57
historical80,endpoint_mean,state_average,4,32,36,strong_fixed_support,cook_gap,flow,4503,231,0.051299133910726186,0.602583823791689,0.10101684749687839,0.6191419485796492,47
historical80,endpoint_mean,state_average,8,1,9,all_common,randi_wild_type,flow,1646,273,0.16585662211421628,0.6530924768361038,0.2786377388605087,0.6135425482853578,44
historical80,endpoint_mean,state_average,8,1,9,all_common,cook_struct,flow,6320,1267,0.2004746835443038,0.6190780254948689,0.312003448517552,0.6014619548157419,80
historical80,endpoint_mean,state_average,8,1,9,all_common,cook_chem,flow,6320,1145,0.18117088607594936,0.6076540303356328,0.2750166119002753,0.5825306219446873,80
historical80,endpoint_mean,state_average,8,1,9,all_common,cook_gap,flow,6320,321,0.05079113924050633,0.6663452216075473,0.11424954563641869,0.6877684020802728,66
historical80,endpoint_mean,state_average,8,1,9,strong_fixed_support,randi_wild_type,flow,1051,139,0.13225499524262607,0.6131515839959611,0.22811137481872065,0.557789821266839,27
historical80,endpoint_mean,state_average,8,1,9,strong_fixed_support,cook_struct,flow,4503,838,0.18609815678436598,0.6135028831721079,0.28622031567854667,0.6019275439210588,57
historical80,endpoint_mean,state_average,8,1,9,strong_fixed_support,cook_chem,flow,4503,746,0.16566733288918498,0.6013974985746,0.24909453413487306,0.5793631073454291,57
historical80,endpoint_mean,state_average,8,1,9,strong_fixed_support,cook_gap,flow,4503,231,0.051299133910726186,0.662574784765796,0.12294910880929459,0.6821702937386871,47
historical80,endpoint_mean,state_average,8,2,10,all_common,randi_wild_type,flow,1646,273,0.16585662211421628,0.6461506446939804,0.2721710415430227,0.6083116968743721,44
historical80,endpoint_mean,state_average,8,2,10,all_common,cook_struct,flow,6320,1267,0.2004746835443038,0.6167847337558892,0.31032674010988276,0.5992210293229709,80
historical80,endpoint_mean,state_average,8,2,10,all_common,cook_chem,flow,6320,1145,0.18117088607594936,0.6059297512815645,0.27392744178032663,0.5804287805889027,80
historical80,endpoint_mean,state_average,8,2,10,all_common,cook_gap,flow,6320,321,0.05079113924050633,0.6625907017732446,0.11292625222467928,0.6842176571511205,66
historical80,endpoint_mean,state_average,8,2,10,strong_fixed_support,randi_wild_type,flow,1051,139,0.13225499524262607,0.6087892843619842,0.22690856780543342,0.5532803351981159,27
historical80,endpoint_mean,state_average,8,2,10,strong_fixed_support,cook_struct,flow,4503,838,0.18609815678436598,0.6114923142543638,0.284802335647848,0.601054570314315,57
historical80,endpoint_mean,state_average,8,2,10,strong_fixed_support,cook_chem,flow,4503,746,0.16566733288918498,0.600043457752856,0.24814290696689656,0.578460480628401,57
historical80,endpoint_mean,state_average,8,2,10,strong_fixed_support,cook_gap,flow,4503,231,0.051299133910726186,0.6594364592960099,0.12168474136235062,0.6813923911195482,47
historical80,endpoint_mean,state_average,8,4,12,all_common,randi_wild_type,flow,1646,273,0.16585662211421628,0.6379575753210129,0.26305806817207533,0.6015538419584855,44
historical80,endpoint_mean,state_average,8,4,12,all_common,cook_struct,flow,6320,1267,0.2004746835443038,0.6133947012496268,0.3073718053925699,0.5947351567055305,80
historical80,endpoint_mean,state_average,8,4,12,all_common,cook_chem,flow,6320,1145,0.18117088607594936,0.6035600278463389,0.27217420283104465,0.5758876307400171,80
historical80,endpoint_mean,state_average,8,4,12,all_common,cook_gap,flow,6320,321,0.05079113924050633,0.6554269948418193,0.10943367870972084,0.671427909789867,66
historical80,endpoint_mean,state_average,8,4,12,strong_fixed_support,randi_wild_type,flow,1051,139,0.13225499524262607,0.6059888930960494,0.2205271085461606,0.5501881521040344,27
historical80,endpoint_mean,state_average,8,4,12,strong_fixed_support,cook_struct,flow,4503,838,0.18609815678436598,0.6090456065406168,0.2821181253652058,0.5977980187393203,57
historical80,endpoint_mean,state_average,8,4,12,strong_fixed_support,cook_chem,flow,4503,746,0.16566733288918498,0.5984644570528221,0.24599525174012282,0.5747359562753017,57
historical80,endpoint_mean,state_average,8,4,12,strong_fixed_support,cook_gap,flow,4503,231,0.051299133910726186,0.6562707735460545,0.11868717601555627,0.6739405809290914,47
historical80,endpoint_mean,state_average,8,8,16,all_common,randi_wild_type,flow,1646,273,0.16585662211421628,0.6279343380581545,0.2529440025026142,0.5929110029978149,44
historical80,endpoint_mean,state_average,8,8,16,all_common,cook_struct,flow,6320,1267,0.2004746835443038,0.6093202112852384,0.3035050330978284,0.5869185437924104,80
historical80,endpoint_mean,state_average,8,8,16,all_common,cook_chem,flow,6320,1145,0.18117088607594936,0.6007960677594245,0.2700579633206712,0.5714365228582381,80
historical80,endpoint_mean,state_average,8,8,16,all_common,cook_gap,flow,6320,321,0.05079113924050633,0.6485707119410867,0.10547115468112372,0.6522347085297263,66
historical80,endpoint_mean,state_average,8,8,16,strong_fixed_support,randi_wild_type,flow,1051,139,0.13225499524262607,0.6059810046699483,0.21269138521214623,0.5553172381101356,27
historical80,endpoint_mean,state_average,8,8,16,strong_fixed_support,cook_struct,flow,4503,838,0.18609815678436598,0.6051838490266241,0.27868110479667657,0.592300204285002,57
historical80,endpoint_mean,state_average,8,8,16,strong_fixed_support,cook_chem,flow,4503,746,0.16566733288918498,0.5947411123900266,0.24343056985543268,0.5728458189659816,57
historical80,endpoint_mean,state_average,8,8,16,strong_fixed_support,cook_gap,flow,4503,231,0.051299133910726186,0.6545815295815296,0.1149321689361732,0.664274699965242,47
historical80,endpoint_mean,state_average,8,16,24,all_common,randi_wild_type,flow,1646,273,0.16585662211421628,0.6116629182907405,0.2414942758842025,0.5644950964796525,44
historical80,endpoint_mean,state_average,8,16,24,all_common,cook_struct,flow,6320,1267,0.2004746835443038,0.6058210748231336,0.2975142138590897,0.5795471464327446,80
historical80,endpoint_mean,state_average,8,16,24,all_common,cook_chem,flow,6320,1145,0.18117088607594936,0.6004005653650613,0.266779065006061,0.5705813968528268,80
historical80,endpoint_mean,state_average,8,16,24,all_common,cook_gap,flow,6320,321,0.05079113924050633,0.6380635090272055,0.10231887837989745,0.6301764015576072,66
historical80,endpoint_mean,state_average,8,16,24,strong_fixed_support,randi_wild_type,flow,1051,139,0.13225499524262607,0.599394168875426,0.2003289400905593,0.5236647002952131,27
historical80,endpoint_mean,state_average,8,16,24,strong_fixed_support,cook_struct,flow,4503,838,0.18609815678436598,0.5963772315686996,0.2723565762137022,0.5834231876275363,57
historical80,endpoint_mean,state_average,8,16,24,strong_fixed_support,cook_chem,flow,4503,746,0.16566733288918498,0.5892279005909256,0.23911379594934318,0.5724250186207772,57
historical80,endpoint_mean,state_average,8,16,24,strong_fixed_support,cook_gap,flow,4503,231,0.051299133910726186,0.6369731626051851,0.11152472126713403,0.6453761749513145,47
historical80,endpoint_mean,state_average,8,32,40,all_common,randi_wild_type,flow,1646,273,0.16585662211421628,0.5930944510696878,0.2356183768928648,0.5361983017178622,44
historical80,endpoint_mean,state_average,8,32,40,all_common,cook_struct,flow,6320,1267,0.2004746835443038,0.5890565530241321,0.2847383064461523,0.5571341860093266,80
historical80,endpoint_mean,state_average,8,32,40,all_common,cook_chem,flow,6320,1145,0.18117088607594936,0.5899358268464021,0.25792533243289356,0.5545756735919072,80
historical80,endpoint_mean,state_average,8,32,40,all_common,cook_gap,flow,6320,321,0.05079113924050633,0.6003752442644906,0.09364467009602079,0.5871968042061312,66
historical80,endpoint_mean,state_average,8,32,40,strong_fixed_support,randi_wild_type,flow,1051,139,0.13225499524262607,0.5899753881105642,0.19338073576674342,0.520652526900461,27
historical80,endpoint_mean,state_average,8,32,40,strong_fixed_support,cook_struct,flow,4503,838,0.18609815678436598,0.5763843621693957,0.25760353453396523,0.5598381096102732,57
historical80,endpoint_mean,state_average,8,32,40,strong_fixed_support,cook_chem,flow,4503,746,0.16566733288918498,0.5745550218680269,0.22620147203130953,0.5548920980365892,57
historical80,endpoint_mean,state_average,8,32,40,strong_fixed_support,cook_gap,flow,4503,231,0.051299133910726186,0.5999227832093,0.10005483947914445,0.6118472431786034,47
historical80,endpoint_mean,state_average,16,1,17,all_common,randi_wild_type,flow,1646,273,0.16585662211421628,0.6354364256767754,0.25386847974968296,0.5854833009213709,44
historical80,endpoint_mean,state_average,16,1,17,all_common,cook_struct,flow,6320,1267,0.2004746835443038,0.6111256982223631,0.30364107976353033,0.5861081554015175,80
historical80,endpoint_mean,state_average,16,1,17,all_common,cook_chem,flow,6320,1145,0.18117088607594936,0.6045217391304347,0.2710657995300107,0.5741102201202167,80
historical80,endpoint_mean,state_average,16,1,17,all_common,cook_gap,flow,6320,321,0.05079113924050633,0.6397987411193662,0.10355745539459897,0.633176131138922,66
historical80,endpoint_mean,state_average,16,1,17,strong_fixed_support,randi_wild_type,flow,1051,139,0.13225499524262607,0.6134197904834028,0.21129342966629255,0.5400633988026894,27
historical80,endpoint_mean,state_average,16,1,17,strong_fixed_support,cook_struct,flow,4503,838,0.18609815678436598,0.6110553614628477,0.2795889359398077,0.5972748491604932,57
historical80,endpoint_mean,state_average,16,1,17,strong_fixed_support,cook_chem,flow,4503,746,0.16566733288918498,0.6018634741512001,0.2451420289072221,0.5816991222923265,57
historical80,endpoint_mean,state_average,16,1,17,strong_fixed_support,cook_gap,flow,4503,231,0.051299133910726186,0.6489189649302008,0.11301419220044182,0.6569758236121613,47
historical80,endpoint_mean,state_average,16,2,18,all_common,randi_wild_type,flow,1646,273,0.16585662211421628,0.6329046044996518,0.25283115749512935,0.5849371057954907,44
historical80,endpoint_mean,state_average,16,2,18,all_common,cook_struct,flow,6320,1267,0.2004746835443038,0.6100590254744069,0.30256432920323406,0.584234613550932,80
historical80,endpoint_mean,state_average,16,2,18,all_common,cook_chem,flow,6320,1145,0.18117088607594936,0.6040662405332996,0.27036114280440704,0.5732248380888093,80
historical80,endpoint_mean,state_average,16,2,18,all_common,cook_gap,flow,6320,321,0.05079113924050633,0.6372770331919286,0.10257992801079745,0.6301993084277836,66
historical80,endpoint_mean,state_average,16,2,18,strong_fixed_support,randi_wild_type,flow,1051,139,0.13225499524262607,0.6140271992931969,0.20967029576037222,0.540968444883559,27
historical80,endpoint_mean,state_average,16,2,18,strong_fixed_support,cook_struct,flow,4503,838,0.18609815678436598,0.6099473507702026,0.27851929041329165,0.5953808676982962,57
historical80,endpoint_mean,state_average,16,2,18,strong_fixed_support,cook_chem,flow,4503,746,0.16566733288918498,0.6010089477300996,0.24430970426799675,0.580949054798034,57
historical80,endpoint_mean,state_average,16,2,18,strong_fixed_support,cook_gap,flow,4503,231,0.051299133910726186,0.6472206008722864,0.11209876249357353,0.6537809063914426,47
historical80,endpoint_mean,state_average,16,4,20,all_common,randi_wild_type,flow,1646,273,0.16585662211421628,0.6303487723735356,0.25025886544568177,0.5826131187888327,44
historical80,endpoint_mean,state_average,16,4,20,all_common,cook_struct,flow,6320,1267,0.2004746835443038,0.6092895965746512,0.300712451123161,0.5815173490959162,80
historical80,endpoint_mean,state_average,16,4,20,all_common,cook_chem,flow,6320,1145,0.18117088607594936,0.603921439571335,0.26915411366822006,0.5727025357613186,80
historical80,endpoint_mean,state_average,16,4,20,all_common,cook_gap,flow,6320,321,0.05079113924050633,0.6348228339198797,0.10097566372534945,0.6240242455460405,66
historical80,endpoint_mean,state_average,16,4,20,strong_fixed_support,randi_wild_type,flow,1051,139,0.13225499524262607,0.6123469645336364,0.20612534201647129,0.5401503787332621,27
historical80,endpoint_mean,state_average,16,4,20,strong_fixed_support,cook_struct,flow,4503,838,0.18609815678436598,0.607586763781758,0.27678699591296163,0.5921017116984412,57
historical80,endpoint_mean,state_average,16,4,20,strong_fixed_support,cook_chem,flow,4503,746,0.16566733288918498,0.5993544846759685,0.24302864376992492,0.580408522149529,57
historical80,endpoint_mean,state_average,16,4,20,strong_fixed_support,cook_gap,flow,4503,231,0.051299133910726186,0.642702101269517,0.1104543150982262,0.6479671483336026,47
historical80,endpoint_mean,state_average,16,8,24,all_common,randi_wild_type,flow,1646,273,0.16585662211421628,0.6229293891347788,0.24524491899819273,0.5637404441915637,44
historical80,endpoint_mean,state_average,16,8,24,all_common,cook_struct,flow,6320,1267,0.2004746835443038,0.6063393381380726,0.2973293593653674,0.5777799729262322,80
historical80,endpoint_mean,state_average,16,8,24,all_common,cook_chem,flow,6320,1145,0.18117088607594936,0.6021257726304242,0.26688434880207335,0.5708643549338743,80
historical80,endpoint_mean,state_average,16,8,24,all_common,cook_gap,flow,6320,321,0.05079113924050633,0.6291308156759252,0.09878334434798089,0.619986348759721,66
historical80,endpoint_mean,state_average,16,8,24,strong_fixed_support,randi_wild_type,flow,1051,139,0.13225499524262607,0.6093099204846649,0.20223623456460518,0.5307199728683534,27
historical80,endpoint_mean,state_average,16,8,24,strong_fixed_support,cook_struct,flow,4503,838,0.18609815678436598,0.6009956793118156,0.2731791595608672,0.5866112791116604,57
historical80,endpoint_mean,state_average,16,8,24,strong_fixed_support,cook_chem,flow,4503,746,0.16566733288918498,0.5943443552375156,0.2401666571511767,0.5771655681659269,57
historical80,endpoint_mean,state_average,16,8,24,strong_fixed_support,cook_gap,flow,4503,231,0.051299133910726186,0.6322535142759862,0.10735483737503197,0.6414392708550071,47
historical80,endpoint_mean,state_average,16,16,32,all_common,randi_wild_type,flow,1646,273,0.16585662211421628,0.6016690277433177,0.23877495846325164,0.542460597216963,44
historical80,endpoint_mean,state_average,16,16,32,all_common,cook_struct,flow,6320,1267,0.2004746835443038,0.5979202927266164,0.29085667122153946,0.5667620797877733,80
historical80,endpoint_mean,state_average,16,16,32,all_common,cook_chem,flow,6320,1145,0.18117088607594936,0.5961140012235513,0.26234363442756037,0.5633003692778018,80
historical80,endpoint_mean,state_average,16,16,32,all_common,cook_gap,flow,6320,321,0.05079113924050633,0.6167699808742787,0.09653716740286009,0.6064391259252364,66
historical80,endpoint_mean,state_average,16,16,32,strong_fixed_support,randi_wild_type,flow,1051,139,0.13225499524262607,0.5992679540578064,0.1971841658414482,0.516597706735672,27
historical80,endpoint_mean,state_average,16,16,32,strong_fixed_support,cook_struct,flow,4503,838,0.18609815678436598,0.5894063367922716,0.2666555132720313,0.574596581847467,57
historical80,endpoint_mean,state_average,16,16,32,strong_fixed_support,cook_chem,flow,4503,746,0.16566733288918498,0.5856988313503801,0.23468167903264814,0.5699083696770998,57
historical80,endpoint_mean,state_average,16,16,32,strong_fixed_support,cook_gap,flow,4503,231,0.051299133910726186,0.6158363328307149,0.10399354456024548,0.6259494351552912,47
historical80,endpoint_mean,state_average,16,32,48,all_common,randi_wild_type,flow,1646,273,0.16585662211421628,0.5929690605582814,0.23613461848758058,0.5285958617014992,44
historical80,endpoint_mean,state_average,16,32,48,all_common,cook_struct,flow,6320,1267,0.2004746835443038,0.5813502368188441,0.2832076062178545,0.5489731474596563,80
historical80,endpoint_mean,state_average,16,32,48,all_common,cook_chem,flow,6320,1145,0.18117088607594936,0.5836904837246588,0.2576396348949421,0.5473327226103082,80
historical80,endpoint_mean,state_average,16,32,48,all_common,cook_gap,flow,6320,321,0.05079113924050633,0.579611659056364,0.09242679882422473,0.5747728659947503,66
historical80,endpoint_mean,state_average,16,32,48,strong_fixed_support,randi_wild_type,flow,1051,139,0.13225499524262607,0.5837593083427994,0.1928978121372115,0.5168508505454898,27
historical80,endpoint_mean,state_average,16,32,48,strong_fixed_support,cook_struct,flow,4503,838,0.18609815678436598,0.566149508183911,0.2550301666935785,0.5525034285985242,57
historical80,endpoint_mean,state_average,16,32,48,strong_fixed_support,cook_chem,flow,4503,746,0.16566733288918498,0.5659580222369539,0.22454327349116207,0.5488036830770997,57
historical80,endpoint_mean,state_average,16,32,48,strong_fixed_support,cook_gap,flow,4503,231,0.051299133910726186,0.5774782333771098,0.09572041405514721,0.6048513898253026,47
historical80,endpoint_mean,baseline,1,1,2,all_common,randi_wild_type,flow,1646,273,0.16585662211421628,0.6613122250412855,0.3182369394777292,0.6354304878969894,44
historical80,endpoint_mean,baseline,1,1,2,all_common,cook_struct,flow,6320,1267,0.2004746835443038,0.6277985320871063,0.3206682281676453,0.6190316976154343,80
historical80,endpoint_mean,baseline,1,1,2,all_common,cook_chem,flow,6320,1145,0.18117088607594936,0.6205192076450858,0.28197712560277644,0.6043847207033656,80
historical80,endpoint_mean,baseline,1,1,2,all_common,cook_gap,flow,6320,321,0.05079113924050633,0.6358152111540916,0.11805415796689564,0.6846467956982873,66
historical80,endpoint_mean,baseline,1,1,2,strong_fixed_support,randi_wild_type,flow,1051,139,0.13225499524262607,0.6156127729395432,0.2554241284288186,0.5834535265349865,27
historical80,endpoint_mean,baseline,1,1,2,strong_fixed_support,cook_struct,flow,4503,838,0.18609815678436598,0.6154154470300559,0.29172785903924564,0.6123918342897201,57
historical80,endpoint_mean,baseline,1,1,2,strong_fixed_support,cook_chem,flow,4503,746,0.16566733288918498,0.6051567012354419,0.25368234504142406,0.5932521522781095,57
historical80,endpoint_mean,baseline,1,1,2,strong_fixed_support,cook_gap,flow,4503,231,0.051299133910726186,0.637871491804076,0.12465472037580842,0.6748748860053196,47
historical80,endpoint_mean,baseline,1,2,3,all_common,randi_wild_type,flow,1646,273,0.16585662211421628,0.658529622841349,0.31268456293381125,0.6259042212184756,44
historical80,endpoint_mean,baseline,1,2,3,all_common,cook_struct,flow,6320,1267,0.2004746835443038,0.6257773363983449,0.31904719957923544,0.6150078132763415,80
historical80,endpoint_mean,baseline,1,2,3,all_common,cook_chem,flow,6320,1145,0.18117088607594936,0.6185723266459929,0.28098328907900244,0.6007174455116348,80
historical80,endpoint_mean,baseline,1,2,3,all_common,cook_gap,flow,6320,321,0.05079113924050633,0.636398382077179,0.11713023322573776,0.6820415777341994,66
historical80,endpoint_mean,baseline,1,2,3,strong_fixed_support,randi_wild_type,flow,1051,139,0.13225499524262607,0.6130253691783415,0.25180076378582317,0.5747765033306483,27
historical80,endpoint_mean,baseline,1,2,3,strong_fixed_support,cook_struct,flow,4503,838,0.18609815678436598,0.6154685195375202,0.2911842000727083,0.6097157377219476,57
historical80,endpoint_mean,baseline,1,2,3,strong_fixed_support,cook_chem,flow,4503,746,0.16566733288918498,0.605507788499894,0.25351379641732136,0.5913388965187961,57
historical80,endpoint_mean,baseline,1,2,3,strong_fixed_support,cook_gap,flow,4503,231,0.051299133910726186,0.6406683204436013,0.12472232363166588,0.6734867732547283,47
historical80,endpoint_mean,baseline,1,4,5,all_common,randi_wild_type,flow,1646,273,0.16585662211421628,0.6547572359662673,0.2992004207738379,0.6273397750601801,44
historical80,endpoint_mean,baseline,1,4,5,all_common,cook_struct,flow,6320,1267,0.2004746835443038,0.6221429328986461,0.3160977878096823,0.609239858731773,80
historical80,endpoint_mean,baseline,1,4,5,all_common,cook_chem,flow,6320,1145,0.18117088607594936,0.6139724490011181,0.27841780131703575,0.5926852199197243,80
historical80,endpoint_mean,baseline,1,4,5,all_common,cook_gap,flow,6320,321,0.05079113924050633,0.6446759818225156,0.1160579825183247,0.6808798224653492,66
historical80,endpoint_mean,baseline,1,4,5,strong_fixed_support,randi_wild_type,flow,1051,139,0.13225499524262607,0.6179004165088982,0.24637780515175398,0.5812757890045374,27
historical80,endpoint_mean,baseline,1,4,5,strong_fixed_support,cook_struct,flow,4503,838,0.18609815678436598,0.614759366646371,0.29020930448842813,0.606309702665294,57
historical80,endpoint_mean,baseline,1,4,5,strong_fixed_support,cook_chem,flow,4503,746,0.16566733288918498,0.6041376918581294,0.25244150580522207,0.5852264426580863,57
historical80,endpoint_mean,baseline,1,4,5,strong_fixed_support,cook_gap,flow,4503,231,0.051299133910726186,0.6461869902881139,0.12408595031247624,0.6723667329925823,47
historical80,endpoint_mean,baseline,1,8,9,all_common,randi_wild_type,flow,1646,273,0.16585662211421628,0.6328966008499877,0.2674632939059578,0.6096365680472539,44
historical80,endpoint_mean,baseline,1,8,9,all_common,cook_struct,flow,6320,1267,0.2004746835443038,0.6112478446697056,0.30794051663037747,0.5974558065845532,80
historical80,endpoint_mean,baseline,1,8,9,all_common,cook_chem,flow,6320,1145,0.18117088607594936,0.6036578275636564,0.27230182221064786,0.5800466610989815,80
historical80,endpoint_mean,baseline,1,8,9,all_common,cook_gap,flow,6320,321,0.05079113924050633,0.6374312645046241,0.1101760027849295,0.6647124922256239,66
historical80,endpoint_mean,baseline,1,8,9,strong_fixed_support,randi_wild_type,flow,1051,139,0.13225499524262607,0.6115896756279187,0.22660520774050724,0.5642751438522787,27
historical80,endpoint_mean,baseline,1,8,9,strong_fixed_support,cook_struct,flow,4503,838,0.18609815678436598,0.6084281095442603,0.28392980735959417,0.6026130873795048,57
historical80,endpoint_mean,baseline,1,8,9,strong_fixed_support,cook_chem,flow,4503,746,0.16566733288918498,0.5993616205959778,0.24777089802012925,0.5806243258834648,57
historical80,endpoint_mean,baseline,1,8,9,strong_fixed_support,cook_gap,flow,4503,231,0.051299133910726186,0.6365186779512622,0.11919554700361697,0.6658496145204029,47
historical80,endpoint_mean,baseline,1,16,17,all_common,randi_wild_type,flow,1646,273,0.16585662211421628,0.6207630679589893,0.24565053626051084,0.6007638147422024,44
historical80,endpoint_mean,baseline,1,16,17,all_common,cook_struct,flow,6320,1267,0.2004746835443038,0.6033804107400778,0.29888456722695844,0.5872864351655407,80
historical80,endpoint_mean,baseline,1,16,17,all_common,cook_chem,flow,6320,1145,0.18117088607594936,0.597842415037023,0.26675651081860763,0.5727893802816055,80
historical80,endpoint_mean,baseline,1,16,17,all_common,cook_gap,flow,6320,321,0.05079113924050633,0.6251166471670512,0.10135808741219672,0.6334035932151165,66
historical80,endpoint_mean,baseline,1,16,17,strong_fixed_support,randi_wild_type,flow,1051,139,0.13225499524262607,0.6159046447052885,0.21244237551613873,0.5799586882899983,27
historical80,endpoint_mean,baseline,1,16,17,strong_fixed_support,cook_struct,flow,4503,838,0.18609815678436598,0.6040152770677928,0.2776257514391802,0.6014283651079594,57
historical80,endpoint_mean,baseline,1,16,17,strong_fixed_support,cook_chem,flow,4503,746,0.16566733288918498,0.5958678741594777,0.24297432075456027,0.5823355070155033,57
historical80,endpoint_mean,baseline,1,16,17,strong_fixed_support,cook_gap,flow,4503,231,0.051299133910726186,0.6341028665466869,0.11244809429934069,0.6592321890869528,47
historical80,endpoint_mean,baseline,1,32,33,all_common,randi_wild_type,flow,1646,273,0.16585662211421628,0.5967361116669201,0.23502990617863134,0.5587967098665763,44
historical80,endpoint_mean,baseline,1,32,33,all_common,cook_struct,flow,6320,1267,0.2004746835443038,0.5905351185874873,0.28566718663545,0.5669863862085001,80
historical80,endpoint_mean,baseline,1,32,33,all_common,cook_chem,flow,6320,1145,0.18117088607594936,0.5904333481003312,0.25796310899241537,0.5637559762356776,80
historical80,endpoint_mean,baseline,1,32,33,all_common,cook_gap,flow,6320,321,0.05079113924050633,0.6012944005724734,0.09385627846571014,0.5907561367178259,66
historical80,endpoint_mean,baseline,1,32,33,strong_fixed_support,randi_wild_type,flow,1051,139,0.13225499524262607,0.6029676258992807,0.19824078707640777,0.55062952924068,27
historical80,endpoint_mean,baseline,1,32,33,strong_fixed_support,cook_struct,flow,4503,838,0.18609815678436598,0.5844419409560213,0.2639070844901641,0.5783874756166886,57
historical80,endpoint_mean,baseline,1,32,33,strong_fixed_support,cook_chem,flow,4503,746,0.16566733288918498,0.5812374541606338,0.23164767184309804,0.5722029909183256,57
historical80,endpoint_mean,baseline,1,32,33,strong_fixed_support,cook_gap,flow,4503,231,0.051299133910726186,0.6079504920797055,0.1036360593582308,0.6304381138022027,47
historical80,endpoint_mean,baseline,4,1,5,all_common,randi_wild_type,flow,1646,273,0.16585662211421628,0.6654367725015942,0.3080333062489917,0.6412937766902912,44
historical80,endpoint_mean,baseline,4,1,5,all_common,cook_struct,flow,6320,1267,0.2004746835443038,0.6258837068978848,0.31562426647198655,0.6082087008256852,80
historical80,endpoint_mean,baseline,4,1,5,all_common,cook_chem,flow,6320,1145,0.18117088607594936,0.6145337636858428,0.2760601028924271,0.5866292415033374,80
historical80,endpoint_mean,baseline,4,1,5,all_common,cook_gap,flow,6320,321,0.05079113924050633,0.670769635022244,0.12091918830704741,0.6904023884268523,66
historical80,endpoint_mean,baseline,4,1,5,strong_fixed_support,randi_wild_type,flow,1051,139,0.13225499524262607,0.6181528461441373,0.25013463887944737,0.5971717567200324,27
historical80,endpoint_mean,baseline,4,1,5,strong_fixed_support,cook_struct,flow,4503,838,0.18609815678436598,0.6177229615110361,0.28940917046445336,0.6051173613440092,57
historical80,endpoint_mean,baseline,4,1,5,strong_fixed_support,cook_chem,flow,4503,746,0.16566733288918498,0.606486836725155,0.2515148877025148,0.5794590691291922,57
historical80,endpoint_mean,baseline,4,1,5,strong_fixed_support,cook_gap,flow,4503,231,0.051299133910726186,0.6612787181607406,0.12465782271825873,0.6777071709493424,47
historical80,endpoint_mean,baseline,4,2,6,all_common,randi_wild_type,flow,1646,273,0.16585662211421628,0.6583241958332999,0.298763004923811,0.6312676763158741,44
historical80,endpoint_mean,baseline,4,2,6,all_common,cook_struct,flow,6320,1267,0.2004746835443038,0.6241667839449585,0.31379827422115375,0.6057008703726989,80
historical80,endpoint_mean,baseline,4,2,6,all_common,cook_chem,flow,6320,1145,0.18117088607594936,0.6130521696939012,0.2747297298112393,0.584704478115695,80
historical80,endpoint_mean,baseline,4,2,6,all_common,cook_gap,flow,6320,321,0.05079113924050633,0.6695025494903356,0.11952506533600535,0.6878283100625155,66
historical80,endpoint_mean,baseline,4,2,6,strong_fixed_support,randi_wild_type,flow,1051,139,0.13225499524262607,0.6142638520762338,0.24391870618985056,0.5855005208482716,27
historical80,endpoint_mean,baseline,4,2,6,strong_fixed_support,cook_struct,flow,4503,838,0.18609815678436598,0.6155756413470649,0.28721029825981903,0.6031434724714702,57
historical80,endpoint_mean,baseline,4,2,6,strong_fixed_support,cook_chem,flow,4503,746,0.16566733288918498,0.6047902717429698,0.24981706396789544,0.5783069046891032,57
historical80,endpoint_mean,baseline,4,2,6,strong_fixed_support,cook_gap,flow,4503,231,0.051299133910726186,0.6565879501272759,0.12259518343460825,0.6744504293133203,47
historical80,endpoint_mean,baseline,4,4,8,all_common,randi_wild_type,flow,1646,273,0.16585662211421628,0.6491613509093479,0.2838277518624782,0.6304569501272179,44
historical80,endpoint_mean,baseline,4,4,8,all_common,cook_struct,flow,6320,1267,0.2004746835443038,0.6202215474142987,0.3101123394951995,0.6005245595220893,80
historical80,endpoint_mean,baseline,4,4,8,all_common,cook_chem,flow,6320,1145,0.18117088607594936,0.6093425310634348,0.2718870045636146,0.5814180741547776,80
historical80,endpoint_mean,baseline,4,4,8,all_common,cook_gap,flow,6320,321,0.05079113924050633,0.6653943881612667,0.11668486408479692,0.6793418799851495,66
historical80,endpoint_mean,baseline,4,4,8,strong_fixed_support,randi_wild_type,flow,1051,139,0.13225499524262607,0.6185236021708949,0.2355915540793962,0.5896490351469286,27
historical80,endpoint_mean,baseline,4,4,8,strong_fixed_support,cook_struct,flow,4503,838,0.18609815678436598,0.6119351278135754,0.2833159511762867,0.5989258488274017,57
historical80,endpoint_mean,baseline,4,4,8,strong_fixed_support,cook_chem,flow,4503,746,0.16566733288918498,0.6014617218546827,0.24674435496454908,0.5768164878728602,57
historical80,endpoint_mean,baseline,4,4,8,strong_fixed_support,cook_gap,flow,4503,231,0.051299133910726186,0.650971999286606,0.11915973057683794,0.6653133539368012,47
historical80,endpoint_mean,baseline,4,8,12,all_common,randi_wild_type,flow,1646,273,0.16585662211421628,0.636186100861993,0.26233839119198704,0.6167984675384827,44
historical80,endpoint_mean,baseline,4,8,12,all_common,cook_struct,flow,6320,1267,0.2004746835443038,0.6128501186554332,0.30372186954278124,0.5899461130138659,80
historical80,endpoint_mean,baseline,4,8,12,all_common,cook_chem,flow,6320,1145,0.18117088607594936,0.6025554500769994,0.2672449491552168,0.5716228659628031,80
historical80,endpoint_mean,baseline,4,8,12,all_common,cook_gap,flow,6320,321,0.05079113924050633,0.654116288332583,0.1107256261682865,0.6573401430836954,66
historical80,endpoint_mean,baseline,4,8,12,strong_fixed_support,randi_wild_type,flow,1051,139,0.13225499524262607,0.6175612141865456,0.2213282065798488,0.5821702713106339,27
historical80,endpoint_mean,baseline,4,8,12,strong_fixed_support,cook_struct,flow,4503,838,0.18609815678436598,0.6066382962097113,0.2775361752722528,0.5925222327031608,57
historical80,endpoint_mean,baseline,4,8,12,strong_fixed_support,cook_chem,flow,4503,746,0.16566733288918498,0.5959684906316075,0.24179017406823525,0.5706737925697883,57
historical80,endpoint_mean,baseline,4,8,12,strong_fixed_support,cook_gap,flow,4503,231,0.051299133910726186,0.6468466770433062,0.11474541574395078,0.6565128177570726,47
historical80,endpoint_mean,baseline,4,16,20,all_common,randi_wild_type,flow,1646,273,0.16585662211421628,0.6187781628422561,0.2452369119095055,0.5857701790210496,44
historical80,endpoint_mean,baseline,4,16,20,all_common,cook_struct,flow,6320,1267,0.2004746835443038,0.6034704586005547,0.2959911012388942,0.5773779849125881,80
historical80,endpoint_mean,baseline,4,16,20,all_common,cook_chem,flow,6320,1145,0.18117088607594936,0.5951847773347678,0.26250888639666325,0.5643706402560282,80
historical80,endpoint_mean,baseline,4,16,20,all_common,cook_gap,flow,6320,321,0.05079113924050633,0.6375164292698834,0.10287048621969354,0.6258791024747683,66
historical80,endpoint_mean,baseline,4,16,20,strong_fixed_support,randi_wild_type,flow,1051,139,0.13225499524262607,0.6162596238798436,0.20682498723922052,0.5714041578528046,27
historical80,endpoint_mean,baseline,4,16,20,strong_fixed_support,cook_struct,flow,4503,838,0.18609815678436598,0.5969217945670684,0.2695131461824128,0.5845885360083779,57
historical80,endpoint_mean,baseline,4,16,20,strong_fixed_support,cook_chem,flow,4503,746,0.16566733288918498,0.5873821948805483,0.2357911126428164,0.5687018938191327,57
historical80,endpoint_mean,baseline,4,16,20,strong_fixed_support,cook_gap,flow,4503,231,0.051299133910726186,0.6303717350065664,0.1077051488036701,0.6369257400238871,47
historical80,endpoint_mean,baseline,4,32,36,all_common,randi_wild_type,flow,1646,273,0.16585662211421628,0.5978272759044791,0.23742813444338112,0.5645042513152606,44
historical80,endpoint_mean,baseline,4,32,36,all_common,cook_struct,flow,6320,1267,0.2004746835443038,0.5859538458246298,0.28462492242936727,0.5578700628535161,80
historical80,endpoint_mean,baseline,4,32,36,all_common,cook_chem,flow,6320,1145,0.18117088607594936,0.5826986477649094,0.2558863614822042,0.5505576193465184,80
historical80,endpoint_mean,baseline,4,32,36,all_common,cook_gap,flow,6320,321,0.05079113924050633,0.6054737056383748,0.09568120930535118,0.595047499836763,66
historical80,endpoint_mean,baseline,4,32,36,strong_fixed_support,randi_wild_type,flow,1051,139,0.13225499524262607,0.6034882620219614,0.1979326212408538,0.564093726375405,27
historical80,endpoint_mean,baseline,4,32,36,strong_fixed_support,cook_struct,flow,4503,838,0.18609815678436598,0.575878545357458,0.25752134987202824,0.5634301175926041,57
historical80,endpoint_mean,baseline,4,32,36,strong_fixed_support,cook_chem,flow,4503,746,0.16566733288918498,0.5711841916536853,0.2264522574880321,0.5537539850823522,57
historical80,endpoint_mean,baseline,4,32,36,strong_fixed_support,cook_gap,flow,4503,231,0.051299133910726186,0.5984889018596884,0.09963906106927406,0.6078359353261319,47
historical80,endpoint_mean,baseline,8,1,9,all_common,randi_wild_type,flow,1646,273,0.16585662211421628,0.6417486373786445,0.2717318289609554,0.6065105447066301,44
historical80,endpoint_mean,baseline,8,1,9,all_common,cook_struct,flow,6320,1267,0.2004746835443038,0.6130140479348268,0.3061042269290369,0.5947731717936717,80
historical80,endpoint_mean,baseline,8,1,9,all_common,cook_chem,flow,6320,1145,0.18117088607594936,0.6021614665738456,0.2712028118122023,0.5774196389355586,80
historical80,endpoint_mean,baseline,8,1,9,all_common,cook_gap,flow,6320,321,0.05079113924050633,0.6612768794799132,0.11172455883845729,0.6767204765205092,66
historical80,endpoint_mean,baseline,8,1,9,strong_fixed_support,randi_wild_type,flow,1051,139,0.13225499524262607,0.5979348100466995,0.22480619995449946,0.5502185708192759,27
historical80,endpoint_mean,baseline,8,1,9,strong_fixed_support,cook_struct,flow,4503,838,0.18609815678436598,0.6092600129588086,0.28314739064130345,0.5997027125360366,57
historical80,endpoint_mean,baseline,8,1,9,strong_fixed_support,cook_chem,flow,4503,746,0.16566733288918498,0.5978116987699815,0.24714722270640943,0.5799804584543836,57
historical80,endpoint_mean,baseline,8,1,9,strong_fixed_support,cook_gap,flow,4503,231,0.051299133910726186,0.6625737714220862,0.12240292629300106,0.6834825562661356,47
historical80,endpoint_mean,baseline,8,2,10,all_common,randi_wild_type,flow,1646,273,0.16585662211421628,0.6361007285989078,0.26575165003235585,0.6014173038258294,44
historical80,endpoint_mean,baseline,8,2,10,all_common,cook_struct,flow,6320,1267,0.2004746835443038,0.6116041311740382,0.3046265217180045,0.5930362364175981,80
historical80,endpoint_mean,baseline,8,2,10,all_common,cook_chem,flow,6320,1145,0.18117088607594936,0.6011128409594328,0.27029811346180843,0.5758197933331607,80
historical80,endpoint_mean,baseline,8,2,10,all_common,cook_gap,flow,6320,321,0.05079113924050633,0.6582363935006821,0.10980762998260618,0.6720737332844553,66
historical80,endpoint_mean,baseline,8,2,10,strong_fixed_support,randi_wild_type,flow,1051,139,0.13225499524262607,0.5951107535024612,0.22086208913861338,0.5473053967651869,27
historical80,endpoint_mean,baseline,8,2,10,strong_fixed_support,cook_struct,flow,4503,838,0.18609815678436598,0.6084066200627102,0.28188369145141745,0.5986275495679315,57
historical80,endpoint_mean,baseline,8,2,10,strong_fixed_support,cook_chem,flow,4503,746,0.16566733288918498,0.5971823106251708,0.24620399531561854,0.578751228475776,57
historical80,endpoint_mean,baseline,8,2,10,strong_fixed_support,cook_gap,flow,4503,231,0.051299133910726186,0.6616252817095514,0.1201739750117905,0.6825983157184515,47
historical80,endpoint_mean,baseline,8,4,12,all_common,randi_wild_type,flow,1646,273,0.16585662211421628,0.6279423417078187,0.2568984466638861,0.5955168197028738,44
historical80,endpoint_mean,baseline,8,4,12,all_common,cook_struct,flow,6320,1267,0.2004746835443038,0.6084169211254155,0.3021959293847043,0.5881283950413312,80
historical80,endpoint_mean,baseline,8,4,12,all_common,cook_chem,flow,6320,1145,0.18117088607594936,0.5986142649199417,0.26887282966733383,0.5707904529656477,80
historical80,endpoint_mean,baseline,8,4,12,all_common,cook_gap,flow,6320,321,0.05079113924050633,0.650541964678433,0.10690218425879788,0.659387853362487,66
historical80,endpoint_mean,baseline,8,4,12,strong_fixed_support,randi_wild_type,flow,1051,139,0.13225499524262607,0.5952369683200808,0.21736835604015306,0.5486323934986859,27
historical80,endpoint_mean,baseline,8,4,12,strong_fixed_support,cook_struct,flow,4503,838,0.18609815678436598,0.6067320684928386,0.2798992730552502,0.5953102255461968,57
historical80,endpoint_mean,baseline,8,4,12,strong_fixed_support,cook_chem,flow,4503,746,0.16566733288918498,0.5955235660190343,0.24458983701108833,0.5745056683013353,57
historical80,endpoint_mean,baseline,8,4,12,strong_fixed_support,cook_gap,flow,4503,231,0.051299133910726186,0.6593087779885534,0.11769679064901307,0.6768601394408669,47
historical80,endpoint_mean,baseline,8,8,16,all_common,randi_wild_type,flow,1646,273,0.16585662211421628,0.6172814803550419,0.24654599467051624,0.5817976138113168,44
historical80,endpoint_mean,baseline,8,8,16,all_common,cook_struct,flow,6320,1267,0.2004746835443038,0.6049612856678951,0.29896364251687235,0.5822283809160281,80
historical80,endpoint_mean,baseline,8,8,16,all_common,cook_chem,flow,6320,1145,0.18117088607594936,0.5959777229289285,0.26715248648132883,0.5668593726451545,80
historical80,endpoint_mean,baseline,8,8,16,all_common,cook_gap,flow,6320,321,0.05079113924050633,0.6479213306059836,0.1035114453918764,0.6520722379850337,66
historical80,endpoint_mean,baseline,8,8,16,strong_fixed_support,randi_wild_type,flow,1051,139,0.13225499524262607,0.5996860406411713,0.20909236738702563,0.5438115178163165,27
historical80,endpoint_mean,baseline,8,8,16,strong_fixed_support,cook_struct,flow,4503,838,0.18609815678436598,0.6034799936182752,0.27633466266637075,0.5918580292727631,57
historical80,endpoint_mean,baseline,8,8,16,strong_fixed_support,cook_chem,flow,4503,746,0.16566733288918498,0.5926438654993254,0.2419211926166686,0.573172525279839,57
historical80,endpoint_mean,baseline,8,8,16,strong_fixed_support,cook_gap,flow,4503,231,0.051299133910726186,0.6550436143132772,0.11431977839418965,0.6705087791562092,47
historical80,endpoint_mean,baseline,8,16,24,all_common,randi_wild_type,flow,1646,273,0.16585662211421628,0.6083814219283994,0.23932384832392573,0.5663788918746634,44
historical80,endpoint_mean,baseline,8,16,24,all_common,cook_struct,flow,6320,1267,0.2004746835443038,0.5977948661317111,0.2931912354102074,0.5721436247055862,80
historical80,endpoint_mean,baseline,8,16,24,all_common,cook_chem,flow,6320,1145,0.18117088607594936,0.5921986372170538,0.26400403336133044,0.562961637839447,80
historical80,endpoint_mean,baseline,8,16,24,all_common,cook_gap,flow,6320,321,0.05079113924050633,0.630243150597789,0.09814905981812218,0.6303691629618211,66
historical80,endpoint_mean,baseline,8,16,24,strong_fixed_support,randi_wild_type,flow,1051,139,0.13225499524262607,0.5936513946737347,0.19826014939085368,0.5440194836016036,27
historical80,endpoint_mean,baseline,8,16,24,strong_fixed_support,cook_struct,flow,4503,838,0.18609815678436598,0.5908383176991928,0.26909226611762294,0.5802711640429655,57
historical80,endpoint_mean,baseline,8,16,24,strong_fixed_support,cook_chem,flow,4503,746,0.16566733288918498,0.5836287009557137,0.23658020656240203,0.5693726791864239,57
historical80,endpoint_mean,baseline,8,16,24,strong_fixed_support,cook_gap,flow,4503,231,0.051299133910726186,0.6303220811647777,0.10757412978214571,0.6501481817632802,47
historical80,endpoint_mean,baseline,8,32,40,all_common,randi_wild_type,flow,1646,273,0.16585662211421628,0.5928036517985535,0.23298772861935974,0.5452071642136294,44
historical80,endpoint_mean,baseline,8,32,40,all_common,cook_struct,flow,6320,1267,0.2004746835443038,0.5851347461189216,0.28350009983398616,0.5567448654650157,80
historical80,endpoint_mean,baseline,8,32,40,all_common,cook_chem,flow,6320,1145,0.18117088607594936,0.5859693268358543,0.25746833966119886,0.5583176546519566,80
historical80,endpoint_mean,baseline,8,32,40,all_common,cook_gap,flow,6320,321,0.05079113924050633,0.5938954519418864,0.09200325503990843,0.5840572796136,66
historical80,endpoint_mean,baseline,8,32,40,strong_fixed_support,randi_wild_type,flow,1051,139,0.13225499524262607,0.5830099078631832,0.19278070673006142,0.5361267359602337,27
historical80,endpoint_mean,baseline,8,32,40,strong_fixed_support,cook_struct,flow,4503,838,0.18609815678436598,0.5711438590550489,0.2559156114328347,0.5612517202703128,57
historical80,endpoint_mean,baseline,8,32,40,strong_fixed_support,cook_chem,flow,4503,746,0.16566733288918498,0.5698289020459396,0.22476171761681152,0.5631667629744402,57
historical80,endpoint_mean,baseline,8,32,40,strong_fixed_support,cook_gap,flow,4503,231,0.051299133910726186,0.5941092303451854,0.09960096278509875,0.6079145097032203,47
historical80,endpoint_mean,baseline,16,1,17,all_common,randi_wild_type,flow,1646,273,0.16585662211421628,0.6073302759391616,0.23924253822708758,0.5868195744996796,44
historical80,endpoint_mean,baseline,16,1,17,all_common,cook_struct,flow,6320,1267,0.2004746835443038,0.6046364729604159,0.30093204261865947,0.5810460720712918,80
historical80,endpoint_mean,baseline,16,1,17,all_common,cook_chem,flow,6320,1145,0.18117088607594936,0.5961909583781617,0.26822767871877223,0.5652305670328457,80
historical80,endpoint_mean,baseline,16,1,17,all_common,cook_gap,flow,6320,321,0.05079113924050633,0.6416650957921856,0.10309898638226561,0.636603730801364,66
historical80,endpoint_mean,baseline,16,1,17,strong_fixed_support,randi_wild_type,flow,1051,139,0.13225499524262607,0.59394326643948,0.2057686106513992,0.551542855816135,27
historical80,endpoint_mean,baseline,16,1,17,strong_fixed_support,cook_struct,flow,4503,838,0.18609815678436598,0.6069648712096298,0.2782700972440283,0.5931905803208135,57
historical80,endpoint_mean,baseline,16,1,17,strong_fixed_support,cook_chem,flow,4503,746,0.16566733288918498,0.5951314472145294,0.24304909533977034,0.571971612862278,57
historical80,endpoint_mean,baseline,16,1,17,strong_fixed_support,cook_gap,flow,4503,231,0.051299133910726186,0.6501674043808876,0.11269291048041821,0.658450424368528,47
historical80,endpoint_mean,baseline,16,2,18,all_common,randi_wild_type,flow,1646,273,0.16585662211421628,0.6049345168063304,0.23748230684621327,0.5856624800838343,44
historical80,endpoint_mean,baseline,16,2,18,all_common,cook_struct,flow,6320,1267,0.2004746835443038,0.603697882164916,0.2998541052657468,0.578636231568013,80
historical80,endpoint_mean,baseline,16,2,18,all_common,cook_chem,flow,6320,1145,0.18117088607594936,0.5959052380651013,0.26750697715368943,0.5638466177899014,80
historical80,endpoint_mean,baseline,16,2,18,all_common,cook_gap,flow,6320,321,0.05079113924050633,0.6397561587367365,0.10264442173137749,0.6324801800367293,66
historical80,endpoint_mean,baseline,16,2,18,strong_fixed_support,randi_wild_type,flow,1051,139,0.13225499524262607,0.5931070932727502,0.20236710689470072,0.5507862999777806,27
historical80,endpoint_mean,baseline,16,2,18,strong_fixed_support,cook_struct,flow,4503,838,0.18609815678436598,0.6053446945400437,0.27714735777771554,0.5904770390839855,57
historical80,endpoint_mean,baseline,16,2,18,strong_fixed_support,cook_chem,flow,4503,746,0.16566733288918498,0.5939811369090477,0.24236683075420495,0.5704443014100036,57
historical80,endpoint_mean,baseline,16,2,18,strong_fixed_support,cook_gap,flow,4503,231,0.051299133910726186,0.6482309045511293,0.11189130307923947,0.6563738733315232,47
historical80,endpoint_mean,baseline,16,4,20,all_common,randi_wild_type,flow,1646,273,0.16585662211421628,0.6007299328493794,0.2350011356201539,0.5734305278040291,44
historical80,endpoint_mean,baseline,16,4,20,all_common,cook_struct,flow,6320,1267,0.2004746835443038,0.6021891704834827,0.29808409181483486,0.5765355453366673,80
historical80,endpoint_mean,baseline,16,4,20,all_common,cook_chem,flow,6320,1145,0.18117088607594936,0.5952136362677467,0.2663956776142764,0.5628942477998031,80
historical80,endpoint_mean,baseline,16,4,20,all_common,cook_gap,flow,6320,321,0.05079113924050633,0.6365095117098956,0.1008416844517877,0.6236932610804755,66
historical80,endpoint_mean,baseline,16,4,20,strong_fixed_support,randi_wild_type,flow,1051,139,0.13225499524262607,0.5918607219487568,0.19994746282420098,0.5469111899976609,27
historical80,endpoint_mean,baseline,16,4,20,strong_fixed_support,cook_struct,flow,4503,838,0.18609815678436598,0.6018767480553646,0.27499586568549295,0.5874449722615531,57
historical80,endpoint_mean,baseline,16,4,20,strong_fixed_support,cook_chem,flow,4503,746,0.16566733288918498,0.5912280989695018,0.24059197928353424,0.568757643195774,57
historical80,endpoint_mean,baseline,16,4,20,strong_fixed_support,cook_gap,flow,4503,231,0.051299133910726186,0.6430415714123578,0.11006456216244001,0.6499595596527087,47
historical80,endpoint_mean,baseline,16,8,24,all_common,randi_wild_type,flow,1646,273,0.16585662211421628,0.5943883744320744,0.23131208134646605,0.553959188431612,44
historical80,endpoint_mean,baseline,16,8,24,all_common,cook_struct,flow,6320,1267,0.2004746835443038,0.5996142546466023,0.29501296588208703,0.5727193192670533,80
historical80,endpoint_mean,baseline,16,8,24,all_common,cook_chem,flow,6320,1145,0.18117088607594936,0.5934031179461215,0.26413337504159484,0.5611551027451606,80
historical80,endpoint_mean,baseline,16,8,24,all_common,cook_gap,flow,6320,321,0.05079113924050633,0.6310527351651027,0.09906456830977114,0.6142023235336234,66
historical80,endpoint_mean,baseline,16,8,24,strong_fixed_support,randi_wild_type,flow,1051,139,0.13225499524262607,0.5882951533510035,0.19578447661739298,0.5237892954047927,27
historical80,endpoint_mean,baseline,16,8,24,strong_fixed_support,cook_struct,flow,4503,838,0.18609815678436598,0.5958854154795898,0.27159187060090895,0.5821601696809419,57
historical80,endpoint_mean,baseline,16,8,24,strong_fixed_support,cook_chem,flow,4503,746,0.16566733288918498,0.5866643213276237,0.2376774614854397,0.5663824316820509,57
historical80,endpoint_mean,baseline,16,8,24,strong_fixed_support,cook_gap,flow,4503,231,0.051299133910726186,0.6322707411190558,0.10733102326658445,0.6413793209459218,47
historical80,endpoint_mean,baseline,16,16,32,all_common,randi_wild_type,flow,1646,273,0.16585662211421628,0.5821668013947694,0.22977394333509032,0.532464586281259,44
historical80,endpoint_mean,baseline,16,16,32,all_common,cook_struct,flow,6320,1267,0.2004746835443038,0.5934293021204905,0.2891989465505225,0.5638809873166846,80
historical80,endpoint_mean,baseline,16,16,32,all_common,cook_chem,flow,6320,1145,0.18117088607594936,0.5894712149020104,0.2597914978417944,0.5550475204013422,80
historical80,endpoint_mean,baseline,16,16,32,all_common,cook_gap,flow,6320,321,0.05079113924050633,0.6179368420178026,0.09627097684452149,0.5991573877459713,66
historical80,endpoint_mean,baseline,16,16,32,strong_fixed_support,randi_wild_type,flow,1051,139,0.13225499524262607,0.581100908746687,0.18834965411001844,0.5122906088289869,27
historical80,endpoint_mean,baseline,16,16,32,strong_fixed_support,cook_struct,flow,4503,838,0.18609815678436598,0.5877773689711422,0.26555680549408556,0.5723568538894573,57
historical80,endpoint_mean,baseline,16,16,32,strong_fixed_support,cook_chem,flow,4503,746,0.16566733288918498,0.5813298643247529,0.2326016184299089,0.560109295782272,57
historical80,endpoint_mean,baseline,16,16,32,strong_fixed_support,cook_gap,flow,4503,231,0.051299133910726186,0.6164108987142695,0.10254696398750565,0.6257998575589476,47
historical80,endpoint_mean,baseline,16,32,48,all_common,randi_wild_type,flow,1646,273,0.16585662211421628,0.5791280824055769,0.22646682576273036,0.5210144600294699,44
historical80,endpoint_mean,baseline,16,32,48,all_common,cook_struct,flow,6320,1267,0.2004746835443038,0.580182035693941,0.2815986741103067,0.5489997748003266,80
historical80,endpoint_mean,baseline,16,32,48,all_common,cook_chem,flow,6320,1145,0.18117088607594936,0.5796758854924794,0.2547700735920838,0.5424795834721232,80
historical80,endpoint_mean,baseline,16,32,48,all_common,cook_gap,flow,6320,321,0.05079113924050633,0.5869020745409801,0.09287874435388555,0.5756751773442229,66
historical80,endpoint_mean,baseline,16,32,48,strong_fixed_support,randi_wild_type,flow,1051,139,0.13225499524262607,0.5627839833396441,0.1799769601184008,0.4992197295404314,27
historical80,endpoint_mean,baseline,16,32,48,strong_fixed_support,cook_struct,flow,4503,838,0.18609815678436598,0.5669550381438297,0.2539151556238458,0.5533882041493264,57
historical80,endpoint_mean,baseline,16,32,48,strong_fixed_support,cook_chem,flow,4503,746,0.16566733288918498,0.5643042727748239,0.22223532604007623,0.5441400678479948,57
historical80,endpoint_mean,baseline,16,32,48,strong_fixed_support,cook_gap,flow,4503,231,0.051299133910726186,0.5806439191270653,0.09561080498254917,0.5964468127987168,47
historical80,endpoint_mean,onset_minus_baseline,1,1,2,all_common,randi_wild_type,flow,1646,273,0.16585662211421628,0.5524172355927637,0.19814971530368236,0.4988678534054957,44
historical80,endpoint_mean,onset_minus_baseline,1,1,2,all_common,cook_struct,flow,6320,1267,0.2004746835443038,0.5221170978316506,0.21944269740326822,0.5171150313029448,80
historical80,endpoint_mean,onset_minus_baseline,1,1,2,all_common,cook_chem,flow,6320,1145,0.18117088607594936,0.5279308904499715,0.20189900929745094,0.5196714324151797,80
historical80,endpoint_mean,onset_minus_baseline,1,1,2,all_common,cook_gap,flow,6320,321,0.05079113924050633,0.47858184048327884,0.04993720095768832,0.46316588809108106,66
historical80,endpoint_mean,onset_minus_baseline,1,1,2,strong_fixed_support,randi_wild_type,flow,1051,139,0.13225499524262607,0.568092894105768,0.1624058947796018,0.5102545285022414,27
historical80,endpoint_mean,onset_minus_baseline,1,1,2,strong_fixed_support,cook_struct,flow,4503,838,0.18609815678436598,0.5162836546444955,0.20036969192140158,0.5196812682041285,57
historical80,endpoint_mean,onset_minus_baseline,1,1,2,strong_fixed_support,cook_chem,flow,4503,746,0.16566733288918498,0.526333864007918,0.18234882010228376,0.5236702144684302,57
historical80,endpoint_mean,onset_minus_baseline,1,1,2,strong_fixed_support,cook_gap,flow,4503,231,0.051299133910726186,0.46025969972599184,0.04949691002189145,0.4686961681160816,47
historical80,endpoint_mean,onset_minus_baseline,1,2,3,all_common,randi_wild_type,flow,1646,273,0.16585662211421628,0.5478471516344787,0.19980813018447574,0.49571130028223903,44
historical80,endpoint_mean,onset_minus_baseline,1,2,3,all_common,cook_struct,flow,6320,1267,0.2004746835443038,0.5271587627345872,0.22106922122571665,0.5237756465115065,80
historical80,endpoint_mean,onset_minus_baseline,1,2,3,all_common,cook_chem,flow,6320,1145,0.18117088607594936,0.5327116005316119,0.20293028473231206,0.5268587427528999,80
historical80,endpoint_mean,onset_minus_baseline,1,2,3,all_common,cook_gap,flow,6320,321,0.05079113924050633,0.48570348432942356,0.05064291163232987,0.47420330989535003,66
historical80,endpoint_mean,onset_minus_baseline,1,2,3,strong_fixed_support,randi_wild_type,flow,1051,139,0.13225499524262607,0.5605673356052001,0.1647027512735617,0.504835433593832,27
historical80,endpoint_mean,onset_minus_baseline,1,2,3,strong_fixed_support,cook_struct,flow,4503,838,0.18609815678436598,0.5234020454079257,0.2031204997603147,0.5281089967731836,57
historical80,endpoint_mean,onset_minus_baseline,1,2,3,strong_fixed_support,cook_chem,flow,4503,746,0.16566733288918498,0.5340768724118911,0.1849882762242151,0.5339555007581468,57
historical80,endpoint_mean,onset_minus_baseline,1,2,3,strong_fixed_support,cook_gap,flow,4503,231,0.051299133910726186,0.46953888807821387,0.05097139391760028,0.4791779189922653,47
historical80,endpoint_mean,onset_minus_baseline,1,4,5,all_common,randi_wild_type,flow,1646,273,0.16585662211421628,0.5311435347851954,0.19557985231203,0.46658551769198786,44
historical80,endpoint_mean,onset_minus_baseline,1,4,5,all_common,cook_struct,flow,6320,1267,0.2004746835443038,0.5268283269170002,0.21935791248618397,0.527100610085917,80
historical80,endpoint_mean,onset_minus_baseline,1,4,5,all_common,cook_chem,flow,6320,1145,0.18117088607594936,0.530053119000907,0.19978719517015975,0.5292261594645179,80
historical80,endpoint_mean,onset_minus_baseline,1,4,5,all_common,cook_gap,flow,6320,321,0.05079113924050633,0.4960484068216977,0.051662701655382975,0.49149609522187554,66
historical80,endpoint_mean,onset_minus_baseline,1,4,5,strong_fixed_support,randi_wild_type,flow,1051,139,0.13225499524262607,0.5455319954562665,0.16685624556273196,0.471773661595633,27
historical80,endpoint_mean,onset_minus_baseline,1,4,5,strong_fixed_support,cook_struct,flow,4503,838,0.18609815678436598,0.5259680848639162,0.20195809303724752,0.5333122573336417,57
historical80,endpoint_mean,onset_minus_baseline,1,4,5,strong_fixed_support,cook_chem,flow,4503,746,0.16566733288918498,0.534059032611868,0.18287004128476642,0.5392008359875283,57
historical80,endpoint_mean,onset_minus_baseline,1,4,5,strong_fixed_support,cook_gap,flow,4503,231,0.051299133910726186,0.48625095254308737,0.051207222161759935,0.4924130158993366,47
historical80,endpoint_mean,onset_minus_baseline,1,8,9,all_common,randi_wild_type,flow,1646,273,0.16585662211421628,0.5322400347891971,0.19609527425973136,0.46870846872952504,44
historical80,endpoint_mean,onset_minus_baseline,1,8,9,all_common,cook_struct,flow,6320,1267,0.2004746835443038,0.5297531251605906,0.22023408033395728,0.5287430364603125,80
historical80,endpoint_mean,onset_minus_baseline,1,8,9,all_common,cook_chem,flow,6320,1145,0.18117088607594936,0.5293750184587473,0.19836844789143782,0.5256683203197372,80
historical80,endpoint_mean,onset_minus_baseline,1,8,9,all_common,cook_gap,flow,6320,321,0.05079113924050633,0.513764235887705,0.054094648428026894,0.5233708466776723,66
historical80,endpoint_mean,onset_minus_baseline,1,8,9,strong_fixed_support,randi_wild_type,flow,1051,139,0.13225499524262607,0.5331156127729395,0.16761177218574985,0.472737465336047,27
historical80,endpoint_mean,onset_minus_baseline,1,8,9,strong_fixed_support,cook_struct,flow,4503,838,0.18609815678436598,0.5292621619069635,0.20145949518098297,0.5339898490389405,57
historical80,endpoint_mean,onset_minus_baseline,1,8,9,strong_fixed_support,cook_chem,flow,4503,746,0.16566733288918498,0.5320809555853203,0.1802636438685102,0.5326014299537537,57
historical80,endpoint_mean,onset_minus_baseline,1,8,9,strong_fixed_support,cook_gap,flow,4503,231,0.051299133910726186,0.50523898698056,0.05244043042633473,0.5209254938181702,47
historical80,endpoint_mean,onset_minus_baseline,1,16,17,all_common,randi_wild_type,flow,1646,273,0.16585662211421628,0.529337377844297,0.18690345173072292,0.4770886259350633,44
historical80,endpoint_mean,onset_minus_baseline,1,16,17,all_common,cook_struct,flow,6320,1267,0.2004746835443038,0.5336840696197263,0.22340339293887296,0.5266471577683142,80
historical80,endpoint_mean,onset_minus_baseline,1,16,17,all_common,cook_chem,flow,6320,1145,0.18117088607594936,0.5316095605763348,0.1995059579094604,0.5242871760861848,80
historical80,endpoint_mean,onset_minus_baseline,1,16,17,all_common,cook_gap,flow,6320,321,0.05079113924050633,0.5203302315702669,0.05696712025191569,0.5233460941684496,66
historical80,endpoint_mean,onset_minus_baseline,1,16,17,strong_fixed_support,randi_wild_type,flow,1051,139,0.13225499524262607,0.538479742521772,0.16212423013233684,0.4720188590551513,27
historical80,endpoint_mean,onset_minus_baseline,1,16,17,strong_fixed_support,cook_struct,flow,4503,838,0.18609815678436598,0.5395263197309257,0.20902113604161476,0.5352105277372552,57
historical80,endpoint_mean,onset_minus_baseline,1,16,17,strong_fixed_support,cook_chem,flow,4503,746,0.16566733288918498,0.5389428562661585,0.1853330283542507,0.5340371672456297,57
historical80,endpoint_mean,onset_minus_baseline,1,16,17,strong_fixed_support,cook_gap,flow,4503,231,0.051299133910726186,0.5207431457431457,0.05672060384315398,0.5332392614169799,47
historical80,endpoint_mean,onset_minus_baseline,1,32,33,all_common,randi_wild_type,flow,1646,273,0.16585662211421628,0.5355802245824096,0.1794008901335772,0.5003041409931313,44
historical80,endpoint_mean,onset_minus_baseline,1,32,33,all_common,cook_struct,flow,6320,1267,0.2004746835443038,0.5408171409890207,0.22570806291014717,0.5234645260966583,80
historical80,endpoint_mean,onset_minus_baseline,1,32,33,all_common,cook_chem,flow,6320,1145,0.18117088607594936,0.5404000590679915,0.20174041527979214,0.5218070256333565,80
historical80,endpoint_mean,onset_minus_baseline,1,32,33,all_common,cook_gap,flow,6320,321,0.05079113924050633,0.5327357259439397,0.05857217071171805,0.5241254329068458,66
historical80,endpoint_mean,onset_minus_baseline,1,32,33,strong_fixed_support,randi_wild_type,flow,1051,139,0.13225499524262607,0.5314038243089738,0.15398254269696543,0.4826258214664602,27
historical80,endpoint_mean,onset_minus_baseline,1,32,33,strong_fixed_support,cook_struct,flow,4503,838,0.18609815678436598,0.5445711383238856,0.21129323931249752,0.5330441667119151,57
historical80,endpoint_mean,onset_minus_baseline,1,32,33,strong_fixed_support,cook_chem,flow,4503,746,0.16566733288918498,0.5443311894650986,0.1860407273261687,0.5317936871887323,57
historical80,endpoint_mean,onset_minus_baseline,1,32,33,strong_fixed_support,cook_gap,flow,4503,231,0.051299133910726186,0.5337463722295184,0.060003178458565315,0.533583525667655,47
historical80,endpoint_mean,onset_minus_baseline,4,1,5,all_common,randi_wild_type,flow,1646,273,0.16585662211421628,0.5608450786892156,0.21259593245194647,0.5672755703166961,44
historical80,endpoint_mean,onset_minus_baseline,4,1,5,all_common,cook_struct,flow,6320,1267,0.2004746835443038,0.530068097425381,0.22314655419774315,0.5065650025253218,80
historical80,endpoint_mean,onset_minus_baseline,4,1,5,all_common,cook_chem,flow,6320,1145,0.18117088607594936,0.5281220175938232,0.20019657004670702,0.5051537859130477,80
historical80,endpoint_mean,onset_minus_baseline,4,1,5,all_common,cook_gap,flow,6320,321,0.05079113924050633,0.5445663581521115,0.059983074842214296,0.5130330470583349,66
historical80,endpoint_mean,onset_minus_baseline,4,1,5,strong_fixed_support,randi_wild_type,flow,1051,139,0.13225499524262607,0.552055723841979,0.1807382206424657,0.5616986069392083,27
historical80,endpoint_mean,onset_minus_baseline,4,1,5,strong_fixed_support,cook_struct,flow,4503,838,0.18609815678436598,0.5264402022616052,0.20357807534993783,0.5097749687567251,57
historical80,endpoint_mean,onset_minus_baseline,4,1,5,strong_fixed_support,cook_chem,flow,4503,746,0.16566733288918498,0.5249553826601425,0.18122510721434137,0.5091357181280063,57
historical80,endpoint_mean,onset_minus_baseline,4,1,5,strong_fixed_support,cook_gap,flow,4503,231,0.051299133910726186,0.540272305721744,0.058091113963198576,0.511673621877391,47
historical80,endpoint_mean,onset_minus_baseline,4,2,6,all_common,randi_wild_type,flow,1646,273,0.16585662211421628,0.5637930896488799,0.21608929433540922,0.5644746038392475,44
historical80,endpoint_mean,onset_minus_baseline,4,2,6,all_common,cook_struct,flow,6320,1267,0.2004746835443038,0.5286599769358767,0.22351605613745273,0.5050126793750322,80
historical80,endpoint_mean,onset_minus_baseline,4,2,6,all_common,cook_chem,flow,6320,1145,0.18117088607594936,0.5247855199038036,0.19963436361873937,0.4977180721723261,80
historical80,endpoint_mean,onset_minus_baseline,4,2,6,all_common,cook_gap,flow,6320,321,0.05079113924050633,0.5437074403366293,0.06043021341260472,0.5187712386150017,66
historical80,endpoint_mean,onset_minus_baseline,4,2,6,strong_fixed_support,randi_wild_type,flow,1051,139,0.13225499524262607,0.5498706298119399,0.17726642789711433,0.5526952781215103,27
historical80,endpoint_mean,onset_minus_baseline,4,2,6,strong_fixed_support,cook_struct,flow,4503,838,0.18609815678436598,0.5246074099639563,0.20349459151284716,0.5061513319320027,57
historical80,endpoint_mean,onset_minus_baseline,4,2,6,strong_fixed_support,cook_chem,flow,4503,746,0.16566733288918498,0.5216132745238379,0.18075333119051484,0.49821515761015234,57
historical80,endpoint_mean,onset_minus_baseline,4,2,6,strong_fixed_support,cook_gap,flow,4503,231,0.051299133910726186,0.5363729591257681,0.0575035731972387,0.5149469152795618,47
historical80,endpoint_mean,onset_minus_baseline,4,4,8,all_common,randi_wild_type,flow,1646,273,0.16585662211421628,0.5574702064141248,0.22699524060088722,0.5490097125692324,44
historical80,endpoint_mean,onset_minus_baseline,4,4,8,all_common,cook_struct,flow,6320,1267,0.2004746835443038,0.5246580407116296,0.2243827518189051,0.5021093252140563,80
historical80,endpoint_mean,onset_minus_baseline,4,4,8,all_common,cook_chem,flow,6320,1145,0.18117088607594936,0.5184795898993735,0.19918975155161306,0.4898873494282565,80
historical80,endpoint_mean,onset_minus_baseline,4,4,8,all_common,cook_gap,flow,6320,321,0.05079113924050633,0.5387133577299228,0.061129856743178966,0.5182529361987672,66
historical80,endpoint_mean,onset_minus_baseline,4,4,8,strong_fixed_support,randi_wild_type,flow,1051,139,0.13225499524262607,0.5353874794900921,0.17831157777155543,0.5286558684054066,27
historical80,endpoint_mean,onset_minus_baseline,4,4,8,strong_fixed_support,cook_struct,flow,4503,838,0.18609815678436598,0.5208750777365715,0.20271821703157705,0.5011042166143914,57
historical80,endpoint_mean,onset_minus_baseline,4,4,8,strong_fixed_support,cook_chem,flow,4503,746,0.16566733288918498,0.5158374608683987,0.17948267333459042,0.487895957543606,57
historical80,endpoint_mean,onset_minus_baseline,4,4,8,strong_fixed_support,cook_gap,flow,4503,231,0.051299133910726186,0.5317622452453914,0.0565907140338631,0.5047764440691304,47
historical80,endpoint_mean,onset_minus_baseline,4,8,12,all_common,randi_wild_type,flow,1646,273,0.16585662211421628,0.5575075567792247,0.2341311909396589,0.5438302658234512,44
historical80,endpoint_mean,onset_minus_baseline,4,8,12,all_common,cook_struct,flow,6320,1267,0.2004746835443038,0.5279053867989056,0.22656223488038746,0.506950270596756,80
historical80,endpoint_mean,onset_minus_baseline,4,8,12,all_common,cook_chem,flow,6320,1145,0.18117088607594936,0.5213072590342384,0.20024503359289247,0.4950977954508483,80
historical80,endpoint_mean,onset_minus_baseline,4,8,12,all_common,cook_gap,flow,6320,321,0.05079113924050633,0.5377292892532972,0.06259833231154682,0.5229318940061438,66
historical80,endpoint_mean,onset_minus_baseline,4,8,12,strong_fixed_support,randi_wild_type,flow,1051,139,0.13225499524262607,0.533131389625142,0.17203568052654783,0.5159082109878735,27
historical80,endpoint_mean,onset_minus_baseline,4,8,12,strong_fixed_support,cook_struct,flow,4503,838,0.18609815678436598,0.5194333288834913,0.20336656962481864,0.502184974762977,57
historical80,endpoint_mean,onset_minus_baseline,4,8,12,strong_fixed_support,cook_chem,flow,4503,746,0.16566733288918498,0.5140392090260825,0.18053359596349552,0.4907032326491169,57
historical80,endpoint_mean,onset_minus_baseline,4,8,12,strong_fixed_support,cook_gap,flow,4503,231,0.051299133910726186,0.5252292183471959,0.055749451424860375,0.4959657837496208,47
historical80,endpoint_mean,onset_minus_baseline,4,16,20,all_common,randi_wild_type,flow,1646,273,0.16585662211421628,0.5447870895795149,0.22188104756392452,0.5405017259921389,44
historical80,endpoint_mean,onset_minus_baseline,4,16,20,all_common,cook_struct,flow,6320,1267,0.2004746835443038,0.5238011412101964,0.2252916513901145,0.5048865832963271,80
historical80,endpoint_mean,onset_minus_baseline,4,16,20,all_common,cook_chem,flow,6320,1145,0.18117088607594936,0.5191867181402021,0.19859962207374066,0.49329272960355713,80
historical80,endpoint_mean,onset_minus_baseline,4,16,20,all_common,cook_gap,flow,6320,321,0.05079113924050633,0.5327809048133152,0.06462410452455694,0.5168318939113034,66
historical80,endpoint_mean,onset_minus_baseline,4,16,20,strong_fixed_support,randi_wild_type,flow,1051,139,0.13225499524262607,0.509071690016408,0.1547500079194153,0.5069218156169037,27
historical80,endpoint_mean,onset_minus_baseline,4,16,20,strong_fixed_support,cook_struct,flow,4503,838,0.18609815678436598,0.5176578418699757,0.2036758654001744,0.5038927333868439,57
historical80,endpoint_mean,onset_minus_baseline,4,16,20,strong_fixed_support,cook_chem,flow,4503,746,0.16566733288918498,0.5141077138581707,0.1819682614352271,0.4916810441901107,57
historical80,endpoint_mean,onset_minus_baseline,4,16,20,strong_fixed_support,cook_gap,flow,4503,231,0.051299133910726186,0.5204452226924138,0.055330073120090674,0.4978678302810025,47
historical80,endpoint_mean,onset_minus_baseline,4,32,36,all_common,randi_wild_type,flow,1646,273,0.16585662211421628,0.5419618012480358,0.20606597854449707,0.5367858092010626,44
historical80,endpoint_mean,onset_minus_baseline,4,32,36,all_common,cook_struct,flow,6320,1267,0.2004746835443038,0.526473836683952,0.22130582599421755,0.5141369390454915,80
historical80,endpoint_mean,onset_minus_baseline,4,32,36,all_common,cook_chem,flow,6320,1145,0.18117088607594936,0.5245776005738033,0.19647071791952292,0.5064061287601944,80
historical80,endpoint_mean,onset_minus_baseline,4,32,36,all_common,cook_gap,flow,6320,321,0.05079113924050633,0.5412895918790204,0.06689829513341068,0.5349617278750408,66
historical80,endpoint_mean,onset_minus_baseline,4,32,36,strong_fixed_support,randi_wild_type,flow,1051,139,0.13225499524262607,0.5069575918212799,0.13693501400482444,0.5089273491430608,27
historical80,endpoint_mean,onset_minus_baseline,4,32,36,strong_fixed_support,cook_struct,flow,4503,838,0.18609815678436598,0.518521979506849,0.19839327666870107,0.5146563096188727,57
historical80,endpoint_mean,onset_minus_baseline,4,32,36,strong_fixed_support,cook_chem,flow,4503,746,0.16566733288918498,0.5176681811467566,0.1780907063773187,0.5065578343069642,57
historical80,endpoint_mean,onset_minus_baseline,4,32,36,strong_fixed_support,cook_gap,flow,4503,231,0.051299133910726186,0.5153947176419087,0.05476109080572639,0.5073202869372326,47
historical80,endpoint_mean,onset_minus_baseline,8,1,9,all_common,randi_wild_type,flow,1646,273,0.16585662211421628,0.5272137428000502,0.17919351911262144,0.5095861222201268,44
historical80,endpoint_mean,onset_minus_baseline,8,1,9,all_common,cook_struct,flow,6320,1267,0.2004746835443038,0.5191000649625415,0.21250103940526938,0.49608426293359853,80
historical80,endpoint_mean,onset_minus_baseline,8,1,9,all_common,cook_chem,flow,6320,1145,0.18117088607594936,0.5234878805138915,0.19315597636963788,0.5048112278857813,80
historical80,endpoint_mean,onset_minus_baseline,8,1,9,all_common,cook_gap,flow,6320,321,0.05079113924050633,0.5294864824303531,0.05761095357176791,0.4980565198269082,66
historical80,endpoint_mean,onset_minus_baseline,8,1,9,strong_fixed_support,randi_wild_type,flow,1051,139,0.13225499524262607,0.4857456140350877,0.13351498492748154,0.48351687463459797,27
historical80,endpoint_mean,onset_minus_baseline,8,1,9,strong_fixed_support,cook_struct,flow,4503,838,0.18609815678436598,0.5017403224073429,0.18771390243780017,0.4920205588389299,57
historical80,endpoint_mean,onset_minus_baseline,8,1,9,strong_fixed_support,cook_chem,flow,4503,746,0.16566733288918498,0.5093038125079833,0.1708058011896206,0.5073345469493026,57
historical80,endpoint_mean,onset_minus_baseline,8,1,9,strong_fixed_support,cook_gap,flow,4503,231,0.051299133910726186,0.49650700423172334,0.056957721374104486,0.46516893329490033,47
historical80,endpoint_mean,onset_minus_baseline,8,2,10,all_common,randi_wild_type,flow,1646,273,0.16585662211421628,0.528611713608072,0.18105270806312992,0.5063308471054695,44
historical80,endpoint_mean,onset_minus_baseline,8,2,10,all_common,cook_struct,flow,6320,1267,0.2004746835443038,0.5173842353921361,0.21177774867808144,0.4921693080589978,80
historical80,endpoint_mean,onset_minus_baseline,8,2,10,all_common,cook_chem,flow,6320,1145,0.18117088607594936,0.5204814885133852,0.1918480106251573,0.4985507563040733,80
historical80,endpoint_mean,onset_minus_baseline,8,2,10,all_common,cook_gap,flow,6320,321,0.05079113924050633,0.53349286147899,0.05842187003598346,0.4981294445049162,66
historical80,endpoint_mean,onset_minus_baseline,8,2,10,strong_fixed_support,randi_wild_type,flow,1051,139,0.13225499524262607,0.4851303167991923,0.13521159289797896,0.47749351420786873,27
historical80,endpoint_mean,onset_minus_baseline,8,2,10,strong_fixed_support,cook_struct,flow,4503,838,0.18609815678436598,0.49868230406314007,0.1861592507190278,0.48659471991707437,57
historical80,endpoint_mean,onset_minus_baseline,8,2,10,strong_fixed_support,cook_chem,flow,4503,746,0.16566733288918498,0.5049319911143524,0.16884875075433634,0.4989027843033154,57
historical80,endpoint_mean,onset_minus_baseline,8,2,10,strong_fixed_support,cook_gap,flow,4503,231,0.051299133910726186,0.49983381163156443,0.05712433937508153,0.46356049948647476,47
historical80,endpoint_mean,onset_minus_baseline,8,4,12,all_common,randi_wild_type,flow,1646,273,0.16585662211421628,0.5317197975610211,0.18665393520187779,0.51423435991559,44
historical80,endpoint_mean,onset_minus_baseline,8,4,12,all_common,cook_struct,flow,6320,1267,0.2004746835443038,0.5167731907604178,0.21234881834897432,0.49273027746135956,80
historical80,endpoint_mean,onset_minus_baseline,8,4,12,all_common,cook_chem,flow,6320,1145,0.18117088607594936,0.518058519502985,0.19161899004113736,0.49705794207314175,80
historical80,endpoint_mean,onset_minus_baseline,8,4,12,all_common,cook_gap,flow,6320,321,0.05079113924050633,0.533630994573862,0.059137463600878896,0.4913014442964277,66
historical80,endpoint_mean,onset_minus_baseline,8,4,12,strong_fixed_support,randi_wild_type,flow,1051,139,0.13225499524262607,0.4790483402751483,0.139309458285004,0.4800474437957075,27
historical80,endpoint_mean,onset_minus_baseline,8,4,12,strong_fixed_support,cook_struct,flow,4503,838,0.18609815678436598,0.49939894571301124,0.18531534697913302,0.485802658196113,57
historical80,endpoint_mean,onset_minus_baseline,8,4,12,strong_fixed_support,cook_chem,flow,4503,746,0.16566733288918498,0.5044232000176971,0.1674354328149999,0.49615363787650585,57
historical80,endpoint_mean,onset_minus_baseline,8,4,12,strong_fixed_support,cook_gap,flow,4503,231,0.051299133910726186,0.5014754284417207,0.05788230969479863,0.45581686820187095,47
historical80,endpoint_mean,onset_minus_baseline,8,8,16,all_common,randi_wild_type,flow,1646,273,0.16585662211421628,0.5447577428640793,0.19464977469713346,0.5169583815878339,44
historical80,endpoint_mean,onset_minus_baseline,8,8,16,all_common,cook_struct,flow,6320,1267,0.2004746835443038,0.5191480175959612,0.21363551947292006,0.4909232341949587,80
historical80,endpoint_mean,onset_minus_baseline,8,8,16,all_common,cook_chem,flow,6320,1145,0.18117088607594936,0.5179967512604687,0.19156534708643894,0.49427315023022816,80
historical80,endpoint_mean,onset_minus_baseline,8,8,16,all_common,cook_gap,flow,6320,321,0.05079113924050633,0.5462364184269549,0.06151535741111974,0.4912028120188654,66
historical80,endpoint_mean,onset_minus_baseline,8,8,16,strong_fixed_support,randi_wild_type,flow,1051,139,0.13225499524262607,0.49306607345702386,0.14545206346856415,0.477300380287481,27
historical80,endpoint_mean,onset_minus_baseline,8,8,16,strong_fixed_support,cook_struct,flow,4503,838,0.18609815678436598,0.5057487619128244,0.1858842259974787,0.4859767347935254,57
historical80,endpoint_mean,onset_minus_baseline,8,8,16,strong_fixed_support,cook_chem,flow,4503,746,0.16566733288918498,0.5085177909189709,0.16687495232427807,0.49544744476804015,57
historical80,endpoint_mean,onset_minus_baseline,8,8,16,strong_fixed_support,cook_gap,flow,4503,231,0.051299133910726186,0.5170920683561133,0.05559442469485272,0.4530433181566107,47
historical80,endpoint_mean,onset_minus_baseline,8,16,24,all_common,randi_wild_type,flow,1646,273,0.16585662211421628,0.5451605932305131,0.19528337908726562,0.516461519664795,44
historical80,endpoint_mean,onset_minus_baseline,8,16,24,all_common,cook_struct,flow,6320,1267,0.2004746835443038,0.5180301120670224,0.2139111035668048,0.4931576970922148,80
historical80,endpoint_mean,onset_minus_baseline,8,16,24,all_common,cook_chem,flow,6320,1145,0.18117088607594936,0.5151630065607663,0.1896455793329392,0.4962170621926207,80
historical80,endpoint_mean,onset_minus_baseline,8,16,24,all_common,cook_gap,flow,6320,321,0.05079113924050633,0.5410860273181564,0.06475749385700441,0.4718545318386125,66
historical80,endpoint_mean,onset_minus_baseline,8,16,24,strong_fixed_support,randi_wild_type,flow,1051,139,0.13225499524262607,0.4909046447052884,0.14155534549130613,0.4629220627061588,27
historical80,endpoint_mean,onset_minus_baseline,8,16,24,strong_fixed_support,cook_struct,flow,4503,838,0.18609815678436598,0.5081692589710446,0.1871974869269083,0.4889011879336939,57
historical80,endpoint_mean,onset_minus_baseline,8,16,24,strong_fixed_support,cook_chem,flow,4503,746,0.16566733288918498,0.5084499996788836,0.16708604281507278,0.4977287611226961,57
historical80,endpoint_mean,onset_minus_baseline,8,16,24,strong_fixed_support,cook_gap,flow,4503,231,0.051299133910726186,0.5220331322859413,0.05536624046238403,0.43999831611039525,47
historical80,endpoint_mean,onset_minus_baseline,8,32,40,all_common,randi_wild_type,flow,1646,273,0.16585662211421628,0.5487889144116384,0.1941883362167408,0.5199422737784547,44
historical80,endpoint_mean,onset_minus_baseline,8,32,40,all_common,cook_struct,flow,6320,1267,0.2004746835443038,0.5157948477004057,0.21720692026648772,0.49197853381891044,80
historical80,endpoint_mean,onset_minus_baseline,8,32,40,all_common,cook_chem,flow,6320,1145,0.18117088607594936,0.5155315064447398,0.19276567855643723,0.4949196708390515,80
historical80,endpoint_mean,onset_minus_baseline,8,32,40,all_common,cook_gap,flow,6320,321,0.05079113924050633,0.531058655154883,0.06567317084945369,0.4650316601441687,66
historical80,endpoint_mean,onset_minus_baseline,8,32,40,strong_fixed_support,randi_wild_type,flow,1051,139,0.13225499524262607,0.5228685472674492,0.1431367886984463,0.4976950166030041,27
historical80,endpoint_mean,onset_minus_baseline,8,32,40,strong_fixed_support,cook_struct,flow,4503,838,0.18609815678436598,0.5009466767819175,0.18893808192209333,0.48036653200406826,57
historical80,endpoint_mean,onset_minus_baseline,8,32,40,strong_fixed_support,cook_chem,flow,4503,746,0.16566733288918498,0.5017210055082166,0.16912472558078795,0.48695078648439444,57
historical80,endpoint_mean,onset_minus_baseline,8,32,40,strong_fixed_support,cook_gap,flow,4503,231,0.051299133910726186,0.5242599550886068,0.05683080282163002,0.44291833438568207,47
historical80,endpoint_mean,onset_minus_baseline,16,1,17,all_common,randi_wild_type,flow,1646,273,0.16585662211421628,0.5055291879763839,0.1799572506741331,0.45548429528984186,44
historical80,endpoint_mean,onset_minus_baseline,16,1,17,all_common,cook_struct,flow,6320,1267,0.2004746835443038,0.5161758134102117,0.21424600241732716,0.49780651535039777,80
historical80,endpoint_mean,onset_minus_baseline,16,1,17,all_common,cook_chem,flow,6320,1145,0.18117088607594936,0.5174633672974285,0.19500890061607074,0.4915709587365459,80
historical80,endpoint_mean,onset_minus_baseline,16,1,17,all_common,cook_gap,flow,6320,321,0.05079113924050633,0.5249003078913983,0.05770317310396636,0.5337624208410947,66
historical80,endpoint_mean,onset_minus_baseline,16,1,17,strong_fixed_support,randi_wild_type,flow,1051,139,0.13225499524262607,0.4642575413353527,0.12493711698746307,0.4127239515604159,27
historical80,endpoint_mean,onset_minus_baseline,16,1,17,strong_fixed_support,cook_struct,flow,4503,838,0.18609815678436598,0.5015285207747935,0.19101076517574483,0.49372748182418735,57
historical80,endpoint_mean,onset_minus_baseline,16,1,17,strong_fixed_support,cook_chem,flow,4503,746,0.16566733288918498,0.5037162087427866,0.17182908517187584,0.4862061809613592,57
historical80,endpoint_mean,onset_minus_baseline,16,1,17,strong_fixed_support,cook_gap,flow,4503,231,0.051299133910726186,0.5024862387924186,0.05353884526224967,0.510732182731901,47
historical80,endpoint_mean,onset_minus_baseline,16,2,18,all_common,randi_wild_type,flow,1646,273,0.16585662211421628,0.5061694799495235,0.17991331702681157,0.4542447621975171,44
historical80,endpoint_mean,onset_minus_baseline,16,2,18,all_common,cook_struct,flow,6320,1267,0.2004746835443038,0.5156641103903985,0.2132727645785104,0.49712316423753966,80
historical80,endpoint_mean,onset_minus_baseline,16,2,18,all_common,cook_chem,flow,6320,1145,0.18117088607594936,0.5168235765668839,0.19414006883071874,0.4909916402174373,80
historical80,endpoint_mean,onset_minus_baseline,16,2,18,all_common,cook_gap,flow,6320,321,0.05079113924050633,0.5204439576897292,0.05717119687355034,0.5288373500040127,66
historical80,endpoint_mean,onset_minus_baseline,16,2,18,strong_fixed_support,randi_wild_type,flow,1051,139,0.13225499524262607,0.4629086204720434,0.1259600058778931,0.40821376086753985,27
historical80,endpoint_mean,onset_minus_baseline,16,2,18,strong_fixed_support,cook_struct,flow,4503,838,0.18609815678436598,0.49993015918496253,0.18966159224940293,0.4929151545565289,57
historical80,endpoint_mean,onset_minus_baseline,16,2,18,strong_fixed_support,cook_chem,flow,4503,746,0.16566733288918498,0.5024656387611758,0.17068798633731935,0.48568087893730816,57
historical80,endpoint_mean,onset_minus_baseline,16,2,18,strong_fixed_support,cook_gap,flow,4503,231,0.051299133910726186,0.4954308332117321,0.05262102149279917,0.5033592379728051,47
historical80,endpoint_mean,onset_minus_baseline,16,4,20,all_common,randi_wild_type,flow,1646,273,0.16585662211421628,0.5088960566018105,0.18115132765655081,0.4575291978470098,44
historical80,endpoint_mean,onset_minus_baseline,16,4,20,all_common,cook_struct,flow,6320,1267,0.2004746835443038,0.5180724415903342,0.21346397258506974,0.49733580597463495,80
historical80,endpoint_mean,onset_minus_baseline,16,4,20,all_common,cook_chem,flow,6320,1145,0.18117088607594936,0.5194184334324832,0.19438741528039902,0.4909889253852434,80
historical80,endpoint_mean,onset_minus_baseline,16,4,20,all_common,cook_gap,flow,6320,321,0.05079113924050633,0.5182764105544071,0.05638221350221198,0.5229615179121563,66
historical80,endpoint_mean,onset_minus_baseline,16,4,20,strong_fixed_support,randi_wild_type,flow,1051,139,0.13225499524262607,0.46739713492364,0.129521769498692,0.4030581377043178,27
historical80,endpoint_mean,onset_minus_baseline,16,4,20,strong_fixed_support,cook_struct,flow,4503,838,0.18609815678436598,0.4995565352443777,0.18894523447750983,0.4911256830499458,57
historical80,endpoint_mean,onset_minus_baseline,16,4,20,strong_fixed_support,cook_chem,flow,4503,746,0.16566733288918498,0.5029000378917352,0.1702073134237679,0.4838231115125971,57
historical80,endpoint_mean,onset_minus_baseline,16,4,20,strong_fixed_support,cook_gap,flow,4503,231,0.051299133910726186,0.48927578351735657,0.05162309192376796,0.4982875113167204,47
historical80,endpoint_mean,onset_minus_baseline,16,8,24,all_common,randi_wild_type,flow,1646,273,0.16585662211421628,0.5155524252392424,0.18326623343590528,0.47519933516180335,44
historical80,endpoint_mean,onset_minus_baseline,16,8,24,all_common,cook_struct,flow,6320,1267,0.2004746835443038,0.5197590622276794,0.21314224835414308,0.4956829837403287,80
historical80,endpoint_mean,onset_minus_baseline,16,8,24,all_common,cook_chem,flow,6320,1145,0.18117088607594936,0.5205034280530767,0.19383979041781985,0.48869728598786216,80
historical80,endpoint_mean,onset_minus_baseline,16,8,24,all_common,cook_gap,flow,6320,321,0.05079113924050633,0.5254312894308968,0.05697465535597541,0.5244646495433742,66
historical80,endpoint_mean,onset_minus_baseline,16,8,24,strong_fixed_support,randi_wild_type,flow,1051,139,0.13225499524262607,0.47994762085068793,0.13335369208530767,0.4185899375116113,27
historical80,endpoint_mean,onset_minus_baseline,16,8,24,strong_fixed_support,cook_struct,flow,4503,838,0.18609815678436598,0.500527143494385,0.18906636027843926,0.4887323253260394,57
historical80,endpoint_mean,onset_minus_baseline,16,8,24,strong_fixed_support,cook_chem,flow,4503,746,0.16566733288918498,0.5033000062082504,0.17034907827305945,0.48075081647811413,57
historical80,endpoint_mean,onset_minus_baseline,16,8,24,strong_fixed_support,cook_gap,flow,4503,231,0.051299133910726186,0.4973825331971399,0.051698449106969156,0.5036038584990875,47
historical80,endpoint_mean,onset_minus_baseline,16,16,32,all_common,randi_wild_type,flow,1646,273,0.16585662211421628,0.5144532573520192,0.1853625444204311,0.45464404527060726,44
historical80,endpoint_mean,onset_minus_baseline,16,16,32,all_common,cook_struct,flow,6320,1267,0.2004746835443038,0.5234137714027676,0.21509983513235875,0.49370857195327567,80
historical80,endpoint_mean,onset_minus_baseline,16,16,32,all_common,cook_chem,flow,6320,1145,0.18117088607594936,0.5234623968947113,0.19515922285321413,0.4866507708418535,80
historical80,endpoint_mean,onset_minus_baseline,16,16,32,all_common,cook_gap,flow,6320,321,0.05079113924050633,0.5326536769627752,0.058722050622688246,0.5157241876357506,66
historical80,endpoint_mean,onset_minus_baseline,16,16,32,strong_fixed_support,randi_wild_type,flow,1051,139,0.13225499524262607,0.4690773696832008,0.13440950446282807,0.3852914542149786,27
historical80,endpoint_mean,onset_minus_baseline,16,16,32,strong_fixed_support,cook_struct,flow,4503,838,0.18609815678436598,0.5104197937660968,0.19413467987017413,0.48922156540447087,57
historical80,endpoint_mean,onset_minus_baseline,16,16,32,strong_fixed_support,cook_chem,flow,4503,746,0.16566733288918498,0.5126569813203021,0.1747255744932707,0.48127671085244167,57
historical80,endpoint_mean,onset_minus_baseline,16,16,32,strong_fixed_support,cook_gap,flow,4503,231,0.051299133910726186,0.5107252298263534,0.05369370407494801,0.5013957586277978,47
historical80,endpoint_mean,onset_minus_baseline,16,32,48,all_common,randi_wild_type,flow,1646,273,0.16585662211421628,0.5531135531135531,0.20701962030341597,0.5207433075978476,44
historical80,endpoint_mean,onset_minus_baseline,16,32,48,all_common,cook_struct,flow,6320,1267,0.2004746835443038,0.5223680291202129,0.21646045469148,0.492695051301509,80
historical80,endpoint_mean,onset_minus_baseline,16,32,48,all_common,cook_chem,flow,6320,1145,0.18117088607594936,0.52205860388583,0.1955873903126583,0.4882157111320608,80
historical80,endpoint_mean,onset_minus_baseline,16,32,48,all_common,cook_gap,flow,6320,321,0.05079113924050633,0.5287989327400879,0.06004704638501321,0.5083605359548331,66
historical80,endpoint_mean,onset_minus_baseline,16,32,48,strong_fixed_support,randi_wild_type,flow,1051,139,0.13225499524262607,0.5290215196264041,0.1556122996513678,0.4798313189161005,27
historical80,endpoint_mean,onset_minus_baseline,16,32,48,strong_fixed_support,cook_struct,flow,4503,838,0.18609815678436598,0.51773793902848,0.20122819266378028,0.493396750453841,57
historical80,endpoint_mean,onset_minus_baseline,16,32,48,strong_fixed_support,cook_chem,flow,4503,746,0.16566733288918498,0.5188513166842804,0.1799090055078369,0.48759078830921654,57
historical80,endpoint_mean,onset_minus_baseline,16,32,48,strong_fixed_support,cook_gap,flow,4503,231,0.051299133910726186,0.5159419232452941,0.056404037596020536,0.4968693162273107,47
historical80,endpoint_mean,active_minus_baseline,1,1,2,all_common,randi_wild_type,flow,1646,273,0.16585662211421628,0.5439120238828905,0.1894271018453323,0.5142067302857134,44
historical80,endpoint_mean,active_minus_baseline,1,1,2,all_common,cook_struct,flow,6320,1267,0.2004746835443038,0.5129883690653344,0.21241507809652363,0.5076257083328367,80
historical80,endpoint_mean,active_minus_baseline,1,1,2,all_common,cook_chem,flow,6320,1145,0.18117088607594936,0.5128846697466405,0.18968023113258647,0.5042104103610285,80
historical80,endpoint_mean,active_minus_baseline,1,1,2,all_common,cook_gap,flow,6320,321,0.05079113924050633,0.5115629344246886,0.058536477050570655,0.49277609979826686,66
historical80,endpoint_mean,active_minus_baseline,1,1,2,strong_fixed_support,randi_wild_type,flow,1051,139,0.13225499524262607,0.5568913290420295,0.17106614831269998,0.5306685928487853,27
historical80,endpoint_mean,active_minus_baseline,1,1,2,strong_fixed_support,cook_struct,flow,4503,838,0.18609815678436598,0.5250616194603535,0.2023003907273619,0.5207824858948725,57
historical80,endpoint_mean,active_minus_baseline,1,1,2,strong_fixed_support,cook_chem,flow,4503,746,0.16566733288918498,0.5257959940372253,0.17901859225573277,0.5164396890485562,57
historical80,endpoint_mean,active_minus_baseline,1,1,2,strong_fixed_support,cook_gap,flow,4503,231,0.051299133910726186,0.5192464370835157,0.06196479340066723,0.5086902507018788,47
historical80,endpoint_mean,active_minus_baseline,1,2,3,all_common,randi_wild_type,flow,1646,273,0.16585662211421628,0.5433384289902863,0.19021662778719028,0.5031032062855103,44
historical80,endpoint_mean,active_minus_baseline,1,2,3,all_common,cook_struct,flow,6320,1267,0.2004746835443038,0.5140347361379012,0.21331677583964392,0.5054606971736458,80
historical80,endpoint_mean,active_minus_baseline,1,2,3,all_common,cook_chem,flow,6320,1145,0.18117088607594936,0.5143782461025673,0.19036570962275545,0.49979157803851937,80
historical80,endpoint_mean,active_minus_baseline,1,2,3,all_common,cook_gap,flow,6320,321,0.05079113924050633,0.5136925728535233,0.05938323704651108,0.4910876049767889,66
historical80,endpoint_mean,active_minus_baseline,1,2,3,strong_fixed_support,randi_wild_type,flow,1051,139,0.13225499524262607,0.5528603433043039,0.17068778090273376,0.5190518011572609,27
historical80,endpoint_mean,active_minus_baseline,1,2,3,strong_fixed_support,cook_struct,flow,4503,838,0.18609815678436598,0.5230927271128882,0.20302702220300337,0.5173985327650553,57
historical80,endpoint_mean,active_minus_baseline,1,2,3,strong_fixed_support,cook_chem,flow,4503,746,0.16566733288918498,0.5241379630230897,0.17992320639392645,0.5099414545401133,57
historical80,endpoint_mean,active_minus_baseline,1,2,3,strong_fixed_support,cook_gap,flow,4503,231,0.051299133910726186,0.5194187055142111,0.06229025822488837,0.5061348833813625,47
historical80,endpoint_mean,active_minus_baseline,1,4,5,all_common,randi_wild_type,flow,1646,273,0.16585662211421628,0.5431676844641157,0.18823632740575583,0.5021845166400131,44
historical80,endpoint_mean,active_minus_baseline,1,4,5,all_common,cook_struct,flow,6320,1267,0.2004746835443038,0.5176064263401472,0.21471511828544537,0.511042069461502,80
historical80,endpoint_mean,active_minus_baseline,1,4,5,all_common,cook_chem,flow,6320,1145,0.18117088607594936,0.5179836719194988,0.19154526033419705,0.5035727544501046,80
historical80,endpoint_mean,active_minus_baseline,1,4,5,all_common,cook_gap,flow,6320,321,0.05079113924050633,0.520467066421766,0.06016575661096851,0.498213399995886,66
historical80,endpoint_mean,active_minus_baseline,1,4,5,strong_fixed_support,randi_wild_type,flow,1051,139,0.13225499524262607,0.5526631326517732,0.17216341975826333,0.5119029187125868,27
historical80,endpoint_mean,active_minus_baseline,1,4,5,strong_fixed_support,cook_struct,flow,4503,838,0.18609815678436598,0.5250443627554725,0.2059576790867583,0.5204721355325471,57
historical80,endpoint_mean,active_minus_baseline,1,4,5,strong_fixed_support,cook_chem,flow,4503,746,0.16566733288918498,0.5252397490725088,0.1822422493605444,0.5102334899493288,57
historical80,endpoint_mean,active_minus_baseline,1,4,5,strong_fixed_support,cook_gap,flow,4503,231,0.051299133910726186,0.5290951246007425,0.06470209793097953,0.516414758612859,47
historical80,endpoint_mean,active_minus_baseline,1,8,9,all_common,randi_wild_type,flow,1646,273,0.16585662211421628,0.5425353961406402,0.18565178487651374,0.49731722607946494,44
historical80,endpoint_mean,active_minus_baseline,1,8,9,all_common,cook_struct,flow,6320,1267,0.2004746835443038,0.525730727063451,0.21662818032633874,0.5210095820846231,80
historical80,endpoint_mean,active_minus_baseline,1,8,9,all_common,cook_chem,flow,6320,1145,0.18117088607594936,0.5263917473577622,0.19303089104432244,0.511636948286203,80
historical80,endpoint_mean,active_minus_baseline,1,8,9,all_common,cook_gap,flow,6320,321,0.05079113924050633,0.5287433679237298,0.060884906461127354,0.5037060889409539,66
historical80,endpoint_mean,active_minus_baseline,1,8,9,strong_fixed_support,randi_wild_type,flow,1051,139,0.13225499524262607,0.5440095292187302,0.17079529195594984,0.5000253537000078,27
historical80,endpoint_mean,active_minus_baseline,1,8,9,strong_fixed_support,cook_struct,flow,4503,838,0.18609815678436598,0.5310851862584534,0.2088685692286895,0.5294103784426094,57
historical80,endpoint_mean,active_minus_baseline,1,8,9,strong_fixed_support,cook_chem,flow,4503,746,0.16566733288918498,0.5300946722507619,0.1848813955318452,0.5161715075436485,57
historical80,endpoint_mean,active_minus_baseline,1,8,9,strong_fixed_support,cook_gap,flow,4503,231,0.051299133910726186,0.5413819170841643,0.065867187641798,0.5206557595770765,47
historical80,endpoint_mean,active_minus_baseline,1,16,17,all_common,randi_wild_type,flow,1646,273,0.16585662211421628,0.529761571276502,0.18094849826785245,0.4765173657668711,44
historical80,endpoint_mean,active_minus_baseline,1,16,17,all_common,cook_struct,flow,6320,1267,0.2004746835443038,0.5331739285749431,0.21859368318047107,0.5302925977352942,80
historical80,endpoint_mean,active_minus_baseline,1,16,17,all_common,cook_chem,flow,6320,1145,0.18117088607594936,0.5317379912663756,0.19434524739677644,0.5176341893697038,80
historical80,endpoint_mean,active_minus_baseline,1,16,17,all_common,cook_gap,flow,6320,321,0.05079113924050633,0.5493797252813163,0.06528453987228863,0.5484365237121384,66
historical80,endpoint_mean,active_minus_baseline,1,16,17,strong_fixed_support,randi_wild_type,flow,1051,139,0.13225499524262607,0.5280275779376499,0.16952935897694438,0.4643880384156425,27
historical80,endpoint_mean,active_minus_baseline,1,16,17,strong_fixed_support,cook_struct,flow,4503,838,0.18609815678436598,0.5395432508376014,0.21297374391582266,0.5420766796709416,57
historical80,endpoint_mean,active_minus_baseline,1,16,17,strong_fixed_support,cook_chem,flow,4503,746,0.16566733288918498,0.5361020465104994,0.18976537013602582,0.5253611323595331,57
historical80,endpoint_mean,active_minus_baseline,1,16,17,strong_fixed_support,cook_gap,flow,4503,231,0.051299133910726186,0.5704091476563387,0.06708827913472673,0.57621864810148,47
historical80,endpoint_mean,active_minus_baseline,1,32,33,all_common,randi_wild_type,flow,1646,273,0.16585662211421628,0.5435491917647781,0.1885850287500177,0.49038104144584393,44
historical80,endpoint_mean,active_minus_baseline,1,32,33,all_common,cook_struct,flow,6320,1267,0.2004746835443038,0.5251365517620562,0.21697069810177766,0.5168100952635821,80
historical80,endpoint_mean,active_minus_baseline,1,32,33,all_common,cook_chem,flow,6320,1145,0.18117088607594936,0.5275263590911968,0.19500965699631362,0.5174307108446614,80
historical80,endpoint_mean,active_minus_baseline,1,32,33,all_common,cook_gap,flow,6320,321,0.05079113924050633,0.5316062542095541,0.06457383936908698,0.5406391303835971,66
historical80,endpoint_mean,active_minus_baseline,1,32,33,strong_fixed_support,randi_wild_type,flow,1051,139,0.13225499524262607,0.5615060583112458,0.1871896852588543,0.49660171275319126,27
historical80,endpoint_mean,active_minus_baseline,1,32,33,strong_fixed_support,cook_struct,flow,4503,838,0.18609815678436598,0.5259887603499529,0.20669102003959347,0.5261051695676475,57
historical80,endpoint_mean,active_minus_baseline,1,32,33,strong_fixed_support,cook_chem,flow,4503,746,0.16566733288918498,0.5299278701205471,0.18612697815474916,0.5284231295127616,57
historical80,endpoint_mean,active_minus_baseline,1,32,33,strong_fixed_support,cook_gap,flow,4503,231,0.051299133910726186,0.5384817273862218,0.06573133483890375,0.5526542295878848,47
historical80,endpoint_mean,active_minus_baseline,4,1,5,all_common,randi_wild_type,flow,1646,273,0.16585662211421628,0.5224062172350592,0.2056935757712165,0.4805476349629997,44
historical80,endpoint_mean,active_minus_baseline,4,1,5,all_common,cook_struct,flow,6320,1267,0.2004746835443038,0.5348131432701291,0.22968028410880406,0.5278030850067208,80
historical80,endpoint_mean,active_minus_baseline,4,1,5,all_common,cook_chem,flow,6320,1145,0.18117088607594936,0.5359671750733076,0.20587824975607638,0.5210152462194798,80
historical80,endpoint_mean,active_minus_baseline,4,1,5,all_common,cook_gap,flow,6320,321,0.05079113924050633,0.5357255804316295,0.06937865764664945,0.5461392827651471,66
historical80,endpoint_mean,active_minus_baseline,4,1,5,strong_fixed_support,randi_wild_type,flow,1051,139,0.13225499524262607,0.5165499179603685,0.17990161710759792,0.4448809698787294,27
historical80,endpoint_mean,active_minus_baseline,4,1,5,strong_fixed_support,cook_struct,flow,4503,838,0.18609815678436598,0.5375808704542421,0.21399331281128195,0.5361310969787713,57
historical80,endpoint_mean,active_minus_baseline,4,1,5,strong_fixed_support,cook_chem,flow,4503,746,0.16566733288918498,0.5381036720730775,0.19200707217962076,0.527082983655503,57
historical80,endpoint_mean,active_minus_baseline,4,1,5,strong_fixed_support,cook_gap,flow,4503,231,0.051299133910726186,0.535703138933476,0.06631630005274496,0.5470622651159631,47
historical80,endpoint_mean,active_minus_baseline,4,2,6,all_common,randi_wild_type,flow,1646,273,0.16585662211421628,0.5213470675961572,0.2048177777678409,0.479769765989193,44
historical80,endpoint_mean,active_minus_baseline,4,2,6,all_common,cook_struct,flow,6320,1267,0.2004746835443038,0.5357325217727604,0.2308324646844594,0.5271237228201736,80
historical80,endpoint_mean,active_minus_baseline,4,2,6,all_common,cook_chem,flow,6320,1145,0.18117088607594936,0.5363148323945742,0.20670174482450027,0.5175479697838883,80
historical80,endpoint_mean,active_minus_baseline,4,2,6,all_common,cook_gap,flow,6320,321,0.05079113924050633,0.5366468139290089,0.0695526101522958,0.5477095295873253,66
historical80,endpoint_mean,active_minus_baseline,4,2,6,strong_fixed_support,randi_wild_type,flow,1051,139,0.13225499524262607,0.5098920863309353,0.18394575600505725,0.4415765552754401,27
historical80,endpoint_mean,active_minus_baseline,4,2,6,strong_fixed_support,cook_struct,flow,4503,838,0.18609815678436598,0.5357190999163213,0.21432574969541496,0.5332574588870762,57
historical80,endpoint_mean,active_minus_baseline,4,2,6,strong_fixed_support,cook_chem,flow,4503,746,0.16566733288918498,0.5354747991416915,0.1918387203502955,0.5203597999888825,57
historical80,endpoint_mean,active_minus_baseline,4,2,6,strong_fixed_support,cook_gap,flow,4503,231,0.051299133910726186,0.5365219206511341,0.0673117811307948,0.5496600469802474,47
historical80,endpoint_mean,active_minus_baseline,4,4,8,all_common,randi_wild_type,flow,1646,273,0.16585662211421628,0.5247005968054766,0.20223176308603227,0.48390771542777,44
historical80,endpoint_mean,active_minus_baseline,4,4,8,all_common,cook_struct,flow,6320,1267,0.2004746835443038,0.5384880800218551,0.2330164928938734,0.5316915987990166,80
historical80,endpoint_mean,active_minus_baseline,4,4,8,all_common,cook_chem,flow,6320,1145,0.18117088607594936,0.5397315781701579,0.20856440740829707,0.5244995792607474,80
historical80,endpoint_mean,active_minus_baseline,4,4,8,all_common,cook_gap,flow,6320,321,0.05079113924050633,0.5358146399270075,0.07010629620681477,0.5519250315680607,66
historical80,endpoint_mean,active_minus_baseline,4,4,8,strong_fixed_support,randi_wild_type,flow,1051,139,0.13225499524262607,0.5100971854095672,0.1799703625264217,0.44545930897079133,27
historical80,endpoint_mean,active_minus_baseline,4,4,8,strong_fixed_support,cook_struct,flow,4503,838,0.18609815678436598,0.5354472254148934,0.21570853493476305,0.536108885700965,57
historical80,endpoint_mean,active_minus_baseline,4,4,8,strong_fixed_support,cook_chem,flow,4503,746,0.16566733288918498,0.5361655561985812,0.1928460904817742,0.5265062207738167,57
historical80,endpoint_mean,active_minus_baseline,4,4,8,strong_fixed_support,cook_gap,flow,4503,231,0.051299133910726186,0.5322020364155196,0.06794276888510062,0.5502804605598911,47
historical80,endpoint_mean,active_minus_baseline,4,8,12,all_common,randi_wild_type,flow,1646,273,0.16585662211421628,0.5336646844294332,0.19740507461489182,0.49878089978648527,44
historical80,endpoint_mean,active_minus_baseline,4,8,12,all_common,cook_struct,flow,6320,1267,0.2004746835443038,0.5421160794239311,0.23554513065945504,0.538139421236669,80
historical80,endpoint_mean,active_minus_baseline,4,8,12,all_common,cook_chem,flow,6320,1145,0.18117088607594936,0.5429339071366791,0.2103282755057197,0.5331838833478157,80
historical80,endpoint_mean,active_minus_baseline,4,8,12,all_common,cook_gap,flow,6320,321,0.05079113924050633,0.5423219550091163,0.07075531457380206,0.5580962089135064,66
historical80,endpoint_mean,active_minus_baseline,4,8,12,strong_fixed_support,randi_wild_type,flow,1051,139,0.13225499524262607,0.5126451470402626,0.1719188530338228,0.4594952217214359,27
historical80,endpoint_mean,active_minus_baseline,4,8,12,strong_fixed_support,cook_struct,flow,4503,838,0.18609815678436598,0.5384879870542154,0.21728909365180576,0.5429846242696628,57
historical80,endpoint_mean,active_minus_baseline,4,8,12,strong_fixed_support,cook_chem,flow,4503,746,0.16566733288918498,0.5392247251065214,0.1935580841948803,0.5375779590016153,57
historical80,endpoint_mean,active_minus_baseline,4,8,12,strong_fixed_support,cook_gap,flow,4503,231,0.051299133910726186,0.5385040209478412,0.06921580742042492,0.55752682285441,47
historical80,endpoint_mean,active_minus_baseline,4,16,20,all_common,randi_wild_type,flow,1646,273,0.16585662211421628,0.5230971989894059,0.18560494261090998,0.48456204215409837,44
historical80,endpoint_mean,active_minus_baseline,4,16,20,all_common,cook_struct,flow,6320,1267,0.2004746835443038,0.541014106040298,0.23506212468438373,0.5439643735668203,80
historical80,endpoint_mean,active_minus_baseline,4,16,20,all_common,cook_chem,flow,6320,1145,0.18117088607594936,0.5408327742969854,0.2101356527468594,0.5416278080384878,80
historical80,endpoint_mean,active_minus_baseline,4,16,20,all_common,cook_gap,flow,6320,321,0.05079113924050633,0.5338122293487128,0.06746912855527751,0.5531218188815367,66
historical80,endpoint_mean,active_minus_baseline,4,16,20,strong_fixed_support,randi_wild_type,flow,1051,139,0.13225499524262607,0.49193014009844754,0.14749875705648025,0.4518972451366777,27
historical80,endpoint_mean,active_minus_baseline,4,16,20,strong_fixed_support,cook_struct,flow,4503,838,0.18609815678436598,0.5383157456036103,0.2174971170529599,0.5521926949247793,57
historical80,endpoint_mean,active_minus_baseline,4,16,20,strong_fixed_support,cook_chem,flow,4503,746,0.16566733288918498,0.5402747757358739,0.194134931527781,0.5526480832089891,57
historical80,endpoint_mean,active_minus_baseline,4,16,20,strong_fixed_support,cook_gap,flow,4503,231,0.051299133910726186,0.5292410460949787,0.06409290450909715,0.5475022844557501,47
historical80,endpoint_mean,active_minus_baseline,4,32,36,all_common,randi_wild_type,flow,1646,273,0.16585662211421628,0.519023341310304,0.18015528480704263,0.49519084401100744,44
historical80,endpoint_mean,active_minus_baseline,4,32,36,all_common,cook_struct,flow,6320,1267,0.2004746835443038,0.5254969775002183,0.22664946756400167,0.5276413635144162,80
historical80,endpoint_mean,active_minus_baseline,4,32,36,all_common,cook_chem,flow,6320,1145,0.18117088607594936,0.5224525030061389,0.20359151651783683,0.5253534651421348,80
historical80,endpoint_mean,active_minus_baseline,4,32,36,all_common,cook_gap,flow,6320,321,0.05079113924050633,0.5321847514564992,0.06410208341172657,0.5381012720846545,66
historical80,endpoint_mean,active_minus_baseline,4,32,36,strong_fixed_support,randi_wild_type,flow,1051,139,0.13225499524262607,0.48227470655054905,0.127219082127104,0.47040121305706795,27
historical80,endpoint_mean,active_minus_baseline,4,32,36,strong_fixed_support,cook_struct,flow,4503,838,0.18609815678436598,0.5228254109863346,0.21109694419402053,0.5406895378110885,57
historical80,endpoint_mean,active_minus_baseline,4,32,36,strong_fixed_support,cook_chem,flow,4503,746,0.16566733288918498,0.524272475115263,0.19065373858996193,0.542999080246613,57
historical80,endpoint_mean,active_minus_baseline,4,32,36,strong_fixed_support,cook_gap,flow,4503,231,0.051299133910726186,0.5118804416557226,0.05469778859579774,0.5230177354948401,47
historical80,endpoint_mean,active_minus_baseline,8,1,9,all_common,randi_wild_type,flow,1646,273,0.16585662211421628,0.5081970711977996,0.18186265372710292,0.4631773356890381,44
historical80,endpoint_mean,active_minus_baseline,8,1,9,all_common,cook_struct,flow,6320,1267,0.2004746835443038,0.5212635565765319,0.2175187136404776,0.5167373308549845,80
historical80,endpoint_mean,active_minus_baseline,8,1,9,all_common,cook_chem,flow,6320,1145,0.18117088607594936,0.5247838322469042,0.19901806354048962,0.5217690578325744,80
historical80,endpoint_mean,active_minus_baseline,8,1,9,all_common,cook_gap,flow,6320,321,0.05079113924050633,0.5370884763244549,0.05984922065032328,0.5350031388689155,66
historical80,endpoint_mean,active_minus_baseline,8,1,9,strong_fixed_support,randi_wild_type,flow,1051,139,0.13225499524262607,0.49253754890824186,0.15309857258077125,0.42883692741930696,27
historical80,endpoint_mean,active_minus_baseline,8,1,9,strong_fixed_support,cook_struct,flow,4503,838,0.18609815678436598,0.508805477864206,0.19068259912662897,0.5100672118492039,57
historical80,endpoint_mean,active_minus_baseline,8,1,9,strong_fixed_support,cook_chem,flow,4503,746,0.16566733288918498,0.5132553282130728,0.1732777404443132,0.5166327832609914,57
historical80,endpoint_mean,active_minus_baseline,8,1,9,strong_fixed_support,cook_gap,flow,4503,231,0.051299133910726186,0.5268505682831526,0.05669257587390143,0.5305878594988408,47
historical80,endpoint_mean,active_minus_baseline,8,2,10,all_common,randi_wild_type,flow,1646,273,0.16585662211421628,0.5081517171830354,0.1821477152312658,0.46589050892376105,44
historical80,endpoint_mean,active_minus_baseline,8,2,10,all_common,cook_struct,flow,6320,1267,0.2004746835443038,0.5210580006625898,0.2177269870414422,0.5166886409771552,80
historical80,endpoint_mean,active_minus_baseline,8,2,10,all_common,cook_chem,flow,6320,1145,0.18117088607594936,0.524041938273949,0.19908005817367733,0.5193520071726361,80
historical80,endpoint_mean,active_minus_baseline,8,2,10,all_common,cook_gap,flow,6320,321,0.05079113924050633,0.5395618895984222,0.06034924149868477,0.534618501957405,66
historical80,endpoint_mean,active_minus_baseline,8,2,10,strong_fixed_support,randi_wild_type,flow,1051,139,0.13225499524262607,0.4930897387353276,0.15217487249147899,0.4327350876791191,27
historical80,endpoint_mean,active_minus_baseline,8,2,10,strong_fixed_support,cook_struct,flow,4503,838,0.18609815678436598,0.5075880661745792,0.19061670348978188,0.5087761526487654,57
historical80,endpoint_mean,active_minus_baseline,8,2,10,strong_fixed_support,cook_chem,flow,4503,746,0.16566733288918498,0.5113742996986501,0.17322429281934826,0.5119727081612638,57
historical80,endpoint_mean,active_minus_baseline,8,2,10,strong_fixed_support,cook_gap,flow,4503,231,0.051299133910726186,0.5273379866076495,0.05649274753970917,0.5278866495527601,47
historical80,endpoint_mean,active_minus_baseline,8,4,12,all_common,randi_wild_type,flow,1646,273,0.16585662211421628,0.508733315725304,0.1818948808473403,0.47299473615831206,44
historical80,endpoint_mean,active_minus_baseline,8,4,12,all_common,cook_struct,flow,6320,1267,0.2004746835443038,0.521481998784471,0.21873872075627204,0.518532313969035,80
historical80,endpoint_mean,active_minus_baseline,8,4,12,all_common,cook_chem,flow,6320,1145,0.18117088607594936,0.5232668818429212,0.1994218694493945,0.5194877981503222,80
historical80,endpoint_mean,active_minus_baseline,8,4,12,all_common,cook_gap,flow,6320,321,0.05079113924050633,0.5436814754691721,0.0614404454600122,0.5369369657976758,66
historical80,endpoint_mean,active_minus_baseline,8,4,12,strong_fixed_support,randi_wild_type,flow,1051,139,0.13225499524262607,0.4952827211914679,0.15190394720592915,0.44497160427017207,27
historical80,endpoint_mean,active_minus_baseline,8,4,12,strong_fixed_support,cook_struct,flow,4503,838,0.18609815678436598,0.5053124603177187,0.19035849471874644,0.509612315275997,57
historical80,endpoint_mean,active_minus_baseline,8,4,12,strong_fixed_support,cook_chem,flow,4503,746,0.16566733288918498,0.5079383542142246,0.17229967135493485,0.5105038584938199,57
historical80,endpoint_mean,active_minus_baseline,8,4,12,strong_fixed_support,cook_gap,flow,4503,231,0.051299133910726186,0.5266225659484086,0.056388721671065636,0.5274861359732816,47
historical80,endpoint_mean,active_minus_baseline,8,8,16,all_common,randi_wild_type,flow,1646,273,0.16585662211421628,0.5136075383708305,0.18298841049443612,0.4782383221411997,44
historical80,endpoint_mean,active_minus_baseline,8,8,16,all_common,cook_struct,flow,6320,1267,0.2004746835443038,0.5229914133546678,0.2212008366197692,0.5183829412210732,80
historical80,endpoint_mean,active_minus_baseline,8,8,16,all_common,cook_chem,flow,6320,1145,0.18117088607594936,0.5241501170811973,0.20079177749947158,0.5191098323051937,80
historical80,endpoint_mean,active_minus_baseline,8,8,16,all_common,cook_gap,flow,6320,321,0.05079113924050633,0.5455847002537806,0.06369885337098177,0.5385369608818836,66
historical80,endpoint_mean,active_minus_baseline,8,8,16,strong_fixed_support,randi_wild_type,flow,1051,139,0.13225499524262607,0.5026110690395053,0.1533454288386849,0.45770623663234306,27
historical80,endpoint_mean,active_minus_baseline,8,8,16,strong_fixed_support,cook_struct,flow,4503,838,0.18609815678436598,0.5036838180947947,0.19203824425906516,0.5076200823680194,57
historical80,endpoint_mean,active_minus_baseline,8,8,16,strong_fixed_support,cook_chem,flow,4503,746,0.16566733288918498,0.5052406196547499,0.17319983882885295,0.5083373250172958,57
historical80,endpoint_mean,active_minus_baseline,8,8,16,strong_fixed_support,cook_gap,flow,4503,231,0.051299133910726186,0.5242422215736823,0.05690526032731708,0.5224316855171154,47
historical80,endpoint_mean,active_minus_baseline,8,16,24,all_common,randi_wild_type,flow,1646,273,0.16585662211421628,0.5215871770860847,0.1826620627902047,0.4789332793191718,44
historical80,endpoint_mean,active_minus_baseline,8,16,24,all_common,cook_struct,flow,6320,1267,0.2004746835443038,0.5233715980769589,0.22399594280459711,0.5171835797335793,80
historical80,endpoint_mean,active_minus_baseline,8,16,24,all_common,cook_chem,flow,6320,1145,0.18117088607594936,0.5246221547159463,0.20143682584666567,0.5177466881664445,80
historical80,endpoint_mean,active_minus_baseline,8,16,24,all_common,cook_gap,flow,6320,321,0.05079113924050633,0.545150048372548,0.06701573062956658,0.5568036646705816,66
historical80,endpoint_mean,active_minus_baseline,8,16,24,strong_fixed_support,randi_wild_type,flow,1051,139,0.13225499524262607,0.520502019437082,0.15464833308652148,0.46098138941555067,27
historical80,endpoint_mean,active_minus_baseline,8,16,24,strong_fixed_support,cook_struct,flow,4503,838,0.18609815678436598,0.5044069717087719,0.19316857059533735,0.5064730059121433,57
historical80,endpoint_mean,active_minus_baseline,8,16,24,strong_fixed_support,cook_chem,flow,4503,746,0.16566733288918498,0.507550516961725,0.17384989852114224,0.508118444644669,57
historical80,endpoint_mean,active_minus_baseline,8,16,24,strong_fixed_support,cook_gap,flow,4503,231,0.051299133910726186,0.5216926487993904,0.056931626926803904,0.5319627946336514,47
historical80,endpoint_mean,active_minus_baseline,8,32,40,all_common,randi_wild_type,flow,1646,273,0.16585662211421628,0.5255223048376727,0.19125290992580196,0.46475962088326916,44
historical80,endpoint_mean,active_minus_baseline,8,32,40,all_common,cook_struct,flow,6320,1267,0.2004746835443038,0.5203988471999489,0.22330807143688108,0.5042008156541715,80
historical80,endpoint_mean,active_minus_baseline,8,32,40,all_common,cook_chem,flow,6320,1145,0.18117088607594936,0.5220705862498154,0.19856761829857117,0.5048157487999194,80
historical80,endpoint_mean,active_minus_baseline,8,32,40,all_common,cook_gap,flow,6320,321,0.05079113924050633,0.537547015883748,0.06978195517447602,0.5521601086285711,66
historical80,endpoint_mean,active_minus_baseline,8,32,40,strong_fixed_support,randi_wild_type,flow,1051,139,0.13225499524262607,0.5262763473431781,0.1563521608452148,0.457926240848905,27
historical80,endpoint_mean,active_minus_baseline,8,32,40,strong_fixed_support,cook_struct,flow,4503,838,0.18609815678436598,0.4978940308081022,0.19098590338072846,0.48874104135756097,57
historical80,endpoint_mean,active_minus_baseline,8,32,40,strong_fixed_support,cook_chem,flow,4503,746,0.16566733288918498,0.5032090232281332,0.1727611117465584,0.4928382340205855,57
historical80,endpoint_mean,active_minus_baseline,8,32,40,strong_fixed_support,cook_gap,flow,4503,231,0.051299133910726186,0.50897923861407,0.05411579310375375,0.5149535649497268,47
historical80,endpoint_mean,active_minus_baseline,16,1,17,all_common,randi_wild_type,flow,1646,273,0.16585662211421628,0.5355668851663025,0.18708869086512742,0.52372308138129,44
historical80,endpoint_mean,active_minus_baseline,16,1,17,all_common,cook_struct,flow,6320,1267,0.2004746835443038,0.5308641579993973,0.22368970826293705,0.5090927401037529,80
historical80,endpoint_mean,active_minus_baseline,16,1,17,all_common,cook_chem,flow,6320,1145,0.18117088607594936,0.5298859565850262,0.20198565963703702,0.4944148742190483,80
historical80,endpoint_mean,active_minus_baseline,16,1,17,all_common,cook_gap,flow,6320,321,0.05079113924050633,0.5353496091508501,0.06166058739320574,0.5046613042013529,66
historical80,endpoint_mean,active_minus_baseline,16,1,17,strong_fixed_support,randi_wild_type,flow,1051,139,0.13225499524262607,0.5266628802221381,0.1432859372296041,0.5058352736617552,27
historical80,endpoint_mean,active_minus_baseline,16,1,17,strong_fixed_support,cook_struct,flow,4503,838,0.18609815678436598,0.5220285093788563,0.20160632335029677,0.5051985314406964,57
historical80,endpoint_mean,active_minus_baseline,16,1,17,strong_fixed_support,cook_chem,flow,4503,746,0.16566733288918498,0.5204954326543981,0.18047767342044185,0.4852479286760359,57
historical80,endpoint_mean,active_minus_baseline,16,1,17,strong_fixed_support,cook_gap,flow,4503,231,0.051299133910726186,0.5476844082883409,0.06033856120801456,0.5295660058107071,47
historical80,endpoint_mean,active_minus_baseline,16,2,18,all_common,randi_wild_type,flow,1646,273,0.16585662211421628,0.5363539107166201,0.18756786024723215,0.5272541281229642,44
historical80,endpoint_mean,active_minus_baseline,16,2,18,all_common,cook_struct,flow,6320,1267,0.2004746835443038,0.5302421014437179,0.22399311238858594,0.5090555413226546,80
historical80,endpoint_mean,active_minus_baseline,16,2,18,all_common,cook_chem,flow,6320,1145,0.18117088607594936,0.5290320021939539,0.20218416313381637,0.49438532484099706,80
historical80,endpoint_mean,active_minus_baseline,16,2,18,all_common,cook_gap,flow,6320,321,0.05079113924050633,0.5328437397925615,0.06174326159770021,0.5018135967142697,66
historical80,endpoint_mean,active_minus_baseline,16,2,18,strong_fixed_support,randi_wild_type,flow,1051,139,0.13225499524262607,0.5312933863435567,0.14348555438451158,0.5122819841139422,27
historical80,endpoint_mean,active_minus_baseline,16,2,18,strong_fixed_support,cook_struct,flow,4503,838,0.18609815678436598,0.5223943189625139,0.20236592573661727,0.5055200227261684,57
historical80,endpoint_mean,active_minus_baseline,16,2,18,strong_fixed_support,cook_chem,flow,4503,746,0.16566733288918498,0.5211597868072538,0.18125570849996928,0.486199992728893,57
historical80,endpoint_mean,active_minus_baseline,16,2,18,strong_fixed_support,cook_gap,flow,4503,231,0.051299133910726186,0.5444077614021434,0.060384164507397045,0.524933380775929,47
historical80,endpoint_mean,active_minus_baseline,16,4,20,all_common,randi_wild_type,flow,1646,273,0.16585662211421628,0.5362071771394423,0.18719583198358697,0.529331101036567,44
historical80,endpoint_mean,active_minus_baseline,16,4,20,all_common,cook_struct,flow,6320,1267,0.2004746835443038,0.5287108973218533,0.2244885081817721,0.5066455539723476,80
historical80,endpoint_mean,active_minus_baseline,16,4,20,all_common,cook_chem,flow,6320,1145,0.18117088607594936,0.5280366221547159,0.20264023273784912,0.49390052267706575,80
historical80,endpoint_mean,active_minus_baseline,16,4,20,all_common,cook_gap,flow,6320,321,0.05079113924050633,0.5253326229345596,0.06188037858174545,0.4957753274998334,66
historical80,endpoint_mean,active_minus_baseline,16,4,20,strong_fixed_support,randi_wild_type,flow,1051,139,0.13225499524262607,0.5348037359586015,0.1425211273209874,0.5158587053506198,27
historical80,endpoint_mean,active_minus_baseline,16,4,20,strong_fixed_support,cook_struct,flow,4503,838,0.18609815678436598,0.5212830522878158,0.20376666391461445,0.5029796356924598,57
historical80,endpoint_mean,active_minus_baseline,16,4,20,strong_fixed_support,cook_chem,flow,4503,746,0.16566733288918498,0.5211901144672928,0.18277908098988785,0.48673469477985287,57
historical80,endpoint_mean,active_minus_baseline,16,4,20,strong_fixed_support,cook_gap,flow,4503,231,0.051299133910726186,0.5355663375326296,0.06061019015914125,0.5161563153203057,47
historical80,endpoint_mean,active_minus_baseline,16,8,24,all_common,randi_wild_type,flow,1646,273,0.16585662211421628,0.5335259545019195,0.1866381526771929,0.5348872562861194,44
historical80,endpoint_mean,active_minus_baseline,16,8,24,all_common,cook_struct,flow,6320,1267,0.2004746835443038,0.5271517338469524,0.22543005948790645,0.5017607453159535,80
historical80,endpoint_mean,active_minus_baseline,16,8,24,all_common,cook_chem,flow,6320,1145,0.18117088607594936,0.5273443452946016,0.2037583155879426,0.4931094025959145,80
historical80,endpoint_mean,active_minus_baseline,16,8,24,all_common,cook_gap,flow,6320,321,0.05079113924050633,0.5214597033046525,0.06256485063986833,0.488444900298446,66
historical80,endpoint_mean,active_minus_baseline,16,8,24,strong_fixed_support,randi_wild_type,flow,1051,139,0.13225499524262607,0.5307885270730784,0.14110415989160782,0.5212646074888843,27
historical80,endpoint_mean,active_minus_baseline,16,8,24,strong_fixed_support,cook_struct,flow,4503,838,0.18609815678436598,0.5221917968788156,0.20696302521196921,0.4989182637207808,57
historical80,endpoint_mean,active_minus_baseline,16,8,24,strong_fixed_support,cook_chem,flow,4503,746,0.16566733288918498,0.5242867469552813,0.18699709608486054,0.48959949262486613,57
historical80,endpoint_mean,active_minus_baseline,16,8,24,strong_fixed_support,cook_gap,flow,4503,231,0.051299133910726186,0.5295501159265205,0.06095734021455312,0.5027875542740203,47
historical80,endpoint_mean,active_minus_baseline,16,16,32,all_common,randi_wild_type,flow,1646,273,0.16585662211421628,0.5292653449973188,0.1854348834354669,0.5256223106868122,44
historical80,endpoint_mean,active_minus_baseline,16,16,32,all_common,cook_struct,flow,6320,1267,0.2004746835443038,0.5297794444398453,0.22783719329778074,0.5013288936355652,80
historical80,endpoint_mean,active_minus_baseline,16,16,32,all_common,cook_chem,flow,6320,1145,0.18117088607594936,0.5317952028352636,0.20653637308969852,0.4994704877242714,80
historical80,endpoint_mean,active_minus_baseline,16,16,32,all_common,cook_gap,flow,6320,321,0.05079113924050633,0.523192079261393,0.06359299589299133,0.4929745249410643,66
historical80,endpoint_mean,active_minus_baseline,16,16,32,strong_fixed_support,randi_wild_type,flow,1051,139,0.13225499524262607,0.5189401110690395,0.13867664894962362,0.5239692808614014,27
historical80,endpoint_mean,active_minus_baseline,16,16,32,strong_fixed_support,cook_struct,flow,4503,838,0.18609815678436598,0.5267872899484578,0.21285395440267638,0.5001840635922649,57
historical80,endpoint_mean,active_minus_baseline,16,16,32,strong_fixed_support,cook_chem,flow,4503,746,0.16566733288918498,0.5320263657972499,0.1935481999134302,0.5012475559441091,57
historical80,endpoint_mean,active_minus_baseline,16,16,32,strong_fixed_support,cook_gap,flow,4503,231,0.051299133910726186,0.5285833860272062,0.06376544292587422,0.5005791147128656,47
historical80,endpoint_mean,active_minus_baseline,16,32,48,all_common,randi_wild_type,flow,1646,273,0.16585662211421628,0.5371756187488161,0.1918225063898055,0.5337552192279508,44
historical80,endpoint_mean,active_minus_baseline,16,32,48,all_common,cook_struct,flow,6320,1267,0.2004746835443038,0.5317718997880556,0.22876562546868884,0.4992981043403539,80
historical80,endpoint_mean,active_minus_baseline,16,32,48,all_common,cook_chem,flow,6320,1145,0.18117088607594936,0.5355996877834737,0.20889366768548742,0.5051062353353448,80
historical80,endpoint_mean,active_minus_baseline,16,32,48,all_common,cook_gap,flow,6320,321,0.05079113924050633,0.5112825138561515,0.06282929310107122,0.494570334075257,66
historical80,endpoint_mean,active_minus_baseline,16,32,48,strong_fixed_support,randi_wild_type,flow,1051,139,0.13225499524262607,0.534007004922378,0.1482098271669115,0.5316192539765312,27
historical80,endpoint_mean,active_minus_baseline,16,32,48,strong_fixed_support,cook_struct,flow,4503,838,0.18609815678436598,0.5346062052505967,0.2202487911742024,0.501590699686565,57
historical80,endpoint_mean,active_minus_baseline,16,32,48,strong_fixed_support,cook_chem,flow,4503,746,0.16566733288918498,0.5442038132929345,0.20283351426904345,0.5137243695396094,57
historical80,endpoint_mean,active_minus_baseline,16,32,48,strong_fixed_support,cook_gap,flow,4503,231,0.051299133910726186,0.5104698672114403,0.06811811050946603,0.47802793006998767,47
historical80,cumulative_mean,state_average,1,1,2,all_common,randi_wild_type,flow,1646,273,0.16585662211421628,0.6799527251093165,0.3300529408685393,0.6498615714518235,44
historical80,cumulative_mean,state_average,1,1,2,all_common,cook_struct,flow,6320,1267,0.2004746835443038,0.6328923669560433,0.3251951727537779,0.6230503539391725,80
historical80,cumulative_mean,state_average,1,1,2,all_common,cook_chem,flow,6320,1145,0.18117088607594936,0.6222250068561063,0.2845077929379135,0.6046533730191401,80
historical80,cumulative_mean,state_average,1,1,2,all_common,cook_gap,flow,6320,321,0.05079113924050633,0.6689427469479596,0.1245924353094555,0.695494415540281,66
historical80,cumulative_mean,state_average,1,1,2,strong_fixed_support,randi_wild_type,flow,1051,139,0.13225499524262607,0.6318156001514577,0.25486715244494784,0.5977589971541923,27
historical80,cumulative_mean,state_average,1,1,2,strong_fixed_support,cook_struct,flow,4503,838,0.18609815678436598,0.6207642115476659,0.2952238375863446,0.6192363005258081,57
historical80,cumulative_mean,state_average,1,1,2,strong_fixed_support,cook_chem,flow,4503,746,0.16566733288918498,0.6088882522062481,0.25601618011177396,0.5966703156953747,57
historical80,cumulative_mean,state_average,1,1,2,strong_fixed_support,cook_gap,flow,4503,231,0.051299133910726186,0.6621197934400181,0.1294327031901005,0.6803187661985898,47
historical80,cumulative_mean,state_average,1,2,3,all_common,randi_wild_type,flow,1646,273,0.16585662211421628,0.6802275170811223,0.3268629897630655,0.6531650194856234,44
historical80,cumulative_mean,state_average,1,2,3,all_common,cook_struct,flow,6320,1267,0.2004746835443038,0.63216112834577,0.32423324785896407,0.6199179948345614,80
historical80,cumulative_mean,state_average,1,2,3,all_common,cook_chem,flow,6320,1145,0.18117088607594936,0.6211772250701433,0.28367326289147854,0.6009416990940989,80
historical80,cumulative_mean,state_average,1,2,3,all_common,cook_gap,flow,6320,321,0.05079113924050633,0.6703978181202579,0.1241988157332059,0.6947126957233507,66
historical80,cumulative_mean,state_average,1,2,3,strong_fixed_support,randi_wild_type,flow,1051,139,0.13225499524262607,0.63228101729143,0.254346157622213,0.6023676292905777,27
historical80,cumulative_mean,state_average,1,2,3,strong_fixed_support,cook_struct,flow,4503,838,0.18609815678436598,0.6208311219788557,0.2947175274253139,0.6166196058741727,57
historical80,cumulative_mean,state_average,1,2,3,strong_fixed_support,cook_chem,flow,4503,746,0.16566733288918498,0.6088406199401867,0.25559295238165464,0.5936181223497246,57
historical80,cumulative_mean,state_average,1,2,3,strong_fixed_support,cook_gap,flow,4503,231,0.051299133910726186,0.6643927233814875,0.1292151689856599,0.6816067302295056,47
historical80,cumulative_mean,state_average,1,4,5,all_common,randi_wild_type,flow,1646,273,0.16585662211421628,0.6794698382462403,0.3210339481824474,0.6475093073262896,44
historical80,cumulative_mean,state_average,1,4,5,all_common,cook_struct,flow,6320,1267,0.2004746835443038,0.6299571815785039,0.3222774676662921,0.6150588018951174,80
historical80,cumulative_mean,state_average,1,4,5,all_common,cook_chem,flow,6320,1145,0.18117088607594936,0.6182103242410819,0.28194419884639815,0.5947658527616921,80
historical80,cumulative_mean,state_average,1,4,5,all_common,cook_gap,flow,6320,321,0.05079113924050633,0.6725451126589633,0.12368937645873222,0.6961001726480759,66
historical80,cumulative_mean,state_average,1,4,5,strong_fixed_support,randi_wild_type,flow,1051,139,0.13225499524262607,0.6365644326643949,0.2523701659649513,0.5993564762162551,27
historical80,cumulative_mean,state_average,1,4,5,strong_fixed_support,cook_struct,flow,4503,838,0.18609815678436598,0.6210453655979449,0.29380547062317663,0.6133270407324048,57
historical80,cumulative_mean,state_average,1,4,5,strong_fixed_support,cook_chem,flow,4503,746,0.16566733288918498,0.6084906030637358,0.25484438535596027,0.5888852066493258,57
historical80,cumulative_mean,state_average,1,4,5,strong_fixed_support,cook_gap,flow,4503,231,0.051299133910726186,0.6681461484832272,0.12938382691531403,0.6856025068893558,47
historical80,cumulative_mean,state_average,1,8,9,all_common,randi_wild_type,flow,1646,273,0.16585662211421628,0.6737498966195251,0.3062779259222213,0.6417685455898732,44
historical80,cumulative_mean,state_average,1,8,9,all_common,cook_struct,flow,6320,1267,0.2004746835443038,0.6264571079313812,0.31857678196465916,0.6088717176557834,80
historical80,cumulative_mean,state_average,1,8,9,all_common,cook_chem,flow,6320,1145,0.18117088607594936,0.6144173153597874,0.27898155805882685,0.5864245741828291,80
historical80,cumulative_mean,state_average,1,8,9,all_common,cook_gap,flow,6320,321,0.05079113924050633,0.6728540945817033,0.1212132235961354,0.6936235970855121,66
historical80,cumulative_mean,state_average,1,8,9,strong_fixed_support,randi_wild_type,flow,1051,139,0.13225499524262607,0.6373296099962136,0.24705894192289887,0.5917512734491653,27
historical80,cumulative_mean,state_average,1,8,9,strong_fixed_support,cook_struct,flow,4503,838,0.18609815678436598,0.6196550612613023,0.2912713707162886,0.6088774110055956,57
historical80,cumulative_mean,state_average,1,8,9,strong_fixed_support,cook_chem,flow,4503,746,0.16566733288918498,0.607016321989837,0.25259602504221285,0.5812577605532486,57
historical80,cumulative_mean,state_average,1,8,9,strong_fixed_support,cook_gap,flow,4503,231,0.051299133910726186,0.6665916792321287,0.12690639930380554,0.6875934607330337,47
historical80,cumulative_mean,state_average,1,16,17,all_common,randi_wild_type,flow,1646,273,0.16585662211421628,0.6564059877971021,0.27969480091611526,0.6186065130510523,44
historical80,cumulative_mean,state_average,1,16,17,all_common,cook_struct,flow,6320,1267,0.2004746835443038,0.6198335528168579,0.3123868964949129,0.6020849344106778,80
historical80,cumulative_mean,state_average,1,16,17,all_common,cook_chem,flow,6320,1145,0.18117088607594936,0.609102377486657,0.27492946894419357,0.5833260891866315,80
historical80,cumulative_mean,state_average,1,16,17,all_common,cook_gap,flow,6320,321,0.05079113924050633,0.6625138457655714,0.11592780826454159,0.6790651555030042,66
historical80,cumulative_mean,state_average,1,16,17,strong_fixed_support,randi_wild_type,flow,1051,139,0.13225499524262607,0.6304035718793386,0.23369414316837264,0.573528793505926,27
historical80,cumulative_mean,state_average,1,16,17,strong_fixed_support,cook_struct,flow,4503,838,0.18609815678436598,0.6155007537598453,0.28605859221697894,0.6070353221278892,57
historical80,cumulative_mean,state_average,1,16,17,strong_fixed_support,cook_chem,flow,4503,746,0.16566733288918498,0.6044167063304887,0.2490904180553603,0.5844591993483115,57
historical80,cumulative_mean,state_average,1,16,17,strong_fixed_support,cook_gap,flow,4503,231,0.051299133910726186,0.6560751982100296,0.12239326363010143,0.680840419360753,47
historical80,cumulative_mean,state_average,1,32,33,all_common,randi_wild_type,flow,1646,273,0.16585662211421628,0.6380002614525557,0.2596444842085412,0.5954421755424724,44
historical80,cumulative_mean,state_average,1,32,33,all_common,cook_struct,flow,6320,1267,0.2004746835443038,0.6132802865786826,0.3053542909161913,0.5920160085166057,80
historical80,cumulative_mean,state_average,1,32,33,all_common,cook_chem,flow,6320,1145,0.18117088607594936,0.605798114043415,0.27149153495585376,0.5786842338988933,80
historical80,cumulative_mean,state_average,1,32,33,all_common,cook_gap,flow,6320,321,0.05079113924050633,0.6500787514429975,0.10841916165619031,0.6594543167051765,66
historical80,cumulative_mean,state_average,1,32,33,strong_fixed_support,randi_wild_type,flow,1051,139,0.13225499524262607,0.6221286128991544,0.22051169996025632,0.5518496438295519,27
historical80,cumulative_mean,state_average,1,32,33,strong_fixed_support,cook_struct,flow,4503,838,0.18609815678436598,0.6084199695891277,0.28090262102728214,0.6021735360703836,57
historical80,cumulative_mean,state_average,1,32,33,strong_fixed_support,cook_chem,flow,4503,746,0.16566733288918498,0.599738397172463,0.24581400912116172,0.5856572964168075,57
historical80,cumulative_mean,state_average,1,32,33,strong_fixed_support,cook_gap,flow,4503,231,0.051299133910726186,0.6476624187298344,0.11591390276490532,0.6738885190023928,47
historical80,cumulative_mean,state_average,4,1,5,all_common,randi_wild_type,flow,1646,273,0.16585662211421628,0.66655995133781,0.31089506175576853,0.6298897554707771,44
historical80,cumulative_mean,state_average,4,1,5,all_common,cook_struct,flow,6320,1267,0.2004746835443038,0.6285062629731788,0.31792215754010233,0.6103929893451656,80
historical80,cumulative_mean,state_average,4,1,5,all_common,cook_chem,flow,6320,1145,0.18117088607594936,0.6168649241609181,0.2790712668205288,0.5893156148265124,80
historical80,cumulative_mean,state_average,4,1,5,all_common,cook_gap,flow,6320,321,0.05079113924050633,0.67180199815234,0.11890383231827453,0.692918233656477,66
historical80,cumulative_mean,state_average,4,1,5,strong_fixed_support,randi_wild_type,flow,1051,139,0.13225499524262607,0.6217263031679919,0.24788744476000238,0.5853820529588489,27
historical80,cumulative_mean,state_average,4,1,5,strong_fixed_support,cook_struct,flow,4503,838,0.18609815678436598,0.620810934890127,0.29141680775790224,0.6078473987226156,57
historical80,cumulative_mean,state_average,4,1,5,strong_fixed_support,cook_chem,flow,4503,746,0.16566733288918498,0.6078273192988816,0.25316191820707346,0.5824400028892824,57
historical80,cumulative_mean,state_average,4,1,5,strong_fixed_support,cook_gap,flow,4503,231,0.051299133910726186,0.6679151061173533,0.12578499268729584,0.6798544113555557,47
historical80,cumulative_mean,state_average,4,2,6,all_common,randi_wild_type,flow,1646,273,0.16585662211421628,0.6650099111861676,0.30693577810517064,0.6271436059333526,44
historical80,cumulative_mean,state_average,4,2,6,all_common,cook_struct,flow,6320,1267,0.2004746835443038,0.6276399916215659,0.31709358210659944,0.6087004773403614,80
historical80,cumulative_mean,state_average,4,2,6,all_common,cook_chem,flow,6320,1145,0.18117088607594936,0.6159627027825243,0.2785282942801627,0.5872475778542892,80
historical80,cumulative_mean,state_average,4,2,6,all_common,cook_gap,flow,6320,321,0.05079113924050633,0.6720294503912645,0.11836298703059067,0.6916560637862454,66
historical80,cumulative_mean,state_average,4,2,6,strong_fixed_support,randi_wild_type,flow,1051,139,0.13225499524262607,0.6214659851066515,0.24476387379926956,0.5817604334018527,27
historical80,cumulative_mean,state_average,4,2,6,strong_fixed_support,cook_struct,flow,4503,838,0.18609815678436598,0.6206269719041309,0.2907038880243311,0.6066418826531274,57
historical80,cumulative_mean,state_average,4,2,6,strong_fixed_support,cook_chem,flow,4503,746,0.16566733288918498,0.6077809358188219,0.2527096718364381,0.580716508272137,57
historical80,cumulative_mean,state_average,4,2,6,strong_fixed_support,cook_gap,flow,4503,231,0.051299133910726186,0.6672017121455323,0.1249168761252086,0.6788641401575464,47
historical80,cumulative_mean,state_average,4,4,8,all_common,randi_wild_type,flow,1646,273,0.16585662211421628,0.6607226228493527,0.2988533026658705,0.6232686333406418,44
historical80,cumulative_mean,state_average,4,4,8,all_common,cook_struct,flow,6320,1267,0.2004746835443038,0.6253407643774724,0.3150004343773976,0.6052646690381147,80
historical80,cumulative_mean,state_average,4,4,8,all_common,cook_chem,flow,6320,1145,0.18117088607594936,0.613748496930574,0.2769558292568341,0.5840912751972948,80
historical80,cumulative_mean,state_average,4,4,8,all_common,cook_gap,flow,6320,321,0.05079113924050633,0.6707156280979333,0.11713968947834964,0.6883244850356145,66
historical80,cumulative_mean,state_average,4,4,8,strong_fixed_support,randi_wild_type,flow,1051,139,0.13225499524262607,0.62042471286129,0.24059276110489355,0.5763328067839291,27
historical80,cumulative_mean,state_average,4,4,8,strong_fixed_support,cook_struct,flow,4503,838,0.18609815678436598,0.6188085059275154,0.2886592557074382,0.6044761418608959,57
historical80,cumulative_mean,state_average,4,4,8,strong_fixed_support,cook_chem,flow,4503,746,0.16566733288918498,0.6063070115409234,0.25116168351572843,0.5790235084933874,57
historical80,cumulative_mean,state_average,4,4,8,strong_fixed_support,cook_gap,flow,4503,231,0.051299133910726186,0.6646116056228416,0.12362657255567358,0.6757124681849401,47
historical80,cumulative_mean,state_average,4,8,12,all_common,randi_wild_type,flow,1646,273,0.16585662211421628,0.6534846556696521,0.28377529151012426,0.614826789223304,44
historical80,cumulative_mean,state_average,4,8,12,all_common,cook_struct,flow,6320,1267,0.2004746835443038,0.6189219841893764,0.3111830743806962,0.598098462081653,80
historical80,cumulative_mean,state_average,4,8,12,all_common,cook_chem,flow,6320,1145,0.18117088607594936,0.6079925743096428,0.27440923126810945,0.5775383710734209,80
historical80,cumulative_mean,state_average,4,8,12,all_common,cook_gap,flow,6320,321,0.05079113924050633,0.6630232764650806,0.11403511578200148,0.6793160448331796,66
historical80,cumulative_mean,state_average,4,8,12,strong_fixed_support,randi_wild_type,flow,1051,139,0.13225499524262607,0.6171352391770794,0.23119992222848154,0.564895971185927,27
historical80,cumulative_mean,state_average,4,8,12,strong_fixed_support,cook_struct,flow,4503,838,0.18609815678436598,0.6129233183666692,0.2849855380103553,0.5999463008295687,57
historical80,cumulative_mean,state_average,4,8,12,strong_fixed_support,cook_chem,flow,4503,746,0.16566733288918498,0.6016319135469018,0.24857720428006197,0.5753724251875614,57
historical80,cumulative_mean,state_average,4,8,12,strong_fixed_support,cook_gap,flow,4503,231,0.051299133910726186,0.6554307116104869,0.1207771632036874,0.6715149459952968,47
historical80,cumulative_mean,state_average,4,16,20,all_common,randi_wild_type,flow,1646,273,0.16585662211421628,0.6418793636564941,0.26621898226380936,0.6039803696843257,44
historical80,cumulative_mean,state_average,4,16,20,all_common,cook_struct,flow,6320,1267,0.2004746835443038,0.6122971794948292,0.3063259821436609,0.5921867664824082,80
historical80,cumulative_mean,state_average,4,16,20,all_common,cook_chem,flow,6320,1145,0.18117088607594936,0.6034652659114402,0.27170323807981617,0.5761015343817961,80
historical80,cumulative_mean,state_average,4,16,20,all_common,cook_gap,flow,6320,321,0.05079113924050633,0.6487431186610021,0.10883670868871859,0.6598057126590829,66
historical80,cumulative_mean,state_average,4,16,20,strong_fixed_support,randi_wild_type,flow,1051,139,0.13225499524262607,0.6095150195632968,0.22104877541415374,0.555006319114675,27
historical80,cumulative_mean,state_average,4,16,20,strong_fixed_support,cook_struct,flow,4503,838,0.18609815678436598,0.6069264506214043,0.2805603536777308,0.5970602469264247,57
historical80,cumulative_mean,state_average,4,16,20,strong_fixed_support,cook_chem,flow,4503,746,0.16566733288918498,0.5983265553986447,0.24540705095342902,0.578066834206885,57
historical80,cumulative_mean,state_average,4,16,20,strong_fixed_support,cook_gap,flow,4503,231,0.051299133910726186,0.6458404267393032,0.1163805929390625,0.6644085562118103,47
historical80,cumulative_mean,state_average,4,32,36,all_common,randi_wild_type,flow,1646,273,0.16585662211421628,0.6212006008073014,0.2505558283171096,0.5777828174750438,44
historical80,cumulative_mean,state_average,4,32,36,all_common,cook_struct,flow,6320,1267,0.2004746835443038,0.605774684164744,0.30078785213988035,0.5795032550881205,80
historical80,cumulative_mean,state_average,4,32,36,all_common,cook_chem,flow,6320,1145,0.18117088607594936,0.5991980254414278,0.268995220344331,0.568988791359675,80
historical80,cumulative_mean,state_average,4,32,36,all_common,cook_gap,flow,6320,321,0.05079113924050633,0.6426138520490695,0.10380454774132088,0.642461501372176,66
historical80,cumulative_mean,state_average,4,32,36,strong_fixed_support,randi_wild_type,flow,1051,139,0.13225499524262607,0.6047188564937523,0.20812898952109724,0.5442923794148373,27
historical80,cumulative_mean,state_average,4,32,36,strong_fixed_support,cook_struct,flow,4503,838,0.18609815678436598,0.6003535996509587,0.2758936406431083,0.5879848193437572,57
historical80,cumulative_mean,state_average,4,32,36,strong_fixed_support,cook_chem,flow,4503,746,0.16566733288918498,0.5918935235103588,0.24243671495715774,0.5752633162397894,57
historical80,cumulative_mean,state_average,4,32,36,strong_fixed_support,cook_gap,flow,4503,231,0.051299133910726186,0.6429736773837899,0.11147634338969994,0.6564452408730064,47
historical80,cumulative_mean,state_average,8,1,9,all_common,randi_wild_type,flow,1646,273,0.16585662211421628,0.6530924768361038,0.2786377388605087,0.6135425482853578,44
historical80,cumulative_mean,state_average,8,1,9,all_common,cook_struct,flow,6320,1267,0.2004746835443038,0.6190780254948689,0.312003448517552,0.6014619548157419,80
historical80,cumulative_mean,state_average,8,1,9,all_common,cook_chem,flow,6320,1145,0.18117088607594936,0.6076540303356328,0.2750166119002753,0.5825306219446873,80
historical80,cumulative_mean,state_average,8,1,9,all_common,cook_gap,flow,6320,321,0.05079113924050633,0.6663452216075473,0.11424954563641869,0.6877684020802728,66
historical80,cumulative_mean,state_average,8,1,9,strong_fixed_support,randi_wild_type,flow,1051,139,0.13225499524262607,0.6131515839959611,0.22811137481872065,0.557789821266839,27
historical80,cumulative_mean,state_average,8,1,9,strong_fixed_support,cook_struct,flow,4503,838,0.18609815678436598,0.6135028831721079,0.28622031567854667,0.6019275439210588,57
historical80,cumulative_mean,state_average,8,1,9,strong_fixed_support,cook_chem,flow,4503,746,0.16566733288918498,0.6013974985746,0.24909453413487306,0.5793631073454291,57
historical80,cumulative_mean,state_average,8,1,9,strong_fixed_support,cook_gap,flow,4503,231,0.051299133910726186,0.662574784765796,0.12294910880929459,0.6821702937386871,47
historical80,cumulative_mean,state_average,8,2,10,all_common,randi_wild_type,flow,1646,273,0.16585662211421628,0.6495548636845068,0.2753700378055738,0.6110628398548571,44
historical80,cumulative_mean,state_average,8,2,10,all_common,cook_struct,flow,6320,1267,0.2004746835443038,0.6177568289157815,0.31109924567819813,0.6002684755610261,80
historical80,cumulative_mean,state_average,8,2,10,all_common,cook_chem,flow,6320,1145,0.18117088607594936,0.6065721578803029,0.27438334008206355,0.5816926200660542,80
historical80,cumulative_mean,state_average,8,2,10,all_common,cook_gap,flow,6320,321,0.05079113924050633,0.6643269724601036,0.11367445331019488,0.6854251038320537,66
historical80,cumulative_mean,state_average,8,2,10,strong_fixed_support,randi_wild_type,flow,1051,139,0.13225499524262607,0.6107061719045817,0.22784741193391705,0.5551399648715124,27
historical80,cumulative_mean,state_average,8,2,10,strong_fixed_support,cook_struct,flow,4503,838,0.18609815678436598,0.612194955181407,0.28552385956805787,0.6015077253674768,57
historical80,cumulative_mean,state_average,8,2,10,strong_fixed_support,cook_chem,flow,4503,746,0.16566733288918498,0.6003417392092402,0.24857645272744194,0.5792974948296511,57
historical80,cumulative_mean,state_average,8,2,10,strong_fixed_support,cook_gap,flow,4503,231,0.051299133910726186,0.660745699369295,0.1224538898186666,0.6815593871693847,47
historical80,cumulative_mean,state_average,8,4,12,all_common,randi_wild_type,flow,1646,273,0.16585662211421628,0.6440136702336264,0.269881033006496,0.6057086527027676,44
historical80,cumulative_mean,state_average,8,4,12,all_common,cook_struct,flow,6320,1267,0.2004746835443038,0.6160823135849186,0.30962612905067655,0.598452941630476,80
historical80,cumulative_mean,state_average,8,4,12,all_common,cook_chem,flow,6320,1145,0.18117088607594936,0.6055670738138936,0.2735416320150514,0.5797344984628822,80
historical80,cumulative_mean,state_average,8,4,12,all_common,cook_gap,flow,6320,321,0.05079113924050633,0.6607144804507917,0.11197785753751813,0.6812180446438676,66
historical80,cumulative_mean,state_average,8,4,12,strong_fixed_support,randi_wild_type,flow,1051,139,0.13225499524262607,0.6073299255332576,0.22570901999912546,0.5512136769124938,27
historical80,cumulative_mean,state_average,8,4,12,strong_fixed_support,cook_struct,flow,4503,838,0.18609815678436598,0.6109573564030515,0.2842583458390864,0.6004688935314424,57
historical80,cumulative_mean,state_average,8,4,12,strong_fixed_support,cook_chem,flow,4503,746,0.16566733288918498,0.5998743364486381,0.24773382600584468,0.5778778057151083,57
historical80,cumulative_mean,state_average,8,4,12,strong_fixed_support,cook_gap,flow,4503,231,0.051299133910726186,0.6580907388491659,0.12079961072417131,0.679347740625305,47
historical80,cumulative_mean,state_average,8,8,16,all_common,randi_wild_type,flow,1646,273,0.16585662211421628,0.6368610753170112,0.2622341535743351,0.6004608383472453,44
historical80,cumulative_mean,state_average,8,8,16,all_common,cook_struct,flow,6320,1267,0.2004746835443038,0.6132510776456226,0.3071481854531554,0.5940899134466807,80
historical80,cumulative_mean,state_average,8,8,16,all_common,cook_chem,flow,6320,1145,0.18117088607594936,0.6034569963926334,0.27208456753962784,0.5755956094210889,80
historical80,cumulative_mean,state_average,8,8,16,all_common,cook_gap,flow,6320,321,0.05079113924050633,0.6549497605779571,0.10914398634057723,0.6685918695913486,66
historical80,cumulative_mean,state_average,8,8,16,strong_fixed_support,randi_wild_type,flow,1051,139,0.13225499524262607,0.6062492111573898,0.21980410284340782,0.551303279569773,27
historical80,cumulative_mean,state_average,8,8,16,strong_fixed_support,cook_struct,flow,4503,838,0.18609815678436598,0.6089669745740361,0.28204923956932937,0.597504552049487,57
historical80,cumulative_mean,state_average,8,8,16,strong_fixed_support,cook_chem,flow,4503,746,0.16566733288918498,0.5983204898666368,0.24585873272601835,0.5747946412674878,57
historical80,cumulative_mean,state_average,8,8,16,strong_fixed_support,cook_gap,flow,4503,231,0.051299133910726186,0.6568899265528478,0.11872930097380596,0.6733349798845818,47
historical80,cumulative_mean,state_average,8,16,24,all_common,randi_wild_type,flow,1646,273,0.16585662211421628,0.6286253198125011,0.252872352910089,0.5919688940463055,44
historical80,cumulative_mean,state_average,8,16,24,all_common,cook_struct,flow,6320,1267,0.2004746835443038,0.610181406218004,0.3040525412048925,0.5876379882762799,80
historical80,cumulative_mean,state_average,8,16,24,all_common,cook_chem,flow,6320,1145,0.18117088607594936,0.6016994704976479,0.270640041090882,0.5721115739695382,80
historical80,cumulative_mean,state_average,8,16,24,all_common,cook_gap,flow,6320,321,0.05079113924050633,0.6493275878274625,0.10571990308723728,0.6532414074846498,66
historical80,cumulative_mean,state_average,8,16,24,strong_fixed_support,randi_wild_type,flow,1051,139,0.13225499524262607,0.6070380537675124,0.21147939318520143,0.5537393582947144,27
historical80,cumulative_mean,state_average,8,16,24,strong_fixed_support,cook_struct,flow,4503,838,0.18609815678436598,0.6055387510704041,0.27913247849069556,0.5926839388974542,57
historical80,cumulative_mean,state_average,8,16,24,strong_fixed_support,cook_chem,flow,4503,746,0.16566733288918498,0.5952698840627075,0.24389645826668138,0.5732610123983078,57
historical80,cumulative_mean,state_average,8,16,24,strong_fixed_support,cook_gap,flow,4503,231,0.051299133910726186,0.6547223843572157,0.11521156163536164,0.6643656991713501,47
historical80,cumulative_mean,state_average,8,32,40,all_common,randi_wild_type,flow,1646,273,0.16585662211421628,0.6141947394678641,0.24391660051512343,0.5669952819818355,44
historical80,cumulative_mean,state_average,8,32,40,all_common,cook_struct,flow,6320,1267,0.2004746835443038,0.6073404079347706,0.2990014147394494,0.5811922984442675,80
historical80,cumulative_mean,state_average,8,32,40,all_common,cook_chem,flow,6320,1145,0.18117088607594936,0.6014858131341898,0.2679520748729124,0.5704283071517201,80
historical80,cumulative_mean,state_average,8,32,40,all_common,cook_gap,flow,6320,321,0.05079113924050633,0.6417300079608282,0.10213496654323262,0.6384255901769303,66
historical80,cumulative_mean,state_average,8,32,40,strong_fixed_support,randi_wild_type,flow,1051,139,0.13225499524262607,0.6028177458033573,0.20440995303837223,0.5260913455735267,27
historical80,cumulative_mean,state_average,8,32,40,strong_fixed_support,cook_struct,flow,4503,838,0.18609815678436598,0.5980200373135542,0.27411810853781515,0.5850521483755418,57
historical80,cumulative_mean,state_average,8,32,40,strong_fixed_support,cook_chem,flow,4503,746,0.16566733288918498,0.5904335142764785,0.24040712476841716,0.571576116466535,57
historical80,cumulative_mean,state_average,8,32,40,strong_fixed_support,cook_gap,flow,4503,231,0.051299133910726186,0.6399620198777503,0.1110996608495386,0.6517719612272983,47
historical80,cumulative_mean,state_average,16,1,17,all_common,randi_wild_type,flow,1646,273,0.16585662211421628,0.6354364256767754,0.25386847974968296,0.5854833009213709,44
historical80,cumulative_mean,state_average,16,1,17,all_common,cook_struct,flow,6320,1267,0.2004746835443038,0.6111256982223631,0.30364107976353033,0.5861081554015175,80
historical80,cumulative_mean,state_average,16,1,17,all_common,cook_chem,flow,6320,1145,0.18117088607594936,0.6045217391304347,0.2710657995300107,0.5741102201202167,80
historical80,cumulative_mean,state_average,16,1,17,all_common,cook_gap,flow,6320,321,0.05079113924050633,0.6397987411193662,0.10355745539459897,0.633176131138922,66
historical80,cumulative_mean,state_average,16,1,17,strong_fixed_support,randi_wild_type,flow,1051,139,0.13225499524262607,0.6134197904834028,0.21129342966629255,0.5400633988026894,27
historical80,cumulative_mean,state_average,16,1,17,strong_fixed_support,cook_struct,flow,4503,838,0.18609815678436598,0.6110553614628477,0.2795889359398077,0.5972748491604932,57
historical80,cumulative_mean,state_average,16,1,17,strong_fixed_support,cook_chem,flow,4503,746,0.16566733288918498,0.6018634741512001,0.2451420289072221,0.5816991222923265,57
historical80,cumulative_mean,state_average,16,1,17,strong_fixed_support,cook_gap,flow,4503,231,0.051299133910726186,0.6489189649302008,0.11301419220044182,0.6569758236121613,47
historical80,cumulative_mean,state_average,16,2,18,all_common,randi_wild_type,flow,1646,273,0.16585662211421628,0.6337930096123832,0.2530801652047747,0.5853227067963744,44
historical80,cumulative_mean,state_average,16,2,18,all_common,cook_struct,flow,6320,1267,0.2004746835443038,0.6106219612752026,0.3030926884765302,0.5851206529857785,80
historical80,cumulative_mean,state_average,16,2,18,all_common,cook_chem,flow,6320,1145,0.18117088607594936,0.6043133135033648,0.2707390220726472,0.573498377104482,80
historical80,cumulative_mean,state_average,16,2,18,all_common,cook_gap,flow,6320,321,0.05079113924050633,0.6386703079796788,0.10300042786805,0.6320843561488508,66
historical80,cumulative_mean,state_average,16,2,18,strong_fixed_support,randi_wild_type,flow,1051,139,0.13225499524262607,0.6138378770667676,0.21063861506965176,0.5414560354357834,27
historical80,cumulative_mean,state_average,16,2,18,strong_fixed_support,cook_struct,flow,4503,838,0.18609815678436598,0.6105822672705428,0.2790567309772576,0.5965122213368568,57
historical80,cumulative_mean,state_average,16,2,18,strong_fixed_support,cook_chem,flow,4503,746,0.16566733288918498,0.6015259451347654,0.24482287751481777,0.5813916129427203,57
historical80,cumulative_mean,state_average,16,2,18,strong_fixed_support,cook_gap,flow,4503,231,0.051299133910726186,0.648169090584821,0.11235866601188745,0.6558834090820356,47
historical80,cumulative_mean,state_average,16,4,20,all_common,randi_wild_type,flow,1646,273,0.16585662211421628,0.6322723161761763,0.25190086418475155,0.5839793125983698,44
historical80,cumulative_mean,state_average,16,4,20,all_common,cook_struct,flow,6320,1267,0.2004746835443038,0.6098026272732399,0.3020833112181784,0.5836673064871734,80
historical80,cumulative_mean,state_average,16,4,20,all_common,cook_chem,flow,6320,1145,0.18117088607594936,0.6039692846444318,0.27008579933975896,0.5730092440094022,80
historical80,cumulative_mean,state_average,16,4,20,all_common,cook_gap,flow,6320,321,0.05079113924050633,0.6364526486501644,0.10209482393672215,0.6291230225466271,66
historical80,cumulative_mean,state_average,16,4,20,strong_fixed_support,randi_wild_type,flow,1051,139,0.13225499524262607,0.6136248895620346,0.20818175558443788,0.5411999073419378,27
historical80,cumulative_mean,state_average,16,4,20,strong_fixed_support,cook_struct,flow,4503,838,0.18609815678436598,0.6093941594193932,0.27810946462484887,0.5948453480487936,57
historical80,cumulative_mean,state_average,16,4,20,strong_fixed_support,cook_chem,flow,4503,746,0.16566733288918498,0.6005914964095619,0.2440676192641145,0.5808349639135695,57
historical80,cumulative_mean,state_average,16,4,20,strong_fixed_support,cook_gap,flow,4503,231,0.051299133910726186,0.6460866692608265,0.11163552203981478,0.6523140610036736,47
historical80,cumulative_mean,state_average,16,8,24,all_common,randi_wild_type,flow,1646,273,0.16585662211421628,0.6297591701816029,0.2498411477218253,0.5838734620763973,44
historical80,cumulative_mean,state_average,16,8,24,all_common,cook_struct,flow,6320,1267,0.2004746835443038,0.6092208696733332,0.3004910429904181,0.5813150147173501,80
historical80,cumulative_mean,state_average,16,8,24,all_common,cook_chem,flow,6320,1145,0.18117088607594936,0.6039884395502395,0.26912786677623524,0.572492829630163,80
historical80,cumulative_mean,state_average,16,8,24,all_common,cook_gap,flow,6320,321,0.05079113924050633,0.6343959714988843,0.10099292617367096,0.6234853662011924,66
historical80,cumulative_mean,state_average,16,8,24,strong_fixed_support,randi_wild_type,flow,1051,139,0.13225499524262607,0.6120077622112836,0.20594182302922354,0.5425377843243034,27
historical80,cumulative_mean,state_average,16,8,24,strong_fixed_support,cook_struct,flow,4503,838,0.18609815678436598,0.6069883142804118,0.2766646879040696,0.5920454507500207,57
historical80,cumulative_mean,state_average,16,8,24,strong_fixed_support,cook_chem,flow,4503,746,0.16566733288918498,0.5989538027674526,0.24300939564240376,0.5803025244822257,57
historical80,cumulative_mean,state_average,16,8,24,strong_fixed_support,cook_gap,flow,4503,231,0.051299133910726186,0.641614783468716,0.11025104006993844,0.6476387134811381,47
historical80,cumulative_mean,state_average,16,16,32,all_common,randi_wild_type,flow,1646,273,0.16585662211421628,0.6227266300099512,0.245303850347043,0.5653566032607112,44
historical80,cumulative_mean,state_average,16,16,32,all_common,cook_struct,flow,6320,1267,0.2004746835443038,0.6064177492845764,0.29746996345615845,0.5774056856071688,80
historical80,cumulative_mean,state_average,16,16,32,all_common,cook_chem,flow,6320,1145,0.18117088607594936,0.6023055080902052,0.26717500801510863,0.5706370054168372,80
historical80,cumulative_mean,state_average,16,16,32,all_common,cook_gap,flow,6320,321,0.05079113924050633,0.62940656256832,0.09886868604742967,0.6204616778215747,66
historical80,cumulative_mean,state_average,16,16,32,strong_fixed_support,randi_wild_type,flow,1051,139,0.13225499524262607,0.6097043417897261,0.20313000765897016,0.5340359906688551,27
historical80,cumulative_mean,state_average,16,16,32,strong_fixed_support,cook_struct,flow,4503,838,0.18609815678436598,0.6010158664005444,0.27346148470103193,0.5864406669072526,57
historical80,cumulative_mean,state_average,16,16,32,strong_fixed_support,cook_chem,flow,4503,746,0.16566733288918498,0.594476726553686,0.24047558737741564,0.5772386688499643,57
historical80,cumulative_mean,state_average,16,16,32,strong_fixed_support,cook_gap,flow,4503,231,0.051299133910726186,0.6322677010879257,0.10740503372661045,0.6419457619099141,47
historical80,cumulative_mean,state_average,16,32,48,all_common,randi_wild_type,flow,1646,273,0.16585662211421628,0.6030216445365754,0.2428582914312224,0.5437865020952487,44
historical80,cumulative_mean,state_average,16,32,48,all_common,cook_struct,flow,6320,1267,0.2004746835443038,0.5985950659395569,0.29208759319226396,0.5677225442780764,80
historical80,cumulative_mean,state_average,16,32,48,all_common,cook_chem,flow,6320,1145,0.18117088607594936,0.5967131194228215,0.2634878888198591,0.564696746586913,80
historical80,cumulative_mean,state_average,16,32,48,all_common,cook_gap,flow,6320,321,0.05079113924050633,0.6193041519380955,0.09734488705898539,0.6071735147103509,66
historical80,cumulative_mean,state_average,16,32,48,strong_fixed_support,randi_wild_type,flow,1051,139,0.13225499524262607,0.6020762337498422,0.19944697606195586,0.5193421302934823,27
historical80,cumulative_mean,state_average,16,32,48,strong_fixed_support,cook_struct,flow,4503,838,0.18609815678436598,0.5906221204908718,0.2683946690766904,0.5757238066675502,57
historical80,cumulative_mean,state_average,16,32,48,strong_fixed_support,cook_chem,flow,4503,746,0.16566733288918498,0.5867474547957308,0.23629398567405824,0.571489385722969,57
historical80,cumulative_mean,state_average,16,32,48,strong_fixed_support,cook_gap,flow,4503,231,0.051299133910726186,0.6184254260096956,0.1043286110601922,0.6268974929273893,47
historical80,cumulative_mean,baseline,1,1,2,all_common,randi_wild_type,flow,1646,273,0.16585662211421628,0.6613122250412855,0.3182369394777292,0.6354304878969894,44
historical80,cumulative_mean,baseline,1,1,2,all_common,cook_struct,flow,6320,1267,0.2004746835443038,0.6277985320871063,0.3206682281676453,0.6190316976154343,80
historical80,cumulative_mean,baseline,1,1,2,all_common,cook_chem,flow,6320,1145,0.18117088607594936,0.6205192076450858,0.28197712560277644,0.6043847207033656,80
historical80,cumulative_mean,baseline,1,1,2,all_common,cook_gap,flow,6320,321,0.05079113924050633,0.6358152111540916,0.11805415796689564,0.6846467956982873,66
historical80,cumulative_mean,baseline,1,1,2,strong_fixed_support,randi_wild_type,flow,1051,139,0.13225499524262607,0.6156127729395432,0.2554241284288186,0.5834535265349865,27
historical80,cumulative_mean,baseline,1,1,2,strong_fixed_support,cook_struct,flow,4503,838,0.18609815678436598,0.6154154470300559,0.29172785903924564,0.6123918342897201,57
historical80,cumulative_mean,baseline,1,1,2,strong_fixed_support,cook_chem,flow,4503,746,0.16566733288918498,0.6051567012354419,0.25368234504142406,0.5932521522781095,57
historical80,cumulative_mean,baseline,1,1,2,strong_fixed_support,cook_gap,flow,4503,231,0.051299133910726186,0.637871491804076,0.12465472037580842,0.6748748860053196,47
historical80,cumulative_mean,baseline,1,2,3,all_common,randi_wild_type,flow,1646,273,0.16585662211421628,0.6602397359862764,0.3156873472447942,0.6300948401380829,44
historical80,cumulative_mean,baseline,1,2,3,all_common,cook_struct,flow,6320,1267,0.2004746835443038,0.6269431945607031,0.32002544316669845,0.6174229721715572,80
historical80,cumulative_mean,baseline,1,2,3,all_common,cook_chem,flow,6320,1145,0.18117088607594936,0.6197248275425606,0.281633531034653,0.6027073314469018,80
historical80,cumulative_mean,baseline,1,2,3,all_common,cook_gap,flow,6320,321,0.05079113924050633,0.6363994206718773,0.11764182051815285,0.6839720456242188,66
historical80,cumulative_mean,baseline,1,2,3,strong_fixed_support,randi_wild_type,flow,1051,139,0.13225499524262607,0.6145241701375741,0.2543362975761253,0.5776776821452207,27
historical80,cumulative_mean,baseline,1,2,3,strong_fixed_support,cook_struct,flow,4503,838,0.18609815678436598,0.6155287552055013,0.2917271846798363,0.6114808874086655,57
historical80,cumulative_mean,baseline,1,2,3,strong_fixed_support,cook_chem,flow,4503,746,0.16566733288918498,0.6052844342036063,0.2538210133478411,0.5923238066571301,57
historical80,cumulative_mean,baseline,1,2,3,strong_fixed_support,cook_gap,flow,4503,231,0.051299133910726186,0.6399873534704995,0.1250979674106581,0.6747934456410343,47
historical80,cumulative_mean,baseline,1,4,5,all_common,randi_wild_type,flow,1646,273,0.16585662211421628,0.6576598929111674,0.3097552857431737,0.6307326107619236,44
historical80,cumulative_mean,baseline,1,4,5,all_common,cook_struct,flow,6320,1267,0.2004746835443038,0.6252022171923155,0.31860312832761084,0.614765284802193,80
historical80,cumulative_mean,baseline,1,4,5,all_common,cook_chem,flow,6320,1145,0.18117088607594936,0.6176717929244984,0.2804827976635836,0.5995165740020647,80
historical80,cumulative_mean,baseline,1,4,5,all_common,cook_gap,flow,6320,321,0.05079113924050633,0.638893086542461,0.117301581814474,0.681914007341657,66
historical80,cumulative_mean,baseline,1,4,5,strong_fixed_support,randi_wild_type,flow,1051,139,0.13225499524262607,0.614027199293197,0.2508639392993547,0.5830749486575534,27
historical80,cumulative_mean,baseline,1,4,5,strong_fixed_support,cook_struct,flow,4503,838,0.18609815678436598,0.6159660335952227,0.2916968940090544,0.6108014715538556,57
historical80,cumulative_mean,baseline,1,4,5,strong_fixed_support,cook_chem,flow,4503,746,0.16566733288918498,0.6058032155882745,0.25382402239554,0.5912290582408751,57
historical80,cumulative_mean,baseline,1,4,5,strong_fixed_support,cook_gap,flow,4503,231,0.051299133910726186,0.6427547951424355,0.1253861847730296,0.6737416311831494,47
historical80,cumulative_mean,baseline,1,8,9,all_common,randi_wild_type,flow,1646,273,0.16585662211421628,0.6527056337689987,0.2958977864246084,0.6279428705327006,44
historical80,cumulative_mean,baseline,1,8,9,all_common,cook_struct,flow,6320,1267,0.2004746835443038,0.6210142497420007,0.31557968435381245,0.6076965982785016,80
historical80,cumulative_mean,baseline,1,8,9,all_common,cook_chem,flow,6320,1145,0.18117088607594936,0.6125936333143472,0.2780312302500366,0.5903084677681294,80
historical80,cumulative_mean,baseline,1,8,9,all_common,cook_gap,flow,6320,321,0.05079113924050633,0.6448016517810082,0.11517074996496841,0.6800056920439296,66
historical80,cumulative_mean,baseline,1,8,9,strong_fixed_support,randi_wild_type,flow,1051,139,0.13225499524262607,0.6184762716142875,0.24429102044243692,0.5811819364341089,27
historical80,cumulative_mean,baseline,1,8,9,strong_fixed_support,cook_struct,flow,4503,838,0.18609815678436598,0.6145304711080433,0.2899330369310229,0.6064451246631366,57
historical80,cumulative_mean,baseline,1,8,9,strong_fixed_support,cook_chem,flow,4503,746,0.16566733288918498,0.6038251385617268,0.2523059661639274,0.584308598936133,57
historical80,cumulative_mean,baseline,1,8,9,strong_fixed_support,cook_gap,flow,4503,231,0.051299133910726186,0.6448838302770886,0.12315378361551678,0.671780120393838,47
historical80,cumulative_mean,baseline,1,16,17,all_common,randi_wild_type,flow,1646,273,0.16585662211421628,0.6344706519506228,0.2705740388632115,0.6127969167357299,44
historical80,cumulative_mean,baseline,1,16,17,all_common,cook_struct,flow,6320,1267,0.2004746835443038,0.6128510558404512,0.30924975187642534,0.5985000556662603,80
historical80,cumulative_mean,baseline,1,16,17,all_common,cook_chem,flow,6320,1145,0.18117088607594936,0.6055853005084066,0.27366336854076284,0.5831265800993775,80
historical80,cumulative_mean,baseline,1,16,17,all_common,cook_gap,flow,6320,321,0.05079113924050633,0.6386292834890965,0.11051451687970223,0.6649737933129949,66
historical80,cumulative_mean,baseline,1,16,17,strong_fixed_support,randi_wild_type,flow,1051,139,0.13225499524262607,0.613041146030544,0.23267531829362686,0.5664541966854636,27
historical80,cumulative_mean,baseline,1,16,17,strong_fixed_support,cook_struct,flow,4503,838,0.18609815678436598,0.6092740136816366,0.28503518165478264,0.6038361036857517,57
historical80,cumulative_mean,baseline,1,16,17,strong_fixed_support,cook_chem,flow,4503,746,0.16566733288918498,0.6007499138337659,0.24890162135642455,0.5847269402038937,57
historical80,cumulative_mean,baseline,1,16,17,strong_fixed_support,cook_gap,flow,4503,231,0.051299133910726186,0.6369746826207501,0.11968017784480835,0.6646086397317759,47
historical80,cumulative_mean,baseline,1,32,33,all_common,randi_wild_type,flow,1646,273,0.16585662211421628,0.6282784949937171,0.2524573064363301,0.6089991755587705,44
historical80,cumulative_mean,baseline,1,32,33,all_common,cook_struct,flow,6320,1267,0.2004746835443038,0.6074833286500115,0.30268156074190977,0.5917127006998195,80
historical80,cumulative_mean,baseline,1,32,33,all_common,cook_chem,flow,6320,1145,0.18117088607594936,0.601534755184271,0.2701310160971547,0.5774659928644652,80
historical80,cumulative_mean,baseline,1,32,33,all_common,cook_gap,flow,6320,321,0.05079113924050633,0.6309779563468262,0.10392252702435897,0.6420409767351318,66
historical80,cumulative_mean,baseline,1,32,33,strong_fixed_support,randi_wild_type,flow,1051,139,0.13225499524262607,0.6209847911144768,0.21873611776596125,0.580975829986675,27
historical80,cumulative_mean,baseline,1,32,33,strong_fixed_support,cook_struct,flow,4503,838,0.18609815678436598,0.6063403738518593,0.2809523873227685,0.6048034880118579,57
historical80,cumulative_mean,baseline,1,32,33,strong_fixed_support,cook_chem,flow,4503,746,0.16566733288918498,0.5983347617066552,0.24602781212734978,0.5863303106842828,57
historical80,cumulative_mean,baseline,1,32,33,strong_fixed_support,cook_gap,flow,4503,231,0.051299133910726186,0.6357688036058823,0.11449255503439879,0.6641630529639339,47
historical80,cumulative_mean,baseline,4,1,5,all_common,randi_wild_type,flow,1646,273,0.16585662211421628,0.6654367725015942,0.3080333062489917,0.6412937766902912,44
historical80,cumulative_mean,baseline,4,1,5,all_common,cook_struct,flow,6320,1267,0.2004746835443038,0.6258837068978848,0.31562426647198655,0.6082087008256852,80
historical80,cumulative_mean,baseline,4,1,5,all_common,cook_chem,flow,6320,1145,0.18117088607594936,0.6145337636858428,0.2760601028924271,0.5866292415033374,80
historical80,cumulative_mean,baseline,4,1,5,all_common,cook_gap,flow,6320,321,0.05079113924050633,0.670769635022244,0.12091918830704741,0.6904023884268523,66
historical80,cumulative_mean,baseline,4,1,5,strong_fixed_support,randi_wild_type,flow,1051,139,0.13225499524262607,0.6181528461441373,0.25013463887944737,0.5971717567200324,27
historical80,cumulative_mean,baseline,4,1,5,strong_fixed_support,cook_struct,flow,4503,838,0.18609815678436598,0.6177229615110361,0.28940917046445336,0.6051173613440092,57
historical80,cumulative_mean,baseline,4,1,5,strong_fixed_support,cook_chem,flow,4503,746,0.16566733288918498,0.606486836725155,0.2515148877025148,0.5794590691291922,57
historical80,cumulative_mean,baseline,4,1,5,strong_fixed_support,cook_gap,flow,4503,231,0.051299133910726186,0.6612787181607406,0.12465782271825873,0.6777071709493424,47
historical80,cumulative_mean,baseline,4,2,6,all_common,randi_wild_type,flow,1646,273,0.16585662211421628,0.6618538053352329,0.30395219444923777,0.6358989062086303,44
historical80,cumulative_mean,baseline,4,2,6,all_common,cook_struct,flow,6320,1267,0.2004746835443038,0.6250547667494878,0.31474351558376956,0.6068872122670762,80
historical80,cumulative_mean,baseline,4,2,6,all_common,cook_chem,flow,6320,1145,0.18117088607594936,0.6138289981646732,0.2754007099067588,0.5854084509875642,80
historical80,cumulative_mean,baseline,4,2,6,all_common,cook_gap,flow,6320,321,0.05079113924050633,0.6704658460729955,0.12026923795265573,0.6887056895404442,66
historical80,cumulative_mean,baseline,4,2,6,strong_fixed_support,randi_wild_type,flow,1051,139,0.13225499524262607,0.6156285497917456,0.24793655835316947,0.5913431181091234,27
historical80,cumulative_mean,baseline,4,2,6,strong_fixed_support,cook_struct,flow,4503,838,0.18609815678436598,0.6168086817505463,0.28837504844445444,0.6043729975590459,57
historical80,cumulative_mean,baseline,4,2,6,strong_fixed_support,cook_chem,flow,4503,746,0.16566733288918498,0.605847815088332,0.2508410806613018,0.579012802345346,57
historical80,cumulative_mean,baseline,4,2,6,strong_fixed_support,cook_gap,flow,4503,231,0.051299133910726186,0.6591679232128671,0.12346189748437089,0.6758081490340238,47
historical80,cumulative_mean,baseline,4,4,8,all_common,randi_wild_type,flow,1646,273,0.16585662211421628,0.6558350607877191,0.2952083955504703,0.6298385575459802,44
historical80,cumulative_mean,baseline,4,4,8,all_common,cook_struct,flow,6320,1267,0.2004746835443038,0.6232980134332977,0.31305098586179336,0.6042743740766481,80
historical80,cumulative_mean,baseline,4,4,8,all_common,cook_chem,flow,6320,1145,0.18117088607594936,0.6122280868299474,0.27423760009454606,0.5834381141233147,80
historical80,cumulative_mean,baseline,4,4,8,all_common,cook_gap,flow,6320,321,0.05079113924050633,0.6685527546387533,0.1189155182565035,0.686654430888785,66
historical80,cumulative_mean,baseline,4,4,8,strong_fixed_support,randi_wild_type,flow,1051,139,0.13225499524262607,0.6152499053388868,0.24277267625810356,0.5864663431193231,27
historical80,cumulative_mean,baseline,4,4,8,strong_fixed_support,cook_struct,flow,4503,838,0.18609815678436598,0.6149133745974793,0.28643674173324846,0.6016434244079852,57
historical80,cumulative_mean,baseline,4,4,8,strong_fixed_support,cook_chem,flow,4503,746,0.16566733288918498,0.6042268908582442,0.24929362883694847,0.5771690707563838,57
historical80,cumulative_mean,baseline,4,4,8,strong_fixed_support,cook_gap,flow,4503,231,0.051299133910726186,0.6548824926633915,0.12197871697037108,0.6720129898792563,47
historical80,cumulative_mean,baseline,4,8,12,all_common,randi_wild_type,flow,1646,273,0.16585662211421628,0.648490378279162,0.2824033851683286,0.6292194169110206,44
historical80,cumulative_mean,baseline,4,8,12,all_common,cook_struct,flow,6320,1267,0.2004746835443038,0.6196522075158801,0.3097303126285848,0.5992926098085883,80
historical80,cumulative_mean,baseline,4,8,12,all_common,cook_chem,flow,6320,1145,0.18117088607594936,0.6088107503744489,0.27165397069742653,0.580197073528314,80
historical80,cumulative_mean,baseline,4,8,12,all_common,cook_gap,flow,6320,321,0.05079113924050633,0.6652728725815673,0.11641995181876735,0.6757269696217504,66
historical80,cumulative_mean,baseline,4,8,12,strong_fixed_support,randi_wild_type,flow,1051,139,0.13225499524262607,0.620180171652152,0.2350834421199478,0.5874514157223296,27
historical80,cumulative_mean,baseline,4,8,12,strong_fixed_support,cook_struct,flow,4503,838,0.18609815678436598,0.6115450611636228,0.28297355113440714,0.5983441648727967,57
historical80,cumulative_mean,baseline,4,8,12,strong_fixed_support,cook_chem,flow,4503,746,0.16566733288918498,0.6010949355662103,0.2464164562648165,0.5760854615378396,57
historical80,cumulative_mean,baseline,4,8,12,strong_fixed_support,cook_gap,flow,4503,231,0.051299133910726186,0.651345923115586,0.11897459323706949,0.663115916649338,47
historical80,cumulative_mean,baseline,4,16,20,all_common,randi_wild_type,flow,1646,273,0.16585662211421628,0.6376080826190076,0.26394052137658686,0.6165886759726209,44
historical80,cumulative_mean,baseline,4,16,20,all_common,cook_struct,flow,6320,1267,0.2004746835443038,0.6137068619593633,0.3049766583517415,0.5907702071186833,80
historical80,cumulative_mean,baseline,4,16,20,all_common,cook_chem,flow,6320,1145,0.18117088607594936,0.6036885429192245,0.2685653105754463,0.5725170788459536,80
historical80,cumulative_mean,baseline,4,16,20,all_common,cook_gap,flow,6320,321,0.05079113924050633,0.6545436700509275,0.11117480660488893,0.6582636353353895,66
historical80,cumulative_mean,baseline,4,16,20,strong_fixed_support,randi_wild_type,flow,1051,139,0.13225499524262607,0.6192493373722076,0.22200790558985734,0.5803045648739242,27
historical80,cumulative_mean,baseline,4,16,20,strong_fixed_support,cook_struct,flow,4503,838,0.18609815678436598,0.6071651141058911,0.2785863008383468,0.5929881180637662,57
historical80,cumulative_mean,baseline,4,16,20,strong_fixed_support,cook_chem,flow,4503,746,0.16566733288918498,0.5969304126488464,0.2428474514139427,0.5712719175279438,57
historical80,cumulative_mean,baseline,4,16,20,strong_fixed_support,cook_gap,flow,4503,231,0.051299133910726186,0.6466034745529128,0.11546017340970699,0.6563419158793751,47
historical80,cumulative_mean,baseline,4,32,36,all_common,randi_wild_type,flow,1646,273,0.16585662211421628,0.6243380314756862,0.24866246650534726,0.5915594376532192,44
historical80,cumulative_mean,baseline,4,32,36,all_common,cook_struct,flow,6320,1267,0.2004746835443038,0.6052839116103321,0.2989744347868786,0.5802501532234396,80
historical80,cumulative_mean,baseline,4,32,36,all_common,cook_chem,flow,6320,1145,0.18117088607594936,0.5968022277071072,0.26536953308723327,0.5656086913838373,80
historical80,cumulative_mean,baseline,4,32,36,all_common,cook_gap,flow,6320,321,0.05079113924050633,0.6406171537416152,0.10462158142127555,0.6337789320540239,66
historical80,cumulative_mean,baseline,4,32,36,strong_fixed_support,randi_wild_type,flow,1051,139,0.13225499524262607,0.6187602549539316,0.21112027740091324,0.57013738340795,27
historical80,cumulative_mean,baseline,4,32,36,strong_fixed_support,cook_struct,flow,4503,838,0.18609815678436598,0.5987190966603392,0.27306132985198445,0.5868767620974247,57
historical80,cumulative_mean,baseline,4,32,36,strong_fixed_support,cook_chem,flow,4503,746,0.16566733288918498,0.5892336093269329,0.23915444246211376,0.5688673432386859,57
historical80,cumulative_mean,baseline,4,32,36,strong_fixed_support,cook_gap,flow,4503,231,0.051299133910726186,0.6325828509817274,0.10952706700375833,0.641007150603197,47
historical80,cumulative_mean,baseline,8,1,9,all_common,randi_wild_type,flow,1646,273,0.16585662211421628,0.6417486373786445,0.2717318289609554,0.6065105447066301,44
historical80,cumulative_mean,baseline,8,1,9,all_common,cook_struct,flow,6320,1267,0.2004746835443038,0.6130140479348268,0.3061042269290369,0.5947731717936717,80
historical80,cumulative_mean,baseline,8,1,9,all_common,cook_chem,flow,6320,1145,0.18117088607594936,0.6021614665738456,0.2712028118122023,0.5774196389355586,80
historical80,cumulative_mean,baseline,8,1,9,all_common,cook_gap,flow,6320,321,0.05079113924050633,0.6612768794799132,0.11172455883845729,0.6767204765205092,66
historical80,cumulative_mean,baseline,8,1,9,strong_fixed_support,randi_wild_type,flow,1051,139,0.13225499524262607,0.5979348100466995,0.22480619995449946,0.5502185708192759,27
historical80,cumulative_mean,baseline,8,1,9,strong_fixed_support,cook_struct,flow,4503,838,0.18609815678436598,0.6092600129588086,0.28314739064130345,0.5997027125360366,57
historical80,cumulative_mean,baseline,8,1,9,strong_fixed_support,cook_chem,flow,4503,746,0.16566733288918498,0.5978116987699815,0.24714722270640943,0.5799804584543836,57
historical80,cumulative_mean,baseline,8,1,9,strong_fixed_support,cook_gap,flow,4503,231,0.051299133910726186,0.6625737714220862,0.12240292629300106,0.6834825562661356,47
historical80,cumulative_mean,baseline,8,2,10,all_common,randi_wild_type,flow,1646,273,0.16585662211421628,0.6383124037894612,0.2688201075065816,0.6046672997966044,44
historical80,cumulative_mean,baseline,8,2,10,all_common,cook_struct,flow,6320,1267,0.2004746835443038,0.6122842151020805,0.305425254798954,0.5940344700204955,80
historical80,cumulative_mean,baseline,8,2,10,all_common,cook_chem,flow,6320,1145,0.18117088607594936,0.6015718836360568,0.27083476417486063,0.5769350936472678,80
historical80,cumulative_mean,baseline,8,2,10,all_common,cook_gap,flow,6320,321,0.05079113924050633,0.659999408001022,0.11076564019968806,0.6749853072897172,66
historical80,cumulative_mean,baseline,8,2,10,strong_fixed_support,randi_wild_type,flow,1051,139,0.13225499524262607,0.5964044553830621,0.2237328787799234,0.5502168099215571,27
historical80,cumulative_mean,baseline,8,2,10,strong_fixed_support,cook_struct,flow,4503,838,0.18609815678436598,0.609021675072527,0.28263065309807067,0.5996948686795434,57
historical80,cumulative_mean,baseline,8,2,10,strong_fixed_support,cook_chem,flow,4503,746,0.16566733288918498,0.5976707643497999,0.24685483475561826,0.580169335135866,57
historical80,cumulative_mean,baseline,8,2,10,strong_fixed_support,cook_gap,flow,4503,231,0.051299133910726186,0.6622819284336138,0.12107164806534867,0.6837379364905697,47
historical80,cumulative_mean,baseline,8,4,12,all_common,randi_wild_type,flow,1646,273,0.16585662211421628,0.6341798526794886,0.2635236710048484,0.6016424638334711,44
historical80,cumulative_mean,baseline,8,4,12,all_common,cook_struct,flow,6320,1267,0.2004746835443038,0.6106157914738344,0.30414150969047427,0.591129873051268,80
historical80,cumulative_mean,baseline,8,4,12,all_common,cook_chem,flow,6320,1145,0.18117088607594936,0.6003383752083201,0.27000703365404,0.5740794162694801,80
historical80,cumulative_mean,baseline,8,4,12,all_common,cook_gap,flow,6320,321,0.05079113924050633,0.6563542002587139,0.10934492526290368,0.6684423016404557,66
historical80,cumulative_mean,baseline,8,4,12,strong_fixed_support,randi_wild_type,flow,1051,139,0.13225499524262607,0.5943376877445412,0.2188822465734327,0.5487108676243846,27
historical80,cumulative_mean,baseline,8,4,12,strong_fixed_support,cook_struct,flow,4503,838,0.18609815678436598,0.6074716648161835,0.28157931859371016,0.5968049596726369,57
historical80,cumulative_mean,baseline,8,4,12,strong_fixed_support,cook_chem,flow,4503,746,0.16566733288918498,0.5963359905120807,0.2457946969521342,0.5770206156457008,57
historical80,cumulative_mean,baseline,8,4,12,strong_fixed_support,cook_gap,flow,4503,231,0.051299133910726186,0.6604959101447866,0.1201461901715396,0.6800289012496967,47
historical80,cumulative_mean,baseline,8,8,16,all_common,randi_wild_type,flow,1646,273,0.16585662211421628,0.6267764767400601,0.25574475383577455,0.5948735326907081,44
historical80,cumulative_mean,baseline,8,8,16,all_common,cook_struct,flow,6320,1267,0.2004746835443038,0.6083006320844353,0.3021521517706729,0.5878650253434149,80
historical80,cumulative_mean,baseline,8,8,16,all_common,cook_chem,flow,6320,1145,0.18117088607594936,0.5986143493027867,0.2689412464549672,0.5715889338364402,80
historical80,cumulative_mean,baseline,8,8,16,all_common,cook_gap,flow,6320,321,0.05079113924050633,0.6494467665690907,0.10665279801970404,0.6573096896664438,66
historical80,cumulative_mean,baseline,8,8,16,strong_fixed_support,randi_wild_type,flow,1051,139,0.13225499524262607,0.5964912280701754,0.21500965886512063,0.5509161288169842,27
historical80,cumulative_mean,baseline,8,8,16,strong_fixed_support,cook_struct,flow,4503,838,0.18609815678436598,0.6070516431313431,0.2797207894614959,0.5953360124529127,57
historical80,cumulative_mean,baseline,8,8,16,strong_fixed_support,cook_chem,flow,4503,746,0.16566733288918498,0.5958181011174137,0.2444419877533005,0.5758973602699233,57
historical80,cumulative_mean,baseline,8,8,16,strong_fixed_support,cook_gap,flow,4503,231,0.051299133910726186,0.6599117174959871,0.11745648800682985,0.676658460629674,47
historical80,cumulative_mean,baseline,8,16,24,all_common,randi_wild_type,flow,1646,273,0.16585662211421628,0.6179671263429457,0.24805264839967528,0.5765848331528508,44
historical80,cumulative_mean,baseline,8,16,24,all_common,cook_struct,flow,6320,1267,0.2004746835443038,0.605292814868003,0.29945015830840793,0.5824768959290921,80
historical80,cumulative_mean,baseline,8,16,24,all_common,cook_chem,flow,6320,1145,0.18117088607594936,0.5963217517878615,0.26771142576834484,0.5679033664631898,80
historical80,cumulative_mean,baseline,8,16,24,all_common,cook_gap,flow,6320,321,0.05079113924050633,0.6484720454447495,0.10368599823643067,0.6519039153203119,66
historical80,cumulative_mean,baseline,8,16,24,strong_fixed_support,randi_wild_type,flow,1051,139,0.13225499524262607,0.6007588665909378,0.21007602467758457,0.5434872259541758,27
historical80,cumulative_mean,baseline,8,16,24,strong_fixed_support,cook_struct,flow,4503,838,0.18609815678436598,0.6033767789871942,0.2768162961743159,0.5921722667561142,57
historical80,cumulative_mean,baseline,8,16,24,strong_fixed_support,cook_chem,flow,4503,746,0.16566733288918498,0.5926438654993254,0.242447618325835,0.5747073445130236,57
historical80,cumulative_mean,baseline,8,16,24,strong_fixed_support,cook_gap,flow,4503,231,0.051299133910726186,0.6552766833665711,0.11423218854749298,0.6706232114090345,47
historical80,cumulative_mean,baseline,8,32,40,all_common,randi_wild_type,flow,1646,273,0.16585662211421628,0.6094939292317297,0.24118076775535502,0.5667574385366133,44
historical80,cumulative_mean,baseline,8,32,40,all_common,cook_struct,flow,6320,1267,0.2004746835443038,0.5988849685051165,0.29492429837681305,0.5743394972640898,80
historical80,cumulative_mean,baseline,8,32,40,all_common,cook_chem,flow,6320,1145,0.18117088607594936,0.5927353121110478,0.26559522133853103,0.5642482759868568,80
historical80,cumulative_mean,baseline,8,32,40,all_common,cook_gap,flow,6320,321,0.05079113924050633,0.6345195642679803,0.09957643643257583,0.6343289821868633,66
historical80,cumulative_mean,baseline,8,32,40,strong_fixed_support,randi_wild_type,flow,1051,139,0.13225499524262607,0.596759434557617,0.20195899420098776,0.541168296345824,27
historical80,cumulative_mean,baseline,8,32,40,strong_fixed_support,cook_struct,flow,4503,838,0.18609815678436598,0.5926193398821986,0.2715422006992356,0.5830568027851298,57
historical80,cumulative_mean,baseline,8,32,40,strong_fixed_support,cook_chem,flow,4503,746,0.16566733288918498,0.584838596193272,0.23880788002095737,0.5709578483515861,57
historical80,cumulative_mean,baseline,8,32,40,strong_fixed_support,cook_gap,flow,4503,231,0.051299133910726186,0.6350736498208409,0.10926766464533588,0.6529699686766072,47
historical80,cumulative_mean,baseline,16,1,17,all_common,randi_wild_type,flow,1646,273,0.16585662211421628,0.6073302759391616,0.23924253822708758,0.5868195744996796,44
historical80,cumulative_mean,baseline,16,1,17,all_common,cook_struct,flow,6320,1267,0.2004746835443038,0.6046364729604159,0.30093204261865947,0.5810460720712918,80
historical80,cumulative_mean,baseline,16,1,17,all_common,cook_chem,flow,6320,1145,0.18117088607594936,0.5961909583781617,0.26822767871877223,0.5652305670328457,80
historical80,cumulative_mean,baseline,16,1,17,all_common,cook_gap,flow,6320,321,0.05079113924050633,0.6416650957921856,0.10309898638226561,0.636603730801364,66
historical80,cumulative_mean,baseline,16,1,17,strong_fixed_support,randi_wild_type,flow,1051,139,0.13225499524262607,0.59394326643948,0.2057686106513992,0.551542855816135,27
historical80,cumulative_mean,baseline,16,1,17,strong_fixed_support,cook_struct,flow,4503,838,0.18609815678436598,0.6069648712096298,0.2782700972440283,0.5931905803208135,57
historical80,cumulative_mean,baseline,16,1,17,strong_fixed_support,cook_chem,flow,4503,746,0.16566733288918498,0.5951314472145294,0.24304909533977034,0.571971612862278,57
historical80,cumulative_mean,baseline,16,1,17,strong_fixed_support,cook_gap,flow,4503,231,0.051299133910726186,0.6501674043808876,0.11269291048041821,0.658450424368528,47
historical80,cumulative_mean,baseline,16,2,18,all_common,randi_wild_type,flow,1646,273,0.16585662211421628,0.6058682759338259,0.23826833846796316,0.585573527646,44
historical80,cumulative_mean,baseline,16,2,18,all_common,cook_struct,flow,6320,1267,0.2004746835443038,0.6041619449463157,0.30046186519363216,0.5803458863414404,80
historical80,cumulative_mean,baseline,16,2,18,all_common,cook_chem,flow,6320,1145,0.18117088607594936,0.5960221926882264,0.26795811772198885,0.5647936040453467,80
historical80,cumulative_mean,baseline,16,2,18,all_common,cook_gap,flow,6320,321,0.05079113924050633,0.6406815466129091,0.10278933564658875,0.6349925197484262,66
historical80,cumulative_mean,baseline,16,2,18,strong_fixed_support,randi_wild_type,flow,1051,139,0.13225499524262607,0.5933516344818882,0.20419056198583452,0.5514488237667301,27
historical80,cumulative_mean,baseline,16,2,18,strong_fixed_support,cook_struct,flow,4503,838,0.18609815678436598,0.6061805051330558,0.2778139793678266,0.5924326599143945,57
historical80,cumulative_mean,baseline,16,2,18,strong_fixed_support,cook_chem,flow,4503,746,0.16566733288918498,0.5945652119618,0.24281972029150967,0.5714675038922169,57
historical80,cumulative_mean,baseline,16,2,18,strong_fixed_support,cook_gap,flow,4503,231,0.051299133910726186,0.6492604617604618,0.11225624968949904,0.6581431873563249,47
historical80,cumulative_mean,baseline,16,4,20,all_common,randi_wild_type,flow,1646,273,0.16585662211421628,0.6041154766573558,0.23712664804625783,0.5843662236410528,44
historical80,cumulative_mean,baseline,16,4,20,all_common,cook_struct,flow,6320,1267,0.2004746835443038,0.6033208213926851,0.299421073163167,0.5788938048057867,80
historical80,cumulative_mean,baseline,16,4,20,all_common,cook_chem,flow,6320,1145,0.18117088607594936,0.5957695504503934,0.26723494841334405,0.5644393445877167,80
historical80,cumulative_mean,baseline,16,4,20,all_common,cook_gap,flow,6320,321,0.05079113924050633,0.6387876691805852,0.10214986102995818,0.6303387029229098,66
historical80,cumulative_mean,baseline,16,4,20,strong_fixed_support,randi_wild_type,flow,1051,139,0.13225499524262607,0.5930045437334344,0.20240422614998083,0.5508470445010827,27
historical80,cumulative_mean,baseline,16,4,20,strong_fixed_support,cook_struct,flow,4503,838,0.18609815678436598,0.604487720063687,0.27649023971765213,0.5907755410671205,57
historical80,cumulative_mean,baseline,16,4,20,strong_fixed_support,cook_chem,flow,4503,746,0.16566733288918498,0.5932868118921534,0.24185970707404633,0.5711544790844071,57
historical80,cumulative_mean,baseline,16,4,20,strong_fixed_support,cook_gap,flow,4503,231,0.051299133910726186,0.6469206511341342,0.11122405077226462,0.6554336286055079,47
historical80,cumulative_mean,baseline,16,8,24,all_common,randi_wild_type,flow,1646,273,0.16585662211421628,0.6003137430668385,0.23448173715396048,0.5729111114608247,44
historical80,cumulative_mean,baseline,16,8,24,all_common,cook_struct,flow,6320,1267,0.2004746835443038,0.602112789904518,0.29772791760594686,0.5760847340609613,80
historical80,cumulative_mean,baseline,16,8,24,all_common,cook_chem,flow,6320,1145,0.18117088607594936,0.5951790393013101,0.26614442615215383,0.5627043200010873,80
historical80,cumulative_mean,baseline,16,8,24,all_common,cook_gap,flow,6320,321,0.05079113924050633,0.6362207823837721,0.10050519152862772,0.621893535352411,66
historical80,cumulative_mean,baseline,16,8,24,strong_fixed_support,randi_wild_type,flow,1051,139,0.13225499524262607,0.5916004038874163,0.19944488517172715,0.5459337133562081,27
historical80,cumulative_mean,baseline,16,8,24,strong_fixed_support,cook_struct,flow,4503,838,0.18609815678436598,0.6014476096207757,0.274825679612517,0.5873636607323334,57
historical80,cumulative_mean,baseline,16,8,24,strong_fixed_support,cook_chem,flow,4503,746,0.16566733288918498,0.5909337422691227,0.24043532150665586,0.5690001201416564,57
historical80,cumulative_mean,baseline,16,8,24,strong_fixed_support,cook_gap,flow,4503,231,0.051299133910726186,0.6418985197075086,0.10974335893944684,0.6483878890415601,47
historical80,cumulative_mean,baseline,16,16,32,all_common,randi_wild_type,flow,1646,273,0.16585662211421628,0.5954235131219836,0.2323499461395694,0.5569655818400117,44
historical80,cumulative_mean,baseline,16,16,32,all_common,cook_struct,flow,6320,1267,0.2004746835443038,0.5994736768939065,0.2952660854155252,0.5724036839455221,80
historical80,cumulative_mean,baseline,16,16,32,all_common,cook_chem,flow,6320,1145,0.18117088607594936,0.5934009239921523,0.26444594679419964,0.5606888330856196,80
historical80,cumulative_mean,baseline,16,16,32,all_common,cook_gap,flow,6320,321,0.05079113924050633,0.6310106720798222,0.09946027163069078,0.6125780582893139,66
historical80,cumulative_mean,baseline,16,16,32,strong_fixed_support,randi_wild_type,flow,1051,139,0.13225499524262607,0.5895415246749969,0.19634262596987676,0.5294945440648049,27
historical80,cumulative_mean,baseline,16,16,32,strong_fixed_support,cook_struct,flow,4503,838,0.18609815678436598,0.5959101609431929,0.2718744595410974,0.5822382953077228,57
historical80,cumulative_mean,baseline,16,16,32,strong_fixed_support,cook_chem,flow,4503,746,0.16566733288918498,0.586828447487835,0.2380188046112241,0.5660276232726326,57
historical80,cumulative_mean,baseline,16,16,32,strong_fixed_support,cook_gap,flow,4503,231,0.051299133910726186,0.6322038604341975,0.10744743039651103,0.6413930756592181,47
historical80,cumulative_mean,baseline,16,32,48,all_common,randi_wild_type,flow,1646,273,0.16585662211421628,0.5838395641745969,0.23044146286204192,0.5348620982138265,44
historical80,cumulative_mean,baseline,16,32,48,all_common,cook_struct,flow,6320,1267,0.2004746835443038,0.5941267239713652,0.2904012736278703,0.5657914465950595,80
historical80,cumulative_mean,baseline,16,32,48,all_common,cook_chem,flow,6320,1145,0.18117088607594936,0.5901339577663861,0.26096339444678335,0.5566194802458556,80
historical80,cumulative_mean,baseline,16,32,48,all_common,cook_gap,flow,6320,321,0.05079113924050633,0.6211897206128332,0.09753176496756269,0.6039427842364519,66
historical80,cumulative_mean,baseline,16,32,48,strong_fixed_support,randi_wild_type,flow,1051,139,0.13225499524262607,0.5823788337750851,0.19134128272742698,0.5154865491273695,27
historical80,cumulative_mean,baseline,16,32,48,strong_fixed_support,cook_struct,flow,4503,838,0.18609815678436598,0.5892161874403749,0.266935518984735,0.5751132179190325,57
historical80,cumulative_mean,baseline,16,32,48,strong_fixed_support,cook_chem,flow,4503,746,0.16566733288918498,0.5823706382580934,0.23367124283148719,0.5621138038908916,57
historical80,cumulative_mean,baseline,16,32,48,strong_fixed_support,cook_gap,flow,4503,231,0.051299133910726186,0.6198106668612287,0.1038581057632987,0.6311561636574534,47
historical80,cumulative_mean,onset_minus_baseline,1,1,2,all_common,randi_wild_type,flow,1646,273,0.16585662211421628,0.5524172355927637,0.19814971530368236,0.4988678534054957,44
historical80,cumulative_mean,onset_minus_baseline,1,1,2,all_common,cook_struct,flow,6320,1267,0.2004746835443038,0.5221170978316506,0.21944269740326822,0.5171150313029448,80
historical80,cumulative_mean,onset_minus_baseline,1,1,2,all_common,cook_chem,flow,6320,1145,0.18117088607594936,0.5279308904499715,0.20189900929745094,0.5196714324151797,80
historical80,cumulative_mean,onset_minus_baseline,1,1,2,all_common,cook_gap,flow,6320,321,0.05079113924050633,0.47858184048327884,0.04993720095768832,0.46316588809108106,66
historical80,cumulative_mean,onset_minus_baseline,1,1,2,strong_fixed_support,randi_wild_type,flow,1051,139,0.13225499524262607,0.568092894105768,0.1624058947796018,0.5102545285022414,27
historical80,cumulative_mean,onset_minus_baseline,1,1,2,strong_fixed_support,cook_struct,flow,4503,838,0.18609815678436598,0.5162836546444955,0.20036969192140158,0.5196812682041285,57
historical80,cumulative_mean,onset_minus_baseline,1,1,2,strong_fixed_support,cook_chem,flow,4503,746,0.16566733288918498,0.526333864007918,0.18234882010228376,0.5236702144684302,57
historical80,cumulative_mean,onset_minus_baseline,1,1,2,strong_fixed_support,cook_gap,flow,4503,231,0.051299133910726186,0.46025969972599184,0.04949691002189145,0.4686961681160816,47
historical80,cumulative_mean,onset_minus_baseline,1,2,3,all_common,randi_wild_type,flow,1646,273,0.16585662211421628,0.550744472812936,0.1993444570575847,0.49993312374629,44
historical80,cumulative_mean,onset_minus_baseline,1,2,3,all_common,cook_struct,flow,6320,1267,0.2004746835443038,0.5249126426415122,0.220356903624693,0.5204619698492242,80
historical80,cumulative_mean,onset_minus_baseline,1,2,3,all_common,cook_chem,flow,6320,1145,0.18117088607594936,0.5306855684239394,0.20253611705304086,0.5229750344816047,80
historical80,cumulative_mean,onset_minus_baseline,1,2,3,all_common,cook_gap,flow,6320,321,0.05079113924050633,0.48198168022811694,0.05034743342948962,0.46936494232820525,66
historical80,cumulative_mean,onset_minus_baseline,1,2,3,strong_fixed_support,randi_wild_type,flow,1051,139,0.13225499524262607,0.5654029408052506,0.16370457707459385,0.5110726668931909,27
historical80,cumulative_mean,onset_minus_baseline,1,2,3,strong_fixed_support,cook_struct,flow,4503,838,0.18609815678436598,0.5202375564505888,0.20183053456024394,0.5239635703111737,57
historical80,cumulative_mean,onset_minus_baseline,1,2,3,strong_fixed_support,cook_chem,flow,4503,746,0.16566733288918498,0.5307386890315915,0.18375476107678776,0.5285620301179824,57
historical80,cumulative_mean,onset_minus_baseline,1,2,3,strong_fixed_support,cook_gap,flow,4503,231,0.051299133910726186,0.4647204387372927,0.04989778820557242,0.4751101735055887,47
historical80,cumulative_mean,onset_minus_baseline,1,4,5,all_common,randi_wild_type,flow,1646,273,0.16585662211421628,0.5439867246130903,0.1975973911306299,0.4833605263662026,44
historical80,cumulative_mean,onset_minus_baseline,1,4,5,all_common,cook_struct,flow,6320,1267,0.2004746835443038,0.5256814467512559,0.220284074125893,0.5210797327238124,80
historical80,cumulative_mean,onset_minus_baseline,1,4,5,all_common,cook_chem,flow,6320,1145,0.18117088607594936,0.5307691074404574,0.20182595915821439,0.5247540799533652,80
historical80,cumulative_mean,onset_minus_baseline,1,4,5,all_common,cook_gap,flow,6320,321,0.05079113924050633,0.48635676039464515,0.050828574918759195,0.47312608041748044,66
historical80,cumulative_mean,onset_minus_baseline,1,4,5,strong_fixed_support,randi_wild_type,flow,1051,139,0.13225499524262607,0.558910766123943,0.16532248836504282,0.49243667886925985,27
historical80,cumulative_mean,onset_minus_baseline,1,4,5,strong_fixed_support,cook_struct,flow,4503,838,0.18609815678436598,0.5233577640520044,0.20288545514024986,0.5262691927176883,57
historical80,cumulative_mean,onset_minus_baseline,1,4,5,strong_fixed_support,cook_chem,flow,4503,746,0.16566733288918498,0.5338174817195569,0.18458798342745342,0.5334728337407659,57
historical80,cumulative_mean,onset_minus_baseline,1,4,5,strong_fixed_support,cook_gap,flow,4503,231,0.051299133910726186,0.4726285730499214,0.05062596661290472,0.4779844266792101,47
historical80,cumulative_mean,onset_minus_baseline,1,8,9,all_common,randi_wild_type,flow,1646,273,0.16585662211421628,0.5318211771234349,0.1971882068841445,0.46901146703004054,44
historical80,cumulative_mean,onset_minus_baseline,1,8,9,all_common,cook_struct,flow,6320,1267,0.2004746835443038,0.527080898279344,0.21945778056644388,0.5264272213127997,80
historical80,cumulative_mean,onset_minus_baseline,1,8,9,all_common,cook_chem,flow,6320,1145,0.18117088607594936,0.5297012425373921,0.1996726396711072,0.5278883099945914,80
historical80,cumulative_mean,onset_minus_baseline,1,8,9,all_common,cook_gap,flow,6320,321,0.05079113924050633,0.5006119919259648,0.0518905132659665,0.498586011418132,66
historical80,cumulative_mean,onset_minus_baseline,1,8,9,strong_fixed_support,randi_wild_type,flow,1051,139,0.13225499524262607,0.5470623501199041,0.1671232897233897,0.4742769804006692,27
historical80,cumulative_mean,onset_minus_baseline,1,8,9,strong_fixed_support,cook_struct,flow,4503,838,0.18609815678436598,0.5265377189240933,0.202041003132099,0.5326284264937307,57
historical80,cumulative_mean,onset_minus_baseline,1,8,9,strong_fixed_support,cook_chem,flow,4503,746,0.16566733288918498,0.5338886625216486,0.18274801316289516,0.537614484104284,57
historical80,cumulative_mean,onset_minus_baseline,1,8,9,strong_fixed_support,cook_gap,flow,4503,231,0.051299133910726186,0.48984832271349127,0.05234611166666158,0.4958112230255983,47
historical80,cumulative_mean,onset_minus_baseline,1,16,17,all_common,randi_wild_type,flow,1646,273,0.16585662211421628,0.5259011442551137,0.1930997304354058,0.4747108968118741,44
historical80,cumulative_mean,onset_minus_baseline,1,16,17,all_common,cook_struct,flow,6320,1267,0.2004746835443038,0.5306600078629824,0.2208351384440818,0.5293983315899926,80
historical80,cumulative_mean,onset_minus_baseline,1,16,17,all_common,cook_chem,flow,6320,1145,0.18117088607594936,0.5302028141678796,0.19905958531443424,0.5273426371270469,80
historical80,cumulative_mean,onset_minus_baseline,1,16,17,all_common,cook_gap,flow,6320,321,0.05079113924050633,0.5159458040514541,0.054840593404281796,0.5202965442376317,66
historical80,cumulative_mean,onset_minus_baseline,1,16,17,strong_fixed_support,randi_wild_type,flow,1051,139,0.13225499524262607,0.5350482771677396,0.16522153536761947,0.4744175159531221,27
historical80,cumulative_mean,onset_minus_baseline,1,16,17,strong_fixed_support,cook_struct,flow,4503,838,0.18609815678436598,0.5320595388878216,0.20409976026417675,0.5363496960069962,57
historical80,cumulative_mean,onset_minus_baseline,1,16,17,strong_fixed_support,cook_chem,flow,4503,746,0.16566733288918498,0.5349319340269924,0.18292135053701,0.536462913839392,57
historical80,cumulative_mean,onset_minus_baseline,1,16,17,strong_fixed_support,cook_gap,flow,4503,231,0.051299133910726186,0.5072423674951765,0.05303651225082423,0.5186150728366488,47
historical80,cumulative_mean,onset_minus_baseline,1,32,33,all_common,randi_wild_type,flow,1646,273,0.16585662211421628,0.5326508888052952,0.18801373693782625,0.48403918709995464,44
historical80,cumulative_mean,onset_minus_baseline,1,32,33,all_common,cook_struct,flow,6320,1267,0.2004746835443038,0.5329179208675334,0.22244137123242433,0.525570269087644,80
historical80,cumulative_mean,onset_minus_baseline,1,32,33,all_common,cook_chem,flow,6320,1145,0.18117088607594936,0.5315177520410101,0.19891468330454415,0.5226461805796013,80
historical80,cumulative_mean,onset_minus_baseline,1,32,33,all_common,cook_gap,flow,6320,321,0.05079113924050633,0.5195351873287293,0.05618506357002376,0.5203567309848546,66
historical80,cumulative_mean,onset_minus_baseline,1,32,33,strong_fixed_support,randi_wild_type,flow,1051,139,0.13225499524262607,0.5455398838823677,0.16411772680795364,0.4730111346423133,27
historical80,cumulative_mean,onset_minus_baseline,1,32,33,strong_fixed_support,cook_struct,flow,4503,838,0.18609815678436598,0.5384072386993002,0.20894295810230484,0.5340304469342427,57
historical80,cumulative_mean,onset_minus_baseline,1,32,33,strong_fixed_support,cook_chem,flow,4503,746,0.16566733288918498,0.5386185287017407,0.18580113461450626,0.5321463932910531,57
historical80,cumulative_mean,onset_minus_baseline,1,32,33,strong_fixed_support,cook_gap,flow,4503,231,0.051299133910726186,0.5177943155471244,0.05627041283110187,0.527582418232827,47
historical80,cumulative_mean,onset_minus_baseline,4,1,5,all_common,randi_wild_type,flow,1646,273,0.16585662211421628,0.5608450786892156,0.21259593245194647,0.5672755703166961,44
historical80,cumulative_mean,onset_minus_baseline,4,1,5,all_common,cook_struct,flow,6320,1267,0.2004746835443038,0.530068097425381,0.22314655419774315,0.5065650025253218,80
historical80,cumulative_mean,onset_minus_baseline,4,1,5,all_common,cook_chem,flow,6320,1145,0.18117088607594936,0.5281220175938232,0.20019657004670702,0.5051537859130477,80
historical80,cumulative_mean,onset_minus_baseline,4,1,5,all_common,cook_gap,flow,6320,321,0.05079113924050633,0.5445663581521115,0.059983074842214296,0.5130330470583349,66
historical80,cumulative_mean,onset_minus_baseline,4,1,5,strong_fixed_support,randi_wild_type,flow,1051,139,0.13225499524262607,0.552055723841979,0.1807382206424657,0.5616986069392083,27
historical80,cumulative_mean,onset_minus_baseline,4,1,5,strong_fixed_support,cook_struct,flow,4503,838,0.18609815678436598,0.5264402022616052,0.20357807534993783,0.5097749687567251,57
historical80,cumulative_mean,onset_minus_baseline,4,1,5,strong_fixed_support,cook_chem,flow,4503,746,0.16566733288918498,0.5249553826601425,0.18122510721434137,0.5091357181280063,57
historical80,cumulative_mean,onset_minus_baseline,4,1,5,strong_fixed_support,cook_gap,flow,4503,231,0.051299133910726186,0.540272305721744,0.058091113963198576,0.511673621877391,47
historical80,cumulative_mean,onset_minus_baseline,4,2,6,all_common,randi_wild_type,flow,1646,273,0.16585662211421628,0.5621176589858309,0.21475832551512505,0.5673057721372511,44
historical80,cumulative_mean,onset_minus_baseline,4,2,6,all_common,cook_struct,flow,6320,1267,0.2004746835443038,0.5292782066527328,0.2232608764422112,0.5061029151982795,80
historical80,cumulative_mean,onset_minus_baseline,4,2,6,all_common,cook_chem,flow,6320,1145,0.18117088607594936,0.5264112397949496,0.199879477262412,0.5024661487172565,80
historical80,cumulative_mean,onset_minus_baseline,4,2,6,all_common,cook_gap,flow,6320,321,0.05079113924050633,0.5438538821890876,0.06015663726861965,0.5135132030127069,66
historical80,cumulative_mean,onset_minus_baseline,4,2,6,strong_fixed_support,randi_wild_type,flow,1051,139,0.13225499524262607,0.5517954057806387,0.17554706692607291,0.56020056525512,27
historical80,cumulative_mean,onset_minus_baseline,4,2,6,strong_fixed_support,cook_struct,flow,4503,838,0.18609815678436598,0.525712815870959,0.20366776570185202,0.5085084999602903,57
historical80,cumulative_mean,onset_minus_baseline,4,2,6,strong_fixed_support,cook_chem,flow,4503,746,0.16566733288918498,0.5234686137262277,0.18109227630167687,0.5051844452398538,57
historical80,cumulative_mean,onset_minus_baseline,4,2,6,strong_fixed_support,cook_gap,flow,4503,231,0.051299133910726186,0.5381908977414596,0.05785985688969125,0.5116038767385879,47
historical80,cumulative_mean,onset_minus_baseline,4,4,8,all_common,randi_wild_type,flow,1646,273,0.16585662211421628,0.5609411224851866,0.21844490706617417,0.559411964785788,44
historical80,cumulative_mean,onset_minus_baseline,4,4,8,all_common,cook_struct,flow,6320,1267,0.2004746835443038,0.5272018732454139,0.22384202650113355,0.5024464699211993,80
historical80,cumulative_mean,onset_minus_baseline,4,4,8,all_common,cook_chem,flow,6320,1145,0.18117088607594936,0.5225785709765205,0.19961944923952402,0.49443981847475255,80
historical80,cumulative_mean,onset_minus_baseline,4,4,8,all_common,cook_gap,flow,6320,321,0.05079113924050633,0.5427784173790128,0.06060952781997481,0.5156466539533305,66
historical80,cumulative_mean,onset_minus_baseline,4,4,8,strong_fixed_support,randi_wild_type,flow,1051,139,0.13225499524262607,0.5430313643821785,0.17645005732060823,0.5472312591533273,27
historical80,cumulative_mean,onset_minus_baseline,4,4,8,strong_fixed_support,cook_struct,flow,4503,838,0.18609815678436598,0.5233274834189114,0.20329141292096492,0.5027919040957303,57
historical80,cumulative_mean,onset_minus_baseline,4,4,8,strong_fixed_support,cook_chem,flow,4503,746,0.16566733288918498,0.5196198552692703,0.18032502083204327,0.494330129015016,57
historical80,cumulative_mean,onset_minus_baseline,4,4,8,strong_fixed_support,cook_gap,flow,4503,231,0.051299133910726186,0.5357213791202555,0.05741270969515742,0.5092517022829796,47
historical80,cumulative_mean,onset_minus_baseline,4,8,12,all_common,randi_wild_type,flow,1646,273,0.16585662211421628,0.5577049801376094,0.2254230931095616,0.5438720185369468,44
historical80,cumulative_mean,onset_minus_baseline,4,8,12,all_common,cook_struct,flow,6320,1267,0.2004746835443038,0.5247615996561156,0.2247828409448113,0.5025499955615181,80
historical80,cumulative_mean,onset_minus_baseline,4,8,12,all_common,cook_chem,flow,6320,1145,0.18117088607594936,0.5190522118853237,0.19964920806182043,0.4908629594414589,80
historical80,cumulative_mean,onset_minus_baseline,4,8,12,all_common,cook_gap,flow,6320,321,0.05079113924050633,0.5384168389435622,0.061169487699086325,0.5195146930471771,66
historical80,cumulative_mean,onset_minus_baseline,4,8,12,strong_fixed_support,randi_wild_type,flow,1051,139,0.13225499524262607,0.5383614161302537,0.17356320504815484,0.5226882206822444,27
historical80,cumulative_mean,onset_minus_baseline,4,8,12,strong_fixed_support,cook_struct,flow,4503,838,0.18609815678436598,0.5209753619838047,0.20314976683092284,0.5014708785208023,57
historical80,cumulative_mean,onset_minus_baseline,4,8,12,strong_fixed_support,cook_chem,flow,4503,746,0.16566733288918498,0.5162781039289662,0.1800534533632423,0.48882424098775185,57
historical80,cumulative_mean,onset_minus_baseline,4,8,12,strong_fixed_support,cook_gap,flow,4503,231,0.051299133910726186,0.5332315936248521,0.05681524287308449,0.5061824438674168,47
historical80,cumulative_mean,onset_minus_baseline,4,16,20,all_common,randi_wild_type,flow,1646,273,0.16585662211421628,0.5538845713645422,0.22733566097034003,0.5469175094141835,44
historical80,cumulative_mean,onset_minus_baseline,4,16,20,all_common,cook_struct,flow,6320,1267,0.2004746835443038,0.5256249032551715,0.22622031531994935,0.5030056201555894,80
historical80,cumulative_mean,onset_minus_baseline,4,16,20,all_common,cook_chem,flow,6320,1145,0.18117088607594936,0.5192741387675885,0.20007157889634047,0.49086415092104796,80
historical80,cumulative_mean,onset_minus_baseline,4,16,20,all_common,cook_gap,flow,6320,321,0.05079113924050633,0.5360192430825699,0.06240696872839342,0.5190541519522089,66
historical80,cumulative_mean,onset_minus_baseline,4,16,20,strong_fixed_support,randi_wild_type,flow,1051,139,0.13225499524262607,0.5320191215448693,0.1663391669448313,0.5220735561029921,27
historical80,cumulative_mean,onset_minus_baseline,4,16,20,strong_fixed_support,cook_struct,flow,4503,838,0.18609815678436598,0.5184578366604043,0.20465797186698315,0.49972709208366406,57
historical80,cumulative_mean,onset_minus_baseline,4,16,20,strong_fixed_support,cook_chem,flow,4503,746,0.16566733288918498,0.5130797845808468,0.18177214215398235,0.4872463613348792,57
historical80,cumulative_mean,onset_minus_baseline,4,16,20,strong_fixed_support,cook_gap,flow,4503,231,0.051299133910726186,0.5262537088379784,0.0562257684178948,0.4988155025081481,47
historical80,cumulative_mean,onset_minus_baseline,4,32,36,all_common,randi_wild_type,flow,1646,273,0.16585662211421628,0.5435225129325639,0.21954901683245778,0.5461915637823469,44
historical80,cumulative_mean,onset_minus_baseline,4,32,36,all_common,cook_struct,flow,6320,1267,0.2004746835443038,0.5234938226230528,0.22522835433150512,0.5051009724532416,80
historical80,cumulative_mean,onset_minus_baseline,4,32,36,all_common,cook_chem,flow,6320,1145,0.18117088607594936,0.5183060143872751,0.19876462118865013,0.4925218836887913,80
historical80,cumulative_mean,onset_minus_baseline,4,32,36,all_common,cook_gap,flow,6320,321,0.05079113924050633,0.5337379698277853,0.06390426098766935,0.5167629486220645,66
historical80,cumulative_mean,onset_minus_baseline,4,32,36,strong_fixed_support,randi_wild_type,flow,1051,139,0.13225499524262607,0.5153035466363751,0.15348166629088256,0.5156243413062918,27
historical80,cumulative_mean,onset_minus_baseline,4,32,36,strong_fixed_support,cook_struct,flow,4503,838,0.18609815678436598,0.516994598325774,0.20361808058737335,0.5034965816027871,57
historical80,cumulative_mean,onset_minus_baseline,4,32,36,strong_fixed_support,cook_chem,flow,4503,746,0.16566733288918498,0.5122873406638262,0.18147587658181116,0.4896342998188861,57
historical80,cumulative_mean,onset_minus_baseline,4,32,36,strong_fixed_support,cook_gap,flow,4503,231,0.051299133910726186,0.5208718403943123,0.05571236949766921,0.498002691253833,47
historical80,cumulative_mean,onset_minus_baseline,8,1,9,all_common,randi_wild_type,flow,1646,273,0.16585662211421628,0.5272137428000502,0.17919351911262144,0.5095861222201268,44
historical80,cumulative_mean,onset_minus_baseline,8,1,9,all_common,cook_struct,flow,6320,1267,0.2004746835443038,0.5191000649625415,0.21250103940526938,0.49608426293359853,80
historical80,cumulative_mean,onset_minus_baseline,8,1,9,all_common,cook_chem,flow,6320,1145,0.18117088607594936,0.5234878805138915,0.19315597636963788,0.5048112278857813,80
historical80,cumulative_mean,onset_minus_baseline,8,1,9,all_common,cook_gap,flow,6320,321,0.05079113924050633,0.5294864824303531,0.05761095357176791,0.4980565198269082,66
historical80,cumulative_mean,onset_minus_baseline,8,1,9,strong_fixed_support,randi_wild_type,flow,1051,139,0.13225499524262607,0.4857456140350877,0.13351498492748154,0.48351687463459797,27
historical80,cumulative_mean,onset_minus_baseline,8,1,9,strong_fixed_support,cook_struct,flow,4503,838,0.18609815678436598,0.5017403224073429,0.18771390243780017,0.4920205588389299,57
historical80,cumulative_mean,onset_minus_baseline,8,1,9,strong_fixed_support,cook_chem,flow,4503,746,0.16566733288918498,0.5093038125079833,0.1708058011896206,0.5073345469493026,57
historical80,cumulative_mean,onset_minus_baseline,8,1,9,strong_fixed_support,cook_gap,flow,4503,231,0.051299133910726186,0.49650700423172334,0.056957721374104486,0.46516893329490033,47
historical80,cumulative_mean,onset_minus_baseline,8,2,10,all_common,randi_wild_type,flow,1646,273,0.16585662211421628,0.5277526552107761,0.18024361781839132,0.506502369006443,44
historical80,cumulative_mean,onset_minus_baseline,8,2,10,all_common,cook_struct,flow,6320,1267,0.2004746835443038,0.5183614850696274,0.21206904599382614,0.4938972233872135,80
historical80,cumulative_mean,onset_minus_baseline,8,2,10,all_common,cook_chem,flow,6320,1145,0.18117088607594936,0.5221273759044787,0.19244375445040532,0.5013082625297441,80
historical80,cumulative_mean,onset_minus_baseline,8,2,10,all_common,cook_gap,flow,6320,321,0.05079113924050633,0.5315236859310404,0.05795877985370186,0.4997525326504357,66
historical80,cumulative_mean,onset_minus_baseline,8,2,10,strong_fixed_support,randi_wild_type,flow,1051,139,0.13225499524262607,0.4854221885649376,0.13412567774482936,0.47838391209847136,27
historical80,cumulative_mean,onset_minus_baseline,8,2,10,strong_fixed_support,cook_struct,flow,4503,838,0.18609815678436598,0.5001893353563835,0.1868944740055815,0.48905538543722477,57
historical80,cumulative_mean,onset_minus_baseline,8,2,10,strong_fixed_support,cook_chem,flow,4503,746,0.16566733288918498,0.5071332440391876,0.16979078046178522,0.5028122293836197,57
historical80,cumulative_mean,onset_minus_baseline,8,2,10,strong_fixed_support,cook_gap,flow,4503,231,0.051299133910726186,0.497978379298604,0.05700566526063622,0.4659267723100066,47
historical80,cumulative_mean,onset_minus_baseline,8,4,12,all_common,randi_wild_type,flow,1646,273,0.16585662211421628,0.5290012245583986,0.1824091986592366,0.5061960729229277,44
historical80,cumulative_mean,onset_minus_baseline,8,4,12,all_common,cook_struct,flow,6320,1267,0.2004746835443038,0.5171616539503676,0.21192597580526454,0.4929317340887548,80
historical80,cumulative_mean,onset_minus_baseline,8,4,12,all_common,cook_chem,flow,6320,1145,0.18117088607594936,0.5198249899795372,0.19182089706578948,0.49975667915081257,80
historical80,cumulative_mean,onset_minus_baseline,8,4,12,all_common,cook_gap,flow,6320,321,0.05079113924050633,0.5331200059823055,0.05857852242783362,0.49560445815111925,66
historical80,cumulative_mean,onset_minus_baseline,8,4,12,strong_fixed_support,randi_wild_type,flow,1051,139,0.13225499524262607,0.4827401236905212,0.13576667495178885,0.4784381413106316,27
historical80,cumulative_mean,onset_minus_baseline,8,4,12,strong_fixed_support,cook_struct,flow,4503,838,0.18609815678436598,0.49894310822558746,0.18603469858672056,0.4871593165135178,57
historical80,cumulative_mean,onset_minus_baseline,8,4,12,strong_fixed_support,cook_chem,flow,4503,746,0.16566733288918498,0.5051517774506354,0.16865303479134802,0.5006238360967382,57
historical80,cumulative_mean,onset_minus_baseline,8,4,12,strong_fixed_support,cook_gap,flow,4503,231,0.051299133910726186,0.4993808469932065,0.057249055967232204,0.4598550844171682,47
historical80,cumulative_mean,onset_minus_baseline,8,8,16,all_common,randi_wild_type,flow,1646,273,0.16585662211421628,0.5312929362455947,0.18633183658452285,0.5076164485045698,44
historical80,cumulative_mean,onset_minus_baseline,8,8,16,all_common,cook_struct,flow,6320,1267,0.2004746835443038,0.5174092269926155,0.21265184211651408,0.49292767780593927,80
historical80,cumulative_mean,onset_minus_baseline,8,8,16,all_common,cook_chem,flow,6320,1145,0.18117088607594936,0.5183445773474252,0.19176718965780135,0.49790102220706245,80
historical80,cumulative_mean,onset_minus_baseline,8,8,16,all_common,cook_gap,flow,6320,321,0.05079113924050633,0.5359387519934526,0.05959676612864224,0.49052487310852416,66
historical80,cumulative_mean,onset_minus_baseline,8,8,16,strong_fixed_support,randi_wild_type,flow,1051,139,0.13225499524262607,0.47881168749211156,0.13844955534307657,0.4707292152087997,27
historical80,cumulative_mean,onset_minus_baseline,8,8,16,strong_fixed_support,cook_struct,flow,4503,838,0.18609815678436598,0.5009146053586953,0.1860300202569981,0.4877869699044008,57
historical80,cumulative_mean,onset_minus_baseline,8,8,16,strong_fixed_support,cook_chem,flow,4503,746,0.16566733288918498,0.5056259593352462,0.16804006181195058,0.49905986549784626,57
historical80,cumulative_mean,onset_minus_baseline,8,8,16,strong_fixed_support,cook_gap,flow,4503,231,0.051299133910726186,0.5036277704817032,0.05787201393045453,0.4554056105985395,47
historical80,cumulative_mean,onset_minus_baseline,8,16,24,all_common,randi_wild_type,flow,1646,273,0.16585662211421628,0.5396100621883579,0.19088813661161594,0.5089629522585726,44
historical80,cumulative_mean,onset_minus_baseline,8,16,24,all_common,cook_struct,flow,6320,1267,0.2004746835443038,0.5179971543938904,0.21357666966685368,0.4897862694428635,80
historical80,cumulative_mean,onset_minus_baseline,8,16,24,all_common,cook_chem,flow,6320,1145,0.18117088607594936,0.5170660084804759,0.19139600128914047,0.49325528103228267,80
historical80,cumulative_mean,onset_minus_baseline,8,16,24,all_common,cook_gap,flow,6320,321,0.05079113924050633,0.5422554849484259,0.06127765516751856,0.484912229368663,66
historical80,cumulative_mean,onset_minus_baseline,8,16,24,strong_fixed_support,randi_wild_type,flow,1051,139,0.13225499524262607,0.48815158399596115,0.1416142377918016,0.4714423239125748,27
historical80,cumulative_mean,onset_minus_baseline,8,16,24,strong_fixed_support,cook_struct,flow,4503,838,0.18609815678436598,0.5051324045101864,0.1859699693207697,0.4856091167293636,57
historical80,cumulative_mean,onset_minus_baseline,8,16,24,strong_fixed_support,cook_chem,flow,4503,746,0.16566733288918498,0.5083611574747692,0.1671487252387812,0.495269122520432,57
historical80,cumulative_mean,onset_minus_baseline,8,16,24,strong_fixed_support,cook_gap,flow,4503,231,0.051299133910726186,0.5142729461549687,0.05517918341391896,0.4490334023348828,47
historical80,cumulative_mean,onset_minus_baseline,8,32,40,all_common,randi_wild_type,flow,1646,273,0.16585662211421628,0.5404837939433715,0.1922467269271127,0.5097309824481799,44
historical80,cumulative_mean,onset_minus_baseline,8,32,40,all_common,cook_struct,flow,6320,1267,0.2004746835443038,0.5175021645068978,0.21407295575526372,0.4921144141450208,80
historical80,cumulative_mean,onset_minus_baseline,8,32,40,all_common,cook_chem,flow,6320,1145,0.18117088607594936,0.5157141953040947,0.19033389123713162,0.49612331414514027,80
historical80,cumulative_mean,onset_minus_baseline,8,32,40,all_common,cook_gap,flow,6320,321,0.05079113924050633,0.5384968107353302,0.06326609852885742,0.4699348016893634,66
historical80,cumulative_mean,onset_minus_baseline,8,32,40,strong_fixed_support,randi_wild_type,flow,1051,139,0.13225499524262607,0.4912044048971349,0.1402490864455265,0.4744934458780389,27
historical80,cumulative_mean,onset_minus_baseline,8,32,40,strong_fixed_support,cook_struct,flow,4503,838,0.18609815678436598,0.5069642200132193,0.18731508571713404,0.48758129461952276,57
historical80,cumulative_mean,onset_minus_baseline,8,32,40,strong_fixed_support,cook_chem,flow,4503,746,0.16566733288918498,0.5089438053435196,0.16773081845077206,0.49771008843549397,57
historical80,cumulative_mean,onset_minus_baseline,8,32,40,strong_fixed_support,cook_gap,flow,4503,231,0.051299133910726186,0.5183313877134101,0.05578547123569966,0.43661894739215323,47
historical80,cumulative_mean,onset_minus_baseline,16,1,17,all_common,randi_wild_type,flow,1646,273,0.16585662211421628,0.5055291879763839,0.1799572506741331,0.45548429528984186,44
historical80,cumulative_mean,onset_minus_baseline,16,1,17,all_common,cook_struct,flow,6320,1267,0.2004746835443038,0.5161758134102117,0.21424600241732716,0.49780651535039777,80
historical80,cumulative_mean,onset_minus_baseline,16,1,17,all_common,cook_chem,flow,6320,1145,0.18117088607594936,0.5174633672974285,0.19500890061607074,0.4915709587365459,80
historical80,cumulative_mean,onset_minus_baseline,16,1,17,all_common,cook_gap,flow,6320,321,0.05079113924050633,0.5249003078913983,0.05770317310396636,0.5337624208410947,66
historical80,cumulative_mean,onset_minus_baseline,16,1,17,strong_fixed_support,randi_wild_type,flow,1051,139,0.13225499524262607,0.4642575413353527,0.12493711698746307,0.4127239515604159,27
historical80,cumulative_mean,onset_minus_baseline,16,1,17,strong_fixed_support,cook_struct,flow,4503,838,0.18609815678436598,0.5015285207747935,0.19101076517574483,0.49372748182418735,57
historical80,cumulative_mean,onset_minus_baseline,16,1,17,strong_fixed_support,cook_chem,flow,4503,746,0.16566733288918498,0.5037162087427866,0.17182908517187584,0.4862061809613592,57
historical80,cumulative_mean,onset_minus_baseline,16,1,17,strong_fixed_support,cook_gap,flow,4503,231,0.051299133910726186,0.5024862387924186,0.05353884526224967,0.510732182731901,47
historical80,cumulative_mean,onset_minus_baseline,16,2,18,all_common,randi_wild_type,flow,1646,273,0.16585662211421628,0.5057399507508757,0.1799866938820175,0.45786833778774344,44
historical80,cumulative_mean,onset_minus_baseline,16,2,18,all_common,cook_struct,flow,6320,1267,0.2004746835443038,0.5158399106800199,0.21368973043255596,0.4975593172461087,80
historical80,cumulative_mean,onset_minus_baseline,16,2,18,all_common,cook_chem,flow,6320,1145,0.18117088607594936,0.5171095500284791,0.19451594909356218,0.49119821491027793,80
historical80,cumulative_mean,onset_minus_baseline,16,2,18,all_common,cook_gap,flow,6320,321,0.05079113924050633,0.5222900597659319,0.05738920313120523,0.5311472946577669,66
historical80,cumulative_mean,onset_minus_baseline,16,2,18,strong_fixed_support,randi_wild_type,flow,1051,139,0.13225499524262607,0.46352391770793894,0.1255952444446051,0.4142125552625941,27
historical80,cumulative_mean,onset_minus_baseline,16,2,18,strong_fixed_support,cook_struct,flow,4503,838,0.18609815678436598,0.5008087859419719,0.1902032267713754,0.4935552957464527,57
historical80,cumulative_mean,onset_minus_baseline,16,2,18,strong_fixed_support,cook_chem,flow,4503,746,0.16566733288918498,0.5032746736922178,0.17118058298359384,0.4859675940938911,57
historical80,cumulative_mean,onset_minus_baseline,16,2,18,strong_fixed_support,cook_gap,flow,4503,231,0.051299133910726186,0.49866947970880554,0.05302923429688683,0.5072173641590615,47
historical80,cumulative_mean,onset_minus_baseline,16,4,20,all_common,randi_wild_type,flow,1646,273,0.16585662211421628,0.5075754544072096,0.18036802365010518,0.45517658797823496,44
historical80,cumulative_mean,onset_minus_baseline,16,4,20,all_common,cook_struct,flow,6320,1267,0.2004746835443038,0.516425651316253,0.21345049081248546,0.497251378050087,80
historical80,cumulative_mean,onset_minus_baseline,16,4,20,all_common,cook_chem,flow,6320,1145,0.18117088607594936,0.517756260152311,0.19430646966424275,0.49074072664032525,80
historical80,cumulative_mean,onset_minus_baseline,16,4,20,all_common,cook_gap,flow,6320,321,0.05079113924050633,0.5187359887083984,0.05693008413139572,0.5276276545203371,66
historical80,cumulative_mean,onset_minus_baseline,16,4,20,strong_fixed_support,randi_wild_type,flow,1051,139,0.13225499524262607,0.4630585005679667,0.12679555383592417,0.4094769092747279,27
historical80,cumulative_mean,onset_minus_baseline,16,4,20,strong_fixed_support,cook_struct,flow,4503,838,0.18609815678436598,0.49968807691932005,0.18955220846193732,0.49184074698694674,57
historical80,cumulative_mean,onset_minus_baseline,16,4,20,strong_fixed_support,cook_chem,flow,4503,746,0.16566733288918498,0.5026449287514068,0.1706585933624784,0.4841599292064705,57
historical80,cumulative_mean,onset_minus_baseline,16,4,20,strong_fixed_support,cook_gap,flow,4503,231,0.051299133910726186,0.4928478200950111,0.05237172973405647,0.5035732361367693,47
historical80,cumulative_mean,onset_minus_baseline,16,8,24,all_common,randi_wild_type,flow,1646,273,0.16585662211421628,0.508816020105168,0.18052622728867318,0.45996245372553113,44
historical80,cumulative_mean,onset_minus_baseline,16,8,24,all_common,cook_struct,flow,6320,1267,0.2004746835443038,0.5178834426117097,0.2133044173683561,0.4970812324620043,80
historical80,cumulative_mean,onset_minus_baseline,16,8,24,all_common,cook_chem,flow,6320,1145,0.18117088607594936,0.5191553277218741,0.19417076003721945,0.4912038172894425,80
historical80,cumulative_mean,onset_minus_baseline,16,8,24,all_common,cook_gap,flow,6320,321,0.05079113924050633,0.5197958745979989,0.05664390517688382,0.5250476187726457,66
historical80,cumulative_mean,onset_minus_baseline,16,8,24,strong_fixed_support,randi_wild_type,flow,1051,139,0.13225499524262607,0.4677757793764987,0.12942861134837474,0.40691303116414734,27
historical80,cumulative_mean,onset_minus_baseline,16,8,24,strong_fixed_support,cook_struct,flow,4503,838,0.18609815678436598,0.4992429841726712,0.1889397803315013,0.49112384173107804,57
historical80,cumulative_mean,onset_minus_baseline,16,8,24,strong_fixed_support,cook_chem,flow,4503,746,0.16566733288918498,0.5025236181112503,0.17026484751462265,0.48459754290193907,57
historical80,cumulative_mean,onset_minus_baseline,16,8,24,strong_fixed_support,cook_gap,flow,4503,231,0.051299133910726186,0.4907157449292281,0.05168979583610775,0.5008307211473274,47
historical80,cumulative_mean,onset_minus_baseline,16,16,32,all_common,randi_wild_type,flow,1646,273,0.16585662211421628,0.511107731792364,0.1814598972229059,0.4650584061836591,44
historical80,cumulative_mean,onset_minus_baseline,16,16,32,all_common,cook_struct,flow,6320,1267,0.2004746835443038,0.5201564286752999,0.2138483334193281,0.49392200556837407,80
historical80,cumulative_mean,onset_minus_baseline,16,16,32,all_common,cook_chem,flow,6320,1145,0.18117088607594936,0.5207052718182393,0.19444619924620787,0.48658777409060716,80
historical80,cumulative_mean,onset_minus_baseline,16,16,32,all_common,cook_gap,flow,6320,321,0.05079113924050633,0.5277650117179447,0.05748186244547514,0.5268264142158938,66
historical80,cumulative_mean,onset_minus_baseline,16,16,32,strong_fixed_support,randi_wild_type,flow,1051,139,0.13225499524262607,0.4730373595860154,0.13144938049873678,0.40490621649193986,27
historical80,cumulative_mean,onset_minus_baseline,16,16,32,strong_fixed_support,cook_struct,flow,4503,838,0.18609815678436598,0.5006466380357312,0.18963424522672556,0.486576597064298,57
historical80,cumulative_mean,onset_minus_baseline,16,16,32,strong_fixed_support,cook_chem,flow,4503,746,0.16566733288918498,0.5032404212761736,0.17086647532188076,0.4783943092307376,57
historical80,cumulative_mean,onset_minus_baseline,16,16,32,strong_fixed_support,cook_gap,flow,4503,231,0.051299133910726186,0.5000962676524474,0.05224858070506611,0.5044153208087109,47
historical80,cumulative_mean,onset_minus_baseline,16,32,48,all_common,randi_wild_type,flow,1646,273,0.16585662211421628,0.5161500310808396,0.18649794372248396,0.4576026315331442,44
historical80,cumulative_mean,onset_minus_baseline,16,32,48,all_common,cook_struct,flow,6320,1267,0.2004746835443038,0.5247541021759718,0.2152725821069046,0.49278523365217614,80
historical80,cumulative_mean,onset_minus_baseline,16,32,48,all_common,cook_chem,flow,6320,1145,0.18117088607594936,0.5243539860346391,0.19529343005485794,0.484580640723096,80
historical80,cumulative_mean,onset_minus_baseline,16,32,48,all_common,cook_gap,flow,6320,321,0.05079113924050633,0.5325233333281403,0.058665033398211275,0.5166663580249453,66
historical80,cumulative_mean,onset_minus_baseline,16,32,48,strong_fixed_support,randi_wild_type,flow,1051,139,0.13225499524262607,0.4739445285876562,0.134648122401253,0.39069972037224626,27
historical80,cumulative_mean,onset_minus_baseline,16,32,48,strong_fixed_support,cook_struct,flow,4503,838,0.18609815678436598,0.5094983508450901,0.19362415754686835,0.4863347627553847,57
historical80,cumulative_mean,onset_minus_baseline,16,32,48,strong_fixed_support,cook_chem,flow,4503,746,0.16566733288918498,0.510709588749794,0.1741365225557081,0.4766168053502262,57
historical80,cumulative_mean,onset_minus_baseline,16,32,48,strong_fixed_support,cook_gap,flow,4503,231,0.051299133910726186,0.5101841042852279,0.05356462801496607,0.5017517343655246,47
historical80,cumulative_mean,active_minus_baseline,1,1,2,all_common,randi_wild_type,flow,1646,273,0.16585662211421628,0.5439120238828905,0.1894271018453323,0.5142067302857134,44
historical80,cumulative_mean,active_minus_baseline,1,1,2,all_common,cook_struct,flow,6320,1267,0.2004746835443038,0.5129883690653344,0.21241507809652363,0.5076257083328367,80
historical80,cumulative_mean,active_minus_baseline,1,1,2,all_common,cook_chem,flow,6320,1145,0.18117088607594936,0.5128846697466405,0.18968023113258647,0.5042104103610285,80
historical80,cumulative_mean,active_minus_baseline,1,1,2,all_common,cook_gap,flow,6320,321,0.05079113924050633,0.5115629344246886,0.058536477050570655,0.49277609979826686,66
historical80,cumulative_mean,active_minus_baseline,1,1,2,strong_fixed_support,randi_wild_type,flow,1051,139,0.13225499524262607,0.5568913290420295,0.17106614831269998,0.5306685928487853,27
historical80,cumulative_mean,active_minus_baseline,1,1,2,strong_fixed_support,cook_struct,flow,4503,838,0.18609815678436598,0.5250616194603535,0.2023003907273619,0.5207824858948725,57
historical80,cumulative_mean,active_minus_baseline,1,1,2,strong_fixed_support,cook_chem,flow,4503,746,0.16566733288918498,0.5257959940372253,0.17901859225573277,0.5164396890485562,57
historical80,cumulative_mean,active_minus_baseline,1,1,2,strong_fixed_support,cook_gap,flow,4503,231,0.051299133910726186,0.5192464370835157,0.06196479340066723,0.5086902507018788,47
historical80,cumulative_mean,active_minus_baseline,1,2,3,all_common,randi_wild_type,flow,1646,273,0.16585662211421628,0.5436745822761846,0.19016215231062547,0.5079229701914227,44
historical80,cumulative_mean,active_minus_baseline,1,2,3,all_common,cook_struct,flow,6320,1267,0.2004746835443038,0.5132651510406424,0.2128939315655461,0.5063941980147337,80
historical80,cumulative_mean,active_minus_baseline,1,2,3,all_common,cook_chem,flow,6320,1145,0.18117088607594936,0.5134199945151151,0.19008148270214367,0.5017857384003623,80
historical80,cumulative_mean,active_minus_baseline,1,2,3,all_common,cook_gap,flow,6320,321,0.05079113924050633,0.5122894314161395,0.058819727678809774,0.48976083552328165,66
historical80,cumulative_mean,active_minus_baseline,1,2,3,strong_fixed_support,randi_wild_type,flow,1051,139,0.13225499524262607,0.5546510160292819,0.17035113699823118,0.5221310069104552,27
historical80,cumulative_mean,active_minus_baseline,1,2,3,strong_fixed_support,cook_struct,flow,4503,838,0.18609815678436598,0.5240073324715835,0.2028562033259093,0.5185775450928676,57
historical80,cumulative_mean,active_minus_baseline,1,2,3,strong_fixed_support,cook_chem,flow,4503,746,0.16566733288918498,0.5249179190800943,0.17956200010240125,0.5125330191408012,57
historical80,cumulative_mean,active_minus_baseline,1,2,3,strong_fixed_support,cook_gap,flow,4503,231,0.051299133910726186,0.5188796066605055,0.062122196272806976,0.505742104792416,47
historical80,cumulative_mean,active_minus_baseline,1,4,5,all_common,randi_wild_type,flow,1646,273,0.16585662211421628,0.5422526005191701,0.18962291946584942,0.5021805646674316,44
historical80,cumulative_mean,active_minus_baseline,1,4,5,all_common,cook_struct,flow,6320,1267,0.2004746835443038,0.5138449561717617,0.2133384724244884,0.5060499062536458,80
historical80,cumulative_mean,active_minus_baseline,1,4,5,all_common,cook_chem,flow,6320,1145,0.18117088607594936,0.5143176592198806,0.19036865982301443,0.5000497368117088,80
historical80,cumulative_mean,active_minus_baseline,1,4,5,all_common,cook_gap,flow,6320,321,0.05079113924050633,0.5141485159260708,0.059528218596347424,0.49294271579616283,66
historical80,cumulative_mean,active_minus_baseline,1,4,5,strong_fixed_support,randi_wild_type,flow,1051,139,0.13225499524262607,0.5516060835542093,0.17206201041345545,0.5133852670888529,27
historical80,cumulative_mean,active_minus_baseline,1,4,5,strong_fixed_support,cook_struct,flow,4503,838,0.18609815678436598,0.5231959417439692,0.2035948372624131,0.5180302329102906,57
historical80,cumulative_mean,active_minus_baseline,1,4,5,strong_fixed_support,cook_chem,flow,4503,746,0.16566733288918498,0.5240448392669698,0.18023723873448952,0.5099782238447014,57
historical80,cumulative_mean,active_minus_baseline,1,4,5,strong_fixed_support,cook_gap,flow,4503,231,0.051299133910726186,0.5221354800006486,0.0631404243039084,0.511387778803674,47
historical80,cumulative_mean,active_minus_baseline,1,8,9,all_common,randi_wild_type,flow,1646,273,0.16585662211421628,0.5439360348318834,0.1886653136709474,0.5030217645273216,44
historical80,cumulative_mean,active_minus_baseline,1,8,9,all_common,cook_struct,flow,6320,1267,0.2004746835443038,0.5185222903989612,0.21466119619527774,0.5134555515463859,80
historical80,cumulative_mean,active_minus_baseline,1,8,9,all_common,cook_chem,flow,6320,1145,0.18117088607594936,0.519054068307913,0.19153532868684692,0.5060741754898836,80
historical80,cumulative_mean,active_minus_baseline,1,8,9,all_common,cook_gap,flow,6320,321,0.05079113924050633,0.5194874119726081,0.05978366567951228,0.4995449363054251,66
historical80,cumulative_mean,active_minus_baseline,1,8,9,strong_fixed_support,randi_wild_type,flow,1051,139,0.13225499524262607,0.5513378770667676,0.17277275987596483,0.5114039844365337,27
historical80,cumulative_mean,active_minus_baseline,1,8,9,strong_fixed_support,cook_struct,flow,4503,838,0.18609815678436598,0.5251573453327125,0.20563074354634645,0.5229956669585736,57
historical80,cumulative_mean,active_minus_baseline,1,8,9,strong_fixed_support,cook_chem,flow,4503,746,0.16566733288918498,0.5251512636643949,0.1819403404288521,0.5127710228440865,57
historical80,cumulative_mean,active_minus_baseline,1,8,9,strong_fixed_support,cook_gap,flow,4503,231,0.051299133910726186,0.5282469559154952,0.06428683025755264,0.5172176689957418,47
historical80,cumulative_mean,active_minus_baseline,1,16,17,all_common,randi_wild_type,flow,1646,273,0.16585662211421628,0.54402407497819,0.18677655597979936,0.4988200442008743,44
historical80,cumulative_mean,active_minus_baseline,1,16,17,all_common,cook_struct,flow,6320,1267,0.2004746835443038,0.5263117036758427,0.21692198504946292,0.5200166999810217,80
historical80,cumulative_mean,active_minus_baseline,1,16,17,all_common,cook_chem,flow,6320,1145,0.18117088607594936,0.5269938189566061,0.19331486229547915,0.5096065406862316,80
historical80,cumulative_mean,active_minus_baseline,1,16,17,all_common,cook_gap,flow,6320,321,0.05079113924050633,0.5301413163876222,0.06157485614066935,0.505320917496395,66
historical80,cumulative_mean,active_minus_baseline,1,16,17,strong_fixed_support,randi_wild_type,flow,1051,139,0.13225499524262607,0.5466915940931466,0.17224423506618286,0.5035426200503414,27
historical80,cumulative_mean,active_minus_baseline,1,16,17,strong_fixed_support,cook_struct,flow,4503,838,0.18609815678436598,0.5309575517619747,0.20900241186882632,0.5283024074927645,57
historical80,cumulative_mean,active_minus_baseline,1,16,17,strong_fixed_support,cook_chem,flow,4503,746,0.16566733288918498,0.5300126091706562,0.185090537608619,0.5137064093705695,57
historical80,cumulative_mean,active_minus_baseline,1,16,17,strong_fixed_support,cook_gap,flow,4503,231,0.051299133910726186,0.5414518378001525,0.06626064844742596,0.5231043642819588,47
historical80,cumulative_mean,active_minus_baseline,1,32,33,all_common,randi_wild_type,flow,1646,273,0.16585662211421628,0.5376398304293424,0.18406706008134618,0.49025678936232536,44
historical80,cumulative_mean,active_minus_baseline,1,32,33,all_common,cook_struct,flow,6320,1267,0.2004746835443038,0.5306836717846861,0.21857982504148474,0.5274429476590065,80
historical80,cumulative_mean,active_minus_baseline,1,32,33,all_common,cook_chem,flow,6320,1145,0.18117088607594936,0.5298484906018607,0.1945919571543295,0.5159871158751141,80
historical80,cumulative_mean,active_minus_baseline,1,32,33,all_common,cook_gap,flow,6320,321,0.05079113924050633,0.5473087674529348,0.0652871510210355,0.5389084672189767,66
historical80,cumulative_mean,active_minus_baseline,1,32,33,strong_fixed_support,randi_wild_type,flow,1051,139,0.13225499524262607,0.5334232613908874,0.17231300579606257,0.47996219639349536,27
historical80,cumulative_mean,active_minus_baseline,1,32,33,strong_fixed_support,cook_struct,flow,4503,838,0.18609815678436598,0.5347419797022078,0.21138301056610917,0.5370867914872255,57
historical80,cumulative_mean,active_minus_baseline,1,32,33,strong_fixed_support,cook_chem,flow,4503,746,0.16566733288918498,0.5321533851734135,0.18747799788794575,0.5215205347378303,57
historical80,cumulative_mean,active_minus_baseline,1,32,33,strong_fixed_support,cook_gap,flow,4503,231,0.051299133910726186,0.5631242197253433,0.06978902643995148,0.5627000200827909,47
historical80,cumulative_mean,active_minus_baseline,4,1,5,all_common,randi_wild_type,flow,1646,273,0.16585662211421628,0.5224062172350592,0.2056935757712165,0.4805476349629997,44
historical80,cumulative_mean,active_minus_baseline,4,1,5,all_common,cook_struct,flow,6320,1267,0.2004746835443038,0.5348131432701291,0.22968028410880406,0.5278030850067208,80
historical80,cumulative_mean,active_minus_baseline,4,1,5,all_common,cook_chem,flow,6320,1145,0.18117088607594936,0.5359671750733076,0.20587824975607638,0.5210152462194798,80
historical80,cumulative_mean,active_minus_baseline,4,1,5,all_common,cook_gap,flow,6320,321,0.05079113924050633,0.5357255804316295,0.06937865764664945,0.5461392827651471,66
historical80,cumulative_mean,active_minus_baseline,4,1,5,strong_fixed_support,randi_wild_type,flow,1051,139,0.13225499524262607,0.5165499179603685,0.17990161710759792,0.4448809698787294,27
historical80,cumulative_mean,active_minus_baseline,4,1,5,strong_fixed_support,cook_struct,flow,4503,838,0.18609815678436598,0.5375808704542421,0.21399331281128195,0.5361310969787713,57
historical80,cumulative_mean,active_minus_baseline,4,1,5,strong_fixed_support,cook_chem,flow,4503,746,0.16566733288918498,0.5381036720730775,0.19200707217962076,0.527082983655503,57
historical80,cumulative_mean,active_minus_baseline,4,1,5,strong_fixed_support,cook_gap,flow,4503,231,0.051299133910726186,0.535703138933476,0.06631630005274496,0.5470622651159631,47
historical80,cumulative_mean,active_minus_baseline,4,2,6,all_common,randi_wild_type,flow,1646,273,0.16585662211421628,0.5217232391303768,0.20527208049104617,0.4807079082360115,44
historical80,cumulative_mean,active_minus_baseline,4,2,6,all_common,cook_struct,flow,6320,1267,0.2004746835443038,0.5355020523570906,0.23026552350602073,0.527708614428209,80
historical80,cumulative_mean,active_minus_baseline,4,2,6,all_common,cook_chem,flow,6320,1145,0.18117088607594936,0.5364436849988398,0.20632698340834166,0.5200345175108912,80
historical80,cumulative_mean,active_minus_baseline,4,2,6,all_common,cook_gap,flow,6320,321,0.05079113924050633,0.5363417267363875,0.06951132386284807,0.54748764976775,66
historical80,cumulative_mean,active_minus_baseline,4,2,6,strong_fixed_support,randi_wild_type,flow,1051,139,0.13225499524262607,0.5128817998232993,0.18279396213676946,0.44311983133005456,27
historical80,cumulative_mean,active_minus_baseline,4,2,6,strong_fixed_support,cook_struct,flow,4503,838,0.18609815678436598,0.5369485587395443,0.2141171143199983,0.5344377230577355,57
historical80,cumulative_mean,active_minus_baseline,4,2,6,strong_fixed_support,cook_chem,flow,4503,746,0.16566733288918498,0.537213466051931,0.19190819666270728,0.5241441593042628,57
historical80,cumulative_mean,active_minus_baseline,4,2,6,strong_fixed_support,cook_gap,flow,4503,231,0.051299133910726186,0.536189543914263,0.06672722655889254,0.5482410027038798,47
historical80,cumulative_mean,active_minus_baseline,4,4,8,all_common,randi_wild_type,flow,1646,273,0.16585662211421628,0.5217765967948051,0.2052838421117797,0.47991952735609683,44
historical80,cumulative_mean,active_minus_baseline,4,4,8,all_common,cook_struct,flow,6320,1267,0.2004746835443038,0.5369190761042656,0.23147009593769452,0.5284086518588602,80
historical80,cumulative_mean,active_minus_baseline,4,4,8,all_common,cook_chem,flow,6320,1145,0.18117088607594936,0.5377774402463978,0.20729006413758727,0.5189301855196501,80
historical80,cumulative_mean,active_minus_baseline,4,4,8,all_common,cook_gap,flow,6320,321,0.05079113924050633,0.5361978813706749,0.06968072055613556,0.5508272411662833,66
historical80,cumulative_mean,active_minus_baseline,4,4,8,strong_fixed_support,randi_wild_type,flow,1051,139,0.13225499524262607,0.5097816483655182,0.18423388135165164,0.4431928949387307,27
historical80,cumulative_mean,active_minus_baseline,4,4,8,strong_fixed_support,cook_struct,flow,4503,838,0.18609815678436598,0.5364529982710735,0.2149450351820285,0.5338816776307906,57
historical80,cumulative_mean,active_minus_baseline,4,4,8,strong_fixed_support,cook_chem,flow,4503,746,0.16566733288918498,0.5366236822631714,0.19246898459696865,0.5210923281368454,57
historical80,cumulative_mean,active_minus_baseline,4,4,8,strong_fixed_support,cook_gap,flow,4503,231,0.051299133910726186,0.5348306499991894,0.06719615688108484,0.5513631738973465,47
historical80,cumulative_mean,active_minus_baseline,4,8,12,all_common,randi_wild_type,flow,1646,273,0.16585662211421628,0.5259304909705492,0.2015688899473114,0.48846450318951057,44
historical80,cumulative_mean,active_minus_baseline,4,8,12,all_common,cook_struct,flow,6320,1267,0.2004746835443038,0.539115681588891,0.23302578343909985,0.5331152783437643,80
historical80,cumulative_mean,active_minus_baseline,4,8,12,all_common,cook_chem,flow,6320,1145,0.18117088607594936,0.5402238676876991,0.20854621668548134,0.5256083451904565,80
historical80,cumulative_mean,active_minus_baseline,4,8,12,all_common,cook_gap,flow,6320,321,0.05079113924050633,0.5370832833509634,0.0701072099706237,0.5525606725504744,66
historical80,cumulative_mean,active_minus_baseline,4,8,12,strong_fixed_support,randi_wild_type,flow,1051,139,0.13225499524262607,0.51146977155118,0.17631305119802257,0.45180610860147935,27
historical80,cumulative_mean,active_minus_baseline,4,8,12,strong_fixed_support,cook_struct,flow,4503,838,0.18609815678436598,0.5359759969003052,0.21562184497432207,0.5365524996754886,57
historical80,cumulative_mean,active_minus_baseline,4,8,12,strong_fixed_support,cook_chem,flow,4503,746,0.16566733288918498,0.536697182239266,0.19259657908779204,0.5267006657350627,57
historical80,cumulative_mean,active_minus_baseline,4,8,12,strong_fixed_support,cook_gap,flow,4503,231,0.051299133910726186,0.5329873777907486,0.06802940966806667,0.5505013003412901,47
historical80,cumulative_mean,active_minus_baseline,4,16,20,all_common,randi_wild_type,flow,1646,273,0.16585662211421628,0.5311275274858669,0.1963667425873506,0.49915664147658023,44
historical80,cumulative_mean,active_minus_baseline,4,16,20,all_common,cook_struct,flow,6320,1267,0.2004746835443038,0.5410019226350644,0.2349139311672161,0.5372012484889008,80
historical80,cumulative_mean,active_minus_baseline,4,16,20,all_common,cook_chem,flow,6320,1145,0.18117088607594936,0.542066620256102,0.20989542384845028,0.5319968807790044,80
historical80,cumulative_mean,active_minus_baseline,4,16,20,all_common,cook_gap,flow,6320,321,0.05079113924050633,0.5394216793141536,0.06986406340378559,0.5580409026633717,66
historical80,cumulative_mean,active_minus_baseline,4,16,20,strong_fixed_support,randi_wild_type,flow,1051,139,0.13225499524262607,0.5089928057553956,0.16827480495531671,0.46147759787813963,27
historical80,cumulative_mean,active_minus_baseline,4,16,20,strong_fixed_support,cook_struct,flow,4503,838,0.18609815678436598,0.5370716348611486,0.21681654453066543,0.5416963608864209,57
historical80,cumulative_mean,active_minus_baseline,4,16,20,strong_fixed_support,cook_chem,flow,4503,746,0.16566733288918498,0.5382371137772495,0.19336795137555152,0.5360478334766651,57
historical80,cumulative_mean,active_minus_baseline,4,16,20,strong_fixed_support,cook_gap,flow,4503,231,0.051299133910726186,0.5342489907096649,0.06819578714883784,0.5551127833745869,47
historical80,cumulative_mean,active_minus_baseline,4,32,36,all_common,randi_wild_type,flow,1646,273,0.16585662211421628,0.5261839398765837,0.18759901941105814,0.48264385685224537,44
historical80,cumulative_mean,active_minus_baseline,4,32,36,all_common,cook_struct,flow,6320,1267,0.2004746835443038,0.5405965901147911,0.2343526417470874,0.54250889368022,80
historical80,cumulative_mean,active_minus_baseline,4,32,36,all_common,cook_chem,flow,6320,1145,0.18117088607594936,0.5405343965571799,0.20944783339921913,0.539909817780208,80
historical80,cumulative_mean,active_minus_baseline,4,32,36,all_common,cook_gap,flow,6320,321,0.05079113924050633,0.5342359759856133,0.06761161900700528,0.5545890648430747,66
historical80,cumulative_mean,active_minus_baseline,4,32,36,strong_fixed_support,randi_wild_type,flow,1051,139,0.13225499524262607,0.49479363877319193,0.14921522222324043,0.4488624298026629,27
historical80,cumulative_mean,active_minus_baseline,4,32,36,strong_fixed_support,cook_struct,flow,4503,838,0.18609815678436598,0.5373015071940923,0.2171318468819889,0.5511766601621988,57
historical80,cumulative_mean,active_minus_baseline,4,32,36,strong_fixed_support,cook_chem,flow,4503,746,0.16566733288918498,0.5392183027785131,0.19413730777927937,0.551108279740624,57
historical80,cumulative_mean,active_minus_baseline,4,32,36,strong_fixed_support,cook_gap,flow,4503,231,0.051299133910726186,0.5285621058092967,0.06350613799892646,0.5475352458398947,47
historical80,cumulative_mean,active_minus_baseline,8,1,9,all_common,randi_wild_type,flow,1646,273,0.16585662211421628,0.5081970711977996,0.18186265372710292,0.4631773356890381,44
historical80,cumulative_mean,active_minus_baseline,8,1,9,all_common,cook_struct,flow,6320,1267,0.2004746835443038,0.5212635565765319,0.2175187136404776,0.5167373308549845,80
historical80,cumulative_mean,active_minus_baseline,8,1,9,all_common,cook_chem,flow,6320,1145,0.18117088607594936,0.5247838322469042,0.19901806354048962,0.5217690578325744,80
historical80,cumulative_mean,active_minus_baseline,8,1,9,all_common,cook_gap,flow,6320,321,0.05079113924050633,0.5370884763244549,0.05984922065032328,0.5350031388689155,66
historical80,cumulative_mean,active_minus_baseline,8,1,9,strong_fixed_support,randi_wild_type,flow,1051,139,0.13225499524262607,0.49253754890824186,0.15309857258077125,0.42883692741930696,27
historical80,cumulative_mean,active_minus_baseline,8,1,9,strong_fixed_support,cook_struct,flow,4503,838,0.18609815678436598,0.508805477864206,0.19068259912662897,0.5100672118492039,57
historical80,cumulative_mean,active_minus_baseline,8,1,9,strong_fixed_support,cook_chem,flow,4503,746,0.16566733288918498,0.5132553282130728,0.1732777404443132,0.5166327832609914,57
historical80,cumulative_mean,active_minus_baseline,8,1,9,strong_fixed_support,cook_gap,flow,4503,231,0.051299133910726186,0.5268505682831526,0.05669257587390143,0.5305878594988408,47
historical80,cumulative_mean,active_minus_baseline,8,2,10,all_common,randi_wild_type,flow,1646,273,0.16585662211421628,0.5081490492998141,0.18235249012048033,0.4642502132611202,44
historical80,cumulative_mean,active_minus_baseline,8,2,10,all_common,cook_struct,flow,6320,1267,0.2004746835443038,0.5211973288352618,0.2176120675375205,0.5169374166034688,80
historical80,cumulative_mean,active_minus_baseline,8,2,10,all_common,cook_chem,flow,6320,1145,0.18117088607594936,0.5244618273105077,0.19906244715154572,0.5211532596448178,80
historical80,cumulative_mean,active_minus_baseline,8,2,10,all_common,cook_gap,flow,6320,321,0.05079113924050633,0.5384755195440154,0.06005405419501851,0.5340393942266175,66
historical80,cumulative_mean,active_minus_baseline,8,2,10,strong_fixed_support,randi_wild_type,flow,1051,139,0.13225499524262607,0.4928846396566957,0.15298064643433423,0.43007025311543606,27
historical80,cumulative_mean,active_minus_baseline,8,2,10,strong_fixed_support,cook_struct,flow,4503,838,0.18609815678436598,0.5082561936918604,0.19079061063886732,0.5096082724579118,57
historical80,cumulative_mean,active_minus_baseline,8,2,10,strong_fixed_support,cook_chem,flow,4503,746,0.16566733288918498,0.5123629814159235,0.17339952407602227,0.5150679912441006,57
historical80,cumulative_mean,active_minus_baseline,8,2,10,strong_fixed_support,cook_gap,flow,4503,231,0.051299133910726186,0.5273116396711902,0.0566272037581271,0.5278082345240438,47
historical80,cumulative_mean,active_minus_baseline,8,4,12,all_common,randi_wild_type,flow,1646,273,0.16585662211421628,0.5082530967454493,0.18210118406287776,0.4690595367861571,44
historical80,cumulative_mean,active_minus_baseline,8,4,12,all_common,cook_struct,flow,6320,1267,0.2004746835443038,0.5214869190058153,0.21806268545008464,0.5176308490590321,80
historical80,cumulative_mean,active_minus_baseline,8,4,12,all_common,cook_chem,flow,6320,1145,0.18117088607594936,0.5241182203657997,0.19923072649152318,0.52001381614142,80
historical80,cumulative_mean,active_minus_baseline,8,4,12,all_common,cook_gap,flow,6320,321,0.05079113924050633,0.5410766799658717,0.06067125762779506,0.5366447275919336,66
historical80,cumulative_mean,active_minus_baseline,8,4,12,strong_fixed_support,randi_wild_type,flow,1051,139,0.13225499524262607,0.4937129243973243,0.15265725178527279,0.4401710223581211,27
historical80,cumulative_mean,active_minus_baseline,8,4,12,strong_fixed_support,cook_struct,flow,4503,838,0.18609815678436598,0.5074444773660407,0.19068269286961195,0.5094886334444604,57
historical80,cumulative_mean,active_minus_baseline,8,4,12,strong_fixed_support,cook_chem,flow,4503,746,0.16566733288918498,0.5108958362620338,0.1730748518334419,0.5124681225293578,57
historical80,cumulative_mean,active_minus_baseline,8,4,12,strong_fixed_support,cook_gap,flow,4503,231,0.051299133910726186,0.5274068939799277,0.05639394769660618,0.5298755843515243,47
historical80,cumulative_mean,active_minus_baseline,8,8,16,all_common,randi_wild_type,flow,1646,273,0.16585662211421628,0.5100752609856762,0.18165100617180535,0.4693438654815252,44
historical80,cumulative_mean,active_minus_baseline,8,8,16,all_common,cook_struct,flow,6320,1267,0.2004746835443038,0.5220643811743896,0.219242835562446,0.5180375513250326,80
historical80,cumulative_mean,active_minus_baseline,8,8,16,all_common,cook_chem,flow,6320,1145,0.18117088607594936,0.5236524270615783,0.19983585728353961,0.5195770182932717,80
historical80,cumulative_mean,active_minus_baseline,8,8,16,all_common,cook_gap,flow,6320,321,0.05079113924050633,0.544546624852844,0.06177346210899728,0.5366662706818555,66
historical80,cumulative_mean,active_minus_baseline,8,8,16,strong_fixed_support,randi_wild_type,flow,1051,139,0.13225499524262607,0.4971286128991544,0.1520570127149058,0.44013742730378136,27
historical80,cumulative_mean,active_minus_baseline,8,8,16,strong_fixed_support,cook_struct,flow,4503,838,0.18609815678436598,0.5053179954872089,0.1905656404123564,0.5085944219424392,57
historical80,cumulative_mean,active_minus_baseline,8,8,16,strong_fixed_support,cook_chem,flow,4503,746,0.16566733288918498,0.507613313057806,0.17241620889153125,0.5103335417842831,57
historical80,cumulative_mean,active_minus_baseline,8,8,16,strong_fixed_support,cook_gap,flow,4503,231,0.051299133910726186,0.5271201177100053,0.05653318255421495,0.5260249412218628,47
historical80,cumulative_mean,active_minus_baseline,8,16,24,all_common,randi_wild_type,flow,1646,273,0.16585662211421628,0.5143225310741698,0.18197646097592024,0.47488528834481,44
historical80,cumulative_mean,active_minus_baseline,8,16,24,all_common,cook_struct,flow,6320,1267,0.2004746835443038,0.5230619365272704,0.22136596933094238,0.5195545655160363,80
historical80,cumulative_mean,active_minus_baseline,8,16,24,all_common,cook_chem,flow,6320,1145,0.18117088607594936,0.5242693500411366,0.20090620432261613,0.5199955352725752,80
historical80,cumulative_mean,active_minus_baseline,8,16,24,all_common,cook_gap,flow,6320,321,0.05079113924050633,0.5455519845207846,0.06390519625563394,0.5426819984898341,66
historical80,cumulative_mean,active_minus_baseline,8,16,24,strong_fixed_support,randi_wild_type,flow,1051,139,0.13225499524262607,0.5034156885018302,0.15321991092848353,0.4522184474473508,27
historical80,cumulative_mean,active_minus_baseline,8,16,24,strong_fixed_support,cook_struct,flow,4503,838,0.18609815678436598,0.5040758383339792,0.19192130525965562,0.5096843359646002,57
historical80,cumulative_mean,active_minus_baseline,8,16,24,strong_fixed_support,cook_chem,flow,4503,746,0.16566733288918498,0.5060134397917453,0.17324931036628466,0.5104092444584035,57
historical80,cumulative_mean,active_minus_baseline,8,16,24,strong_fixed_support,cook_gap,flow,4503,231,0.051299133910726186,0.5243425426009696,0.05679238826048532,0.5273151102016164,47
historical80,cumulative_mean,active_minus_baseline,8,32,40,all_common,randi_wild_type,flow,1646,273,0.16585662211421628,0.5209575566458304,0.18324171148349516,0.48402238815010706,44
historical80,cumulative_mean,active_minus_baseline,8,32,40,all_common,cook_struct,flow,6320,1267,0.2004746835443038,0.524365951381028,0.22343379320083492,0.5191450208171136,80
historical80,cumulative_mean,active_minus_baseline,8,32,40,all_common,cook_chem,flow,6320,1145,0.18117088607594936,0.5255338269729763,0.20121033226715718,0.5196545952970373,80
historical80,cumulative_mean,active_minus_baseline,8,32,40,all_common,cook_gap,flow,6320,321,0.05079113924050633,0.5464451759613103,0.06636825889668505,0.5568817286524828,66
historical80,cumulative_mean,active_minus_baseline,8,32,40,strong_fixed_support,randi_wild_type,flow,1051,139,0.13225499524262607,0.5199261643316925,0.1549755783051674,0.470064475615863,27
historical80,cumulative_mean,active_minus_baseline,8,32,40,strong_fixed_support,cook_struct,flow,4503,838,0.18609815678436598,0.5048286213846389,0.19315206018923337,0.5077146945645588,57
historical80,cumulative_mean,active_minus_baseline,8,32,40,strong_fixed_support,cook_chem,flow,4503,746,0.16566733288918498,0.508238419650611,0.17443990305756357,0.5095719396766444,57
historical80,cumulative_mean,active_minus_baseline,8,32,40,strong_fixed_support,cook_gap,flow,4503,231,0.051299133910726186,0.5229410882500769,0.05665431190648567,0.5310058318317462,47
historical80,cumulative_mean,active_minus_baseline,16,1,17,all_common,randi_wild_type,flow,1646,273,0.16585662211421628,0.5355668851663025,0.18708869086512742,0.52372308138129,44
historical80,cumulative_mean,active_minus_baseline,16,1,17,all_common,cook_struct,flow,6320,1267,0.2004746835443038,0.5308641579993973,0.22368970826293705,0.5090927401037529,80
historical80,cumulative_mean,active_minus_baseline,16,1,17,all_common,cook_chem,flow,6320,1145,0.18117088607594936,0.5298859565850262,0.20198565963703702,0.4944148742190483,80
historical80,cumulative_mean,active_minus_baseline,16,1,17,all_common,cook_gap,flow,6320,321,0.05079113924050633,0.5353496091508501,0.06166058739320574,0.5046613042013529,66
historical80,cumulative_mean,active_minus_baseline,16,1,17,strong_fixed_support,randi_wild_type,flow,1051,139,0.13225499524262607,0.5266628802221381,0.1432859372296041,0.5058352736617552,27
historical80,cumulative_mean,active_minus_baseline,16,1,17,strong_fixed_support,cook_struct,flow,4503,838,0.18609815678436598,0.5220285093788563,0.20160632335029677,0.5051985314406964,57
historical80,cumulative_mean,active_minus_baseline,16,1,17,strong_fixed_support,cook_chem,flow,4503,746,0.16566733288918498,0.5204954326543981,0.18047767342044185,0.4852479286760359,57
historical80,cumulative_mean,active_minus_baseline,16,1,17,strong_fixed_support,cook_gap,flow,4503,231,0.051299133910726186,0.5476844082883409,0.06033856120801456,0.5295660058107071,47
historical80,cumulative_mean,active_minus_baseline,16,2,18,all_common,randi_wild_type,flow,1646,273,0.16585662211421628,0.535948392466965,0.18733570253081377,0.5257567504613593,44
historical80,cumulative_mean,active_minus_baseline,16,2,18,all_common,cook_struct,flow,6320,1267,0.2004746835443038,0.5304957661885825,0.22389404866712534,0.5091893717599282,80
historical80,cumulative_mean,active_minus_baseline,16,2,18,all_common,cook_chem,flow,6320,1145,0.18117088607594936,0.5293767904984916,0.20211707456206185,0.4944510629757565,80
historical80,cumulative_mean,active_minus_baseline,16,2,18,all_common,cook_gap,flow,6320,321,0.05079113924050633,0.5342188391730917,0.06175902617984838,0.5032741906235094,66
historical80,cumulative_mean,active_minus_baseline,16,2,18,strong_fixed_support,randi_wild_type,flow,1051,139,0.13225499524262607,0.5293843872270605,0.1432694903998351,0.5101625135946597,27
historical80,cumulative_mean,active_minus_baseline,16,2,18,strong_fixed_support,cook_struct,flow,4503,838,0.18609815678436598,0.5221198396754437,0.2019117014249715,0.50551635495878,57
historical80,cumulative_mean,active_minus_baseline,16,2,18,strong_fixed_support,cook_chem,flow,4503,746,0.16566733288918498,0.5207209277266885,0.18075036261391803,0.4857545777202021,57
historical80,cumulative_mean,active_minus_baseline,16,2,18,strong_fixed_support,cook_gap,flow,4503,231,0.051299133910726186,0.5460412714626198,0.06038484905419272,0.5277384417055014,47
historical80,cumulative_mean,active_minus_baseline,16,4,20,all_common,randi_wild_type,flow,1646,273,0.16585662211421628,0.536911498309896,0.18749293047249485,0.5291759602073789,44
historical80,cumulative_mean,active_minus_baseline,16,4,20,all_common,cook_struct,flow,6320,1267,0.2004746835443038,0.5294169100353928,0.2241236747707381,0.5073982102310381,80
historical80,cumulative_mean,active_minus_baseline,16,4,20,all_common,cook_chem,flow,6320,1145,0.18117088607594936,0.5284752441828576,0.20232498515649755,0.49286011397926066,80
historical80,cumulative_mean,active_minus_baseline,16,4,20,all_common,cook_gap,flow,6320,321,0.05079113924050633,0.5305567542669365,0.0618868928423604,0.49957226801875676,66
historical80,cumulative_mean,active_minus_baseline,16,4,20,strong_fixed_support,randi_wild_type,flow,1051,139,0.13225499524262607,0.5324450965543355,0.14306724351647526,0.5129052970278335,27
historical80,cumulative_mean,active_minus_baseline,16,4,20,strong_fixed_support,cook_struct,flow,4503,838,0.18609815678436598,0.5217323778111335,0.20267207677392945,0.503691815272516,57
historical80,cumulative_mean,active_minus_baseline,16,4,20,strong_fixed_support,cook_chem,flow,4503,746,0.16566733288918498,0.5209446388189767,0.18161147265931746,0.48452869237948987,57
historical80,cumulative_mean,active_minus_baseline,16,4,20,strong_fixed_support,cook_gap,flow,4503,231,0.051299133910726186,0.5416788267911864,0.06043841460931611,0.5228890645790113,47
historical80,cumulative_mean,active_minus_baseline,16,8,24,all_common,randi_wild_type,flow,1646,273,0.16585662211421628,0.5365540019582262,0.187427775851485,0.530759428503863,44
historical80,cumulative_mean,active_minus_baseline,16,8,24,all_common,cook_struct,flow,6320,1267,0.2004746835443038,0.5284758981785964,0.22463231596927913,0.5058851473589182,80
historical80,cumulative_mean,active_minus_baseline,16,8,24,all_common,cook_chem,flow,6320,1145,0.18117088607594936,0.5276895555133642,0.20275241279874584,0.4928316833160329,80
historical80,cumulative_mean,active_minus_baseline,16,8,24,all_common,cook_gap,flow,6320,321,0.05079113924050633,0.5254910086260483,0.06201734192656334,0.49678503922129574,66
historical80,cumulative_mean,active_minus_baseline,16,8,24,strong_fixed_support,randi_wild_type,flow,1051,139,0.13225499524262607,0.5343146535403256,0.14241261310123937,0.5173605485184267,27
historical80,cumulative_mean,active_minus_baseline,16,8,24,strong_fixed_support,cook_struct,flow,4503,838,0.18609815678436598,0.5211029964802834,0.2039713624429496,0.5021453118000778,57
historical80,cumulative_mean,active_minus_baseline,16,8,24,strong_fixed_support,cook_chem,flow,4503,746,0.16566733288918498,0.5210145708350667,0.18311226130246777,0.4857855558275928,57
historical80,cumulative_mean,active_minus_baseline,16,8,24,strong_fixed_support,cook_gap,flow,4503,231,0.051299133910726186,0.5357983932422135,0.06064569079272923,0.5163615930527597,47
historical80,cumulative_mean,active_minus_baseline,16,16,32,all_common,randi_wild_type,flow,1646,273,0.16585662211421628,0.5339474800509032,0.18681391373856182,0.5369397144591042,44
historical80,cumulative_mean,active_minus_baseline,16,16,32,all_common,cook_struct,flow,6320,1267,0.2004746835443038,0.5277596545286107,0.22587884934321206,0.5025365814391745,80
historical80,cumulative_mean,active_minus_baseline,16,16,32,all_common,cook_chem,flow,6320,1145,0.18117088607594936,0.5278727506697888,0.20419178161205848,0.49399475830157336,80
historical80,cumulative_mean,active_minus_baseline,16,16,32,all_common,cook_gap,flow,6320,321,0.05079113924050633,0.5242073055789671,0.06275362620709946,0.49070876588740614,66
historical80,cumulative_mean,active_minus_baseline,16,16,32,strong_fixed_support,randi_wild_type,flow,1051,139,0.13225499524262607,0.5324214312760318,0.14141244966941174,0.5272686137931011,27
historical80,cumulative_mean,active_minus_baseline,16,16,32,strong_fixed_support,cook_struct,flow,4503,838,0.18609815678436598,0.5224571594161374,0.20761522480618586,0.4995489225933727,57
historical80,cumulative_mean,active_minus_baseline,16,16,32,strong_fixed_support,cook_chem,flow,4503,746,0.16566733288918498,0.5242528513352377,0.18753076853486572,0.49026913725888494,57
historical80,cumulative_mean,active_minus_baseline,16,16,32,strong_fixed_support,cook_gap,flow,4503,231,0.051299133910726186,0.5323560646594354,0.061543800999881035,0.5057116779118503,47
historical80,cumulative_mean,active_minus_baseline,16,32,48,all_common,randi_wild_type,flow,1646,273,0.16585662211421628,0.5335072793193697,0.18646013248301307,0.5309097599326849,44
historical80,cumulative_mean,active_minus_baseline,16,32,48,all_common,cook_struct,flow,6320,1267,0.2004746835443038,0.5304932670285347,0.22797303017153658,0.5020603148925374,80
historical80,cumulative_mean,active_minus_baseline,16,32,48,all_common,cook_chem,flow,6320,1145,0.18117088607594936,0.5329264392548995,0.20672363496605115,0.500311702805784,80
historical80,cumulative_mean,active_minus_baseline,16,32,48,all_common,cook_gap,flow,6320,321,0.05079113924050633,0.5246840205454804,0.06432411527670491,0.4931772311161349,66
historical80,cumulative_mean,active_minus_baseline,16,32,48,strong_fixed_support,randi_wild_type,flow,1051,139,0.13225499524262607,0.5256610501072826,0.1403340702248746,0.5304320695704751,27
historical80,cumulative_mean,active_minus_baseline,16,32,48,strong_fixed_support,cook_struct,flow,4503,838,0.18609815678436598,0.5279138597388051,0.21377646038248707,0.50213914164791,57
historical80,cumulative_mean,active_minus_baseline,16,32,48,strong_fixed_support,cook_chem,flow,4503,746,0.16566733288918498,0.5336016201392788,0.19468740178686897,0.5029560908939833,57
historical80,cumulative_mean,active_minus_baseline,16,32,48,strong_fixed_support,cook_gap,flow,4503,231,0.051299133910726186,0.5311684258313472,0.06462527119040933,0.5010241373074558,47
historical80,peak_mean,state_average,1,1,2,all_common,randi_wild_type,flow,1646,273,0.16585662211421628,0.6799527251093165,0.3300529408685393,0.6498615714518235,44
historical80,peak_mean,state_average,1,1,2,all_common,cook_struct,flow,6320,1267,0.2004746835443038,0.6328923669560433,0.3251951727537779,0.6230503539391725,80
historical80,peak_mean,state_average,1,1,2,all_common,cook_chem,flow,6320,1145,0.18117088607594936,0.6222250068561063,0.2845077929379135,0.6046533730191401,80
historical80,peak_mean,state_average,1,1,2,all_common,cook_gap,flow,6320,321,0.05079113924050633,0.6689427469479596,0.1245924353094555,0.695494415540281,66
historical80,peak_mean,state_average,1,1,2,strong_fixed_support,randi_wild_type,flow,1051,139,0.13225499524262607,0.6318156001514577,0.25486715244494784,0.5977589971541923,27
historical80,peak_mean,state_average,1,1,2,strong_fixed_support,cook_struct,flow,4503,838,0.18609815678436598,0.6207642115476659,0.2952238375863446,0.6192363005258081,57
historical80,peak_mean,state_average,1,1,2,strong_fixed_support,cook_chem,flow,4503,746,0.16566733288918498,0.6088882522062481,0.25601618011177396,0.5966703156953747,57
historical80,peak_mean,state_average,1,1,2,strong_fixed_support,cook_gap,flow,4503,231,0.051299133910726186,0.6621197934400181,0.1294327031901005,0.6803187661985898,47
historical80,peak_mean,state_average,1,2,3,all_common,randi_wild_type,flow,1646,273,0.16585662211421628,0.6807317470099699,0.32626763839447454,0.6528127712615476,44
historical80,peak_mean,state_average,1,2,3,all_common,cook_struct,flow,6320,1267,0.2004746835443038,0.6328727641694175,0.3243502282524296,0.6211789602228255,80
historical80,peak_mean,state_average,1,2,3,all_common,cook_chem,flow,6320,1145,0.18117088607594936,0.6219407210514103,0.28379887270209414,0.6024157472439613,80
historical80,peak_mean,state_average,1,2,3,all_common,cook_gap,flow,6320,321,0.05079113924050633,0.6707436701547869,0.12425466129101671,0.6957657783606123,66
historical80,peak_mean,state_average,1,2,3,strong_fixed_support,randi_wild_type,flow,1051,139,0.13225499524262607,0.6341979048340276,0.2534812765729242,0.6022755042916242,27
historical80,peak_mean,state_average,1,2,3,strong_fixed_support,cook_struct,flow,4503,838,0.18609815678436598,0.6217838223275713,0.29511034769099626,0.6183921476667178,57
historical80,peak_mean,state_average,1,2,3,strong_fixed_support,cook_chem,flow,4503,746,0.16566733288918498,0.6099152894935709,0.2560327709595952,0.595644903832341,57
historical80,peak_mean,state_average,1,2,3,strong_fixed_support,cook_gap,flow,4503,231,0.051299133910726186,0.664934862266323,0.1292840491770741,0.6830747626013619,47
historical80,peak_mean,state_average,1,4,5,all_common,randi_wild_type,flow,1646,273,0.16585662211421628,0.6787068236449155,0.32032966802956225,0.6494678873621175,44
historical80,peak_mean,state_average,1,4,5,all_common,cook_struct,flow,6320,1267,0.2004746835443038,0.6312584629759592,0.32244884967389975,0.6174901058811931,80
historical80,peak_mean,state_average,1,4,5,all_common,cook_chem,flow,6320,1145,0.18117088607594936,0.6196654220197034,0.2821579629237682,0.5977002058140426,80
historical80,peak_mean,state_average,1,4,5,all_common,cook_gap,flow,6320,321,0.05079113924050633,0.6728120314964228,0.12398979403956256,0.6975981308799508,66
historical80,peak_mean,state_average,1,4,5,strong_fixed_support,randi_wild_type,flow,1051,139,0.13225499524262607,0.6375978164836551,0.2508593958167371,0.602532769801425,27
historical80,peak_mean,state_average,1,4,5,strong_fixed_support,cook_struct,flow,4503,838,0.18609815678436598,0.6228234573971028,0.2943512377759564,0.6162222731200123,57
historical80,peak_mean,state_average,1,4,5,strong_fixed_support,cook_chem,flow,4503,746,0.16566733288918498,0.6105710805424155,0.2555901243141114,0.5924036125548264,57
historical80,peak_mean,state_average,1,4,5,strong_fixed_support,cook_gap,flow,4503,231,0.051299133910726186,0.6686143132772346,0.1294610461192997,0.6888484089077981,47
historical80,peak_mean,state_average,1,8,9,all_common,randi_wild_type,flow,1646,273,0.16585662211421628,0.6696867104733092,0.3027926073432976,0.6454114859345212,44
historical80,peak_mean,state_average,1,8,9,all_common,cook_struct,flow,6320,1267,0.2004746835443038,0.6272031072056876,0.3184632994666765,0.6115430219201453,80
historical80,peak_mean,state_average,1,8,9,all_common,cook_chem,flow,6320,1145,0.18117088607594936,0.6152196274497395,0.2788576780742772,0.5894874757240003,80
historical80,peak_mean,state_average,1,8,9,all_common,cook_gap,flow,6320,321,0.05079113924050633,0.6729200453450446,0.12173204524403028,0.6943095265907638,66
historical80,peak_mean,state_average,1,8,9,strong_fixed_support,randi_wild_type,flow,1051,139,0.13225499524262607,0.6389940679035718,0.24527774610787234,0.5981374287000071,27
historical80,peak_mean,state_average,1,8,9,strong_fixed_support,cook_struct,flow,4503,838,0.18609815678436598,0.6211215555779857,0.2918018243024906,0.6128065415200046,57
historical80,peak_mean,state_average,1,8,9,strong_fixed_support,cook_chem,flow,4503,746,0.16566733288918498,0.6086843432919854,0.2533484887951647,0.5855876886780311,57
historical80,peak_mean,state_average,1,8,9,strong_fixed_support,cook_gap,flow,4503,231,0.051299133910726186,0.6666656533229567,0.12724651625904165,0.6895756341056394,47
historical80,peak_mean,state_average,1,16,17,all_common,randi_wild_type,flow,1646,273,0.16585662211421628,0.6554775644360495,0.2783242567432216,0.6271736087129287,44
historical80,peak_mean,state_average,1,16,17,all_common,cook_struct,flow,6320,1267,0.2004746835443038,0.6214362953950945,0.3128425772365697,0.6046156665711061,80
historical80,peak_mean,state_average,1,16,17,all_common,cook_chem,flow,6320,1145,0.18117088607594936,0.6106756112482332,0.275490087777849,0.5859413416631557,80
historical80,peak_mean,state_average,1,16,17,all_common,cook_gap,flow,6320,321,0.05079113924050633,0.6656914262449765,0.11677916652702226,0.6870333006734686,66
historical80,peak_mean,state_average,1,16,17,strong_fixed_support,randi_wild_type,flow,1051,139,0.13225499524262607,0.6331250788842611,0.23292310972905028,0.5844919516638618,27
historical80,peak_mean,state_average,1,16,17,strong_fixed_support,cook_struct,flow,4503,838,0.18609815678436598,0.6172654960325858,0.2870905891593387,0.6081873915987756,57
historical80,peak_mean,state_average,1,16,17,strong_fixed_support,cook_chem,flow,4503,746,0.16566733288918498,0.6060180067805512,0.25041007269128707,0.5853383517862515,57
historical80,peak_mean,state_average,1,16,17,strong_fixed_support,cook_gap,flow,4503,231,0.051299133910726186,0.6614813869027353,0.12311238016788265,0.6865160042605263,47
historical80,peak_mean,state_average,1,32,33,all_common,randi_wild_type,flow,1646,273,0.16585662211421628,0.639729049780033,0.2573292593032847,0.5998793576993283,44
historical80,peak_mean,state_average,1,32,33,all_common,cook_struct,flow,6320,1267,0.2004746835443038,0.6143244668862076,0.3072689799431422,0.5972116545772597,80
historical80,peak_mean,state_average,1,32,33,all_common,cook_chem,flow,6320,1145,0.18117088607594936,0.6075747104613631,0.27375620219985886,0.585367753048794,80
historical80,peak_mean,state_average,1,32,33,all_common,cook_gap,flow,6320,321,0.05079113924050633,0.6533794053941493,0.11002259629453838,0.6757869020494754,66
historical80,peak_mean,state_average,1,32,33,strong_fixed_support,randi_wild_type,flow,1051,139,0.13225499524262607,0.6248027893474695,0.2195095434385263,0.5665405928589402,27
historical80,peak_mean,state_average,1,32,33,strong_fixed_support,cook_struct,flow,4503,838,0.18609815678436598,0.6090731195889648,0.282926541339307,0.6059718705199222,57
historical80,peak_mean,state_average,1,32,33,strong_fixed_support,cook_chem,flow,4503,746,0.16566733288918498,0.6017136198310071,0.2484886349023041,0.591494441244372,57
historical80,peak_mean,state_average,1,32,33,strong_fixed_support,cook_gap,flow,4503,231,0.051299133910726186,0.6495046775945652,0.11669472187159108,0.6811441485708105,47
historical80,peak_mean,state_average,4,1,5,all_common,randi_wild_type,flow,1646,273,0.16585662211421628,0.66655995133781,0.31089506175576853,0.6298897554707771,44
historical80,peak_mean,state_average,4,1,5,all_common,cook_struct,flow,6320,1267,0.2004746835443038,0.6285062629731788,0.31792215754010233,0.6103929893451656,80
historical80,peak_mean,state_average,4,1,5,all_common,cook_chem,flow,6320,1145,0.18117088607594936,0.6168649241609181,0.2790712668205288,0.5893156148265124,80
historical80,peak_mean,state_average,4,1,5,all_common,cook_gap,flow,6320,321,0.05079113924050633,0.67180199815234,0.11890383231827453,0.692918233656477,66
historical80,peak_mean,state_average,4,1,5,strong_fixed_support,randi_wild_type,flow,1051,139,0.13225499524262607,0.6217263031679919,0.24788744476000238,0.5853820529588489,27
historical80,peak_mean,state_average,4,1,5,strong_fixed_support,cook_struct,flow,4503,838,0.18609815678436598,0.620810934890127,0.29141680775790224,0.6078473987226156,57
historical80,peak_mean,state_average,4,1,5,strong_fixed_support,cook_chem,flow,4503,746,0.16566733288918498,0.6078273192988816,0.25316191820707346,0.5824400028892824,57
historical80,peak_mean,state_average,4,1,5,strong_fixed_support,cook_gap,flow,4503,231,0.051299133910726186,0.6679151061173533,0.12578499268729584,0.6798544113555557,47
historical80,peak_mean,state_average,4,2,6,all_common,randi_wild_type,flow,1646,273,0.16585662211421628,0.6642202177526285,0.30620975996849753,0.6263184710626192,44
historical80,peak_mean,state_average,4,2,6,all_common,cook_struct,flow,6320,1267,0.2004746835443038,0.6283550637902792,0.31728042212397234,0.610413786509914,80
historical80,peak_mean,state_average,4,2,6,all_common,cook_chem,flow,6320,1145,0.18117088607594936,0.6166787756049195,0.2787113341679529,0.5890360533925503,80
historical80,peak_mean,state_average,4,2,6,all_common,cook_gap,flow,6320,321,0.05079113924050633,0.6734029918797474,0.11867766928267075,0.6935576426169284,66
historical80,peak_mean,state_average,4,2,6,strong_fixed_support,randi_wild_type,flow,1051,139,0.13225499524262607,0.6219156253944214,0.24496989096272193,0.5811733320136293,27
historical80,peak_mean,state_average,4,2,6,strong_fixed_support,cook_struct,flow,4503,838,0.18609815678436598,0.6213664054283733,0.29107898423240086,0.6078165572446307,57
historical80,peak_mean,state_average,4,2,6,strong_fixed_support,cook_chem,flow,4503,746,0.16566733288918498,0.6084267365796536,0.25303046153731423,0.5819357250104167,57
historical80,peak_mean,state_average,4,2,6,strong_fixed_support,cook_gap,flow,4503,231,0.051299133910726186,0.669010530667834,0.12516740388948866,0.6807418875968614,47
historical80,peak_mean,state_average,4,4,8,all_common,randi_wild_type,flow,1646,273,0.16585662211421628,0.6594900608010585,0.29651233322325016,0.6244312867824943,44
historical80,peak_mean,state_average,4,4,8,all_common,cook_struct,flow,6320,1267,0.2004746835443038,0.6267507592370126,0.31534835941458556,0.6080799017155725,80
historical80,peak_mean,state_average,4,4,8,all_common,cook_chem,flow,6320,1145,0.18117088607594936,0.615207813851444,0.27730290366278787,0.5864055033992386,80
historical80,peak_mean,state_average,4,4,8,all_common,cook_gap,flow,6320,321,0.05079113924050633,0.6726848036458828,0.1177331881914628,0.69417915589574,66
historical80,peak_mean,state_average,4,4,8,strong_fixed_support,randi_wild_type,flow,1051,139,0.13225499524262607,0.6210005679666792,0.23859694217518723,0.5764195203957544,27
historical80,peak_mean,state_average,4,4,8,strong_fixed_support,cook_struct,flow,4503,838,0.18609815678436598,0.6202372308523836,0.28919938651093396,0.6067212189918071,57
historical80,peak_mean,state_average,4,4,8,strong_fixed_support,cook_chem,flow,4503,746,0.16566733288918498,0.6076307247026284,0.2517918829015243,0.5804972270729006,57
historical80,peak_mean,state_average,4,4,8,strong_fixed_support,cook_gap,flow,4503,231,0.051299133910726186,0.6673567537331582,0.12385359604352868,0.6820536488038941,47
historical80,peak_mean,state_average,4,8,12,all_common,randi_wild_type,flow,1646,273,0.16585662211421628,0.6532312067636175,0.28272687759123527,0.6204346478399431,44
historical80,peak_mean,state_average,4,8,12,all_common,cook_struct,flow,6320,1267,0.2004746835443038,0.6204322578458397,0.3115301297263253,0.6021365791205787,80
historical80,peak_mean,state_average,4,8,12,all_common,cook_chem,flow,6320,1145,0.18117088607594936,0.6095842035314221,0.2747624876276767,0.5816200298042222,80
historical80,peak_mean,state_average,4,8,12,all_common,cook_gap,flow,6320,321,0.05079113924050633,0.6655475808792638,0.11503623819910899,0.6843086881203507,66
historical80,peak_mean,state_average,4,8,12,strong_fixed_support,randi_wild_type,flow,1051,139,0.13225499524262607,0.6189259119020574,0.23267432175315195,0.5714143168828809,27
historical80,peak_mean,state_average,4,8,12,strong_fixed_support,cook_struct,flow,4503,838,0.18609815678436598,0.6151608292335092,0.285875636989601,0.6035635723324279,57
historical80,peak_mean,state_average,4,8,12,strong_fixed_support,cook_chem,flow,4503,746,0.16566733288918498,0.6038208570097212,0.24953662875525198,0.5786996165625319,57
historical80,peak_mean,state_average,4,8,12,strong_fixed_support,cook_gap,flow,4503,231,0.051299133910726186,0.6595367803232971,0.12159677294739268,0.6760231873358742,47
historical80,peak_mean,state_average,4,16,20,all_common,randi_wild_type,flow,1646,273,0.16585662211421628,0.6458358344738534,0.2658685194208716,0.6139120643252829,44
historical80,peak_mean,state_average,4,16,20,all_common,cook_struct,flow,6320,1267,0.2004746835443038,0.6142833088441682,0.3073458661112522,0.5951168541838386,80
historical80,peak_mean,state_average,4,16,20,all_common,cook_chem,flow,6320,1145,0.18117088607594936,0.6056346644727126,0.2727862089855606,0.5796426754910747,80
historical80,peak_mean,state_average,4,16,20,all_common,cook_gap,flow,6320,321,0.05079113924050633,0.6518313799963545,0.1099037809488651,0.6684012919608331,66
historical80,peak_mean,state_average,4,16,20,strong_fixed_support,randi_wild_type,flow,1051,139,0.13225499524262607,0.6131831377003659,0.21729394024648346,0.5692961702649362,27
historical80,peak_mean,state_average,4,16,20,strong_fixed_support,cook_struct,flow,4503,838,0.18609815678436598,0.6087094263936417,0.2817524902794732,0.5981653289283813,57
historical80,peak_mean,state_average,4,16,20,strong_fixed_support,cook_chem,flow,4503,746,0.16566733288918498,0.6000291859128375,0.2468935963361954,0.5796969066965586,57
historical80,peak_mean,state_average,4,16,20,strong_fixed_support,cook_gap,flow,4503,231,0.051299133910726186,0.651876915219612,0.11734029727362227,0.6708110346827718,47
historical80,peak_mean,state_average,4,32,36,all_common,randi_wild_type,flow,1646,273,0.16585662211421628,0.6266030643306681,0.2510528427794954,0.5858240159273598,44
historical80,peak_mean,state_average,4,32,36,all_common,cook_struct,flow,6320,1267,0.2004746835443038,0.6086728507340736,0.3031876717897962,0.5826107531420704,80
historical80,peak_mean,state_average,4,32,36,all_common,cook_chem,flow,6320,1145,0.18117088607594936,0.6028930658397148,0.27190996298255393,0.5741289114748057,80
historical80,peak_mean,state_average,4,32,36,all_common,cook_gap,flow,6320,321,0.05079113924050633,0.6445809504076224,0.10520960772825934,0.6513804261928339,66
historical80,peak_mean,state_average,4,32,36,strong_fixed_support,randi_wild_type,flow,1051,139,0.13225499524262607,0.6061939921746813,0.20512959019946392,0.5535658175059407,27
historical80,peak_mean,state_average,4,32,36,strong_fixed_support,cook_struct,flow,4503,838,0.18609815678436598,0.6030106438053313,0.2783097518809368,0.5902430889230836,57
historical80,peak_mean,state_average,4,32,36,strong_fixed_support,cook_chem,flow,4503,746,0.16566733288918498,0.5957428171613167,0.24540786405139828,0.5801250774874658,57
historical80,peak_mean,state_average,4,32,36,strong_fixed_support,cook_gap,flow,4503,231,0.051299133910726186,0.6473300419929633,0.11230505662161105,0.6626308299140767,47
historical80,peak_mean,state_average,8,1,9,all_common,randi_wild_type,flow,1646,273,0.16585662211421628,0.6530924768361038,0.2786377388605087,0.6135425482853578,44
historical80,peak_mean,state_average,8,1,9,all_common,cook_struct,flow,6320,1267,0.2004746835443038,0.6190780254948689,0.312003448517552,0.6014619548157419,80
historical80,peak_mean,state_average,8,1,9,all_common,cook_chem,flow,6320,1145,0.18117088607594936,0.6076540303356328,0.2750166119002753,0.5825306219446873,80
historical80,peak_mean,state_average,8,1,9,all_common,cook_gap,flow,6320,321,0.05079113924050633,0.6663452216075473,0.11424954563641869,0.6877684020802728,66
historical80,peak_mean,state_average,8,1,9,strong_fixed_support,randi_wild_type,flow,1051,139,0.13225499524262607,0.6131515839959611,0.22811137481872065,0.557789821266839,27
historical80,peak_mean,state_average,8,1,9,strong_fixed_support,cook_struct,flow,4503,838,0.18609815678436598,0.6135028831721079,0.28622031567854667,0.6019275439210588,57
historical80,peak_mean,state_average,8,1,9,strong_fixed_support,cook_chem,flow,4503,746,0.16566733288918498,0.6013974985746,0.24909453413487306,0.5793631073454291,57
historical80,peak_mean,state_average,8,1,9,strong_fixed_support,cook_gap,flow,4503,231,0.051299133910726186,0.662574784765796,0.12294910880929459,0.6821702937386871,47
historical80,peak_mean,state_average,8,2,10,all_common,randi_wild_type,flow,1646,273,0.16585662211421628,0.6496082213489351,0.27471641330920926,0.6137885944277546,44
historical80,peak_mean,state_average,8,2,10,all_common,cook_struct,flow,6320,1267,0.2004746835443038,0.6179171656526063,0.3112188809419222,0.6012229288346489,80
historical80,peak_mean,state_average,8,2,10,all_common,cook_chem,flow,6320,1145,0.18117088607594936,0.6067018543130182,0.27449325177710976,0.5826671483434624,80
historical80,peak_mean,state_average,8,2,10,all_common,cook_gap,flow,6320,321,0.05079113924050633,0.6649867397421896,0.11391057221840242,0.687958522236096,66
historical80,peak_mean,state_average,8,2,10,strong_fixed_support,randi_wild_type,flow,1051,139,0.13225499524262607,0.6119209895241703,0.22661445118357623,0.5588082399788591,27
historical80,peak_mean,state_average,8,2,10,strong_fixed_support,cook_struct,flow,4503,838,0.18609815678436598,0.6128529891543237,0.285805398183144,0.6029879178726636,57
historical80,peak_mean,state_average,8,2,10,strong_fixed_support,cook_chem,flow,4503,746,0.16566733288918498,0.6009515035740256,0.24889337330252012,0.5809493985608642,57
historical80,peak_mean,state_average,8,2,10,strong_fixed_support,cook_gap,flow,4503,231,0.051299133910726186,0.6618370705449357,0.12248422452957365,0.6839146005642776,47
historical80,peak_mean,state_average,8,4,12,all_common,randi_wild_type,flow,1646,273,0.16585662211421628,0.6440710297228869,0.2689323454561502,0.6118300857831033,44
historical80,peak_mean,state_average,8,4,12,all_common,cook_struct,flow,6320,1267,0.2004746835443038,0.616653215458367,0.30978023805525856,0.6006892797481582,80
historical80,peak_mean,state_average,8,4,12,all_common,cook_chem,flow,6320,1145,0.18117088607594936,0.6061346328291458,0.27371433408056844,0.5821596487572142,80
historical80,peak_mean,state_average,8,4,12,all_common,cook_gap,flow,6320,321,0.05079113924050633,0.662322744341087,0.1124424898217807,0.6837598847434451,66
historical80,peak_mean,state_average,8,4,12,strong_fixed_support,randi_wild_type,flow,1051,139,0.13225499524262607,0.6093178089107663,0.22357808361265605,0.5589990900612618,27
historical80,peak_mean,state_average,8,4,12,strong_fixed_support,cook_struct,flow,4503,838,0.18609815678436598,0.6125632067516045,0.28464271092397087,0.6030686595634949,57
historical80,peak_mean,state_average,8,4,12,strong_fixed_support,cook_chem,flow,4503,746,0.16566733288918498,0.601402136922606,0.2482077372741427,0.580653792445251,57
historical80,peak_mean,state_average,8,4,12,strong_fixed_support,cook_gap,flow,4503,231,0.051299133910726186,0.661003088671628,0.12103107453699971,0.6817189686945789,47
historical80,peak_mean,state_average,8,8,16,all_common,randi_wild_type,flow,1646,273,0.16585662211421628,0.6373146154646518,0.26140005796227056,0.6079776265641209,44
historical80,peak_mean,state_average,8,8,16,all_common,cook_struct,flow,6320,1267,0.2004746835443038,0.614167488395697,0.30741690956714846,0.5962089393792549,80
historical80,peak_mean,state_average,8,8,16,all_common,cook_chem,flow,6320,1145,0.18117088607594936,0.6046052781469528,0.2725678653985374,0.5783224614786142,80
historical80,peak_mean,state_average,8,8,16,all_common,cook_gap,flow,6320,321,0.05079113924050633,0.656647343612305,0.10956154025445386,0.6736041029102763,66
historical80,peak_mean,state_average,8,8,16,strong_fixed_support,randi_wild_type,flow,1051,139,0.13225499524262607,0.6083790862047205,0.218750318606535,0.5620605157796098,27
historical80,peak_mean,state_average,8,8,16,strong_fixed_support,cook_struct,flow,4503,838,0.18609815678436598,0.6109527980281773,0.28261981758765375,0.6002653202225777,57
historical80,peak_mean,state_average,8,8,16,strong_fixed_support,cook_chem,flow,4503,746,0.16566733288918498,0.6004612658693941,0.2466993480237278,0.5781892412746891,57
historical80,peak_mean,state_average,8,8,16,strong_fixed_support,cook_gap,flow,4503,231,0.051299133910726186,0.6610193021709875,0.11891324031046473,0.6789761808993484,47
historical80,peak_mean,state_average,8,16,24,all_common,randi_wild_type,flow,1646,273,0.16585662211421628,0.6295884256554323,0.25289837433152745,0.5984368836933551,44
historical80,peak_mean,state_average,8,16,24,all_common,cook_struct,flow,6320,1267,0.2004746835443038,0.6108964002879657,0.30474793528132854,0.5893664882932248,80
historical80,peak_mean,state_average,8,16,24,all_common,cook_chem,flow,6320,1145,0.18117088607594936,0.6028884247832416,0.2716327500890747,0.5744693556862686,80
historical80,peak_mean,state_average,8,16,24,all_common,cook_gap,flow,6320,321,0.05079113924050633,0.6513084475657677,0.10655291925497827,0.6598191537544998,66
historical80,peak_mean,state_average,8,16,24,strong_fixed_support,randi_wild_type,flow,1051,139,0.13225499524262607,0.6085368547267449,0.2126891721025178,0.5628747905184925,27
historical80,peak_mean,state_average,8,16,24,strong_fixed_support,cook_struct,flow,4503,838,0.18609815678436598,0.6076170444148512,0.2802717796429079,0.5953792973089349,57
historical80,peak_mean,state_average,8,16,24,strong_fixed_support,cook_chem,flow,4503,746,0.16566733288918498,0.5978177643019893,0.2453260442096487,0.5764628343532349,57
historical80,peak_mean,state_average,8,16,24,strong_fixed_support,cook_gap,flow,4503,231,0.051299133910726186,0.65905746874848,0.11594288583432204,0.6713992391899818,47
historical80,peak_mean,state_average,8,32,40,all_common,randi_wild_type,flow,1646,273,0.16585662211421628,0.6183086153952869,0.2451486476650798,0.5835335415417513,44
historical80,peak_mean,state_average,8,32,40,all_common,cook_struct,flow,6320,1267,0.2004746835443038,0.6074766121573827,0.3008284564458316,0.5820948493842832,80
historical80,peak_mean,state_average,8,32,40,all_common,cook_chem,flow,6320,1145,0.18117088607594936,0.602024850747843,0.2700361550281919,0.5725676737226033,80
historical80,peak_mean,state_average,8,32,40,all_common,cook_gap,flow,6320,321,0.05079113924050633,0.6438528955241243,0.10429949347303058,0.64492699571917,66
historical80,peak_mean,state_average,8,32,40,strong_fixed_support,randi_wild_type,flow,1051,139,0.13225499524262607,0.6072273759939418,0.20327109900873283,0.5524941931184144,27
historical80,peak_mean,state_average,8,32,40,strong_fixed_support,cook_struct,flow,4503,838,0.18609815678436598,0.6016266886336923,0.27687143554862925,0.5887673317647871,57
historical80,peak_mean,state_average,8,32,40,strong_fixed_support,cook_chem,flow,4503,746,0.16566733288918498,0.5947486051060362,0.24338096584062408,0.5769400147229008,57
historical80,peak_mean,state_average,8,32,40,strong_fixed_support,cook_gap,flow,4503,231,0.051299133910726186,0.6464099259043079,0.1128130740411191,0.6565611370539117,47
historical80,peak_mean,state_average,16,1,17,all_common,randi_wild_type,flow,1646,273,0.16585662211421628,0.6354364256767754,0.25386847974968296,0.5854833009213709,44
historical80,peak_mean,state_average,16,1,17,all_common,cook_struct,flow,6320,1267,0.2004746835443038,0.6111256982223631,0.30364107976353033,0.5861081554015175,80
historical80,peak_mean,state_average,16,1,17,all_common,cook_chem,flow,6320,1145,0.18117088607594936,0.6045217391304347,0.2710657995300107,0.5741102201202167,80
historical80,peak_mean,state_average,16,1,17,all_common,cook_gap,flow,6320,321,0.05079113924050633,0.6397987411193662,0.10355745539459897,0.633176131138922,66
historical80,peak_mean,state_average,16,1,17,strong_fixed_support,randi_wild_type,flow,1051,139,0.13225499524262607,0.6134197904834028,0.21129342966629255,0.5400633988026894,27
historical80,peak_mean,state_average,16,1,17,strong_fixed_support,cook_struct,flow,4503,838,0.18609815678436598,0.6110553614628477,0.2795889359398077,0.5972748491604932,57
historical80,peak_mean,state_average,16,1,17,strong_fixed_support,cook_chem,flow,4503,746,0.16566733288918498,0.6018634741512001,0.2451420289072221,0.5816991222923265,57
historical80,peak_mean,state_average,16,1,17,strong_fixed_support,cook_gap,flow,4503,231,0.051299133910726186,0.6489189649302008,0.11301419220044182,0.6569758236121613,47
historical80,peak_mean,state_average,16,2,18,all_common,randi_wild_type,flow,1646,273,0.16585662211421628,0.6348868417331637,0.25300868155205575,0.5873232959377455,44
historical80,peak_mean,state_average,16,2,18,all_common,cook_struct,flow,6320,1267,0.2004746835443038,0.610816114771426,0.3031643424553447,0.585584745033033,80
historical80,peak_mean,state_average,16,2,18,all_common,cook_chem,flow,6320,1145,0.18117088607594936,0.6046660337953295,0.27084822519440355,0.5741984185795123,80
historical80,peak_mean,state_average,16,2,18,all_common,cook_gap,flow,6320,321,0.05079113924050633,0.6390935353192302,0.10313192909428749,0.6323218374387771,66
historical80,peak_mean,state_average,16,2,18,strong_fixed_support,randi_wild_type,flow,1051,139,0.13225499524262607,0.6145005048592705,0.20989424552809194,0.5447871493376822,27
historical80,peak_mean,state_average,16,2,18,strong_fixed_support,cook_struct,flow,4503,838,0.18609815678436598,0.6110426631328408,0.2791310979767205,0.5975118805053963,57
historical80,peak_mean,state_average,16,2,18,strong_fixed_support,cook_chem,flow,4503,746,0.16566733288918498,0.6021985055956317,0.24493208959606538,0.5826629757362456,57
historical80,peak_mean,state_average,16,2,18,strong_fixed_support,cook_gap,flow,4503,231,0.051299133910726186,0.6489351784295605,0.11229071043738609,0.6557658141366225,47
historical80,peak_mean,state_average,16,4,20,all_common,randi_wild_type,flow,1646,273,0.16585662211421628,0.6345026665492798,0.2520729410959881,0.5863230592516462,44
historical80,peak_mean,state_average,16,4,20,all_common,cook_struct,flow,6320,1267,0.2004746835443038,0.6102144419898875,0.3024036686954666,0.5852805302766282,80
historical80,peak_mean,state_average,16,4,20,all_common,cook_chem,flow,6320,1145,0.18117088607594936,0.6046759909710356,0.2704478869824446,0.5748727889198776,80
historical80,peak_mean,state_average,16,4,20,all_common,cook_gap,flow,6320,321,0.05079113924050633,0.6372209490782212,0.10246428024406881,0.6326737578657281,66
historical80,peak_mean,state_average,16,4,20,strong_fixed_support,randi_wild_type,flow,1051,139,0.13225499524262607,0.6155181118263283,0.20823326135505626,0.5436371345378003,27
historical80,peak_mean,state_average,16,4,20,strong_fixed_support,cook_struct,flow,4503,838,0.18609815678436598,0.6101583384072387,0.2783883336320326,0.5971096414787223,57
historical80,peak_mean,state_average,16,4,20,strong_fixed_support,cook_chem,flow,4503,746,0.16566733288918498,0.6017674960270766,0.24436135150573482,0.5834502434920317,57
historical80,peak_mean,state_average,16,4,20,strong_fixed_support,cook_gap,flow,4503,231,0.051299133910726186,0.6473817225221721,0.11193555883151171,0.6563585424066627,47
historical80,peak_mean,state_average,16,8,24,all_common,randi_wild_type,flow,1646,273,0.16585662211421628,0.6329392869815302,0.25018828479208793,0.5835032003239176,44
historical80,peak_mean,state_average,16,8,24,all_common,cook_struct,flow,6320,1267,0.2004746835443038,0.6097898971767457,0.30100231590781484,0.5839955734493956,80
historical80,peak_mean,state_average,16,8,24,all_common,cook_chem,flow,6320,1145,0.18117088607594936,0.6050303989198996,0.2697451850567718,0.5760798621478811,80
historical80,peak_mean,state_average,16,8,24,all_common,cook_gap,flow,6320,321,0.05079113924050633,0.6349318863631996,0.10128876297302362,0.6278738158228756,66
historical80,peak_mean,state_average,16,8,24,strong_fixed_support,randi_wild_type,flow,1051,139,0.13225499524262607,0.6145241701375741,0.20507162509889348,0.5425116801801645,27
historical80,peak_mean,state_average,16,8,24,strong_fixed_support,cook_struct,flow,4503,838,0.18609815678436598,0.6082177731036347,0.2771693155827272,0.5943731967797418,57
historical80,peak_mean,state_average,16,8,24,strong_fixed_support,cook_chem,flow,4503,746,0.16566733288918498,0.6007734623697962,0.24357715496192384,0.5838302112687597,57
historical80,peak_mean,state_average,16,8,24,strong_fixed_support,cook_gap,flow,4503,231,0.051299133910726186,0.6435107495500754,0.1105144384970264,0.6506608550143884,47
historical80,peak_mean,state_average,16,16,32,all_common,randi_wild_type,flow,1646,273,0.16585662211421628,0.6262882541105412,0.2463361241314106,0.5734082595267889,44
historical80,peak_mean,state_average,16,16,32,all_common,cook_struct,flow,6320,1267,0.2004746835443038,0.6074525577419214,0.29825677686051966,0.5802022019180298,80
historical80,peak_mean,state_average,16,16,32,all_common,cook_chem,flow,6320,1145,0.18117088607594936,0.6039362909520494,0.26817150732479433,0.5746768091707182,80
historical80,peak_mean,state_average,16,16,32,all_common,cook_gap,flow,6320,321,0.05079113924050633,0.6298391372601562,0.0997147337350574,0.6237115365219962,66
historical80,peak_mean,state_average,16,16,32,strong_fixed_support,randi_wild_type,flow,1051,139,0.13225499524262607,0.6106351760696705,0.20118315347713203,0.539411465103,27
historical80,peak_mean,state_average,16,16,32,strong_fixed_support,cook_struct,flow,4503,838,0.18609815678436598,0.6035926505973099,0.27477261736460146,0.5893952256913623,57
historical80,peak_mean,state_average,16,16,32,strong_fixed_support,cook_chem,flow,4503,746,0.16566733288918498,0.5977710240259291,0.24186188589287322,0.5817271056722485,57
historical80,peak_mean,state_average,16,16,32,strong_fixed_support,cook_gap,flow,4503,231,0.051299133910726186,0.6348719944225563,0.10819086062423969,0.6469692356996578,47
historical80,peak_mean,state_average,16,32,48,all_common,randi_wild_type,flow,1646,273,0.16585662211421628,0.6062844657163667,0.24299147490563264,0.5496060055382951,44
historical80,peak_mean,state_average,16,32,48,all_common,cook_struct,flow,6320,1267,0.2004746835443038,0.601489405670063,0.2947299520881932,0.5726793051632407,80
historical80,peak_mean,state_average,16,32,48,all_common,cook_chem,flow,6320,1145,0.18117088607594936,0.5996614560259899,0.2662886065382897,0.570145535555158,80
historical80,peak_mean,state_average,16,32,48,all_common,cook_gap,flow,6320,321,0.05079113924050633,0.6214052290127274,0.0984208548812483,0.6139348026701473,66
historical80,peak_mean,state_average,16,32,48,strong_fixed_support,randi_wild_type,flow,1051,139,0.13225499524262607,0.5987394295090244,0.19731259693546746,0.5234868546435643,27
historical80,peak_mean,state_average,16,32,48,strong_fixed_support,cook_struct,flow,4503,838,0.18609815678436598,0.5958046671246748,0.2713488243747701,0.5807663284040816,57
historical80,peak_mean,state_average,16,32,48,strong_fixed_support,cook_chem,flow,4503,746,0.16566733288918498,0.5923355937549282,0.23930135503799732,0.5770837331185102,57
historical80,peak_mean,state_average,16,32,48,strong_fixed_support,cook_gap,flow,4503,231,0.051299133910726186,0.6237150801757543,0.10480710908558366,0.6350665601759039,47
historical80,peak_mean,baseline,1,1,2,all_common,randi_wild_type,flow,1646,273,0.16585662211421628,0.6613122250412855,0.3182369394777292,0.6354304878969894,44
historical80,peak_mean,baseline,1,1,2,all_common,cook_struct,flow,6320,1267,0.2004746835443038,0.6277985320871063,0.3206682281676453,0.6190316976154343,80
historical80,peak_mean,baseline,1,1,2,all_common,cook_chem,flow,6320,1145,0.18117088607594936,0.6205192076450858,0.28197712560277644,0.6043847207033656,80
historical80,peak_mean,baseline,1,1,2,all_common,cook_gap,flow,6320,321,0.05079113924050633,0.6358152111540916,0.11805415796689564,0.6846467956982873,66
historical80,peak_mean,baseline,1,1,2,strong_fixed_support,randi_wild_type,flow,1051,139,0.13225499524262607,0.6156127729395432,0.2554241284288186,0.5834535265349865,27
historical80,peak_mean,baseline,1,1,2,strong_fixed_support,cook_struct,flow,4503,838,0.18609815678436598,0.6154154470300559,0.29172785903924564,0.6123918342897201,57
historical80,peak_mean,baseline,1,1,2,strong_fixed_support,cook_chem,flow,4503,746,0.16566733288918498,0.6051567012354419,0.25368234504142406,0.5932521522781095,57
historical80,peak_mean,baseline,1,1,2,strong_fixed_support,cook_gap,flow,4503,231,0.051299133910726186,0.637871491804076,0.12465472037580842,0.6748748860053196,47
historical80,peak_mean,baseline,1,2,3,all_common,randi_wild_type,flow,1646,273,0.16585662211421628,0.6600743272265487,0.3151506085380833,0.6312101120396543,44
historical80,peak_mean,baseline,1,2,3,all_common,cook_struct,flow,6320,1267,0.2004746835443038,0.6278980298965144,0.3203688406628215,0.6190758433072293,80
historical80,peak_mean,baseline,1,2,3,all_common,cook_chem,flow,6320,1145,0.18117088607594936,0.6207251017868067,0.28195012612267856,0.6046099512287191,80
historical80,peak_mean,baseline,1,2,3,all_common,cook_gap,flow,6320,321,0.05079113924050633,0.6368475742841876,0.11793888973001623,0.6846238425671931,66
historical80,peak_mean,baseline,1,2,3,strong_fixed_support,randi_wild_type,flow,1051,139,0.13225499524262607,0.6151394673734696,0.2533131623783438,0.5796692378743923,27
historical80,peak_mean,baseline,1,2,3,strong_fixed_support,cook_struct,flow,4503,838,0.18609815678436598,0.6163528442631225,0.29208746850247463,0.6130146867380182,57
historical80,peak_mean,baseline,1,2,3,strong_fixed_support,cook_chem,flow,4503,746,0.16566733288918498,0.6062442154448426,0.2541946585269447,0.5941647043324076,57
historical80,peak_mean,baseline,1,2,3,strong_fixed_support,cook_gap,flow,4503,231,0.051299133910726186,0.63997519334598,0.1251849536847942,0.6759428036264459,47
historical80,peak_mean,baseline,1,4,5,all_common,randi_wild_type,flow,1646,273,0.16585662211421628,0.6551814293984723,0.3074882623425045,0.626816440575221,44
historical80,peak_mean,baseline,1,4,5,all_common,cook_struct,flow,6320,1267,0.2004746835443038,0.6261334667051746,0.3189593451620344,0.6167284661576372,80
historical80,peak_mean,baseline,1,4,5,all_common,cook_chem,flow,6320,1145,0.18117088607594936,0.6187193215619264,0.2807120207655425,0.6018876574248841,80
historical80,peak_mean,baseline,1,4,5,all_common,cook_gap,flow,6320,321,0.05079113924050633,0.6384568767691812,0.1181086640069714,0.6834447244424794,66
historical80,peak_mean,baseline,1,4,5,strong_fixed_support,randi_wild_type,flow,1051,139,0.13225499524262607,0.6144531743026631,0.24959350832186072,0.5785765634544181,27
historical80,peak_mean,baseline,1,4,5,strong_fixed_support,cook_struct,flow,4503,838,0.18609815678436598,0.6170746954842785,0.2921913664234532,0.6127884652038749,57
historical80,peak_mean,baseline,1,4,5,strong_fixed_support,cook_chem,flow,4503,746,0.16566733288918498,0.6071312103019849,0.25422866951598094,0.5938422095439754,57
historical80,peak_mean,baseline,1,4,5,strong_fixed_support,cook_gap,flow,4503,231,0.051299133910726186,0.6420343077646448,0.12594053049358253,0.675571464287012,47
historical80,peak_mean,baseline,1,8,9,all_common,randi_wild_type,flow,1646,273,0.16585662211421628,0.6457131118456684,0.2911734635775925,0.626460058138072,44
historical80,peak_mean,baseline,1,8,9,all_common,cook_struct,flow,6320,1267,0.2004746835443038,0.6221619889940115,0.31561441173938387,0.6098940518894322,80
historical80,peak_mean,baseline,1,8,9,all_common,cook_chem,flow,6320,1145,0.18117088607594936,0.6136875725165074,0.2779330362188107,0.5939652206880754,80
historical80,peak_mean,baseline,1,8,9,all_common,cook_gap,flow,6320,321,0.05079113924050633,0.6453339315638795,0.11582355112660596,0.6817459209406583,66
historical80,peak_mean,baseline,1,8,9,strong_fixed_support,randi_wild_type,flow,1051,139,0.13225499524262607,0.6191941183894989,0.2421570337575945,0.5832437864776351,27
historical80,peak_mean,baseline,1,8,9,strong_fixed_support,cook_struct,flow,4503,838,0.18609815678436598,0.6167263054046046,0.290405314797448,0.6092565101380465,57
historical80,peak_mean,baseline,1,8,9,strong_fixed_support,cook_chem,flow,4503,746,0.16566733288918498,0.6059873223245116,0.2526927712713319,0.5890946473341568,57
historical80,peak_mean,baseline,1,8,9,strong_fixed_support,cook_gap,flow,4503,231,0.051299133910726186,0.6463866189989785,0.1236062089977169,0.6759066524426484,47
historical80,peak_mean,baseline,1,16,17,all_common,randi_wild_type,flow,1646,273,0.16585662211421628,0.62711529790918,0.26542537619036155,0.6110098632716957,44
historical80,peak_mean,baseline,1,16,17,all_common,cook_struct,flow,6320,1267,0.2004746835443038,0.612510076691412,0.30866677082374494,0.6016106337043883,80
historical80,peak_mean,baseline,1,16,17,all_common,cook_chem,flow,6320,1145,0.18117088607594936,0.6049669430204839,0.2731630737274613,0.5868716822202764,80
historical80,peak_mean,baseline,1,16,17,all_common,cook_gap,flow,6320,321,0.05079113924050633,0.6386536904645063,0.11101723177955733,0.6653511342490075,66
historical80,peak_mean,baseline,1,16,17,strong_fixed_support,randi_wild_type,flow,1051,139,0.13225499524262607,0.6144926164331693,0.22917329991382257,0.5698295743613312,27
historical80,peak_mean,baseline,1,16,17,strong_fixed_support,cook_struct,flow,4503,838,0.18609815678436598,0.6116593461336841,0.2857255320495983,0.6078092655906695,57
historical80,peak_mean,baseline,1,16,17,strong_fixed_support,cook_chem,flow,4503,746,0.16566733288918498,0.6023708380638536,0.2496718607020667,0.5893269431644672,57
historical80,peak_mean,baseline,1,16,17,strong_fixed_support,cook_gap,flow,4503,231,0.051299133910726186,0.6421984694456605,0.12010489180813028,0.6713303858538274,47
historical80,peak_mean,baseline,1,32,33,all_common,randi_wild_type,flow,1646,273,0.16585662211421628,0.6267231190756318,0.24913069893915532,0.6100360983405023,44
historical80,peak_mean,baseline,1,32,33,all_common,cook_struct,flow,6320,1267,0.2004746835443038,0.6091551105245722,0.30360796143243673,0.5956776797833744,80
historical80,peak_mean,baseline,1,32,33,all_common,cook_chem,flow,6320,1145,0.18117088607594936,0.6032620720207582,0.27113287743084413,0.5841972921195715,80
historical80,peak_mean,baseline,1,32,33,all_common,cook_gap,flow,6320,321,0.05079113924050633,0.6358359830480573,0.1058733824328081,0.6495207457981754,66
historical80,peak_mean,baseline,1,32,33,strong_fixed_support,randi_wild_type,flow,1051,139,0.13225499524262607,0.6172299002902941,0.2171468613249681,0.5825515421766928,27
historical80,peak_mean,baseline,1,32,33,strong_fixed_support,cook_struct,flow,4503,838,0.18609815678436598,0.6084303887316973,0.28227186543295146,0.608198211648046,57
historical80,peak_mean,baseline,1,32,33,strong_fixed_support,cook_chem,flow,4503,746,0.16566733288918498,0.6008127099298468,0.24737629533221867,0.5934713016841001,57
historical80,peak_mean,baseline,1,32,33,strong_fixed_support,cook_gap,flow,4503,231,0.051299133910726186,0.6420951083872432,0.11541334025628236,0.669731400245145,47
historical80,peak_mean,baseline,4,1,5,all_common,randi_wild_type,flow,1646,273,0.16585662211421628,0.6654367725015942,0.3080333062489917,0.6412937766902912,44
historical80,peak_mean,baseline,4,1,5,all_common,cook_struct,flow,6320,1267,0.2004746835443038,0.6258837068978848,0.31562426647198655,0.6082087008256852,80
historical80,peak_mean,baseline,4,1,5,all_common,cook_chem,flow,6320,1145,0.18117088607594936,0.6145337636858428,0.2760601028924271,0.5866292415033374,80
historical80,peak_mean,baseline,4,1,5,all_common,cook_gap,flow,6320,321,0.05079113924050633,0.670769635022244,0.12091918830704741,0.6904023884268523,66
historical80,peak_mean,baseline,4,1,5,strong_fixed_support,randi_wild_type,flow,1051,139,0.13225499524262607,0.6181528461441373,0.25013463887944737,0.5971717567200324,27
historical80,peak_mean,baseline,4,1,5,strong_fixed_support,cook_struct,flow,4503,838,0.18609815678436598,0.6177229615110361,0.28940917046445336,0.6051173613440092,57
historical80,peak_mean,baseline,4,1,5,strong_fixed_support,cook_chem,flow,4503,746,0.16566733288918498,0.606486836725155,0.2515148877025148,0.5794590691291922,57
historical80,peak_mean,baseline,4,1,5,strong_fixed_support,cook_gap,flow,4503,231,0.051299133910726186,0.6612787181607406,0.12465782271825873,0.6777071709493424,47
historical80,peak_mean,baseline,4,2,6,all_common,randi_wild_type,flow,1646,273,0.16585662211421628,0.6613842578882637,0.30296781599507716,0.6371849914882997,44
historical80,peak_mean,baseline,4,2,6,all_common,cook_struct,flow,6320,1267,0.2004746835443038,0.6256764328114097,0.3149021492466548,0.6077888969902914,80
historical80,peak_mean,baseline,4,2,6,all_common,cook_chem,flow,6320,1145,0.18117088607594936,0.6144009450878636,0.2755185456272715,0.5865845929675684,80
historical80,peak_mean,baseline,4,2,6,all_common,cook_gap,flow,6320,321,0.05079113924050633,0.6714540689284143,0.12070779406425905,0.6902586666239982,66
historical80,peak_mean,baseline,4,2,6,strong_fixed_support,randi_wild_type,flow,1051,139,0.13225499524262607,0.6167329294459168,0.24646857594886015,0.5928223526918296,27
historical80,peak_mean,baseline,4,2,6,strong_fixed_support,cook_struct,flow,4503,838,0.18609815678436598,0.6173778274134153,0.288566892653748,0.6053888902924577,57
historical80,peak_mean,baseline,4,2,6,strong_fixed_support,cook_chem,flow,4503,746,0.16566733288918498,0.6062588440808614,0.2509754727993394,0.5802949822529722,57
historical80,peak_mean,baseline,4,2,6,strong_fixed_support,cook_gap,flow,4503,231,0.051299133910726186,0.6606534850916873,0.12394370611928243,0.6779284743737197,47
historical80,peak_mean,baseline,4,4,8,all_common,randi_wild_type,flow,1646,273,0.16585662211421628,0.6552187797635722,0.2930331138058665,0.6348574753902151,44
historical80,peak_mean,baseline,4,4,8,all_common,cook_struct,flow,6320,1267,0.2004746835443038,0.6246044493483518,0.3131321521854204,0.606566657669273,80
historical80,peak_mean,baseline,4,4,8,all_common,cook_chem,flow,6320,1145,0.18117088607594936,0.6135083433537961,0.2742540715588246,0.5869712542907013,80
historical80,peak_mean,baseline,4,4,8,all_common,cook_gap,flow,6320,321,0.05079113924050633,0.670467923262392,0.11950859745902878,0.6897674698853,66
historical80,peak_mean,baseline,4,4,8,strong_fixed_support,randi_wild_type,flow,1051,139,0.13225499524262607,0.6183579452227691,0.2415796271897206,0.5934763873071168,27
historical80,peak_mean,baseline,4,4,8,strong_fixed_support,cook_struct,flow,4503,838,0.18609815678436598,0.6160829233509265,0.2865931416591138,0.6041782607316708,57
historical80,peak_mean,baseline,4,4,8,strong_fixed_support,cook_chem,flow,4503,746,0.16566733288918498,0.6051470677434294,0.2493594804226543,0.5811052463125452,57
historical80,peak_mean,baseline,4,4,8,strong_fixed_support,cook_gap,flow,4503,231,0.051299133910726186,0.6574482789370429,0.12259669013519531,0.6756284250622354,47
historical80,peak_mean,baseline,4,8,12,all_common,randi_wild_type,flow,1646,273,0.16585662211421628,0.6477433709771655,0.2794680760611924,0.6281854793376281,44
historical80,peak_mean,baseline,4,8,12,all_common,cook_struct,flow,6320,1267,0.2004746835443038,0.6210037845093,0.3099156460521434,0.5999574712045525,80
historical80,peak_mean,baseline,4,8,12,all_common,cook_chem,flow,6320,1145,0.18117088607594936,0.6102747927346371,0.2719333458148243,0.5819467438314867,80
historical80,peak_mean,baseline,4,8,12,all_common,cook_gap,flow,6320,321,0.05079113924050633,0.6682027482254311,0.11693354128736635,0.6791521959373161,66
historical80,peak_mean,baseline,4,8,12,strong_fixed_support,randi_wild_type,flow,1051,139,0.13225499524262607,0.6243689259119021,0.2322904608552205,0.5897638746615905,27
historical80,peak_mean,baseline,4,8,12,strong_fixed_support,cook_struct,flow,4503,838,0.18609815678436598,0.6127644264424814,0.28334886122122105,0.5987085356021642,57
historical80,peak_mean,baseline,4,8,12,strong_fixed_support,cook_chem,flow,4503,746,0.16566733288918498,0.602100029899505,0.24687062235442064,0.577749451621967,57
historical80,peak_mean,baseline,4,8,12,strong_fixed_support,cook_gap,flow,4503,231,0.051299133910726186,0.6562788802957342,0.11983193632365455,0.6671400126479597,47
historical80,peak_mean,baseline,4,16,20,all_common,randi_wild_type,flow,1646,273,0.16585662211421628,0.6397397213129188,0.2613425558312793,0.6188313907631658,44
historical80,peak_mean,baseline,4,16,20,all_common,cook_struct,flow,6320,1267,0.2004746835443038,0.6147429199967324,0.304883548028673,0.5930094436550372,80
historical80,peak_mean,baseline,4,16,20,all_common,cook_chem,flow,6320,1145,0.18117088607594936,0.6049897263886252,0.26892848842323624,0.5763635478006534,80
historical80,peak_mean,baseline,4,16,20,all_common,cook_gap,flow,6320,321,0.05079113924050633,0.6575093772118822,0.11169165387582627,0.6623212229904716,66
historical80,peak_mean,baseline,4,16,20,strong_fixed_support,randi_wild_type,flow,1051,139,0.13225499524262607,0.6243847027641045,0.22249934615434638,0.5854006281937468,27
historical80,peak_mean,baseline,4,16,20,strong_fixed_support,cook_struct,flow,4503,838,0.18609815678436598,0.6079732488514523,0.27912306490129735,0.5954537396382559,57
historical80,peak_mean,baseline,4,16,20,strong_fixed_support,cook_chem,flow,4503,746,0.16566733288918498,0.5975391066256304,0.2436022127936713,0.5754689532278895,57
historical80,peak_mean,baseline,4,16,20,strong_fixed_support,cook_gap,flow,4503,231,0.051299133910726186,0.6547254243883457,0.11663933656602338,0.6631573823821936,47
historical80,peak_mean,baseline,4,32,36,all_common,randi_wild_type,flow,1646,273,0.16585662211421628,0.6219556117589621,0.2467679806271009,0.5887787008836255,44
historical80,peak_mean,baseline,4,32,36,all_common,cook_struct,flow,6320,1267,0.2004746835443038,0.6050351670868119,0.29981106040647965,0.5786873868640383,80
historical80,peak_mean,baseline,4,32,36,all_common,cook_chem,flow,6320,1145,0.18117088607594936,0.5974235385946037,0.26712440004079574,0.5663160403910119,80
historical80,peak_mean,baseline,4,32,36,all_common,cook_gap,flow,6320,321,0.05079113924050633,0.6422763087721266,0.10537811886314521,0.6370405198031506,66
historical80,peak_mean,baseline,4,32,36,strong_fixed_support,randi_wild_type,flow,1051,139,0.13225499524262607,0.617829420673987,0.2054157018440242,0.5675420181254515,27
historical80,peak_mean,baseline,4,32,36,strong_fixed_support,cook_struct,flow,4503,838,0.18609815678436598,0.6003343893568458,0.2745955573004038,0.586130266152247,57
historical80,peak_mean,baseline,4,32,36,strong_fixed_support,cook_chem,flow,4503,746,0.16566733288918498,0.5909380238211281,0.24088544554974387,0.5703951038303372,57
historical80,peak_mean,baseline,4,32,36,strong_fixed_support,cook_gap,flow,4503,231,0.051299133910726186,0.6417880652431214,0.11092993955113707,0.6472951647959574,47
historical80,peak_mean,baseline,8,1,9,all_common,randi_wild_type,flow,1646,273,0.16585662211421628,0.6417486373786445,0.2717318289609554,0.6065105447066301,44
historical80,peak_mean,baseline,8,1,9,all_common,cook_struct,flow,6320,1267,0.2004746835443038,0.6130140479348268,0.3061042269290369,0.5947731717936717,80
historical80,peak_mean,baseline,8,1,9,all_common,cook_chem,flow,6320,1145,0.18117088607594936,0.6021614665738456,0.2712028118122023,0.5774196389355586,80
historical80,peak_mean,baseline,8,1,9,all_common,cook_gap,flow,6320,321,0.05079113924050633,0.6612768794799132,0.11172455883845729,0.6767204765205092,66
historical80,peak_mean,baseline,8,1,9,strong_fixed_support,randi_wild_type,flow,1051,139,0.13225499524262607,0.5979348100466995,0.22480619995449946,0.5502185708192759,27
historical80,peak_mean,baseline,8,1,9,strong_fixed_support,cook_struct,flow,4503,838,0.18609815678436598,0.6092600129588086,0.28314739064130345,0.5997027125360366,57
historical80,peak_mean,baseline,8,1,9,strong_fixed_support,cook_chem,flow,4503,746,0.16566733288918498,0.5978116987699815,0.24714722270640943,0.5799804584543836,57
historical80,peak_mean,baseline,8,1,9,strong_fixed_support,cook_gap,flow,4503,231,0.051299133910726186,0.6625737714220862,0.12240292629300106,0.6834825562661356,47
historical80,peak_mean,baseline,8,2,10,all_common,randi_wild_type,flow,1646,273,0.16585662211421628,0.6362047760445431,0.2681932224110583,0.6043206744256898,44
historical80,peak_mean,baseline,8,2,10,all_common,cook_struct,flow,6320,1267,0.2004746835443038,0.6129535214024161,0.30571236416198017,0.5949915685543703,80
historical80,peak_mean,baseline,8,2,10,all_common,cook_chem,flow,6320,1145,0.18117088607594936,0.6021490622956353,0.2710834197060398,0.5779902829123887,80
historical80,peak_mean,baseline,8,2,10,all_common,cook_gap,flow,6320,321,0.05079113924050633,0.6618771872155224,0.11119266491365187,0.6766106758637899,66
historical80,peak_mean,baseline,8,2,10,strong_fixed_support,randi_wild_type,flow,1051,139,0.13225499524262607,0.5956629433295468,0.2228161322862092,0.5520498100284671,27
historical80,peak_mean,baseline,8,2,10,strong_fixed_support,cook_struct,flow,4503,838,0.18609815678436598,0.6100036792597199,0.282879190624531,0.6008426664999417,57
historical80,peak_mean,baseline,8,2,10,strong_fixed_support,cook_chem,flow,4503,746,0.16566733288918498,0.5985392058149185,0.24712246401323062,0.581347627866546,57
historical80,peak_mean,baseline,8,2,10,strong_fixed_support,cook_gap,flow,4503,231,0.051299133910726186,0.6643440828834087,0.12129939104833101,0.6863304031282697,47
historical80,peak_mean,baseline,8,4,12,all_common,randi_wild_type,flow,1646,273,0.16585662211421628,0.6312932030339169,0.2620739221930942,0.6021380792271489,44
historical80,peak_mean,baseline,8,4,12,all_common,cook_struct,flow,6320,1267,0.2004746835443038,0.6114754244315699,0.3045425435996414,0.5930820949080208,80
historical80,peak_mean,baseline,8,4,12,all_common,cook_chem,flow,6320,1145,0.18117088607594936,0.600917241524798,0.270399164761206,0.5761927992041614,80
historical80,peak_mean,baseline,8,4,12,all_common,cook_gap,flow,6320,321,0.05079113924050633,0.6602362075922312,0.11010950403098353,0.6723428740805889,66
historical80,peak_mean,baseline,8,4,12,strong_fixed_support,randi_wild_type,flow,1051,139,0.13225499524262607,0.5940931465354033,0.2185712828323676,0.5512464661003051,27
historical80,peak_mean,baseline,8,4,12,strong_fixed_support,cook_struct,flow,4503,838,0.18609815678436598,0.6096295669218271,0.28232393629124886,0.5996411959357106,57
historical80,peak_mean,baseline,8,4,12,strong_fixed_support,cook_chem,flow,4503,746,0.16566733288918498,0.5980268467582586,0.2464608916207805,0.5797944293665827,57
historical80,peak_mean,baseline,8,4,12,strong_fixed_support,cook_gap,flow,4503,231,0.051299133910726186,0.6655114548372977,0.12095894815058336,0.6857781738747297,47
historical80,peak_mean,baseline,8,8,16,all_common,randi_wild_type,flow,1646,273,0.16585662211421628,0.6230734548287351,0.2543286558679933,0.5958373817948887,44
historical80,peak_mean,baseline,8,8,16,all_common,cook_struct,flow,6320,1267,0.2004746835443038,0.6086332546670642,0.3027156888929656,0.5883548189155815,80
historical80,peak_mean,baseline,8,8,16,all_common,cook_chem,flow,6320,1145,0.18117088607594936,0.598561441258992,0.26955009241539946,0.5718685339021363,80
historical80,peak_mean,baseline,8,8,16,all_common,cook_gap,flow,6320,321,0.05079113924050633,0.6536307453111344,0.10782041697345185,0.6633973181473091,66
historical80,peak_mean,baseline,8,8,16,strong_fixed_support,randi_wild_type,flow,1051,139,0.13225499524262607,0.5959469266691909,0.21411521256324628,0.5582145843414823,27
historical80,peak_mean,baseline,8,8,16,strong_fixed_support,cook_struct,flow,4503,838,0.18609815678436598,0.6084688093199231,0.2804173796850445,0.5960068624063044,57
historical80,peak_mean,baseline,8,8,16,strong_fixed_support,cook_chem,flow,4503,746,0.16566733288918498,0.5966235680884512,0.24515211482059196,0.5759868380175914,57
historical80,peak_mean,baseline,8,8,16,strong_fixed_support,cook_gap,flow,4503,231,0.051299133910726186,0.6648679815814647,0.11857314204981093,0.6817660554212002,47
historical80,peak_mean,baseline,8,16,24,all_common,randi_wild_type,flow,1646,273,0.16585662211421628,0.6165558161188168,0.24660670266457063,0.5851339124334062,44
historical80,peak_mean,baseline,8,16,24,all_common,cook_struct,flow,6320,1267,0.2004746835443038,0.606436492984936,0.30060348738012455,0.5831729229926639,80
historical80,peak_mean,baseline,8,16,24,all_common,cook_chem,flow,6320,1145,0.18117088607594936,0.5974167035841613,0.26908983347122717,0.5685692808930757,80
historical80,peak_mean,baseline,8,16,24,all_common,cook_gap,flow,6320,321,0.05079113924050633,0.6529104798878732,0.10485497464627669,0.6575476177785029,66
historical80,peak_mean,baseline,8,16,24,strong_fixed_support,randi_wild_type,flow,1051,139,0.13225499524262607,0.600411775842484,0.20656714069341253,0.5519230604789486,27
historical80,peak_mean,baseline,8,16,24,strong_fixed_support,cook_struct,flow,4503,838,0.18609815678436598,0.6056214530145511,0.2778914614371236,0.5940136790776428,57
historical80,peak_mean,baseline,8,16,24,strong_fixed_support,cook_chem,flow,4503,746,0.16566733288918498,0.5945202556657421,0.24359907775190814,0.5759711872449657,57
historical80,peak_mean,baseline,8,16,24,strong_fixed_support,cook_gap,flow,4503,231,0.051299133910726186,0.6617691765163676,0.11516804772492183,0.6796901498906887,47
historical80,peak_mean,baseline,8,32,40,all_common,randi_wild_type,flow,1646,273,0.16585662211421628,0.611043969383372,0.24153960009698464,0.5752779075560894,44
historical80,peak_mean,baseline,8,32,40,all_common,cook_struct,flow,6320,1267,0.2004746835443038,0.6006920174172712,0.29666801914616003,0.5773368480127139,80
historical80,peak_mean,baseline,8,32,40,all_common,cook_chem,flow,6320,1145,0.18117088607594936,0.5952684851169757,0.26792910854325863,0.5702606302780284,80
historical80,peak_mean,baseline,8,32,40,all_common,cook_gap,flow,6320,321,0.05079113924050633,0.6398465164754872,0.10112833121210121,0.6400051761192559,66
historical80,peak_mean,baseline,8,32,40,strong_fixed_support,randi_wild_type,flow,1051,139,0.13225499524262607,0.5960021456518996,0.19839910829321977,0.5488582199196875,27
historical80,peak_mean,baseline,8,32,40,strong_fixed_support,cook_struct,flow,4503,838,0.18609815678436598,0.5951085381617376,0.2730486815603766,0.5862145647451119,57
historical80,peak_mean,baseline,8,32,40,strong_fixed_support,cook_chem,flow,4503,746,0.16566733288918498,0.5873968235165671,0.2406499698217649,0.5778353351900004,57
historical80,peak_mean,baseline,8,32,40,strong_fixed_support,cook_gap,flow,4503,231,0.051299133910726186,0.6439292605022942,0.1096909030862563,0.6564618789062254,47
historical80,peak_mean,baseline,16,1,17,all_common,randi_wild_type,flow,1646,273,0.16585662211421628,0.6073302759391616,0.23924253822708758,0.5868195744996796,44
historical80,peak_mean,baseline,16,1,17,all_common,cook_struct,flow,6320,1267,0.2004746835443038,0.6046364729604159,0.30093204261865947,0.5810460720712918,80
historical80,peak_mean,baseline,16,1,17,all_common,cook_chem,flow,6320,1145,0.18117088607594936,0.5961909583781617,0.26822767871877223,0.5652305670328457,80
historical80,peak_mean,baseline,16,1,17,all_common,cook_gap,flow,6320,321,0.05079113924050633,0.6416650957921856,0.10309898638226561,0.636603730801364,66
historical80,peak_mean,baseline,16,1,17,strong_fixed_support,randi_wild_type,flow,1051,139,0.13225499524262607,0.59394326643948,0.2057686106513992,0.551542855816135,27
historical80,peak_mean,baseline,16,1,17,strong_fixed_support,cook_struct,flow,4503,838,0.18609815678436598,0.6069648712096298,0.2782700972440283,0.5931905803208135,57
historical80,peak_mean,baseline,16,1,17,strong_fixed_support,cook_chem,flow,4503,746,0.16566733288918498,0.5951314472145294,0.24304909533977034,0.571971612862278,57
historical80,peak_mean,baseline,16,1,17,strong_fixed_support,cook_gap,flow,4503,231,0.051299133910726186,0.6501674043808876,0.11269291048041821,0.658450424368528,47
historical80,peak_mean,baseline,16,2,18,all_common,randi_wild_type,flow,1646,273,0.16585662211421628,0.6068740679082996,0.23792911991463128,0.58653043286442,44
historical80,peak_mean,baseline,16,2,18,all_common,cook_struct,flow,6320,1267,0.2004746835443038,0.6042706584084004,0.3005032328256366,0.5800715598179635,80
historical80,peak_mean,baseline,16,2,18,all_common,cook_chem,flow,6320,1145,0.18117088607594936,0.5962336560977153,0.2680323700844022,0.5648565229187583,80
historical80,peak_mean,baseline,16,2,18,all_common,cook_gap,flow,6320,321,0.05079113924050633,0.6412481000208238,0.10293713618715719,0.6346889359741886,66
historical80,peak_mean,baseline,16,2,18,strong_fixed_support,randi_wild_type,flow,1051,139,0.13225499524262607,0.5943613530228449,0.20386215126697943,0.5508029019218311,27
historical80,peak_mean,baseline,16,2,18,strong_fixed_support,cook_struct,flow,4503,838,0.18609815678436598,0.6069202642555035,0.2779229216394796,0.592782971341336,57
historical80,peak_mean,baseline,16,2,18,strong_fixed_support,cook_chem,flow,4503,746,0.16566733288918498,0.5953815612108515,0.2429758198496164,0.5721920134024219,57
historical80,peak_mean,baseline,16,2,18,strong_fixed_support,cook_gap,flow,4503,231,0.051299133910726186,0.6505443682409975,0.11215890981585083,0.6586068000819358,47
historical80,peak_mean,baseline,16,4,20,all_common,randi_wild_type,flow,1646,273,0.16585662211421628,0.6065459182720655,0.23695250915415966,0.5879675511859582,44
historical80,peak_mean,baseline,16,4,20,all_common,cook_struct,flow,6320,1267,0.2004746835443038,0.6039121851390259,0.29977014416201764,0.5792122373708778,80
historical80,peak_mean,baseline,16,4,20,all_common,cook_chem,flow,6320,1145,0.18117088607594936,0.596445457038584,0.2676886828255879,0.5649757885839606,80
historical80,peak_mean,baseline,16,4,20,all_common,cook_gap,flow,6320,321,0.05079113924050633,0.6401451124512444,0.10243401102772204,0.6304730113823096,66
historical80,peak_mean,baseline,16,4,20,strong_fixed_support,randi_wild_type,flow,1051,139,0.13225499524262607,0.5953789599899029,0.20086642402674743,0.5549970444282759,27
historical80,peak_mean,baseline,16,4,20,strong_fixed_support,cook_struct,flow,4503,838,0.18609815678436598,0.605904397854959,0.27695916871459564,0.5920662629368875,57
historical80,peak_mean,baseline,16,4,20,strong_fixed_support,cook_chem,flow,4503,746,0.16566733288918498,0.5947585953940491,0.24239684976137865,0.5725633090946992,57
historical80,peak_mean,baseline,16,4,20,strong_fixed_support,cook_gap,flow,4503,231,0.051299133910726186,0.6495067042819852,0.11129140158860888,0.657355576388835,47
historical80,peak_mean,baseline,16,8,24,all_common,randi_wild_type,flow,1646,273,0.16585662211421628,0.6052079748365254,0.2344757507209947,0.5791158829147519,44
historical80,peak_mean,baseline,16,8,24,all_common,cook_struct,flow,6320,1267,0.2004746835443038,0.6029600051607655,0.29826886651196416,0.5775405610930523,80
historical80,peak_mean,baseline,16,8,24,all_common,cook_chem,flow,6320,1145,0.18117088607594936,0.5961788072484864,0.2667754219536322,0.5640508086005187,80
historical80,peak_mean,baseline,16,8,24,all_common,cook_gap,flow,6320,321,0.05079113924050633,0.6380676634059986,0.1011840090399189,0.6234081608457515,66
historical80,peak_mean,baseline,16,8,24,strong_fixed_support,randi_wild_type,flow,1051,139,0.13225499524262607,0.5952527451722832,0.19775678045533857,0.5528146746230008,27
historical80,peak_mean,baseline,16,8,24,strong_fixed_support,cook_struct,flow,4503,838,0.18609815678436598,0.6035141814298319,0.27538962547353446,0.5897152511155346,57
historical80,peak_mean,baseline,16,8,24,strong_fixed_support,cook_chem,flow,4503,746,0.16566733288918498,0.5933856443842807,0.2411824464241542,0.5711533172578911,57
historical80,peak_mean,baseline,16,8,24,strong_fixed_support,cook_gap,flow,4503,231,0.051299133910726186,0.6453053812604373,0.10986871643937701,0.6519553133103906,47
historical80,peak_mean,baseline,16,16,32,all_common,randi_wild_type,flow,1646,273,0.16585662211421628,0.601247502194334,0.23176918239298874,0.5747461919524808,44
historical80,peak_mean,baseline,16,16,32,all_common,cook_struct,flow,6320,1267,0.2004746835443038,0.6014681628096556,0.29610320721289873,0.5765121270713657,80
historical80,peak_mean,baseline,16,16,32,all_common,cook_chem,flow,6320,1145,0.18117088607594936,0.5957005252832099,0.26548932602705083,0.5646322661794695,80
historical80,peak_mean,baseline,16,16,32,all_common,cook_gap,flow,6320,321,0.05079113924050633,0.6338018953314648,0.10057191981203278,0.6183113754927113,66
historical80,peak_mean,baseline,16,16,32,strong_fixed_support,randi_wild_type,flow,1051,139,0.13225499524262607,0.5954657326770163,0.19402445799152956,0.552540751101911,27
historical80,peak_mean,baseline,16,16,32,strong_fixed_support,cook_struct,flow,4503,838,0.18609815678436598,0.5997391958375524,0.2727780896501478,0.5872200114506395,57
historical80,peak_mean,baseline,16,16,32,strong_fixed_support,cook_chem,flow,4503,746,0.16566733288918498,0.5910497009692721,0.23906200425336918,0.5706044821591679,57
historical80,peak_mean,baseline,16,16,32,strong_fixed_support,cook_gap,flow,4503,231,0.051299133910726186,0.6370294031810886,0.1079635401124063,0.6483703682637811,47
historical80,peak_mean,baseline,16,32,48,all_common,randi_wild_type,flow,1646,273,0.16585662211421628,0.5914323598227459,0.231356931345106,0.5471608385367035,44
historical80,peak_mean,baseline,16,32,48,all_common,cook_struct,flow,6320,1267,0.2004746835443038,0.5969934167438413,0.2927066389698869,0.5708630628024883,80
historical80,peak_mean,baseline,16,32,48,all_common,cook_chem,flow,6320,1145,0.18117088607594936,0.5935200725692467,0.2637097894134789,0.5623900684793453,80
historical80,peak_mean,baseline,16,32,48,all_common,cook_gap,flow,6320,321,0.05079113924050633,0.6229605245734102,0.09866663868004658,0.6112377560080768,66
historical80,peak_mean,baseline,16,32,48,strong_fixed_support,randi_wild_type,flow,1051,139,0.13225499524262607,0.5866385838697462,0.186977836296219,0.5274857541266422,27
historical80,peak_mean,baseline,16,32,48,strong_fixed_support,cook_struct,flow,4503,838,0.18609815678436598,0.5957193603948855,0.2693426219098295,0.5813418333199609,57
historical80,peak_mean,baseline,16,32,48,strong_fixed_support,cook_chem,flow,4503,746,0.16566733288918498,0.5896928057795243,0.23643820003524899,0.5689606545158764,57
historical80,peak_mean,baseline,16,32,48,strong_fixed_support,cook_gap,flow,4503,231,0.051299133910726186,0.6249523728456312,0.10385234440972588,0.6359632006464159,47
historical80,peak_mean,onset_minus_baseline,1,1,2,all_common,randi_wild_type,flow,1646,273,0.16585662211421628,0.5524172355927637,0.19814971530368236,0.4988678534054957,44
historical80,peak_mean,onset_minus_baseline,1,1,2,all_common,cook_struct,flow,6320,1267,0.2004746835443038,0.5221170978316506,0.21944269740326822,0.5171150313029448,80
historical80,peak_mean,onset_minus_baseline,1,1,2,all_common,cook_chem,flow,6320,1145,0.18117088607594936,0.5279308904499715,0.20189900929745094,0.5196714324151797,80
historical80,peak_mean,onset_minus_baseline,1,1,2,all_common,cook_gap,flow,6320,321,0.05079113924050633,0.47858184048327884,0.04993720095768832,0.46316588809108106,66
historical80,peak_mean,onset_minus_baseline,1,1,2,strong_fixed_support,randi_wild_type,flow,1051,139,0.13225499524262607,0.568092894105768,0.1624058947796018,0.5102545285022414,27
historical80,peak_mean,onset_minus_baseline,1,1,2,strong_fixed_support,cook_struct,flow,4503,838,0.18609815678436598,0.5162836546444955,0.20036969192140158,0.5196812682041285,57
historical80,peak_mean,onset_minus_baseline,1,1,2,strong_fixed_support,cook_chem,flow,4503,746,0.16566733288918498,0.526333864007918,0.18234882010228376,0.5236702144684302,57
historical80,peak_mean,onset_minus_baseline,1,1,2,strong_fixed_support,cook_gap,flow,4503,231,0.051299133910726186,0.46025969972599184,0.04949691002189145,0.4686961681160816,47
historical80,peak_mean,onset_minus_baseline,1,2,3,all_common,randi_wild_type,flow,1646,273,0.16585662211421628,0.5474362976183806,0.19809921373681502,0.49318859355931616,44
historical80,peak_mean,onset_minus_baseline,1,2,3,all_common,cook_struct,flow,6320,1267,0.2004746835443038,0.5229790737519312,0.21929634036056156,0.5201410584243895,80
historical80,peak_mean,onset_minus_baseline,1,2,3,all_common,cook_chem,flow,6320,1145,0.18117088607594936,0.5283353374259012,0.20130214487394837,0.5229549505759916,80
historical80,peak_mean,onset_minus_baseline,1,2,3,all_common,cook_gap,flow,6320,321,0.05079113924050633,0.48057750019603473,0.05011292889705369,0.4706638049861673,66
historical80,peak_mean,onset_minus_baseline,1,2,3,strong_fixed_support,randi_wild_type,flow,1051,139,0.13225499524262607,0.56365959863688,0.16538122049686177,0.503675465831166,27
historical80,peak_mean,onset_minus_baseline,1,2,3,strong_fixed_support,cook_struct,flow,4503,838,0.18609815678436598,0.5194177001696366,0.20097268738710206,0.5240809514075454,57
historical80,peak_mean,onset_minus_baseline,1,2,3,strong_fixed_support,cook_chem,flow,4503,746,0.16566733288918498,0.5297906820583704,0.18281850322499577,0.5295284920995705,57
historical80,peak_mean,onset_minus_baseline,1,2,3,strong_fixed_support,cook_gap,flow,4503,231,0.051299133910726186,0.46472347876842257,0.04987183486991753,0.47596293512054355,47
historical80,peak_mean,onset_minus_baseline,1,4,5,all_common,randi_wild_type,flow,1646,273,0.16585662211421628,0.5382214289716111,0.19757244361754495,0.4711672206638963,44
historical80,peak_mean,onset_minus_baseline,1,4,5,all_common,cook_struct,flow,6320,1267,0.2004746835443038,0.524782530121517,0.21860348861561982,0.5218594793259991,80
historical80,peak_mean,onset_minus_baseline,1,4,5,all_common,cook_chem,flow,6320,1145,0.18117088607594936,0.5289190979473872,0.199672676987537,0.5246128904921974,80
historical80,peak_mean,onset_minus_baseline,1,4,5,all_common,cook_gap,flow,6320,321,0.05079113924050633,0.4901876169392717,0.050507047217270666,0.48607835075148914,66
historical80,peak_mean,onset_minus_baseline,1,4,5,strong_fixed_support,randi_wild_type,flow,1051,139,0.13225499524262607,0.5561892591190205,0.1722446950911808,0.48290423253003345,27
historical80,peak_mean,onset_minus_baseline,1,4,5,strong_fixed_support,cook_struct,flow,4503,838,0.18609815678436598,0.5198777704337294,0.19837487768154183,0.5247470657547749,57
historical80,peak_mean,onset_minus_baseline,1,4,5,strong_fixed_support,cook_chem,flow,4503,746,0.16566733288918498,0.5294709928419586,0.17980977499344666,0.5311443672707226,57
historical80,peak_mean,onset_minus_baseline,1,4,5,strong_fixed_support,cook_gap,flow,4503,231,0.051299133910726186,0.47202664688619744,0.050097185576856565,0.4803853082862065,47
historical80,peak_mean,onset_minus_baseline,1,8,9,all_common,randi_wild_type,flow,1646,273,0.16585662211421628,0.5429702611057309,0.20678111076106734,0.4756833038202805,44
historical80,peak_mean,onset_minus_baseline,1,8,9,all_common,cook_struct,flow,6320,1267,0.2004746835443038,0.5282134863735641,0.22017041807012228,0.527039438581355,80
historical80,peak_mean,onset_minus_baseline,1,8,9,all_common,cook_chem,flow,6320,1145,0.18117088607594936,0.5294251418686581,0.199441607759679,0.5256175166635032,80
historical80,peak_mean,onset_minus_baseline,1,8,9,all_common,cook_gap,flow,6320,321,0.05079113924050633,0.5054279555419154,0.051857389300669555,0.5192171404722697,66
historical80,peak_mean,onset_minus_baseline,1,8,9,strong_fixed_support,randi_wild_type,flow,1051,139,0.13225499524262607,0.5471175691026127,0.1763309173461046,0.4799275666025064,27
historical80,peak_mean,onset_minus_baseline,1,8,9,strong_fixed_support,cook_struct,flow,4503,838,0.18609815678436598,0.5205489911339609,0.19664215177617023,0.5264426203460568,57
historical80,peak_mean,onset_minus_baseline,1,8,9,strong_fixed_support,cook_chem,flow,4503,746,0.16566733288918498,0.525671650631065,0.17668681404738423,0.5273874138068834,57
historical80,peak_mean,onset_minus_baseline,1,8,9,strong_fixed_support,cook_gap,flow,4503,231,0.051299133910726186,0.4912680172511633,0.05038198281399894,0.5077501880057091,47
historical80,peak_mean,onset_minus_baseline,1,16,17,all_common,randi_wild_type,flow,1646,273,0.16585662211421628,0.5514728049323825,0.21356620582331173,0.48766450761545843,44
historical80,peak_mean,onset_minus_baseline,1,16,17,all_common,cook_struct,flow,6320,1267,0.2004746835443038,0.531829536666661,0.22512223931520692,0.5309700668490256,80
historical80,peak_mean,onset_minus_baseline,1,16,17,all_common,cook_chem,flow,6320,1145,0.18117088607594936,0.5308416766871294,0.20256061432063033,0.526605527190814,80
historical80,peak_mean,onset_minus_baseline,1,16,17,all_common,cook_gap,flow,6320,321,0.05079113924050633,0.5244222946815124,0.05466285754104229,0.5400141729940717,66
historical80,peak_mean,onset_minus_baseline,1,16,17,strong_fixed_support,randi_wild_type,flow,1051,139,0.13225499524262607,0.5584847911144768,0.1812237612704222,0.497011170530603,27
historical80,peak_mean,onset_minus_baseline,1,16,17,strong_fixed_support,cook_struct,flow,4503,838,0.18609815678436598,0.5286210590407227,0.20137462713717075,0.5306844098529558,57
historical80,peak_mean,onset_minus_baseline,1,16,17,strong_fixed_support,cook_chem,flow,4503,746,0.16566733288918498,0.5295088132180072,0.1793347266523272,0.5275711995973237,57
historical80,peak_mean,onset_minus_baseline,1,16,17,strong_fixed_support,cook_gap,flow,4503,231,0.051299133910726186,0.5131947484475574,0.05383009304138219,0.521059135059972,47
historical80,peak_mean,onset_minus_baseline,1,32,33,all_common,randi_wild_type,flow,1646,273,0.16585662211421628,0.5572220932745332,0.2048215215218135,0.4982978570661066,44
historical80,peak_mean,onset_minus_baseline,1,32,33,all_common,cook_struct,flow,6320,1267,0.2004746835443038,0.5376478936532425,0.23082238621775508,0.5317889153384205,80
historical80,peak_mean,onset_minus_baseline,1,32,33,all_common,cook_chem,flow,6320,1145,0.18117088607594936,0.536539543910723,0.20655793397468752,0.5291051575751972,80
historical80,peak_mean,onset_minus_baseline,1,32,33,all_common,cook_gap,flow,6320,321,0.05079113924050633,0.5330395148931883,0.057498934239924464,0.5328282283500821,66
historical80,peak_mean,onset_minus_baseline,1,32,33,strong_fixed_support,randi_wild_type,flow,1051,139,0.13225499524262607,0.5622712356430646,0.17667890695581942,0.4943447005731243,27
historical80,peak_mean,onset_minus_baseline,1,32,33,strong_fixed_support,cook_struct,flow,4503,838,0.18609815678436598,0.5397574944566905,0.2099677693786459,0.5350567287766262,57
historical80,peak_mean,onset_minus_baseline,1,32,33,strong_fixed_support,cook_chem,flow,4503,746,0.16566733288918498,0.5403522004679736,0.1856849248627035,0.5342448258863972,57
historical80,peak_mean,onset_minus_baseline,1,32,33,strong_fixed_support,cook_gap,flow,4503,231,0.051299133910726186,0.5338466932568057,0.0608369126128617,0.5250890326363028,47
historical80,peak_mean,onset_minus_baseline,4,1,5,all_common,randi_wild_type,flow,1646,273,0.16585662211421628,0.5608450786892156,0.21259593245194647,0.5672755703166961,44
historical80,peak_mean,onset_minus_baseline,4,1,5,all_common,cook_struct,flow,6320,1267,0.2004746835443038,0.530068097425381,0.22314655419774315,0.5065650025253218,80
historical80,peak_mean,onset_minus_baseline,4,1,5,all_common,cook_chem,flow,6320,1145,0.18117088607594936,0.5281220175938232,0.20019657004670702,0.5051537859130477,80
historical80,peak_mean,onset_minus_baseline,4,1,5,all_common,cook_gap,flow,6320,321,0.05079113924050633,0.5445663581521115,0.059983074842214296,0.5130330470583349,66
historical80,peak_mean,onset_minus_baseline,4,1,5,strong_fixed_support,randi_wild_type,flow,1051,139,0.13225499524262607,0.552055723841979,0.1807382206424657,0.5616986069392083,27
historical80,peak_mean,onset_minus_baseline,4,1,5,strong_fixed_support,cook_struct,flow,4503,838,0.18609815678436598,0.5264402022616052,0.20357807534993783,0.5097749687567251,57
historical80,peak_mean,onset_minus_baseline,4,1,5,strong_fixed_support,cook_chem,flow,4503,746,0.16566733288918498,0.5249553826601425,0.18122510721434137,0.5091357181280063,57
historical80,peak_mean,onset_minus_baseline,4,1,5,strong_fixed_support,cook_gap,flow,4503,231,0.051299133910726186,0.540272305721744,0.058091113963198576,0.511673621877391,47
historical80,peak_mean,onset_minus_baseline,4,2,6,all_common,randi_wild_type,flow,1646,273,0.16585662211421628,0.5644733998703408,0.2153279379074229,0.5657288367412778,44
historical80,peak_mean,onset_minus_baseline,4,2,6,all_common,cook_struct,flow,6320,1267,0.2004746835443038,0.5288972409429268,0.22377498156161482,0.504671627794005,80
historical80,peak_mean,onset_minus_baseline,4,2,6,all_common,cook_chem,flow,6320,1145,0.18117088607594936,0.5252227918064257,0.20007449093679172,0.49978827130620085,80
historical80,peak_mean,onset_minus_baseline,4,2,6,all_common,cook_gap,flow,6320,321,0.05079113924050633,0.5455821037670349,0.060590965328177336,0.5137452770430607,66
historical80,peak_mean,onset_minus_baseline,4,2,6,strong_fixed_support,randi_wild_type,flow,1051,139,0.13225499524262607,0.5528051243215953,0.18047520278985846,0.5583954042227174,27
historical80,peak_mean,onset_minus_baseline,4,2,6,strong_fixed_support,cook_struct,flow,4503,838,0.18609815678436598,0.5239174673669199,0.2029346842068394,0.5051636806070837,57
historical80,peak_mean,onset_minus_baseline,4,2,6,strong_fixed_support,cook_chem,flow,4503,746,0.16566733288918498,0.5209731824990135,0.18021690357376163,0.5005249057719877,57
historical80,peak_mean,onset_minus_baseline,4,2,6,strong_fixed_support,cook_gap,flow,4503,231,0.051299133910726186,0.5391221606109247,0.057838347275554994,0.5085063726257685,47
historical80,peak_mean,onset_minus_baseline,4,4,8,all_common,randi_wild_type,flow,1646,273,0.16585662211421628,0.5584679947389343,0.225921005870255,0.5508075823308393,44
historical80,peak_mean,onset_minus_baseline,4,4,8,all_common,cook_struct,flow,6320,1267,0.2004746835443038,0.5277045168100534,0.22501343821290343,0.5012178593390919,80
historical80,peak_mean,onset_minus_baseline,4,4,8,all_common,cook_chem,flow,6320,1145,0.18117088607594936,0.521657447840854,0.2002673634109335,0.48881744047514,80
historical80,peak_mean,onset_minus_baseline,4,4,8,all_common,cook_gap,flow,6320,321,0.05079113924050633,0.5485260004393255,0.06140432997181542,0.522502696468085,66
historical80,peak_mean,onset_minus_baseline,4,4,8,strong_fixed_support,randi_wild_type,flow,1051,139,0.13225499524262607,0.5385980689132904,0.17900764330998936,0.5362147947350725,27
historical80,peak_mean,onset_minus_baseline,4,4,8,strong_fixed_support,cook_struct,flow,4503,838,0.18609815678436598,0.5215982313505487,0.2019834375169502,0.4986113885262953,57
historical80,peak_mean,onset_minus_baseline,4,4,8,strong_fixed_support,cook_chem,flow,4503,746,0.16566733288918498,0.5169749265178637,0.17883844313615777,0.48528622987397785,57
historical80,peak_mean,onset_minus_baseline,4,4,8,strong_fixed_support,cook_gap,flow,4503,231,0.051299133910726186,0.5373417157125022,0.05765340162623777,0.5076672076518557,47
historical80,peak_mean,onset_minus_baseline,4,8,12,all_common,randi_wild_type,flow,1646,273,0.16585662211421628,0.5610344983979361,0.2371489199045395,0.5542727531167877,44
historical80,peak_mean,onset_minus_baseline,4,8,12,all_common,cook_struct,flow,6320,1267,0.2004746835443038,0.5282498022930107,0.2270457575310251,0.5067890790352546,80
historical80,peak_mean,onset_minus_baseline,4,8,12,all_common,cook_chem,flow,6320,1145,0.18117088607594936,0.5216822563972744,0.20137214332267017,0.49291651066993225,80
historical80,peak_mean,onset_minus_baseline,4,8,12,all_common,cook_gap,flow,6320,321,0.05079113924050633,0.5420685379027346,0.06171941802958518,0.5296622182941294,66
historical80,peak_mean,onset_minus_baseline,4,8,12,strong_fixed_support,randi_wild_type,flow,1051,139,0.13225499524262607,0.537809226303168,0.17375975522540257,0.5357236517884372,27
historical80,peak_mean,onset_minus_baseline,4,8,12,strong_fixed_support,cook_struct,flow,4503,838,0.18609815678436598,0.5217935902737304,0.2028486473134685,0.5014664027018685,57
historical80,peak_mean,onset_minus_baseline,4,8,12,strong_fixed_support,cook_chem,flow,4503,746,0.16566733288918498,0.5174901399425272,0.17986641002162052,0.4876231221176925,57
historical80,peak_mean,onset_minus_baseline,4,8,12,strong_fixed_support,cook_gap,flow,4503,231,0.051299133910726186,0.5321361690743713,0.057399748195055035,0.5030711951613954,47
historical80,peak_mean,onset_minus_baseline,4,16,20,all_common,randi_wild_type,flow,1646,273,0.16585662211421628,0.5481272793727272,0.23115795778474743,0.546263249270928,44
historical80,peak_mean,onset_minus_baseline,4,16,20,all_common,cook_struct,flow,6320,1267,0.2004746835443038,0.5301983661428792,0.22774450679633762,0.50711164246445,80
historical80,peak_mean,onset_minus_baseline,4,16,20,all_common,cook_chem,flow,6320,1145,0.18117088607594936,0.5241519735037866,0.2014174964687799,0.4947934618867279,80
historical80,peak_mean,onset_minus_baseline,4,16,20,all_common,cook_gap,flow,6320,321,0.05079113924050633,0.5425172108123939,0.06247829451158727,0.530894547472722,66
historical80,peak_mean,onset_minus_baseline,4,16,20,strong_fixed_support,randi_wild_type,flow,1051,139,0.13225499524262607,0.5249195380537675,0.15940682509168486,0.5283275506560638,27
historical80,peak_mean,onset_minus_baseline,4,16,20,strong_fixed_support,cook_struct,flow,4503,838,0.18609815678436598,0.5206872075721118,0.20490489741939105,0.4990474291931681,57
historical80,peak_mean,onset_minus_baseline,4,16,20,strong_fixed_support,cook_chem,flow,4503,746,0.16566733288918498,0.51725929293023,0.18254986271863002,0.48789774041370054,57
historical80,peak_mean,onset_minus_baseline,4,16,20,strong_fixed_support,cook_gap,flow,4503,231,0.051299133910726186,0.5343209381130729,0.05810833438811479,0.5012677818780528,47
historical80,peak_mean,onset_minus_baseline,4,32,36,all_common,randi_wild_type,flow,1646,273,0.16585662211421628,0.5370182136387526,0.21912259183257118,0.542043956187324,44
historical80,peak_mean,onset_minus_baseline,4,32,36,all_common,cook_struct,flow,6320,1267,0.2004746835443038,0.531237704327811,0.22842914558635322,0.511777528094537,80
historical80,peak_mean,onset_minus_baseline,4,32,36,all_common,cook_chem,flow,6320,1145,0.18117088607594936,0.5269077484547391,0.20248275683972122,0.49913739040741295,80
historical80,peak_mean,onset_minus_baseline,4,32,36,all_common,cook_gap,flow,6320,321,0.05079113924050633,0.5437334052040864,0.06455862415639897,0.5265898272536766,66
historical80,peak_mean,onset_minus_baseline,4,32,36,strong_fixed_support,randi_wild_type,flow,1051,139,0.13225499524262607,0.5098526442004292,0.14653720779655977,0.5373391210494878,27
historical80,peak_mean,onset_minus_baseline,4,32,36,strong_fixed_support,cook_struct,flow,4503,838,0.18609815678436598,0.520951918913023,0.20458734704226755,0.5037662768669529,57
historical80,peak_mean,onset_minus_baseline,4,32,36,strong_fixed_support,cook_chem,flow,4503,746,0.16566733288918498,0.5172864094262648,0.18258039421498173,0.490330127316724,57
historical80,peak_mean,onset_minus_baseline,4,32,36,strong_fixed_support,cook_gap,flow,4503,231,0.051299133910726186,0.5286411466186747,0.05968024510926767,0.49818134883100723,47
historical80,peak_mean,onset_minus_baseline,8,1,9,all_common,randi_wild_type,flow,1646,273,0.16585662211421628,0.5272137428000502,0.17919351911262144,0.5095861222201268,44
historical80,peak_mean,onset_minus_baseline,8,1,9,all_common,cook_struct,flow,6320,1267,0.2004746835443038,0.5191000649625415,0.21250103940526938,0.49608426293359853,80
historical80,peak_mean,onset_minus_baseline,8,1,9,all_common,cook_chem,flow,6320,1145,0.18117088607594936,0.5234878805138915,0.19315597636963788,0.5048112278857813,80
historical80,peak_mean,onset_minus_baseline,8,1,9,all_common,cook_gap,flow,6320,321,0.05079113924050633,0.5294864824303531,0.05761095357176791,0.4980565198269082,66
historical80,peak_mean,onset_minus_baseline,8,1,9,strong_fixed_support,randi_wild_type,flow,1051,139,0.13225499524262607,0.4857456140350877,0.13351498492748154,0.48351687463459797,27
historical80,peak_mean,onset_minus_baseline,8,1,9,strong_fixed_support,cook_struct,flow,4503,838,0.18609815678436598,0.5017403224073429,0.18771390243780017,0.4920205588389299,57
historical80,peak_mean,onset_minus_baseline,8,1,9,strong_fixed_support,cook_chem,flow,4503,746,0.16566733288918498,0.5093038125079833,0.1708058011896206,0.5073345469493026,57
historical80,peak_mean,onset_minus_baseline,8,1,9,strong_fixed_support,cook_gap,flow,4503,231,0.051299133910726186,0.49650700423172334,0.056957721374104486,0.46516893329490033,47
historical80,peak_mean,onset_minus_baseline,8,2,10,all_common,randi_wild_type,flow,1646,273,0.16585662211421628,0.5308073814992971,0.18191853783165865,0.5109705896648307,44
historical80,peak_mean,onset_minus_baseline,8,2,10,all_common,cook_struct,flow,6320,1267,0.2004746835443038,0.5185896115227523,0.21221171479175654,0.4937254523825526,80
historical80,peak_mean,onset_minus_baseline,8,2,10,all_common,cook_chem,flow,6320,1145,0.18117088607594936,0.5224727548889311,0.19252180057653615,0.5011754676413668,80
historical80,peak_mean,onset_minus_baseline,8,2,10,all_common,cook_gap,flow,6320,321,0.05079113924050633,0.5316799944331325,0.05797798928756519,0.5010591845906919,66
historical80,peak_mean,onset_minus_baseline,8,2,10,strong_fixed_support,randi_wild_type,flow,1051,139,0.13225499524262607,0.4873864066641424,0.1351774220252775,0.48218549218313944,27
historical80,peak_mean,onset_minus_baseline,8,2,10,strong_fixed_support,cook_struct,flow,4503,838,0.18609815678436598,0.5002383378862816,0.18679986964321854,0.48756941783156177,57
historical80,peak_mean,onset_minus_baseline,8,2,10,strong_fixed_support,cook_chem,flow,4503,746,0.16566733288918498,0.5076282984898253,0.16981117614675975,0.5016072293732728,57
historical80,peak_mean,onset_minus_baseline,8,2,10,strong_fixed_support,cook_gap,flow,4503,231,0.051299133910726186,0.4976135755630138,0.056926113731804714,0.4654901796274659,47
historical80,peak_mean,onset_minus_baseline,8,4,12,all_common,randi_wild_type,flow,1646,273,0.16585662211421628,0.5335846479327907,0.18785433818703903,0.5077809139490015,44
historical80,peak_mean,onset_minus_baseline,8,4,12,all_common,cook_struct,flow,6320,1267,0.2004746835443038,0.5182844016018991,0.2125408317584785,0.49546574598923937,80
historical80,peak_mean,onset_minus_baseline,8,4,12,all_common,cook_chem,flow,6320,1145,0.18117088607594936,0.5212301331139378,0.19217093261514762,0.5012090977399354,80
historical80,peak_mean,onset_minus_baseline,8,4,12,all_common,cook_gap,flow,6320,321,0.05079113924050633,0.532551375384994,0.0586542404794721,0.5012963198744735,66
historical80,peak_mean,onset_minus_baseline,8,4,12,strong_fixed_support,randi_wild_type,flow,1051,139,0.13225499524262607,0.4833554209264168,0.13853360172471063,0.4724395791138566,27
historical80,peak_mean,onset_minus_baseline,8,4,12,strong_fixed_support,cook_struct,flow,4503,838,0.18609815678436598,0.5009590495137191,0.1862477090063167,0.488125672590974,57
historical80,peak_mean,onset_minus_baseline,8,4,12,strong_fixed_support,cook_chem,flow,4503,746,0.16566733288918498,0.5083855980008007,0.16900762164833144,0.500655396678984,57
historical80,peak_mean,onset_minus_baseline,8,4,12,strong_fixed_support,cook_gap,flow,4503,231,0.051299133910726186,0.4977726705254795,0.05747313626312599,0.4617904376883642,47
historical80,peak_mean,onset_minus_baseline,8,8,16,all_common,randi_wild_type,flow,1646,273,0.16585662211421628,0.5438453268023552,0.19722491626740968,0.5165797205958155,44
historical80,peak_mean,onset_minus_baseline,8,8,16,all_common,cook_struct,flow,6320,1267,0.2004746835443038,0.5228260001989956,0.21537993780709294,0.4986710808459426,80
historical80,peak_mean,onset_minus_baseline,8,8,16,all_common,cook_chem,flow,6320,1145,0.18117088607594936,0.5249298145686982,0.19409649267378998,0.5037583710138793,80
historical80,peak_mean,onset_minus_baseline,8,8,16,all_common,cook_gap,flow,6320,321,0.05079113924050633,0.5423629794996985,0.060440986548960976,0.505395643481831,66
historical80,peak_mean,onset_minus_baseline,8,8,16,strong_fixed_support,randi_wild_type,flow,1051,139,0.13225499524262607,0.4930187429004165,0.1450901645373271,0.4828939769932532,27
historical80,peak_mean,onset_minus_baseline,8,8,16,strong_fixed_support,cook_struct,flow,4503,838,0.18609815678436598,0.5047048940666239,0.18703645601984903,0.4881327763208069,57
historical80,peak_mean,onset_minus_baseline,8,8,16,strong_fixed_support,cook_chem,flow,4503,746,0.16566733288918498,0.512027949971492,0.16942301189057005,0.5006237847404127,57
historical80,peak_mean,onset_minus_baseline,8,8,16,strong_fixed_support,cook_gap,flow,4503,231,0.051299133910726186,0.5049289038053083,0.05844156444409977,0.4589851956299742,47
historical80,peak_mean,onset_minus_baseline,8,16,24,all_common,randi_wild_type,flow,1646,273,0.16585662211421628,0.562253721030123,0.20598302176249822,0.5328107623179348,44
historical80,peak_mean,onset_minus_baseline,8,16,24,all_common,cook_struct,flow,6320,1267,0.2004746835443038,0.5256159999975009,0.21694640245990776,0.4969212074071326,80
historical80,peak_mean,onset_minus_baseline,8,16,24,all_common,cook_chem,flow,6320,1145,0.18117088607594936,0.5263800181423116,0.19458881982332205,0.501958103117901,80
historical80,peak_mean,onset_minus_baseline,8,16,24,all_common,cook_gap,flow,6320,321,0.05079113924050633,0.5461616396086784,0.061452607912375334,0.5012149699050188,66
historical80,peak_mean,onset_minus_baseline,8,16,24,strong_fixed_support,randi_wild_type,flow,1051,139,0.13225499524262607,0.5103259497665026,0.14693490394051634,0.5002965227607179,27
historical80,peak_mean,onset_minus_baseline,8,16,24,strong_fixed_support,cook_struct,flow,4503,838,0.18609815678436598,0.5100300527143494,0.18703710716473973,0.4868504013714836,57
historical80,peak_mean,onset_minus_baseline,8,16,24,strong_fixed_support,cook_chem,flow,4503,746,0.16566733288918498,0.5165296451092901,0.1690015608211491,0.49980442047624346,57
historical80,peak_mean,onset_minus_baseline,8,16,24,strong_fixed_support,cook_gap,flow,4503,231,0.051299133910726186,0.5115065178267425,0.05520357664074382,0.4552271338056988,47
historical80,peak_mean,onset_minus_baseline,8,32,40,all_common,randi_wild_type,flow,1646,273,0.16585662211421628,0.5700812904017566,0.2074014534446037,0.5189696050927043,44
historical80,peak_mean,onset_minus_baseline,8,32,40,all_common,cook_struct,flow,6320,1267,0.2004746835443038,0.5231732272481546,0.22152677599879453,0.49781695765627887,80
historical80,peak_mean,onset_minus_baseline,8,32,40,all_common,cook_chem,flow,6320,1145,0.18117088607594936,0.5215256418370144,0.19734706662811038,0.49841160511041566,80
historical80,peak_mean,onset_minus_baseline,8,32,40,all_common,cook_gap,flow,6320,321,0.05079113924050633,0.5415658580687643,0.06250418841339013,0.4888752499670071,66
historical80,peak_mean,onset_minus_baseline,8,32,40,strong_fixed_support,randi_wild_type,flow,1051,139,0.13225499524262607,0.49903761201565056,0.13842863089219432,0.4719618762731868,27
historical80,peak_mean,onset_minus_baseline,8,32,40,strong_fixed_support,cook_struct,flow,4503,838,0.18609815678436598,0.5079361306560479,0.18861731161596862,0.4887384519541455,57
historical80,peak_mean,onset_minus_baseline,8,32,40,strong_fixed_support,cook_chem,flow,4503,746,0.16566733288918498,0.5108665789899962,0.16917066407957637,0.49555001998821024,57
historical80,peak_mean,onset_minus_baseline,8,32,40,strong_fixed_support,cook_gap,flow,4503,231,0.051299133910726186,0.5190437683415211,0.05646589775441615,0.4574260925083939,47
historical80,peak_mean,onset_minus_baseline,16,1,17,all_common,randi_wild_type,flow,1646,273,0.16585662211421628,0.5055291879763839,0.1799572506741331,0.45548429528984186,44
historical80,peak_mean,onset_minus_baseline,16,1,17,all_common,cook_struct,flow,6320,1267,0.2004746835443038,0.5161758134102117,0.21424600241732716,0.49780651535039777,80
historical80,peak_mean,onset_minus_baseline,16,1,17,all_common,cook_chem,flow,6320,1145,0.18117088607594936,0.5174633672974285,0.19500890061607074,0.4915709587365459,80
historical80,peak_mean,onset_minus_baseline,16,1,17,all_common,cook_gap,flow,6320,321,0.05079113924050633,0.5249003078913983,0.05770317310396636,0.5337624208410947,66
historical80,peak_mean,onset_minus_baseline,16,1,17,strong_fixed_support,randi_wild_type,flow,1051,139,0.13225499524262607,0.4642575413353527,0.12493711698746307,0.4127239515604159,27
historical80,peak_mean,onset_minus_baseline,16,1,17,strong_fixed_support,cook_struct,flow,4503,838,0.18609815678436598,0.5015285207747935,0.19101076517574483,0.49372748182418735,57
historical80,peak_mean,onset_minus_baseline,16,1,17,strong_fixed_support,cook_chem,flow,4503,746,0.16566733288918498,0.5037162087427866,0.17182908517187584,0.4862061809613592,57
historical80,peak_mean,onset_minus_baseline,16,1,17,strong_fixed_support,cook_gap,flow,4503,231,0.051299133910726186,0.5024862387924186,0.05353884526224967,0.510732182731901,47
historical80,peak_mean,onset_minus_baseline,16,2,18,all_common,randi_wild_type,flow,1646,273,0.16585662211421628,0.5067270675427995,0.18021253873084467,0.45314263997784293,44
historical80,peak_mean,onset_minus_baseline,16,2,18,all_common,cook_struct,flow,6320,1267,0.2004746835443038,0.51602711338736,0.2137191017179974,0.49712533682103005,80
historical80,peak_mean,onset_minus_baseline,16,2,18,all_common,cook_chem,flow,6320,1145,0.18117088607594936,0.5172959517330127,0.194584280234083,0.4906436490440589,80
historical80,peak_mean,onset_minus_baseline,16,2,18,all_common,cook_gap,flow,6320,321,0.05079113924050633,0.5216123767253006,0.057445827717522775,0.52956751020596,66
historical80,peak_mean,onset_minus_baseline,16,2,18,strong_fixed_support,randi_wild_type,flow,1051,139,0.13225499524262607,0.4639972232740124,0.12615191962200073,0.4067680253919405,27
historical80,peak_mean,onset_minus_baseline,16,2,18,strong_fixed_support,cook_struct,flow,4503,838,0.18609815678436598,0.500343668905697,0.18996924580861627,0.49227308975332223,57
historical80,peak_mean,onset_minus_baseline,16,2,18,strong_fixed_support,cook_chem,flow,4503,746,0.16566733288918498,0.5028049517576128,0.1710049169638714,0.4845504621356038,57
historical80,peak_mean,onset_minus_baseline,16,2,18,strong_fixed_support,cook_gap,flow,4503,231,0.051299133910726186,0.4975466948781556,0.05295261399006565,0.5052440558183361,47
historical80,peak_mean,onset_minus_baseline,16,4,20,all_common,randi_wild_type,flow,1646,273,0.16585662211421628,0.5117320164661753,0.18224681742645737,0.4601834755976133,44
historical80,peak_mean,onset_minus_baseline,16,4,20,all_common,cook_struct,flow,6320,1267,0.2004746835443038,0.516356455822426,0.2131609480869936,0.4964466207918289,80
historical80,peak_mean,onset_minus_baseline,16,4,20,all_common,cook_chem,flow,6320,1145,0.18117088607594936,0.5173583106554438,0.19398196053649724,0.489549517226712,80
historical80,peak_mean,onset_minus_baseline,16,4,20,all_common,cook_gap,flow,6320,321,0.05079113924050633,0.5200783723559327,0.05736243960904268,0.5301771564140939,66
historical80,peak_mean,onset_minus_baseline,16,4,20,strong_fixed_support,randi_wild_type,flow,1051,139,0.13225499524262607,0.46910103496150446,0.12915906742311578,0.41688963640573967,27
historical80,peak_mean,onset_minus_baseline,16,4,20,strong_fixed_support,cook_struct,flow,4503,838,0.18609815678436598,0.497619551521032,0.18855847413075513,0.48981946151924927,57
historical80,peak_mean,onset_minus_baseline,16,4,20,strong_fixed_support,cook_chem,flow,4503,746,0.16566733288918498,0.5000256893120331,0.16971333520770093,0.4817208928598821,57
historical80,peak_mean,onset_minus_baseline,16,4,20,strong_fixed_support,cook_gap,flow,4503,231,0.051299133910726186,0.4916237008933638,0.05237906242855732,0.504723769353731,47
historical80,peak_mean,onset_minus_baseline,16,8,24,all_common,randi_wild_type,flow,1646,273,0.16585662211421628,0.5058813485616107,0.1835110226752632,0.4619696132118424,44
historical80,peak_mean,onset_minus_baseline,16,8,24,all_common,cook_struct,flow,6320,1267,0.2004746835443038,0.5143839156558475,0.21178362935749287,0.4925284549468819,80
historical80,peak_mean,onset_minus_baseline,16,8,24,all_common,cook_chem,flow,6320,1145,0.18117088607594936,0.5157336877412823,0.1928359144951341,0.48489794777991574,80
historical80,peak_mean,onset_minus_baseline,16,8,24,all_common,cook_gap,flow,6320,321,0.05079113924050633,0.5184981505224909,0.056845981244883305,0.5283656516248296,66
historical80,peak_mean,onset_minus_baseline,16,8,24,strong_fixed_support,randi_wild_type,flow,1051,139,0.13225499524262607,0.47407863183137694,0.13151114285719276,0.4121160157080253,27
historical80,peak_mean,onset_minus_baseline,16,8,24,strong_fixed_support,cook_struct,flow,4503,838,0.18609815678436598,0.4941786296873931,0.18692111233915884,0.48627823782074386,57
historical80,peak_mean,onset_minus_baseline,16,8,24,strong_fixed_support,cook_chem,flow,4503,746,0.16566733288918498,0.4973589960045984,0.16855995152154474,0.4773124979211383,57
historical80,peak_mean,onset_minus_baseline,16,8,24,strong_fixed_support,cook_gap,flow,4503,231,0.051299133910726186,0.4868538920505213,0.05142537679098868,0.5035351482943357,47
historical80,peak_mean,onset_minus_baseline,16,16,32,all_common,randi_wild_type,flow,1646,273,0.16585662211421628,0.506017410605903,0.18271413976304524,0.4643641723771607,44
historical80,peak_mean,onset_minus_baseline,16,16,32,all_common,cook_struct,flow,6320,1267,0.2004746835443038,0.5138835369550014,0.21262280876429196,0.48713337786635613,80
historical80,peak_mean,onset_minus_baseline,16,16,32,all_common,cook_chem,flow,6320,1145,0.18117088607594936,0.5144327574204164,0.19350833855572142,0.47746106881046285,80
historical80,peak_mean,onset_minus_baseline,16,16,32,all_common,cook_gap,flow,6320,321,0.05079113924050633,0.5262787827046979,0.05764454124436508,0.527471820174143,66
historical80,peak_mean,onset_minus_baseline,16,16,32,strong_fixed_support,randi_wild_type,flow,1051,139,0.13225499524262607,0.4728480373595861,0.13089236990339337,0.40722708955918524,27
historical80,peak_mean,onset_minus_baseline,16,16,32,strong_fixed_support,cook_struct,flow,4503,838,0.18609815678436598,0.4933203528182153,0.1874885822725518,0.47872959939314846,57
historical80,peak_mean,onset_minus_baseline,16,16,32,strong_fixed_support,cook_chem,flow,4503,746,0.16566733288918498,0.49506408412964253,0.1691136217524789,0.46687840161946154,57
historical80,peak_mean,onset_minus_baseline,16,16,32,strong_fixed_support,cook_gap,flow,4503,231,0.051299133910726186,0.4975244013165362,0.05188283061412417,0.5044513345444929,47
historical80,peak_mean,onset_minus_baseline,16,32,48,all_common,randi_wild_type,flow,1646,273,0.16585662211421628,0.5102273303292968,0.1892341350361969,0.45779585362936986,44
historical80,peak_mean,onset_minus_baseline,16,32,48,all_common,cook_struct,flow,6320,1267,0.2004746835443038,0.5188813884583479,0.21583647413172682,0.4862155234351224,80
historical80,peak_mean,onset_minus_baseline,16,32,48,all_common,cook_chem,flow,6320,1145,0.18117088607594936,0.518652743497247,0.195965906806764,0.4739760217103707,80
historical80,peak_mean,onset_minus_baseline,16,32,48,all_common,cook_gap,flow,6320,321,0.05079113924050633,0.5305967401628204,0.059450909481930256,0.5259148806054913,66
historical80,peak_mean,onset_minus_baseline,16,32,48,strong_fixed_support,randi_wild_type,flow,1051,139,0.13225499524262607,0.4805076991038748,0.1372117154478506,0.39441965695944525,27
historical80,peak_mean,onset_minus_baseline,16,32,48,strong_fixed_support,cook_struct,flow,4503,838,0.18609815678436598,0.5023504934440802,0.19221547719280913,0.4803023386333379,57
historical80,peak_mean,onset_minus_baseline,16,32,48,strong_fixed_support,cook_chem,flow,4503,746,0.16566733288918498,0.5017682809782775,0.17254768341744456,0.463910720035408,57
historical80,peak_mean,onset_minus_baseline,16,32,48,strong_fixed_support,cook_gap,flow,4503,231,0.051299133910726186,0.5137804611119218,0.05469485426807969,0.5125434770738857,47
historical80,peak_mean,active_minus_baseline,1,1,2,all_common,randi_wild_type,flow,1646,273,0.16585662211421628,0.5439120238828905,0.1894271018453323,0.5142067302857134,44
historical80,peak_mean,active_minus_baseline,1,1,2,all_common,cook_struct,flow,6320,1267,0.2004746835443038,0.5129883690653344,0.21241507809652363,0.5076257083328367,80
historical80,peak_mean,active_minus_baseline,1,1,2,all_common,cook_chem,flow,6320,1145,0.18117088607594936,0.5128846697466405,0.18968023113258647,0.5042104103610285,80
historical80,peak_mean,active_minus_baseline,1,1,2,all_common,cook_gap,flow,6320,321,0.05079113924050633,0.5115629344246886,0.058536477050570655,0.49277609979826686,66
historical80,peak_mean,active_minus_baseline,1,1,2,strong_fixed_support,randi_wild_type,flow,1051,139,0.13225499524262607,0.5568913290420295,0.17106614831269998,0.5306685928487853,27
historical80,peak_mean,active_minus_baseline,1,1,2,strong_fixed_support,cook_struct,flow,4503,838,0.18609815678436598,0.5250616194603535,0.2023003907273619,0.5207824858948725,57
historical80,peak_mean,active_minus_baseline,1,1,2,strong_fixed_support,cook_chem,flow,4503,746,0.16566733288918498,0.5257959940372253,0.17901859225573277,0.5164396890485562,57
historical80,peak_mean,active_minus_baseline,1,1,2,strong_fixed_support,cook_gap,flow,4503,231,0.051299133910726186,0.5192464370835157,0.06196479340066723,0.5086902507018788,47
historical80,peak_mean,active_minus_baseline,1,2,3,all_common,randi_wild_type,flow,1646,273,0.16585662211421628,0.5429302428574097,0.19039953236041535,0.5065903388489004,44
historical80,peak_mean,active_minus_baseline,1,2,3,all_common,cook_struct,flow,6320,1267,0.2004746835443038,0.5147755808946087,0.21331724171098848,0.5076350289728406,80
historical80,peak_mean,active_minus_baseline,1,2,3,all_common,cook_chem,flow,6320,1145,0.18117088607594936,0.514561525641837,0.19049957549745827,0.5024236002090403,80
historical80,peak_mean,active_minus_baseline,1,2,3,all_common,cook_gap,flow,6320,321,0.05079113924050633,0.5139636460697758,0.058990698804225,0.4913597736109562,66
historical80,peak_mean,active_minus_baseline,1,2,3,strong_fixed_support,randi_wild_type,flow,1051,139,0.13225499524262607,0.5557080651268459,0.1716694157464122,0.5202108472402983,27
historical80,peak_mean,active_minus_baseline,1,2,3,strong_fixed_support,cook_struct,flow,4503,838,0.18609815678436598,0.5259343854496674,0.20299166367435664,0.5200088207952762,57
historical80,peak_mean,active_minus_baseline,1,2,3,strong_fixed_support,cook_chem,flow,4503,746,0.16566733288918498,0.526395232919997,0.17981861474821134,0.5129876784700661,57
historical80,peak_mean,active_minus_baseline,1,2,3,strong_fixed_support,cook_gap,flow,4503,231,0.051299133910726186,0.520995468326929,0.062319067765084335,0.5064052678814256,47
historical80,peak_mean,active_minus_baseline,1,4,5,all_common,randi_wild_type,flow,1646,273,0.16585662211421628,0.5413561917567744,0.18815031830538556,0.5038813834235342,44
historical80,peak_mean,active_minus_baseline,1,4,5,all_common,cook_struct,flow,6320,1267,0.2004746835443038,0.5137816961830485,0.21352204724450385,0.5071763127633401,80
historical80,peak_mean,active_minus_baseline,1,4,5,all_common,cook_chem,flow,6320,1145,0.18117088607594936,0.5134858131341898,0.19058949084964844,0.4988269048529988,80
historical80,peak_mean,active_minus_baseline,1,4,5,all_common,cook_gap,flow,6320,321,0.05079113924050633,0.5131696404229364,0.05913112758245104,0.49350070365178744,66
historical80,peak_mean,active_minus_baseline,1,4,5,strong_fixed_support,randi_wild_type,flow,1051,139,0.13225499524262607,0.5554556354916067,0.17132221762889685,0.5185674366582697,27
historical80,peak_mean,active_minus_baseline,1,4,5,strong_fixed_support,cook_struct,flow,4503,838,0.18609815678436598,0.5237113637029632,0.2031855344086272,0.5193736593432416,57
historical80,peak_mean,active_minus_baseline,1,4,5,strong_fixed_support,cook_chem,flow,4503,746,0.16566733288918498,0.5234753928502364,0.17980148957682152,0.5081116978826586,57
historical80,peak_mean,active_minus_baseline,1,4,5,strong_fixed_support,cook_gap,flow,4503,231,0.051299133910726186,0.5245705449357135,0.06346632438757976,0.5110594753899012,47
historical80,peak_mean,active_minus_baseline,1,8,9,all_common,randi_wild_type,flow,1646,273,0.16585662211421628,0.5418977720507218,0.18676165057538358,0.5072280331076505,44
historical80,peak_mean,active_minus_baseline,1,8,9,all_common,cook_struct,flow,6320,1267,0.2004746835443038,0.5190574230442238,0.21494541562379638,0.5146957856311981,80
historical80,peak_mean,active_minus_baseline,1,8,9,all_common,cook_chem,flow,6320,1145,0.18117088607594936,0.5187499525346497,0.19173580955177794,0.5045936255883415,80
historical80,peak_mean,active_minus_baseline,1,8,9,all_common,cook_gap,flow,6320,321,0.05079113924050633,0.5176672747638624,0.05889399967802218,0.5035128310115766,66
historical80,peak_mean,active_minus_baseline,1,8,9,strong_fixed_support,randi_wild_type,flow,1051,139,0.13225499524262607,0.5558342799444654,0.1710643185942632,0.5225284823179689,27
historical80,peak_mean,active_minus_baseline,1,8,9,strong_fixed_support,cook_struct,flow,4503,838,0.18609815678436598,0.5256307651232227,0.2035614755969003,0.5254368428008137,57
historical80,peak_mean,active_minus_baseline,1,8,9,strong_fixed_support,cook_chem,flow,4503,746,0.16566733288918498,0.5249635889681531,0.18087284219958125,0.5118638446088396,57
historical80,peak_mean,active_minus_baseline,1,8,9,strong_fixed_support,cook_gap,flow,4503,231,0.051299133910726186,0.5260358399403342,0.06091266339334151,0.5189434614087909,47
historical80,peak_mean,active_minus_baseline,1,16,17,all_common,randi_wild_type,flow,1646,273,0.16585662211421628,0.5341435694676773,0.18636238704469238,0.4996082038271346,44
historical80,peak_mean,active_minus_baseline,1,16,17,all_common,cook_struct,flow,6320,1267,0.2004746835443038,0.5302007091054242,0.21868434581922924,0.5269222283291021,80
historical80,peak_mean,active_minus_baseline,1,16,17,all_common,cook_chem,flow,6320,1145,0.18117088607594936,0.5291754530303989,0.19480071792298126,0.5179007423550981,80
historical80,peak_mean,active_minus_baseline,1,16,17,all_common,cook_gap,flow,6320,321,0.05079113924050633,0.5332820267552381,0.06066431229591776,0.512723796628355,66
historical80,peak_mean,active_minus_baseline,1,16,17,strong_fixed_support,randi_wild_type,flow,1051,139,0.13225499524262607,0.5496418654550044,0.17262705244211207,0.5133649412165366,27
historical80,peak_mean,active_minus_baseline,1,16,17,strong_fixed_support,cook_struct,flow,4503,838,0.18609815678436598,0.5365158387246969,0.20895013103980153,0.5372240243386586,57
historical80,peak_mean,active_minus_baseline,1,16,17,strong_fixed_support,cook_chem,flow,4503,746,0.16566733288918498,0.5347722678167867,0.18565894087726248,0.5260621678881225,57
historical80,peak_mean,active_minus_baseline,1,16,17,strong_fixed_support,cook_gap,flow,4503,231,0.051299133910726186,0.5456815344455793,0.0640308049469599,0.5205316962137143,47
historical80,peak_mean,active_minus_baseline,1,32,33,all_common,randi_wild_type,flow,1646,273,0.16585662211421628,0.5378986151018197,0.1997399333215038,0.48675527753961956,44
historical80,peak_mean,active_minus_baseline,1,32,33,all_common,cook_struct,flow,6320,1267,0.2004746835443038,0.533446180822664,0.22464914944205017,0.5299752133571761,80
historical80,peak_mean,active_minus_baseline,1,32,33,all_common,cook_chem,flow,6320,1145,0.18117088607594936,0.5313859460371706,0.19832611488416568,0.5211756765652387,80
historical80,peak_mean,active_minus_baseline,1,32,33,all_common,cook_gap,flow,6320,321,0.05079113924050633,0.5381566709716417,0.06521132742026048,0.5498494818218516,66
historical80,peak_mean,active_minus_baseline,1,32,33,strong_fixed_support,randi_wild_type,flow,1051,139,0.13225499524262607,0.5440489713492364,0.17674893060738703,0.4938879626786241,27
historical80,peak_mean,active_minus_baseline,1,32,33,strong_fixed_support,cook_struct,flow,4503,838,0.18609815678436598,0.5352629368306923,0.21284722075628382,0.5358540481911251,57
historical80,peak_mean,active_minus_baseline,1,32,33,strong_fixed_support,cook_chem,flow,4503,746,0.16566733288918498,0.5355261777657577,0.1887254460413753,0.527579811375895,57
historical80,peak_mean,active_minus_baseline,1,32,33,strong_fixed_support,cook_gap,flow,4503,231,0.051299133910726186,0.5423597937642881,0.06944193562838674,0.5429372403069397,47
historical80,peak_mean,active_minus_baseline,4,1,5,all_common,randi_wild_type,flow,1646,273,0.16585662211421628,0.5224062172350592,0.2056935757712165,0.4805476349629997,44
historical80,peak_mean,active_minus_baseline,4,1,5,all_common,cook_struct,flow,6320,1267,0.2004746835443038,0.5348131432701291,0.22968028410880406,0.5278030850067208,80
historical80,peak_mean,active_minus_baseline,4,1,5,all_common,cook_chem,flow,6320,1145,0.18117088607594936,0.5359671750733076,0.20587824975607638,0.5210152462194798,80
historical80,peak_mean,active_minus_baseline,4,1,5,all_common,cook_gap,flow,6320,321,0.05079113924050633,0.5357255804316295,0.06937865764664945,0.5461392827651471,66
historical80,peak_mean,active_minus_baseline,4,1,5,strong_fixed_support,randi_wild_type,flow,1051,139,0.13225499524262607,0.5165499179603685,0.17990161710759792,0.4448809698787294,27
historical80,peak_mean,active_minus_baseline,4,1,5,strong_fixed_support,cook_struct,flow,4503,838,0.18609815678436598,0.5375808704542421,0.21399331281128195,0.5361310969787713,57
historical80,peak_mean,active_minus_baseline,4,1,5,strong_fixed_support,cook_chem,flow,4503,746,0.16566733288918498,0.5381036720730775,0.19200707217962076,0.527082983655503,57
historical80,peak_mean,active_minus_baseline,4,1,5,strong_fixed_support,cook_gap,flow,4503,231,0.051299133910726186,0.535703138933476,0.06631630005274496,0.5470622651159631,47
historical80,peak_mean,active_minus_baseline,4,2,6,all_common,randi_wild_type,flow,1646,273,0.16585662211421628,0.5227557099370647,0.20495407976746485,0.4809958118375834,44
historical80,peak_mean,active_minus_baseline,4,2,6,all_common,cook_struct,flow,6320,1267,0.2004746835443038,0.5360937284984375,0.2304803660385307,0.5285420094386153,80
historical80,peak_mean,active_minus_baseline,4,2,6,all_common,cook_chem,flow,6320,1145,0.18117088607594936,0.5373948484273147,0.20668492265498595,0.5211093665655069,80
historical80,peak_mean,active_minus_baseline,4,2,6,all_common,cook_gap,flow,6320,321,0.05079113924050633,0.5373881108949103,0.06972161717866525,0.551092649762418,66
historical80,peak_mean,active_minus_baseline,4,2,6,strong_fixed_support,randi_wild_type,flow,1051,139,0.13225499524262607,0.5159661744288779,0.18209564897689773,0.44647024017732473,27
historical80,peak_mean,active_minus_baseline,4,2,6,strong_fixed_support,cook_struct,flow,4503,838,0.18609815678436598,0.5380533134501363,0.21473190723465604,0.5362305740544242,57
historical80,peak_mean,active_minus_baseline,4,2,6,strong_fixed_support,cook_chem,flow,4503,746,0.16566733288918498,0.5386092520057287,0.19262952273151185,0.5260793278404344,57
historical80,peak_mean,active_minus_baseline,4,2,6,strong_fixed_support,cook_gap,flow,4503,231,0.051299133910726186,0.5378108938502197,0.06703373096203302,0.5534692652171499,47
historical80,peak_mean,active_minus_baseline,4,4,8,all_common,randi_wild_type,flow,1646,273,0.16585662211421628,0.5230545128578632,0.20435964059525563,0.4807452631467539,44
historical80,peak_mean,active_minus_baseline,4,4,8,all_common,cook_struct,flow,6320,1267,0.2004746835443038,0.5382792439603501,0.23171746175480568,0.5302979373789174,80
historical80,peak_mean,active_minus_baseline,4,4,8,all_common,cook_chem,flow,6320,1145,0.18117088607594936,0.5398951121237052,0.20790146444833554,0.5233556341034437,80
historical80,peak_mean,active_minus_baseline,4,4,8,all_common,cook_gap,flow,6320,321,0.05079113924050633,0.535118262181807,0.06943105869783509,0.547274889854199,66
historical80,peak_mean,active_minus_baseline,4,4,8,strong_fixed_support,randi_wild_type,flow,1051,139,0.13225499524262607,0.5111069039505238,0.18066054384276725,0.44574932674089207,27
historical80,peak_mean,active_minus_baseline,4,4,8,strong_fixed_support,cook_struct,flow,4503,838,0.18609815678436598,0.5391863952045896,0.21603883962496417,0.5369766911335406,57
historical80,peak_mean,active_minus_baseline,4,4,8,strong_fixed_support,cook_chem,flow,4503,746,0.16566733288918498,0.5399936204875118,0.19380825718554595,0.5272144881970605,57
historical80,peak_mean,active_minus_baseline,4,4,8,strong_fixed_support,cook_gap,flow,4503,231,0.051299133910726186,0.5358399403343224,0.06767491975351406,0.5515370273686862,47
historical80,peak_mean,active_minus_baseline,4,8,12,all_common,randi_wild_type,flow,1646,273,0.16585662211421628,0.5265120895128179,0.20291016581747423,0.48996912525448894,44
historical80,peak_mean,active_minus_baseline,4,8,12,all_common,cook_struct,flow,6320,1267,0.2004746835443038,0.5416412390148249,0.2331092982708849,0.5381343906474444,80
historical80,peak_mean,active_minus_baseline,4,8,12,all_common,cook_chem,flow,6320,1145,0.18117088607594936,0.5437983250005274,0.20920564564008587,0.5337871311891711,80
historical80,peak_mean,active_minus_baseline,4,8,12,all_common,cook_gap,flow,6320,321,0.05079113924050633,0.5353659670173483,0.06855704396529926,0.5519004435591887,66
historical80,peak_mean,active_minus_baseline,4,8,12,strong_fixed_support,randi_wild_type,flow,1051,139,0.13225499524262607,0.5130080146409188,0.17528568314939674,0.4592554900999209,27
historical80,peak_mean,active_minus_baseline,4,8,12,strong_fixed_support,cook_struct,flow,4503,838,0.18609815678436598,0.5425615462007574,0.21754298851896672,0.5447361811463243,57
historical80,peak_mean,active_minus_baseline,4,8,12,strong_fixed_support,cook_chem,flow,4503,746,0.16566733288918498,0.5444079006051974,0.19481704273034406,0.5387267139231303,57
historical80,peak_mean,active_minus_baseline,4,8,12,strong_fixed_support,cook_gap,flow,4503,231,0.051299133910726186,0.5382993255184266,0.06914598140155284,0.5613489068799893,47
historical80,peak_mean,active_minus_baseline,4,16,20,all_common,randi_wild_type,flow,1646,273,0.16585662211421628,0.5349319289596056,0.20204650574415367,0.4987464801073856,44
historical80,peak_mean,active_minus_baseline,4,16,20,all_common,cook_struct,flow,6320,1267,0.2004746835443038,0.5403041883891835,0.2339301854773231,0.5373673057486003,80
historical80,peak_mean,active_minus_baseline,4,16,20,all_common,cook_chem,flow,6320,1145,0.18117088607594936,0.5426556125139759,0.20960447829981765,0.5340517741451023,80
historical80,peak_mean,active_minus_baseline,4,16,20,all_common,cook_gap,flow,6320,321,0.05079113924050633,0.5370136975061783,0.06904796845724097,0.549740624742945,66
historical80,peak_mean,active_minus_baseline,4,16,20,strong_fixed_support,randi_wild_type,flow,1051,139,0.13225499524262607,0.5199024990533889,0.1751090231365212,0.47403443901891995,27
historical80,peak_mean,active_minus_baseline,4,16,20,strong_fixed_support,cook_struct,flow,4503,838,0.18609815678436598,0.540389480573183,0.2176934669586032,0.5444347054720847,57
historical80,peak_mean,active_minus_baseline,4,16,20,strong_fixed_support,cook_chem,flow,4503,746,0.16566733288918498,0.5435787067001293,0.1949697274953647,0.5411205879153279,57
historical80,peak_mean,active_minus_baseline,4,16,20,strong_fixed_support,cook_gap,flow,4503,231,0.051299133910726186,0.5383054055806864,0.06987477979344246,0.5600351751033561,47
historical80,peak_mean,active_minus_baseline,4,32,36,all_common,randi_wild_type,flow,1646,273,0.16585662211421628,0.5651270312595877,0.2158102789724951,0.5202276241993176,44
historical80,peak_mean,active_minus_baseline,4,32,36,all_common,cook_struct,flow,6320,1267,0.2004746835443038,0.541427873225733,0.2349901990146122,0.5376428943698588,80
historical80,peak_mean,active_minus_baseline,4,32,36,all_common,cook_chem,flow,6320,1145,0.18117088607594936,0.5433593654410058,0.21005347013500905,0.5394241193949647,80
historical80,peak_mean,active_minus_baseline,4,32,36,all_common,cook_gap,flow,6320,321,0.05079113924050633,0.5382423550342502,0.07039375485061075,0.5391429078831418,66
historical80,peak_mean,active_minus_baseline,4,32,36,strong_fixed_support,randi_wild_type,flow,1051,139,0.13225499524262607,0.5508882367789979,0.17403059451506764,0.4949305677890975,27
historical80,peak_mean,active_minus_baseline,4,32,36,strong_fixed_support,cook_struct,flow,4503,838,0.18609815678436598,0.5386765084150856,0.21414453993095756,0.5440389094199691,57
historical80,peak_mean,active_minus_baseline,4,32,36,strong_fixed_support,cook_chem,flow,4503,746,0.16566733288918498,0.542805172971133,0.19168209669969394,0.5492665022947456,57
historical80,peak_mean,active_minus_baseline,4,32,36,strong_fixed_support,cook_gap,flow,4503,231,0.051299133910726186,0.5375109441120677,0.06635824965990128,0.5496666912644488,47
historical80,peak_mean,active_minus_baseline,8,1,9,all_common,randi_wild_type,flow,1646,273,0.16585662211421628,0.5081970711977996,0.18186265372710292,0.4631773356890381,44
historical80,peak_mean,active_minus_baseline,8,1,9,all_common,cook_struct,flow,6320,1267,0.2004746835443038,0.5212635565765319,0.2175187136404776,0.5167373308549845,80
historical80,peak_mean,active_minus_baseline,8,1,9,all_common,cook_chem,flow,6320,1145,0.18117088607594936,0.5247838322469042,0.19901806354048962,0.5217690578325744,80
historical80,peak_mean,active_minus_baseline,8,1,9,all_common,cook_gap,flow,6320,321,0.05079113924050633,0.5370884763244549,0.05984922065032328,0.5350031388689155,66
historical80,peak_mean,active_minus_baseline,8,1,9,strong_fixed_support,randi_wild_type,flow,1051,139,0.13225499524262607,0.49253754890824186,0.15309857258077125,0.42883692741930696,27
historical80,peak_mean,active_minus_baseline,8,1,9,strong_fixed_support,cook_struct,flow,4503,838,0.18609815678436598,0.508805477864206,0.19068259912662897,0.5100672118492039,57
historical80,peak_mean,active_minus_baseline,8,1,9,strong_fixed_support,cook_chem,flow,4503,746,0.16566733288918498,0.5132553282130728,0.1732777404443132,0.5166327832609914,57
historical80,peak_mean,active_minus_baseline,8,1,9,strong_fixed_support,cook_gap,flow,4503,231,0.051299133910726186,0.5268505682831526,0.05669257587390143,0.5305878594988408,47
historical80,peak_mean,active_minus_baseline,8,2,10,all_common,randi_wild_type,flow,1646,273,0.16585662211421628,0.5084665274031624,0.18204568501413662,0.4651265487052203,44
historical80,peak_mean,active_minus_baseline,8,2,10,all_common,cook_struct,flow,6320,1267,0.2004746835443038,0.5222550983255472,0.21847288435867163,0.5173673872969504,80
historical80,peak_mean,active_minus_baseline,8,2,10,all_common,cook_chem,flow,6320,1145,0.18117088607594936,0.525686053625298,0.19989802837176096,0.5219008181841229,80
historical80,peak_mean,active_minus_baseline,8,2,10,all_common,cook_gap,flow,6320,321,0.05079113924050633,0.5400009555071223,0.060464764647837156,0.5348790600449965,66
historical80,peak_mean,active_minus_baseline,8,2,10,strong_fixed_support,randi_wild_type,flow,1051,139,0.13225499524262607,0.49293985863940426,0.15291267509026552,0.4313194063826139,27
historical80,peak_mean,active_minus_baseline,8,2,10,strong_fixed_support,cook_struct,flow,4503,838,0.18609815678436598,0.5096683131082581,0.19159842507910313,0.5105035918158214,57
historical80,peak_mean,active_minus_baseline,8,2,10,strong_fixed_support,cook_chem,flow,4503,746,0.16566733288918498,0.5139692770099924,0.17419025925290366,0.5161435517375079,57
historical80,peak_mean,active_minus_baseline,8,2,10,strong_fixed_support,cook_gap,flow,4503,231,0.051299133910726186,0.5293829142143749,0.05696077734015041,0.5310496176924219,47
historical80,peak_mean,active_minus_baseline,8,4,12,all_common,randi_wild_type,flow,1646,273,0.16585662211421628,0.5086346040461117,0.18215136542296895,0.47358907962128255,44
historical80,peak_mean,active_minus_baseline,8,4,12,all_common,cook_struct,flow,6320,1267,0.2004746835443038,0.5223913025481592,0.2195918931761892,0.5183613226425013,80
historical80,peak_mean,active_minus_baseline,8,4,12,all_common,cook_chem,flow,6320,1145,0.18117088607594936,0.5254850536885851,0.20071406775411352,0.5208459595885786,80
historical80,peak_mean,active_minus_baseline,8,4,12,all_common,cook_gap,flow,6320,321,0.05079113924050633,0.542026474817454,0.06148755399639098,0.5357565198400069,66
historical80,peak_mean,active_minus_baseline,8,4,12,strong_fixed_support,randi_wild_type,flow,1051,139,0.13225499524262607,0.49209579704657325,0.15234279869135928,0.4442455565799419,27
historical80,peak_mean,active_minus_baseline,8,4,12,strong_fixed_support,cook_struct,flow,4503,838,0.18609815678436598,0.5090692124105012,0.1921112716056948,0.5105412165892929,57
historical80,peak_mean,active_minus_baseline,8,4,12,strong_fixed_support,cook_chem,flow,4503,746,0.16566733288918498,0.5129606147166932,0.17446356800099205,0.5133141619070732,57
historical80,peak_mean,active_minus_baseline,8,4,12,strong_fixed_support,cook_gap,flow,4503,231,0.051299133910726186,0.5300740146245764,0.05731174255874896,0.5336331796466403,47
historical80,peak_mean,active_minus_baseline,8,8,16,all_common,randi_wild_type,flow,1646,273,0.16585662211421628,0.5116333047869828,0.1824954270311364,0.47362373562482835,44
historical80,peak_mean,active_minus_baseline,8,8,16,all_common,cook_struct,flow,6320,1267,0.2004746835443038,0.5259963409172947,0.22257681592548942,0.5215436939411281,80
historical80,peak_mean,active_minus_baseline,8,8,16,all_common,cook_chem,flow,6320,1145,0.18117088607594936,0.52839086133789,0.20291803093684996,0.5237516320852149,80
historical80,peak_mean,active_minus_baseline,8,8,16,all_common,cook_gap,flow,6320,321,0.05079113924050633,0.5514569146778876,0.06392815069400881,0.5459320490442997,66
historical80,peak_mean,active_minus_baseline,8,8,16,strong_fixed_support,randi_wild_type,flow,1051,139,0.13225499524262607,0.49428089107661244,0.1522180348257946,0.442944642423053,27
historical80,peak_mean,active_minus_baseline,8,8,16,strong_fixed_support,cook_struct,flow,4503,838,0.18609815678436598,0.5107209721060018,0.19374416537417832,0.5135268953533658,57
historical80,peak_mean,active_minus_baseline,8,8,16,strong_fixed_support,cook_chem,flow,4503,746,0.16566733288918498,0.5130772870088436,0.17519017481763088,0.5155427251925448,57
historical80,peak_mean,active_minus_baseline,8,8,16,strong_fixed_support,cook_gap,flow,4503,231,0.051299133910726186,0.5372839551210338,0.05857672891657654,0.5431685628246199,47
historical80,peak_mean,active_minus_baseline,8,16,24,all_common,randi_wild_type,flow,1646,273,0.16585662211421628,0.5152562902016652,0.1850016489716952,0.47433307819060155,44
historical80,peak_mean,active_minus_baseline,8,16,24,all_common,cook_struct,flow,6320,1267,0.2004746835443038,0.526453452909811,0.22575309953338019,0.5219928182372994,80
historical80,peak_mean,active_minus_baseline,8,16,24,all_common,cook_chem,flow,6320,1145,0.18117088607594936,0.5290543636478704,0.20500596581662167,0.5247395531284247,80
historical80,peak_mean,active_minus_baseline,8,16,24,all_common,cook_gap,flow,6320,321,0.05079113924050633,0.5557239809957942,0.06689643355279928,0.5508604654271911,66
historical80,peak_mean,active_minus_baseline,8,16,24,strong_fixed_support,randi_wild_type,flow,1051,139,0.13225499524262607,0.49856430644957717,0.1510135366177785,0.44943791075048695,27
historical80,peak_mean,active_minus_baseline,8,16,24,strong_fixed_support,cook_struct,flow,4503,838,0.18609815678436598,0.5089589974180062,0.19454558997714444,0.5138208557485993,57
historical80,peak_mean,active_minus_baseline,8,16,24,strong_fixed_support,cook_chem,flow,4503,746,0.16566733288918498,0.5112117791204407,0.17513990088851578,0.5162257883165023,57
historical80,peak_mean,active_minus_baseline,8,16,24,strong_fixed_support,cook_gap,flow,4503,231,0.051299133910726186,0.5380176159670541,0.05898636745843964,0.5469124230450195,47
historical80,peak_mean,active_minus_baseline,8,32,40,all_common,randi_wild_type,flow,1646,273,0.16585662211421628,0.5292039836832262,0.1994700914085142,0.5007957005704117,44
historical80,peak_mean,active_minus_baseline,8,32,40,all_common,cook_struct,flow,6320,1267,0.2004746835443038,0.534211860982348,0.2319182444645221,0.5191837245422127,80
historical80,peak_mean,active_minus_baseline,8,32,40,all_common,cook_chem,flow,6320,1145,0.18117088607594936,0.5352780203784571,0.20885579727934833,0.5184636962066153,80
historical80,peak_mean,active_minus_baseline,8,32,40,all_common,cook_gap,flow,6320,321,0.05079113924050633,0.5650017474355798,0.0723658320633912,0.5648019204397952,66
historical80,peak_mean,active_minus_baseline,8,32,40,strong_fixed_support,randi_wild_type,flow,1051,139,0.13225499524262607,0.5092057932601287,0.15546100191503576,0.4830225993036303,27
historical80,peak_mean,active_minus_baseline,8,32,40,strong_fixed_support,cook_struct,flow,4503,838,0.18609815678436598,0.5092245227544305,0.19504612549489037,0.5048105081628893,57
historical80,peak_mean,active_minus_baseline,8,32,40,strong_fixed_support,cook_chem,flow,4503,746,0.16566733288918498,0.5104409213614479,0.17438839237899498,0.5036756256678466,57
historical80,peak_mean,active_minus_baseline,8,32,40,strong_fixed_support,cook_gap,flow,4503,231,0.051299133910726186,0.5373457690873421,0.060335801269749946,0.5429547147455422,47
historical80,peak_mean,active_minus_baseline,16,1,17,all_common,randi_wild_type,flow,1646,273,0.16585662211421628,0.5355668851663025,0.18708869086512742,0.52372308138129,44
historical80,peak_mean,active_minus_baseline,16,1,17,all_common,cook_struct,flow,6320,1267,0.2004746835443038,0.5308641579993973,0.22368970826293705,0.5090927401037529,80
historical80,peak_mean,active_minus_baseline,16,1,17,all_common,cook_chem,flow,6320,1145,0.18117088607594936,0.5298859565850262,0.20198565963703702,0.4944148742190483,80
historical80,peak_mean,active_minus_baseline,16,1,17,all_common,cook_gap,flow,6320,321,0.05079113924050633,0.5353496091508501,0.06166058739320574,0.5046613042013529,66
historical80,peak_mean,active_minus_baseline,16,1,17,strong_fixed_support,randi_wild_type,flow,1051,139,0.13225499524262607,0.5266628802221381,0.1432859372296041,0.5058352736617552,27
historical80,peak_mean,active_minus_baseline,16,1,17,strong_fixed_support,cook_struct,flow,4503,838,0.18609815678436598,0.5220285093788563,0.20160632335029677,0.5051985314406964,57
historical80,peak_mean,active_minus_baseline,16,1,17,strong_fixed_support,cook_chem,flow,4503,746,0.16566733288918498,0.5204954326543981,0.18047767342044185,0.4852479286760359,57
historical80,peak_mean,active_minus_baseline,16,1,17,strong_fixed_support,cook_gap,flow,4503,231,0.051299133910726186,0.5476844082883409,0.06033856120801456,0.5295660058107071,47
historical80,peak_mean,active_minus_baseline,16,2,18,all_common,randi_wild_type,flow,1646,273,0.16585662211421628,0.5346064472065928,0.1870089907539767,0.5239965096060241,44
historical80,peak_mean,active_minus_baseline,16,2,18,all_common,cook_struct,flow,6320,1267,0.2004746835443038,0.5309212481867422,0.224146159340177,0.5107616884534292,80
historical80,peak_mean,active_minus_baseline,16,2,18,all_common,cook_chem,flow,6320,1145,0.18117088607594936,0.5299220724426724,0.20234513076466,0.49610840299609293,80
historical80,peak_mean,active_minus_baseline,16,2,18,all_common,cook_gap,flow,6320,321,0.05079113924050633,0.5333038372439021,0.06178925708128211,0.5037948508002077,66
historical80,peak_mean,active_minus_baseline,16,2,18,strong_fixed_support,randi_wild_type,flow,1051,139,0.13225499524262607,0.5271992931970213,0.1428733766542255,0.5078619332574429,27
historical80,peak_mean,active_minus_baseline,16,2,18,strong_fixed_support,cook_struct,flow,4503,838,0.18609815678436598,0.5223637127312154,0.20200572502077183,0.5072161364286485,57
historical80,peak_mean,active_minus_baseline,16,2,18,strong_fixed_support,cook_chem,flow,4503,746,0.16566733288918498,0.5209949470550415,0.18081217438893304,0.48748272515515306,57
historical80,peak_mean,active_minus_baseline,16,2,18,strong_fixed_support,cook_gap,flow,4503,231,0.051299133910726186,0.5458619096259546,0.06036507923546357,0.5292508608444603,47
historical80,peak_mean,active_minus_baseline,16,4,20,all_common,randi_wild_type,flow,1646,273,0.16585662211421628,0.5327629399005946,0.18657601944914778,0.5213629046357205,44
historical80,peak_mean,active_minus_baseline,16,4,20,all_common,cook_struct,flow,6320,1267,0.2004746835443038,0.5305402824769363,0.22477864718685986,0.5094143885451325,80
historical80,peak_mean,active_minus_baseline,16,4,20,all_common,cook_chem,flow,6320,1145,0.18117088607594936,0.5295545007699936,0.20276317379168496,0.49498616754823715,80
historical80,peak_mean,active_minus_baseline,16,4,20,all_common,cook_gap,flow,6320,321,0.05079113924050633,0.5290066516797451,0.0621549917390264,0.49794803326484793,66
historical80,peak_mean,active_minus_baseline,16,4,20,strong_fixed_support,randi_wild_type,flow,1051,139,0.13225499524262607,0.5287927552694687,0.14304562172579005,0.5118709274855464,27
historical80,peak_mean,active_minus_baseline,16,4,20,strong_fixed_support,cook_struct,flow,4503,838,0.18609815678436598,0.5226740078208689,0.20281206071482247,0.5063769653999665,57
historical80,peak_mean,active_minus_baseline,16,4,20,strong_fixed_support,cook_chem,flow,4503,746,0.16566733288918498,0.5217877477680626,0.1814996667832521,0.4875130435488305,57
historical80,peak_mean,active_minus_baseline,16,4,20,strong_fixed_support,cook_gap,flow,4503,231,0.051299133910726186,0.5412623425263875,0.060504993871723665,0.520721433175051,47
historical80,peak_mean,active_minus_baseline,16,8,24,all_common,randi_wild_type,flow,1646,273,0.16585662211421628,0.5321573304093333,0.18666531395279123,0.524299551191884,44
historical80,peak_mean,active_minus_baseline,16,8,24,all_common,cook_struct,flow,6320,1267,0.2004746835443038,0.5288416346318605,0.22539780594331066,0.5065294108081576,80
historical80,peak_mean,active_minus_baseline,16,8,24,all_common,cook_chem,flow,6320,1145,0.18117088607594936,0.5282055566103411,0.20335528825046703,0.4944998817574559,80
historical80,peak_mean,active_minus_baseline,16,8,24,all_common,cook_gap,flow,6320,321,0.05079113924050633,0.524512133122914,0.06246338894544186,0.49452530812344997,66
historical80,peak_mean,active_minus_baseline,16,8,24,strong_fixed_support,randi_wild_type,flow,1051,139,0.13225499524262607,0.527680487189196,0.14135216750013016,0.5095353788499164,27
historical80,peak_mean,active_minus_baseline,16,8,24,strong_fixed_support,cook_struct,flow,4503,838,0.18609815678436598,0.5198103716052317,0.20315645641725263,0.5032900762676943,57
historical80,peak_mean,active_minus_baseline,16,8,24,strong_fixed_support,cook_chem,flow,4503,746,0.16566733288918498,0.5195631247051973,0.1821201197353204,0.4883792725776511,57
historical80,peak_mean,active_minus_baseline,16,8,24,strong_fixed_support,cook_gap,flow,4503,231,0.051299133910726186,0.5363506655641488,0.06086316775858894,0.5155113060031044,47
historical80,peak_mean,active_minus_baseline,16,16,32,all_common,randi_wild_type,flow,1646,273,0.16585662211421628,0.5247166041048051,0.18303329792051115,0.527254995267182,44
historical80,peak_mean,active_minus_baseline,16,16,32,all_common,cook_struct,flow,6320,1267,0.2004746835443038,0.5281902910443693,0.22637615449813275,0.503115448893667,80
historical80,peak_mean,active_minus_baseline,16,16,32,all_common,cook_chem,flow,6320,1145,0.18117088607594936,0.5290801004155854,0.20466971711672233,0.49661598435794635,80
historical80,peak_mean,active_minus_baseline,16,16,32,all_common,cook_gap,flow,6320,321,0.05079113924050633,0.5193160438473909,0.06286079511604986,0.487232647216469,66
historical80,peak_mean,active_minus_baseline,16,16,32,strong_fixed_support,randi_wild_type,flow,1051,139,0.13225499524262607,0.5172756531616812,0.13809020309166326,0.5210733156595464,27
historical80,peak_mean,active_minus_baseline,16,16,32,strong_fixed_support,cook_struct,flow,4503,838,0.18609815678436598,0.5171079065012194,0.20453171819943727,0.49829064795577505,57
historical80,peak_mean,active_minus_baseline,16,16,32,strong_fixed_support,cook_chem,flow,4503,746,0.16566733288918498,0.5191231952366306,0.18422330833869824,0.4918723730848263,57
historical80,peak_mean,active_minus_baseline,16,16,32,strong_fixed_support,cook_gap,flow,4503,231,0.051299133910726186,0.5288610422037388,0.061758031063787,0.4984801970014373,47
historical80,peak_mean,active_minus_baseline,16,32,48,all_common,randi_wild_type,flow,1646,273,0.16585662211421628,0.5161180164821826,0.18370954570595652,0.52698937735061,44
historical80,peak_mean,active_minus_baseline,16,32,48,all_common,cook_struct,flow,6320,1267,0.2004746835443038,0.531309555179189,0.22868688368487242,0.4999003114117732,80
historical80,peak_mean,active_minus_baseline,16,32,48,all_common,cook_chem,flow,6320,1145,0.18117088607594936,0.5340330358838048,0.20669124318307291,0.4993209405782997,80
historical80,peak_mean,active_minus_baseline,16,32,48,all_common,cook_gap,flow,6320,321,0.05079113924050633,0.5200695443009973,0.06444610416508267,0.4782631531276425,66
historical80,peak_mean,active_minus_baseline,16,32,48,strong_fixed_support,randi_wild_type,flow,1051,139,0.13225499524262607,0.5033604695191215,0.13675427940416068,0.5220720947059773,27
historical80,peak_mean,active_minus_baseline,16,32,48,strong_fixed_support,cook_struct,flow,4503,838,0.18609815678436598,0.523784297700951,0.20990808458206742,0.4981528064333927,57
historical80,peak_mean,active_minus_baseline,16,32,48,strong_fixed_support,cook_chem,flow,4503,746,0.16566733288918498,0.5284444907486365,0.18987107107111162,0.5009523061598111,57
historical80,peak_mean,active_minus_baseline,16,32,48,strong_fixed_support,cook_gap,flow,4503,231,0.051299133910726186,0.5194501191692203,0.06233614335934969,0.48681898993796874,47
historical80,event_probability,state_average,1,1,2,all_common,randi_wild_type,flow,1646,273,0.16585662211421628,0.6721198199712402,0.34680513417764525,0.6442606714055897,44
historical80,event_probability,state_average,1,1,2,all_common,cook_struct,flow,6320,1267,0.2004746835443038,0.621610689907189,0.3116768404152028,0.6153162142292304,80
historical80,event_probability,state_average,1,1,2,all_common,cook_chem,flow,6320,1145,0.18117088607594936,0.6157104824589161,0.27433906995245005,0.6048632193702347,80
historical80,event_probability,state_average,1,1,2,all_common,cook_gap,flow,6320,321,0.05079113924050633,0.6693540304484807,0.12048887250645784,0.7022935589813917,66
historical80,event_probability,state_average,1,1,2,strong_fixed_support,randi_wild_type,flow,1051,139,0.13225499524262607,0.642867285119273,0.2677988915322159,0.5953644472034688,27
historical80,event_probability,state_average,1,1,2,strong_fixed_support,cook_struct,flow,4503,838,0.18609815678436598,0.6107973248851453,0.2872313033708355,0.6085058011666024,57
historical80,event_probability,state_average,1,1,2,strong_fixed_support,cook_chem,flow,4503,746,0.16566733288918498,0.6016738370769559,0.24976411185021039,0.5945587402508837,57
historical80,event_probability,state_average,1,1,2,strong_fixed_support,cook_gap,flow,4503,231,0.051299133910726186,0.66803873404997,0.12623094720877043,0.6899477129265034,47
historical80,event_probability,state_average,1,2,3,all_common,randi_wild_type,flow,1646,273,0.16585662211421628,0.6808144513898338,0.3300451562280661,0.6602233636526691,44
historical80,event_probability,state_average,1,2,3,all_common,cook_struct,flow,6320,1267,0.2004746835443038,0.6217128430741481,0.3108362202091346,0.6143450122755114,80
historical80,event_probability,state_average,1,2,3,all_common,cook_chem,flow,6320,1145,0.18117088607594936,0.6148988882560176,0.2739464774936104,0.6039766411167784,80
historical80,event_probability,state_average,1,2,3,all_common,cook_gap,flow,6320,321,0.05079113924050633,0.6776965423624602,0.12157993061496535,0.7065531954385105,66
historical80,event_probability,state_average,1,2,3,strong_fixed_support,randi_wild_type,flow,1051,139,0.13225499524262607,0.6475214565189953,0.259207243258625,0.6206664674450147,27
historical80,event_probability,state_average,1,2,3,strong_fixed_support,cook_struct,flow,4503,838,0.18609815678436598,0.6144070693882335,0.28768437914447753,0.612353509865791,57
historical80,event_probability,state_average,1,2,3,strong_fixed_support,cook_chem,flow,4503,746,0.16566733288918498,0.6044423956425218,0.25003853961228234,0.5983750983354809,57
historical80,event_probability,state_average,1,2,3,strong_fixed_support,cook_gap,flow,4503,231,0.051299133910726186,0.6758455339916014,0.1279271114885882,0.6973698406259922,47
historical80,event_probability,state_average,1,4,5,all_common,randi_wild_type,flow,1646,273,0.16585662211421628,0.6814894258448521,0.31789450751764703,0.6597151663794572,44
historical80,event_probability,state_average,1,4,5,all_common,cook_struct,flow,6320,1267,0.2004746835443038,0.6174705969915424,0.3067439202056457,0.6120418536508065,80
historical80,event_probability,state_average,1,4,5,all_common,cook_chem,flow,6320,1145,0.18117088607594936,0.6100165812290361,0.27017401434931126,0.6003816051332949,80
historical80,event_probability,state_average,1,4,5,all_common,cook_gap,flow,6320,321,0.05079113924050633,0.6739659102062182,0.12008711281635895,0.6988273304329791,66
historical80,event_probability,state_average,1,4,5,strong_fixed_support,randi_wild_type,flow,1051,139,0.13225499524262607,0.6500615297235895,0.2492919049925235,0.6154409940030204,27
historical80,event_probability,state_average,1,4,5,strong_fixed_support,cook_struct,flow,4503,838,0.18609815678436598,0.6145340526883015,0.2865054071616917,0.6123667373839745,57
historical80,event_probability,state_average,1,4,5,strong_fixed_support,cook_chem,flow,4503,746,0.16566733288918498,0.6041351942861262,0.2484023772083846,0.5970270599083188,57
historical80,event_probability,state_average,1,4,5,strong_fixed_support,cook_gap,flow,4503,231,0.051299133910726186,0.6751220065826807,0.1277423134804046,0.6888191745486083,47
historical80,event_probability,state_average,1,8,9,all_common,randi_wild_type,flow,1646,273,0.16585662211421628,0.6674937104653055,0.2904317508824199,0.6523740500041758,44
historical80,event_probability,state_average,1,8,9,all_common,cook_struct,flow,6320,1267,0.2004746835443038,0.6178959227921991,0.3025407028041833,0.6080107368446768,80
historical80,event_probability,state_average,1,8,9,all_common,cook_chem,flow,6320,1145,0.18117088607594936,0.6088947956880366,0.2661492069691507,0.5916635948263848,80
historical80,event_probability,state_average,1,8,9,all_common,cook_gap,flow,6320,321,0.05079113924050633,0.6736252511451803,0.11677142900394716,0.7015987518783481,66
historical80,event_probability,state_average,1,8,9,strong_fixed_support,randi_wild_type,flow,1051,139,0.13225499524262607,0.6488309352517986,0.23920906592501862,0.6120950892589571,27
historical80,event_probability,state_average,1,8,9,strong_fixed_support,cook_struct,flow,4503,838,0.18609815678436598,0.6147479707091854,0.2830203891439078,0.6110932876813321,57
historical80,event_probability,state_average,1,8,9,strong_fixed_support,cook_chem,flow,4503,746,0.16566733288918498,0.6040142404419704,0.2453420486625597,0.5908083760745001,57
historical80,event_probability,state_average,1,8,9,strong_fixed_support,cook_gap,flow,4503,231,0.051299133910726186,0.6687237543979117,0.12188273868525779,0.6886736186672809,47
historical80,event_probability,state_average,1,16,17,all_common,randi_wild_type,flow,1646,273,0.16585662211421628,0.6406921556229641,0.2606730639962522,0.627806668578699,44
historical80,event_probability,state_average,1,16,17,all_common,cook_struct,flow,6320,1267,0.2004746835443038,0.6102028833746658,0.29551988460439066,0.5930880348679142,80
historical80,event_probability,state_average,1,16,17,all_common,cook_chem,flow,6320,1145,0.18117088607594936,0.6020366643461385,0.2619130745258772,0.5791305269168223,80
historical80,event_probability,state_average,1,16,17,all_common,cook_gap,flow,6320,321,0.05079113924050633,0.6602767127854643,0.10857675237853077,0.6850300086220353,66
historical80,event_probability,state_average,1,16,17,strong_fixed_support,randi_wild_type,flow,1051,139,0.13225499524262607,0.6217263031679919,0.21897387662952633,0.5878643608636971,27
historical80,event_probability,state_average,1,16,17,strong_fixed_support,cook_struct,flow,4503,838,0.18609815678436598,0.6099043718071027,0.27660696547599684,0.6035206319440366,57
historical80,event_probability,state_average,1,16,17,strong_fixed_support,cook_chem,flow,4503,746,0.16566733288918498,0.6007681104297893,0.2415186977936784,0.5863991426963894,57
historical80,event_probability,state_average,1,16,17,strong_fixed_support,cook_gap,flow,4503,231,0.051299133910726186,0.6590483486550902,0.11418973517978584,0.6852624664956706,47
historical80,event_probability,state_average,1,32,33,all_common,randi_wild_type,flow,1646,273,0.16585662211421628,0.6207764073750964,0.23646745635630348,0.5950489183245133,44
historical80,event_probability,state_average,1,32,33,all_common,cook_struct,flow,6320,1267,0.2004746835443038,0.6043564108375451,0.2934895546071192,0.582710831478613,80
historical80,event_probability,state_average,1,32,33,all_common,cook_chem,flow,6320,1145,0.18117088607594936,0.6004698436807797,0.26343377921443056,0.5765555713725472,80
historical80,event_probability,state_average,1,32,33,all_common,cook_gap,flow,6320,321,0.05079113924050633,0.643663351991687,0.10136831411042382,0.6497736863133531,66
historical80,event_probability,state_average,1,32,33,strong_fixed_support,randi_wild_type,flow,1051,139,0.13225499524262607,0.6143506247633472,0.20036328376910348,0.57092562406509,27
historical80,event_probability,state_average,1,32,33,strong_fixed_support,cook_struct,flow,4503,838,0.18609815678436598,0.6028685201887167,0.27328211621031057,0.5997126959346579,57
historical80,event_probability,state_average,1,32,33,strong_fixed_support,cook_chem,flow,4503,746,0.16566733288918498,0.5976140337857269,0.2413287086126768,0.5915789488163419,57
historical80,event_probability,state_average,1,32,33,strong_fixed_support,cook_gap,flow,4503,231,0.051299133910726186,0.6432938939961412,0.10685711102361614,0.6701157275020383,47
historical80,event_probability,state_average,4,1,5,all_common,randi_wild_type,flow,1646,273,0.16585662211421628,0.6613709184721567,0.32468253143331266,0.6291033331735107,44
historical80,event_probability,state_average,4,1,5,all_common,cook_struct,flow,6320,1267,0.2004746835443038,0.6206220378119791,0.3080098832224773,0.6102972587230877,80
historical80,event_probability,state_average,4,1,5,all_common,cook_chem,flow,6320,1145,0.18117088607594936,0.6119126637554585,0.2702253848861401,0.5941369695276377,80
historical80,event_probability,state_average,4,1,5,all_common,cook_gap,flow,6320,321,0.05079113924050633,0.6625112492788258,0.11780198348508075,0.69517462775903,66
historical80,event_probability,state_average,4,1,5,strong_fixed_support,randi_wild_type,flow,1051,139,0.13225499524262607,0.608647292692162,0.23650811179863,0.5870542776904025,27
historical80,event_probability,state_average,4,1,5,strong_fixed_support,cook_struct,flow,4503,838,0.18609815678436598,0.6146724319255553,0.28010591846074884,0.608263485976375,57
historical80,event_probability,state_average,4,1,5,strong_fixed_support,cook_chem,flow,4503,746,0.16566733288918498,0.6072325403661155,0.24434421110439697,0.5896847410790301,57
historical80,event_probability,state_average,4,1,5,strong_fixed_support,cook_gap,flow,4503,231,0.051299133910726186,0.66055519075182,0.12243560098431341,0.6945460792916904,47
historical80,event_probability,state_average,4,2,6,all_common,randi_wild_type,flow,1646,273,0.16585662211421628,0.66039714109634,0.3090473601615526,0.6262840324170814,44
historical80,event_probability,state_average,4,2,6,all_common,cook_struct,flow,6320,1267,0.2004746835443038,0.6205176978799781,0.30925149177394995,0.6107229929416782,80
historical80,event_probability,state_average,4,2,6,all_common,cook_chem,flow,6320,1145,0.18117088607594936,0.6122910364322933,0.27243449987839335,0.5945810413666155,80
historical80,event_probability,state_average,4,2,6,all_common,cook_gap,flow,6320,321,0.05079113924050633,0.6661473693175239,0.11764366824154254,0.6963336247084726,66
historical80,event_probability,state_average,4,2,6,strong_fixed_support,randi_wild_type,flow,1051,139,0.13225499524262607,0.6069749463587024,0.230638241381795,0.5753027817807692,27
historical80,event_probability,state_average,4,2,6,strong_fixed_support,cook_struct,flow,4503,838,0.18609815678436598,0.6144985624839236,0.28312794149158466,0.609216914669711,57
historical80,event_probability,state_average,4,2,6,strong_fixed_support,cook_chem,flow,4503,746,0.16566733288918498,0.6058256937363035,0.24711450634650223,0.5894343051742903,57
historical80,event_probability,state_average,4,2,6,strong_fixed_support,cook_gap,flow,4503,231,0.051299133910726186,0.6622495014348948,0.12218752192499804,0.6922289900152714,47
historical80,event_probability,state_average,4,4,8,all_common,randi_wild_type,flow,1646,273,0.16585662211421628,0.6493387651435721,0.2897896915732572,0.6263405670473092,44
historical80,event_probability,state_average,4,4,8,all_common,cook_struct,flow,6320,1267,0.2004746835443038,0.6163103619392919,0.304206641713074,0.6058087440217973,80
historical80,event_probability,state_average,4,4,8,all_common,cook_chem,flow,6320,1145,0.18117088607594936,0.6085138915258528,0.26863884308244085,0.5927789593814266,80
historical80,event_probability,state_average,4,4,8,all_common,cook_gap,flow,6320,321,0.05079113924050633,0.6598675064743397,0.11444160885731636,0.6843580799972536,66
historical80,event_probability,state_average,4,4,8,strong_fixed_support,randi_wild_type,flow,1051,139,0.13225499524262607,0.6100750978164836,0.22623462116768517,0.5821554031347467,27
historical80,event_probability,state_average,4,4,8,strong_fixed_support,cook_struct,flow,4503,838,0.18609815678436598,0.6114574752463965,0.28032191099960463,0.6076462665380139,57
historical80,event_probability,state_average,4,4,8,strong_fixed_support,cook_chem,flow,4503,746,0.16566733288918498,0.6038337016657378,0.24543196371140338,0.5923602025269818,57
historical80,event_probability,state_average,4,4,8,strong_fixed_support,cook_gap,flow,4503,231,0.051299133910726186,0.6524160140733174,0.11844990864543971,0.6765353128646211,47
historical80,event_probability,state_average,4,8,12,all_common,randi_wild_type,flow,1646,273,0.16585662211421628,0.6392621702162853,0.26658162827697107,0.6146431590694486,44
historical80,event_probability,state_average,4,8,12,all_common,cook_struct,flow,6320,1267,0.2004746835443038,0.6111442857252196,0.2989660611333089,0.5963615298878902,80
historical80,event_probability,state_average,4,8,12,all_common,cook_chem,flow,6320,1145,0.18117088607594936,0.6030236061008797,0.26471081608700475,0.5816625455846169,80
historical80,event_probability,state_average,4,8,12,all_common,cook_gap,flow,6320,321,0.05079113924050633,0.651230033666047,0.11017865979174121,0.6815061276235501,66
historical80,event_probability,state_average,4,8,12,strong_fixed_support,randi_wild_type,flow,1051,139,0.13225499524262607,0.6095465732677017,0.21706353971766232,0.577330176508415,27
historical80,event_probability,state_average,4,8,12,strong_fixed_support,cook_struct,flow,4503,838,0.18609815678436598,0.6069684527898882,0.27761761008113894,0.5995677693754672,57
historical80,event_probability,state_average,4,8,12,strong_fixed_support,cook_chem,flow,4503,746,0.16566733288918498,0.598623409671027,0.24307406249056446,0.5818316564228013,57
historical80,event_probability,state_average,4,8,12,strong_fixed_support,cook_gap,flow,4503,231,0.051299133910726186,0.6473705757413623,0.1156008985776539,0.67709662411294,47
historical80,event_probability,state_average,4,16,20,all_common,randi_wild_type,flow,1646,273,0.16585662211421628,0.6201974767160492,0.24455060321674746,0.6064184536479583,44
historical80,event_probability,state_average,4,16,20,all_common,cook_struct,flow,6320,1267,0.2004746835443038,0.607364149955226,0.29410053816370835,0.5901168649224087,80
historical80,event_probability,state_average,4,16,20,all_common,cook_chem,flow,6320,1145,0.18117088607594936,0.600323186296226,0.2624372447205775,0.5787543571039295,80
historical80,event_probability,state_average,4,16,20,all_common,cook_gap,flow,6320,321,0.05079113924050633,0.6435636469006517,0.10382569364669003,0.6635515508904304,66
historical80,event_probability,state_average,4,16,20,strong_fixed_support,randi_wild_type,flow,1051,139,0.13225499524262607,0.5939511548655811,0.20215437185538168,0.5667876868862586,27
historical80,event_probability,state_average,4,16,20,strong_fixed_support,cook_struct,flow,4503,838,0.18609815678436598,0.6053984182439186,0.27493144423619204,0.5987779275322108,57
historical80,event_probability,state_average,4,16,20,strong_fixed_support,cook_chem,flow,4503,746,0.16566733288918498,0.5982865942465931,0.24204834234968745,0.5850927016910199,57
historical80,event_probability,state_average,4,16,20,strong_fixed_support,cook_gap,flow,4503,231,0.051299133910726186,0.6414617685685102,0.10898631634551997,0.6652371563765308,47
historical80,event_probability,state_average,4,32,36,all_common,randi_wild_type,flow,1646,273,0.16585662211421628,0.6011754693473558,0.2280824237559346,0.5764338467227765,44
historical80,event_probability,state_average,4,32,36,all_common,cook_struct,flow,6320,1267,0.2004746835443038,0.5993954219449057,0.2913763727425061,0.5776983550795636,80
historical80,event_probability,state_average,4,32,36,all_common,cook_chem,flow,6320,1145,0.18117088607594936,0.5953790266438833,0.2630255344408742,0.5720395596027776,80
historical80,event_probability,state_average,4,32,36,all_common,cook_gap,flow,6320,321,0.05079113924050633,0.634463999451622,0.09813995637812428,0.6441873250576374,66
historical80,event_probability,state_average,4,32,36,strong_fixed_support,randi_wild_type,flow,1051,139,0.13225499524262607,0.58975451217973,0.1886047645643156,0.5634097747690001,27
historical80,event_probability,state_average,4,32,36,strong_fixed_support,cook_struct,flow,4503,838,0.18609815678436598,0.6015039381102931,0.27175809621392333,0.5946336126299395,57
historical80,event_probability,state_average,4,32,36,strong_fixed_support,cook_chem,flow,4503,746,0.16566733288918498,0.5971266504490991,0.2419692306499299,0.5876977650085212,57
historical80,event_probability,state_average,4,32,36,strong_fixed_support,cook_gap,flow,4503,231,0.051299133910726186,0.6365257713572321,0.1035997878664332,0.659556166241722,47
historical80,event_probability,state_average,8,1,9,all_common,randi_wild_type,flow,1646,273,0.16585662211421628,0.6699108126639081,0.3031836696566313,0.6410422479134066,44
historical80,event_probability,state_average,8,1,9,all_common,cook_struct,flow,6320,1267,0.2004746835443038,0.6158994063089109,0.30328128660220444,0.6040196024082187,80
historical80,event_probability,state_average,8,1,9,all_common,cook_chem,flow,6320,1145,0.18117088607594936,0.6083007404594646,0.269436755612637,0.5903412914379192,80
historical80,event_probability,state_average,8,1,9,all_common,cook_gap,flow,6320,321,0.05079113924050633,0.6541313479557082,0.10914672845451115,0.6820773152472775,66
historical80,event_probability,state_average,8,1,9,strong_fixed_support,randi_wild_type,flow,1051,139,0.13225499524262607,0.6103669695822289,0.2462705696325701,0.5787512269910917,27
historical80,event_probability,state_average,8,1,9,strong_fixed_support,cook_struct,flow,4503,838,0.18609815678436598,0.6100720548828334,0.28000763697514675,0.6045151548423073,57
historical80,event_probability,state_average,8,1,9,strong_fixed_support,cook_chem,flow,4503,746,0.16566733288918498,0.603545053701366,0.24502216662181242,0.5893135713501972,57
historical80,event_probability,state_average,8,1,9,strong_fixed_support,cook_gap,flow,4503,231,0.051299133910726186,0.6544964087098918,0.11962870531966188,0.6786099177080032,47
historical80,event_probability,state_average,8,2,10,all_common,randi_wild_type,flow,1646,273,0.16585662211421628,0.650133794343554,0.2803484617553684,0.6371648330840043,44
historical80,event_probability,state_average,8,2,10,all_common,cook_struct,flow,6320,1267,0.2004746835443038,0.6139738034919826,0.3019572936045113,0.6032426205975234,80
historical80,event_probability,state_average,8,2,10,all_common,cook_chem,flow,6320,1145,0.18117088607594936,0.60521182203658,0.2683593543863011,0.5886983270729431,80
historical80,event_probability,state_average,8,2,10,all_common,cook_gap,flow,6320,321,0.05079113924050633,0.6572891951358455,0.10950759745945107,0.6800906073059879,66
historical80,event_probability,state_average,8,2,10,strong_fixed_support,randi_wild_type,flow,1051,139,0.13225499524262607,0.6010349615044805,0.23100160149332155,0.5853388152731539,27
historical80,event_probability,state_average,8,2,10,strong_fixed_support,cook_struct,flow,4503,838,0.18609815678436598,0.6107476711588367,0.28120227838505685,0.6061171623481844,57
historical80,event_probability,state_average,8,2,10,strong_fixed_support,cook_chem,flow,4503,746,0.16566733288918498,0.602416151155912,0.246033191984229,0.5893602974514587,57
historical80,event_probability,state_average,8,2,10,strong_fixed_support,cook_gap,flow,4503,231,0.051299133910726186,0.6580876988180359,0.1196739947240062,0.6753249810604621,47
historical80,event_probability,state_average,8,4,12,all_common,randi_wild_type,flow,1646,273,0.16585662211421628,0.6367223453894976,0.2657271699935776,0.6190865136499961,44
historical80,event_probability,state_average,8,4,12,all_common,cook_struct,flow,6320,1267,0.2004746835443038,0.6100252868137599,0.2993275771531338,0.5962436112208491,80
historical80,event_probability,state_average,8,4,12,all_common,cook_chem,flow,6320,1145,0.18117088607594936,0.6018790371917389,0.26730408845591025,0.5820684947271559,80
historical80,event_probability,state_average,8,4,12,all_common,cook_gap,flow,6320,321,0.05079113924050633,0.6475783347068748,0.10552632673521978,0.6696908510716343,66
historical80,event_probability,state_average,8,4,12,strong_fixed_support,randi_wild_type,flow,1051,139,0.13225499524262607,0.5953789599899029,0.21677696346571698,0.5638627279078242,27
historical80,event_probability,state_average,8,4,12,strong_fixed_support,cook_struct,flow,4503,838,0.18609815678436598,0.6076440690658913,0.2791658950256549,0.6005582849842637,57
historical80,event_probability,state_average,8,4,12,strong_fixed_support,cook_chem,flow,4503,746,0.16566733288918498,0.5990033974115164,0.24519808460923917,0.5831486634589941,57
historical80,event_probability,state_average,8,4,12,strong_fixed_support,cook_gap,flow,4503,231,0.051299133910726186,0.6504268203706405,0.11511310466057306,0.6679430419812193,47
historical80,event_probability,state_average,8,8,16,all_common,randi_wild_type,flow,1646,273,0.16585662211421628,0.6320748928177916,0.25364795255499173,0.6216360621883686,44
historical80,event_probability,state_average,8,8,16,all_common,cook_struct,flow,6320,1267,0.2004746835443038,0.6044360715640728,0.2952350643946633,0.5916559684004346,80
historical80,event_probability,state_average,8,8,16,all_common,cook_chem,flow,6320,1145,0.18117088607594936,0.5960878425416113,0.2637090075094827,0.575580471366932,80
historical80,event_probability,state_average,8,8,16,all_common,cook_gap,flow,6320,321,0.05079113924050633,0.6456221415926537,0.10400807834759643,0.6603155169100503,66
historical80,event_probability,state_average,8,8,16,strong_fixed_support,randi_wild_type,flow,1051,139,0.13225499524262607,0.5965148933484792,0.20804497485360515,0.5813280998164428,27
historical80,event_probability,state_average,8,8,16,strong_fixed_support,cook_struct,flow,4503,838,0.18609815678436598,0.6024182178707831,0.2758594743590653,0.5976248093187371,57
historical80,event_probability,state_average,8,8,16,strong_fixed_support,cook_chem,flow,4503,746,0.16566733288918498,0.5933199939201961,0.2422242257926544,0.5776345206768995,57
historical80,event_probability,state_average,8,8,16,strong_fixed_support,cook_gap,flow,4503,231,0.051299133910726186,0.6489068048056812,0.1115265045137269,0.6631926780936919,47
historical80,event_probability,state_average,8,16,24,all_common,randi_wild_type,flow,1646,273,0.16585662211421628,0.6195891993415663,0.23881804990060598,0.6075434514049438,44
historical80,event_probability,state_average,8,16,24,all_common,cook_struct,flow,6320,1267,0.2004746835443038,0.6031957852915372,0.2915178355135335,0.5837779912010064,80
historical80,event_probability,state_average,8,16,24,all_common,cook_chem,flow,6320,1145,0.18117088607594936,0.5966691559605932,0.26248590714316633,0.5716518221005652,80
historical80,event_probability,state_average,8,16,24,all_common,cook_gap,flow,6320,321,0.05079113924050633,0.6449917146107944,0.09996779929932838,0.6580630862032282,66
historical80,event_probability,state_average,8,16,24,strong_fixed_support,randi_wild_type,flow,1051,139,0.13225499524262607,0.5937066136564433,0.19556283425574766,0.5722159459460746,27
historical80,event_probability,state_average,8,16,24,strong_fixed_support,cook_struct,flow,4503,838,0.18609815678436598,0.60177760340185,0.2720182802719111,0.5936577441944987,57
historical80,event_probability,state_average,8,16,24,strong_fixed_support,cook_chem,flow,4503,746,0.16566733288918498,0.5935535169024969,0.24023733644390582,0.5779859967149273,57
historical80,event_probability,state_average,8,16,24,strong_fixed_support,cook_gap,flow,4503,231,0.051299133910726186,0.6515597386383902,0.10709625210055046,0.6680414242109273,47
historical80,event_probability,state_average,8,32,40,all_common,randi_wild_type,flow,1646,273,0.16585662211421628,0.5956289401300326,0.22253079076000581,0.5709204038313369,44
historical80,event_probability,state_average,8,32,40,all_common,cook_struct,flow,6320,1267,0.2004746835443038,0.6035187236289803,0.2913796498620249,0.5804934968864857,80
historical80,event_probability,state_average,8,32,40,all_common,cook_chem,flow,6320,1145,0.18117088607594936,0.6004620804590427,0.2645218021898349,0.5773650451007772,80
historical80,event_probability,state_average,8,32,40,all_common,cook_gap,flow,6320,321,0.05079113924050633,0.63470754990837,0.09607928534620547,0.6422250986727795,66
historical80,event_probability,state_average,8,32,40,strong_fixed_support,randi_wild_type,flow,1051,139,0.13225499524262607,0.5862362741385839,0.18572757213918137,0.5399607396851683,27
historical80,event_probability,state_average,8,32,40,strong_fixed_support,cook_struct,flow,4503,838,0.18609815678436598,0.5987793323283203,0.26960713209707177,0.5916633036197447,57
historical80,event_probability,state_average,8,32,40,strong_fixed_support,cook_chem,flow,4503,746,0.16566733288918498,0.5943839595935665,0.23990122387219326,0.587319500304995,57
historical80,event_probability,state_average,8,32,40,strong_fixed_support,cook_gap,flow,4503,231,0.051299133910726186,0.6396093762666797,0.10205226590283165,0.6572724055904539,47
historical80,event_probability,state_average,16,1,17,all_common,randi_wild_type,flow,1646,273,0.16585662211421628,0.6372185716686809,0.2692393521374617,0.6013145824238979,44
historical80,event_probability,state_average,16,1,17,all_common,cook_struct,flow,6320,1267,0.2004746835443038,0.5990250776653034,0.2866362323435581,0.5788908852432607,80
historical80,event_probability,state_average,16,1,17,all_common,cook_chem,flow,6320,1145,0.18117088607594936,0.594262135307892,0.25707956239081964,0.5658117628818766,80
historical80,event_probability,state_average,16,1,17,all_common,cook_gap,flow,6320,321,0.05079113924050633,0.6386116273792256,0.09805089538008388,0.6501726645270566,66
historical80,event_probability,state_average,16,1,17,strong_fixed_support,randi_wild_type,flow,1051,139,0.13225499524262607,0.6128123816736085,0.2215697518193097,0.5533703941182597,27
historical80,event_probability,state_average,16,1,17,strong_fixed_support,cook_struct,flow,4503,838,0.18609815678436598,0.6046443328004376,0.2675033977044678,0.5944324532177652,57
historical80,event_probability,state_average,16,1,17,strong_fixed_support,cook_chem,flow,4503,746,0.16566733288918498,0.5974003129814516,0.23499258976070359,0.5769413207951269,57
historical80,event_probability,state_average,16,1,17,strong_fixed_support,cook_gap,flow,4503,231,0.051299133910726186,0.6508311445109198,0.10636975670814271,0.663416735781401,47
historical80,event_probability,state_average,16,2,18,all_common,randi_wild_type,flow,1646,273,0.16585662211421628,0.6271633198071653,0.2581332860303995,0.5938182800045654,44
historical80,event_probability,state_average,16,2,18,all_common,cook_struct,flow,6320,1267,0.2004746835443038,0.6016440411980286,0.28830375039915906,0.5817183373565541,80
historical80,event_probability,state_average,16,2,18,all_common,cook_chem,flow,6320,1145,0.18117088607594936,0.5989085922831888,0.25921447364382566,0.571723181421036,80
historical80,event_probability,state_average,16,2,18,all_common,cook_gap,flow,6320,321,0.05079113924050633,0.6318275268100239,0.09829912988396898,0.6362290814373008,66
historical80,event_probability,state_average,16,2,18,strong_fixed_support,randi_wild_type,flow,1051,139,0.13225499524262607,0.6021156758803483,0.21393866975373282,0.5524027384245884,27
historical80,event_probability,state_average,16,2,18,strong_fixed_support,cook_struct,flow,4503,838,0.18609815678436598,0.6055332159009139,0.2687194031946452,0.5970833732760057,57
historical80,event_probability,state_average,16,2,18,strong_fixed_support,cook_chem,flow,4503,746,0.16566733288918498,0.6007292196657392,0.23706111916413916,0.5834015485245027,57
historical80,event_probability,state_average,16,2,18,strong_fixed_support,cook_gap,flow,4503,231,0.051299133910726186,0.6431358123773855,0.10508404497048905,0.6563473303682896,47
historical80,event_probability,state_average,16,4,20,all_common,randi_wild_type,flow,1646,273,0.16585662211421628,0.6215847759911854,0.248185093540726,0.5844577251545592,44
historical80,event_probability,state_average,16,4,20,all_common,cook_struct,flow,6320,1267,0.2004746835443038,0.6028781576691958,0.28901425671986825,0.5847331422393485,80
historical80,event_probability,state_average,16,4,20,all_common,cook_chem,flow,6320,1145,0.18117088607594936,0.5997552897495939,0.2603799980312231,0.5785480456732649,80
historical80,event_probability,state_average,16,4,20,all_common,cook_gap,flow,6320,321,0.05079113924050633,0.6306990936703366,0.09653478403106035,0.6315652398882867,66
historical80,event_probability,state_average,16,4,20,strong_fixed_support,randi_wild_type,flow,1051,139,0.13225499524262607,0.5996939290672725,0.20771190615668644,0.5424859505148109,27
historical80,event_probability,state_average,16,4,20,strong_fixed_support,cook_struct,flow,4503,838,0.18609815678436598,0.6077310037867071,0.2698491562901571,0.6018306656290021,57
historical80,event_probability,state_average,16,4,20,strong_fixed_support,cook_chem,flow,4503,746,0.16566733288918498,0.6025438841240764,0.23898856554979567,0.5932446513325014,57
historical80,event_probability,state_average,16,4,20,strong_fixed_support,cook_gap,flow,4503,231,0.051299133910726186,0.6422795369424583,0.10295499459538683,0.6501727184204756,47
historical80,event_probability,state_average,16,8,24,all_common,randi_wild_type,flow,1646,273,0.16585662211421628,0.6124179292424011,0.23549889633472937,0.5742110263755067,44
historical80,event_probability,state_average,16,8,24,all_common,cook_struct,flow,6320,1267,0.2004746835443038,0.6016103025373816,0.2876751655213999,0.5845302438967144,80
historical80,event_probability,state_average,16,8,24,all_common,cook_chem,flow,6320,1145,0.18117088607594936,0.5988058139780184,0.25958342828442005,0.5802635480735276,80
historical80,event_probability,state_average,16,8,24,all_common,cook_gap,flow,6320,321,0.05079113924050633,0.6276970356949418,0.09527957365523237,0.6317162995525505,66
historical80,event_probability,state_average,16,8,24,strong_fixed_support,randi_wild_type,flow,1051,139,0.13225499524262607,0.5935488451344189,0.19536047700536024,0.5375364400149899,27
historical80,event_probability,state_average,16,8,24,strong_fixed_support,cook_struct,flow,4503,838,0.18609815678436598,0.6015117524672203,0.2675981715857152,0.5985084023283601,57
historical80,event_probability,state_average,16,8,24,strong_fixed_support,cook_chem,flow,4503,746,0.16566733288918498,0.596920065564833,0.23733518045839402,0.5928931459266882,57
historical80,event_probability,state_average,16,8,24,strong_fixed_support,cook_gap,flow,4503,231,0.051299133910726186,0.6348740211099763,0.10133576755694028,0.6458417411166035,47
historical80,event_probability,state_average,16,16,32,all_common,randi_wild_type,flow,1646,273,0.16585662211421628,0.6045263306734537,0.22771653538066453,0.5602570526188887,44
historical80,event_probability,state_average,16,16,32,all_common,cook_struct,flow,6320,1267,0.2004746835443038,0.6016605981333462,0.2866836240667124,0.5803488415694364,80
historical80,event_probability,state_average,16,16,32,all_common,cook_chem,flow,6320,1145,0.18117088607594936,0.6001090226356982,0.26013954181644267,0.5779095561517911,80
historical80,event_probability,state_average,16,16,32,all_common,cook_gap,flow,6320,321,0.05079113924050633,0.6221841750364416,0.0926291945976041,0.6192937502514592,66
historical80,event_probability,state_average,16,16,32,strong_fixed_support,randi_wild_type,flow,1051,139,0.13225499524262607,0.5864019310867097,0.18793669352467282,0.5247994278694413,27
historical80,event_probability,state_average,16,16,32,strong_fixed_support,cook_struct,flow,4503,838,0.18609815678436598,0.5979177994770893,0.26483697568725134,0.5931653467949939,57
historical80,event_probability,state_average,16,16,32,strong_fixed_support,cook_chem,flow,4503,746,0.16566733288918498,0.595513932527022,0.23623488716013866,0.5896280834001985,57
historical80,event_probability,state_average,16,16,32,strong_fixed_support,cook_gap,flow,4503,231,0.051299133910726186,0.6235265982456994,0.0973324677423499,0.6367353433482498,47
historical80,event_probability,state_average,16,32,48,all_common,randi_wild_type,flow,1646,273,0.16585662211421628,0.5836021225678909,0.21979747578135178,0.5308687447648825,44
historical80,event_probability,state_average,16,32,48,all_common,cook_struct,flow,6320,1267,0.2004746835443038,0.5986172459849822,0.28718610436206815,0.569389839753688,80
historical80,event_probability,state_average,16,32,48,all_common,cook_chem,flow,6320,1145,0.18117088607594936,0.5980813028711264,0.2615960899589349,0.5681500603827592,80
historical80,event_probability,state_average,16,32,48,all_common,cook_gap,flow,6320,321,0.05079113924050633,0.6184109604975699,0.09247650321572673,0.6092814513242242,66
historical80,event_probability,state_average,16,32,48,strong_fixed_support,randi_wild_type,flow,1051,139,0.13225499524262607,0.5805329420673987,0.17885863962619708,0.5207674038964939,27
historical80,event_probability,state_average,16,32,48,strong_fixed_support,cook_struct,flow,4503,838,0.18609815678436598,0.5934925942688204,0.2644447484639852,0.580009945676699,57
historical80,event_probability,state_average,16,32,48,strong_fixed_support,cook_chem,flow,4503,746,0.16566733288918498,0.5915256668338851,0.23590171789074113,0.5779297267625298,57
historical80,event_probability,state_average,16,32,48,strong_fixed_support,cook_gap,flow,4503,231,0.051299133910726186,0.6195259172787263,0.09597814923046821,0.6301290286853273,47
historical80,event_probability,baseline,1,1,2,all_common,randi_wild_type,flow,1646,273,0.16585662211421628,0.5583025859792066,0.21686469656298119,0.5345768179317685,44
historical80,event_probability,baseline,1,1,2,all_common,cook_struct,flow,6320,1267,0.2004746835443038,0.5807994063245306,0.2783831957750844,0.5708912707677877,80
historical80,event_probability,baseline,1,1,2,all_common,cook_chem,flow,6320,1145,0.18117088607594936,0.578360947619349,0.2513712089046915,0.5652610389627327,80
historical80,event_probability,baseline,1,1,2,all_common,cook_gap,flow,6320,321,0.05079113924050633,0.6001789498665145,0.08546197956631953,0.6208318864091269,66
historical80,event_probability,baseline,1,1,2,strong_fixed_support,randi_wild_type,flow,1051,139,0.13225499524262607,0.5639593588287265,0.18865642095913773,0.5315469343923144,27
historical80,event_probability,baseline,1,1,2,strong_fixed_support,cook_struct,flow,4503,838,0.18609815678436598,0.580207047898752,0.2615060261098314,0.580346064306367,57
historical80,event_probability,baseline,1,1,2,strong_fixed_support,cook_chem,flow,4503,746,0.16566733288918498,0.5791129123758975,0.23287099975700076,0.5741712727539011,57
historical80,event_probability,baseline,1,1,2,strong_fixed_support,cook_gap,flow,4503,231,0.051299133910726186,0.6012249298766152,0.09471102075347723,0.6226903020451469,47
historical80,event_probability,baseline,1,2,3,all_common,randi_wild_type,flow,1646,273,0.16585662211421628,0.5597725896342065,0.21717790087810152,0.5406421487561803,44
historical80,event_probability,baseline,1,2,3,all_common,cook_struct,flow,6320,1267,0.2004746835443038,0.5801923447291386,0.28377373010993656,0.5666519310796454,80
historical80,event_probability,baseline,1,2,3,all_common,cook_chem,flow,6320,1145,0.18117088607594936,0.5765253675927684,0.2565367347370918,0.5611694501728708,80
historical80,event_probability,baseline,1,2,3,all_common,cook_gap,flow,6320,321,0.05079113924050633,0.6074589794041478,0.09095191451833913,0.6108245241272434,66
historical80,event_probability,baseline,1,2,3,strong_fixed_support,randi_wild_type,flow,1051,139,0.13225499524262607,0.5445065000631074,0.18542413858428064,0.5230106966779523,27
historical80,event_probability,baseline,1,2,3,strong_fixed_support,cook_struct,flow,4503,838,0.18609815678436598,0.5790907344518716,0.2662004457666836,0.5747171576891702,57
historical80,event_probability,baseline,1,2,3,strong_fixed_support,cook_chem,flow,4503,746,0.16566733288918498,0.5757178200335246,0.23645265520705278,0.5680451415925294,57
historical80,event_probability,baseline,1,2,3,strong_fixed_support,cook_gap,flow,4503,231,0.051299133910726186,0.6024156087358334,0.10097093164418688,0.6147798985589258,47
historical80,event_probability,baseline,1,4,5,all_common,randi_wild_type,flow,1646,273,0.16585662211421628,0.5596471991228,0.22113882312772487,0.5344426151779346,44
historical80,event_probability,baseline,1,4,5,all_common,cook_struct,flow,6320,1267,0.2004746835443038,0.586777943850434,0.29055848233442705,0.5758125935240379,80
historical80,event_probability,baseline,1,4,5,all_common,cook_chem,flow,6320,1145,0.18117088607594936,0.5822131088749658,0.260865970308677,0.5667657526102636,80
historical80,event_probability,baseline,1,4,5,all_common,cook_gap,flow,6320,321,0.05079113924050633,0.6151882011487896,0.09764361622483339,0.6125882504387101,66
historical80,event_probability,baseline,1,4,5,strong_fixed_support,randi_wild_type,flow,1051,139,0.13225499524262607,0.5414931212924398,0.19110072576478548,0.5134371657343387,27
historical80,event_probability,baseline,1,4,5,strong_fixed_support,cook_struct,flow,4503,838,0.18609815678436598,0.5890709706408098,0.2756302562249252,0.5847645840307606,57
historical80,event_probability,baseline,1,4,5,strong_fixed_support,cook_chem,flow,4503,746,0.16566733288918498,0.5843166036445998,0.2435346144093859,0.5730982045181231,57
historical80,event_probability,baseline,1,4,5,strong_fixed_support,cook_gap,flow,4503,231,0.051299133910726186,0.6188104966194854,0.11171781097317066,0.6218719409450325,47
historical80,event_probability,baseline,1,8,9,all_common,randi_wild_type,flow,1646,273,0.16585662211421628,0.5617228122690614,0.21318942721786965,0.5236169872194629,44
historical80,event_probability,baseline,1,8,9,all_common,cook_struct,flow,6320,1267,0.2004746835443038,0.5975843118976731,0.29554789697117767,0.5889593579710002,80
historical80,event_probability,baseline,1,8,9,all_common,cook_chem,flow,6320,1145,0.18117088607594936,0.5935362740754806,0.2657158244774079,0.5772734969555515,80
historical80,event_probability,baseline,1,8,9,all_common,cook_gap,flow,6320,321,0.05079113924050633,0.6176808284246751,0.09925020079707068,0.629909228312152,66
historical80,event_probability,baseline,1,8,9,strong_fixed_support,randi_wild_type,flow,1051,139,0.13225499524262607,0.5502650511170011,0.18388135809781472,0.5023111574122029,27
historical80,event_probability,baseline,1,8,9,strong_fixed_support,cook_struct,flow,4503,838,0.18609815678436598,0.5966495944674353,0.28017379432882716,0.5952082277955817,57
historical80,event_probability,baseline,1,8,9,strong_fixed_support,cook_chem,flow,4503,746,0.16566733288918498,0.5923684189869706,0.24701975675733284,0.5792176562574175,57
historical80,event_probability,baseline,1,8,9,strong_fixed_support,cook_gap,flow,4503,231,0.051299133910726186,0.6169297306937757,0.11276842904291126,0.6342024705912955,47
historical80,event_probability,baseline,1,16,17,all_common,randi_wild_type,flow,1646,273,0.16585662211421628,0.5876306262322286,0.21954758053476622,0.5661858240887604,44
historical80,event_probability,baseline,1,16,17,all_common,cook_struct,flow,6320,1267,0.2004746835443038,0.6058075637391245,0.29640301564502514,0.592154438455404,80
historical80,event_probability,baseline,1,16,17,all_common,cook_chem,flow,6320,1145,0.18117088607594936,0.6006383562221801,0.26547694394878985,0.5773982895605076,80
historical80,event_probability,baseline,1,16,17,all_common,cook_gap,flow,6320,321,0.05079113924050633,0.6359060881901917,0.10143490840950042,0.6492642749644264,66
historical80,event_probability,baseline,1,16,17,strong_fixed_support,randi_wild_type,flow,1051,139,0.13225499524262607,0.5933910766123943,0.1916253797445639,0.5472952349609105,27
historical80,event_probability,baseline,1,16,17,strong_fixed_support,cook_struct,flow,4503,838,0.18609815678436598,0.6037479609412393,0.2808236791464215,0.6007505515224729,57
historical80,event_probability,baseline,1,16,17,strong_fixed_support,cook_chem,flow,4503,746,0.16566733288918498,0.5968401432607301,0.24583423392303827,0.5799728084388145,57
historical80,event_probability,baseline,1,16,17,strong_fixed_support,cook_gap,flow,4503,231,0.051299133910726186,0.6399883668142096,0.11141166785290597,0.6668039263685712,47
historical80,event_probability,baseline,1,32,33,all_common,randi_wild_type,flow,1646,273,0.16585662211421628,0.5861259400953502,0.21519635483815922,0.5496629725803541,44
historical80,event_probability,baseline,1,32,33,all_common,cook_struct,flow,6320,1267,0.2004746835443038,0.6075272201483533,0.29478324711200043,0.5886701379843106,80
historical80,event_probability,baseline,1,32,33,all_common,cook_chem,flow,6320,1145,0.18117088607594936,0.6042176233571714,0.26479594820806657,0.5777195067590503,80
historical80,event_probability,baseline,1,32,33,all_common,cook_gap,flow,6320,321,0.05079113924050633,0.6365816940414265,0.10001728959712529,0.6340856330445451,66
historical80,event_probability,baseline,1,32,33,strong_fixed_support,randi_wild_type,flow,1051,139,0.13225499524262607,0.5951423072068661,0.1844744217087313,0.533257936893422,27
historical80,event_probability,baseline,1,32,33,strong_fixed_support,cook_struct,flow,4503,838,0.18609815678436598,0.6058604420972432,0.2769960413907153,0.6029676032740521,57
historical80,event_probability,baseline,1,32,33,strong_fixed_support,cook_chem,flow,4503,746,0.16566733288918498,0.6000002854368004,0.24248901170854084,0.5866626751990216,57
historical80,event_probability,baseline,1,32,33,strong_fixed_support,cook_gap,flow,4503,231,0.051299133910726186,0.6380437602347715,0.10723814770548883,0.6616505624200909,47
historical80,event_probability,baseline,4,1,5,all_common,randi_wild_type,flow,1646,273,0.16585662211421628,0.5869503160107676,0.22789527091933526,0.574343672346518,44
historical80,event_probability,baseline,4,1,5,all_common,cook_struct,flow,6320,1267,0.2004746835443038,0.5834862376723073,0.28079456749977194,0.5782134065689343,80
historical80,event_probability,baseline,4,1,5,all_common,cook_chem,flow,6320,1145,0.18117088607594936,0.5798871801362783,0.24882199025297624,0.5702951738200073,80
historical80,event_probability,baseline,4,1,5,all_common,cook_gap,flow,6320,321,0.05079113924050633,0.5931144287287757,0.08765392020430655,0.6241136570585181,66
historical80,event_probability,baseline,4,1,5,strong_fixed_support,randi_wild_type,flow,1051,139,0.13225499524262607,0.569078947368421,0.18923987043036491,0.567617436655429,27
historical80,event_probability,baseline,4,1,5,strong_fixed_support,cook_struct,flow,4503,838,0.18609815678436598,0.5811885636886369,0.26162700951422657,0.5866191498617054,57
historical80,event_probability,baseline,4,1,5,strong_fixed_support,cook_chem,flow,4503,746,0.16566733288918498,0.5812345997926301,0.23113287085978987,0.5801047922264077,57
historical80,event_probability,baseline,4,1,5,strong_fixed_support,cook_gap,flow,4503,231,0.051299133910726186,0.588285544043971,0.09239662321952874,0.621904183491612,47
historical80,event_probability,baseline,4,2,6,all_common,randi_wild_type,flow,1646,273,0.16585662211421628,0.5779488780217112,0.22635845998316703,0.5708311058286927,44
historical80,event_probability,baseline,4,2,6,all_common,cook_struct,flow,6320,1267,0.2004746835443038,0.5941782691473537,0.29098596191125636,0.588079399049519,80
historical80,event_probability,baseline,4,2,6,all_common,cook_chem,flow,6320,1145,0.18117088607594936,0.5912386979727021,0.25954775480393055,0.5775874720414115,80
historical80,event_probability,baseline,4,2,6,all_common,cook_gap,flow,6320,321,0.05079113924050633,0.6054041197935898,0.09084103496376958,0.6414881154836823,66
historical80,event_probability,baseline,4,2,6,strong_fixed_support,randi_wild_type,flow,1051,139,0.13225499524262607,0.5581850309226304,0.1883875752654962,0.5600579292727704,27
historical80,event_probability,baseline,4,2,6,strong_fixed_support,cook_struct,flow,4503,838,0.18609815678436598,0.5867097324559547,0.26989259084613604,0.5912922019073039,57
historical80,event_probability,baseline,4,2,6,strong_fixed_support,cook_chem,flow,4503,746,0.16566733288918498,0.5861458967389559,0.23924230578611627,0.5794854372463137,57
historical80,event_probability,baseline,4,2,6,strong_fixed_support,cook_gap,flow,4503,231,0.051299133910726186,0.6021663261831801,0.09828010572697596,0.6495927820669763,47
historical80,event_probability,baseline,4,4,8,all_common,randi_wild_type,flow,1646,273,0.16585662211421628,0.5762947904244334,0.23357437411599213,0.5679398197131561,44
historical80,event_probability,baseline,4,4,8,all_common,cook_struct,flow,6320,1267,0.2004746835443038,0.5979277902067602,0.29532869495586467,0.5894530408505059,80
historical80,event_probability,baseline,4,4,8,all_common,cook_chem,flow,6320,1145,0.18117088607594936,0.5923474885555766,0.2632891386159824,0.5759076628814889,80
historical80,event_probability,baseline,4,4,8,all_common,cook_gap,flow,6320,321,0.05079113924050633,0.6170929838254454,0.09445295451907443,0.6533544888376613,66
historical80,event_probability,baseline,4,4,8,strong_fixed_support,randi_wild_type,flow,1051,139,0.13225499524262607,0.5690868357945223,0.18880181972158416,0.5529627096528282,27
historical80,event_probability,baseline,4,4,8,strong_fixed_support,cook_struct,flow,4503,838,0.18609815678436598,0.592277787364836,0.2746809589730257,0.5940346024341193,57
historical80,event_probability,baseline,4,4,8,strong_fixed_support,cook_chem,flow,4503,746,0.16566733288918498,0.5886349056381618,0.243161389803453,0.5781804539345944,57
historical80,event_probability,baseline,4,4,8,strong_fixed_support,cook_gap,flow,4503,231,0.051299133910726186,0.6132543330577038,0.10125586384077348,0.658410979336039,47
historical80,event_probability,baseline,4,8,12,all_common,randi_wild_type,flow,1646,273,0.16585662211421628,0.5768096918861667,0.2277526559193622,0.5708129079700225,44
historical80,event_probability,baseline,4,8,12,all_common,cook_struct,flow,6320,1267,0.2004746835443038,0.5970245000469374,0.2947737677537986,0.5855381890968305,80
historical80,event_probability,baseline,4,8,12,all_common,cook_chem,flow,6320,1145,0.18117088607594936,0.589032086576799,0.26337512431417964,0.5684673310886836,80
historical80,event_probability,baseline,4,8,12,all_common,cook_gap,flow,6320,321,0.05079113924050633,0.6323577294034987,0.09612440882394505,0.6487354149745609,66
historical80,event_probability,baseline,4,8,12,strong_fixed_support,randi_wild_type,flow,1051,139,0.13225499524262607,0.5669490723210905,0.19301622108232613,0.5552421168230727,27
historical80,event_probability,baseline,4,8,12,strong_fixed_support,cook_struct,flow,4503,838,0.18609815678436598,0.5968771876129418,0.27451491055066296,0.5958552706733637,57
historical80,event_probability,baseline,4,8,12,strong_fixed_support,cook_chem,flow,4503,746,0.16566733288918498,0.587971978669308,0.24159508958820336,0.5740178498365861,57
historical80,event_probability,baseline,4,8,12,strong_fixed_support,cook_gap,flow,4503,231,0.051299133910726186,0.6343075619761013,0.10338197154035583,0.6677799828534788,47
historical80,event_probability,baseline,4,16,20,all_common,randi_wild_type,flow,1646,273,0.16585662211421628,0.5930677722374735,0.22384425499306,0.598980699859432,44
historical80,event_probability,baseline,4,16,20,all_common,cook_struct,flow,6320,1267,0.2004746835443038,0.6048681138573583,0.294784498925881,0.5862174533008021,80
historical80,event_probability,baseline,4,16,20,all_common,cook_chem,flow,6320,1145,0.18117088607594936,0.5985575596481235,0.26386863640848357,0.5741060909042607,80
historical80,event_probability,baseline,4,16,20,all_common,cook_gap,flow,6320,321,0.05079113924050633,0.6385659292125011,0.09773838920847013,0.6437131059242918,66
historical80,event_probability,baseline,4,16,20,strong_fixed_support,randi_wild_type,flow,1051,139,0.13225499524262607,0.5876640792629054,0.19019898917677902,0.5898018302991401,27
historical80,event_probability,baseline,4,16,20,strong_fixed_support,cook_struct,flow,4503,838,0.18609815678436598,0.605391255083402,0.27589683985237107,0.6002665241835228,57
historical80,event_probability,baseline,4,16,20,strong_fixed_support,cook_chem,flow,4503,746,0.16566733288918498,0.5979140992221134,0.24238307994754726,0.5841779096512284,57
historical80,event_probability,baseline,4,16,20,strong_fixed_support,cook_gap,flow,4503,231,0.051299133910726186,0.6364264636736546,0.10441363430517259,0.6597052647674929,47
historical80,event_probability,baseline,4,32,36,all_common,randi_wild_type,flow,1646,273,0.16585662211421628,0.5877880313422921,0.22250677206110703,0.5833499210531167,44
historical80,event_probability,baseline,4,32,36,all_common,cook_struct,flow,6320,1267,0.2004746835443038,0.5964343858806205,0.29010061448996843,0.5754999005788387,80
historical80,event_probability,baseline,4,32,36,all_common,cook_chem,flow,6320,1145,0.18117088607594936,0.592766364997996,0.26175041445157404,0.5683599625198268,80
historical80,event_probability,baseline,4,32,36,all_common,cook_gap,flow,6320,321,0.05079113924050633,0.6282402207221452,0.09541996076445293,0.6264138410460219,66
historical80,event_probability,baseline,4,32,36,strong_fixed_support,randi_wild_type,flow,1051,139,0.13225499524262607,0.5838303041777104,0.18222865148817585,0.5882306264936998,27
historical80,event_probability,baseline,4,32,36,strong_fixed_support,cook_struct,flow,4503,838,0.18609815678436598,0.5986572330013317,0.2702890750248869,0.5913083890652057,57
historical80,event_probability,baseline,4,32,36,strong_fixed_support,cook_chem,flow,4503,746,0.16566733288918498,0.5940228820411014,0.2399734268350061,0.5812410753457097,57
historical80,event_probability,baseline,4,32,36,strong_fixed_support,cook_gap,flow,4503,231,0.051299133910726186,0.6297606887494529,0.10051071528375405,0.6490246297528629,47
historical80,event_probability,baseline,8,1,9,all_common,randi_wild_type,flow,1646,273,0.16585662211421628,0.5833113232967567,0.22632397419115258,0.5598718721754429,44
historical80,event_probability,baseline,8,1,9,all_common,cook_struct,flow,6320,1267,0.2004746835443038,0.5914345038097352,0.27871271879663134,0.582061165563905,80
historical80,event_probability,baseline,8,1,9,all_common,cook_chem,flow,6320,1145,0.18117088607594936,0.5857713646815602,0.25030495448383994,0.5715734712476637,80
historical80,event_probability,baseline,8,1,9,all_common,cook_gap,flow,6320,321,0.05079113924050633,0.6244623325071312,0.0889067962841032,0.6303297853238359,66
historical80,event_probability,baseline,8,1,9,strong_fixed_support,randi_wild_type,flow,1051,139,0.13225499524262607,0.5550691026126467,0.19431103199963948,0.5465544756384277,27
historical80,event_probability,baseline,8,1,9,strong_fixed_support,cook_struct,flow,4503,838,0.18609815678436598,0.5925802680975623,0.2602662468320195,0.593872168543883,57
historical80,event_probability,baseline,8,1,9,strong_fixed_support,cook_chem,flow,4503,746,0.16566733288918498,0.5851836179257165,0.22806462561598573,0.5800046060105264,57
historical80,event_probability,baseline,8,1,9,strong_fixed_support,cook_gap,flow,4503,231,0.051299133910726186,0.6318947906026557,0.09933666699850233,0.6603654649338183,47
historical80,event_probability,baseline,8,2,10,all_common,randi_wild_type,flow,1646,273,0.16585662211421628,0.5840663342484173,0.22769315185737354,0.5603855206608082,44
historical80,event_probability,baseline,8,2,10,all_common,cook_struct,flow,6320,1267,0.2004746835443038,0.595243848512789,0.28555766531994886,0.5788214837893203,80
historical80,event_probability,baseline,8,2,10,all_common,cook_chem,flow,6320,1145,0.18117088607594936,0.590702191844398,0.25735247745334294,0.5709980756885689,80
historical80,event_probability,baseline,8,2,10,all_common,cook_gap,flow,6320,321,0.05079113924050633,0.6245957919258609,0.09171795924693332,0.621922446688485,66
historical80,event_probability,baseline,8,2,10,strong_fixed_support,randi_wild_type,flow,1051,139,0.13225499524262607,0.5513378770667676,0.19230439989630335,0.5223879670991186,27
historical80,event_probability,baseline,8,2,10,strong_fixed_support,cook_struct,flow,4503,838,0.18609815678436598,0.5927645566817636,0.2682152662315223,0.5864129138774172,57
historical80,event_probability,baseline,8,2,10,strong_fixed_support,cook_chem,flow,4503,746,0.16566733288918498,0.5878310442491264,0.23577197410842193,0.5767268485016934,57
historical80,event_probability,baseline,8,2,10,strong_fixed_support,cook_gap,flow,4503,231,0.051299133910726186,0.6242328988115505,0.10190262997496968,0.6417124621219426,47
historical80,event_probability,baseline,8,4,12,all_common,randi_wild_type,flow,1646,273,0.16585662211421628,0.577735447363998,0.22622675345716714,0.5507486024454127,44
historical80,event_probability,baseline,8,4,12,all_common,cook_struct,flow,6320,1267,0.2004746835443038,0.5952403340689716,0.2906388204473261,0.581069159092295,80
historical80,event_probability,baseline,8,4,12,all_common,cook_chem,flow,6320,1145,0.18117088607594936,0.5895060650169821,0.26180192420238024,0.5733275231901438,80
historical80,event_probability,baseline,8,4,12,all_common,cook_gap,flow,6320,321,0.05079113924050633,0.6256271164612587,0.09389168635892513,0.6200567598429173,66
historical80,event_probability,baseline,8,4,12,strong_fixed_support,randi_wild_type,flow,1051,139,0.13225499524262607,0.5508724599267953,0.19361858714134889,0.5170271445761587,27
historical80,event_probability,baseline,8,4,12,strong_fixed_support,cook_struct,flow,4503,838,0.18609815678436598,0.595052372471323,0.27234537596157105,0.5903262995013512,57
historical80,event_probability,baseline,8,4,12,strong_fixed_support,cook_chem,flow,4503,746,0.16566733288918498,0.5877555818950292,0.23889374072496425,0.5796420103146088,57
historical80,event_probability,baseline,8,4,12,strong_fixed_support,cook_gap,flow,4503,231,0.051299133910726186,0.6287544384454496,0.10521766581652187,0.6455738238524118,47
historical80,event_probability,baseline,8,8,16,all_common,randi_wild_type,flow,1646,273,0.16585662211421628,0.588847180981194,0.22100072219676475,0.570618482880578,44
historical80,event_probability,baseline,8,8,16,all_common,cook_struct,flow,6320,1267,0.2004746835443038,0.5953636519975865,0.2875329649132278,0.5830869495143481,80
historical80,event_probability,baseline,8,8,16,all_common,cook_chem,flow,6320,1145,0.18117088607594936,0.5882304495496066,0.25885397250721215,0.5730556852833264,80
historical80,event_probability,baseline,8,8,16,all_common,cook_gap,flow,6320,321,0.05079113924050633,0.635805344504458,0.09473399146625652,0.6311681098396267,66
historical80,event_probability,baseline,8,8,16,strong_fixed_support,randi_wild_type,flow,1051,139,0.13225499524262607,0.559754827716774,0.18321824903472334,0.5450836832373332,27
historical80,event_probability,baseline,8,8,16,strong_fixed_support,cook_struct,flow,4503,838,0.18609815678436598,0.5974486124632481,0.27091591106841606,0.5966780610639156,57
historical80,event_probability,baseline,8,8,16,strong_fixed_support,cook_chem,flow,4503,746,0.16566733288918498,0.5900346163479646,0.23829034892430023,0.5846433816256964,57
historical80,event_probability,baseline,8,8,16,strong_fixed_support,cook_gap,flow,4503,231,0.051299133910726186,0.6402325826483131,0.10333720398052194,0.6481712032307666,47
historical80,event_probability,baseline,8,16,24,all_common,randi_wild_type,flow,1646,273,0.16585662211421628,0.5908881116455771,0.22158385094627217,0.5865806979248476,44
historical80,event_probability,baseline,8,16,24,all_common,cook_struct,flow,6320,1267,0.2004746835443038,0.5927642131527358,0.286548047578457,0.5761406720148059,80
historical80,event_probability,baseline,8,16,24,all_common,cook_chem,flow,6320,1145,0.18117088607594936,0.5881732379807184,0.25933001692969804,0.5676626907564846,80
historical80,event_probability,baseline,8,16,24,all_common,cook_gap,flow,6320,321,0.05079113924050633,0.6422046457379449,0.09762042529108905,0.6382246984681078,66
historical80,event_probability,baseline,8,16,24,strong_fixed_support,randi_wild_type,flow,1051,139,0.13225499524262607,0.5715638015903067,0.18117904730877213,0.5683239563760306,27
historical80,event_probability,baseline,8,16,24,strong_fixed_support,cook_struct,flow,4503,838,0.18609815678436598,0.5956200529422682,0.2691743406598963,0.5910980835421571,57
historical80,event_probability,baseline,8,16,24,strong_fixed_support,cook_chem,flow,4503,746,0.16566733288918498,0.5895718519353685,0.23730379618098807,0.5789279993423935,57
historical80,event_probability,baseline,8,16,24,strong_fixed_support,cook_gap,flow,4503,231,0.051299133910726186,0.6442444103960958,0.10449902542803038,0.6580735072220967,47
historical80,event_probability,baseline,8,32,40,all_common,randi_wild_type,flow,1646,273,0.16585662211421628,0.5787759218203501,0.21163066866585728,0.54395730898461,44
historical80,event_probability,baseline,8,32,40,all_common,cook_struct,flow,6320,1267,0.2004746835443038,0.5906427386670512,0.2855415750398652,0.5714434358886924,80
historical80,event_probability,baseline,8,32,40,all_common,cook_chem,flow,6320,1145,0.18117088607594936,0.5874774170411156,0.26026120695911376,0.567508140794545,80
historical80,event_probability,baseline,8,32,40,all_common,cook_gap,flow,6320,321,0.05079113924050633,0.6312002156122594,0.09232786220939757,0.6391480170063698,66
historical80,event_probability,baseline,8,32,40,strong_fixed_support,randi_wild_type,flow,1051,139,0.13225499524262607,0.5622475703647608,0.1750635971960228,0.525502972385874,27
historical80,event_probability,baseline,8,32,40,strong_fixed_support,cook_struct,flow,4503,838,0.18609815678436598,0.5881101303369616,0.265208811697245,0.5835412016411996,57
historical80,event_probability,baseline,8,32,40,strong_fixed_support,cook_chem,flow,4503,746,0.16566733288918498,0.5828523128587138,0.23605526900801926,0.5775552653153231,57
historical80,event_probability,baseline,8,32,40,strong_fixed_support,cook_gap,flow,4503,231,0.051299133910726186,0.6380802406083305,0.09708482302672534,0.6608390584301118,47
historical80,event_probability,baseline,16,1,17,all_common,randi_wild_type,flow,1646,273,0.16585662211421628,0.5955008817354047,0.23777558603575816,0.576018420151729,44
historical80,event_probability,baseline,16,1,17,all_common,cook_struct,flow,6320,1267,0.2004746835443038,0.5997329647488789,0.2918624017627914,0.577183880435854,80
historical80,event_probability,baseline,16,1,17,all_common,cook_chem,flow,6320,1145,0.18117088607594936,0.5981138746492838,0.26346027745849854,0.5660215211494052,80
historical80,event_probability,baseline,16,1,17,all_common,cook_gap,flow,6320,321,0.05079113924050633,0.6200171471984686,0.09241826361234816,0.6229098369514351,66
historical80,event_probability,baseline,16,1,17,strong_fixed_support,randi_wild_type,flow,1051,139,0.13225499524262607,0.5864098195128108,0.19367790267706114,0.5441488532887353,27
historical80,event_probability,baseline,16,1,17,strong_fixed_support,cook_struct,flow,4503,838,0.18609815678436598,0.5951769137848512,0.2673476706844393,0.584400812346062,57
historical80,event_probability,baseline,16,1,17,strong_fixed_support,cook_chem,flow,4503,746,0.16566733288918498,0.5919666666904531,0.23510668002302593,0.5690243125559712,57
historical80,event_probability,baseline,16,1,17,strong_fixed_support,cook_gap,flow,4503,231,0.051299133910726186,0.6204156330560825,0.10118016467017041,0.6325327920096663,47
historical80,event_probability,baseline,16,2,18,all_common,randi_wild_type,flow,1646,273,0.16585662211421628,0.5978699620360217,0.22850361337580238,0.5908557246224927,44
historical80,event_probability,baseline,16,2,18,all_common,cook_struct,flow,6320,1267,0.2004746835443038,0.5935720666382283,0.28987016301203206,0.5757888284021112,80
historical80,event_probability,baseline,16,2,18,all_common,cook_chem,flow,6320,1145,0.18117088607594936,0.592119992405544,0.2623180439746062,0.5655530939621964,80
historical80,event_probability,baseline,16,2,18,all_common,cook_gap,flow,6320,321,0.05079113924050633,0.6084565496118512,0.09315261197629653,0.6194286464016856,66
historical80,event_probability,baseline,16,2,18,strong_fixed_support,randi_wild_type,flow,1051,139,0.13225499524262607,0.5852975514325383,0.19031171112637044,0.5695061901872236,27
historical80,event_probability,baseline,16,2,18,strong_fixed_support,cook_struct,flow,4503,838,0.18609815678436598,0.5907468246035028,0.26824168171953305,0.5874445858070488,57
historical80,event_probability,baseline,16,2,18,strong_fixed_support,cook_chem,flow,4503,746,0.16566733288918498,0.5873290322764797,0.23643508297753613,0.5727415117391123,57
historical80,event_probability,baseline,16,2,18,strong_fixed_support,cook_gap,flow,4503,231,0.051299133910726186,0.6089283687598295,0.1011068736227578,0.6275216280725088,47
historical80,event_probability,baseline,16,4,20,all_common,randi_wild_type,flow,1646,273,0.16585662211421628,0.5937800970575916,0.22347111941447856,0.5645317279002376,44
historical80,event_probability,baseline,16,4,20,all_common,cook_struct,flow,6320,1267,0.2004746835443038,0.5913613252795817,0.28984631906085645,0.5732395729635407,80
historical80,event_probability,baseline,16,4,20,all_common,cook_chem,flow,6320,1145,0.18117088607594936,0.5914833238402633,0.26338356039564015,0.5607281325418001,80
historical80,event_probability,baseline,16,4,20,all_common,cook_gap,flow,6320,321,0.05079113924050633,0.6106703142112471,0.09039389262810263,0.6066068696423527,66
historical80,event_probability,baseline,16,4,20,strong_fixed_support,randi_wild_type,flow,1051,139,0.13225499524262607,0.582339391644579,0.18777268511830864,0.5315971746276985,27
historical80,event_probability,baseline,16,4,20,strong_fixed_support,cook_struct,flow,4503,838,0.18609815678436598,0.5951889609184474,0.26730115951092176,0.5899135315863997,57
historical80,event_probability,baseline,16,4,20,strong_fixed_support,cook_chem,flow,4503,746,0.16566733288918498,0.593259338600118,0.23665034196853593,0.5715512930380939,57
historical80,event_probability,baseline,16,4,20,strong_fixed_support,cook_gap,flow,4503,231,0.051299133910726186,0.6098748317849442,0.09596176213026726,0.6125366932124752,47
historical80,event_probability,baseline,16,8,24,all_common,randi_wild_type,flow,1646,273,0.16585662211421628,0.5734695020929544,0.21112372349739444,0.5672789493532098,44
historical80,event_probability,baseline,16,8,24,all_common,cook_struct,flow,6320,1267,0.2004746835443038,0.5960465474806826,0.2888524665382629,0.5767153268378015,80
historical80,event_probability,baseline,16,8,24,all_common,cook_chem,flow,6320,1145,0.18117088607594936,0.5946612661645887,0.26159731624021804,0.5698203921654794,80
historical80,event_probability,baseline,16,8,24,all_common,cook_gap,flow,6320,321,0.05079113924050633,0.6148085947865661,0.09201512157221034,0.6135192656466,66
historical80,event_probability,baseline,16,8,24,strong_fixed_support,randi_wild_type,flow,1051,139,0.13225499524262607,0.567453931591569,0.17508347717880068,0.543817367193339,27
historical80,event_probability,baseline,16,8,24,strong_fixed_support,cook_struct,flow,4503,838,0.18609815678436598,0.589957574553849,0.265695856295903,0.587754454669621,57
historical80,event_probability,baseline,16,8,24,strong_fixed_support,cook_chem,flow,4503,746,0.16566733288918498,0.5862315277790662,0.23475248124260945,0.5773066982511539,57
historical80,event_probability,baseline,16,8,24,strong_fixed_support,cook_gap,flow,4503,231,0.051299133910726186,0.6139231399062861,0.09636696496761417,0.6275989258020385,47
historical80,event_probability,baseline,16,16,32,all_common,randi_wild_type,flow,1646,273,0.16585662211421628,0.572074199168154,0.21018279526577602,0.5510162464431028,44
historical80,event_probability,baseline,16,16,32,all_common,cook_struct,flow,6320,1267,0.2004746835443038,0.5859996116930075,0.28658613892572865,0.5551422092728712,80
historical80,event_probability,baseline,16,16,32,all_common,cook_chem,flow,6320,1145,0.18117088607594936,0.5848635740353987,0.2602622466421063,0.5451900768286315,80
historical80,event_probability,baseline,16,16,32,all_common,cook_gap,flow,6320,321,0.05079113924050633,0.6087312579095477,0.09028435859095739,0.5990109276521263,66
historical80,event_probability,baseline,16,16,32,strong_fixed_support,randi_wild_type,flow,1051,139,0.13225499524262607,0.5672882746434431,0.17258730974017458,0.5298583164000809,27
historical80,event_probability,baseline,16,16,32,strong_fixed_support,cook_struct,flow,4503,838,0.18609815678436598,0.5790689193721165,0.26170028198957385,0.5642503452987067,57
historical80,event_probability,baseline,16,16,32,strong_fixed_support,cook_chem,flow,4503,746,0.16566733288918498,0.576005397609895,0.23242806313391925,0.550703697772984,57
historical80,event_probability,baseline,16,16,32,strong_fixed_support,cook_gap,flow,4503,231,0.051299133910726186,0.6080802000745821,0.09448859951535024,0.6128313143226193,47
historical80,event_probability,baseline,16,32,48,all_common,randi_wild_type,flow,1646,273,0.16585662211421628,0.5766256079438891,0.21111800575894615,0.544714000763054,44
historical80,event_probability,baseline,16,32,48,all_common,cook_struct,flow,6320,1267,0.2004746835443038,0.5892542990629244,0.28717434938974534,0.5629044244864108,80
historical80,event_probability,baseline,16,32,48,all_common,cook_chem,flow,6320,1145,0.18117088607594936,0.5897565976836909,0.26237417324936274,0.557951129625667,80
historical80,event_probability,baseline,16,32,48,all_common,cook_gap,flow,6320,321,0.05079113924050633,0.6060729747792856,0.09051618008821134,0.578760683430745,66
historical80,event_probability,baseline,16,32,48,strong_fixed_support,randi_wild_type,flow,1051,139,0.13225499524262607,0.5653240565442383,0.16967667129446704,0.5295524159586801,27
historical80,event_probability,baseline,16,32,48,strong_fixed_support,cook_struct,flow,4503,838,0.18609815678436598,0.5831880622674008,0.26069829636267794,0.5720695836720242,57
historical80,event_probability,baseline,16,32,48,strong_fixed_support,cook_chem,flow,4503,746,0.16566733288918498,0.5817544515652997,0.23199450540485192,0.5644075032198375,57
historical80,event_probability,baseline,16,32,48,strong_fixed_support,cook_gap,flow,4503,231,0.051299133910726186,0.6031614297063735,0.09174382534015457,0.5984364872080176,47
historical80,event_probability,onset_minus_baseline,1,1,2,all_common,randi_wild_type,flow,1646,273,0.16585662211421628,0.5685525933158854,0.20577296780652177,0.5133931769709408,44
historical80,event_probability,onset_minus_baseline,1,1,2,all_common,cook_struct,flow,6320,1267,0.2004746835443038,0.5501398670540574,0.23105637154392594,0.5508386051618289,80
historical80,event_probability,onset_minus_baseline,1,1,2,all_common,cook_chem,flow,6320,1145,0.18117088607594936,0.550960234584309,0.2112238052516824,0.5493652210893378,80
historical80,event_probability,onset_minus_baseline,1,1,2,all_common,cook_gap,flow,6320,321,0.05079113924050633,0.5522231379165479,0.05919449945010033,0.5820983101983509,66
historical80,event_probability,onset_minus_baseline,1,1,2,strong_fixed_support,randi_wild_type,flow,1051,139,0.13225499524262607,0.5264420042913038,0.16578946273920458,0.47595313835736625,27
historical80,event_probability,onset_minus_baseline,1,1,2,strong_fixed_support,cook_struct,flow,4503,838,0.18609815678436598,0.5404845552491314,0.21120290060500768,0.5521509815732957,57
historical80,event_probability,onset_minus_baseline,1,1,2,strong_fixed_support,cook_chem,flow,4503,746,0.16566733288918498,0.5448128640657189,0.19079090605513827,0.5533503900811794,57
historical80,event_probability,onset_minus_baseline,1,1,2,strong_fixed_support,cook_gap,flow,4503,231,0.051299133910726186,0.5434207646286298,0.06135383832617873,0.5859568410177388,47
historical80,event_probability,onset_minus_baseline,1,2,3,all_common,randi_wild_type,flow,1646,273,0.16585662211421628,0.557811695466466,0.22123689396299595,0.5110113933357042,44
historical80,event_probability,onset_minus_baseline,1,2,3,all_common,cook_struct,flow,6320,1267,0.2004746835443038,0.5395859922704103,0.2306333506429047,0.5467891316245952,80
historical80,event_probability,onset_minus_baseline,1,2,3,all_common,cook_chem,flow,6320,1145,0.18117088607594936,0.5385682762694345,0.2102617669125691,0.5421397282101509,80
historical80,event_probability,onset_minus_baseline,1,2,3,all_common,cook_gap,flow,6320,321,0.05079113924050633,0.5543712114012771,0.06124302342407337,0.5870655610273612,66
historical80,event_probability,onset_minus_baseline,1,2,3,strong_fixed_support,randi_wild_type,flow,1051,139,0.13225499524262607,0.5358450082039632,0.17872827235562283,0.47560445246125205,27
historical80,event_probability,onset_minus_baseline,1,2,3,strong_fixed_support,cook_struct,flow,4503,838,0.18609815678436598,0.5284895173657802,0.20703266145202578,0.5484380481069651,57
historical80,event_probability,onset_minus_baseline,1,2,3,strong_fixed_support,cook_chem,flow,4503,746,0.16566733288918498,0.5286200343808626,0.18483658153782595,0.5438635231578975,57
historical80,event_probability,onset_minus_baseline,1,2,3,strong_fixed_support,cook_gap,flow,4503,231,0.051299133910726186,0.5505415308786096,0.06393473240005287,0.5960582673771104,47
historical80,event_probability,onset_minus_baseline,1,4,5,all_common,randi_wild_type,flow,1646,273,0.16585662211421628,0.5673653852823554,0.22398233520297442,0.5060635558880221,44
historical80,event_probability,onset_minus_baseline,1,4,5,all_common,cook_struct,flow,6320,1267,0.2004746835443038,0.5318760835225536,0.2290478028031707,0.5388753164420012,80
historical80,event_probability,onset_minus_baseline,1,4,5,all_common,cook_chem,flow,6320,1145,0.18117088607594936,0.5319911398012784,0.20830355023225489,0.5332625355447114,80
historical80,event_probability,onset_minus_baseline,1,4,5,all_common,cook_gap,flow,6320,321,0.05079113924050633,0.5411005676439322,0.060411674590020885,0.5839132071785789,66
historical80,event_probability,onset_minus_baseline,1,4,5,strong_fixed_support,randi_wild_type,flow,1051,139,0.13225499524262607,0.5473542218856494,0.19696930358000303,0.4848089177760279,27
historical80,event_probability,onset_minus_baseline,1,4,5,strong_fixed_support,cook_struct,flow,4503,838,0.18609815678436598,0.5192617386292967,0.20683244355886413,0.5381339373989867,57
historical80,event_probability,onset_minus_baseline,1,4,5,strong_fixed_support,cook_chem,flow,4503,746,0.16566733288918498,0.5209614082309983,0.18507263090990012,0.5321474845380357,57
historical80,event_probability,onset_minus_baseline,1,4,5,strong_fixed_support,cook_gap,flow,4503,231,0.051299133910726186,0.5338831736303646,0.0630404244742761,0.5817943089686571,47
historical80,event_probability,onset_minus_baseline,1,8,9,all_common,randi_wild_type,flow,1646,273,0.16585662211421628,0.5652710969535442,0.22395127934958256,0.5260348049146246,44
historical80,event_probability,onset_minus_baseline,1,8,9,all_common,cook_struct,flow,6320,1267,0.2004746835443038,0.5365761444864391,0.2321511802088249,0.529980694607733,80
historical80,event_probability,onset_minus_baseline,1,8,9,all_common,cook_chem,flow,6320,1145,0.18117088607594936,0.536143282070755,0.20879853062569648,0.5295345755121419,80
historical80,event_probability,onset_minus_baseline,1,8,9,all_common,cook_gap,flow,6320,321,0.05079113924050633,0.55092541384104,0.0639470645419977,0.5741114746996665,66
historical80,event_probability,onset_minus_baseline,1,8,9,strong_fixed_support,randi_wild_type,flow,1051,139,0.13225499524262607,0.5378171147292692,0.1974318301479339,0.5068177488297673,27
historical80,event_probability,onset_minus_baseline,1,8,9,strong_fixed_support,cook_struct,flow,4503,838,0.18609815678436598,0.5264406906589131,0.20986970075659078,0.5276318367655438,57
historical80,event_probability,onset_minus_baseline,1,8,9,strong_fixed_support,cook_chem,flow,4503,746,0.16566733288918498,0.5303918833191448,0.18842971329145133,0.5312206517713925,57
historical80,event_probability,onset_minus_baseline,1,8,9,strong_fixed_support,cook_gap,flow,4503,231,0.051299133910726186,0.5415536788430046,0.06303919305751435,0.5639825702167112,47
historical80,event_probability,onset_minus_baseline,1,16,17,all_common,randi_wild_type,flow,1646,273,0.16585662211421628,0.5869183014121107,0.2302955339021485,0.5580934352834386,44
historical80,event_probability,onset_minus_baseline,1,16,17,all_common,cook_struct,flow,6320,1267,0.2004746835443038,0.532658945407567,0.23110694847496108,0.5253890630948492,80
historical80,event_probability,onset_minus_baseline,1,16,17,all_common,cook_chem,flow,6320,1145,0.18117088607594936,0.530543467713014,0.20811111353336226,0.5233455183609171,80
historical80,event_probability,onset_minus_baseline,1,16,17,all_common,cook_gap,flow,6320,321,0.05079113924050633,0.5423261093879094,0.06116166282724276,0.5579017179069022,66
historical80,event_probability,onset_minus_baseline,1,16,17,strong_fixed_support,randi_wild_type,flow,1051,139,0.13225499524262607,0.5414063486053262,0.1780095077283544,0.5163636660589822,27
historical80,event_probability,onset_minus_baseline,1,16,17,strong_fixed_support,cook_struct,flow,4503,838,0.18609815678436598,0.5170756722788944,0.19837949167181163,0.5203779144185728,57
historical80,event_probability,onset_minus_baseline,1,16,17,strong_fixed_support,cook_chem,flow,4503,746,0.16566733288918498,0.5150211116193472,0.17717323919098238,0.5197072570241403,57
historical80,event_probability,onset_minus_baseline,1,16,17,strong_fixed_support,cook_gap,flow,4503,231,0.051299133910726186,0.5350627057087731,0.05859141570265089,0.5572320708899685,47
historical80,event_probability,onset_minus_baseline,1,32,33,all_common,randi_wild_type,flow,1646,273,0.16585662211421628,0.5490476990841157,0.2010702248219648,0.5077227350216664,44
historical80,event_probability,onset_minus_baseline,1,32,33,all_common,cook_struct,flow,6320,1267,0.2004746835443038,0.5297586701719469,0.22771861912172675,0.5180372745090815,80
historical80,event_probability,onset_minus_baseline,1,32,33,all_common,cook_chem,flow,6320,1145,0.18117088607594936,0.5260139653608421,0.20298680452100964,0.5174230460149192,80
historical80,event_probability,onset_minus_baseline,1,32,33,all_common,cook_gap,flow,6320,321,0.05079113924050633,0.5449869890049173,0.06501923045580234,0.538111449207704,66
historical80,event_probability,onset_minus_baseline,1,32,33,strong_fixed_support,randi_wild_type,flow,1051,139,0.13225499524262607,0.5180566073457024,0.15764174578509305,0.48344109869734947,27
historical80,event_probability,onset_minus_baseline,1,32,33,strong_fixed_support,cook_struct,flow,4503,838,0.18609815678436598,0.5159367297567456,0.20099561300906588,0.5143517109343175,57
historical80,event_probability,onset_minus_baseline,1,32,33,strong_fixed_support,cook_chem,flow,4503,746,0.16566733288918498,0.5097030672324976,0.17651052620552965,0.5144606340042881,57
historical80,event_probability,onset_minus_baseline,1,32,33,strong_fixed_support,cook_gap,flow,4503,231,0.051299133910726186,0.5422260323945717,0.06877941885415326,0.5524849507330089,47
historical80,event_probability,onset_minus_baseline,4,1,5,all_common,randi_wild_type,flow,1646,273,0.16585662211421628,0.5647215130099326,0.20567052753416734,0.5299527862503571,44
historical80,event_probability,onset_minus_baseline,4,1,5,all_common,cook_struct,flow,6320,1267,0.2004746835443038,0.5390583571052916,0.22884457408126527,0.5245215262679569,80
historical80,event_probability,onset_minus_baseline,4,1,5,all_common,cook_chem,flow,6320,1145,0.18117088607594936,0.5397602683374471,0.20742106906764712,0.5177368658941359,80
historical80,event_probability,onset_minus_baseline,4,1,5,all_common,cook_gap,flow,6320,321,0.05079113924050633,0.5569962595011941,0.06431535558224451,0.5524550748814284,66
historical80,event_probability,onset_minus_baseline,4,1,5,strong_fixed_support,randi_wild_type,flow,1051,139,0.13225499524262607,0.5449088097942698,0.16288510195838207,0.5058878565414415,27
historical80,event_probability,onset_minus_baseline,4,1,5,strong_fixed_support,cook_struct,flow,4503,838,0.18609815678436598,0.5442523776808943,0.2130312583730975,0.5344427986887508,57
historical80,event_probability,onset_minus_baseline,4,1,5,strong_fixed_support,cook_chem,flow,4503,746,0.16566733288918498,0.5440568133407452,0.1911722278536795,0.5250436648781127,57
historical80,event_probability,onset_minus_baseline,4,1,5,strong_fixed_support,cook_gap,flow,4503,231,0.051299133910726186,0.5655116575060395,0.06568222263060741,0.5716199645552004,47
historical80,event_probability,onset_minus_baseline,4,2,6,all_common,randi_wild_type,flow,1646,273,0.16585662211421628,0.5652097356394516,0.2148280706759663,0.49852200739991037,44
historical80,event_probability,onset_minus_baseline,4,2,6,all_common,cook_struct,flow,6320,1267,0.2004746835443038,0.5510792388370721,0.23679709370665628,0.5390960031780774,80
historical80,event_probability,onset_minus_baseline,4,2,6,all_common,cook_chem,flow,6320,1145,0.18117088607594936,0.550986477649094,0.21516577592349304,0.5349629636721165,80
historical80,event_probability,onset_minus_baseline,4,2,6,all_common,cook_gap,flow,6320,321,0.05079113924050633,0.5632158838518777,0.06586219247250685,0.5615725415632811,66
historical80,event_probability,onset_minus_baseline,4,2,6,strong_fixed_support,randi_wild_type,flow,1051,139,0.13225499524262607,0.5587056670453111,0.19263350097394005,0.48727982924688285,27
historical80,event_probability,onset_minus_baseline,4,2,6,strong_fixed_support,cook_struct,flow,4503,838,0.18609815678436598,0.5543441312551486,0.21896669062420354,0.5482553969293817,57
historical80,event_probability,onset_minus_baseline,4,2,6,strong_fixed_support,cook_chem,flow,4503,746,0.16566733288918498,0.5518087416447296,0.19525093916030598,0.5413253355899572,57
historical80,event_probability,onset_minus_baseline,4,2,6,strong_fixed_support,cook_gap,flow,4503,231,0.051299133910726186,0.5679406423788446,0.06696389781107454,0.5692589359999498,47
historical80,event_probability,onset_minus_baseline,4,4,8,all_common,randi_wild_type,flow,1646,273,0.16585662211421628,0.5533296516544878,0.21611759608852588,0.5040864423775968,44
historical80,event_probability,onset_minus_baseline,4,4,8,all_common,cook_struct,flow,6320,1267,0.2004746835443038,0.5546395266215995,0.2367380698267499,0.5433613221843726,80
historical80,event_probability,onset_minus_baseline,4,4,8,all_common,cook_chem,flow,6320,1145,0.18117088607594936,0.5552207244267241,0.21550248567011976,0.5352482801975217,80
historical80,event_probability,onset_minus_baseline,4,4,8,all_common,cook_gap,flow,6320,321,0.05079113924050633,0.5699267634948504,0.06593556067538166,0.5684267283604575,66
historical80,event_probability,onset_minus_baseline,4,4,8,strong_fixed_support,randi_wild_type,flow,1051,139,0.13225499524262607,0.5313486053262653,0.18312090323405417,0.4814458758241904,27
historical80,event_probability,onset_minus_baseline,4,4,8,strong_fixed_support,cook_struct,flow,4503,838,0.18609815678436598,0.5512944156651809,0.213542052903884,0.5476763977570667,57
historical80,event_probability,onset_minus_baseline,4,4,8,strong_fixed_support,cook_chem,flow,4503,746,0.16566733288918498,0.547388217597036,0.18891239656207215,0.5336687615432931,57
historical80,event_probability,onset_minus_baseline,4,4,8,strong_fixed_support,cook_gap,flow,4503,231,0.051299133910726186,0.579898098156525,0.06592696256138307,0.584014241428103,47
historical80,event_probability,onset_minus_baseline,4,8,12,all_common,randi_wild_type,flow,1646,273,0.16585662211421628,0.5514968158813753,0.21710420694064475,0.526724150971298,44
historical80,event_probability,onset_minus_baseline,4,8,12,all_common,cook_struct,flow,6320,1267,0.2004746835443038,0.5279046058113905,0.22656304265472035,0.5157966417907419,80
historical80,event_probability,onset_minus_baseline,4,8,12,all_common,cook_chem,flow,6320,1145,0.18117088607594936,0.5299198784887034,0.20442983091311065,0.510934506264128,80
historical80,event_probability,onset_minus_baseline,4,8,12,all_common,cook_gap,flow,6320,321,0.05079113924050633,0.5400136782921764,0.0633031690280085,0.5243611279170755,66
historical80,event_probability,onset_minus_baseline,4,8,12,strong_fixed_support,randi_wild_type,flow,1051,139,0.13225499524262607,0.5674618200176701,0.18852019747536447,0.5316078141122181,27
historical80,event_probability,onset_minus_baseline,4,8,12,strong_fixed_support,cook_struct,flow,4503,838,0.18609815678436598,0.5259625496944261,0.20449165249579776,0.521645349989109,57
historical80,event_probability,onset_minus_baseline,4,8,12,strong_fixed_support,cook_chem,flow,4503,746,0.16566733288918498,0.5262762414538438,0.18017525469062862,0.5129779093286023,57
historical80,event_probability,onset_minus_baseline,4,8,12,strong_fixed_support,cook_gap,flow,4503,231,0.051299133910726186,0.5421297647421243,0.06371422027406964,0.5263412811347422,47
historical80,event_probability,onset_minus_baseline,4,16,20,all_common,randi_wild_type,flow,1646,273,0.16585662211421628,0.5621229947522737,0.2110729275691383,0.5226240195959868,44
historical80,event_probability,onset_minus_baseline,4,16,20,all_common,cook_struct,flow,6320,1267,0.2004746835443038,0.523641663559638,0.21842322713453777,0.5102869991421415,80
historical80,event_probability,onset_minus_baseline,4,16,20,all_common,cook_chem,flow,6320,1145,0.18117088607594936,0.5235974094466594,0.19699077182922065,0.5009977042045191,80
historical80,event_probability,onset_minus_baseline,4,16,20,all_common,cook_gap,flow,6320,321,0.05079113924050633,0.5299195764195384,0.0606184952727688,0.524572126482949,66
historical80,event_probability,onset_minus_baseline,4,16,20,strong_fixed_support,randi_wild_type,flow,1051,139,0.13225499524262607,0.5472911144768395,0.17611652614174841,0.514087422815479,27
historical80,event_probability,onset_minus_baseline,4,16,20,strong_fixed_support,cook_struct,flow,4503,838,0.18609815678436598,0.522608562581603,0.20023095591578804,0.5151406569169886,57
historical80,event_probability,onset_minus_baseline,4,16,20,strong_fixed_support,cook_chem,flow,4503,746,0.16566733288918498,0.5209228742629486,0.17705413099263972,0.501817880111803,57
historical80,event_probability,onset_minus_baseline,4,16,20,strong_fixed_support,cook_gap,flow,4503,231,0.051299133910726186,0.5440095173241241,0.06522233946697398,0.5381263212601279,47
historical80,event_probability,onset_minus_baseline,4,32,36,all_common,randi_wild_type,flow,1646,273,0.16585662211421628,0.5336486771301047,0.1958548012121193,0.5092876380797348,44
historical80,event_probability,onset_minus_baseline,4,32,36,all_common,cook_struct,flow,6320,1267,0.2004746835443038,0.5073605730324074,0.20992021300293445,0.48841186398973946,80
historical80,event_probability,onset_minus_baseline,4,32,36,all_common,cook_chem,flow,6320,1145,0.18117088607594936,0.5092337615762715,0.18825132862629865,0.48659153985212616,80
historical80,event_probability,onset_minus_baseline,4,32,36,all_common,cook_gap,flow,6320,321,0.05079113924050633,0.5098222497103619,0.06140269756089218,0.46534894051012304,66
historical80,event_probability,onset_minus_baseline,4,32,36,strong_fixed_support,randi_wild_type,flow,1051,139,0.13225499524262607,0.5124558248138332,0.15333444069134078,0.533415230419969,27
historical80,event_probability,onset_minus_baseline,4,32,36,strong_fixed_support,cook_struct,flow,4503,838,0.18609815678436598,0.5096103566277143,0.1964110571619783,0.49724511125463466,57
historical80,event_probability,onset_minus_baseline,4,32,36,strong_fixed_support,cook_chem,flow,4503,746,0.16566733288918498,0.5139228935299327,0.17667950057672224,0.4968648407775564,57
historical80,event_probability,onset_minus_baseline,4,32,36,strong_fixed_support,cook_gap,flow,4503,231,0.051299133910726186,0.5098203138933476,0.06332145221165765,0.4623936060153119,47
historical80,event_probability,onset_minus_baseline,8,1,9,all_common,randi_wild_type,flow,1646,273,0.16585662211421628,0.5853735970269109,0.2090939427210613,0.5784140508008885,44
historical80,event_probability,onset_minus_baseline,8,1,9,all_common,cook_struct,flow,6320,1267,0.2004746835443038,0.5333882315490528,0.2215151762574662,0.5197390218472011,80
historical80,event_probability,onset_minus_baseline,8,1,9,all_common,cook_chem,flow,6320,1145,0.18117088607594936,0.5296863067738329,0.19909625549742352,0.5111651671664894,80
historical80,event_probability,onset_minus_baseline,8,1,9,all_common,cook_gap,flow,6320,321,0.05079113924050633,0.5715007537601022,0.06328368619904268,0.5887909695464588,66
historical80,event_probability,onset_minus_baseline,8,1,9,strong_fixed_support,randi_wild_type,flow,1051,139,0.13225499524262607,0.5962545752871387,0.18396104043288883,0.5708466737831009,27
historical80,event_probability,onset_minus_baseline,8,1,9,strong_fixed_support,cook_struct,flow,4503,838,0.18609815678436598,0.5283302998433873,0.20210041863456266,0.5299487962804755,57
historical80,event_probability,onset_minus_baseline,8,1,9,strong_fixed_support,cook_chem,flow,4503,746,0.16566733288918498,0.5257431882291572,0.17728042740561,0.5200456249131712,57
historical80,event_probability,onset_minus_baseline,8,1,9,strong_fixed_support,cook_gap,flow,4503,231,0.051299133910726186,0.5657386464970734,0.06840995272952265,0.5886597663889988,47
historical80,event_probability,onset_minus_baseline,8,2,10,all_common,randi_wild_type,flow,1646,273,0.16585662211421628,0.5610958597120287,0.1983764733405544,0.568918011360216,44
historical80,event_probability,onset_minus_baseline,8,2,10,all_common,cook_struct,flow,6320,1267,0.2004746835443038,0.5303828353939168,0.21760462488619162,0.5155998042652853,80
historical80,event_probability,onset_minus_baseline,8,2,10,all_common,cook_chem,flow,6320,1145,0.18117088607594936,0.5284527983460963,0.19641587809379615,0.5078072560490196,80
historical80,event_probability,onset_minus_baseline,8,2,10,all_common,cook_gap,flow,6320,321,0.05079113924050633,0.5536088828927355,0.05976505612558171,0.5697158005072948,66
historical80,event_probability,onset_minus_baseline,8,2,10,strong_fixed_support,randi_wild_type,flow,1051,139,0.13225499524262607,0.5835542092641677,0.17674810752546732,0.5927584922902601,27
historical80,event_probability,onset_minus_baseline,8,2,10,strong_fixed_support,cook_struct,flow,4503,838,0.18609815678436598,0.5225287910213039,0.19839226102798493,0.5207301954018964,57
historical80,event_probability,onset_minus_baseline,8,2,10,strong_fixed_support,cook_chem,flow,4503,746,0.16566733288918498,0.5160586743886836,0.17279647913172114,0.508368185985958,57
historical80,event_probability,onset_minus_baseline,8,2,10,strong_fixed_support,cook_gap,flow,4503,231,0.051299133910726186,0.5623368516626943,0.06877125178391058,0.5672597297309251,47
historical80,event_probability,onset_minus_baseline,8,4,12,all_common,randi_wild_type,flow,1646,273,0.16585662211421628,0.5705935239802684,0.21147075247371225,0.5446791518346319,44
historical80,event_probability,onset_minus_baseline,8,4,12,all_common,cook_struct,flow,6320,1267,0.2004746835443038,0.5317892377108882,0.2201133130651601,0.5274875560299621,80
historical80,event_probability,onset_minus_baseline,8,4,12,all_common,cook_chem,flow,6320,1145,0.18117088607594936,0.5315243339029175,0.19817387131204994,0.5200429009523548,80
historical80,event_probability,onset_minus_baseline,8,4,12,all_common,cook_gap,flow,6320,321,0.05079113924050633,0.5505060812316072,0.0623946298743009,0.5762524553377699,66
historical80,event_probability,onset_minus_baseline,8,4,12,strong_fixed_support,randi_wild_type,flow,1051,139,0.13225499524262607,0.596333459548151,0.19934577661693356,0.5797993423269032,27
historical80,event_probability,onset_minus_baseline,8,4,12,strong_fixed_support,cook_struct,flow,4503,838,0.18609815678436598,0.5293028616826264,0.20427563761617223,0.5391955693990745,57
historical80,event_probability,onset_minus_baseline,8,4,12,strong_fixed_support,cook_chem,flow,4503,746,0.16566733288918498,0.5256386470010226,0.17754265024248572,0.5269585528038702,57
historical80,event_probability,onset_minus_baseline,8,4,12,strong_fixed_support,cook_gap,flow,4503,231,0.051299133910726186,0.5496062146343046,0.0703609612159988,0.5731795929793136,47
historical80,event_probability,onset_minus_baseline,8,8,16,all_common,randi_wild_type,flow,1646,273,0.16585662211421628,0.5562082976503953,0.21748918370251416,0.5326523368039284,44
historical80,event_probability,onset_minus_baseline,8,8,16,all_common,cook_struct,flow,6320,1267,0.2004746835443038,0.5307058518301114,0.22468120244732803,0.5169958845721514,80
historical80,event_probability,onset_minus_baseline,8,8,16,all_common,cook_chem,flow,6320,1145,0.18117088607594936,0.5297777777777778,0.20226050849453575,0.5098375320266062,80
historical80,event_probability,onset_minus_baseline,8,8,16,all_common,cook_gap,flow,6320,321,0.05079113924050633,0.5542330783064052,0.06835318445399846,0.5602644039279653,66
historical80,event_probability,onset_minus_baseline,8,8,16,strong_fixed_support,randi_wild_type,flow,1051,139,0.13225499524262607,0.5885396945601413,0.20905317221128566,0.5637990412133611,27
historical80,event_probability,onset_minus_baseline,8,8,16,strong_fixed_support,cook_struct,flow,4503,838,0.18609815678436598,0.5203707261165577,0.20413273552222505,0.5217702191708622,57
historical80,event_probability,onset_minus_baseline,8,8,16,strong_fixed_support,cook_chem,flow,4503,746,0.16566733288918498,0.5157960725323454,0.17809900636602294,0.5110285786483305,57
historical80,event_probability,onset_minus_baseline,8,8,16,strong_fixed_support,cook_gap,flow,4503,231,0.051299133910726186,0.5490417821878496,0.07264317173668561,0.5514878575886538,47
historical80,event_probability,onset_minus_baseline,8,16,24,all_common,randi_wild_type,flow,1646,273,0.16585662211421628,0.557798356050359,0.21857680782070063,0.5239079599725417,44
historical80,event_probability,onset_minus_baseline,8,16,24,all_common,cook_struct,flow,6320,1267,0.2004746835443038,0.5256388048329382,0.22693379135938124,0.5062593144856662,80
historical80,event_probability,onset_minus_baseline,8,16,24,all_common,cook_chem,flow,6320,1145,0.18117088607594936,0.5261666983102335,0.20642169236105373,0.5049673433075251,80
historical80,event_probability,onset_minus_baseline,8,16,24,all_common,cook_gap,flow,6320,321,0.05079113924050633,0.532994855321162,0.06666446866493324,0.5287349061532627,66
historical80,event_probability,onset_minus_baseline,8,16,24,strong_fixed_support,randi_wild_type,flow,1051,139,0.13225499524262607,0.5552899785434809,0.20095273400412655,0.5153776113824118,27
historical80,event_probability,onset_minus_baseline,8,16,24,strong_fixed_support,cook_struct,flow,4503,838,0.18609815678436598,0.5121780240747313,0.19703621197562815,0.5064975870887356,57
historical80,event_probability,onset_minus_baseline,8,16,24,strong_fixed_support,cook_chem,flow,4503,746,0.16566733288918498,0.5115359282868582,0.17493564138549106,0.5052218030141683,57
historical80,event_probability,onset_minus_baseline,8,16,24,strong_fixed_support,cook_gap,flow,4503,231,0.051299133910726186,0.5242320881365825,0.06601982668748277,0.5259897922416744,47
historical80,event_probability,onset_minus_baseline,8,32,40,all_common,randi_wild_type,flow,1646,273,0.16585662211421628,0.5216592099330628,0.17763180774490567,0.48507787434082944,44
historical80,event_probability,onset_minus_baseline,8,32,40,all_common,cook_struct,flow,6320,1267,0.2004746835443038,0.5329110481774016,0.22919526471940435,0.5104982133553587,80
historical80,event_probability,onset_minus_baseline,8,32,40,all_common,cook_chem,flow,6320,1145,0.18117088607594936,0.5337814062401114,0.20941980580497027,0.512744730528863,80
historical80,event_probability,onset_minus_baseline,8,32,40,all_common,cook_gap,flow,6320,321,0.05079113924050633,0.5420347835750402,0.0630850487857409,0.5104129068906305,66
historical80,event_probability,onset_minus_baseline,8,32,40,strong_fixed_support,randi_wild_type,flow,1051,139,0.13225499524262607,0.5313801590306702,0.1473103523456573,0.48138480761092084,27
historical80,event_probability,onset_minus_baseline,8,32,40,strong_fixed_support,cook_struct,flow,4503,838,0.18609815678436598,0.5174416446616545,0.19900938988802286,0.5081017264570262,57
historical80,event_probability,onset_minus_baseline,8,32,40,strong_fixed_support,cook_chem,flow,4503,746,0.16566733288918498,0.5164350941691684,0.17720482684425132,0.510612745769467,57
historical80,event_probability,onset_minus_baseline,8,32,40,strong_fixed_support,cook_gap,flow,4503,231,0.051299133910726186,0.5453521977398382,0.06998118355056973,0.5317192321706893,47
historical80,event_probability,onset_minus_baseline,16,1,17,all_common,randi_wild_type,flow,1646,273,0.16585662211421628,0.5560082064087892,0.20795828112306214,0.5069827479833481,44
historical80,event_probability,onset_minus_baseline,16,1,17,all_common,cook_struct,flow,6320,1267,0.2004746835443038,0.5430353798278109,0.23191164113625404,0.5343786223779297,80
historical80,event_probability,onset_minus_baseline,16,1,17,all_common,cook_chem,flow,6320,1145,0.18117088607594936,0.5434126110161804,0.20961792518067984,0.5366602824452429,80
historical80,event_probability,onset_minus_baseline,16,1,17,all_common,cook_gap,flow,6320,321,0.05079113924050633,0.5414505740572546,0.06545023696636351,0.5590458428868673,66
historical80,event_probability,onset_minus_baseline,16,1,17,strong_fixed_support,randi_wild_type,flow,1051,139,0.13225499524262607,0.5337072447305314,0.15602400051563614,0.4906497594423122,27
historical80,event_probability,onset_minus_baseline,16,1,17,strong_fixed_support,cook_struct,flow,4503,838,0.18609815678436598,0.5303939412685957,0.20444034909750738,0.5306010329048424,57
historical80,event_probability,onset_minus_baseline,16,1,17,strong_fixed_support,cook_chem,flow,4503,746,0.16566733288918498,0.5329836494664829,0.18251206141791268,0.5358430413787909,57
historical80,event_probability,onset_minus_baseline,16,1,17,strong_fixed_support,cook_gap,flow,4503,231,0.051299133910726186,0.5350505455842535,0.06575366425018006,0.5657058976787439,47
historical80,event_probability,onset_minus_baseline,16,2,18,all_common,randi_wild_type,flow,1646,273,0.16585662211421628,0.554575553118889,0.21244368482591292,0.5192762017772407,44
historical80,event_probability,onset_minus_baseline,16,2,18,all_common,cook_struct,flow,6320,1267,0.2004746835443038,0.5318318796292059,0.23043349668294796,0.5106245447301794,80
historical80,event_probability,onset_minus_baseline,16,2,18,all_common,cook_chem,flow,6320,1145,0.18117088607594936,0.531473535430247,0.2091048486952553,0.5124268150033778,80
historical80,event_probability,onset_minus_baseline,16,2,18,all_common,cook_gap,flow,6320,321,0.05079113924050633,0.5520743592260184,0.06609026194610981,0.5611391669512357,66
historical80,event_probability,onset_minus_baseline,16,2,18,strong_fixed_support,randi_wild_type,flow,1051,139,0.13225499524262607,0.5373280323109934,0.15952940965433537,0.507615449957459,27
historical80,event_probability,onset_minus_baseline,16,2,18,strong_fixed_support,cook_struct,flow,4503,838,0.18609815678436598,0.5138988105897561,0.20197396300453374,0.5060598938403271,57
historical80,event_probability,onset_minus_baseline,16,2,18,strong_fixed_support,cook_chem,flow,4503,746,0.16566733288918498,0.5131729083369667,0.1811793202510892,0.5095797990891603,57
historical80,event_probability,onset_minus_baseline,16,2,18,strong_fixed_support,cook_gap,flow,4503,231,0.051299133910726186,0.5420385638082268,0.0651273315235746,0.5654697763072177,47
historical80,event_probability,onset_minus_baseline,16,4,20,all_common,randi_wild_type,flow,1646,273,0.16585662211421628,0.5603568560596965,0.21879755819523836,0.5260031347034848,44
historical80,event_probability,onset_minus_baseline,16,4,20,all_common,cook_struct,flow,6320,1267,0.2004746835443038,0.5351818474759499,0.23346747266559653,0.5214150877454967,80
historical80,event_probability,onset_minus_baseline,16,4,20,all_common,cook_chem,flow,6320,1145,0.18117088607594936,0.5360673375102842,0.2127505587074791,0.517437225643222,80
historical80,event_probability,onset_minus_baseline,16,4,20,all_common,cook_gap,flow,6320,321,0.05079113924050633,0.5459331487750555,0.068223880363236,0.5770933308424572,66
historical80,event_probability,onset_minus_baseline,16,4,20,strong_fixed_support,randi_wild_type,flow,1051,139,0.13225499524262607,0.5583191341663511,0.16808461173982323,0.5214732430229305,27
historical80,event_probability,onset_minus_baseline,16,4,20,strong_fixed_support,cook_struct,flow,4503,838,0.18609815678436598,0.5054055814044354,0.19947153492745892,0.5100591284689249,57
historical80,event_probability,onset_minus_baseline,16,4,20,strong_fixed_support,cook_chem,flow,4503,746,0.16566733288918498,0.5039640035651056,0.17787590610413773,0.5041887409394152,57
historical80,event_probability,onset_minus_baseline,16,4,20,strong_fixed_support,cook_gap,flow,4503,231,0.051299133910726186,0.5281486615756279,0.06272917676739317,0.595468580453289,47
historical80,event_probability,onset_minus_baseline,16,8,24,all_common,randi_wild_type,flow,1646,273,0.16585662211421628,0.5569553049523915,0.21889982295829546,0.5340355894280483,44
historical80,event_probability,onset_minus_baseline,16,8,24,all_common,cook_struct,flow,6320,1267,0.2004746835443038,0.5419446526643935,0.23634190204885,0.5227858361519138,80
historical80,event_probability,onset_minus_baseline,16,8,24,all_common,cook_chem,flow,6320,1145,0.18117088607594936,0.5425751956627218,0.21599726428471977,0.5244189313084769,80
historical80,event_probability,onset_minus_baseline,16,8,24,all_common,cook_gap,flow,6320,321,0.05079113924050633,0.5561939450967684,0.0666549066516163,0.5504713397042191,66
historical80,event_probability,onset_minus_baseline,16,8,24,strong_fixed_support,randi_wild_type,flow,1051,139,0.13225499524262607,0.5717136816862299,0.17812214454889774,0.5138688389462197,27
historical80,event_probability,onset_minus_baseline,16,8,24,strong_fixed_support,cook_struct,flow,4503,838,0.18609815678436598,0.5182566169695273,0.20436132068124097,0.5109556565647143,57
historical80,event_probability,onset_minus_baseline,16,8,24,strong_fixed_support,cook_chem,flow,4503,746,0.16566733288918498,0.5178084019749373,0.1831070317703068,0.5131073163940572,57
historical80,event_probability,onset_minus_baseline,16,8,24,strong_fixed_support,cook_gap,flow,4503,231,0.051299133910726186,0.5538034842810124,0.06697783862395311,0.5741563723898172,47
historical80,event_probability,onset_minus_baseline,16,16,32,all_common,randi_wild_type,flow,1646,273,0.16585662211421628,0.5099472025910482,0.19530751221081527,0.4892153057001894,44
historical80,event_probability,onset_minus_baseline,16,16,32,all_common,cook_struct,flow,6320,1267,0.2004746835443038,0.5353553048030264,0.23527169088642846,0.5149550120952197,80
historical80,event_probability,onset_minus_baseline,16,16,32,all_common,cook_chem,flow,6320,1145,0.18117088607594936,0.5344093833723603,0.2144442451184698,0.5058982080371928,80
historical80,event_probability,onset_minus_baseline,16,16,32,all_common,cook_gap,flow,6320,321,0.05079113924050633,0.5666959550371583,0.06850819120435699,0.5788369971212867,66
historical80,event_probability,onset_minus_baseline,16,16,32,strong_fixed_support,randi_wild_type,flow,1051,139,0.13225499524262607,0.4937523665278304,0.15484582358198962,0.476732296497694,27
historical80,event_probability,onset_minus_baseline,16,16,32,strong_fixed_support,cook_struct,flow,4503,838,0.18609815678436598,0.5183357373334158,0.2095165445442958,0.5090700584856551,57
historical80,event_probability,onset_minus_baseline,16,16,32,strong_fixed_support,cook_chem,flow,4503,746,0.16566733288918498,0.5182672416315283,0.18763998927117437,0.49835228211337396,57
historical80,event_probability,onset_minus_baseline,16,16,32,strong_fixed_support,cook_gap,flow,4503,231,0.051299133910726186,0.5558494252314476,0.0686352441910513,0.5948587091391255,47
historical80,event_probability,onset_minus_baseline,16,32,48,all_common,randi_wild_type,flow,1646,273,0.16585662211421628,0.5234440238081899,0.18479461164379551,0.523149588845513,44
historical80,event_probability,onset_minus_baseline,16,32,48,all_common,cook_struct,flow,6320,1267,0.2004746835443038,0.5337273363280559,0.23113478756053296,0.5156890430759178,80
historical80,event_probability,onset_minus_baseline,16,32,48,all_common,cook_chem,flow,6320,1145,0.18117088607594936,0.5340998670970192,0.2120170097375189,0.5079654175116076,80
historical80,event_probability,onset_minus_baseline,16,32,48,all_common,cook_gap,flow,6320,321,0.05079113924050633,0.5408102804257615,0.06354785286991306,0.5326512707389839,66
historical80,event_probability,onset_minus_baseline,16,32,48,strong_fixed_support,randi_wild_type,flow,1051,139,0.13225499524262607,0.5276489334847911,0.15964006914371148,0.5152970820141951,27
historical80,event_probability,onset_minus_baseline,16,32,48,strong_fixed_support,cook_struct,flow,4503,838,0.18609815678436598,0.5276891969771462,0.20872691111898312,0.5194501400972895,57
historical80,event_probability,onset_minus_baseline,16,32,48,strong_fixed_support,cook_chem,flow,4503,746,0.16566733288918498,0.527850068611871,0.18605739126337317,0.5079374135016995,57
historical80,event_probability,onset_minus_baseline,16,32,48,strong_fixed_support,cook_gap,flow,4503,231,0.051299133910726186,0.5393035491350099,0.06712940923022001,0.5562195056790311,47
historical80,event_probability,active_minus_baseline,1,1,2,all_common,randi_wild_type,flow,1646,273,0.16585662211421628,0.6036245861446152,0.29064575191343833,0.5208043353959169,44
historical80,event_probability,active_minus_baseline,1,1,2,all_common,cook_struct,flow,6320,1267,0.2004746835443038,0.5519826070956465,0.2542320968375199,0.5531531963444689,80
historical80,event_probability,active_minus_baseline,1,1,2,all_common,cook_chem,flow,6320,1145,0.18117088607594936,0.5510834335379617,0.22902432202983267,0.5431113931132036,80
historical80,event_probability,active_minus_baseline,1,1,2,all_common,cook_gap,flow,6320,321,0.05079113924050633,0.5471820588997438,0.07721571375361538,0.5890164293318896,66
historical80,event_probability,active_minus_baseline,1,1,2,strong_fixed_support,randi_wild_type,flow,1051,139,0.13225499524262607,0.5737410071942447,0.21813532365649838,0.495428569971891,27
historical80,event_probability,active_minus_baseline,1,1,2,strong_fixed_support,cook_struct,flow,4503,838,0.18609815678436598,0.5384593344121487,0.23375403934313968,0.5473338416520754,57
historical80,event_probability,active_minus_baseline,1,1,2,strong_fixed_support,cook_chem,flow,4503,746,0.16566733288918498,0.5381504123491377,0.21350400960222135,0.5359968702109675,57
historical80,event_probability,active_minus_baseline,1,1,2,strong_fixed_support,cook_gap,flow,4503,231,0.051299133910726186,0.5391728277964234,0.07059026040641248,0.5568151153729797,47
historical80,event_probability,active_minus_baseline,1,2,3,all_common,randi_wild_type,flow,1646,273,0.16585662211421628,0.5839889656349962,0.2812960097551097,0.5136771480287046,44
historical80,event_probability,active_minus_baseline,1,2,3,all_common,cook_struct,flow,6320,1267,0.2004746835443038,0.5492452458556507,0.2508730742773525,0.5538422804682781,80
historical80,event_probability,active_minus_baseline,1,2,3,all_common,cook_chem,flow,6320,1145,0.18117088607594936,0.5519767103347889,0.22568682648478683,0.5480713874219616,80
historical80,event_probability,active_minus_baseline,1,2,3,all_common,cook_gap,flow,6320,321,0.05079113924050633,0.5443840847825624,0.08043956605732187,0.5795468159430879,66
historical80,event_probability,active_minus_baseline,1,2,3,strong_fixed_support,randi_wild_type,flow,1051,139,0.13225499524262607,0.5682822163321974,0.22422758340782517,0.5056848311765686,27
historical80,event_probability,active_minus_baseline,1,2,3,strong_fixed_support,cook_struct,flow,4503,838,0.18609815678436598,0.5430330124020357,0.23280453324578107,0.5555233494029409,57
historical80,event_probability,active_minus_baseline,1,2,3,strong_fixed_support,cook_chem,flow,4503,746,0.16566733288918498,0.5494437193556835,0.21320708735465116,0.5505800608431466,57
historical80,event_probability,active_minus_baseline,1,2,3,strong_fixed_support,cook_gap,flow,4503,231,0.051299133910726186,0.5380784165896526,0.07337641471299675,0.5519991834101352,47
historical80,event_probability,active_minus_baseline,1,4,5,all_common,randi_wild_type,flow,1646,273,0.16585662211421628,0.59115756785094,0.27221105794305783,0.5220402409045338,44
historical80,event_probability,active_minus_baseline,1,4,5,all_common,cook_struct,flow,6320,1267,0.2004746835443038,0.550410791623003,0.2473735560511761,0.5497545047166856,80
historical80,event_probability,active_minus_baseline,1,4,5,all_common,cook_chem,flow,6320,1145,0.18117088607594936,0.5511865493745122,0.22054985598173643,0.5436658307086808,80
historical80,event_probability,active_minus_baseline,1,4,5,all_common,cook_gap,flow,6320,321,0.05079113924050633,0.55363640565224,0.08237803379805722,0.5959421286009686,66
historical80,event_probability,active_minus_baseline,1,4,5,strong_fixed_support,randi_wild_type,flow,1051,139,0.13225499524262607,0.5718714502082545,0.21112376304391284,0.5184610430723031,27
historical80,event_probability,active_minus_baseline,1,4,5,strong_fixed_support,cook_struct,flow,4503,838,0.18609815678436598,0.5389083343372612,0.2272581463593134,0.5472802469769389,57
historical80,event_probability,active_minus_baseline,1,4,5,strong_fixed_support,cook_chem,flow,4503,746,0.16566733288918498,0.5432861339797525,0.20536138290043676,0.5419382570571579,57
historical80,event_probability,active_minus_baseline,1,4,5,strong_fixed_support,cook_gap,flow,4503,231,0.051299133910726186,0.5462115132058952,0.07513898048430163,0.5699648922124355,47
historical80,event_probability,active_minus_baseline,1,8,9,all_common,randi_wild_type,flow,1646,273,0.16585662211421628,0.5946044729730091,0.2503439124817949,0.5381586799536283,44
historical80,event_probability,active_minus_baseline,1,8,9,all_common,cook_struct,flow,6320,1267,0.2004746835443038,0.5533026321934612,0.24524970922160227,0.5515672358546151,80
historical80,event_probability,active_minus_baseline,1,8,9,all_common,cook_chem,flow,6320,1145,0.18117088607594936,0.5521556019661203,0.21787927555299696,0.542206991058169,80
historical80,event_probability,active_minus_baseline,1,8,9,all_common,cook_gap,flow,6320,321,0.05079113924050633,0.5790534144060354,0.08307670352709193,0.6034348213205522,66
historical80,event_probability,active_minus_baseline,1,8,9,strong_fixed_support,randi_wild_type,flow,1051,139,0.13225499524262607,0.5726366275400733,0.19276090618723318,0.5288374568556022,27
historical80,event_probability,active_minus_baseline,1,8,9,strong_fixed_support,cook_struct,flow,4503,838,0.18609815678436598,0.5446684921872711,0.22420201536936402,0.5539948453433596,57
historical80,event_probability,active_minus_baseline,1,8,9,strong_fixed_support,cook_chem,flow,4503,746,0.16566733288918498,0.5464948004118853,0.20125022725470068,0.5445170576611442,57
historical80,event_probability,active_minus_baseline,1,8,9,strong_fixed_support,cook_gap,flow,4503,231,0.051299133910726186,0.5728969064643222,0.07978468927550772,0.5977846851253132,47
historical80,event_probability,active_minus_baseline,1,16,17,all_common,randi_wild_type,flow,1646,273,0.16585662211421628,0.5435918778963207,0.20651508586769107,0.5093125042556134,44
historical80,event_probability,active_minus_baseline,1,16,17,all_common,cook_struct,flow,6320,1267,0.2004746835443038,0.5364350200424826,0.2348957293935625,0.5234605681402316,80
historical80,event_probability,active_minus_baseline,1,16,17,all_common,cook_chem,flow,6320,1145,0.18117088607594936,0.5360825264223783,0.20915373906493223,0.5184890782809503,80
historical80,event_probability,active_minus_baseline,1,16,17,all_common,cook_gap,flow,6320,321,0.05079113924050633,0.5561612293637724,0.07472397209078183,0.5557155013862728,66
historical80,event_probability,active_minus_baseline,1,16,17,strong_fixed_support,randi_wild_type,flow,1051,139,0.13225499524262607,0.5504307080651268,0.17464427837923058,0.5306209980174061,27
historical80,event_probability,active_minus_baseline,1,16,17,strong_fixed_support,cook_struct,flow,4503,838,0.18609815678436598,0.5314264131776105,0.2153517614971344,0.525404064459094,57
historical80,event_probability,active_minus_baseline,1,16,17,strong_fixed_support,cook_chem,flow,4503,746,0.16566733288918498,0.5304143614671737,0.19031105637158313,0.5201461487146655,57
historical80,event_probability,active_minus_baseline,1,16,17,strong_fixed_support,cook_gap,flow,4503,231,0.051299133910726186,0.5567300209154141,0.07758954119554048,0.5417506810823334,47
historical80,event_probability,active_minus_baseline,1,32,33,all_common,randi_wild_type,flow,1646,273,0.16585662211421628,0.5214724581075637,0.181270762736161,0.47157460165758563,44
historical80,event_probability,active_minus_baseline,1,32,33,all_common,cook_struct,flow,6320,1267,0.2004746835443038,0.5404047795811127,0.22922577722729362,0.5190218392136812,80
historical80,event_probability,active_minus_baseline,1,32,33,all_common,cook_chem,flow,6320,1145,0.18117088607594936,0.5376302765647745,0.20499598678331787,0.5101492354892317,80
historical80,event_probability,active_minus_baseline,1,32,33,all_common,cook_gap,flow,6320,321,0.05079113924050633,0.5513156657989208,0.06735642427840371,0.5192633110836664,66
historical80,event_probability,active_minus_baseline,1,32,33,strong_fixed_support,randi_wild_type,flow,1051,139,0.13225499524262607,0.5049381547393664,0.14667105974353475,0.4866479055377696,27
historical80,event_probability,active_minus_baseline,1,32,33,strong_fixed_support,cook_struct,flow,4503,838,0.18609815678436598,0.5304007788309071,0.21041091373993517,0.5152537508012436,57
historical80,event_probability,active_minus_baseline,1,32,33,strong_fixed_support,cook_chem,flow,4503,746,0.16566733288918498,0.5269951853947699,0.18521357609215447,0.5056179617844538,57
historical80,event_probability,active_minus_baseline,1,32,33,strong_fixed_support,cook_gap,flow,4503,231,0.051299133910726186,0.5544733044733046,0.07205016492888963,0.5175891465856333,47
historical80,event_probability,active_minus_baseline,4,1,5,all_common,randi_wild_type,flow,1646,273,0.16585662211421628,0.5761107064821559,0.2607971501796399,0.529423149297528,44
historical80,event_probability,active_minus_baseline,4,1,5,all_common,cook_struct,flow,6320,1267,0.2004746835443038,0.5509752893988286,0.24235509632992397,0.533332189583497,80
historical80,event_probability,active_minus_baseline,4,1,5,all_common,cook_chem,flow,6320,1145,0.18117088607594936,0.5513916840706284,0.21745440147036224,0.524840422639419,80
historical80,event_probability,active_minus_baseline,4,1,5,all_common,cook_gap,flow,6320,321,0.05079113924050633,0.572690723635663,0.0795167342392056,0.6085567982346223,66
historical80,event_probability,active_minus_baseline,4,1,5,strong_fixed_support,randi_wild_type,flow,1051,139,0.13225499524262607,0.564014577811435,0.207756053633894,0.4944373803124509,27
historical80,event_probability,active_minus_baseline,4,1,5,strong_fixed_support,cook_struct,flow,4503,838,0.18609815678436598,0.5518974235414014,0.22353309605869398,0.5331547701963646,57
historical80,event_probability,active_minus_baseline,4,1,5,strong_fixed_support,cook_chem,flow,4503,746,0.16566733288918498,0.5505858233531545,0.19909583990456778,0.5213109069756501,57
historical80,event_probability,active_minus_baseline,4,1,5,strong_fixed_support,cook_gap,flow,4503,231,0.051299133910726186,0.5803439693889132,0.08124482382462059,0.607943953782561,47
historical80,event_probability,active_minus_baseline,4,2,6,all_common,randi_wild_type,flow,1646,273,0.16585662211421628,0.5697451371158582,0.2661509866672108,0.5325089340222134,44
historical80,event_probability,active_minus_baseline,4,2,6,all_common,cook_struct,flow,6320,1267,0.2004746835443038,0.5548870996638474,0.24401433590500612,0.536796909093676,80
historical80,event_probability,active_minus_baseline,4,2,6,all_common,cook_chem,flow,6320,1145,0.18117088607594936,0.5554487268738266,0.22104744726101216,0.5217515325154402,80
historical80,event_probability,active_minus_baseline,4,2,6,all_common,cook_gap,flow,6320,321,0.05079113924050633,0.5844837067860219,0.08318109336339184,0.6108042311332698,66
historical80,event_probability,active_minus_baseline,4,2,6,strong_fixed_support,randi_wild_type,flow,1051,139,0.13225499524262607,0.5592420800201945,0.19284722695250994,0.5059282198011901,27
historical80,event_probability,active_minus_baseline,4,2,6,strong_fixed_support,cook_struct,flow,4503,838,0.18609815678436598,0.5544234144181398,0.2269775458394094,0.5362308457772366,57
historical80,event_probability,active_minus_baseline,4,2,6,strong_fixed_support,cook_chem,flow,4503,746,0.16566733288918498,0.5544724021861605,0.20364474633788487,0.5158215521288302,57
historical80,event_probability,active_minus_baseline,4,2,6,strong_fixed_support,cook_gap,flow,4503,231,0.051299133910726186,0.5803500494511731,0.08320019926876132,0.6015169978709616,47
historical80,event_probability,active_minus_baseline,4,4,8,all_common,randi_wild_type,flow,1646,273,0.16585662211421628,0.5612105786905495,0.24909767411720427,0.5332072348584037,44
historical80,event_probability,active_minus_baseline,4,4,8,all_common,cook_struct,flow,6320,1267,0.2004746835443038,0.5458434204379121,0.2434041475083603,0.5328860168903881,80
historical80,event_probability,active_minus_baseline,4,4,8,all_common,cook_chem,flow,6320,1145,0.18117088607594936,0.5482091850726747,0.22049624346210017,0.5214033489146592,80
historical80,event_probability,active_minus_baseline,4,4,8,all_common,cook_gap,flow,6320,321,0.05079113924050633,0.5606484777577155,0.08033138378394138,0.5868585296624587,66
historical80,event_probability,active_minus_baseline,4,4,8,strong_fixed_support,randi_wild_type,flow,1051,139,0.13225499524262607,0.5682427742016913,0.20009122219494394,0.5187577364043547,27
historical80,event_probability,active_minus_baseline,4,4,8,strong_fixed_support,cook_struct,flow,4503,838,0.18609815678436598,0.5480928085124395,0.22698687950089738,0.5318979992322601,57
historical80,event_probability,active_minus_baseline,4,4,8,strong_fixed_support,cook_chem,flow,4503,746,0.16566733288918498,0.5502283137606941,0.20332220391255235,0.5158729827848123,57
historical80,event_probability,active_minus_baseline,4,4,8,strong_fixed_support,cook_gap,flow,4503,231,0.051299133910726186,0.5622456507287968,0.08138113023666713,0.5765309544560243,47
historical80,event_probability,active_minus_baseline,4,8,12,all_common,randi_wild_type,flow,1646,273,0.16585662211421628,0.5696490933198872,0.243638584532661,0.5435132244219919,44
historical80,event_probability,active_minus_baseline,4,8,12,all_common,cook_struct,flow,6320,1267,0.2004746835443038,0.5484494976766402,0.2414716424094,0.5364890331588157,80
historical80,event_probability,active_minus_baseline,4,8,12,all_common,cook_chem,flow,6320,1145,0.18117088607594936,0.5509970255047149,0.21984866674109788,0.5294036621646371,80
historical80,event_probability,active_minus_baseline,4,8,12,all_common,cook_gap,flow,6320,321,0.05079113924050633,0.5508459613466211,0.07707367090391719,0.5783387844903937,66
historical80,event_probability,active_minus_baseline,4,8,12,strong_fixed_support,randi_wild_type,flow,1051,139,0.13225499524262607,0.5744430771172535,0.2013580138727699,0.534992056648947,27
historical80,event_probability,active_minus_baseline,4,8,12,strong_fixed_support,cook_struct,flow,4503,838,0.18609815678436598,0.5502015452890823,0.22652328930227936,0.5354194302288391,57
historical80,event_probability,active_minus_baseline,4,8,12,strong_fixed_support,cook_chem,flow,4503,746,0.16566733288918498,0.5533691889527396,0.20447061721443474,0.5269403048454353,57
historical80,event_probability,active_minus_baseline,4,8,12,strong_fixed_support,cook_gap,flow,4503,231,0.051299133910726186,0.5497090690208668,0.08424802893078118,0.5613255051718128,47
historical80,event_probability,active_minus_baseline,4,16,20,all_common,randi_wild_type,flow,1646,273,0.16585662211421628,0.5761480568472557,0.2281925438265674,0.5362828223127323,44
historical80,event_probability,active_minus_baseline,4,16,20,all_common,cook_struct,flow,6320,1267,0.2004746835443038,0.5377798805432736,0.23316601820306151,0.5209026439050357,80
historical80,event_probability,active_minus_baseline,4,16,20,all_common,cook_chem,flow,6320,1145,0.18117088607594936,0.5418588696917916,0.21326102823323573,0.5220956953708533,80
historical80,event_probability,active_minus_baseline,4,16,20,all_common,cook_gap,flow,6320,321,0.05079113924050633,0.5283050809610532,0.06708219712335954,0.5215347519058829,66
historical80,event_probability,active_minus_baseline,4,16,20,strong_fixed_support,randi_wild_type,flow,1051,139,0.13225499524262607,0.5781979679414364,0.21550635177917726,0.5256740073101486,27
historical80,event_probability,active_minus_baseline,4,16,20,strong_fixed_support,cook_struct,flow,4503,838,0.18609815678436598,0.535835012877409,0.21923760406752602,0.522633320418142,57
historical80,event_probability,active_minus_baseline,4,16,20,strong_fixed_support,cook_chem,flow,4503,746,0.16566733288918498,0.5436111751361712,0.1999163439345067,0.5267911189332574,57
historical80,event_probability,active_minus_baseline,4,16,20,strong_fixed_support,cook_gap,flow,4503,231,0.051299133910726186,0.5237770968108046,0.07955755518747559,0.5099251603112462,47
historical80,event_probability,active_minus_baseline,4,32,36,all_common,randi_wild_type,flow,1646,273,0.16585662211421628,0.5865901517758765,0.2133915429218144,0.5763325081455215,44
historical80,event_probability,active_minus_baseline,4,32,36,all_common,cook_struct,flow,6320,1267,0.2004746835443038,0.521813840379585,0.22307400420572562,0.5008176966747658,80
historical80,event_probability,active_minus_baseline,4,32,36,all_common,cook_chem,flow,6320,1145,0.18117088607594936,0.5274618062147965,0.2039852247005391,0.5105818277502943,80
historical80,event_probability,active_minus_baseline,4,32,36,all_common,cook_gap,flow,6320,321,0.05079113924050633,0.5053609661838759,0.061180284561742744,0.46260777863111446,66
historical80,event_probability,active_minus_baseline,4,32,36,strong_fixed_support,randi_wild_type,flow,1051,139,0.13225499524262607,0.5820632967310362,0.1795581855044183,0.5754567473690753,27
historical80,event_probability,active_minus_baseline,4,32,36,strong_fixed_support,cook_struct,flow,4503,838,0.18609815678436598,0.518457511062199,0.21242458308387435,0.5053996971935216,57
historical80,event_probability,active_minus_baseline,4,32,36,strong_fixed_support,cook_chem,flow,4503,746,0.16566733288918498,0.5288098498531071,0.19349569179291898,0.5214761121238842,57
historical80,event_probability,active_minus_baseline,4,32,36,strong_fixed_support,cook_gap,flow,4503,231,0.051299133910726186,0.4873352303127584,0.06797594535779566,0.43830529291370723,47
historical80,event_probability,active_minus_baseline,8,1,9,all_common,randi_wild_type,flow,1646,273,0.16585662211421628,0.6213179876690438,0.2794559080464765,0.5980966099156909,44
historical80,event_probability,active_minus_baseline,8,1,9,all_common,cook_struct,flow,6320,1267,0.2004746835443038,0.5484108387946488,0.24315822920966085,0.5341906387274591,80
historical80,event_probability,active_minus_baseline,8,1,9,all_common,cook_chem,flow,6320,1145,0.18117088607594936,0.5482456384617007,0.21885867451788774,0.5314234061696894,80
historical80,event_probability,active_minus_baseline,8,1,9,all_common,cook_gap,flow,6320,321,0.05079113924050633,0.567587328936962,0.07832122514454565,0.5908604228590759,66
historical80,event_probability,active_minus_baseline,8,1,9,strong_fixed_support,randi_wild_type,flow,1051,139,0.13225499524262607,0.5963413479742522,0.2237287139073353,0.5782099884567778,27
historical80,event_probability,active_minus_baseline,8,1,9,strong_fixed_support,cook_struct,flow,4503,838,0.18609815678436598,0.5280066552273164,0.21071752826886922,0.5131992074584452,57
historical80,event_probability,active_minus_baseline,8,1,9,strong_fixed_support,cook_chem,flow,4503,746,0.16566733288918498,0.5254356300767611,0.1868267926007242,0.5099528404486207,57
historical80,event_probability,active_minus_baseline,8,1,9,strong_fixed_support,cook_gap,flow,4503,231,0.051299133910726186,0.5618484199944874,0.0778874750852853,0.5647052955338191,47
historical80,event_probability,active_minus_baseline,8,2,10,all_common,randi_wild_type,flow,1646,273,0.16585662211421628,0.6040674547593703,0.272125800385546,0.5754277748990727,44
historical80,event_probability,active_minus_baseline,8,2,10,all_common,cook_struct,flow,6320,1267,0.2004746835443038,0.5428983165189325,0.23572814446389384,0.5305673307415895,80
historical80,event_probability,active_minus_baseline,8,2,10,all_common,cook_chem,flow,6320,1145,0.18117088607594936,0.5389856338206443,0.21048043732416855,0.5211349194051371,80
historical80,event_probability,active_minus_baseline,8,2,10,all_common,cook_gap,flow,6320,321,0.05079113924050633,0.5729791933131119,0.07705045340097771,0.6166060032111754,66
historical80,event_probability,active_minus_baseline,8,2,10,strong_fixed_support,randi_wild_type,flow,1051,139,0.13225499524262607,0.5791288022213807,0.22712332198944302,0.5454669314581108,27
historical80,event_probability,active_minus_baseline,8,2,10,strong_fixed_support,cook_struct,flow,4503,838,0.18609815678436598,0.5233577640520045,0.20503326548661316,0.5131530290663272,57
historical80,event_probability,active_minus_baseline,8,2,10,strong_fixed_support,cook_chem,flow,4503,746,0.16566733288918498,0.5175689918586289,0.18062382430673476,0.502006998129021,57
historical80,event_probability,active_minus_baseline,8,2,10,strong_fixed_support,cook_gap,flow,4503,231,0.051299133910726186,0.5697170339024271,0.07723617952594097,0.5898990664463457,47
historical80,event_probability,active_minus_baseline,8,4,12,all_common,randi_wild_type,flow,1646,273,0.16585662211421628,0.613450400049089,0.27266413675088996,0.5808021247274658,44
historical80,event_probability,active_minus_baseline,8,4,12,all_common,cook_struct,flow,6320,1267,0.2004746835443038,0.5467820893321635,0.23702016901717182,0.5385611866021713,80
historical80,event_probability,active_minus_baseline,8,4,12,all_common,cook_chem,flow,6320,1145,0.18117088607594936,0.5391379448558109,0.2102380095903947,0.5290940763480922,80
historical80,event_probability,active_minus_baseline,8,4,12,all_common,cook_gap,flow,6320,321,0.05079113924050633,0.5818929323111485,0.07737231126063829,0.6180780484165356,66
historical80,event_probability,active_minus_baseline,8,4,12,strong_fixed_support,randi_wild_type,flow,1051,139,0.13225499524262607,0.6125283983339644,0.23896695857827424,0.5678470390054446,27
historical80,event_probability,active_minus_baseline,8,4,12,strong_fixed_support,cook_struct,flow,4503,838,0.18609815678436598,0.53371422896717,0.2099821502831357,0.5248127498522752,57
historical80,event_probability,active_minus_baseline,8,4,12,strong_fixed_support,cook_chem,flow,4503,746,0.16566733288918498,0.5221272391624999,0.183906159904199,0.5135260074066632,57
historical80,event_probability,active_minus_baseline,8,4,12,strong_fixed_support,cook_gap,flow,4503,231,0.051299133910726186,0.5835218152633883,0.07959658210794235,0.5957525597576714,47
historical80,event_probability,active_minus_baseline,8,8,16,all_common,randi_wild_type,flow,1646,273,0.16585662211421628,0.6122098343511307,0.26920446499731243,0.5545016289510231,44
historical80,event_probability,active_minus_baseline,8,8,16,all_common,cook_struct,flow,6320,1267,0.2004746835443038,0.543919223398511,0.23594986292476997,0.5249312353483703,80
historical80,event_probability,active_minus_baseline,8,8,16,all_common,cook_chem,flow,6320,1145,0.18117088607594936,0.5379490749530621,0.2106798528292157,0.51493898232217,80
historical80,event_probability,active_minus_baseline,8,8,16,all_common,cook_gap,flow,6320,321,0.05079113924050633,0.5786213590115487,0.07864253776649505,0.5926859344245367,66
historical80,event_probability,active_minus_baseline,8,8,16,strong_fixed_support,randi_wild_type,flow,1051,139,0.13225499524262607,0.5967909882620219,0.2244751525490053,0.5332916850686933,27
historical80,event_probability,active_minus_baseline,8,8,16,strong_fixed_support,cook_struct,flow,4503,838,0.18609815678436598,0.5323426465273323,0.2073884959095314,0.5125744812669535,57
historical80,event_probability,active_minus_baseline,8,8,16,strong_fixed_support,cook_chem,flow,4503,746,0.16566733288918498,0.5230468808536843,0.18211858716681345,0.5001963813232799,57
historical80,event_probability,active_minus_baseline,8,8,16,strong_fixed_support,cook_gap,flow,4503,231,0.051299133910726186,0.5825287384276149,0.08019329495776349,0.5777556525887368,47
historical80,event_probability,active_minus_baseline,8,16,24,all_common,randi_wild_type,flow,1646,273,0.16585662211421628,0.5875612612684717,0.24292819301671004,0.5340707252725859,44
historical80,event_probability,active_minus_baseline,8,16,24,all_common,cook_struct,flow,6320,1267,0.2004746835443038,0.5365313939018308,0.2347116883184733,0.5204576881435348,80
historical80,event_probability,active_minus_baseline,8,16,24,all_common,cook_chem,flow,6320,1145,0.18117088607594936,0.5337579478092104,0.21183145657979968,0.5151241152822793,80
historical80,event_probability,active_minus_baseline,8,16,24,all_common,cook_gap,flow,6320,321,0.05079113924050633,0.5645016640883553,0.08376430742417904,0.5581883471112997,66
historical80,event_probability,active_minus_baseline,8,16,24,strong_fixed_support,randi_wild_type,flow,1051,139,0.13225499524262607,0.5651505111700115,0.1958255026552716,0.505077394578426,27
historical80,event_probability,active_minus_baseline,8,16,24,strong_fixed_support,cook_struct,flow,4503,838,0.18609815678436598,0.5306111152715327,0.21100112063916895,0.5175720263991598,57
historical80,event_probability,active_minus_baseline,8,16,24,strong_fixed_support,cook_chem,flow,4503,746,0.16566733288918498,0.5286036217648414,0.1886007826640248,0.5132971848225697,57
historical80,event_probability,active_minus_baseline,8,16,24,strong_fixed_support,cook_gap,flow,4503,231,0.051299133910726186,0.5611573195842858,0.08636159694544315,0.5404214286548171,47
historical80,event_probability,active_minus_baseline,8,32,40,all_common,randi_wild_type,flow,1646,273,0.16585662211421628,0.557323472836947,0.20418233772924008,0.5190215912781041,44
historical80,event_probability,active_minus_baseline,8,32,40,all_common,cook_struct,flow,6320,1267,0.2004746835443038,0.529205106221331,0.23067528229453108,0.5055989218440062,80
historical80,event_probability,active_minus_baseline,8,32,40,all_common,cook_chem,flow,6320,1145,0.18117088607594936,0.5308776237790858,0.2108779307458301,0.5038329498886845,80
historical80,event_probability,active_minus_baseline,8,32,40,all_common,cook_gap,flow,6320,321,0.05079113924050633,0.5523038886543395,0.07688744172659029,0.5312975319062592,66
historical80,event_probability,active_minus_baseline,8,32,40,strong_fixed_support,randi_wild_type,flow,1051,139,0.13225499524262607,0.5634150574277421,0.17035188694754638,0.5353458761822278,27
historical80,event_probability,active_minus_baseline,8,32,40,strong_fixed_support,cook_struct,flow,4503,838,0.18609815678436598,0.5098659512188769,0.2045074451543421,0.4952432645385859,57
historical80,event_probability,active_minus_baseline,8,32,40,strong_fixed_support,cook_chem,flow,4503,746,0.16566733288918498,0.5142447235223472,0.1841032723587485,0.49524560759432945,57
historical80,event_probability,active_minus_baseline,8,32,40,strong_fixed_support,cook_gap,flow,4503,231,0.051299133910726186,0.5161374985813189,0.07545366699080766,0.49849672868600503,47
historical80,event_probability,active_minus_baseline,16,1,17,all_common,randi_wild_type,flow,1646,273,0.16585662211421628,0.5979099802843431,0.24636258981068207,0.5747388931245528,44
historical80,event_probability,active_minus_baseline,16,1,17,all_common,cook_struct,flow,6320,1267,0.2004746835443038,0.5463371607448809,0.24201308160400992,0.5173740900937155,80
historical80,event_probability,active_minus_baseline,16,1,17,all_common,cook_chem,flow,6320,1145,0.18117088607594936,0.5433354007130351,0.21634414734949772,0.5119163721152133,80
historical80,event_probability,active_minus_baseline,16,1,17,all_common,cook_gap,flow,6320,321,0.05079113924050633,0.5684343029134138,0.07161798446359846,0.5747852247995825,66
historical80,event_probability,active_minus_baseline,16,1,17,strong_fixed_support,randi_wild_type,flow,1051,139,0.13225499524262607,0.6022340022718667,0.1926959001981097,0.5419074769061515,27
historical80,event_probability,active_minus_baseline,16,1,17,strong_fixed_support,cook_struct,flow,4503,838,0.18609815678436598,0.5282124332930677,0.20664369234083077,0.5074714105043461,57
historical80,event_probability,active_minus_baseline,16,1,17,strong_fixed_support,cook_chem,flow,4503,746,0.16566733288918498,0.5290282090053883,0.18194079391285634,0.504290427279527,57
historical80,event_probability,active_minus_baseline,16,1,17,strong_fixed_support,cook_gap,flow,4503,231,0.051299133910726186,0.5519419718857921,0.06880257929523288,0.5705409408249353,47
historical80,event_probability,active_minus_baseline,16,2,18,all_common,randi_wild_type,flow,1646,273,0.16585662211421628,0.5801925678109218,0.22850979158569282,0.5316460507117319,44
historical80,event_probability,active_minus_baseline,16,2,18,all_common,cook_struct,flow,6320,1267,0.2004746835443038,0.5396208243135783,0.24070674767249972,0.5038540424456073,80
historical80,event_probability,active_minus_baseline,16,2,18,all_common,cook_chem,flow,6320,1145,0.18117088607594936,0.533339577663861,0.2151835208389104,0.49045058144877196,80
historical80,event_probability,active_minus_baseline,16,2,18,all_common,cook_gap,flow,6320,321,0.05079113924050633,0.5697637041272196,0.07252929313187048,0.5715857041246961,66
historical80,event_probability,active_minus_baseline,16,2,18,strong_fixed_support,randi_wild_type,flow,1051,139,0.13225499524262607,0.5577117253565569,0.17472129114087864,0.4782562614264733,27
historical80,event_probability,active_minus_baseline,16,2,18,strong_fixed_support,cook_struct,flow,4503,838,0.18609815678436598,0.5192431795315945,0.2068073382986665,0.4930793447885102,57
historical80,event_probability,active_minus_baseline,16,2,18,strong_fixed_support,cook_chem,flow,4503,746,0.16566733288918498,0.5129841632527236,0.18200791674638517,0.47793575948207234,57
historical80,event_probability,active_minus_baseline,16,2,18,strong_fixed_support,cook_gap,flow,4503,231,0.051299133910726186,0.5509195080824294,0.06684501118398463,0.5543809249960161,47
historical80,event_probability,active_minus_baseline,16,4,20,all_common,randi_wild_type,flow,1646,273,0.16585662211421628,0.571663345152056,0.21551221791903707,0.5149359670367893,44
historical80,event_probability,active_minus_baseline,16,4,20,all_common,cook_struct,flow,6320,1267,0.2004746835443038,0.5370385671940572,0.23982020261108863,0.49982009443486863,80
historical80,event_probability,active_minus_baseline,16,4,20,all_common,cook_chem,flow,6320,1145,0.18117088607594936,0.533646731219543,0.21449151108355527,0.4912117511066499,80
historical80,event_probability,active_minus_baseline,16,4,20,all_common,cook_gap,flow,6320,321,0.05079113924050633,0.5673572802112917,0.07798015747290266,0.5606980149598325,66
historical80,event_probability,active_minus_baseline,16,4,20,strong_fixed_support,randi_wild_type,flow,1051,139,0.13225499524262607,0.5356399091253312,0.16284149201361334,0.4571790327358766,27
historical80,event_probability,active_minus_baseline,16,4,20,strong_fixed_support,cook_struct,flow,4503,838,0.18609815678436598,0.5132658476786476,0.20651928530060007,0.4875308203114781,57
historical80,event_probability,active_minus_baseline,16,4,20,strong_fixed_support,cook_chem,flow,4503,746,0.16566733288918498,0.5096181497843881,0.18225262870866607,0.47800957903005736,57
historical80,event_probability,active_minus_baseline,16,4,20,strong_fixed_support,cook_gap,flow,4503,231,0.051299133910726186,0.5529695024077046,0.07126188546585219,0.5482817469993226,47
historical80,event_probability,active_minus_baseline,16,8,24,all_common,randi_wild_type,flow,1646,273,0.16585662211421628,0.5692168962380179,0.22480803088218093,0.5222607028241105,44
historical80,event_probability,active_minus_baseline,16,8,24,all_common,cook_struct,flow,6320,1267,0.2004746835443038,0.5518673333384359,0.24371690411573993,0.5144189850039202,80
historical80,event_probability,active_minus_baseline,16,8,24,all_common,cook_chem,flow,6320,1145,0.18117088607594936,0.5460476341159842,0.21671296545499402,0.5019187479906566,80
historical80,event_probability,active_minus_baseline,16,8,24,all_common,cook_gap,flow,6320,321,0.05079113924050633,0.5841726476738853,0.07673121900249492,0.5635810515622292,66
historical80,event_probability,active_minus_baseline,16,8,24,strong_fixed_support,randi_wild_type,flow,1051,139,0.13225499524262607,0.5375804619462325,0.160490723802855,0.477310205608827,27
historical80,event_probability,active_minus_baseline,16,8,24,strong_fixed_support,cook_struct,flow,4503,838,0.18609815678436598,0.5322019881026415,0.21009208740379215,0.49840164303600853,57
historical80,event_probability,active_minus_baseline,16,8,24,strong_fixed_support,cook_chem,flow,4503,746,0.16566733288918498,0.5219204758802335,0.1822675077883204,0.48220086913810023,57
historical80,event_probability,active_minus_baseline,16,8,24,strong_fixed_support,cook_gap,flow,4503,231,0.051299133910726186,0.5858585858585859,0.0785530765904823,0.5655560466025533,47
historical80,event_probability,active_minus_baseline,16,16,32,all_common,randi_wild_type,flow,1646,273,0.16585662211421628,0.563446264830096,0.22238547746137025,0.5291110627945779,44
historical80,event_probability,active_minus_baseline,16,16,32,all_common,cook_struct,flow,6320,1267,0.2004746835443038,0.5483572630511214,0.24114916671887424,0.5153915844685685,80
historical80,event_probability,active_minus_baseline,16,16,32,all_common,cook_chem,flow,6320,1145,0.18117088607594936,0.5389150897622513,0.21212374242407261,0.5007852941522776,80
historical80,event_probability,active_minus_baseline,16,16,32,all_common,cook_gap,flow,6320,321,0.05079113924050633,0.5653855081765964,0.07528694982383188,0.5457990218386822,66
historical80,event_probability,active_minus_baseline,16,16,32,strong_fixed_support,randi_wild_type,flow,1051,139,0.13225499524262607,0.5625236652783037,0.17596610234293586,0.5171852085087346,27
historical80,event_probability,active_minus_baseline,16,16,32,strong_fixed_support,cook_struct,flow,4503,838,0.18609815678436598,0.5303926388757745,0.20905821961016913,0.5027142491321273,57
historical80,event_probability,active_minus_baseline,16,16,32,strong_fixed_support,cook_chem,flow,4503,746,0.16566733288918498,0.5155816381360692,0.1786557390625893,0.4842659558241782,57
historical80,event_probability,active_minus_baseline,16,16,32,strong_fixed_support,cook_gap,flow,4503,231,0.051299133910726186,0.5748769800736093,0.07609307069090862,0.545778928333997,47
historical80,event_probability,active_minus_baseline,16,32,48,all_common,randi_wild_type,flow,1646,273,0.16585662211421628,0.5529961662518108,0.19408447710655952,0.5335412764394176,44
historical80,event_probability,active_minus_baseline,16,32,48,all_common,cook_struct,flow,6320,1267,0.2004746835443038,0.534919826164675,0.2341674093512443,0.49373782998285487,80
historical80,event_probability,active_minus_baseline,16,32,48,all_common,cook_chem,flow,6320,1145,0.18117088607594936,0.5284776912853617,0.2066736429399745,0.48074589473793294,80
historical80,event_probability,active_minus_baseline,16,32,48,all_common,cook_gap,flow,6320,321,0.05079113924050633,0.5539744682265321,0.07379001097409343,0.5196130488534625,66
historical80,event_probability,active_minus_baseline,16,32,48,strong_fixed_support,randi_wild_type,flow,1051,139,0.13225499524262607,0.5521109428246876,0.17034674779862297,0.5439724602489121,27
historical80,event_probability,active_minus_baseline,16,32,48,strong_fixed_support,cook_struct,flow,4503,838,0.18609815678436598,0.519605244735891,0.2083552364772629,0.4820935633718068,57
historical80,event_probability,active_minus_baseline,16,32,48,strong_fixed_support,cook_chem,flow,4503,746,0.16566733288918498,0.5104205839894217,0.1790258181178217,0.4654456439684848,57
historical80,event_probability,active_minus_baseline,16,32,48,strong_fixed_support,cook_gap,flow,4503,231,0.051299133910726186,0.5447066977965854,0.07248927172328287,0.5099316195731076,47
historical80,endpoint_sd,state_average,1,1,2,all_common,randi_wild_type,flow,1646,273,0.16585662211421628,0.5510432757337346,0.20230038988880694,0.4887179550839613,44
historical80,endpoint_sd,state_average,1,1,2,all_common,cook_struct,flow,6320,1267,0.2004746835443038,0.48315136584563534,0.19237476997180325,0.49147077655267185,80
historical80,endpoint_sd,state_average,1,1,2,all_common,cook_chem,flow,6320,1145,0.18117088607594936,0.4885511887433285,0.1750248457355288,0.48961396613475794,80
historical80,endpoint_sd,state_average,1,1,2,all_common,cook_gap,flow,6320,321,0.05079113924050633,0.4809882643992067,0.049967931806554934,0.5118325901931778,66
historical80,endpoint_sd,state_average,1,1,2,strong_fixed_support,randi_wild_type,flow,1051,139,0.13225499524262607,0.5092767890950398,0.1386445087526934,0.48789258356707055,27
historical80,endpoint_sd,state_average,1,1,2,strong_fixed_support,cook_struct,flow,4503,838,0.18609815678436598,0.48475614322413857,0.1840429085801574,0.5007185693387218,57
historical80,endpoint_sd,state_average,1,1,2,strong_fixed_support,cook_chem,flow,4503,746,0.16566733288918498,0.49207377684979103,0.1659581097274465,0.4969512474136229,57
historical80,endpoint_sd,state_average,1,1,2,strong_fixed_support,cook_gap,flow,4503,231,0.051299133910726186,0.4925711772621885,0.05875955285838846,0.5423992763550605,47
historical80,endpoint_sd,state_average,1,2,3,all_common,randi_wild_type,flow,1646,273,0.16585662211421628,0.5405131406588071,0.19769522737314485,0.4648078730504368,44
historical80,endpoint_sd,state_average,1,2,3,all_common,cook_struct,flow,6320,1267,0.2004746835443038,0.4844121139910633,0.19527892275312428,0.49001722487901833,80
historical80,endpoint_sd,state_average,1,2,3,all_common,cook_chem,flow,6320,1145,0.18117088607594936,0.4876446638398413,0.17719931061037927,0.48704937530264153,80
historical80,endpoint_sd,state_average,1,2,3,all_common,cook_gap,flow,6320,321,0.05079113924050633,0.4943588728962615,0.05261086236038955,0.5129510414871402,66
historical80,endpoint_sd,state_average,1,2,3,strong_fixed_support,randi_wild_type,flow,1051,139,0.13225499524262607,0.4981619967184147,0.1352864698986374,0.470985410916098,27
historical80,endpoint_sd,state_average,1,2,3,strong_fixed_support,cook_struct,flow,4503,838,0.18609815678436598,0.4796685084671813,0.18302723119183373,0.49212677567831864,57
historical80,endpoint_sd,state_average,1,2,3,strong_fixed_support,cook_chem,flow,4503,746,0.16566733288918498,0.48316440232031577,0.1635466726191307,0.48661386611554475,57
historical80,endpoint_sd,state_average,1,2,3,strong_fixed_support,cook_gap,flow,4503,231,0.051299133910726186,0.4996731966535337,0.06496326707462374,0.5454081975693169,47
historical80,endpoint_sd,state_average,1,4,5,all_common,randi_wild_type,flow,1646,273,0.16585662211421628,0.5251087829383532,0.20140726142673346,0.4756633831040727,44
historical80,endpoint_sd,state_average,1,4,5,all_common,cook_struct,flow,6320,1267,0.2004746835443038,0.5023532715801299,0.2038363402198319,0.5080600840199059,80
historical80,endpoint_sd,state_average,1,4,5,all_common,cook_chem,flow,6320,1145,0.18117088607594936,0.5056387148492711,0.1849062283529923,0.5036105331626521,80
historical80,endpoint_sd,state_average,1,4,5,all_common,cook_gap,flow,6320,321,0.05079113924050633,0.5046331709490522,0.05353486318341724,0.5162639836184848,66
historical80,endpoint_sd,state_average,1,4,5,strong_fixed_support,randi_wild_type,flow,1051,139,0.13225499524262607,0.48492521772056035,0.1422896145710636,0.4803034291827724,27
historical80,endpoint_sd,state_average,1,4,5,strong_fixed_support,cook_struct,flow,4503,838,0.18609815678436598,0.4976358314312972,0.1902115984408495,0.5160191213778799,57
historical80,endpoint_sd,state_average,1,4,5,strong_fixed_support,cook_chem,flow,4503,746,0.16566733288918498,0.4999493349679347,0.16923232355914783,0.508545194660353,57
historical80,endpoint_sd,state_average,1,4,5,strong_fixed_support,cook_gap,flow,4503,231,0.051299133910726186,0.4889251665937059,0.05648374348763984,0.527212283990092,47
historical80,endpoint_sd,state_average,1,8,9,all_common,randi_wild_type,flow,1646,273,0.16585662211421628,0.5202852500740337,0.19010043166488788,0.51983010659166,44
historical80,endpoint_sd,state_average,1,8,9,all_common,cook_struct,flow,6320,1267,0.2004746835443038,0.5056605194098046,0.20952469070689306,0.5028445557228167,80
historical80,endpoint_sd,state_average,1,8,9,all_common,cook_chem,flow,6320,1145,0.18117088607594936,0.5010153787734953,0.18850595877076404,0.49933470539325386,80
historical80,endpoint_sd,state_average,1,8,9,all_common,cook_gap,flow,6320,321,0.05079113924050633,0.5318575941265392,0.057287061844049005,0.5274902000305332,66
historical80,endpoint_sd,state_average,1,8,9,strong_fixed_support,randi_wild_type,flow,1051,139,0.13225499524262607,0.4876309478732803,0.15024357730243681,0.518325323718844,27
historical80,endpoint_sd,state_average,1,8,9,strong_fixed_support,cook_struct,flow,4503,838,0.18609815678436598,0.4999746033399864,0.1932650645482482,0.5028547834471996,57
historical80,endpoint_sd,state_average,1,8,9,strong_fixed_support,cook_chem,flow,4503,746,0.16566733288918498,0.4953894820820617,0.1708164770030371,0.49947391655413187,57
historical80,endpoint_sd,state_average,1,8,9,strong_fixed_support,cook_gap,flow,4503,231,0.051299133910726186,0.5219915851938324,0.056494293076726154,0.5322863843680408,47
historical80,endpoint_sd,state_average,1,16,17,all_common,randi_wild_type,flow,1646,273,0.16585662211421628,0.5030293813979174,0.19093341356543173,0.5204994899667057,44
historical80,endpoint_sd,state_average,1,16,17,all_common,cook_struct,flow,6320,1267,0.2004746835443038,0.4899890677367653,0.20389545340837112,0.48559422998695567,80
historical80,endpoint_sd,state_average,1,16,17,all_common,cook_chem,flow,6320,1145,0.18117088607594936,0.4847122755943717,0.18351309429019966,0.481206193709102,80
historical80,endpoint_sd,state_average,1,16,17,all_common,cook_gap,flow,6320,321,0.05079113924050633,0.512665921994268,0.05322437636034001,0.5089865768216502,66
historical80,endpoint_sd,state_average,1,16,17,strong_fixed_support,randi_wild_type,flow,1051,139,0.13225499524262607,0.49102297109680676,0.15596611399296467,0.5210440912120011,27
historical80,endpoint_sd,state_average,1,16,17,strong_fixed_support,cook_struct,flow,4503,838,0.18609815678436598,0.49282772273359227,0.18683860343238842,0.488936156421562,57
historical80,endpoint_sd,state_average,1,16,17,strong_fixed_support,cook_chem,flow,4503,746,0.16566733288918498,0.4854659149212801,0.16521139835742552,0.48458566061448377,57
historical80,endpoint_sd,state_average,1,16,17,strong_fixed_support,cook_gap,flow,4503,231,0.051299133910726186,0.505202506607001,0.050988338489033794,0.49843054967744477,47
historical80,endpoint_sd,state_average,1,32,33,all_common,randi_wild_type,flow,1646,273,0.16585662211421628,0.5129192244997052,0.19556165263879907,0.5576285293125726,44
historical80,endpoint_sd,state_average,1,32,33,all_common,cook_struct,flow,6320,1267,0.2004746835443038,0.5018777282822602,0.20674437317731215,0.5050252838354718,80
historical80,endpoint_sd,state_average,1,32,33,all_common,cook_chem,flow,6320,1145,0.18117088607594936,0.4949036980781807,0.1848030776221113,0.49941658897273167,80
historical80,endpoint_sd,state_average,1,32,33,all_common,cook_gap,flow,6320,321,0.05079113924050633,0.515043784555993,0.05227785781728144,0.546632855257891,66
historical80,endpoint_sd,state_average,1,32,33,strong_fixed_support,randi_wild_type,flow,1051,139,0.13225499524262607,0.5125110437965417,0.15002197160988473,0.5675362752270041,27
historical80,endpoint_sd,state_average,1,32,33,strong_fixed_support,cook_struct,flow,4503,838,0.18609815678436598,0.5070205485027366,0.19053473386240122,0.50237630108718,57
historical80,endpoint_sd,state_average,1,32,33,strong_fixed_support,cook_chem,flow,4503,746,0.16566733288918498,0.5001612717922077,0.1671575535991927,0.5006622106684433,57
historical80,endpoint_sd,state_average,1,32,33,strong_fixed_support,cook_gap,flow,4503,231,0.051299133910726186,0.5153866108922289,0.052337073967577405,0.5210616481253564,47
historical80,endpoint_sd,state_average,4,1,5,all_common,randi_wild_type,flow,1646,273,0.16585662211421628,0.5450298669526636,0.21821036592410428,0.5079860794790673,44
historical80,endpoint_sd,state_average,4,1,5,all_common,cook_struct,flow,6320,1267,0.2004746835443038,0.497842834384881,0.20670850677375777,0.4973166240152169,80
historical80,endpoint_sd,state_average,4,1,5,all_common,cook_chem,flow,6320,1145,0.18117088607594936,0.5006631647786005,0.18603984201469254,0.5056677536222282,80
historical80,endpoint_sd,state_average,4,1,5,all_common,cook_gap,flow,6320,321,0.05079113924050633,0.5064052731530021,0.0576836500244092,0.49345103528868195,66
historical80,endpoint_sd,state_average,4,1,5,strong_fixed_support,randi_wild_type,flow,1051,139,0.13225499524262607,0.5128660229710967,0.15759742170165908,0.5175445400977721,27
historical80,endpoint_sd,state_average,4,1,5,strong_fixed_support,cook_struct,flow,4503,838,0.18609815678436598,0.4847046987077007,0.1833928668218909,0.49551019269249424,57
historical80,endpoint_sd,state_average,4,1,5,strong_fixed_support,cook_chem,flow,4503,746,0.16566733288918498,0.48885547692564585,0.1644013129128645,0.5078799546114032,57
historical80,endpoint_sd,state_average,4,1,5,strong_fixed_support,cook_gap,flow,4503,231,0.051299133910726186,0.49807971366960135,0.05377262689030293,0.4841784642628387,47
historical80,endpoint_sd,state_average,4,2,6,all_common,randi_wild_type,flow,1646,273,0.16585662211421628,0.5418684253352862,0.2204755761759401,0.5278974834358815,44
historical80,endpoint_sd,state_average,4,2,6,all_common,cook_struct,flow,6320,1267,0.2004746835443038,0.4989059145902682,0.20585162279537084,0.49952467329653877,80
historical80,endpoint_sd,state_average,4,2,6,all_common,cook_chem,flow,6320,1145,0.18117088607594936,0.49995890555450084,0.18528566020739418,0.5048320863309023,80
historical80,endpoint_sd,state_average,4,2,6,all_common,cook_gap,flow,6320,321,0.05079113924050633,0.5024217431877276,0.056170533820644644,0.5106740119970697,66
historical80,endpoint_sd,state_average,4,2,6,strong_fixed_support,randi_wild_type,flow,1051,139,0.13225499524262607,0.529826139088729,0.1620324140674258,0.5704550162904142,27
historical80,endpoint_sd,state_average,4,2,6,strong_fixed_support,cook_struct,flow,4503,838,0.18609815678436598,0.49664503609256105,0.18490800805188076,0.5053066392256842,57
historical80,endpoint_sd,state_average,4,2,6,strong_fixed_support,cook_chem,flow,4503,746,0.16566733288918498,0.49759769252890584,0.1649014796875441,0.5115542880974343,57
historical80,endpoint_sd,state_average,4,2,6,strong_fixed_support,cook_gap,flow,4503,231,0.051299133910726186,0.5176098869919095,0.05500137534470616,0.5332539493916627,47
historical80,endpoint_sd,state_average,4,4,8,all_common,randi_wild_type,flow,1646,273,0.16585662211421628,0.5445603195056946,0.2137236933585864,0.5481366017294361,44
historical80,endpoint_sd,state_average,4,4,8,all_common,cook_struct,flow,6320,1267,0.2004746835443038,0.4944884149093016,0.202361891156916,0.4888362199388351,80
historical80,endpoint_sd,state_average,4,4,8,all_common,cook_chem,flow,6320,1145,0.18117088607594936,0.49446684808978336,0.18120992117018087,0.4946780947829083,80
historical80,endpoint_sd,state_average,4,4,8,all_common,cook_gap,flow,6320,321,0.05079113924050633,0.5024284940532664,0.05359053423508975,0.49054629551647516,66
historical80,endpoint_sd,state_average,4,4,8,strong_fixed_support,randi_wild_type,flow,1051,139,0.13225499524262607,0.5445459421936136,0.16431066235194214,0.5797244107183142,27
historical80,endpoint_sd,state_average,4,4,8,strong_fixed_support,cook_struct,flow,4503,838,0.18609815678436598,0.48954325083760136,0.18179577901437505,0.49417070565385657,57
historical80,endpoint_sd,state_average,4,4,8,strong_fixed_support,cook_chem,flow,4503,746,0.16566733288918498,0.4902443053574347,0.1612648053399675,0.5027806336424435,57
historical80,endpoint_sd,state_average,4,4,8,strong_fixed_support,cook_gap,flow,4503,231,0.051299133910726186,0.5122898325145516,0.05343710754824546,0.5103703887368476,47
historical80,endpoint_sd,state_average,4,8,12,all_common,randi_wild_type,flow,1646,273,0.16585662211421628,0.5244871661477634,0.20220652371266207,0.5082298109640078,44
historical80,endpoint_sd,state_average,4,8,12,all_common,cook_struct,flow,6320,1267,0.2004746835443038,0.4969623490604954,0.20411596900238904,0.493060536713673,80
historical80,endpoint_sd,state_average,4,8,12,all_common,cook_chem,flow,6320,1145,0.18117088607594936,0.4902184249941987,0.18100132855394668,0.48871331988058164,80
historical80,endpoint_sd,state_average,4,8,12,all_common,cook_gap,flow,6320,321,0.05079113924050633,0.5118667233739371,0.05331166307853454,0.5059612564004734,66
historical80,endpoint_sd,state_average,4,8,12,strong_fixed_support,randi_wild_type,flow,1051,139,0.13225499524262607,0.5290451849047078,0.1594402635372676,0.5307346316659552,27
historical80,endpoint_sd,state_average,4,8,12,strong_fixed_support,cook_struct,flow,4503,838,0.18609815678436598,0.49446450491164895,0.18277511732400256,0.4936098540315934,57
historical80,endpoint_sd,state_average,4,8,12,strong_fixed_support,cook_chem,flow,4503,746,0.16566733288918498,0.49001506392713945,0.16120332291731274,0.49194032229260964,57
historical80,endpoint_sd,state_average,4,8,12,strong_fixed_support,cook_gap,flow,4503,231,0.051299133910726186,0.5077865330674319,0.051490406440915924,0.4910652571611176,47
historical80,endpoint_sd,state_average,4,16,20,all_common,randi_wild_type,flow,1646,273,0.16585662211421628,0.5216111880350773,0.20517085522164946,0.5376458020709355,44
historical80,endpoint_sd,state_average,4,16,20,all_common,cook_struct,flow,6320,1267,0.2004746835443038,0.5055639893529534,0.20562425818773628,0.4992680790268995,80
historical80,endpoint_sd,state_average,4,16,20,all_common,cook_chem,flow,6320,1145,0.18117088607594936,0.5028620129527667,0.18519828760481838,0.5055635263643088,80
historical80,endpoint_sd,state_average,4,16,20,all_common,cook_gap,flow,6320,321,0.05079113924050633,0.5152717560922666,0.05203066672665754,0.47362525396884586,66
historical80,endpoint_sd,state_average,4,16,20,strong_fixed_support,randi_wild_type,flow,1051,139,0.13225499524262607,0.5280985737725609,0.1578014333813971,0.556040940306173,27
historical80,endpoint_sd,state_average,4,16,20,strong_fixed_support,cook_struct,flow,4503,838,0.18609815678436598,0.5057891360902819,0.18610009978287437,0.49535846201560796,57
historical80,endpoint_sd,state_average,4,16,20,strong_fixed_support,cook_chem,flow,4503,746,0.16566733288918498,0.5033421081363046,0.16506286562479522,0.5052896654328872,57
historical80,endpoint_sd,state_average,4,16,20,strong_fixed_support,cook_gap,flow,4503,231,0.051299133910726186,0.5092487880409229,0.051470698643460544,0.45788663975771243,47
historical80,endpoint_sd,state_average,4,32,36,all_common,randi_wild_type,flow,1646,273,0.16585662211421628,0.5315117026697507,0.1958708073407046,0.5490340215043065,44
historical80,endpoint_sd,state_average,4,32,36,all_common,cook_struct,flow,6320,1267,0.2004746835443038,0.5030784184877864,0.2036583830412113,0.47824113416472985,80
historical80,endpoint_sd,state_average,4,32,36,all_common,cook_chem,flow,6320,1145,0.18117088607594936,0.500153829926376,0.18305468864618807,0.47312252035094104,80
historical80,endpoint_sd,state_average,4,32,36,all_common,cook_gap,flow,6320,321,0.05079113924050633,0.5057800391446342,0.051104311381206705,0.464731206417806,66
historical80,endpoint_sd,state_average,4,32,36,strong_fixed_support,randi_wild_type,flow,1051,139,0.13225499524262607,0.5370756026757542,0.15672356849543623,0.5637380027798667,27
historical80,endpoint_sd,state_average,4,32,36,strong_fixed_support,cook_struct,flow,4503,838,0.18609815678436598,0.5008214842719787,0.18601168070693802,0.46544333299855073,57
historical80,endpoint_sd,state_average,4,32,36,strong_fixed_support,cook_chem,flow,4503,746,0.16566733288918498,0.4956970402344578,0.16352668206766716,0.45920590916258264,57
historical80,endpoint_sd,state_average,4,32,36,strong_fixed_support,cook_gap,flow,4503,231,0.051299133910726186,0.5089640384584204,0.051786270827519645,0.45833227327107173,47
historical80,endpoint_sd,state_average,8,1,9,all_common,randi_wild_type,flow,1646,273,0.16585662211421628,0.5644573925710125,0.2207255709371006,0.5742942519650952,44
historical80,endpoint_sd,state_average,8,1,9,all_common,cook_struct,flow,6320,1267,0.2004746835443038,0.5058768529514533,0.20468494391279965,0.4913286651154321,80
historical80,endpoint_sd,state_average,8,1,9,all_common,cook_chem,flow,6320,1145,0.18117088607594936,0.501847393624876,0.18332281868426098,0.4830439939395104,80
historical80,endpoint_sd,state_average,8,1,9,all_common,cook_gap,flow,6320,321,0.05079113924050633,0.5007288338295219,0.050060892441746954,0.508147079283413,66
historical80,endpoint_sd,state_average,8,1,9,strong_fixed_support,randi_wild_type,flow,1051,139,0.13225499524262607,0.5574514072952165,0.17585670158388805,0.5706712895329388,27
historical80,endpoint_sd,state_average,8,1,9,strong_fixed_support,cook_struct,flow,4503,838,0.18609815678436598,0.5001520543618764,0.18302256132364694,0.4869192451671727,57
historical80,endpoint_sd,state_average,8,1,9,strong_fixed_support,cook_chem,flow,4503,746,0.16566733288918498,0.49445717413286083,0.16122352937206735,0.4762936012965497,57
historical80,endpoint_sd,state_average,8,1,9,strong_fixed_support,cook_gap,flow,4503,231,0.051299133910726186,0.5132991228496846,0.051620599966398055,0.5343145997756585,47
historical80,endpoint_sd,state_average,8,2,10,all_common,randi_wild_type,flow,1646,273,0.16585662211421628,0.5655672319911212,0.21871969066038255,0.5703936891410543,44
historical80,endpoint_sd,state_average,8,2,10,all_common,cook_struct,flow,6320,1267,0.2004746835443038,0.5049609107938879,0.20424952869972973,0.4962671583267017,80
historical80,endpoint_sd,state_average,8,2,10,all_common,cook_chem,flow,6320,1145,0.18117088607594936,0.5000449760563677,0.18260953118098103,0.48833802858206427,80
historical80,endpoint_sd,state_average,8,2,10,all_common,cook_gap,flow,6320,321,0.05079113924050633,0.49869993908642096,0.04974445999743298,0.4994719716220646,66
historical80,endpoint_sd,state_average,8,2,10,strong_fixed_support,randi_wild_type,flow,1051,139,0.13225499524262607,0.545650321847785,0.17358658479399217,0.5536338337286333,27
historical80,endpoint_sd,state_average,8,2,10,strong_fixed_support,cook_struct,flow,4503,838,0.18609815678436598,0.5036209776411712,0.18368016547302535,0.49568793367509956,57
historical80,endpoint_sd,state_average,8,2,10,strong_fixed_support,cook_chem,flow,4503,746,0.16566733288918498,0.49479505994529605,0.16112554348380556,0.48406220717070897,57
historical80,endpoint_sd,state_average,8,2,10,strong_fixed_support,cook_gap,flow,4503,231,0.051299133910726186,0.5266965400392366,0.05274741424365778,0.5346836802391792,47
historical80,endpoint_sd,state_average,8,4,12,all_common,randi_wild_type,flow,1646,273,0.16585662211421628,0.559441772114751,0.209112422309755,0.573179037833856,44
historical80,endpoint_sd,state_average,8,4,12,all_common,cook_struct,flow,6320,1267,0.2004746835443038,0.5133710529476733,0.20782879015763825,0.5102026244858592,80
historical80,endpoint_sd,state_average,8,4,12,all_common,cook_chem,flow,6320,1145,0.18117088607594936,0.510353184397612,0.18616614493701028,0.5064459478925223,80
historical80,endpoint_sd,state_average,8,4,12,all_common,cook_gap,flow,6320,321,0.05079113924050633,0.5125511572801074,0.05088034716414126,0.5145449523406861,66
historical80,endpoint_sd,state_average,8,4,12,strong_fixed_support,randi_wild_type,flow,1051,139,0.13225499524262607,0.5404281837687746,0.16409506136589896,0.5585517215698054,27
historical80,endpoint_sd,state_average,8,4,12,strong_fixed_support,cook_struct,flow,4503,838,0.18609815678436598,0.5127461929429845,0.18622980839690156,0.5089207514793741,57
historical80,endpoint_sd,state_average,8,4,12,strong_fixed_support,cook_chem,flow,4503,746,0.16566733288918498,0.5068019589527609,0.1643104831894661,0.5028136814856365,57
historical80,endpoint_sd,state_average,8,4,12,strong_fixed_support,cook_gap,flow,4503,231,0.051299133910726186,0.53180987239976,0.053112732225522374,0.5444588896120345,47
historical80,endpoint_sd,state_average,8,8,16,all_common,randi_wild_type,flow,1646,273,0.16585662211421628,0.5405398194910213,0.19828299497797783,0.5668092440985079,44
historical80,endpoint_sd,state_average,8,8,16,all_common,cook_struct,flow,6320,1267,0.2004746835443038,0.5081407795598698,0.20526659956528573,0.506489034120442,80
historical80,endpoint_sd,state_average,8,8,16,all_common,cook_chem,flow,6320,1145,0.18117088607594936,0.5037156298124591,0.18445333845830997,0.5036356255036238,80
historical80,endpoint_sd,state_average,8,8,16,all_common,cook_gap,flow,6320,321,0.05079113924050633,0.5053962784036176,0.04954101586716588,0.5077312591556563,66
historical80,endpoint_sd,state_average,8,8,16,strong_fixed_support,randi_wild_type,flow,1051,139,0.13225499524262607,0.5338492364003534,0.16202267855513197,0.5520260962980224,27
historical80,endpoint_sd,state_average,8,8,16,strong_fixed_support,cook_struct,flow,4503,838,0.18609815678436598,0.5111335050321203,0.18563408164057416,0.5070880976142199,57
historical80,endpoint_sd,state_average,8,8,16,strong_fixed_support,cook_chem,flow,4503,746,0.16566733288918498,0.5044075009936769,0.163578447724734,0.5041075034377305,57
historical80,endpoint_sd,state_average,8,8,16,strong_fixed_support,cook_gap,flow,4503,231,0.051299133910726186,0.527174838270344,0.05234721314868524,0.5270891489160248,47
historical80,endpoint_sd,state_average,8,16,24,all_common,randi_wild_type,flow,1646,273,0.16585662211421628,0.5283155785704947,0.19060972268056564,0.57963513502648,44
historical80,endpoint_sd,state_average,8,16,24,all_common,cook_struct,flow,6320,1267,0.2004746835443038,0.4989523833474093,0.202317890388845,0.5015552291114768,80
historical80,endpoint_sd,state_average,8,16,24,all_common,cook_chem,flow,6320,1145,0.18117088607594936,0.49453308862308293,0.1821314818161025,0.49967080197695635,80
historical80,endpoint_sd,state_average,8,16,24,all_common,cook_gap,flow,6320,321,0.05079113924050633,0.5015449096136999,0.04878270309197038,0.5117767833862896,66
historical80,endpoint_sd,state_average,8,16,24,strong_fixed_support,randi_wild_type,flow,1051,139,0.13225499524262607,0.5315773696832008,0.1592826982363557,0.5751580078477644,27
historical80,endpoint_sd,state_average,8,16,24,strong_fixed_support,cook_struct,flow,4503,838,0.18609815678436598,0.5059060258459855,0.18384135220339778,0.5012914278838175,57
historical80,endpoint_sd,state_average,8,16,24,strong_fixed_support,cook_chem,flow,4503,746,0.16566733288918498,0.4985892286141829,0.1615482605271009,0.49928836360420453,57
historical80,endpoint_sd,state_average,8,16,24,strong_fixed_support,cook_gap,flow,4503,231,0.051299133910726186,0.5173839113445855,0.05115123371448837,0.5116056884160798,47
historical80,endpoint_sd,state_average,8,32,40,all_common,randi_wild_type,flow,1646,273,0.16585662211421628,0.5180815785331445,0.19377431876076517,0.542758080229362,44
historical80,endpoint_sd,state_average,8,32,40,all_common,cook_struct,flow,6320,1267,0.2004746835443038,0.509898001468569,0.20613529237614328,0.5116427543891315,80
historical80,endpoint_sd,state_average,8,32,40,all_common,cook_chem,flow,6320,1145,0.18117088607594936,0.5049349619222412,0.18539692903952693,0.5065621426546485,80
historical80,endpoint_sd,state_average,8,32,40,all_common,cook_gap,flow,6320,321,0.05079113924050633,0.5027047602430104,0.04979364783925707,0.48982825359623927,66
historical80,endpoint_sd,state_average,8,32,40,strong_fixed_support,randi_wild_type,flow,1051,139,0.13225499524262607,0.5356004669948251,0.16332972775647525,0.5641951820552974,27
historical80,endpoint_sd,state_average,8,32,40,strong_fixed_support,cook_struct,flow,4503,838,0.18609815678436598,0.514369951192829,0.18984731093510665,0.5093906503559851,57
historical80,endpoint_sd,state_average,8,32,40,strong_fixed_support,cook_chem,flow,4503,746,0.16566733288918498,0.5046693892580142,0.16591265128253702,0.5037584695244252,57
historical80,endpoint_sd,state_average,8,32,40,strong_fixed_support,cook_gap,flow,4503,231,0.051299133910726186,0.5226614053861244,0.05260988082779791,0.4946673265019368,47
historical80,endpoint_sd,state_average,16,1,17,all_common,randi_wild_type,flow,1646,273,0.16585662211421628,0.5487222173311029,0.1994317768807572,0.531569941608767,44
historical80,endpoint_sd,state_average,16,1,17,all_common,cook_struct,flow,6320,1267,0.2004746835443038,0.5236284648706349,0.21595812928275934,0.5055421851827447,80
historical80,endpoint_sd,state_average,16,1,17,all_common,cook_chem,flow,6320,1145,0.18117088607594936,0.5153816425120773,0.1921343107463099,0.5005435387082706,80
historical80,endpoint_sd,state_average,16,1,17,all_common,cook_gap,flow,6320,321,0.05079113924050633,0.5446977403814447,0.05686816656348833,0.5205988221718394,66
historical80,endpoint_sd,state_average,16,1,17,strong_fixed_support,randi_wild_type,flow,1051,139,0.13225499524262607,0.5638568092894106,0.17086808113549207,0.5563256848559321,27
historical80,endpoint_sd,state_average,16,1,17,strong_fixed_support,cook_struct,flow,4503,838,0.18609815678436598,0.5181731010298671,0.19524676994481954,0.4981149292975889,57
historical80,endpoint_sd,state_average,16,1,17,strong_fixed_support,cook_chem,flow,4503,746,0.16566733288918498,0.5088776196854344,0.16956649591652492,0.4939354232911498,57
historical80,endpoint_sd,state_average,16,1,17,strong_fixed_support,cook_gap,flow,4503,231,0.051299133910726186,0.55089822786452,0.05915823993086884,0.5223648904832154,47
historical80,endpoint_sd,state_average,16,2,18,all_common,randi_wild_type,flow,1646,273,0.16585662211421628,0.5471668414130177,0.19872992224555747,0.523181793103687,44
historical80,endpoint_sd,state_average,16,2,18,all_common,cook_struct,flow,6320,1267,0.2004746835443038,0.5220320482912696,0.21541523730068834,0.5040411177346185,80
historical80,endpoint_sd,state_average,16,2,18,all_common,cook_chem,flow,6320,1145,0.18117088607594936,0.5141493998270151,0.19191654739490976,0.49863735263544645,80
historical80,endpoint_sd,state_average,16,2,18,all_common,cook_gap,flow,6320,321,0.05079113924050633,0.540830533022378,0.05629104954104244,0.522931353132515,66
historical80,endpoint_sd,state_average,16,2,18,strong_fixed_support,randi_wild_type,flow,1051,139,0.13225499524262607,0.5604332323614792,0.1662614147716312,0.5430693249917911,27
historical80,endpoint_sd,state_average,16,2,18,strong_fixed_support,cook_struct,flow,4503,838,0.18609815678436598,0.516332982772599,0.19493421761497268,0.49567429534796587,57
historical80,endpoint_sd,state_average,16,2,18,strong_fixed_support,cook_chem,flow,4503,746,0.16566733288918498,0.5067602138207071,0.16961205958986642,0.4908477737279275,57
historical80,endpoint_sd,state_average,16,2,18,strong_fixed_support,cook_gap,flow,4503,231,0.051299133910726186,0.5466107706276246,0.058236418246779775,0.5133247643503352,47
historical80,endpoint_sd,state_average,16,4,20,all_common,randi_wild_type,flow,1646,273,0.16585662211421628,0.5625818706663571,0.20633904466318553,0.547377813465724,44
historical80,endpoint_sd,state_average,16,4,20,all_common,cook_struct,flow,6320,1267,0.2004746835443038,0.5207268619562394,0.21407777660100755,0.5027284771232887,80
historical80,endpoint_sd,state_average,16,4,20,all_common,cook_chem,flow,6320,1145,0.18117088607594936,0.5142309136552539,0.19128408634901883,0.5034758236847804,80
historical80,endpoint_sd,state_average,16,4,20,all_common,cook_gap,flow,6320,321,0.05079113924050633,0.5362373479692099,0.05514011539298025,0.4970672653032921,66
historical80,endpoint_sd,state_average,16,4,20,strong_fixed_support,randi_wild_type,flow,1051,139,0.13225499524262607,0.5737646724725483,0.168199094225871,0.5696090831197105,27
historical80,endpoint_sd,state_average,16,4,20,strong_fixed_support,cook_struct,flow,4503,838,0.18609815678436598,0.5214572473276526,0.19695360998499925,0.5002634819083405,57
historical80,endpoint_sd,state_average,16,4,20,strong_fixed_support,cook_chem,flow,4503,746,0.16566733288918498,0.5128360929125328,0.1719362380224036,0.5026104959634465,57
historical80,endpoint_sd,state_average,16,4,20,strong_fixed_support,cook_gap,flow,4503,231,0.051299133910726186,0.5435271657181769,0.05764880225243615,0.48916155645541287,47
historical80,endpoint_sd,state_average,16,8,24,all_common,randi_wild_type,flow,1646,273,0.16585662211421628,0.56671442177633,0.2064674979339249,0.57574815760331,44
historical80,endpoint_sd,state_average,16,8,24,all_common,cook_struct,flow,6320,1267,0.2004746835443038,0.5200561498783768,0.21247250678117957,0.5033431000497457,80
historical80,endpoint_sd,state_average,16,8,24,all_common,cook_chem,flow,6320,1145,0.18117088607594936,0.5139541379237601,0.18973009422727083,0.5048818887239542,80
historical80,endpoint_sd,state_average,16,8,24,all_common,cook_gap,flow,6320,321,0.05079113924050633,0.5342972530728123,0.05559488992292976,0.48743472465317983,66
historical80,endpoint_sd,state_average,16,8,24,strong_fixed_support,randi_wild_type,flow,1051,139,0.13225499524262607,0.5710352770415247,0.16769159472178302,0.5970432689451285,27
historical80,endpoint_sd,state_average,16,8,24,strong_fixed_support,cook_struct,flow,4503,838,0.18609815678436598,0.5189322332455304,0.19575159166845668,0.49623477100987023,57
historical80,endpoint_sd,state_average,16,8,24,strong_fixed_support,cook_chem,flow,4503,746,0.16566733288918498,0.510770244069872,0.17151104601924605,0.500209657056328,57
historical80,endpoint_sd,state_average,16,8,24,strong_fixed_support,cook_gap,flow,4503,231,0.051299133910726186,0.5401071306970182,0.056793730897887,0.47696815633267525,47
historical80,endpoint_sd,state_average,16,16,32,all_common,randi_wild_type,flow,1646,273,0.16585662211421628,0.5491143961646511,0.1998917582120754,0.5508478140818132,44
historical80,endpoint_sd,state_average,16,16,32,all_common,cook_struct,flow,6320,1267,0.2004746835443038,0.5147073225857997,0.2116443129492413,0.5010136959127778,80
historical80,endpoint_sd,state_average,16,16,32,all_common,cook_chem,flow,6320,1145,0.18117088607594936,0.5107929877855831,0.18925160383828027,0.5042887349840657,80
historical80,endpoint_sd,state_average,16,16,32,all_common,cook_gap,flow,6320,321,0.05079113924050633,0.5254048052660906,0.05598404246618798,0.4925880274952832,66
historical80,endpoint_sd,state_average,16,16,32,strong_fixed_support,randi_wild_type,flow,1051,139,0.13225499524262607,0.5608355420926416,0.16583227290221195,0.5760589506822656,27
historical80,endpoint_sd,state_average,16,16,32,strong_fixed_support,cook_struct,flow,4503,838,0.18609815678436598,0.5166302539340404,0.19458492800509206,0.49194133395556755,57
historical80,endpoint_sd,state_average,16,16,32,strong_fixed_support,cook_chem,flow,4503,746,0.16566733288918498,0.5107284989378182,0.17080267044523925,0.4980585714194028,57
historical80,endpoint_sd,state_average,16,16,32,strong_fixed_support,cook_gap,flow,4503,231,0.051299133910726186,0.5332812474666406,0.05621718836401948,0.4721828309638807,47
historical80,endpoint_sd,state_average,16,32,48,all_common,randi_wild_type,flow,1646,273,0.16585662211421628,0.5521784600444469,0.20439453888545886,0.5362557019323211,44
historical80,endpoint_sd,state_average,16,32,48,all_common,cook_struct,flow,6320,1267,0.2004746835443038,0.5154487921325193,0.20919606917334604,0.5032995846326702,80
historical80,endpoint_sd,state_average,16,32,48,all_common,cook_chem,flow,6320,1145,0.18117088607594936,0.5151000569584203,0.18924039373399326,0.5078286062916846,80
historical80,endpoint_sd,state_average,16,32,48,all_common,cook_gap,flow,6320,321,0.05079113924050633,0.5299673517756593,0.05818908687944305,0.5339683262169205,66
historical80,endpoint_sd,state_average,16,32,48,strong_fixed_support,randi_wild_type,flow,1051,139,0.13225499524262607,0.5695364760822921,0.1672456573688584,0.5545088290518888,27
historical80,endpoint_sd,state_average,16,32,48,strong_fixed_support,cook_struct,flow,4503,838,0.18609815678436598,0.5108121396034865,0.18758387930163434,0.49157812101548803,57
historical80,endpoint_sd,state_average,16,32,48,strong_fixed_support,cook_chem,flow,4503,746,0.16566733288918498,0.5071526894212126,0.1661002714555207,0.4979094359520075,57
historical80,endpoint_sd,state_average,16,32,48,strong_fixed_support,cook_gap,flow,4503,231,0.051299133910726186,0.5318473661170291,0.05411674377535031,0.49922608917909317,47
historical80,endpoint_sd,baseline,1,1,2,all_common,randi_wild_type,flow,1646,273,0.16585662211421628,0.49987060766376135,0.1778772284275871,0.43736947273088905,44
historical80,endpoint_sd,baseline,1,1,2,all_common,cook_struct,flow,6320,1267,0.2004746835443038,0.49611794535930187,0.20262711833477642,0.4958043143155037,80
historical80,endpoint_sd,baseline,1,1,2,all_common,cook_chem,flow,6320,1145,0.18117088607594936,0.49889720059911824,0.18538320072110853,0.4942919043452747,80
historical80,endpoint_sd,baseline,1,1,2,all_common,cook_gap,flow,6320,321,0.05079113924050633,0.4888151140454873,0.049802814426956665,0.5224001137434353,66
historical80,endpoint_sd,baseline,1,1,2,strong_fixed_support,randi_wild_type,flow,1051,139,0.13225499524262607,0.48218004543733434,0.14591097403158065,0.4093201473295561,27
historical80,endpoint_sd,baseline,1,1,2,strong_fixed_support,cook_struct,flow,4503,838,0.18609815678436598,0.48694286077095145,0.17977071681216725,0.5040957786939548,57
historical80,endpoint_sd,baseline,1,1,2,strong_fixed_support,cook_chem,flow,4503,746,0.16566733288918498,0.4884273217250944,0.16118586440339774,0.501111413202093,57
historical80,endpoint_sd,baseline,1,1,2,strong_fixed_support,cook_gap,flow,4503,231,0.051299133910726186,0.5046917813771745,0.0510922755860328,0.5368836498765024,47
historical80,endpoint_sd,baseline,1,2,3,all_common,randi_wild_type,flow,1646,273,0.16585662211421628,0.5172785456834984,0.1787905081597725,0.4885574185495777,44
historical80,endpoint_sd,baseline,1,2,3,all_common,cook_struct,flow,6320,1267,0.2004746835443038,0.5082051329311039,0.2045509296308766,0.4985759447001607,80
historical80,endpoint_sd,baseline,1,2,3,all_common,cook_chem,flow,6320,1145,0.18117088607594936,0.5110052950235218,0.18720530942794072,0.5036764492504978,80
historical80,endpoint_sd,baseline,1,2,3,all_common,cook_gap,flow,6320,321,0.05079113924050633,0.5072049910706822,0.049952780073766356,0.5111999268892369,66
historical80,endpoint_sd,baseline,1,2,3,strong_fixed_support,randi_wild_type,flow,1051,139,0.13225499524262607,0.5085904960242332,0.1491443998799118,0.4899350786865326,27
historical80,endpoint_sd,baseline,1,2,3,strong_fixed_support,cook_struct,flow,4503,838,0.18609815678436598,0.4960801232063609,0.18228403873866544,0.5048175694179495,57
historical80,endpoint_sd,baseline,1,2,3,strong_fixed_support,cook_chem,flow,4503,746,0.16566733288918498,0.49887716298655377,0.16360551042801114,0.5101397379015936,57
historical80,endpoint_sd,baseline,1,2,3,strong_fixed_support,cook_gap,flow,4503,231,0.051299133910726186,0.5092275078230135,0.05183696662402895,0.5194358111100513,47
historical80,endpoint_sd,baseline,1,4,5,all_common,randi_wild_type,flow,1646,273,0.16585662211421628,0.5212350165008577,0.17781318895943965,0.5090626940526244,44
historical80,endpoint_sd,baseline,1,4,5,all_common,cook_struct,flow,6320,1267,0.2004746835443038,0.5069485240195053,0.20740844258707497,0.48537548280498477,80
historical80,endpoint_sd,baseline,1,4,5,all_common,cook_chem,flow,6320,1145,0.18117088607594936,0.5086857793810519,0.18848265743593848,0.48752760071897716,80
historical80,endpoint_sd,baseline,1,4,5,all_common,cook_gap,flow,6320,321,0.05079113924050633,0.5132662297298771,0.05297400183140984,0.4923009068890427,66
historical80,endpoint_sd,baseline,1,4,5,strong_fixed_support,randi_wild_type,flow,1051,139,0.13225499524262607,0.5133393285371702,0.13961590855545097,0.5131928530301123,27
historical80,endpoint_sd,baseline,1,4,5,strong_fixed_support,cook_struct,flow,4503,838,0.18609815678436598,0.48875416358705026,0.18521425812228434,0.48002984186048486,57
historical80,endpoint_sd,baseline,1,4,5,strong_fixed_support,cook_chem,flow,4503,746,0.16566733288918498,0.48951911748650057,0.16527071040667946,0.48166090599385614,57
historical80,endpoint_sd,baseline,1,4,5,strong_fixed_support,cook_gap,flow,4503,231,0.051299133910726186,0.501608176467727,0.05312413629228687,0.4765226406272596,47
historical80,endpoint_sd,baseline,1,8,9,all_common,randi_wild_type,flow,1646,273,0.16585662211421628,0.5190660274418468,0.1918360234290821,0.4861134996580867,44
historical80,endpoint_sd,baseline,1,8,9,all_common,cook_struct,flow,6320,1267,0.2004746835443038,0.5111464100112603,0.2117862359324922,0.4988425912025821,80
historical80,endpoint_sd,baseline,1,8,9,all_common,cook_chem,flow,6320,1145,0.18117088607594936,0.5152560808387655,0.1936815505749898,0.502564394317411,80
historical80,endpoint_sd,baseline,1,8,9,all_common,cook_gap,flow,6320,321,0.05079113924050633,0.4978919124111547,0.051139625221888,0.4844515854509051,66
historical80,endpoint_sd,baseline,1,8,9,strong_fixed_support,randi_wild_type,flow,1051,139,0.13225499524262607,0.49624510917581727,0.14903155008156238,0.473744361637203,27
historical80,endpoint_sd,baseline,1,8,9,strong_fixed_support,cook_struct,flow,4503,838,0.18609815678436598,0.4940407388474475,0.19178657233768331,0.49313846697799585,57
historical80,endpoint_sd,baseline,1,8,9,strong_fixed_support,cook_chem,flow,4503,746,0.16566733288918498,0.495569842460294,0.1719653830409104,0.49593772005181685,57
historical80,endpoint_sd,baseline,1,8,9,strong_fixed_support,cook_gap,flow,4503,231,0.051299133910726186,0.5010143570536829,0.05287631873648609,0.49074236397790927,47
historical80,endpoint_sd,baseline,1,16,17,all_common,randi_wild_type,flow,1646,273,0.16585662211421628,0.5321439909932262,0.18893246266104563,0.5152009937019962,44
historical80,endpoint_sd,baseline,1,16,17,all_common,cook_struct,flow,6320,1267,0.2004746835443038,0.514630317216823,0.21557355078547397,0.4967137038982908,80
historical80,endpoint_sd,baseline,1,16,17,all_common,cook_chem,flow,6320,1145,0.18117088607594936,0.5179098369301521,0.19714950798516473,0.5049894461954139,80
historical80,endpoint_sd,baseline,1,16,17,all_common,cook_gap,flow,6320,321,0.05079113924050633,0.5114211662483726,0.05201601539886037,0.46139950386369316,66
historical80,endpoint_sd,baseline,1,16,17,strong_fixed_support,randi_wild_type,flow,1051,139,0.13225499524262607,0.5407752745172283,0.15750427105671255,0.5375184427426953,27
historical80,endpoint_sd,baseline,1,16,17,strong_fixed_support,cook_struct,flow,4503,838,0.18609815678436598,0.5012496459119518,0.1908744616248068,0.4932767233579499,57
historical80,endpoint_sd,baseline,1,16,17,strong_fixed_support,cook_chem,flow,4503,746,0.16566733288918498,0.5024115841671062,0.16987939550986997,0.5012671616415718,57
historical80,endpoint_sd,baseline,1,16,17,strong_fixed_support,cook_gap,flow,4503,231,0.051299133910726186,0.5034190216774486,0.05191339605526947,0.46101037575442466,47
historical80,endpoint_sd,baseline,1,32,33,all_common,randi_wild_type,flow,1646,273,0.16585662211421628,0.5473082392237527,0.19679084938472843,0.5451941481017145,44
historical80,endpoint_sd,baseline,1,32,33,all_common,cook_struct,flow,6320,1267,0.2004746835443038,0.5122145666354949,0.21341917231472143,0.49489034671107646,80
historical80,endpoint_sd,baseline,1,32,33,all_common,cook_chem,flow,6320,1145,0.18117088607594936,0.5083906081893551,0.19062744668316478,0.5005229611151606,80
historical80,endpoint_sd,baseline,1,32,33,all_common,cook_gap,flow,6320,321,0.05079113924050633,0.527166261874383,0.056159529055125654,0.494250633476822,66
historical80,endpoint_sd,baseline,1,32,33,strong_fixed_support,randi_wild_type,flow,1051,139,0.13225499524262607,0.5353874794900921,0.15459168917665705,0.5470097432746479,27
historical80,endpoint_sd,baseline,1,32,33,strong_fixed_support,cook_struct,flow,4503,838,0.18609815678436598,0.4997974779163017,0.19309549837674483,0.48547318464174843,57
historical80,endpoint_sd,baseline,1,32,33,strong_fixed_support,cook_chem,flow,4503,746,0.16566733288918498,0.4943965188127827,0.16742847260341903,0.49404930966787236,57
historical80,endpoint_sd,baseline,1,32,33,strong_fixed_support,cook_gap,flow,4503,231,0.051299133910726186,0.5136102193686463,0.05823011839809478,0.4804896249685468,47
historical80,endpoint_sd,baseline,4,1,5,all_common,randi_wild_type,flow,1646,273,0.16585662211421628,0.5816465641665933,0.22788748333590225,0.5703781565117546,44
historical80,endpoint_sd,baseline,4,1,5,all_common,cook_struct,flow,6320,1267,0.2004746835443038,0.5111652318103712,0.2092772707433295,0.49441948948501524,80
historical80,endpoint_sd,baseline,4,1,5,all_common,cook_chem,flow,6320,1145,0.18117088607594936,0.5131963799759509,0.19030033235104454,0.49834467615591843,80
historical80,endpoint_sd,baseline,4,1,5,all_common,cook_gap,flow,6320,321,0.05079113924050633,0.5018609020506533,0.053303611632797405,0.47776357443131623,66
historical80,endpoint_sd,baseline,4,1,5,strong_fixed_support,randi_wild_type,flow,1051,139,0.13225499524262607,0.5454846648996592,0.16081017395425107,0.5678147982651096,27
historical80,endpoint_sd,baseline,4,1,5,strong_fixed_support,cook_struct,flow,4503,838,0.18609815678436598,0.49310610919912606,0.18491104603428304,0.49141184248063685,57
historical80,endpoint_sd,baseline,4,1,5,strong_fixed_support,cook_chem,flow,4503,746,0.16566733288918498,0.49590933385473124,0.16629150264580267,0.49827076314532426,57
historical80,endpoint_sd,baseline,4,1,5,strong_fixed_support,cook_gap,flow,4503,231,0.051299133910726186,0.47714403262156074,0.048753838973037575,0.4458440109345597,47
historical80,endpoint_sd,baseline,4,2,6,all_common,randi_wild_type,flow,1646,273,0.16585662211421628,0.5593217173697873,0.21860642085244134,0.528615525132656,44
historical80,endpoint_sd,baseline,4,2,6,all_common,cook_struct,flow,6320,1267,0.2004746835443038,0.5115148799208266,0.2109225925388773,0.5025720164888456,80
historical80,endpoint_sd,baseline,4,2,6,all_common,cook_chem,flow,6320,1145,0.18117088607594936,0.5142131088749657,0.19191459226632818,0.5092564834942814,80
historical80,endpoint_sd,baseline,4,2,6,all_common,cook_gap,flow,6320,321,0.05079113924050633,0.5147524587431238,0.05393576941718462,0.5117697621492101,66
historical80,endpoint_sd,baseline,4,2,6,strong_fixed_support,randi_wild_type,flow,1051,139,0.13225499524262607,0.5249274264798688,0.15793559681330663,0.5154213513050181,27
historical80,endpoint_sd,baseline,4,2,6,strong_fixed_support,cook_struct,flow,4503,838,0.18609815678436598,0.49911193089503697,0.18487034071215208,0.5025388540323736,57
historical80,endpoint_sd,baseline,4,2,6,strong_fixed_support,cook_chem,flow,4503,746,0.16566733288918498,0.5033558447823223,0.16637821229809785,0.5140475688411754,57
historical80,endpoint_sd,baseline,4,2,6,strong_fixed_support,cook_gap,flow,4503,231,0.051299133910726186,0.49259043079267795,0.04968677670904394,0.49376864321225,47
historical80,endpoint_sd,baseline,4,4,8,all_common,randi_wild_type,flow,1646,273,0.16585662211421628,0.5558001115175186,0.22590139356911068,0.5342038153776213,44
historical80,endpoint_sd,baseline,4,4,8,all_common,cook_struct,flow,6320,1267,0.2004746835443038,0.5080498726131264,0.21495452531583648,0.49285259480902555,80
historical80,endpoint_sd,baseline,4,4,8,all_common,cook_chem,flow,6320,1145,0.18117088607594936,0.5115819673860305,0.19480111164371566,0.5024628113685088,80
historical80,endpoint_sd,baseline,4,4,8,all_common,cook_gap,flow,6320,321,0.05079113924050633,0.5001752628553356,0.055166047113350575,0.494508345847082,66
historical80,endpoint_sd,baseline,4,4,8,strong_fixed_support,randi_wild_type,flow,1051,139,0.13225499524262607,0.5267338760570491,0.16206037580067112,0.5222575362144702,27
historical80,endpoint_sd,baseline,4,4,8,strong_fixed_support,cook_struct,flow,4503,838,0.18609815678436598,0.49465921263841994,0.18786841226028558,0.4902875719578479,57
historical80,endpoint_sd,baseline,4,4,8,strong_fixed_support,cook_chem,flow,4503,746,0.16566733288918498,0.4989934784827036,0.16890687268616678,0.5049226778953393,57
historical80,endpoint_sd,baseline,4,4,8,strong_fixed_support,cook_gap,flow,4503,231,0.051299133910726186,0.48519606174100555,0.050334584630143085,0.476690905810184,47
historical80,endpoint_sd,baseline,4,8,12,all_common,randi_wild_type,flow,1646,273,0.16585662211421628,0.5452753122090339,0.2195415451799797,0.5161510639190277,44
historical80,endpoint_sd,baseline,4,8,12,all_common,cook_struct,flow,6320,1267,0.2004746835443038,0.5001439359990103,0.20450837566593266,0.4864469017753281,80
historical80,endpoint_sd,baseline,4,8,12,all_common,cook_chem,flow,6320,1145,0.18117088607594936,0.5003998903023015,0.18555191431904228,0.4849588775643994,80
historical80,endpoint_sd,baseline,4,8,12,all_common,cook_gap,flow,6320,321,0.05079113924050633,0.48972700019058213,0.05117514787139857,0.47866810954293937,66
historical80,endpoint_sd,baseline,4,8,12,strong_fixed_support,randi_wild_type,flow,1051,139,0.13225499524262607,0.518324813833144,0.16818607506124894,0.4984827201190267,27
historical80,endpoint_sd,baseline,4,8,12,strong_fixed_support,cook_struct,flow,4503,838,0.18609815678436598,0.480231304965047,0.1793240370134186,0.47965987090160983,57
historical80,endpoint_sd,baseline,4,8,12,strong_fixed_support,cook_chem,flow,4503,746,0.16566733288918498,0.481152964867725,0.16040791234976956,0.47969593930249693,57
historical80,endpoint_sd,baseline,4,8,12,strong_fixed_support,cook_gap,flow,4503,231,0.051299133910726186,0.4600246039852781,0.04606320641413684,0.4445522798176782,47
historical80,endpoint_sd,baseline,4,16,20,all_common,randi_wild_type,flow,1646,273,0.16585662211421628,0.5410173705876546,0.21742285505988468,0.5234702823483297,44
historical80,endpoint_sd,baseline,4,16,20,all_common,cook_struct,flow,6320,1267,0.2004746835443038,0.5099893770078213,0.20585481253307114,0.4996514925923097,80
historical80,endpoint_sd,baseline,4,16,20,all_common,cook_chem,flow,6320,1145,0.18117088607594936,0.5084257114528616,0.1858204500906988,0.5030549343314732,80
historical80,endpoint_sd,baseline,4,16,20,all_common,cook_gap,flow,6320,321,0.05079113924050633,0.5194952014328452,0.05292394015294271,0.5077520362987907,66
historical80,endpoint_sd,baseline,4,16,20,strong_fixed_support,randi_wild_type,flow,1051,139,0.13225499524262607,0.5435441120787581,0.1715618654276882,0.5207653324504137,27
historical80,endpoint_sd,baseline,4,16,20,strong_fixed_support,cook_struct,flow,4503,838,0.18609815678436598,0.5058584885080113,0.18511036289797522,0.5055194982552017,57
historical80,endpoint_sd,baseline,4,16,20,strong_fixed_support,cook_chem,flow,4503,746,0.16566733288918498,0.5064469469323036,0.16552256953460215,0.5117818338440179,57
historical80,endpoint_sd,baseline,4,16,20,strong_fixed_support,cook_gap,flow,4503,231,0.051299133910726186,0.5003222432997714,0.04950280034387543,0.4749113996445925,47
historical80,endpoint_sd,baseline,4,32,36,all_common,randi_wild_type,flow,1646,273,0.16585662211421628,0.5471721771794605,0.209781884106545,0.5403398943626428,44
historical80,endpoint_sd,baseline,4,32,36,all_common,cook_struct,flow,6320,1267,0.2004746835443038,0.5049709074340796,0.20622716912608424,0.4810806332396641,80
historical80,endpoint_sd,baseline,4,32,36,all_common,cook_chem,flow,6320,1145,0.18117088607594936,0.5012602577895914,0.18598624923017773,0.4748768207756937,80
historical80,endpoint_sd,baseline,4,32,36,all_common,cook_gap,flow,6320,321,0.05079113924050633,0.5332321742097202,0.055451119311317014,0.5361902121710905,66
historical80,endpoint_sd,baseline,4,32,36,strong_fixed_support,randi_wild_type,flow,1051,139,0.13225499524262607,0.5291713997223273,0.1590410817111823,0.5358538714901744,27
historical80,endpoint_sd,baseline,4,32,36,strong_fixed_support,cook_struct,flow,4503,838,0.18609815678436598,0.49832479723371764,0.1857712749075431,0.4705690156834553,57
historical80,endpoint_sd,baseline,4,32,36,strong_fixed_support,cook_chem,flow,4503,746,0.16566733288918498,0.4923056942500897,0.16454759591512663,0.46278499491370206,57
historical80,endpoint_sd,baseline,4,32,36,strong_fixed_support,cook_gap,flow,4503,231,0.051299133910726186,0.5304813787959856,0.05494245635953578,0.5041507257872813,47
historical80,endpoint_sd,baseline,8,1,9,all_common,randi_wild_type,flow,1646,273,0.16585662211421628,0.5707082429587892,0.2218579266479212,0.5697676248196814,44
historical80,endpoint_sd,baseline,8,1,9,all_common,cook_struct,flow,6320,1267,0.2004746835443038,0.4988139142610038,0.207247076277058,0.4806769143038977,80
historical80,endpoint_sd,baseline,8,1,9,all_common,cook_chem,flow,6320,1145,0.18117088607594936,0.49621180094086875,0.18797505961293767,0.4695037522027601,80
historical80,endpoint_sd,baseline,8,1,9,all_common,cook_gap,flow,6320,321,0.05079113924050633,0.4874452076384485,0.0496493720427762,0.47484369415296795,66
historical80,endpoint_sd,baseline,8,1,9,strong_fixed_support,randi_wild_type,flow,1051,139,0.13225499524262607,0.5746481761958854,0.18546663740470296,0.6023107388144672,27
historical80,endpoint_sd,baseline,8,1,9,strong_fixed_support,cook_struct,flow,4503,838,0.18609815678436598,0.4939301982567472,0.18120657078159613,0.4844483254830843,57
historical80,endpoint_sd,baseline,8,1,9,strong_fixed_support,cook_chem,flow,4503,746,0.16566733288918498,0.48606461861005124,0.1581097270375065,0.46852786580865496,57
historical80,endpoint_sd,baseline,8,1,9,strong_fixed_support,cook_gap,flow,4503,231,0.051299133910726186,0.5059422475152813,0.05336159435553517,0.5005540099935689,47
historical80,endpoint_sd,baseline,8,2,10,all_common,randi_wild_type,flow,1646,273,0.16585662211421628,0.5709216736165025,0.22307645564079434,0.5658290886702573,44
historical80,endpoint_sd,baseline,8,2,10,all_common,cook_struct,flow,6320,1267,0.2004746835443038,0.49965894275220935,0.2091565232282701,0.48621509520137796,80
historical80,endpoint_sd,baseline,8,2,10,all_common,cook_chem,flow,6320,1145,0.18117088607594936,0.49907440457355023,0.1903899159654373,0.47688483147128585,80
historical80,endpoint_sd,baseline,8,2,10,all_common,cook_gap,flow,6320,321,0.05079113924050633,0.4925914443684539,0.05077026000992035,0.4851024363297548,66
historical80,endpoint_sd,baseline,8,2,10,strong_fixed_support,randi_wild_type,flow,1051,139,0.13225499524262607,0.5783872901678657,0.18539868494765543,0.5936869482154477,27
historical80,endpoint_sd,baseline,8,2,10,strong_fixed_support,cook_struct,flow,4503,838,0.18609815678436598,0.4910066519713343,0.18060013755267262,0.4851157824489606,57
historical80,endpoint_sd,baseline,8,2,10,strong_fixed_support,cook_chem,flow,4503,746,0.16566733288918498,0.48610422296610223,0.15799102249662916,0.4718485037530139,57
historical80,endpoint_sd,baseline,8,2,10,strong_fixed_support,cook_gap,flow,4503,231,0.051299133910726186,0.5087360361236766,0.054546380370295314,0.5119563131295198,47
historical80,endpoint_sd,baseline,8,4,12,all_common,randi_wild_type,flow,1646,273,0.16585662211421628,0.5510993012813843,0.2188939338330646,0.5386776546849182,44
historical80,endpoint_sd,baseline,8,4,12,all_common,cook_struct,flow,6320,1267,0.2004746835443038,0.5151131236985819,0.21363166057607474,0.5049814667613299,80
historical80,endpoint_sd,baseline,8,4,12,all_common,cook_chem,flow,6320,1145,0.18117088607594936,0.5154377571039808,0.19454813878106453,0.5023952586624585,80
historical80,endpoint_sd,baseline,8,4,12,all_common,cook_gap,flow,6320,321,0.05079113924050633,0.512473262677736,0.05265038706949534,0.5304143321865329,66
historical80,endpoint_sd,baseline,8,4,12,strong_fixed_support,randi_wild_type,flow,1051,139,0.13225499524262607,0.5557396188312508,0.1777561342416007,0.5672872909169757,27
historical80,endpoint_sd,baseline,8,4,12,strong_fixed_support,cook_struct,flow,4503,838,0.18609815678436598,0.5124420842192318,0.189131368878217,0.5096284212802075,57
historical80,endpoint_sd,baseline,8,4,12,strong_fixed_support,cook_chem,flow,4503,746,0.16566733288918498,0.5111969720864217,0.16713889103710455,0.5064697088091633,57
historical80,endpoint_sd,baseline,8,4,12,strong_fixed_support,cook_gap,flow,4503,231,0.051299133910726186,0.5256386092060249,0.057617279895643615,0.5565251715329359,47
historical80,endpoint_sd,baseline,8,8,16,all_common,randi_wild_type,flow,1646,273,0.16585662211421628,0.5202052135773914,0.20008778253640522,0.5039725379121284,44
historical80,endpoint_sd,baseline,8,8,16,all_common,cook_struct,flow,6320,1267,0.2004746835443038,0.5115322959424107,0.20967330448627164,0.49688136060575766,80
historical80,endpoint_sd,baseline,8,8,16,all_common,cook_chem,flow,6320,1145,0.18117088607594936,0.5103341138746493,0.18973883442160233,0.4899429600462229,80
historical80,endpoint_sd,baseline,8,8,16,all_common,cook_gap,flow,6320,321,0.05079113924050633,0.5186046064790653,0.053816334663778415,0.5275805606118371,66
historical80,endpoint_sd,baseline,8,8,16,strong_fixed_support,randi_wild_type,flow,1051,139,0.13225499524262607,0.5180171652151964,0.1591318035795571,0.5144572429249077,27
historical80,endpoint_sd,baseline,8,8,16,strong_fixed_support,cook_struct,flow,4503,838,0.18609815678436598,0.508500066747632,0.18908450163197665,0.501838360789594,57
historical80,endpoint_sd,baseline,8,8,16,strong_fixed_support,cook_chem,flow,4503,746,0.16566733288918498,0.5056256025392458,0.16588377083528727,0.49358810513717405,57
historical80,endpoint_sd,baseline,8,8,16,strong_fixed_support,cook_gap,flow,4503,231,0.051299133910726186,0.528556025747037,0.05860862317981265,0.5374270701443787,47
historical80,endpoint_sd,baseline,8,16,24,all_common,randi_wild_type,flow,1646,273,0.16585662211421628,0.5319705785838342,0.19070720191261115,0.5233695644209682,44
historical80,endpoint_sd,baseline,8,16,24,all_common,cook_struct,flow,6320,1267,0.2004746835443038,0.524920296319159,0.21232948623382258,0.5159081525175366,80
historical80,endpoint_sd,baseline,8,16,24,all_common,cook_chem,flow,6320,1145,0.18117088607594936,0.5214147627787271,0.1908982444755602,0.5080798132223421,80
historical80,endpoint_sd,baseline,8,16,24,all_common,cook_gap,flow,6320,321,0.05079113924050633,0.5224074209668381,0.05393804370125302,0.5298835432775544,66
historical80,endpoint_sd,baseline,8,16,24,strong_fixed_support,randi_wild_type,flow,1051,139,0.13225499524262607,0.529337056670453,0.15212290609477394,0.5234841061311235,27
historical80,endpoint_sd,baseline,8,16,24,strong_fixed_support,cook_struct,flow,4503,838,0.18609815678436598,0.5325998691095215,0.19428090906915368,0.5250761876500508,57
historical80,endpoint_sd,baseline,8,16,24,strong_fixed_support,cook_chem,flow,4503,746,0.16566733288918498,0.5280224010800929,0.1699614029334937,0.5174181625019212,57
historical80,endpoint_sd,baseline,8,16,24,strong_fixed_support,cook_gap,flow,4503,231,0.051299133910726186,0.5322050764466495,0.057479085987138016,0.5298313233102688,47
historical80,endpoint_sd,baseline,8,32,40,all_common,randi_wild_type,flow,1646,273,0.16585662211421628,0.5220567245330537,0.19654418317619182,0.5036820906339785,44
historical80,endpoint_sd,baseline,8,32,40,all_common,cook_struct,flow,6320,1267,0.2004746835443038,0.5128263922547281,0.20841251627902796,0.4947663294253103,80
historical80,endpoint_sd,baseline,8,32,40,all_common,cook_chem,flow,6320,1145,0.18117088607594936,0.5094224416176191,0.18720556067702457,0.4944828226747514,80
historical80,endpoint_sd,baseline,8,32,40,all_common,cook_gap,flow,6320,321,0.05079113924050633,0.5184425857061328,0.053592692703224136,0.5006073494464036,66
historical80,endpoint_sd,baseline,8,32,40,strong_fixed_support,randi_wild_type,flow,1051,139,0.13225499524262607,0.5152562160797678,0.14586349008347843,0.5009360362607768,27
historical80,endpoint_sd,baseline,8,32,40,strong_fixed_support,cook_struct,flow,4503,838,0.18609815678436598,0.5086283524405214,0.18735783757723,0.4880615197064256,57
historical80,endpoint_sd,baseline,8,32,40,strong_fixed_support,cook_chem,flow,4503,746,0.16566733288918498,0.502805130155613,0.16335320178178167,0.48920675609700087,57
historical80,endpoint_sd,baseline,8,32,40,strong_fixed_support,cook_gap,flow,4503,231,0.051299133910726186,0.5231853040841805,0.055861665013463596,0.4759076030253381,47
historical80,endpoint_sd,baseline,16,1,17,all_common,randi_wild_type,flow,1646,273,0.16585662211421628,0.5820093962847058,0.21175161887069782,0.5608107700022423,44
historical80,endpoint_sd,baseline,16,1,17,all_common,cook_struct,flow,6320,1267,0.2004746835443038,0.5144570941860009,0.21947907675588874,0.4913227723561409,80
historical80,endpoint_sd,baseline,16,1,17,all_common,cook_chem,flow,6320,1145,0.18117088607594936,0.5168239984811088,0.19858677977580716,0.4924823549687572,80
historical80,endpoint_sd,baseline,16,1,17,all_common,cook_gap,flow,6320,321,0.05079113924050633,0.5242493686642478,0.06218908843946616,0.5037733318857214,66
historical80,endpoint_sd,baseline,16,1,17,strong_fixed_support,randi_wild_type,flow,1051,139,0.13225499524262607,0.5607803231099331,0.1605827488478358,0.5625447349902237,27
historical80,endpoint_sd,baseline,16,1,17,strong_fixed_support,cook_struct,flow,4503,838,0.18609815678436598,0.5099880505458654,0.19381801505704993,0.4860722807021149,57
historical80,endpoint_sd,baseline,16,1,17,strong_fixed_support,cook_chem,flow,4503,746,0.16566733288918498,0.5124796537080738,0.17470161145563706,0.48833017232147763,57
historical80,endpoint_sd,baseline,16,1,17,strong_fixed_support,cook_gap,flow,4503,231,0.051299133910726186,0.5047799422799423,0.05377833504362718,0.46486297764827467,47
historical80,endpoint_sd,baseline,16,2,18,all_common,randi_wild_type,flow,1646,273,0.16585662211421628,0.5809635860619109,0.21090969351935243,0.5494752279061191,44
historical80,endpoint_sd,baseline,16,2,18,all_common,cook_struct,flow,6320,1267,0.2004746835443038,0.5175812004434135,0.22053390600266298,0.49285795568322294,80
historical80,endpoint_sd,baseline,16,2,18,all_common,cook_chem,flow,6320,1145,0.18117088607594936,0.5197066852308926,0.19998850883485725,0.4928059578190466,80
historical80,endpoint_sd,baseline,16,2,18,all_common,cook_gap,flow,6320,321,0.05079113924050633,0.521519941797153,0.059665462948574825,0.5102416340703894,66
historical80,endpoint_sd,baseline,16,2,18,strong_fixed_support,randi_wild_type,flow,1051,139,0.13225499524262607,0.5572147545121797,0.15707639419043234,0.546537505700192,27
historical80,endpoint_sd,baseline,16,2,18,strong_fixed_support,cook_struct,flow,4503,838,0.18609815678436598,0.5095416554063954,0.1932339175907153,0.4836274333068155,57
historical80,endpoint_sd,baseline,16,2,18,strong_fixed_support,cook_chem,flow,4503,746,0.16566733288918498,0.5120222412354847,0.174197381425846,0.48489931472409276,57
historical80,endpoint_sd,baseline,16,2,18,strong_fixed_support,cook_gap,flow,4503,231,0.051299133910726186,0.4961006534040242,0.05223339437325987,0.46980694323795624,47
historical80,endpoint_sd,baseline,16,4,20,all_common,randi_wild_type,flow,1646,273,0.16585662211421628,0.5769537575801232,0.20425389220902687,0.5531212683160166,44
historical80,endpoint_sd,baseline,16,4,20,all_common,cook_struct,flow,6320,1267,0.2004746835443038,0.5104041594770258,0.2152020515169362,0.4858232721273323,80
historical80,endpoint_sd,baseline,16,4,20,all_common,cook_chem,flow,6320,1145,0.18117088607594936,0.5091236419635887,0.1940326593644277,0.480083716230696,80
historical80,endpoint_sd,baseline,16,4,20,all_common,cook_gap,flow,6320,321,0.05079113924050633,0.5112638191515824,0.058029215868897116,0.48577472560744506,66
historical80,endpoint_sd,baseline,16,4,20,strong_fixed_support,randi_wild_type,flow,1051,139,0.13225499524262607,0.5492158904455383,0.1533333390549098,0.544527159811032,27
historical80,endpoint_sd,baseline,16,4,20,strong_fixed_support,cook_struct,flow,4503,838,0.18609815678436598,0.5040333477681871,0.19015692748529744,0.4812398270676259,57
historical80,endpoint_sd,baseline,16,4,20,strong_fixed_support,cook_chem,flow,4503,746,0.16566733288918498,0.5054798513730581,0.17034803451810113,0.4771611740810004,57
historical80,endpoint_sd,baseline,16,4,20,strong_fixed_support,cook_gap,flow,4503,231,0.051299133910726186,0.488999140684534,0.05187940101253838,0.45393616466741693,47
historical80,endpoint_sd,baseline,16,8,24,all_common,randi_wild_type,flow,1646,273,0.16585662211421628,0.5634649400126457,0.19774223013846895,0.5397220188744186,44
historical80,endpoint_sd,baseline,16,8,24,all_common,cook_struct,flow,6320,1267,0.2004746835443038,0.5101354216731221,0.21025252241050016,0.48895168336995365,80
historical80,endpoint_sd,baseline,16,8,24,all_common,cook_chem,flow,6320,1145,0.18117088607594936,0.5087116005316119,0.18999536418952184,0.488245276322138,80
historical80,endpoint_sd,baseline,16,8,24,all_common,cook_gap,flow,6320,321,0.05079113924050633,0.5162599789476854,0.05446205886361852,0.4900812063312427,66
historical80,endpoint_sd,baseline,16,8,24,strong_fixed_support,randi_wild_type,flow,1051,139,0.13225499524262607,0.5423056291808658,0.14368635698104576,0.5294847600853285,27
historical80,endpoint_sd,baseline,16,8,24,strong_fixed_support,cook_struct,flow,4503,838,0.18609815678436598,0.4944713424739603,0.18130515376818784,0.4753483425427246,57
historical80,endpoint_sd,baseline,16,8,24,strong_fixed_support,cook_chem,flow,4503,746,0.16566733288918498,0.4956460184063921,0.16257150696274025,0.4784812752949119,57
historical80,endpoint_sd,baseline,16,8,24,strong_fixed_support,cook_gap,flow,4503,231,0.051299133910726186,0.4876382200820403,0.04804997093553719,0.45205270914525314,47
historical80,endpoint_sd,baseline,16,16,32,all_common,randi_wild_type,flow,1646,273,0.16585662211421628,0.524607220892727,0.1832585476548192,0.5252784143564934,44
historical80,endpoint_sd,baseline,16,16,32,all_common,cook_struct,flow,6320,1267,0.2004746835443038,0.5216117208107087,0.21663883032707681,0.5125222816965679,80
historical80,endpoint_sd,baseline,16,16,32,all_common,cook_chem,flow,6320,1145,0.18117088607594936,0.5207597831360885,0.1955030520275303,0.5134154603907461,80
historical80,endpoint_sd,baseline,16,16,32,all_common,cook_gap,flow,6320,321,0.05079113924050633,0.5132979068681748,0.0532895311578696,0.4741039381106029,66
historical80,endpoint_sd,baseline,16,16,32,strong_fixed_support,randi_wild_type,flow,1051,139,0.13225499524262607,0.5214722958475325,0.140933120126785,0.5457618837478126,27
historical80,endpoint_sd,baseline,16,16,32,strong_fixed_support,cook_struct,flow,4503,838,0.18609815678436598,0.5050031420226812,0.19102398444686944,0.4964083809021457,57
historical80,endpoint_sd,baseline,16,16,32,strong_fixed_support,cook_chem,flow,4503,746,0.16566733288918498,0.5049434085863671,0.17068484679003404,0.5001573943287344,57
historical80,endpoint_sd,baseline,16,16,32,strong_fixed_support,cook_gap,flow,4503,231,0.051299133910726186,0.5030906983154174,0.050965844811019144,0.44251308920402327,47
historical80,endpoint_sd,baseline,16,32,48,all_common,randi_wild_type,flow,1646,273,0.16585662211421628,0.549589279378063,0.19478885627495238,0.5313597132164878,44
historical80,endpoint_sd,baseline,16,32,48,all_common,cook_struct,flow,6320,1267,0.2004746835443038,0.5306444662114342,0.21864391873569572,0.5235823803219318,80
historical80,endpoint_sd,baseline,16,32,48,all_common,cook_chem,flow,6320,1145,0.18117088607594936,0.5266672573465814,0.19629619716585847,0.5217788030494729,80
historical80,endpoint_sd,baseline,16,32,48,all_common,cook_gap,flow,6320,321,0.05079113924050633,0.5262133512387059,0.05779846889477498,0.519319014976438,66
historical80,endpoint_sd,baseline,16,32,48,strong_fixed_support,randi_wild_type,flow,1051,139,0.13225499524262607,0.5521030543985863,0.1505816650550078,0.5292219031648489,27
historical80,endpoint_sd,baseline,16,32,48,strong_fixed_support,cook_struct,flow,4503,838,0.18609815678436598,0.5123965004704893,0.19035003005291057,0.5105181849727172,57
historical80,endpoint_sd,baseline,16,32,48,strong_fixed_support,cook_chem,flow,4503,746,0.16566733288918498,0.511992983963447,0.17070188088376004,0.515399754633239,57
historical80,endpoint_sd,baseline,16,32,48,strong_fixed_support,cook_gap,flow,4503,231,0.051299133910726186,0.49719607795450493,0.04893853300504499,0.46365475084641306,47
historical80,endpoint_sd,onset_minus_baseline,1,1,2,all_common,randi_wild_type,flow,1646,273,0.16585662211421628,0.5832099437343428,0.2109970566503253,0.5402624989386586,44
historical80,endpoint_sd,onset_minus_baseline,1,1,2,all_common,cook_struct,flow,6320,1267,0.2004746835443038,0.529926270092661,0.21819607162541751,0.5007806751219211,80
historical80,endpoint_sd,onset_minus_baseline,1,1,2,all_common,cook_chem,flow,6320,1145,0.18117088607594936,0.5286954834082231,0.19515167374785555,0.49354952282867154,80
historical80,endpoint_sd,onset_minus_baseline,1,1,2,all_common,cook_gap,flow,6320,321,0.05079113924050633,0.5521003240934756,0.06416204076061127,0.5387923340665561,66
historical80,endpoint_sd,onset_minus_baseline,1,1,2,strong_fixed_support,randi_wild_type,flow,1051,139,0.13225499524262607,0.5380853212167108,0.15541614038216547,0.4869660104277868,27
historical80,endpoint_sd,onset_minus_baseline,1,1,2,strong_fixed_support,cook_struct,flow,4503,838,0.18609815678436598,0.5137194059786342,0.19753884177034894,0.49341288817359463,57
historical80,endpoint_sd,onset_minus_baseline,1,1,2,strong_fixed_support,cook_chem,flow,4503,746,0.16566733288918498,0.5147153374469533,0.1755750969451988,0.4868679374100237,57
historical80,endpoint_sd,onset_minus_baseline,1,1,2,strong_fixed_support,cook_gap,flow,4503,231,0.051299133910726186,0.5599666407250677,0.06489578403524357,0.5392495198158771,47
historical80,endpoint_sd,onset_minus_baseline,1,2,3,all_common,randi_wild_type,flow,1646,273,0.16585662211421628,0.571220476537301,0.21354902114112426,0.5258404131337113,44
historical80,endpoint_sd,onset_minus_baseline,1,2,3,all_common,cook_struct,flow,6320,1267,0.2004746835443038,0.5284226348300751,0.21797964150111282,0.5122464646199726,80
historical80,endpoint_sd,onset_minus_baseline,1,2,3,all_common,cook_chem,flow,6320,1145,0.18117088607594936,0.5260148935721368,0.19529841886328178,0.5064825892450547,80
historical80,endpoint_sd,onset_minus_baseline,1,2,3,all_common,cook_gap,flow,6320,321,0.05079113924050633,0.5478446823172501,0.06117352188491185,0.5390267138923621,66
historical80,endpoint_sd,onset_minus_baseline,1,2,3,strong_fixed_support,randi_wild_type,flow,1051,139,0.13225499524262607,0.5165420295342673,0.15094282339487874,0.4761028985474811,27
historical80,endpoint_sd,onset_minus_baseline,1,2,3,strong_fixed_support,cook_struct,flow,4503,838,0.18609815678436598,0.516729886984863,0.19746805575055476,0.5123864266403828,57
historical80,endpoint_sd,onset_minus_baseline,1,2,3,strong_fixed_support,cook_chem,flow,4503,746,0.16566733288918498,0.5156283784121294,0.17467139459980685,0.5072758435519794,57
historical80,endpoint_sd,onset_minus_baseline,1,2,3,strong_fixed_support,cook_gap,flow,4503,231,0.051299133910726186,0.5422462992687712,0.06169582361001822,0.5225507907927684,47
historical80,endpoint_sd,onset_minus_baseline,1,4,5,all_common,randi_wild_type,flow,1646,273,0.16585662211421628,0.5580918232047147,0.21081878557431058,0.500893863084776,44
historical80,endpoint_sd,onset_minus_baseline,1,4,5,all_common,cook_struct,flow,6320,1267,0.2004746835443038,0.5169868689445156,0.21487183277532756,0.4958643758320366,80
historical80,endpoint_sd,onset_minus_baseline,1,4,5,all_common,cook_chem,flow,6320,1145,0.18117088607594936,0.5129710777798873,0.1907240317413307,0.48584699145462995,80
historical80,endpoint_sd,onset_minus_baseline,1,4,5,all_common,cook_gap,flow,6320,321,0.05079113924050633,0.5365364632423161,0.0641782364194978,0.49730782821820163,66
historical80,endpoint_sd,onset_minus_baseline,1,4,5,strong_fixed_support,randi_wild_type,flow,1051,139,0.13225499524262607,0.5245645588792124,0.14891402415474583,0.4493155227471988,27
historical80,endpoint_sd,onset_minus_baseline,1,4,5,strong_fixed_support,cook_struct,flow,4503,838,0.18609815678436598,0.507144601418957,0.20120735940991247,0.49339044768520257,57
historical80,endpoint_sd,onset_minus_baseline,1,4,5,strong_fixed_support,cook_chem,flow,4503,746,0.16566733288918498,0.5026420743834029,0.1763677291886792,0.4822484290908607,57
historical80,endpoint_sd,onset_minus_baseline,1,4,5,strong_fixed_support,cook_gap,flow,4503,231,0.051299133910726186,0.5455021726089142,0.06683624668859904,0.4885432147933365,47
historical80,endpoint_sd,onset_minus_baseline,1,8,9,all_common,randi_wild_type,flow,1646,273,0.16585662211421628,0.5738430057439525,0.2174742178596824,0.5208815295115807,44
historical80,endpoint_sd,onset_minus_baseline,1,8,9,all_common,cook_struct,flow,6320,1267,0.2004746835443038,0.5299467319655535,0.22529178175307155,0.5084328882534954,80
historical80,endpoint_sd,onset_minus_baseline,1,8,9,all_common,cook_chem,flow,6320,1145,0.18117088607594936,0.525563192203025,0.20005333405210415,0.5033248907585541,80
historical80,endpoint_sd,onset_minus_baseline,1,8,9,all_common,cook_gap,flow,6320,321,0.05079113924050633,0.5364694738842767,0.06634815816771601,0.5022216530661564,66
historical80,endpoint_sd,onset_minus_baseline,1,8,9,strong_fixed_support,randi_wild_type,flow,1051,139,0.13225499524262607,0.5539410576801717,0.17725896563717025,0.46857284134694616,27
historical80,endpoint_sd,onset_minus_baseline,1,8,9,strong_fixed_support,cook_struct,flow,4503,838,0.18609815678436598,0.5236602447847307,0.21347585106884845,0.5095481936250444,57
historical80,endpoint_sd,onset_minus_baseline,1,8,9,strong_fixed_support,cook_chem,flow,4503,746,0.16566733288918498,0.5213324760714761,0.18821794622009924,0.5066861074101647,57
historical80,endpoint_sd,onset_minus_baseline,1,8,9,strong_fixed_support,cook_gap,flow,4503,231,0.051299133910726186,0.5278324983381163,0.06915253512934355,0.48303554633026236,47
historical80,endpoint_sd,onset_minus_baseline,1,16,17,all_common,randi_wild_type,flow,1646,273,0.16585662211421628,0.5591669801429452,0.20393295309197537,0.5422663698930158,44
historical80,endpoint_sd,onset_minus_baseline,1,16,17,all_common,cook_struct,flow,6320,1267,0.2004746835443038,0.5445113681323668,0.24179272976168192,0.5097036808110598,80
historical80,endpoint_sd,onset_minus_baseline,1,16,17,all_common,cook_chem,flow,6320,1145,0.18117088607594936,0.5431124612366306,0.21965257920012243,0.5069552643096735,80
historical80,endpoint_sd,onset_minus_baseline,1,16,17,all_common,cook_gap,flow,6320,321,0.05079113924050633,0.5271018690030893,0.06069566842731905,0.4785190702837648,66
historical80,endpoint_sd,onset_minus_baseline,1,16,17,strong_fixed_support,randi_wild_type,flow,1051,139,0.13225499524262607,0.5598573772560899,0.15626041906773488,0.5337066145089288,27
historical80,endpoint_sd,onset_minus_baseline,1,16,17,strong_fixed_support,cook_struct,flow,4503,838,0.18609815678436598,0.5188892542824304,0.2065810589946444,0.486864029789227,57
historical80,endpoint_sd,onset_minus_baseline,1,16,17,strong_fixed_support,cook_chem,flow,4503,746,0.16566733288918498,0.5163144971210131,0.1829421545952638,0.48331650200899634,57
historical80,endpoint_sd,onset_minus_baseline,1,16,17,strong_fixed_support,cook_gap,flow,4503,231,0.051299133910726186,0.5117497203171361,0.05782969595666124,0.47004438655644587,47
historical80,endpoint_sd,onset_minus_baseline,1,32,33,all_common,randi_wild_type,flow,1646,273,0.16585662211421628,0.5964559839286715,0.22057612695336537,0.5578340974497515,44
historical80,endpoint_sd,onset_minus_baseline,1,32,33,all_common,cook_struct,flow,6320,1267,0.2004746835443038,0.53579820282277,0.2303539780795169,0.5017102563182861,80
historical80,endpoint_sd,onset_minus_baseline,1,32,33,all_common,cook_chem,flow,6320,1145,0.18117088607594936,0.5356842393941311,0.20838512766088696,0.5010639067877453,80
historical80,endpoint_sd,onset_minus_baseline,1,32,33,all_common,cook_gap,flow,6320,321,0.05079113924050633,0.5401564850631907,0.06204447886869268,0.49156309413297417,66
historical80,endpoint_sd,onset_minus_baseline,1,32,33,strong_fixed_support,randi_wild_type,flow,1051,139,0.13225499524262607,0.5687160797677647,0.15715483140917752,0.5482111905161865,27
historical80,endpoint_sd,onset_minus_baseline,1,32,33,strong_fixed_support,cook_struct,flow,4503,838,0.18609815678436598,0.5227974095406787,0.20295197684790195,0.49812476828056973,57
historical80,endpoint_sd,onset_minus_baseline,1,32,33,strong_fixed_support,cook_chem,flow,4503,746,0.16566733288918498,0.5209449956149771,0.17845367803163342,0.4963077428356655,57
historical80,endpoint_sd,onset_minus_baseline,1,32,33,strong_fixed_support,cook_gap,flow,4503,231,0.051299133910726186,0.5329063102939507,0.061106846516143995,0.48274596099092215,47
historical80,endpoint_sd,onset_minus_baseline,4,1,5,all_common,randi_wild_type,flow,1646,273,0.16585662211421628,0.5591696480261666,0.20506808450265046,0.5084515175509612,44
historical80,endpoint_sd,onset_minus_baseline,4,1,5,all_common,cook_struct,flow,6320,1267,0.2004746835443038,0.5204289933180271,0.22032657218734786,0.5021764515923116,80
historical80,endpoint_sd,onset_minus_baseline,4,1,5,all_common,cook_chem,flow,6320,1145,0.18117088607594936,0.523801953462861,0.20093915161177206,0.4967507789141766,80
historical80,endpoint_sd,onset_minus_baseline,4,1,5,all_common,cook_gap,flow,6320,321,0.05079113924050633,0.4957144986261989,0.05719997270084416,0.47084624615543796,66
historical80,endpoint_sd,onset_minus_baseline,4,1,5,strong_fixed_support,randi_wild_type,flow,1051,139,0.13225499524262607,0.5210463208380663,0.14790775795289823,0.47938245726244383,27
historical80,endpoint_sd,onset_minus_baseline,4,1,5,strong_fixed_support,cook_struct,flow,4503,838,0.18609815678436598,0.5001422864157172,0.18946140073694084,0.4890514000640465,57
historical80,endpoint_sd,onset_minus_baseline,4,1,5,strong_fixed_support,cook_chem,flow,4503,746,0.16566733288918498,0.505381910870932,0.1720212674344436,0.48271321145956125,57
historical80,endpoint_sd,onset_minus_baseline,4,1,5,strong_fixed_support,cook_gap,flow,4503,231,0.051299133910726186,0.4948501872659176,0.051216919476647596,0.49089294578006043,47
historical80,endpoint_sd,onset_minus_baseline,4,2,6,all_common,randi_wild_type,flow,1646,273,0.16585662211421628,0.5574702064141248,0.20317035872013406,0.5132258681212419,44
historical80,endpoint_sd,onset_minus_baseline,4,2,6,all_common,cook_struct,flow,6320,1267,0.2004746835443038,0.5220631315943657,0.22100062423341926,0.5077389831614358,80
historical80,endpoint_sd,onset_minus_baseline,4,2,6,all_common,cook_chem,flow,6320,1145,0.18117088607594936,0.5222059363331435,0.20118028783929787,0.5012587035109048,80
historical80,endpoint_sd,onset_minus_baseline,4,2,6,all_common,cook_gap,flow,6320,321,0.05079113924050633,0.5187141782197344,0.05795028482366921,0.4975266574037685,66
historical80,endpoint_sd,onset_minus_baseline,4,2,6,strong_fixed_support,randi_wild_type,flow,1051,139,0.13225499524262607,0.5171257730657579,0.14337187827737063,0.48294658510635946,27
historical80,endpoint_sd,onset_minus_baseline,4,2,6,strong_fixed_support,cook_struct,flow,4503,838,0.18609815678436598,0.5083939217327034,0.19184922314116565,0.504049555999524,57
historical80,endpoint_sd,onset_minus_baseline,4,2,6,strong_fixed_support,cook_chem,flow,4503,746,0.16566733288918498,0.5072097767812862,0.17308182766100205,0.49572784416460525,57
historical80,endpoint_sd,onset_minus_baseline,4,2,6,strong_fixed_support,cook_gap,flow,4503,231,0.051299133910726186,0.5208333333333333,0.05335780240811054,0.5247982256011278,47
historical80,endpoint_sd,onset_minus_baseline,4,4,8,all_common,randi_wild_type,flow,1646,273,0.16585662211421628,0.5530015020182536,0.20238214100968596,0.501040053226466,44
historical80,endpoint_sd,onset_minus_baseline,4,4,8,all_common,cook_struct,flow,6320,1267,0.2004746835443038,0.5294348727482372,0.22805299007597413,0.5077051284913716,80
historical80,endpoint_sd,onset_minus_baseline,4,4,8,all_common,cook_chem,flow,6320,1145,0.18117088607594936,0.5300538784465118,0.20780089397797602,0.5081122342486092,80
historical80,endpoint_sd,onset_minus_baseline,4,4,8,all_common,cook_gap,flow,6320,321,0.05079113924050633,0.5361662042323773,0.06198990236668246,0.5351603994535739,66
historical80,endpoint_sd,onset_minus_baseline,4,4,8,strong_fixed_support,randi_wild_type,flow,1051,139,0.13225499524262607,0.5364524170137575,0.15040242660614256,0.4768193305485333,27
historical80,endpoint_sd,onset_minus_baseline,4,4,8,strong_fixed_support,cook_struct,flow,4503,838,0.18609815678436598,0.5039387614895467,0.19032659058190676,0.4931650666217303,57
historical80,endpoint_sd,onset_minus_baseline,4,4,8,strong_fixed_support,cook_chem,flow,4503,746,0.16566733288918498,0.5079276503342107,0.17261093367899677,0.49732685951610367,57
historical80,endpoint_sd,onset_minus_baseline,4,4,8,strong_fixed_support,cook_gap,flow,4503,231,0.051299133910726186,0.5277524441850284,0.05456209975377667,0.539679637406943,47
historical80,endpoint_sd,onset_minus_baseline,4,8,12,all_common,randi_wild_type,flow,1646,273,0.16585662211421628,0.5527293779296694,0.20289490966015727,0.5224851222113523,44
historical80,endpoint_sd,onset_minus_baseline,4,8,12,all_common,cook_struct,flow,6320,1267,0.2004746835443038,0.520863612870112,0.21944771401162738,0.5009245160174773,80
historical80,endpoint_sd,onset_minus_baseline,4,8,12,all_common,cook_chem,flow,6320,1145,0.18117088607594936,0.5304400987279286,0.20400793533680467,0.5074964943867029,80
historical80,endpoint_sd,onset_minus_baseline,4,8,12,all_common,cook_gap,flow,6320,321,0.05079113924050633,0.4905724162749866,0.05467192914471759,0.4796261727007925,66
historical80,endpoint_sd,onset_minus_baseline,4,8,12,strong_fixed_support,randi_wild_type,flow,1051,139,0.13225499524262607,0.5337151331566325,0.15273246265706597,0.5065263087094536,27
historical80,endpoint_sd,onset_minus_baseline,4,8,12,strong_fixed_support,cook_struct,flow,4503,838,0.18609815678436598,0.49898624998779006,0.18694841992517913,0.4873869242002162,57
historical80,endpoint_sd,onset_minus_baseline,4,8,12,strong_fixed_support,cook_chem,flow,4503,746,0.16566733288918498,0.5094916656022253,0.17103345363812056,0.49494113680834234,57
historical80,endpoint_sd,onset_minus_baseline,4,8,12,strong_fixed_support,cook_gap,flow,4503,231,0.051299133910726186,0.47509099826515555,0.05146583334750439,0.49067506875727523,47
historical80,endpoint_sd,onset_minus_baseline,4,16,20,all_common,randi_wild_type,flow,1646,273,0.16585662211421628,0.5368954910105674,0.20055707469981784,0.4937568965051591,44
historical80,endpoint_sd,onset_minus_baseline,4,16,20,all_common,cook_struct,flow,6320,1267,0.2004746835443038,0.5194999305702099,0.21952180028334134,0.49853390883420945,80
historical80,endpoint_sd,onset_minus_baseline,4,16,20,all_common,cook_chem,flow,6320,1145,0.18117088607594936,0.5237492985676012,0.2024183725795356,0.49596783749357226,80
historical80,endpoint_sd,onset_minus_baseline,4,16,20,all_common,cook_gap,flow,6320,321,0.05079113924050633,0.5032479452702138,0.055923848226919,0.5168353039152094,66
historical80,endpoint_sd,onset_minus_baseline,4,16,20,strong_fixed_support,randi_wild_type,flow,1051,139,0.13225499524262607,0.5212198662122933,0.1504951347782942,0.4742877286443442,27
historical80,endpoint_sd,onset_minus_baseline,4,16,20,strong_fixed_support,cook_struct,flow,4503,838,0.18609815678436598,0.5105484050571913,0.19003752278869068,0.4977834552925198,57
historical80,endpoint_sd,onset_minus_baseline,4,16,20,strong_fixed_support,cook_chem,flow,4503,746,0.16566733288918498,0.5179521907631224,0.17300077874887693,0.49592559787019413,57
historical80,endpoint_sd,onset_minus_baseline,4,16,20,strong_fixed_support,cook_gap,flow,4503,231,0.051299133910726186,0.485853721808778,0.049678783591893136,0.5075836656022932,47
historical80,endpoint_sd,onset_minus_baseline,4,32,36,all_common,randi_wild_type,flow,1646,273,0.16585662211421628,0.5245885457101771,0.20209129938240705,0.4827783984357715,44
historical80,endpoint_sd,onset_minus_baseline,4,32,36,all_common,cook_struct,flow,6320,1267,0.2004746835443038,0.5041882017465692,0.21138523859829556,0.4912160089565121,80
historical80,endpoint_sd,onset_minus_baseline,4,32,36,all_common,cook_chem,flow,6320,1145,0.18117088607594936,0.506413011834694,0.1923054499337413,0.49182200572528617,80
historical80,endpoint_sd,onset_minus_baseline,4,32,36,all_common,cook_gap,flow,6320,321,0.05079113924050633,0.5103664733322636,0.05989351271945785,0.4934337067544778,66
historical80,endpoint_sd,onset_minus_baseline,4,32,36,strong_fixed_support,randi_wild_type,flow,1051,139,0.13225499524262607,0.47840148933484794,0.1268825772198382,0.44988834477794065,27
historical80,endpoint_sd,onset_minus_baseline,4,32,36,strong_fixed_support,cook_struct,flow,4503,838,0.18609815678436598,0.48655409651382,0.18041954790174572,0.4868603914776908,57
historical80,endpoint_sd,onset_minus_baseline,4,32,36,strong_fixed_support,cook_chem,flow,4503,746,0.16566733288918498,0.4894648844944307,0.1623693650319693,0.4886390798975608,57
historical80,endpoint_sd,onset_minus_baseline,4,32,36,strong_fixed_support,cook_gap,flow,4503,231,0.051299133910726186,0.48465493619988004,0.05171942877676743,0.45951426023792513,47
historical80,endpoint_sd,onset_minus_baseline,8,1,9,all_common,randi_wild_type,flow,1646,273,0.16585662211421628,0.5429329107406311,0.19695749857366257,0.5067447239822302,44
historical80,endpoint_sd,onset_minus_baseline,8,1,9,all_common,cook_struct,flow,6320,1267,0.2004746835443038,0.5007926242289505,0.20860035248182673,0.4805302422579646,80
historical80,endpoint_sd,onset_minus_baseline,8,1,9,all_common,cook_chem,flow,6320,1145,0.18117088607594936,0.503231272282345,0.1911269193796648,0.4747978533426263,80
historical80,endpoint_sd,onset_minus_baseline,8,1,9,all_common,cook_gap,flow,6320,321,0.05079113924050633,0.4836636843419906,0.050280208614098355,0.4594656378841858,66
historical80,endpoint_sd,onset_minus_baseline,8,1,9,strong_fixed_support,randi_wild_type,flow,1051,139,0.13225499524262607,0.5413353527704152,0.1906052434180518,0.5172729271458532,27
historical80,endpoint_sd,onset_minus_baseline,8,1,9,strong_fixed_support,cook_struct,flow,4503,838,0.18609815678436598,0.49056448960853327,0.1838857341226915,0.47596555186713485,57
historical80,endpoint_sd,onset_minus_baseline,8,1,9,strong_fixed_support,cook_chem,flow,4503,746,0.16566733288918498,0.4915043304330576,0.1651465321435072,0.46749962365083897,57
historical80,endpoint_sd,onset_minus_baseline,8,1,9,strong_fixed_support,cook_gap,flow,4503,231,0.051299133910726186,0.48425466543444073,0.05048523886698247,0.45563679769163457,47
historical80,endpoint_sd,onset_minus_baseline,8,2,10,all_common,randi_wild_type,flow,1646,273,0.16585662211421628,0.544960501988907,0.1969563796238543,0.5148224664754868,44
historical80,endpoint_sd,onset_minus_baseline,8,2,10,all_common,cook_struct,flow,6320,1267,0.2004746835443038,0.5110537067932325,0.2136395107328663,0.4911539601040441,80
historical80,endpoint_sd,onset_minus_baseline,8,2,10,all_common,cook_chem,flow,6320,1145,0.18117088607594936,0.5148585532561231,0.19650220489275289,0.48520641253863384,80
historical80,endpoint_sd,onset_minus_baseline,8,2,10,all_common,cook_gap,flow,6320,321,0.05079113924050633,0.501100131434159,0.052837363437258415,0.4782399695526458,66
historical80,endpoint_sd,onset_minus_baseline,8,2,10,strong_fixed_support,randi_wild_type,flow,1051,139,0.13225499524262607,0.5438438722706047,0.1932835527777895,0.5382785656598105,27
historical80,endpoint_sd,onset_minus_baseline,8,2,10,strong_fixed_support,cook_struct,flow,4503,838,0.18609815678436598,0.49999023205384097,0.18921269626902087,0.4895912076678692,57
historical80,endpoint_sd,onset_minus_baseline,8,2,10,strong_fixed_support,cook_chem,flow,4503,746,0.16566733288918498,0.49884219697850873,0.16932619398270185,0.47756400652720354,57
historical80,endpoint_sd,onset_minus_baseline,8,2,10,strong_fixed_support,cook_gap,flow,4503,231,0.051299133910726186,0.5113443828331469,0.054129011605836205,0.483970416010395,47
historical80,endpoint_sd,onset_minus_baseline,8,4,12,all_common,randi_wild_type,flow,1646,273,0.16585662211421628,0.5493251589391429,0.19700371253093965,0.5273613720102251,44
historical80,endpoint_sd,onset_minus_baseline,8,4,12,all_common,cook_struct,flow,6320,1267,0.2004746835443038,0.5085086246794241,0.21485735900719033,0.484201588315193,80
historical80,endpoint_sd,onset_minus_baseline,8,4,12,all_common,cook_chem,flow,6320,1145,0.18117088607594936,0.5101245068877497,0.1963399828429908,0.48087012597268064,80
historical80,endpoint_sd,onset_minus_baseline,8,4,12,all_common,cook_gap,flow,6320,321,0.05079113924050633,0.5099032600968282,0.05451420280897401,0.461773500560618,66
historical80,endpoint_sd,onset_minus_baseline,8,4,12,strong_fixed_support,randi_wild_type,flow,1051,139,0.13225499524262607,0.5398207749589802,0.17954605021031922,0.5297756472175239,27
historical80,endpoint_sd,onset_minus_baseline,8,4,12,strong_fixed_support,cook_struct,flow,4503,838,0.18609815678436598,0.48731827550166545,0.18834537903230264,0.47321446801832373,57
historical80,endpoint_sd,onset_minus_baseline,8,4,12,strong_fixed_support,cook_chem,flow,4503,746,0.16566733288918498,0.48305076279416936,0.16712006455911638,0.46608067986401164,57
historical80,endpoint_sd,onset_minus_baseline,8,4,12,strong_fixed_support,cook_gap,flow,4503,231,0.051299133910726186,0.5076000778247969,0.05568849478523942,0.4455857425544339,47
historical80,endpoint_sd,onset_minus_baseline,8,8,16,all_common,randi_wild_type,flow,1646,273,0.16585662211421628,0.5174306150271191,0.18201120231595622,0.5116625228108239,44
historical80,endpoint_sd,onset_minus_baseline,8,8,16,all_common,cook_struct,flow,6320,1267,0.2004746835443038,0.5117108296883344,0.21772008883910676,0.4933353384196678,80
historical80,endpoint_sd,onset_minus_baseline,8,8,16,all_common,cook_chem,flow,6320,1145,0.18117088607594936,0.5115073729510791,0.1996783629454671,0.4923192972906406,80
historical80,endpoint_sd,onset_minus_baseline,8,8,16,all_common,cook_gap,flow,6320,321,0.05079113924050633,0.5314868158192513,0.056664911206292065,0.5190914132201472,66
historical80,endpoint_sd,onset_minus_baseline,8,8,16,strong_fixed_support,randi_wild_type,flow,1051,139,0.13225499524262607,0.5366417392401869,0.15331348272053397,0.5342907102744673,27
historical80,endpoint_sd,onset_minus_baseline,8,8,16,strong_fixed_support,cook_struct,flow,4503,838,0.18609815678436598,0.5071680444897387,0.1939827512002552,0.49685015652268216,57
historical80,endpoint_sd,onset_minus_baseline,8,8,16,strong_fixed_support,cook_chem,flow,4503,746,0.16566733288918498,0.5023230987589922,0.17148911235098097,0.492723662518109,57
historical80,endpoint_sd,onset_minus_baseline,8,8,16,strong_fixed_support,cook_gap,flow,4503,231,0.051299133910726186,0.5455943868865217,0.06007225239979094,0.5186328427089527,47
historical80,endpoint_sd,onset_minus_baseline,8,16,24,all_common,randi_wild_type,flow,1646,273,0.16585662211421628,0.5299990128832082,0.1856170415207007,0.4709823448902919,44
historical80,endpoint_sd,onset_minus_baseline,8,16,24,all_common,cook_struct,flow,6320,1267,0.2004746835443038,0.5185818016476025,0.21801779211888764,0.4948938754695929,80
historical80,endpoint_sd,onset_minus_baseline,8,16,24,all_common,cook_chem,flow,6320,1145,0.18117088607594936,0.5181567411345274,0.1988992255000374,0.49116169084177913,80
historical80,endpoint_sd,onset_minus_baseline,8,16,24,all_common,cook_gap,flow,6320,321,0.05079113924050633,0.5448639155331704,0.058398012584423745,0.532610498559871,66
historical80,endpoint_sd,onset_minus_baseline,8,16,24,strong_fixed_support,randi_wild_type,flow,1051,139,0.13225499524262607,0.5377540073204594,0.15437912253827762,0.4972756185219773,27
historical80,endpoint_sd,onset_minus_baseline,8,16,24,strong_fixed_support,cook_struct,flow,4503,838,0.18609815678436598,0.5026806500242571,0.19114108060336565,0.48903261137041026,57
historical80,endpoint_sd,onset_minus_baseline,8,16,24,strong_fixed_support,cook_chem,flow,4503,746,0.16566733288918498,0.498800451846455,0.1686741158258704,0.4818318295333218,57
historical80,endpoint_sd,onset_minus_baseline,8,16,24,strong_fixed_support,cook_gap,flow,4503,231,0.051299133910726186,0.5405215882743972,0.058598896509364826,0.519873700180551,47
historical80,endpoint_sd,onset_minus_baseline,8,32,40,all_common,randi_wild_type,flow,1646,273,0.16585662211421628,0.5416950129258942,0.2003774582876341,0.512650678682153,44
historical80,endpoint_sd,onset_minus_baseline,8,32,40,all_common,cook_struct,flow,6320,1267,0.2004746835443038,0.5107706769178046,0.21448350563448218,0.4888460690728585,80
historical80,endpoint_sd,onset_minus_baseline,8,32,40,all_common,cook_chem,flow,6320,1145,0.18117088607594936,0.5085092504693796,0.19245709925271998,0.48438781815064297,80
historical80,endpoint_sd,onset_minus_baseline,8,32,40,all_common,cook_gap,flow,6320,321,0.05079113924050633,0.5069983107257232,0.058636948071919194,0.515014317289872,66
historical80,endpoint_sd,onset_minus_baseline,8,32,40,strong_fixed_support,randi_wild_type,flow,1051,139,0.13225499524262607,0.5097500946611132,0.13947717448556696,0.47266121373423403,27
historical80,endpoint_sd,onset_minus_baseline,8,32,40,strong_fixed_support,cook_struct,flow,4503,838,0.18609815678436598,0.5097581782129217,0.1893748747804738,0.49266769887709905,57
historical80,endpoint_sd,onset_minus_baseline,8,32,40,strong_fixed_support,cook_chem,flow,4503,746,0.16566733288918498,0.5022881327509472,0.1652404046766,0.4846983831872015,57
historical80,endpoint_sd,onset_minus_baseline,8,32,40,strong_fixed_support,cook_gap,flow,4503,231,0.051299133910726186,0.5005654457901649,0.05482447875980053,0.5020798321297378,47
historical80,endpoint_sd,onset_minus_baseline,16,1,17,all_common,randi_wild_type,flow,1646,273,0.16585662211421628,0.5551811626101502,0.1920852596808023,0.5326889776436066,44
historical80,endpoint_sd,onset_minus_baseline,16,1,17,all_common,cook_struct,flow,6320,1267,0.2004746835443038,0.5173950130198428,0.22456439961582297,0.49341047324440784,80
historical80,endpoint_sd,onset_minus_baseline,16,1,17,all_common,cook_chem,flow,6320,1145,0.18117088607594936,0.5218641858110247,0.20562670316976583,0.49779413457773974,80
historical80,endpoint_sd,onset_minus_baseline,16,1,17,all_common,cook_gap,flow,6320,321,0.05079113924050633,0.5102766348908618,0.06264731879624197,0.47713943244399515,66
historical80,endpoint_sd,onset_minus_baseline,16,1,17,strong_fixed_support,randi_wild_type,flow,1051,139,0.13225499524262607,0.5486558121923514,0.1662567794505085,0.5244858287673695,27
historical80,endpoint_sd,onset_minus_baseline,16,1,17,strong_fixed_support,cook_struct,flow,4503,838,0.18609815678436598,0.4930745261732117,0.1875052105945172,0.4814056423220789,57
historical80,endpoint_sd,onset_minus_baseline,16,1,17,strong_fixed_support,cook_chem,flow,4503,746,0.16566733288918498,0.49787563661326384,0.17168631911646806,0.4879837309742235,57
historical80,endpoint_sd,onset_minus_baseline,16,1,17,strong_fixed_support,cook_gap,flow,4503,231,0.051299133910726186,0.4924931497965206,0.05306253067137792,0.455741799881767,47
historical80,endpoint_sd,onset_minus_baseline,16,2,18,all_common,randi_wild_type,flow,1646,273,0.16585662211421628,0.547695082290858,0.18911976698774324,0.5245134917485728,44
historical80,endpoint_sd,onset_minus_baseline,16,2,18,all_common,cook_struct,flow,6320,1267,0.2004746835443038,0.5300759073005308,0.23323848318300436,0.507284221554815,80
historical80,endpoint_sd,onset_minus_baseline,16,2,18,all_common,cook_chem,flow,6320,1145,0.18117088607594936,0.5335289327679682,0.21337876330630925,0.5065007692352146,80
historical80,endpoint_sd,onset_minus_baseline,16,2,18,all_common,cook_gap,flow,6320,321,0.05079113924050633,0.5100632036803642,0.06073610097375902,0.4868297293031747,66
historical80,endpoint_sd,onset_minus_baseline,16,2,18,strong_fixed_support,randi_wild_type,flow,1051,139,0.13225499524262607,0.5279486936766377,0.1507582975253639,0.4962649595083048,27
historical80,endpoint_sd,onset_minus_baseline,16,2,18,strong_fixed_support,cook_struct,flow,4503,838,0.18609815678436598,0.506643505780996,0.19178479110110597,0.49354034115811085,57
historical80,endpoint_sd,onset_minus_baseline,16,2,18,strong_fixed_support,cook_chem,flow,4503,746,0.16566733288918498,0.51084624161797,0.17574534174391482,0.49368301512032575,57
historical80,endpoint_sd,onset_minus_baseline,16,2,18,strong_fixed_support,cook_gap,flow,4503,231,0.051299133910726186,0.4891156752111809,0.0518135787312452,0.46716599869069847,47
historical80,endpoint_sd,onset_minus_baseline,16,4,20,all_common,randi_wild_type,flow,1646,273,0.16585662211421628,0.5442001552708036,0.19118425129312516,0.532988679030951,44
historical80,endpoint_sd,onset_minus_baseline,16,4,20,all_common,cook_struct,flow,6320,1267,0.2004746835443038,0.5298483275386663,0.23207495568281308,0.5074250557852394,80
historical80,endpoint_sd,onset_minus_baseline,16,4,20,all_common,cook_chem,flow,6320,1145,0.18117088607594936,0.5352324536421745,0.21263575982161512,0.5137257596319844,80
historical80,endpoint_sd,onset_minus_baseline,16,4,20,all_common,cook_gap,flow,6320,321,0.05079113924050633,0.5057670567109056,0.06423079636396542,0.4834609073536423,66
historical80,endpoint_sd,onset_minus_baseline,16,4,20,strong_fixed_support,randi_wild_type,flow,1051,139,0.13225499524262607,0.5290767386091126,0.1523836151654695,0.5039735517672296,27
historical80,endpoint_sd,onset_minus_baseline,16,4,20,strong_fixed_support,cook_struct,flow,4503,838,0.18609815678436598,0.5057836009207917,0.19096077662158673,0.4916443613699514,57
historical80,endpoint_sd,onset_minus_baseline,16,4,20,strong_fixed_support,cook_chem,flow,4503,746,0.16566733288918498,0.5149847184273003,0.17561897483524552,0.5025254001921743,57
historical80,endpoint_sd,onset_minus_baseline,16,4,20,strong_fixed_support,cook_gap,flow,4503,231,0.051299133910726186,0.48138386270408745,0.05264730880553728,0.46316751892128827,47
historical80,endpoint_sd,onset_minus_baseline,16,8,24,all_common,randi_wild_type,flow,1646,273,0.16585662211421628,0.5325868596079812,0.1838569354730392,0.5247577079155001,44
historical80,endpoint_sd,onset_minus_baseline,16,8,24,all_common,cook_struct,flow,6320,1267,0.2004746835443038,0.5136665786233409,0.21962096832599615,0.5019456095659105,80
historical80,endpoint_sd,onset_minus_baseline,16,8,24,all_common,cook_chem,flow,6320,1145,0.18117088607594936,0.5198393350631817,0.20043098008735727,0.5036622053859809,80
historical80,endpoint_sd,onset_minus_baseline,16,8,24,all_common,cook_gap,flow,6320,321,0.05079113924050633,0.5068581004414546,0.056537054167759594,0.503818509578564,66
historical80,endpoint_sd,onset_minus_baseline,16,8,24,strong_fixed_support,randi_wild_type,flow,1051,139,0.13225499524262607,0.5185535781900795,0.14021546915394772,0.4995766691434512,27
historical80,endpoint_sd,onset_minus_baseline,16,8,24,strong_fixed_support,cook_struct,flow,4503,838,0.18609815678436598,0.488931289010735,0.17912936494817602,0.49085223928870697,57
historical80,endpoint_sd,onset_minus_baseline,16,8,24,strong_fixed_support,cook_chem,flow,4503,746,0.16566733288918498,0.49743463675669575,0.16346037653409157,0.49422212558698786,57
historical80,endpoint_sd,onset_minus_baseline,16,8,24,strong_fixed_support,cook_gap,flow,4503,231,0.051299133910726186,0.48178616015694664,0.04797251322368484,0.4896529597882943,47
historical80,endpoint_sd,onset_minus_baseline,16,16,32,all_common,randi_wild_type,flow,1646,273,0.16585662211421628,0.5239429179705946,0.17273559748374892,0.5118631272206919,44
historical80,endpoint_sd,onset_minus_baseline,16,16,32,all_common,cook_struct,flow,6320,1267,0.2004746835443038,0.5287785308406503,0.22494065136156005,0.5099171714055494,80
historical80,endpoint_sd,onset_minus_baseline,16,16,32,all_common,cook_chem,flow,6320,1145,0.18117088607594936,0.5286961584709828,0.2040129856513903,0.5076638780823808,80
historical80,endpoint_sd,onset_minus_baseline,16,16,32,all_common,cook_gap,flow,6320,321,0.05079113924050633,0.5129567285097879,0.05561134923427921,0.5022611941750758,66
historical80,endpoint_sd,onset_minus_baseline,16,16,32,strong_fixed_support,randi_wild_type,flow,1051,139,0.13225499524262607,0.527925028398334,0.13767213523485153,0.5195460780973487,27
historical80,endpoint_sd,onset_minus_baseline,16,16,32,strong_fixed_support,cook_struct,flow,4503,838,0.18609815678436598,0.5032986354179215,0.18663070152747285,0.4970206260770894,57
historical80,endpoint_sd,onset_minus_baseline,16,16,32,strong_fixed_support,cook_chem,flow,4503,746,0.16566733288918498,0.5047268334140882,0.1686780975331227,0.49795882517164014,57
historical80,endpoint_sd,onset_minus_baseline,16,16,32,strong_fixed_support,cook_gap,flow,4503,231,0.051299133910726186,0.491540606709146,0.048077891089548574,0.47753815726542764,47
historical80,endpoint_sd,onset_minus_baseline,16,32,48,all_common,randi_wild_type,flow,1646,273,0.16585662211421628,0.530679323104669,0.18702346560213223,0.5108057139261819,44
historical80,endpoint_sd,onset_minus_baseline,16,32,48,all_common,cook_struct,flow,6320,1267,0.2004746835443038,0.5196423826929417,0.2294623834966075,0.5011476212162765,80
historical80,endpoint_sd,onset_minus_baseline,16,32,48,all_common,cook_chem,flow,6320,1145,0.18117088607594936,0.5149412484441913,0.20369319875525316,0.49759706834515793,80
historical80,endpoint_sd,onset_minus_baseline,16,32,48,all_common,cook_gap,flow,6320,321,0.05079113924050633,0.5044791992850314,0.06495365262987171,0.48936861048541974,66
historical80,endpoint_sd,onset_minus_baseline,16,32,48,strong_fixed_support,randi_wild_type,flow,1051,139,0.13225499524262607,0.5181276031806135,0.1486824597229599,0.50900984826998,27
historical80,endpoint_sd,onset_minus_baseline,16,32,48,strong_fixed_support,cook_struct,flow,4503,838,0.18609815678436598,0.5045056279649787,0.19429231242527079,0.5005296591201202,57
historical80,endpoint_sd,onset_minus_baseline,16,32,48,strong_fixed_support,cook_chem,flow,4503,746,0.16566733288918498,0.5021496959027689,0.17284904413494057,0.49942149081335463,57
historical80,endpoint_sd,onset_minus_baseline,16,32,48,strong_fixed_support,cook_gap,flow,4503,231,0.051299133910726186,0.46536796536796543,0.05043641225267983,0.46227973547464174,47
historical80,endpoint_sd,active_minus_baseline,1,1,2,all_common,randi_wild_type,flow,1646,273,0.16585662211421628,0.5518783231820377,0.20408193916079914,0.48478856907698353,44
historical80,endpoint_sd,active_minus_baseline,1,1,2,all_common,cook_struct,flow,6320,1267,0.2004746835443038,0.5191617629762247,0.22320404154028026,0.5137067578954844,80
historical80,endpoint_sd,active_minus_baseline,1,1,2,all_common,cook_chem,flow,6320,1145,0.18117088607594936,0.5200899521127355,0.2018802030634686,0.5138053762213468,80
historical80,endpoint_sd,active_minus_baseline,1,1,2,all_common,cook_gap,flow,6320,321,0.05079113924050633,0.5059706212717696,0.05556411336571447,0.4841448893961193,66
historical80,endpoint_sd,active_minus_baseline,1,1,2,strong_fixed_support,randi_wild_type,flow,1051,139,0.13225499524262607,0.5096238798434937,0.14643659176890883,0.4543052511507984,27
historical80,endpoint_sd,active_minus_baseline,1,1,2,strong_fixed_support,cook_struct,flow,4503,838,0.18609815678436598,0.5166676977276501,0.19799173730334574,0.5203788523027746,57
historical80,endpoint_sd,active_minus_baseline,1,1,2,strong_fixed_support,cook_chem,flow,4503,746,0.16566733288918498,0.519424687857019,0.1763888145261769,0.5221967965331239,57
historical80,endpoint_sd,active_minus_baseline,1,1,2,strong_fixed_support,cook_gap,flow,4503,231,0.051299133910726186,0.5149863401267896,0.0555846985879175,0.4880582808998973,47
historical80,endpoint_sd,active_minus_baseline,1,2,3,all_common,randi_wild_type,flow,1646,273,0.16585662211421628,0.5461050238908942,0.2025835550679645,0.48436188961828075,44
historical80,endpoint_sd,active_minus_baseline,1,2,3,all_common,cook_struct,flow,6320,1267,0.2004746835443038,0.5219883129904309,0.22173144997422156,0.5101413103973689,80
historical80,endpoint_sd,active_minus_baseline,1,2,3,all_common,cook_chem,flow,6320,1145,0.18117088607594936,0.5230813239668375,0.20095007067828716,0.5053538893489593,80
historical80,endpoint_sd,active_minus_baseline,1,2,3,all_common,cook_gap,flow,6320,321,0.05079113924050633,0.5063367259029152,0.05399199699178026,0.4959575050908835,66
historical80,endpoint_sd,active_minus_baseline,1,2,3,strong_fixed_support,randi_wild_type,flow,1051,139,0.13225499524262607,0.5126767007446674,0.15733222584136725,0.4656170001168533,27
historical80,endpoint_sd,active_minus_baseline,1,2,3,strong_fixed_support,cook_struct,flow,4503,838,0.18609815678436598,0.5106757139554646,0.19505249695478838,0.5107377704293201,57
historical80,endpoint_sd,active_minus_baseline,1,2,3,strong_fixed_support,cook_chem,flow,4503,746,0.16566733288918498,0.5103438728493229,0.1738377011528009,0.5041159458466514,57
historical80,endpoint_sd,active_minus_baseline,1,2,3,strong_fixed_support,cook_gap,flow,4503,231,0.051299133910726186,0.5121510044262854,0.05440713425420127,0.49918888053504207,47
historical80,endpoint_sd,active_minus_baseline,1,4,5,all_common,randi_wild_type,flow,1646,273,0.16585662211421628,0.5427248158493606,0.20171382835749177,0.4696825310486721,44
historical80,endpoint_sd,active_minus_baseline,1,4,5,all_common,cook_struct,flow,6320,1267,0.2004746835443038,0.5317656518879358,0.2292741055532279,0.5217936952834943,80
historical80,endpoint_sd,active_minus_baseline,1,4,5,all_common,cook_chem,flow,6320,1145,0.18117088607594936,0.53297706896188,0.20745451077484023,0.514272264836064,80
historical80,endpoint_sd,active_minus_baseline,1,4,5,all_common,cook_gap,flow,6320,321,0.05079113924050633,0.5141931754980971,0.05935369955067116,0.508206249024465,66
historical80,endpoint_sd,active_minus_baseline,1,4,5,strong_fixed_support,randi_wild_type,flow,1051,139,0.13225499524262607,0.5153666540451849,0.14980932364506913,0.44237309439727074,27
historical80,endpoint_sd,active_minus_baseline,1,4,5,strong_fixed_support,cook_struct,flow,4503,838,0.18609815678436598,0.5204983606130362,0.20255519694692845,0.5177781938104963,57
historical80,endpoint_sd,active_minus_baseline,1,4,5,strong_fixed_support,cook_chem,flow,4503,746,0.16566733288918498,0.5210020829750507,0.1796822225751869,0.5077261768529141,57
historical80,endpoint_sd,active_minus_baseline,1,4,5,strong_fixed_support,cook_gap,flow,4503,231,0.051299133910726186,0.5237953369975842,0.06252101898344212,0.4981351604877551,47
historical80,endpoint_sd,active_minus_baseline,1,8,9,all_common,randi_wild_type,flow,1646,273,0.16585662211421628,0.5927129437690254,0.21626415118838252,0.5401638215470157,44
historical80,endpoint_sd,active_minus_baseline,1,8,9,all_common,cook_struct,flow,6320,1267,0.2004746835443038,0.5306060416256974,0.22272080526730487,0.5098558334470357,80
historical80,endpoint_sd,active_minus_baseline,1,8,9,all_common,cook_chem,flow,6320,1145,0.18117088607594936,0.5271298441026939,0.19887197415731,0.5117395162545241,80
historical80,endpoint_sd,active_minus_baseline,1,8,9,all_common,cook_gap,flow,6320,321,0.05079113924050633,0.5398724294132096,0.06042800330632191,0.5321472373405034,66
historical80,endpoint_sd,active_minus_baseline,1,8,9,strong_fixed_support,randi_wild_type,flow,1051,139,0.13225499524262607,0.6062334343051874,0.16827515508851093,0.5410812483560121,27
historical80,endpoint_sd,active_minus_baseline,1,8,9,strong_fixed_support,cook_struct,flow,4503,838,0.18609815678436598,0.5226186561259674,0.20434095599532687,0.5088852364786828,57
historical80,endpoint_sd,active_minus_baseline,1,8,9,strong_fixed_support,cook_chem,flow,4503,746,0.16566733288918498,0.5228866794494781,0.18137866021184845,0.5170340376104658,57
historical80,endpoint_sd,active_minus_baseline,1,8,9,strong_fixed_support,cook_gap,flow,4503,231,0.051299133910726186,0.5333754884316682,0.06473615403765881,0.5032153698989347,47
historical80,endpoint_sd,active_minus_baseline,1,16,17,all_common,randi_wild_type,flow,1646,273,0.16585662211421628,0.5516728961739887,0.18939955455593213,0.5450031188601214,44
historical80,endpoint_sd,active_minus_baseline,1,16,17,all_common,cook_struct,flow,6320,1267,0.2004746835443038,0.5357889871700934,0.23153248352135772,0.517725653817704,80
historical80,endpoint_sd,active_minus_baseline,1,16,17,all_common,cook_chem,flow,6320,1145,0.18117088607594936,0.5338072273906715,0.21019230645836423,0.5150961271703085,80
historical80,endpoint_sd,active_minus_baseline,1,16,17,all_common,cook_gap,flow,6320,321,0.05079113924050633,0.5484527795130965,0.06074493764514285,0.5135173432189664,66
historical80,endpoint_sd,active_minus_baseline,1,16,17,strong_fixed_support,randi_wild_type,flow,1051,139,0.13225499524262607,0.5761312003029155,0.1650992104033332,0.5635804188137273,27
historical80,endpoint_sd,active_minus_baseline,1,16,17,strong_fixed_support,cook_struct,flow,4503,838,0.18609815678436598,0.5187691085446737,0.20290415317192317,0.5087272637885686,57
historical80,endpoint_sd,active_minus_baseline,1,16,17,strong_fixed_support,cook_chem,flow,4503,746,0.16566733288918498,0.5125185444721239,0.17889924274579178,0.5026556868305432,57
historical80,endpoint_sd,active_minus_baseline,1,16,17,strong_fixed_support,cook_gap,flow,4503,231,0.051299133910726186,0.5441767190362695,0.06017847271422322,0.5191815665994797,47
historical80,endpoint_sd,active_minus_baseline,1,32,33,all_common,randi_wild_type,flow,1646,273,0.16585662211421628,0.5549864071349868,0.19820426924236523,0.54690173069744,44
historical80,endpoint_sd,active_minus_baseline,1,32,33,all_common,cook_struct,flow,6320,1267,0.2004746835443038,0.5236120641328204,0.22138698156812397,0.5037831145237714,80
historical80,endpoint_sd,active_minus_baseline,1,32,33,all_common,cook_chem,flow,6320,1145,0.18117088607594936,0.521935826846402,0.19820197143293145,0.5046238935128884,80
historical80,endpoint_sd,active_minus_baseline,1,32,33,all_common,cook_gap,flow,6320,321,0.05079113924050633,0.5234958682106416,0.06164499104185108,0.47580867543500815,66
historical80,endpoint_sd,active_minus_baseline,1,32,33,strong_fixed_support,randi_wild_type,flow,1051,139,0.13225499524262607,0.5579878202700996,0.17167407909045113,0.5422476277582107,27
historical80,endpoint_sd,active_minus_baseline,1,32,33,strong_fixed_support,cook_struct,flow,4503,838,0.18609815678436598,0.5037479609412393,0.1872523702044751,0.48803566552514543,57
historical80,endpoint_sd,active_minus_baseline,1,32,33,strong_fixed_support,cook_chem,flow,4503,746,0.16566733288918498,0.5009430118292146,0.16408019437810697,0.49052245749087714,57
historical80,endpoint_sd,active_minus_baseline,1,32,33,strong_fixed_support,cook_gap,flow,4503,231,0.051299133910726186,0.49770882987175125,0.053556480606916014,0.4274626055890589,47
historical80,endpoint_sd,active_minus_baseline,4,1,5,all_common,randi_wild_type,flow,1646,273,0.16585662211421628,0.5341742501247235,0.2061304499471069,0.5066595138329432,44
historical80,endpoint_sd,active_minus_baseline,4,1,5,all_common,cook_struct,flow,6320,1267,0.2004746835443038,0.5249687956438391,0.21578451640971483,0.5126419130874528,80
historical80,endpoint_sd,active_minus_baseline,4,1,5,all_common,cook_chem,flow,6320,1145,0.18117088607594936,0.528406472164209,0.19627546592106138,0.5117330768742173,80
historical80,endpoint_sd,active_minus_baseline,4,1,5,all_common,cook_gap,flow,6320,321,0.05079113924050633,0.5013475766210256,0.05547962255248581,0.49226188469524235,66
historical80,endpoint_sd,active_minus_baseline,4,1,5,strong_fixed_support,randi_wild_type,flow,1051,139,0.13225499524262607,0.5053246876183264,0.1481247542120948,0.5171486829082719,27
historical80,endpoint_sd,active_minus_baseline,4,1,5,strong_fixed_support,cook_struct,flow,4503,838,0.18609815678436598,0.5220390913205287,0.19692967887386226,0.5125886913847634,57
historical80,endpoint_sd,active_minus_baseline,4,1,5,strong_fixed_support,cook_chem,flow,4503,746,0.16566733288918498,0.5273302168392013,0.17811399669242886,0.5139662325559328,57
historical80,endpoint_sd,active_minus_baseline,4,1,5,strong_fixed_support,cook_gap,flow,4503,231,0.051299133910726186,0.49677959368970603,0.05180663901788287,0.4844196931726851,47
historical80,endpoint_sd,active_minus_baseline,4,2,6,all_common,randi_wild_type,flow,1646,273,0.16585662211421628,0.542618100520504,0.21290863465289053,0.5170708421115552,44
historical80,endpoint_sd,active_minus_baseline,4,2,6,all_common,cook_struct,flow,6320,1267,0.2004746835443038,0.5218712429619358,0.21662924378676457,0.5131979074752364,80
historical80,endpoint_sd,active_minus_baseline,4,2,6,all_common,cook_chem,flow,6320,1145,0.18117088607594936,0.5281369533573824,0.19773889365270017,0.5130204778146652,80
historical80,endpoint_sd,active_minus_baseline,4,2,6,all_common,cook_gap,flow,6320,321,0.05079113924050633,0.5065807956570124,0.055824090159716705,0.5090469657607101,66
historical80,endpoint_sd,active_minus_baseline,4,2,6,strong_fixed_support,randi_wild_type,flow,1051,139,0.13225499524262607,0.5049854852959738,0.14521664668715786,0.5183258810621276,27
historical80,endpoint_sd,active_minus_baseline,4,2,6,strong_fixed_support,cook_struct,flow,4503,838,0.18609815678436598,0.5200495234870266,0.19640492979400542,0.5136519943891554,57
historical80,endpoint_sd,active_minus_baseline,4,2,6,strong_fixed_support,cook_chem,flow,4503,746,0.16566733288918498,0.5300548894967108,0.17878441983189547,0.5164453025596487,57
historical80,endpoint_sd,active_minus_baseline,4,2,6,strong_fixed_support,cook_gap,flow,4503,231,0.051299133910726186,0.4983087293480552,0.05086953960826307,0.5080809976500748,47
historical80,endpoint_sd,active_minus_baseline,4,4,8,all_common,randi_wild_type,flow,1646,273,0.16585662211421628,0.5454860749835259,0.209486133357343,0.5240392894053296,44
historical80,endpoint_sd,active_minus_baseline,4,4,8,all_common,cook_struct,flow,6320,1267,0.2004746835443038,0.5313872634369292,0.22162917454546305,0.5184948297108196,80
historical80,endpoint_sd,active_minus_baseline,4,4,8,all_common,cook_chem,flow,6320,1145,0.18117088607594936,0.5343169841571208,0.2005074460750314,0.5141001254862549,80
historical80,endpoint_sd,active_minus_baseline,4,4,8,all_common,cook_gap,flow,6320,321,0.05079113924050633,0.5261017023086401,0.05865577725483114,0.520636342146605,66
historical80,endpoint_sd,active_minus_baseline,4,4,8,strong_fixed_support,randi_wild_type,flow,1051,139,0.13225499524262607,0.5313091631957592,0.1565731153011499,0.5408282328696791,27
historical80,endpoint_sd,active_minus_baseline,4,4,8,strong_fixed_support,cook_struct,flow,4503,838,0.18609815678436598,0.5217865899123164,0.19883172355653245,0.514673140873904,57
historical80,endpoint_sd,active_minus_baseline,4,4,8,strong_fixed_support,cook_chem,flow,4503,746,0.16566733288918498,0.5261433349436726,0.18045355141123526,0.511646438975649,57
historical80,endpoint_sd,active_minus_baseline,4,4,8,strong_fixed_support,cook_gap,flow,4503,231,0.051299133910726186,0.5176017802422297,0.053118501749807215,0.5039233254759882,47
historical80,endpoint_sd,active_minus_baseline,4,8,12,all_common,randi_wild_type,flow,1646,273,0.16585662211421628,0.5536738085900504,0.21154922786032515,0.5250317708150519,44
historical80,endpoint_sd,active_minus_baseline,4,8,12,all_common,cook_struct,flow,6320,1267,0.2004746835443038,0.5122242508806806,0.213433881027995,0.49438673812560674,80
historical80,endpoint_sd,active_minus_baseline,4,8,12,all_common,cook_chem,flow,6320,1145,0.18117088607594936,0.513829420078898,0.1935904098612691,0.4872384277972168,80
historical80,endpoint_sd,active_minus_baseline,4,8,12,all_common,cook_gap,flow,6320,321,0.05079113924050633,0.502386950265335,0.05739147319851851,0.4968280830326177,66
historical80,endpoint_sd,active_minus_baseline,4,8,12,strong_fixed_support,randi_wild_type,flow,1051,139,0.13225499524262607,0.5274753881105642,0.1773842495138821,0.5248258429212973,27
historical80,endpoint_sd,active_minus_baseline,4,8,12,strong_fixed_support,cook_struct,flow,4503,838,0.18609815678436598,0.5107509271408897,0.19478756677994216,0.5014942415798547,57
historical80,endpoint_sd,active_minus_baseline,4,8,12,strong_fixed_support,cook_chem,flow,4503,746,0.16566733288918498,0.5175971787426652,0.17684054465383073,0.4959271802100518,57
historical80,endpoint_sd,active_minus_baseline,4,8,12,strong_fixed_support,cook_gap,flow,4503,231,0.051299133910726186,0.47449920553853137,0.04984710427140468,0.461005100321591,47
historical80,endpoint_sd,active_minus_baseline,4,16,20,all_common,randi_wild_type,flow,1646,273,0.16585662211421628,0.556579133418172,0.21314984092688716,0.5122765508879522,44
historical80,endpoint_sd,active_minus_baseline,4,16,20,all_common,cook_struct,flow,6320,1267,0.2004746835443038,0.5045340230182012,0.2113081190392023,0.4899660700201087,80
historical80,endpoint_sd,active_minus_baseline,4,16,20,all_common,cook_chem,flow,6320,1145,0.18117088607594936,0.5034120203362656,0.19053856679286757,0.4838697146024601,80
historical80,endpoint_sd,active_minus_baseline,4,16,20,all_common,cook_gap,flow,6320,321,0.05079113924050633,0.5042984838075296,0.0568004839781618,0.5165807840012151,66
historical80,endpoint_sd,active_minus_baseline,4,16,20,strong_fixed_support,randi_wild_type,flow,1051,139,0.13225499524262607,0.5121797299002903,0.15341759318622666,0.4977720970934599,27
historical80,endpoint_sd,active_minus_baseline,4,16,20,strong_fixed_support,cook_struct,flow,4503,838,0.18609815678436598,0.4901643294142163,0.1872351620371682,0.4851068730009144,57
historical80,endpoint_sd,active_minus_baseline,4,16,20,strong_fixed_support,cook_chem,flow,4503,746,0.16566733288918498,0.48923439427813387,0.16692863110662232,0.4785852795092537,57
historical80,endpoint_sd,active_minus_baseline,4,16,20,strong_fixed_support,cook_gap,flow,4503,231,0.051299133910726186,0.491505139679297,0.05304689970421041,0.5047256421053917,47
historical80,endpoint_sd,active_minus_baseline,4,32,36,all_common,randi_wild_type,flow,1646,273,0.16585662211421628,0.5845785678269291,0.22822929389403368,0.5617769917194033,44
historical80,endpoint_sd,active_minus_baseline,4,32,36,all_common,cook_struct,flow,6320,1267,0.2004746835443038,0.517770355619541,0.21604923926064065,0.4932742123828516,80
historical80,endpoint_sd,active_minus_baseline,4,32,36,all_common,cook_chem,flow,6320,1145,0.18117088607594936,0.5161096133156129,0.19507284196047542,0.4866232890508198,80
historical80,endpoint_sd,active_minus_baseline,4,32,36,all_common,cook_gap,flow,6320,321,0.05079113924050633,0.5113957206782647,0.05727234693225863,0.49535868236564545,66
historical80,endpoint_sd,active_minus_baseline,4,32,36,strong_fixed_support,randi_wild_type,flow,1051,139,0.13225499524262607,0.5147040262526821,0.15429923769957427,0.51060832655575,27
historical80,endpoint_sd,active_minus_baseline,4,32,36,strong_fixed_support,cook_struct,flow,4503,838,0.18609815678436598,0.5039807636580307,0.18918313134085554,0.48516193160560794,57
historical80,endpoint_sd,active_minus_baseline,4,32,36,strong_fixed_support,cook_chem,flow,4503,746,0.16566733288918498,0.49992578643190444,0.16753801888210945,0.4763280855739555,57
historical80,endpoint_sd,active_minus_baseline,4,32,36,strong_fixed_support,cook_gap,flow,4503,231,0.051299133910726186,0.5087157692494771,0.05382381606547636,0.4896872334944057,47
historical80,endpoint_sd,active_minus_baseline,8,1,9,all_common,randi_wild_type,flow,1646,273,0.16585662211421628,0.5917578415757585,0.2241235029628848,0.5516008831164473,44
historical80,endpoint_sd,active_minus_baseline,8,1,9,all_common,cook_struct,flow,6320,1267,0.2004746835443038,0.5123055516809898,0.21338970232750115,0.4925737402991149,80
historical80,endpoint_sd,active_minus_baseline,8,1,9,all_common,cook_chem,flow,6320,1145,0.18117088607594936,0.5115624749488429,0.19346107038880167,0.4929687953761704,80
historical80,endpoint_sd,active_minus_baseline,8,1,9,all_common,cook_gap,flow,6320,321,0.05079113924050633,0.514643925597153,0.055753843791286,0.48999600137924315,66
historical80,endpoint_sd,active_minus_baseline,8,1,9,strong_fixed_support,randi_wild_type,flow,1051,139,0.13225499524262607,0.5619872523034204,0.16621645207456398,0.5241257749070297,27
historical80,endpoint_sd,active_minus_baseline,8,1,9,strong_fixed_support,cook_struct,flow,4503,838,0.18609815678436598,0.4989882035770219,0.18915605196575183,0.48247162907838254,57
historical80,endpoint_sd,active_minus_baseline,8,1,9,strong_fixed_support,cook_chem,flow,4503,746,0.16566733288918498,0.4979885625474093,0.1679939738881729,0.4845394799547205,57
historical80,endpoint_sd,active_minus_baseline,8,1,9,strong_fixed_support,cook_gap,flow,4503,231,0.051299133910726186,0.5045762601942377,0.05572287630998238,0.47657055955100286,47
historical80,endpoint_sd,active_minus_baseline,8,2,10,all_common,randi_wild_type,flow,1646,273,0.16585662211421628,0.5793201699975188,0.22388603478414776,0.5472029037410122,44
historical80,endpoint_sd,active_minus_baseline,8,2,10,all_common,cook_struct,flow,6320,1267,0.2004746835443038,0.5170737147561811,0.21563492964322784,0.5058827406581263,80
historical80,endpoint_sd,active_minus_baseline,8,2,10,all_common,cook_chem,flow,6320,1145,0.18117088607594936,0.5145870092610173,0.19498490239717184,0.5014662360384454,80
historical80,endpoint_sd,active_minus_baseline,8,2,10,all_common,cook_gap,flow,6320,321,0.05079113924050633,0.5195050680824789,0.05751897609859718,0.498589656027558,66
historical80,endpoint_sd,active_minus_baseline,8,2,10,strong_fixed_support,randi_wild_type,flow,1051,139,0.13225499524262607,0.5576012873911398,0.16905240715353778,0.5192726467229708,27
historical80,endpoint_sd,active_minus_baseline,8,2,10,strong_fixed_support,cook_struct,flow,4503,838,0.18609815678436598,0.5070990176702146,0.18916132524590054,0.5007382078533227,57
historical80,endpoint_sd,active_minus_baseline,8,2,10,strong_fixed_support,cook_chem,flow,4503,746,0.16566733288918498,0.5032457732161806,0.16680806729359268,0.49614220533353953,57
historical80,endpoint_sd,active_minus_baseline,8,2,10,strong_fixed_support,cook_gap,flow,4503,231,0.051299133910726186,0.5202932211359178,0.059601158142879154,0.49263800807098423,47
historical80,endpoint_sd,active_minus_baseline,8,4,12,all_common,randi_wild_type,flow,1646,273,0.16585662211421628,0.5916804729623375,0.22969854591620287,0.5596905660123551,44
historical80,endpoint_sd,active_minus_baseline,8,4,12,all_common,cook_struct,flow,6320,1267,0.2004746835443038,0.5212052949079146,0.21682188287095663,0.5082436304673222,80
historical80,endpoint_sd,active_minus_baseline,8,4,12,all_common,cook_chem,flow,6320,1145,0.18117088607594936,0.5180674640845516,0.19536626154250739,0.5044754334638082,80
historical80,endpoint_sd,active_minus_baseline,8,4,12,all_common,cook_gap,flow,6320,321,0.05079113924050633,0.5292465670550491,0.05771022558218877,0.5246779785843848,66
historical80,endpoint_sd,active_minus_baseline,8,4,12,strong_fixed_support,randi_wild_type,flow,1051,139,0.13225499524262607,0.5703726492490219,0.16085143925804307,0.528752830832751,27
historical80,endpoint_sd,active_minus_baseline,8,4,12,strong_fixed_support,cook_struct,flow,4503,838,0.18609815678436598,0.5096233805559264,0.1913053267616328,0.50366643739352,57
historical80,endpoint_sd,active_minus_baseline,8,4,12,strong_fixed_support,cook_chem,flow,4503,746,0.16566733288918498,0.5067623545967099,0.16863128107989314,0.5014107714914454,57
historical80,endpoint_sd,active_minus_baseline,8,4,12,strong_fixed_support,cook_gap,flow,4503,231,0.051299133910726186,0.5351032394571721,0.06122248391460785,0.5328510198115359,47
historical80,endpoint_sd,active_minus_baseline,8,8,16,all_common,randi_wild_type,flow,1646,273,0.16585662211421628,0.5409906917554405,0.20157136004394535,0.5012374010835425,44
historical80,endpoint_sd,active_minus_baseline,8,8,16,all_common,cook_struct,flow,6320,1267,0.2004746835443038,0.5240070095191444,0.2157342833162728,0.5084053316023937,80
historical80,endpoint_sd,active_minus_baseline,8,8,16,all_common,cook_chem,flow,6320,1145,0.18117088607594936,0.5188868215091872,0.19308104505187362,0.5016268553973552,80
historical80,endpoint_sd,active_minus_baseline,8,8,16,all_common,cook_gap,flow,6320,321,0.05079113924050633,0.5261089724715282,0.057670790621623,0.4985706928504644,66
historical80,endpoint_sd,active_minus_baseline,8,8,16,strong_fixed_support,randi_wild_type,flow,1051,139,0.13225499524262607,0.5108465858891834,0.13971755145505416,0.48597234961040575,27
historical80,endpoint_sd,active_minus_baseline,8,8,16,strong_fixed_support,cook_struct,flow,4503,838,0.18609815678436598,0.5152760909981865,0.19075796552853339,0.5093842476901297,57
historical80,endpoint_sd,active_minus_baseline,8,8,16,strong_fixed_support,cook_chem,flow,4503,746,0.16566733288918498,0.5091321936317623,0.16796571698014703,0.5031755381920331,57
historical80,endpoint_sd,active_minus_baseline,8,8,16,strong_fixed_support,cook_gap,flow,4503,231,0.051299133910726186,0.5299078262561409,0.05738305785349638,0.5155350396528023,47
historical80,endpoint_sd,active_minus_baseline,8,16,24,all_common,randi_wild_type,flow,1646,273,0.16585662211421628,0.5382160932051683,0.19764373004922303,0.48287623678387265,44
historical80,endpoint_sd,active_minus_baseline,8,16,24,all_common,cook_struct,flow,6320,1267,0.2004746835443038,0.5306605545542428,0.2206231040995335,0.5115601082614232,80
historical80,endpoint_sd,active_minus_baseline,8,16,24,all_common,cook_chem,flow,6320,1145,0.18117088607594936,0.5265813556104044,0.19875967377276726,0.5068523183383289,80
historical80,endpoint_sd,active_minus_baseline,8,16,24,all_common,cook_gap,flow,6320,321,0.05079113924050633,0.5305500034013975,0.05600687086092871,0.5333333019641338,66
historical80,endpoint_sd,active_minus_baseline,8,16,24,strong_fixed_support,randi_wild_type,flow,1051,139,0.13225499524262607,0.5047803862173419,0.13828343289459966,0.46048841225706477,27
historical80,endpoint_sd,active_minus_baseline,8,16,24,strong_fixed_support,cook_struct,flow,4503,838,0.18609815678436598,0.5171368847414913,0.18945775507171453,0.5097249880267788,57
historical80,endpoint_sd,active_minus_baseline,8,16,24,strong_fixed_support,cook_chem,flow,4503,746,0.16566733288918498,0.5122124135037296,0.16736509900921284,0.5059116159481153,57
historical80,endpoint_sd,active_minus_baseline,8,16,24,strong_fixed_support,cook_gap,flow,4503,231,0.051299133910726186,0.5261321075927817,0.054463426438817755,0.5285339307009232,47
historical80,endpoint_sd,active_minus_baseline,8,32,40,all_common,randi_wild_type,flow,1646,273,0.16585662211421628,0.5434238012533715,0.21423010905870607,0.4979638134947835,44
historical80,endpoint_sd,active_minus_baseline,8,32,40,all_common,cook_struct,flow,6320,1267,0.2004746835443038,0.5174157872877413,0.21600554178300377,0.49653862288003997,80
historical80,endpoint_sd,active_minus_baseline,8,32,40,all_common,cook_chem,flow,6320,1145,0.18117088607594936,0.5159474294875852,0.19457082308993967,0.49230790765011445,80
historical80,endpoint_sd,active_minus_baseline,8,32,40,all_common,cook_gap,flow,6320,321,0.05079113924050633,0.5169371426909677,0.05555673793492867,0.5004218557555038,66
historical80,endpoint_sd,active_minus_baseline,8,32,40,strong_fixed_support,randi_wild_type,flow,1051,139,0.13225499524262607,0.4929871891960116,0.13582280397677532,0.46848932087041045,27
historical80,endpoint_sd,active_minus_baseline,8,32,40,strong_fixed_support,cook_struct,flow,4503,838,0.18609815678436598,0.49541883325139113,0.18249830564895897,0.4855659395073546,57
historical80,endpoint_sd,active_minus_baseline,8,32,40,strong_fixed_support,cook_chem,flow,4503,746,0.16566733288918498,0.49182723081347346,0.16029589609849437,0.4807921111976451,57
historical80,endpoint_sd,active_minus_baseline,8,32,40,strong_fixed_support,cook_gap,flow,4503,231,0.051299133910726186,0.5113555296139566,0.053409923311025106,0.49148273507885637,47
historical80,endpoint_sd,active_minus_baseline,16,1,17,all_common,randi_wild_type,flow,1646,273,0.16585662211421628,0.5416416552614659,0.2043024917262399,0.49689520648129065,44
historical80,endpoint_sd,active_minus_baseline,16,1,17,all_common,cook_struct,flow,6320,1267,0.2004746835443038,0.5039179800663871,0.21498444442944917,0.48834068736243286,80
historical80,endpoint_sd,active_minus_baseline,16,1,17,all_common,cook_chem,flow,6320,1145,0.18117088607594936,0.5115667784739363,0.19466637608178472,0.49472627684282583,80
historical80,endpoint_sd,active_minus_baseline,16,1,17,all_common,cook_gap,flow,6320,321,0.05079113924050633,0.48887483324063874,0.0700107730759102,0.4776564453331894,66
historical80,endpoint_sd,active_minus_baseline,16,1,17,strong_fixed_support,randi_wild_type,flow,1051,139,0.13225499524262607,0.5293843872270605,0.17328714299650172,0.4879898324071925,27
historical80,endpoint_sd,active_minus_baseline,16,1,17,strong_fixed_support,cook_struct,flow,4503,838,0.18609815678436598,0.4949737405047424,0.18953657349238356,0.4870648979075222,57
historical80,endpoint_sd,active_minus_baseline,16,1,17,strong_fixed_support,cook_chem,flow,4503,746,0.16566733288918498,0.5090115965836068,0.17344897611325033,0.49956657264521087,57
historical80,endpoint_sd,active_minus_baseline,16,1,17,strong_fixed_support,cook_gap,flow,4503,231,0.051299133910726186,0.4686339721452081,0.053187353177718964,0.4496846740183907,47
historical80,endpoint_sd,active_minus_baseline,16,2,18,all_common,randi_wild_type,flow,1646,273,0.16585662211421628,0.5435278486990067,0.20231884584238696,0.5048299301933574,44
historical80,endpoint_sd,active_minus_baseline,16,2,18,all_common,cook_struct,flow,6320,1267,0.2004746835443038,0.5036711880116542,0.21701000519034563,0.48384621948574286,80
historical80,endpoint_sd,active_minus_baseline,16,2,18,all_common,cook_chem,flow,6320,1145,0.18117088607594936,0.5101854313018164,0.19631621099925234,0.4839374854837466,80
historical80,endpoint_sd,active_minus_baseline,16,2,18,all_common,cook_gap,flow,6320,321,0.05079113924050633,0.4860181785230041,0.06756845388453747,0.4713295489924155,66
historical80,endpoint_sd,active_minus_baseline,16,2,18,strong_fixed_support,randi_wild_type,flow,1051,139,0.13225499524262607,0.5176148554840339,0.16803285181801242,0.4895116747850608,27
historical80,endpoint_sd,active_minus_baseline,16,2,18,strong_fixed_support,cook_struct,flow,4503,838,0.18609815678436598,0.4877581586770294,0.18759431451062408,0.47668783429114003,57
historical80,endpoint_sd,active_minus_baseline,16,2,18,strong_fixed_support,cook_chem,flow,4503,746,0.16566733288918498,0.4987141072143438,0.17182962820988437,0.47906032404149856,57
historical80,endpoint_sd,active_minus_baseline,16,2,18,strong_fixed_support,cook_gap,flow,4503,231,0.051299133910726186,0.4643921153752615,0.04851813715688729,0.4492294331056585,47
historical80,endpoint_sd,active_minus_baseline,16,4,20,all_common,randi_wild_type,flow,1646,273,0.16585662211421628,0.529081261055041,0.19832332780581757,0.498436194786085,44
historical80,endpoint_sd,active_minus_baseline,16,4,20,all_common,cook_struct,flow,6320,1267,0.2004746835443038,0.5031861947648533,0.2146167915382972,0.4796467467006014,80
historical80,endpoint_sd,active_minus_baseline,16,4,20,all_common,cook_chem,flow,6320,1145,0.18117088607594936,0.5079962027719764,0.1945998827628136,0.47396744537197283,80
historical80,endpoint_sd,active_minus_baseline,16,4,20,all_common,cook_gap,flow,6320,321,0.05079113924050633,0.4874545549907331,0.06130786015387493,0.4728188651211818,66
historical80,endpoint_sd,active_minus_baseline,16,4,20,strong_fixed_support,randi_wild_type,flow,1051,139,0.13225499524262607,0.5082276284235769,0.1688077217995977,0.4819356853428746,27
historical80,endpoint_sd,active_minus_baseline,16,4,20,strong_fixed_support,cook_struct,flow,4503,838,0.18609815678436598,0.4802843774725114,0.18349990068775873,0.46792102240152533,57
historical80,endpoint_sd,active_minus_baseline,16,4,20,strong_fixed_support,cook_chem,flow,4503,746,0.16566733288918498,0.4887216784254735,0.1665711896292179,0.4627270726666057,57
historical80,endpoint_sd,active_minus_baseline,16,4,20,strong_fixed_support,cook_gap,flow,4503,231,0.051299133910726186,0.4662982148937205,0.048273785371496555,0.4580575190914642,47
historical80,endpoint_sd,active_minus_baseline,16,8,24,all_common,randi_wild_type,flow,1646,273,0.16585662211421628,0.523566746436375,0.1991161577265122,0.4864978280619429,44
historical80,endpoint_sd,active_minus_baseline,16,8,24,all_common,cook_struct,flow,6320,1267,0.2004746835443038,0.5050127683648824,0.2103331097135736,0.47766741513503064,80
historical80,endpoint_sd,active_minus_baseline,16,8,24,all_common,cook_chem,flow,6320,1145,0.18117088607594936,0.5106053203383751,0.1921173918468174,0.47450795552636915,80
historical80,endpoint_sd,active_minus_baseline,16,8,24,all_common,cook_gap,flow,6320,321,0.05079113924050633,0.48660758101428125,0.053901002344572915,0.4590242624480516,66
historical80,endpoint_sd,active_minus_baseline,16,8,24,strong_fixed_support,randi_wild_type,flow,1051,139,0.13225499524262607,0.49825665783162953,0.15136057503242625,0.4620367490198306,27
historical80,endpoint_sd,active_minus_baseline,16,8,24,strong_fixed_support,cook_struct,flow,4503,838,0.18609815678436598,0.49182064748459103,0.18118588931509327,0.47631663491113513,57
historical80,endpoint_sd,active_minus_baseline,16,8,24,strong_fixed_support,cook_chem,flow,4503,746,0.16566733288918498,0.499395944371222,0.1647078086196379,0.47240056330438157,57
historical80,endpoint_sd,active_minus_baseline,16,8,24,strong_fixed_support,cook_gap,flow,4503,231,0.051299133910726186,0.47396517340337563,0.04738747980885816,0.44851581712987443,47
historical80,endpoint_sd,active_minus_baseline,16,16,32,all_common,randi_wild_type,flow,1646,273,0.16585662211421628,0.5321946807744331,0.18797227577536865,0.5015496611286656,44
historical80,endpoint_sd,active_minus_baseline,16,16,32,all_common,cook_struct,flow,6320,1267,0.2004746835443038,0.5045108276890065,0.2130441722823407,0.4779034423820683,80
historical80,endpoint_sd,active_minus_baseline,16,16,32,all_common,cook_chem,flow,6320,1145,0.18117088607594936,0.5045327089002806,0.19261346135696547,0.4795652864872039,80
historical80,endpoint_sd,active_minus_baseline,16,16,32,all_common,cook_gap,flow,6320,321,0.05079113924050633,0.4976436882782644,0.054320179198658225,0.4581461958029971,66
historical80,endpoint_sd,active_minus_baseline,16,16,32,strong_fixed_support,randi_wild_type,flow,1051,139,0.13225499524262607,0.5167471286128992,0.14646378580074357,0.5018958185149911,27
historical80,endpoint_sd,active_minus_baseline,16,16,32,strong_fixed_support,cook_struct,flow,4503,838,0.18609815678436598,0.4860193014616103,0.1827386495228691,0.46913088034683825,57
historical80,endpoint_sd,active_minus_baseline,16,16,32,strong_fixed_support,cook_chem,flow,4503,746,0.16566733288918498,0.4910742128545036,0.16587508719147637,0.4764250831557763,57
historical80,endpoint_sd,active_minus_baseline,16,16,32,strong_fixed_support,cook_gap,flow,4503,231,0.051299133910726186,0.4772139533375488,0.04776753017150872,0.44062397856129293,47
historical80,endpoint_sd,active_minus_baseline,16,32,48,all_common,randi_wild_type,flow,1646,273,0.16585662211421628,0.5276005858671554,0.18244518912013857,0.5063278113894891,44
historical80,endpoint_sd,active_minus_baseline,16,32,48,all_common,cook_struct,flow,6320,1267,0.2004746835443038,0.5250547823692381,0.22270687212194853,0.509089787447218,80
historical80,endpoint_sd,active_minus_baseline,16,32,48,all_common,cook_chem,flow,6320,1145,0.18117088607594936,0.5257967639178954,0.19956911664305718,0.5080549190518987,80
historical80,endpoint_sd,active_minus_baseline,16,32,48,all_common,cook_gap,flow,6320,321,0.05079113924050633,0.5096955411571711,0.06095253558815938,0.48823731318646474,66
historical80,endpoint_sd,active_minus_baseline,16,32,48,strong_fixed_support,randi_wild_type,flow,1051,139,0.13225499524262607,0.5145856998611638,0.14843631071894886,0.5061514300750197,27
historical80,endpoint_sd,active_minus_baseline,16,32,48,strong_fixed_support,cook_struct,flow,4503,838,0.18609815678436598,0.5031006717090976,0.1894800502257563,0.49999589833109137,57
historical80,endpoint_sd,active_minus_baseline,16,32,48,strong_fixed_support,cook_chem,flow,4503,746,0.16566733288918498,0.5116493894150045,0.17101995778205573,0.5047295864469538,57
historical80,endpoint_sd,active_minus_baseline,16,32,48,strong_fixed_support,cook_gap,flow,4503,231,0.051299133910726186,0.4812176743356519,0.05089334505873422,0.45926732724502844,47
historical80,endpoint_log_sd,state_average,1,1,2,all_common,randi_wild_type,flow,1646,273,0.16585662211421628,0.5632941954864751,0.21248218143846326,0.49764775718721366,44
historical80,endpoint_log_sd,state_average,1,1,2,all_common,cook_struct,flow,6320,1267,0.2004746835443038,0.4804229078633103,0.19312712621923628,0.4894907228095652,80
historical80,endpoint_log_sd,state_average,1,1,2,all_common,cook_chem,flow,6320,1145,0.18117088607594936,0.48471041917178237,0.1753196801331062,0.4846431314331309,80
historical80,endpoint_log_sd,state_average,1,1,2,all_common,cook_gap,flow,6320,321,0.05079113924050633,0.4752609339355105,0.04933580977164031,0.5063325913050917,66
historical80,endpoint_log_sd,state_average,1,1,2,strong_fixed_support,randi_wild_type,flow,1051,139,0.13225499524262607,0.5279881358071438,0.1478125750991454,0.4903739411752994,27
historical80,endpoint_log_sd,state_average,1,1,2,strong_fixed_support,cook_struct,flow,4503,838,0.18609815678436598,0.4792720926522253,0.18434144629030558,0.49525725228373846,57
historical80,endpoint_log_sd,state_average,1,1,2,strong_fixed_support,cook_chem,flow,4503,746,0.16566733288918498,0.48566536388553694,0.1666780292248884,0.4880100663091502,57
historical80,endpoint_log_sd,state_average,1,1,2,strong_fixed_support,cook_gap,flow,4503,231,0.051299133910726186,0.4814243964524863,0.051645003980545834,0.5242680184159233,47
historical80,endpoint_log_sd,state_average,1,2,3,all_common,randi_wild_type,flow,1646,273,0.16585662211421628,0.5510806260988345,0.20865024583922084,0.4831700179323111,44
historical80,endpoint_log_sd,state_average,1,2,3,all_common,cook_struct,flow,6320,1267,0.2004746835443038,0.48341705779823063,0.19595105861874357,0.4898560031386589,80
historical80,endpoint_log_sd,state_average,1,2,3,all_common,cook_chem,flow,6320,1145,0.18117088607594936,0.48589245406408876,0.17756119976743107,0.48543365067486394,80
historical80,endpoint_log_sd,state_average,1,2,3,all_common,cook_gap,flow,6320,321,0.05079113924050633,0.4876093056007777,0.051518222289956214,0.516103133199354,66
historical80,endpoint_log_sd,state_average,1,2,3,strong_fixed_support,randi_wild_type,flow,1051,139,0.13225499524262607,0.5167865707434053,0.14335010567624246,0.49195997729915025,27
historical80,endpoint_log_sd,state_average,1,2,3,strong_fixed_support,cook_struct,flow,4503,838,0.18609815678436598,0.4775379566107832,0.1821699280221931,0.4891638185238577,57
historical80,endpoint_log_sd,state_average,1,2,3,strong_fixed_support,cook_chem,flow,4503,746,0.16566733288918498,0.4806848485151221,0.16350301496441533,0.48261001465264974,57
historical80,endpoint_log_sd,state_average,1,2,3,strong_fixed_support,cook_gap,flow,4503,231,0.051299133910726186,0.48990101658640983,0.05463020040175271,0.5371156934049197,47
historical80,endpoint_log_sd,state_average,1,4,5,all_common,randi_wild_type,flow,1646,273,0.16585662211421628,0.5300977245624005,0.2073052351060167,0.47761748140758087,44
historical80,endpoint_log_sd,state_average,1,4,5,all_common,cook_struct,flow,6320,1267,0.2004746835443038,0.5015259715055144,0.2045611095002573,0.5053276199392864,80
historical80,endpoint_log_sd,state_average,1,4,5,all_common,cook_chem,flow,6320,1145,0.18117088607594936,0.5048612113157395,0.18559572761962678,0.4999343021532039,80
historical80,endpoint_log_sd,state_average,1,4,5,all_common,cook_gap,flow,6320,321,0.05079113924050633,0.49817441016908837,0.05310919323705683,0.5111701211299362,66
historical80,endpoint_log_sd,state_average,1,4,5,strong_fixed_support,randi_wild_type,flow,1051,139,0.13225499524262607,0.4904234507131138,0.1463566912844293,0.4879434843251198,27
historical80,endpoint_log_sd,state_average,1,4,5,strong_fixed_support,cook_struct,flow,4503,838,0.18609815678436598,0.4933708205400372,0.19029588821040988,0.511243285500893,57
historical80,endpoint_log_sd,state_average,1,4,5,strong_fixed_support,cook_chem,flow,4503,746,0.16566733288918498,0.4962311638471457,0.16964775353652767,0.5028744564104429,57
historical80,endpoint_log_sd,state_average,1,4,5,strong_fixed_support,cook_gap,flow,4503,231,0.051299133910726186,0.47724232696142804,0.053502626032626226,0.516856235025101,47
historical80,endpoint_log_sd,state_average,1,8,9,all_common,randi_wild_type,flow,1646,273,0.16585662211421628,0.5208615128498595,0.1908602881465904,0.5152325089016206,44
historical80,endpoint_log_sd,state_average,1,8,9,all_common,cook_struct,flow,6320,1267,0.2004746835443038,0.5066073886729632,0.20993462252051465,0.5026222357899348,80
historical80,endpoint_log_sd,state_average,1,8,9,all_common,cook_chem,flow,6320,1145,0.18117088607594936,0.5030633504208595,0.18940429867005878,0.49847023775726057,80
historical80,endpoint_log_sd,state_average,1,8,9,all_common,cook_gap,flow,6320,321,0.05079113924050633,0.5266999328548527,0.05633193494252495,0.5273510168835518,66
historical80,endpoint_log_sd,state_average,1,8,9,strong_fixed_support,randi_wild_type,flow,1051,139,0.13225499524262607,0.487796604821406,0.14983527278866607,0.5196882627973237,27
historical80,endpoint_log_sd,state_average,1,8,9,strong_fixed_support,cook_struct,flow,4503,838,0.18609815678436598,0.5013610004981652,0.19509428972844062,0.5025777770803015,57
historical80,endpoint_log_sd,state_average,1,8,9,strong_fixed_support,cook_chem,flow,4503,746,0.16566733288918498,0.49869341304631715,0.17320560197572674,0.49839440025432674,57
historical80,endpoint_log_sd,state_average,1,8,9,strong_fixed_support,cook_gap,flow,4503,231,0.051299133910726186,0.5145718825494107,0.05477939727915328,0.5311815073110377,47
historical80,endpoint_log_sd,state_average,1,16,17,all_common,randi_wild_type,flow,1646,273,0.16585662211421628,0.4985633448852677,0.19058925219699904,0.5171851296881226,44
historical80,endpoint_log_sd,state_average,1,16,17,all_common,cook_struct,flow,6320,1267,0.2004746835443038,0.49229048174590073,0.20438650765049943,0.490384331584495,80
historical80,endpoint_log_sd,state_average,1,16,17,all_common,cook_chem,flow,6320,1145,0.18117088607594936,0.4882536548319726,0.18494531837845435,0.48861359311828945,80
historical80,endpoint_log_sd,state_average,1,16,17,all_common,cook_gap,flow,6320,321,0.05079113924050633,0.5055297378223473,0.05173831248363242,0.5096135870652466,66
historical80,endpoint_log_sd,state_average,1,16,17,strong_fixed_support,randi_wild_type,flow,1051,139,0.13225499524262607,0.48722074971601664,0.16038260153179335,0.5175366793430962,27
historical80,endpoint_log_sd,state_average,1,16,17,strong_fixed_support,cook_struct,flow,4503,838,0.18609815678436598,0.4956587991286992,0.1887891796258726,0.4963894289251212,57
historical80,endpoint_log_sd,state_average,1,16,17,strong_fixed_support,cook_chem,flow,4503,746,0.16566733288918498,0.49024876530744044,0.1681935795620923,0.49580876012464,57
historical80,endpoint_log_sd,state_average,1,16,17,strong_fixed_support,cook_gap,flow,4503,231,0.051299133910726186,0.49728119882614263,0.04950131436688362,0.49574828572667645,47
historical80,endpoint_log_sd,state_average,1,32,33,all_common,randi_wild_type,flow,1646,273,0.16585662211421628,0.5051556843253857,0.1917616364911806,0.542532275430405,44
historical80,endpoint_log_sd,state_average,1,32,33,all_common,cook_struct,flow,6320,1267,0.2004746835443038,0.502021586182519,0.20706079377350758,0.5087851599147338,80
historical80,endpoint_log_sd,state_average,1,32,33,all_common,cook_chem,flow,6320,1145,0.18117088607594936,0.49517929244984493,0.18579454016514957,0.5043499406509644,80
historical80,endpoint_log_sd,state_average,1,32,33,all_common,cook_gap,flow,6320,321,0.05079113924050633,0.513426173313413,0.0516415581346414,0.5489928843222077,66
historical80,endpoint_log_sd,state_average,1,32,33,strong_fixed_support,randi_wild_type,flow,1051,139,0.13225499524262607,0.5006626277925028,0.14652188176386957,0.5461500071829234,27
historical80,endpoint_log_sd,state_average,1,32,33,strong_fixed_support,cook_struct,flow,4503,838,0.18609815678436598,0.5082298202372308,0.1907745932189591,0.5110283094397028,57
historical80,endpoint_log_sd,state_average,1,32,33,strong_fixed_support,cook_chem,flow,4503,746,0.16566733288918498,0.5018556959983902,0.1682036251033982,0.5114133204596923,57
historical80,endpoint_log_sd,state_average,1,32,33,strong_fixed_support,cook_gap,flow,4503,231,0.051299133910726186,0.5124114337597483,0.05144065147324943,0.5282852705277423,47
historical80,endpoint_log_sd,state_average,4,1,5,all_common,randi_wild_type,flow,1646,273,0.16585662211421628,0.5524759290236347,0.23132864331628852,0.5192774036251094,44
historical80,endpoint_log_sd,state_average,4,1,5,all_common,cook_struct,flow,6320,1267,0.2004746835443038,0.49696687878808227,0.20637076278132865,0.4916162640776568,80
historical80,endpoint_log_sd,state_average,4,1,5,all_common,cook_chem,flow,6320,1145,0.18117088607594936,0.49938459591165113,0.18543117331738032,0.4965081916552256,80
historical80,endpoint_log_sd,state_average,4,1,5,all_common,cook_gap,flow,6320,321,0.05079113924050633,0.5007547986969791,0.058509440011563274,0.4850046555690708,66
historical80,endpoint_log_sd,state_average,4,1,5,strong_fixed_support,randi_wild_type,flow,1051,139,0.13225499524262607,0.5274832765366654,0.1651402285505462,0.5347372882246049,27
historical80,endpoint_log_sd,state_average,4,1,5,strong_fixed_support,cook_struct,flow,4503,838,0.18609815678436598,0.48262575416684306,0.18251686344493429,0.4881080010731761,57
historical80,endpoint_log_sd,state_average,4,1,5,strong_fixed_support,cook_chem,flow,4503,746,0.16566733288918498,0.4881493776407364,0.1640345712157652,0.4980046452261499,57
historical80,endpoint_log_sd,state_average,4,1,5,strong_fixed_support,cook_gap,flow,4503,231,0.051299133910726186,0.48752067221168344,0.05150825157267247,0.4733554515614121,47
historical80,endpoint_log_sd,state_average,4,2,6,all_common,randi_wild_type,flow,1646,273,0.16585662211421628,0.5525239509216202,0.2277914220471609,0.5479477698042138,44
historical80,endpoint_log_sd,state_average,4,2,6,all_common,cook_struct,flow,6320,1267,0.2004746835443038,0.4997053334105991,0.20632797668218683,0.4960788156453608,80
historical80,endpoint_log_sd,state_average,4,2,6,all_common,cook_chem,flow,6320,1145,0.18117088607594936,0.5007804569331055,0.1855488674551859,0.49951186072286546,80
historical80,endpoint_log_sd,state_average,4,2,6,all_common,cook_gap,flow,6320,321,0.05079113924050633,0.5012242435006042,0.056308357473857734,0.5067043192653822,66
historical80,endpoint_log_sd,state_average,4,2,6,strong_fixed_support,randi_wild_type,flow,1051,139,0.13225499524262607,0.5428814842862553,0.1706556709004132,0.5777514351296572,27
historical80,endpoint_log_sd,state_average,4,2,6,strong_fixed_support,cook_struct,flow,4503,838,0.18609815678436598,0.4946312111927639,0.18478573614052776,0.49892221739600284,57
historical80,endpoint_log_sd,state_average,4,2,6,strong_fixed_support,cook_chem,flow,4503,746,0.16566733288918498,0.496449522999427,0.1650312260022037,0.5037649382828239,57
historical80,endpoint_log_sd,state_average,4,2,6,strong_fixed_support,cook_gap,flow,4503,231,0.051299133910726186,0.5124813544757365,0.05321403771749281,0.524355313174624,47
historical80,endpoint_log_sd,state_average,4,4,8,all_common,randi_wild_type,flow,1646,273,0.16585662211421628,0.5466866224331629,0.22135824229379128,0.5447859095897304,44
historical80,endpoint_log_sd,state_average,4,4,8,all_common,cook_struct,flow,6320,1267,0.2004746835443038,0.49371250381317155,0.2030934769196453,0.4869670840136143,80
historical80,endpoint_log_sd,state_average,4,4,8,all_common,cook_chem,flow,6320,1145,0.18117088607594936,0.49445157479484425,0.1817727184443441,0.4924333348113139,80
historical80,endpoint_log_sd,state_average,4,4,8,all_common,cook_gap,flow,6320,321,0.05079113924050633,0.4949765770930669,0.055080635377049825,0.4810641815892933,66
historical80,endpoint_log_sd,state_average,4,4,8,strong_fixed_support,randi_wild_type,flow,1051,139,0.13225499524262607,0.5470307964154992,0.1667119691827446,0.5728908233701085,27
historical80,endpoint_log_sd,state_average,4,4,8,strong_fixed_support,cook_struct,flow,4503,838,0.18609815678436598,0.48779853285448693,0.18268778711947706,0.49247495010669645,57
historical80,endpoint_log_sd,state_average,4,4,8,strong_fixed_support,cook_chem,flow,4503,746,0.16566733288918498,0.4891876540020737,0.16205917902067524,0.5002099157871092,57
historical80,endpoint_log_sd,state_average,4,4,8,strong_fixed_support,cook_gap,flow,4503,231,0.051299133910726186,0.5053849084747961,0.05248141170905819,0.504597760037446,47
historical80,endpoint_log_sd,state_average,4,8,12,all_common,randi_wild_type,flow,1646,273,0.16585662211421628,0.5255463157866653,0.20314083682878742,0.5148008097932171,44
historical80,endpoint_log_sd,state_average,4,8,12,all_common,cook_struct,flow,6320,1267,0.2004746835443038,0.49693017237487835,0.20439924151840935,0.4913125462692414,80
historical80,endpoint_log_sd,state_average,4,8,12,all_common,cook_chem,flow,6320,1145,0.18117088607594936,0.49104858342299007,0.18161423487824246,0.4855913354870759,80
historical80,endpoint_log_sd,state_average,4,8,12,all_common,cook_gap,flow,6320,321,0.05079113924050633,0.5087291287904162,0.05333109815673634,0.49997819545532707,66
historical80,endpoint_log_sd,state_average,4,8,12,strong_fixed_support,randi_wild_type,flow,1051,139,0.13225499524262607,0.526410450586899,0.15927199738718983,0.5417269803435514,27
historical80,endpoint_log_sd,state_average,4,8,12,strong_fixed_support,cook_struct,flow,4503,838,0.18609815678436598,0.4920290303359848,0.18305388124631974,0.4918964301294113,57
historical80,endpoint_log_sd,state_average,4,8,12,strong_fixed_support,cook_chem,flow,4503,746,0.16566733288918498,0.48847263481715275,0.16207630781141932,0.48821710476232394,57
historical80,endpoint_log_sd,state_average,4,8,12,strong_fixed_support,cook_gap,flow,4503,231,0.051299133910726186,0.49914068453394295,0.0502142572071481,0.4892664929377243,47
historical80,endpoint_log_sd,state_average,4,16,20,all_common,randi_wild_type,flow,1646,273,0.16585662211421628,0.5243057500887071,0.20394115960951006,0.5468802489685181,44
historical80,endpoint_log_sd,state_average,4,16,20,all_common,cook_struct,flow,6320,1267,0.2004746835443038,0.5048076810434493,0.20504462727252237,0.497872716143892,80
historical80,endpoint_log_sd,state_average,4,16,20,all_common,cook_chem,flow,6320,1145,0.18117088607594936,0.5029985443959243,0.1852136215456015,0.5045002563783383,80
historical80,endpoint_log_sd,state_average,4,16,20,all_common,cook_gap,flow,6320,321,0.05079113924050633,0.507782969020278,0.05128695633408302,0.4610283201845009,66
historical80,endpoint_log_sd,state_average,4,16,20,strong_fixed_support,randi_wild_type,flow,1051,139,0.13225499524262607,0.5309541840212041,0.15789435903663168,0.5694664226789588,27
historical80,endpoint_log_sd,state_average,4,16,20,strong_fixed_support,cook_struct,flow,4503,838,0.18609815678436598,0.503757403289193,0.1853278754513102,0.49317222221710477,57
historical80,endpoint_log_sd,state_average,4,16,20,strong_fixed_support,cook_chem,flow,4503,746,0.16566733288918498,0.5024526157071589,0.16500333822708185,0.5032930034785512,57
historical80,endpoint_log_sd,state_average,4,16,20,strong_fixed_support,cook_gap,flow,4503,231,0.051299133910726186,0.4984455307489015,0.05017594667481492,0.44791953338955454,47
historical80,endpoint_log_sd,state_average,4,32,36,all_common,randi_wild_type,flow,1646,273,0.16585662211421628,0.52195534497064,0.1924589633762915,0.5410263491100111,44
historical80,endpoint_log_sd,state_average,4,32,36,all_common,cook_struct,flow,6320,1267,0.2004746835443038,0.5032015021201468,0.20327454158343472,0.48149636165385995,80
historical80,endpoint_log_sd,state_average,4,32,36,all_common,cook_chem,flow,6320,1145,0.18117088607594936,0.5011431344007763,0.1834004990896827,0.4798536656221071,80
historical80,endpoint_log_sd,state_average,4,32,36,all_common,cook_gap,flow,6320,321,0.05079113924050633,0.5011063630023487,0.05020071347592446,0.4646811011985992,66
historical80,endpoint_log_sd,state_average,4,32,36,strong_fixed_support,randi_wild_type,flow,1051,139,0.13225499524262607,0.5267733181875552,0.1551170119243576,0.5559458376874036,27
historical80,endpoint_log_sd,state_average,4,32,36,strong_fixed_support,cook_struct,flow,4503,838,0.18609815678436598,0.5034441778156918,0.18635758733191948,0.47538067019511404,57
historical80,endpoint_log_sd,state_average,4,32,36,strong_fixed_support,cook_chem,flow,4503,746,0.16566733288918498,0.4992539395630391,0.16446881614133024,0.47375144522958385,57
historical80,endpoint_log_sd,state_average,4,32,36,strong_fixed_support,cook_gap,flow,4503,231,0.051299133910726186,0.506962684631224,0.05123832406533242,0.46370940435578634,47
historical80,endpoint_log_sd,state_average,8,1,9,all_common,randi_wild_type,flow,1646,273,0.16585662211421628,0.5670372356461213,0.22710522017530818,0.5754798910133436,44
historical80,endpoint_log_sd,state_average,8,1,9,all_common,cook_struct,flow,6320,1267,0.2004746835443038,0.5069641437698049,0.20783787216645655,0.49109787703013097,80
historical80,endpoint_log_sd,state_average,8,1,9,all_common,cook_chem,flow,6320,1145,0.18117088607594936,0.5049412062527688,0.18675621277208576,0.484303863565734,80
historical80,endpoint_log_sd,state_average,8,1,9,all_common,cook_gap,flow,6320,321,0.05079113924050633,0.4932291415132013,0.049623356244630226,0.49644901109371253,66
historical80,endpoint_log_sd,state_average,8,1,9,strong_fixed_support,randi_wild_type,flow,1051,139,0.13225499524262607,0.562223905086457,0.18117338145921813,0.5718776927276333,27
historical80,endpoint_log_sd,state_average,8,1,9,strong_fixed_support,cook_struct,flow,4503,838,0.18609815678436598,0.500741061515269,0.18564065709429325,0.48799072302003654,57
historical80,endpoint_log_sd,state_average,8,1,9,strong_fixed_support,cook_chem,flow,4503,746,0.16566733288918498,0.49684556655993717,0.16508963160932133,0.478875245277776,57
historical80,endpoint_log_sd,state_average,8,1,9,strong_fixed_support,cook_gap,flow,4503,231,0.051299133910726186,0.5046998881268545,0.0496961215992688,0.5272057338521866,47
historical80,endpoint_log_sd,state_average,8,2,10,all_common,randi_wild_type,flow,1646,273,0.16585662211421628,0.5676161663051685,0.2243428950871924,0.5736006524728396,44
historical80,endpoint_log_sd,state_average,8,2,10,all_common,cook_struct,flow,6320,1267,0.2004746835443038,0.50671985087512,0.20687151631810774,0.49710626828326465,80
historical80,endpoint_log_sd,state_average,8,2,10,all_common,cook_chem,flow,6320,1145,0.18117088607594936,0.5038638060882223,0.18586414239326376,0.490064175790892,80
historical80,endpoint_log_sd,state_average,8,2,10,all_common,cook_gap,flow,6320,321,0.05079113924050633,0.48973011597467697,0.04880979822607554,0.49247955182223224,66
historical80,endpoint_log_sd,state_average,8,2,10,strong_fixed_support,randi_wild_type,flow,1051,139,0.13225499524262607,0.5519926164331692,0.17880030056802274,0.560246156696318,27
historical80,endpoint_log_sd,state_average,8,2,10,strong_fixed_support,cook_struct,flow,4503,838,0.18609815678436598,0.5043926453877386,0.18561817910955972,0.49734614645797326,57
historical80,endpoint_log_sd,state_average,8,2,10,strong_fixed_support,cook_chem,flow,4503,746,0.16566733288918498,0.4971802412083681,0.16428514842356937,0.4864561290565392,57
historical80,endpoint_log_sd,state_average,8,2,10,strong_fixed_support,cook_gap,flow,4503,231,0.051299133910726186,0.5154504515459571,0.05058428955576735,0.5285073810401063,47
historical80,endpoint_log_sd,state_average,8,4,12,all_common,randi_wild_type,flow,1646,273,0.16585662211421628,0.5682004327306587,0.2144453029295539,0.5739753045846854,44
historical80,endpoint_log_sd,state_average,8,4,12,all_common,cook_struct,flow,6320,1267,0.2004746835443038,0.513518347192998,0.21014282727184447,0.5097454530996788,80
historical80,endpoint_log_sd,state_average,8,4,12,all_common,cook_chem,flow,6320,1145,0.18117088607594936,0.5121977933886042,0.18920335226538154,0.5077949981771003,80
historical80,endpoint_log_sd,state_average,8,4,12,all_common,cook_gap,flow,6320,321,0.05079113924050633,0.5046915919008308,0.04997350844135803,0.502726836430874,66
historical80,endpoint_log_sd,state_average,8,4,12,strong_fixed_support,randi_wild_type,flow,1051,139,0.13225499524262607,0.5500047330556608,0.16737399542868264,0.5586199832628378,27
historical80,endpoint_log_sd,state_average,8,4,12,strong_fixed_support,cook_struct,flow,4503,838,0.18609815678436598,0.5125915337954657,0.1878502911580937,0.5104937143903918,57
historical80,endpoint_log_sd,state_average,8,4,12,strong_fixed_support,cook_chem,flow,4503,746,0.16566733288918498,0.5092456547599085,0.16732734153768314,0.5073781453126304,57
historical80,endpoint_log_sd,state_average,8,4,12,strong_fixed_support,cook_gap,flow,4503,231,0.051299133910726186,0.5197835092498014,0.05088923357860456,0.532402200972974,47
historical80,endpoint_log_sd,state_average,8,8,16,all_common,randi_wild_type,flow,1646,273,0.16585662211421628,0.5397794727729177,0.20131979465289607,0.5681579940341828,44
historical80,endpoint_log_sd,state_average,8,8,16,all_common,cook_struct,flow,6320,1267,0.2004746835443038,0.5085640747929875,0.20620359448747697,0.5050196272908654,80
historical80,endpoint_log_sd,state_average,8,8,16,all_common,cook_chem,flow,6320,1145,0.18117088607594936,0.5057323798071852,0.18606568426066314,0.5036657386355914,80
historical80,endpoint_log_sd,state_average,8,8,16,all_common,cook_gap,flow,6320,321,0.05079113924050633,0.49822789779605003,0.048552498361244575,0.49851523902395395,66
historical80,endpoint_log_sd,state_average,8,8,16,strong_fixed_support,randi_wild_type,flow,1051,139,0.13225499524262607,0.5296762589928057,0.1642029368132965,0.5477392758444727,27
historical80,endpoint_log_sd,state_average,8,8,16,strong_fixed_support,cook_struct,flow,4503,838,0.18609815678436598,0.5108681424947986,0.18672047754381252,0.5073353025056884,57
historical80,endpoint_log_sd,state_average,8,8,16,strong_fixed_support,cook_chem,flow,4503,746,0.16566733288918498,0.5068151604047779,0.16593526729887054,0.5066037531029067,57
historical80,endpoint_log_sd,state_average,8,8,16,strong_fixed_support,cook_gap,flow,4503,231,0.051299133910726186,0.5164536618188305,0.05047418161005369,0.5205030960419421,47
historical80,endpoint_log_sd,state_average,8,16,24,all_common,randi_wild_type,flow,1646,273,0.16585662211421628,0.5249673851276182,0.19248304823013418,0.5634699763397785,44
historical80,endpoint_log_sd,state_average,8,16,24,all_common,cook_struct,flow,6320,1267,0.2004746835443038,0.4998427872132351,0.20260744106115217,0.501218448164425,80
historical80,endpoint_log_sd,state_average,8,16,24,all_common,cook_chem,flow,6320,1145,0.18117088607594936,0.4961856422589287,0.18293111117438948,0.5028424201847626,80
historical80,endpoint_log_sd,state_average,8,16,24,all_common,cook_gap,flow,6320,321,0.05079113924050633,0.4963267502008383,0.04798552550680853,0.49610682673980877,66
historical80,endpoint_log_sd,state_average,8,16,24,strong_fixed_support,randi_wild_type,flow,1051,139,0.13225499524262607,0.528911081660987,0.1607566263194094,0.5584964418122786,27
historical80,endpoint_log_sd,state_average,8,16,24,strong_fixed_support,cook_struct,flow,4503,838,0.18609815678436598,0.5072133026402759,0.18526785966786657,0.5023400806008516,57
historical80,endpoint_log_sd,state_average,8,16,24,strong_fixed_support,cook_chem,flow,4503,746,0.16566733288918498,0.501111062745431,0.16387093666090302,0.5046100976832334,57
historical80,endpoint_log_sd,state_average,8,16,24,strong_fixed_support,cook_gap,flow,4503,231,0.051299133910726186,0.5108792580702693,0.04995714543877202,0.5054302171837317,47
historical80,endpoint_log_sd,state_average,8,32,40,all_common,randi_wild_type,flow,1646,273,0.16585662211421628,0.5081410456501498,0.18796177994237778,0.5382169990973324,44
historical80,endpoint_log_sd,state_average,8,32,40,all_common,cook_struct,flow,6320,1267,0.2004746835443038,0.5095693619222664,0.2056689391237616,0.5123666822279314,80
historical80,endpoint_log_sd,state_average,8,32,40,all_common,cook_chem,flow,6320,1145,0.18117088607594936,0.5053491129253422,0.18570315041579155,0.5083380456488291,80
historical80,endpoint_log_sd,state_average,8,32,40,all_common,cook_gap,flow,6320,321,0.05079113924050633,0.49874615655049465,0.04893524498127068,0.49206735933053314,66
historical80,endpoint_log_sd,state_average,8,32,40,strong_fixed_support,randi_wild_type,flow,1051,139,0.13225499524262607,0.5305360974378392,0.16063761456750603,0.5630298219914716,27
historical80,endpoint_log_sd,state_average,8,32,40,strong_fixed_support,cook_struct,flow,4503,838,0.18609815678436598,0.5146121962575743,0.19106113849425632,0.5134153540908797,57
historical80,endpoint_log_sd,state_average,8,32,40,strong_fixed_support,cook_chem,flow,4503,746,0.16566733288918498,0.505835398587516,0.16782154337759525,0.5093812960141828,57
historical80,endpoint_log_sd,state_average,8,32,40,strong_fixed_support,cook_gap,flow,4503,231,0.051299133910726186,0.5179898908831493,0.051992241789139276,0.5045104959759852,47
historical80,endpoint_log_sd,state_average,16,1,17,all_common,randi_wild_type,flow,1646,273,0.16585662211421628,0.5440801005258398,0.19988398689003678,0.5231421034360441,44
historical80,endpoint_log_sd,state_average,16,1,17,all_common,cook_struct,flow,6320,1267,0.2004746835443038,0.5189871341678758,0.2136012769817584,0.5033987613253592,80
historical80,endpoint_log_sd,state_average,16,1,17,all_common,cook_chem,flow,6320,1145,0.18117088607594936,0.5115980001265743,0.19076251242955083,0.4962057305534759,80
historical80,endpoint_log_sd,state_average,16,1,17,all_common,cook_gap,flow,6320,321,0.05079113924050633,0.5320466183616273,0.054847989178709894,0.5139492261789045,66
historical80,endpoint_log_sd,state_average,16,1,17,strong_fixed_support,randi_wild_type,flow,1051,139,0.13225499524262607,0.5575618452606336,0.173255216983047,0.5450928471467137,27
historical80,endpoint_log_sd,state_average,16,1,17,strong_fixed_support,cook_struct,flow,4503,838,0.18609815678436598,0.5143774399515509,0.19361485405490375,0.5001222965882668,57
historical80,endpoint_log_sd,state_average,16,1,17,strong_fixed_support,cook_chem,flow,4503,746,0.16566733288918498,0.5060484057997903,0.16886134158291155,0.49291043519376854,57
historical80,endpoint_log_sd,state_average,16,1,17,strong_fixed_support,cook_gap,flow,4503,231,0.051299133910726186,0.5379780955623653,0.05678968016776767,0.5172343819646289,47
historical80,endpoint_log_sd,state_average,16,2,18,all_common,randi_wild_type,flow,1646,273,0.16585662211421628,0.5381280530588615,0.19837652930963634,0.5086526655780502,44
historical80,endpoint_log_sd,state_average,16,2,18,all_common,cook_struct,flow,6320,1267,0.2004746835443038,0.5158169496470795,0.21260009652268363,0.4988944704226729,80
historical80,endpoint_log_sd,state_average,16,2,18,all_common,cook_chem,flow,6320,1145,0.18117088607594936,0.5088477944433897,0.19005764989805404,0.49311371753618494,80
historical80,endpoint_log_sd,state_average,16,2,18,all_common,cook_gap,flow,6320,321,0.05079113924050633,0.5274731666077264,0.054379900113066204,0.5143152527461574,66
historical80,endpoint_log_sd,state_average,16,2,18,strong_fixed_support,randi_wild_type,flow,1051,139,0.13225499524262607,0.5509907863183138,0.1634910655432496,0.5271612224672196,27
historical80,endpoint_log_sd,state_average,16,2,18,strong_fixed_support,cook_struct,flow,4503,838,0.18609815678436598,0.5116922315524197,0.19325388848424443,0.49433362675809633,57
historical80,endpoint_log_sd,state_average,16,2,18,strong_fixed_support,cook_chem,flow,4503,746,0.16566733288918498,0.5034420110164333,0.16892873039632947,0.4891932195168979,57
historical80,endpoint_log_sd,state_average,16,2,18,strong_fixed_support,cook_gap,flow,4503,231,0.051299133910726186,0.5329650842291292,0.056006383651200795,0.5043730670165408,47
historical80,endpoint_log_sd,state_average,16,4,20,all_common,randi_wild_type,flow,1646,273,0.16585662211421628,0.5509552355874279,0.2032389551182191,0.5307080604582456,44
historical80,endpoint_log_sd,state_average,16,4,20,all_common,cook_struct,flow,6320,1267,0.2004746835443038,0.516078892859603,0.21163961402441955,0.49935440149867266,80
historical80,endpoint_log_sd,state_average,16,4,20,all_common,cook_chem,flow,6320,1145,0.18117088607594936,0.5108026074299095,0.18985706305761754,0.49936437799713335,80
historical80,endpoint_log_sd,state_average,16,4,20,all_common,cook_gap,flow,6320,321,0.05079113924050633,0.5239409060388569,0.053243054146231095,0.4873675742954763,66
historical80,endpoint_log_sd,state_average,16,4,20,strong_fixed_support,randi_wild_type,flow,1051,139,0.13225499524262607,0.5618768143380033,0.16436755915427068,0.5510849833234429,27
historical80,endpoint_log_sd,state_average,16,4,20,strong_fixed_support,cook_struct,flow,4503,838,0.18609815678436598,0.519296577637264,0.19596137864075389,0.49994237158992333,57
historical80,endpoint_log_sd,state_average,16,4,20,strong_fixed_support,cook_chem,flow,4503,746,0.16566733288918498,0.5122670032918,0.17206856385873204,0.5011441359131126,57
historical80,endpoint_log_sd,state_average,16,4,20,strong_fixed_support,cook_gap,flow,4503,231,0.051299133910726186,0.5333015143408402,0.0556295893175767,0.48330599466458696,47
historical80,endpoint_log_sd,state_average,16,8,24,all_common,randi_wild_type,flow,1646,273,0.16585662211421628,0.5559575166275823,0.20347631581876435,0.5616203934094738,44
historical80,endpoint_log_sd,state_average,16,8,24,all_common,cook_struct,flow,6320,1267,0.2004746835443038,0.5179151507048178,0.21066555428277858,0.49925937031180007,80
historical80,endpoint_log_sd,state_average,16,8,24,all_common,cook_chem,flow,6320,1145,0.18117088607594936,0.5130426344324199,0.18909061725387002,0.5008583586728116,80
historical80,endpoint_log_sd,state_average,16,8,24,all_common,cook_gap,flow,6320,321,0.05079113924050633,0.5251789109192134,0.05371700807332577,0.4893252030297706,66
historical80,endpoint_log_sd,state_average,16,8,24,strong_fixed_support,randi_wild_type,flow,1051,139,0.13225499524262607,0.5624684462955951,0.16393657283464028,0.5892712962032672,27
historical80,endpoint_log_sd,state_average,16,8,24,strong_fixed_support,cook_struct,flow,4503,838,0.18609815678436598,0.5176672842179294,0.19501368436156896,0.4947134411185736,57
historical80,endpoint_log_sd,state_average,16,8,24,strong_fixed_support,cook_chem,flow,4503,746,0.16566733288918498,0.5108815644220155,0.17186727991923811,0.4987370270613792,57
historical80,endpoint_log_sd,state_average,16,8,24,strong_fixed_support,cook_gap,flow,4503,231,0.051299133910726186,0.5312717868897644,0.05476404744440193,0.47812786785804473,47
historical80,endpoint_log_sd,state_average,16,16,32,all_common,randi_wild_type,flow,1646,273,0.16585662211421628,0.5397261151084894,0.1951583918363464,0.5494672040729621,44
historical80,endpoint_log_sd,state_average,16,16,32,all_common,cook_struct,flow,6320,1267,0.2004746835443038,0.5144631858886177,0.210593136889904,0.4985578301492847,80
historical80,endpoint_log_sd,state_average,16,16,32,all_common,cook_chem,flow,6320,1145,0.18117088607594936,0.511408138725397,0.18959618468575298,0.5060841959798794,80
historical80,endpoint_log_sd,state_average,16,16,32,all_common,cook_gap,flow,6320,321,0.05079113924050633,0.5223757438285405,0.05407463530357774,0.48136669626737283,66
historical80,endpoint_log_sd,state_average,16,16,32,strong_fixed_support,randi_wild_type,flow,1051,139,0.13225499524262607,0.5534677521140983,0.1665861606082962,0.5824375303691008,27
historical80,endpoint_log_sd,state_average,16,16,32,strong_fixed_support,cook_struct,flow,4503,838,0.18609815678436598,0.5166393706837888,0.19363830696347417,0.4905063395086612,57
historical80,endpoint_log_sd,state_average,16,16,32,strong_fixed_support,cook_chem,flow,4503,746,0.16566733288918498,0.5125328163121422,0.17107241114294197,0.5026121861596843,57
historical80,endpoint_log_sd,state_average,16,16,32,strong_fixed_support,cook_gap,flow,4503,231,0.051299133910726186,0.525709543265723,0.05472802231966977,0.4579121090650043,47
historical80,endpoint_log_sd,state_average,16,32,48,all_common,randi_wild_type,flow,1646,273,0.16585662211421628,0.5384828815273098,0.19819437624880687,0.5252083464764962,44
historical80,endpoint_log_sd,state_average,16,32,48,all_common,cook_struct,flow,6320,1267,0.2004746835443038,0.5140252080902185,0.20807556753553308,0.503985648660018,80
historical80,endpoint_log_sd,state_average,16,32,48,all_common,cook_chem,flow,6320,1145,0.18117088607594936,0.5156981625635508,0.18905060899215678,0.5115496398163687,80
historical80,endpoint_log_sd,state_average,16,32,48,all_common,cook_gap,flow,6320,321,0.05079113924050633,0.5223051193890571,0.05531149421624204,0.5244982809272377,66
historical80,endpoint_log_sd,state_average,16,32,48,strong_fixed_support,randi_wild_type,flow,1051,139,0.13225499524262607,0.5559526063359839,0.1626107404362402,0.5494600964473206,27
historical80,endpoint_log_sd,state_average,16,32,48,strong_fixed_support,cook_struct,flow,4503,838,0.18609815678436598,0.5096367300823438,0.1868700811099515,0.4967507359066652,57
historical80,endpoint_log_sd,state_average,16,32,48,strong_fixed_support,cook_chem,flow,4503,746,0.16566733288918498,0.5077374780659658,0.16601724203221768,0.5064229769743012,57
historical80,endpoint_log_sd,state_average,16,32,48,strong_fixed_support,cook_gap,flow,4503,231,0.051299133910726186,0.5252048980981565,0.0535876986141213,0.4946962901957702,47
historical80,endpoint_log_sd,baseline,1,1,2,all_common,randi_wild_type,flow,1646,273,0.16585662211421628,0.5027145711777904,0.17976229492075654,0.4532247354861189,44
historical80,endpoint_log_sd,baseline,1,1,2,all_common,cook_struct,flow,6320,1267,0.2004746835443038,0.4948468100799247,0.20308604636670816,0.49185863172880273,80
historical80,endpoint_log_sd,baseline,1,1,2,all_common,cook_chem,flow,6320,1145,0.18117088607594936,0.49601113853553574,0.18535874828547144,0.4894493540853011,80
historical80,endpoint_log_sd,baseline,1,1,2,all_common,cook_gap,flow,6320,321,0.05079113924050633,0.4939992594819801,0.050401643514925966,0.5204592444020711,66
historical80,endpoint_log_sd,baseline,1,1,2,strong_fixed_support,randi_wild_type,flow,1051,139,0.13225499524262607,0.4893821784677521,0.14645614250487357,0.4171568426368353,27
historical80,endpoint_log_sd,baseline,1,1,2,strong_fixed_support,cook_struct,flow,4503,838,0.18609815678436598,0.48488670810446494,0.18043444471796047,0.49890835177284343,57
historical80,endpoint_log_sd,baseline,1,1,2,strong_fixed_support,cook_chem,flow,4503,746,0.16566733288918498,0.4849628325606321,0.16177580410310516,0.4953610873640353,57
historical80,endpoint_log_sd,baseline,1,1,2,strong_fixed_support,cook_gap,flow,4503,231,0.051299133910726186,0.5081189098043031,0.051025377372743236,0.5308190609997565,47
historical80,endpoint_log_sd,baseline,1,2,3,all_common,randi_wild_type,flow,1646,273,0.16585662211421628,0.5266614909732171,0.18226834500068415,0.4994463251922703,44
historical80,endpoint_log_sd,baseline,1,2,3,all_common,cook_struct,flow,6320,1267,0.2004746835443038,0.507649226017943,0.20463287779926786,0.4960554681125691,80
historical80,endpoint_log_sd,baseline,1,2,3,all_common,cook_chem,flow,6320,1145,0.18117088607594936,0.5085948146741768,0.18654647328647206,0.49847261476994137,80
historical80,endpoint_log_sd,baseline,1,2,3,all_common,cook_gap,flow,6320,321,0.05079113924050633,0.5097708392727968,0.05024429367553351,0.511050428472183,66
historical80,endpoint_log_sd,baseline,1,2,3,strong_fixed_support,randi_wild_type,flow,1051,139,0.13225499524262607,0.5108150321847784,0.15118711852031474,0.4902600985625726,27
historical80,endpoint_log_sd,baseline,1,2,3,strong_fixed_support,cook_struct,flow,4503,838,0.18609815678436598,0.4947139131369108,0.1818614971239531,0.5006457918784577,57
historical80,endpoint_log_sd,baseline,1,2,3,strong_fixed_support,cook_chem,flow,4503,746,0.16566733288918498,0.4965276613235276,0.163155477320669,0.5039407866899805,57
historical80,endpoint_log_sd,baseline,1,2,3,strong_fixed_support,cook_gap,flow,4503,231,0.051299133910726186,0.5100260226664721,0.05088538965075567,0.5160908734649873,47
historical80,endpoint_log_sd,baseline,1,4,5,all_common,randi_wild_type,flow,1646,273,0.16585662211421628,0.5280514581315746,0.1792556931950719,0.5084491766363629,44
historical80,endpoint_log_sd,baseline,1,4,5,all_common,cook_struct,flow,6320,1267,0.2004746835443038,0.5082969770628654,0.20852595204783897,0.48795117067178706,80
historical80,endpoint_log_sd,baseline,1,4,5,all_common,cook_chem,flow,6320,1145,0.18117088607594936,0.5092295424340232,0.18926249167619386,0.4884102639514465,80
historical80,endpoint_log_sd,baseline,1,4,5,all_common,cook_gap,flow,6320,321,0.05079113924050633,0.5129577671044863,0.053117759448484084,0.4917224442884204,66
historical80,endpoint_log_sd,baseline,1,4,5,strong_fixed_support,randi_wild_type,flow,1051,139,0.13225499524262607,0.5247933232361479,0.14152804020232257,0.5215841743909304,27
historical80,endpoint_log_sd,baseline,1,4,5,strong_fixed_support,cook_struct,flow,4503,838,0.18609815678436598,0.49060714297342795,0.18540334695686095,0.48408914108745027,57
historical80,endpoint_log_sd,baseline,1,4,5,strong_fixed_support,cook_chem,flow,4503,746,0.16566733288918498,0.49129417758878685,0.16568760831742718,0.48350618585569477,57
historical80,endpoint_log_sd,baseline,1,4,5,strong_fixed_support,cook_gap,flow,4503,231,0.051299133910726186,0.4993474066507775,0.0522735904326188,0.48051833030173424,47
historical80,endpoint_log_sd,baseline,1,8,9,all_common,randi_wild_type,flow,1646,273,0.16585662211421628,0.527109695354415,0.19181283085223816,0.5008012648510435,44
historical80,endpoint_log_sd,baseline,1,8,9,all_common,cook_struct,flow,6320,1267,0.2004746835443038,0.5127309555803978,0.2149701390909798,0.496680694806663,80
historical80,endpoint_log_sd,baseline,1,8,9,all_common,cook_chem,flow,6320,1145,0.18117088607594936,0.5163200641309622,0.19609329592879807,0.5005759691527703,80
historical80,endpoint_log_sd,baseline,1,8,9,all_common,cook_gap,flow,6320,321,0.05079113924050633,0.49757254454143185,0.05198665636648363,0.47735257069410175,66
historical80,endpoint_log_sd,baseline,1,8,9,strong_fixed_support,randi_wild_type,flow,1051,139,0.13225499524262607,0.5019642180992049,0.15024657692879456,0.4951665840118635,27
historical80,endpoint_log_sd,baseline,1,8,9,strong_fixed_support,cook_struct,flow,4503,838,0.18609815678436598,0.4947783815815608,0.19347397677935857,0.49156230265191514,57
historical80,endpoint_log_sd,baseline,1,8,9,strong_fixed_support,cook_chem,flow,4503,746,0.16566733288918498,0.49639564680335757,0.17350535279021553,0.49466520809352305,57
historical80,endpoint_log_sd,baseline,1,8,9,strong_fixed_support,cook_gap,flow,4503,231,0.051299133910726186,0.4969964492436403,0.0524208684833809,0.4800951114372471,47
historical80,endpoint_log_sd,baseline,1,16,17,all_common,randi_wild_type,flow,1646,273,0.16585662211421628,0.5282435457235166,0.18471042654329412,0.521234471647746,44
historical80,endpoint_log_sd,baseline,1,16,17,all_common,cook_struct,flow,6320,1267,0.2004746835443038,0.5144542826309471,0.21588976700293577,0.4972595709808859,80
historical80,endpoint_log_sd,baseline,1,16,17,all_common,cook_chem,flow,6320,1145,0.18117088607594936,0.5184211969706558,0.1973342903990166,0.5059764191749123,80
historical80,endpoint_log_sd,baseline,1,16,17,all_common,cook_gap,flow,6320,321,0.05079113924050633,0.5007662232386603,0.05124641408748137,0.45149796501320966,66
historical80,endpoint_log_sd,baseline,1,16,17,strong_fixed_support,randi_wild_type,flow,1051,139,0.13225499524262607,0.5399469897765998,0.15501087424559346,0.5466008706293743,27
historical80,endpoint_log_sd,baseline,1,16,17,strong_fixed_support,cook_struct,flow,4503,838,0.18609815678436598,0.5021274586734478,0.19245450238715747,0.4959099553369916,57
historical80,endpoint_log_sd,baseline,1,16,17,strong_fixed_support,cook_chem,flow,4503,746,0.16566733288918498,0.5033453193003088,0.17108263162451723,0.5032336043409175,57
historical80,endpoint_log_sd,baseline,1,16,17,strong_fixed_support,cook_gap,flow,4503,231,0.051299133910726186,0.49654652463641225,0.05156915128080006,0.4610861392892659,47
historical80,endpoint_log_sd,baseline,1,32,33,all_common,randi_wild_type,flow,1646,273,0.16585662211421628,0.5357936552401228,0.18968883538166062,0.5362795343142207,44
historical80,endpoint_log_sd,baseline,1,32,33,all_common,cook_struct,flow,6320,1267,0.2004746835443038,0.5115388562375365,0.21296730038838682,0.4985015633155124,80
historical80,endpoint_log_sd,baseline,1,32,33,all_common,cook_chem,flow,6320,1145,0.18117088607594936,0.5078137670611564,0.1902723563802472,0.5051400998100638,80
historical80,endpoint_log_sd,baseline,1,32,33,all_common,cook_gap,flow,6320,321,0.05079113924050633,0.522781315058221,0.05590394770052054,0.491602391438544,66
historical80,endpoint_log_sd,baseline,1,32,33,strong_fixed_support,randi_wild_type,flow,1051,139,0.13225499524262607,0.5272781774580336,0.15189103582153748,0.5446457604095618,27
historical80,endpoint_log_sd,baseline,1,32,33,strong_fixed_support,cook_struct,flow,4503,838,0.18609815678436598,0.5018194427712315,0.19508666768869792,0.49328195943139225,57
historical80,endpoint_log_sd,baseline,1,32,33,strong_fixed_support,cook_chem,flow,4503,746,0.16566733288918498,0.49610592845098445,0.16974420510548544,0.5026744248235184,57
historical80,endpoint_log_sd,baseline,1,32,33,strong_fixed_support,cook_gap,flow,4503,231,0.051299133910726186,0.5125178348492956,0.05602298655463009,0.4811102326704689,47
historical80,endpoint_log_sd,baseline,4,1,5,all_common,randi_wild_type,flow,1646,273,0.16585662211421628,0.5803152904391069,0.23670149468377114,0.5688392021170455,44
historical80,endpoint_log_sd,baseline,4,1,5,all_common,cook_struct,flow,6320,1267,0.2004746835443038,0.5094215209856813,0.20889699185647437,0.4913253368392093,80
historical80,endpoint_log_sd,baseline,4,1,5,all_common,cook_chem,flow,6320,1145,0.18117088607594936,0.512266059110183,0.19014784895309292,0.49320780732524233,80
historical80,endpoint_log_sd,baseline,4,1,5,all_common,cook_gap,flow,6320,321,0.05079113924050633,0.4962462591117211,0.05314637812130987,0.4803574143832936,66
historical80,endpoint_log_sd,baseline,4,1,5,strong_fixed_support,randi_wild_type,flow,1051,139,0.13225499524262607,0.5454215574908494,0.16710056356781697,0.5585197032813211,27
historical80,endpoint_log_sd,baseline,4,1,5,strong_fixed_support,cook_struct,flow,4503,838,0.18609815678436598,0.49103042064032143,0.18559105290672515,0.4867985731189514,57
historical80,endpoint_log_sd,baseline,4,1,5,strong_fixed_support,cook_chem,flow,4503,746,0.16566733288918498,0.4944746571368833,0.16719354400190561,0.4904826208259283,57
historical80,endpoint_log_sd,baseline,4,1,5,strong_fixed_support,cook_gap,flow,4503,231,0.051299133910726186,0.47006582680739983,0.04729506804736562,0.44772980348881725,47
historical80,endpoint_log_sd,baseline,4,2,6,all_common,randi_wild_type,flow,1646,273,0.16585662211421628,0.5529081261055042,0.223284445158447,0.5320905998219498,44
historical80,endpoint_log_sd,baseline,4,2,6,all_common,cook_struct,flow,6320,1267,0.2004746835443038,0.5084602034534955,0.20999705215088202,0.49738277606651937,80
historical80,endpoint_log_sd,baseline,4,2,6,all_common,cook_chem,flow,6320,1145,0.18117088607594936,0.5122150074889775,0.19134075093085262,0.5044213610411699,80
historical80,endpoint_log_sd,baseline,4,2,6,all_common,cook_gap,flow,6320,321,0.05079113924050633,0.5086065746160185,0.05344396874605164,0.5100863613883435,66
historical80,endpoint_log_sd,baseline,4,2,6,strong_fixed_support,randi_wild_type,flow,1051,139,0.13225499524262607,0.5153035466363751,0.16254395543842765,0.5184181009408467,27
historical80,endpoint_log_sd,baseline,4,2,6,strong_fixed_support,cook_struct,flow,4503,838,0.18609815678436598,0.49379442380513594,0.18536831173230908,0.49391677107734555,57
historical80,endpoint_log_sd,baseline,4,2,6,strong_fixed_support,cook_chem,flow,4503,746,0.16566733288918498,0.4989938352787041,0.16718565731419674,0.5052507608920285,57
historical80,endpoint_log_sd,baseline,4,2,6,strong_fixed_support,cook_gap,flow,4503,231,0.051299133910726186,0.4863330333835952,0.04853526104787763,0.48627133372112996,47
historical80,endpoint_log_sd,baseline,4,4,8,all_common,randi_wild_type,flow,1646,273,0.16585662211421628,0.5563416918114661,0.22972186858570473,0.5327367094878663,44
historical80,endpoint_log_sd,baseline,4,4,8,all_common,cook_struct,flow,6320,1267,0.2004746835443038,0.5072355369312596,0.2130064182485018,0.4930630304133555,80
historical80,endpoint_log_sd,baseline,4,4,8,all_common,cook_chem,flow,6320,1145,0.18117088607594936,0.5106688606206359,0.1925697350535203,0.500561330366153,80
historical80,endpoint_log_sd,baseline,4,4,8,all_common,cook_gap,flow,6320,321,0.05079113924050633,0.49737313435936104,0.054741299851452846,0.4891536152274619,66
historical80,endpoint_log_sd,baseline,4,4,8,strong_fixed_support,randi_wild_type,flow,1051,139,0.13225499524262607,0.5318771298750473,0.1649858978125421,0.5339413795331615,27
historical80,endpoint_log_sd,baseline,4,4,8,strong_fixed_support,cook_struct,flow,4503,838,0.18609815678436598,0.49139248584461803,0.18872039664101894,0.49059445490717335,57
historical80,endpoint_log_sd,baseline,4,4,8,strong_fixed_support,cook_chem,flow,4503,746,0.16566733288918498,0.4955293461142418,0.16975189408689184,0.5025265517574299,57
historical80,endpoint_log_sd,baseline,4,4,8,strong_fixed_support,cook_gap,flow,4503,231,0.051299133910726186,0.4769190703179467,0.049170222336616914,0.4700491512415569,47
historical80,endpoint_log_sd,baseline,4,8,12,all_common,randi_wild_type,flow,1646,273,0.16585662211421628,0.5418951041675004,0.2175298222624741,0.515154421615193,44
historical80,endpoint_log_sd,baseline,4,8,12,all_common,cook_struct,flow,6320,1267,0.2004746835443038,0.49888053249603137,0.20429683328589412,0.48464316856526857,80
historical80,endpoint_log_sd,baseline,4,8,12,all_common,cook_chem,flow,6320,1145,0.18117088607594936,0.49964339809716685,0.18521398941138173,0.48273095718329806,80
historical80,endpoint_log_sd,baseline,4,8,12,all_common,cook_gap,flow,6320,321,0.05079113924050633,0.48304260471241567,0.05068519542708691,0.476619207202386,66
historical80,endpoint_log_sd,baseline,4,8,12,strong_fixed_support,randi_wild_type,flow,1051,139,0.13225499524262607,0.5247459926795406,0.1655538296301155,0.5137462849172495,27
historical80,endpoint_log_sd,baseline,4,8,12,strong_fixed_support,cook_struct,flow,4503,838,0.18609815678436598,0.4782536214660385,0.1808531247404373,0.47954309343810275,57
historical80,endpoint_log_sd,baseline,4,8,12,strong_fixed_support,cook_chem,flow,4503,746,0.16566733288918498,0.48020353071050215,0.16190103195008934,0.47958841915913747,57
historical80,endpoint_log_sd,baseline,4,8,12,strong_fixed_support,cook_gap,flow,4503,231,0.051299133910726186,0.4463525706503235,0.04515001351396637,0.4378884982585283,47
historical80,endpoint_log_sd,baseline,4,16,20,all_common,randi_wild_type,flow,1646,273,0.16585662211421628,0.541937790299043,0.21469742971346628,0.5225046508603124,44
historical80,endpoint_log_sd,baseline,4,16,20,all_common,cook_struct,flow,6320,1267,0.2004746835443038,0.5109653771052884,0.2062028849380982,0.4981608227047875,80
historical80,endpoint_log_sd,baseline,4,16,20,all_common,cook_chem,flow,6320,1145,0.18117088607594936,0.5103770647427379,0.1866780044825475,0.5003250559656576,80
historical80,endpoint_log_sd,baseline,4,16,20,all_common,cook_gap,flow,6320,321,0.05079113924050633,0.5163752629591952,0.052367204813022934,0.4960162630132236,66
historical80,endpoint_log_sd,baseline,4,16,20,strong_fixed_support,randi_wild_type,flow,1051,139,0.13225499524262607,0.548150952921873,0.17025594194518243,0.51877854745281,27
historical80,endpoint_log_sd,baseline,4,16,20,strong_fixed_support,cook_struct,flow,4503,838,0.18609815678436598,0.5049466507340612,0.18595180693713664,0.5028943424935205,57
historical80,endpoint_log_sd,baseline,4,16,20,strong_fixed_support,cook_chem,flow,4503,746,0.16566733288918498,0.5068991858628862,0.16705803709823586,0.5075612755652114,57
historical80,endpoint_log_sd,baseline,4,16,20,strong_fixed_support,cook_gap,flow,4503,231,0.051299133910726186,0.49483802714139796,0.0485899009564272,0.4614294006296661,47
historical80,endpoint_log_sd,baseline,4,32,36,all_common,randi_wild_type,flow,1646,273,0.16585662211421628,0.5417056844587799,0.2080911534771358,0.5351176407015912,44
historical80,endpoint_log_sd,baseline,4,32,36,all_common,cook_struct,flow,6320,1267,0.2004746835443038,0.5046151676210073,0.20664790881867423,0.48323716855437804,80
historical80,endpoint_log_sd,baseline,4,32,36,all_common,cook_chem,flow,6320,1145,0.18117088607594936,0.5027741704111554,0.18735873648687323,0.47785150981509494,80
historical80,endpoint_log_sd,baseline,4,32,36,all_common,cook_gap,flow,6320,321,0.05079113924050633,0.5258633448253835,0.053992739264722735,0.5334549713988033,66
historical80,endpoint_log_sd,baseline,4,32,36,strong_fixed_support,randi_wild_type,flow,1051,139,0.13225499524262607,0.5229789852328663,0.15801444574482312,0.5426779217292756,27
historical80,endpoint_log_sd,baseline,4,32,36,strong_fixed_support,cook_struct,flow,4503,838,0.18609815678436598,0.4973496306088361,0.1874799310480455,0.47522260961088186,57
historical80,endpoint_log_sd,baseline,4,32,36,strong_fixed_support,cook_chem,flow,4503,746,0.16566733288918498,0.49318020124721607,0.16722266679210412,0.4681004210244889,57
historical80,endpoint_log_sd,baseline,4,32,36,strong_fixed_support,cook_gap,flow,4503,231,0.051299133910726186,0.5248755613924153,0.05398643829754725,0.5050035104571216,47
historical80,endpoint_log_sd,baseline,8,1,9,all_common,randi_wild_type,flow,1646,273,0.16585662211421628,0.5607943889080087,0.21561901200861583,0.5604949899012776,44
historical80,endpoint_log_sd,baseline,8,1,9,all_common,cook_struct,flow,6320,1267,0.2004746835443038,0.49711479782341905,0.20807434460067373,0.4793289893549483,80
historical80,endpoint_log_sd,baseline,8,1,9,all_common,cook_chem,flow,6320,1145,0.18117088607594936,0.49559479357846553,0.18924665342041114,0.47046434997800957,80
historical80,endpoint_log_sd,baseline,8,1,9,all_common,cook_gap,flow,6320,321,0.05079113924050633,0.4833843023681517,0.050693948699004926,0.4846896259778499,66
historical80,endpoint_log_sd,baseline,8,1,9,strong_fixed_support,randi_wild_type,flow,1051,139,0.13225499524262607,0.5754922377887164,0.18543271080799112,0.5962272722572837,27
historical80,endpoint_log_sd,baseline,8,1,9,strong_fixed_support,cook_struct,flow,4503,838,0.18609815678436598,0.49245133120826245,0.18150878683450872,0.48309648635976943,57
historical80,endpoint_log_sd,baseline,8,1,9,strong_fixed_support,cook_chem,flow,4503,746,0.16566733288918498,0.48641677626250485,0.1596760172504781,0.4702866714838421,57
historical80,endpoint_log_sd,baseline,8,1,9,strong_fixed_support,cook_gap,flow,4503,231,0.051299133910726186,0.499925012565462,0.0514190977290039,0.5023218175054579,47
historical80,endpoint_log_sd,baseline,8,2,10,all_common,randi_wild_type,flow,1646,273,0.16585662211421628,0.5656205896555496,0.21637003052464218,0.5501450715280338,44
historical80,endpoint_log_sd,baseline,8,2,10,all_common,cook_struct,flow,6320,1267,0.2004746835443038,0.49889091962998067,0.21110897413463509,0.48413173360689143,80
historical80,endpoint_log_sd,baseline,8,2,10,all_common,cook_chem,flow,6320,1145,0.18117088607594936,0.4997675252621142,0.19282549414469366,0.47540801553220896,80
historical80,endpoint_log_sd,baseline,8,2,10,all_common,cook_gap,flow,6320,321,0.05079113924050633,0.4854038497589681,0.051626950615467564,0.4919520355870013,66
historical80,endpoint_log_sd,baseline,8,2,10,strong_fixed_support,randi_wild_type,flow,1051,139,0.13225499524262607,0.5780954184021204,0.1850273315390022,0.5781121388223147,27
historical80,endpoint_log_sd,baseline,8,2,10,strong_fixed_support,cook_struct,flow,4503,838,0.18609815678436598,0.4899416202417892,0.18098788312712794,0.4831276742428545,57
historical80,endpoint_log_sd,baseline,8,2,10,strong_fixed_support,cook_chem,flow,4503,746,0.16566733288918498,0.4866725989948343,0.15954081284437438,0.47079762965161787,57
historical80,endpoint_log_sd,baseline,8,2,10,strong_fixed_support,cook_gap,flow,4503,231,0.051299133910726186,0.5007083272532711,0.05223812254691301,0.5084668346688829,47
historical80,endpoint_log_sd,baseline,8,4,12,all_common,randi_wild_type,flow,1646,273,0.16585662211421628,0.5434464782607535,0.2088819723835722,0.5371657034645627,44
historical80,endpoint_log_sd,baseline,8,4,12,all_common,cook_struct,flow,6320,1267,0.2004746835443038,0.5160661627631089,0.2145189196209783,0.5052718162524106,80
historical80,endpoint_log_sd,baseline,8,4,12,all_common,cook_chem,flow,6320,1145,0.18117088607594936,0.5180372550260532,0.19606706920268424,0.5048509410141294,80
historical80,endpoint_log_sd,baseline,8,4,12,all_common,cook_gap,flow,6320,321,0.05079113924050633,0.5074275099847898,0.05372170571232075,0.5369448979221857,66
historical80,endpoint_log_sd,baseline,8,4,12,strong_fixed_support,randi_wild_type,flow,1051,139,0.13225499524262607,0.5591789726113846,0.17589929277442318,0.5718675998504106,27
historical80,endpoint_log_sd,baseline,8,4,12,strong_fixed_support,cook_struct,flow,4503,838,0.18609815678436598,0.51259609217034,0.19104470058442846,0.5107143981438239,57
historical80,endpoint_log_sd,baseline,8,4,12,strong_fixed_support,cook_chem,flow,4503,746,0.16566733288918498,0.5136356727495628,0.17012257090750055,0.5100623315933165,57
historical80,endpoint_log_sd,baseline,8,4,12,strong_fixed_support,cook_gap,flow,4503,231,0.051299133910726186,0.517889569855862,0.05543887212534153,0.5610986537716579,47
historical80,endpoint_log_sd,baseline,8,8,16,all_common,randi_wild_type,flow,1646,273,0.16585662211421628,0.5103687281400318,0.19225966270858705,0.501825298573527,44
historical80,endpoint_log_sd,baseline,8,8,16,all_common,cook_struct,flow,6320,1267,0.2004746835443038,0.5136344800364752,0.2118074921247386,0.4995379349789758,80
historical80,endpoint_log_sd,baseline,8,8,16,all_common,cook_chem,flow,6320,1145,0.18117088607594936,0.5134946733329114,0.19255938851862403,0.4928161463286685,80
historical80,endpoint_log_sd,baseline,8,8,16,all_common,cook_gap,flow,6320,321,0.05079113924050633,0.5168795006852128,0.05344348823206743,0.5309492156388125,66
historical80,endpoint_log_sd,baseline,8,8,16,strong_fixed_support,randi_wild_type,flow,1051,139,0.13225499524262607,0.5149091253313139,0.15468873267087577,0.5199581141601631,27
historical80,endpoint_log_sd,baseline,8,8,16,strong_fixed_support,cook_struct,flow,4503,838,0.18609815678436598,0.511826540812107,0.19235110072030942,0.5063088082158668,57
historical80,endpoint_log_sd,baseline,8,8,16,strong_fixed_support,cook_chem,flow,4503,746,0.16566733288918498,0.5097510562945593,0.16972695736884924,0.49775451033076545,57
historical80,endpoint_log_sd,baseline,8,8,16,strong_fixed_support,cook_gap,flow,4503,231,0.051299133910726186,0.5295105955218316,0.05757356816630384,0.5442384350650702,47
historical80,endpoint_log_sd,baseline,8,16,24,all_common,randi_wild_type,flow,1646,273,0.16585662211421628,0.5279527464523823,0.1899033243539903,0.5126830465879695,44
historical80,endpoint_log_sd,baseline,8,16,24,all_common,cook_struct,flow,6320,1267,0.2004746835443038,0.5231060623218665,0.21289147634297295,0.5140193275705439,80
historical80,endpoint_log_sd,baseline,8,16,24,all_common,cook_chem,flow,6320,1145,0.18117088607594936,0.5208343775710398,0.1924293200360089,0.5041529549676124,80
historical80,endpoint_log_sd,baseline,8,16,24,all_common,cook_gap,flow,6320,321,0.05079113924050633,0.5179627549555247,0.0530900767868832,0.531954374724804,66
historical80,endpoint_log_sd,baseline,8,16,24,strong_fixed_support,randi_wild_type,flow,1051,139,0.13225499524262607,0.5287848668433675,0.15074610872516936,0.5234567885009661,27
historical80,endpoint_log_sd,baseline,8,16,24,strong_fixed_support,cook_struct,flow,4503,838,0.18609815678436598,0.5316722398226141,0.19542378270705119,0.5241449858985012,57
historical80,endpoint_log_sd,baseline,8,16,24,strong_fixed_support,cook_chem,flow,4503,746,0.16566733288918498,0.5274443915593484,0.17187262411810122,0.512603943446699,57
historical80,endpoint_log_sd,baseline,8,16,24,strong_fixed_support,cook_gap,flow,4503,231,0.051299133910726186,0.5308015954083369,0.055968615043083,0.531950190445237,47
historical80,endpoint_log_sd,baseline,8,32,40,all_common,randi_wild_type,flow,1646,273,0.16585662211421628,0.5044620346878177,0.18961056824402175,0.4848480976809244,44
historical80,endpoint_log_sd,baseline,8,32,40,all_common,cook_struct,flow,6320,1267,0.2004746835443038,0.5081593670627262,0.20610680176129142,0.4897633176935113,80
historical80,endpoint_log_sd,baseline,8,32,40,all_common,cook_chem,flow,6320,1145,0.18117088607594936,0.5067392359133388,0.1860314280114741,0.4946214859347261,80
historical80,endpoint_log_sd,baseline,8,32,40,all_common,cook_gap,flow,6320,321,0.05079113924050633,0.5083651013486672,0.05152291351377583,0.4896107428454419,66
historical80,endpoint_log_sd,baseline,8,32,40,strong_fixed_support,randi_wild_type,flow,1051,139,0.13225499524262607,0.5041019815726366,0.14517070135766547,0.4893386085862527,27
historical80,endpoint_log_sd,baseline,8,32,40,strong_fixed_support,cook_struct,flow,4503,838,0.18609815678436598,0.5038397796351346,0.18726066715516418,0.4863750298931002,57
historical80,endpoint_log_sd,baseline,8,32,40,strong_fixed_support,cook_chem,flow,4503,746,0.16566733288918498,0.4997680825997013,0.16427365771461044,0.49382648676976154,57
historical80,endpoint_log_sd,baseline,8,32,40,strong_fixed_support,cook_gap,flow,4503,231,0.051299133910726186,0.5101334370997292,0.05346994501803344,0.468635390944633,47
historical80,endpoint_log_sd,baseline,16,1,17,all_common,randi_wild_type,flow,1646,273,0.16585662211421628,0.5731120057412846,0.2084259635369301,0.5576659430243105,44
historical80,endpoint_log_sd,baseline,16,1,17,all_common,cook_struct,flow,6320,1267,0.2004746835443038,0.5068405915449354,0.21674646962149807,0.4831303426726815,80
historical80,endpoint_log_sd,baseline,16,1,17,all_common,cook_chem,flow,6320,1145,0.18117088607594936,0.5108252220323608,0.1959017449781562,0.4856171493994207,80
historical80,endpoint_log_sd,baseline,16,1,17,all_common,cook_gap,flow,6320,321,0.05079113924050633,0.5132127421029153,0.062362563193865655,0.4916299689471897,66
historical80,endpoint_log_sd,baseline,16,1,17,strong_fixed_support,randi_wild_type,flow,1051,139,0.13225499524262607,0.5543354789852328,0.1618518024311362,0.5630368666417281,27
historical80,endpoint_log_sd,baseline,16,1,17,strong_fixed_support,cook_struct,flow,4503,838,0.18609815678436598,0.5058106255718319,0.19259987892933245,0.48212605529115504,57
historical80,endpoint_log_sd,baseline,16,1,17,strong_fixed_support,cook_chem,flow,4503,746,0.16566733288918498,0.5105807853936282,0.17425780813593494,0.4854975406798893,57
historical80,endpoint_log_sd,baseline,16,1,17,strong_fixed_support,cook_gap,flow,4503,231,0.051299133910726186,0.49193378406861554,0.05242259228266162,0.45483476318793525,47
historical80,endpoint_log_sd,baseline,16,2,18,all_common,randi_wild_type,flow,1646,273,0.16585662211421628,0.5722822940594244,0.20996868543222785,0.5508491772902541,44
historical80,endpoint_log_sd,baseline,16,2,18,all_common,cook_struct,flow,6320,1267,0.2004746835443038,0.5111071263392569,0.21774258594851068,0.48586849720059727,80
historical80,endpoint_log_sd,baseline,16,2,18,all_common,cook_chem,flow,6320,1145,0.18117088607594936,0.515291268485117,0.19774331910977677,0.48856308685195843,80
historical80,endpoint_log_sd,baseline,16,2,18,all_common,cook_gap,flow,6320,321,0.05079113924050633,0.5086205956444454,0.05860054291179419,0.4899023433970176,66
historical80,endpoint_log_sd,baseline,16,2,18,strong_fixed_support,randi_wild_type,flow,1051,139,0.13225499524262607,0.5488766881231857,0.15720479016428743,0.5537460201094183,27
historical80,endpoint_log_sd,baseline,16,2,18,strong_fixed_support,cook_struct,flow,4503,838,0.18609815678436598,0.5047042428702133,0.1917012763314897,0.4806400751127226,57
historical80,endpoint_log_sd,baseline,16,2,18,strong_fixed_support,cook_chem,flow,4503,746,0.16566733288918498,0.5093041693039837,0.1734283976632683,0.4843502950206797,57
historical80,endpoint_log_sd,baseline,16,2,18,strong_fixed_support,cook_gap,flow,4503,231,0.051299133910726186,0.4815936248520518,0.05067552758299217,0.45592427805500146,47
historical80,endpoint_log_sd,baseline,16,4,20,all_common,randi_wild_type,flow,1646,273,0.16585662211421628,0.5666050385642519,0.20007439833455953,0.5446177800342012,44
historical80,endpoint_log_sd,baseline,16,4,20,all_common,cook_struct,flow,6320,1267,0.2004746835443038,0.5062737508065649,0.2125274554546457,0.4831600408514737,80
historical80,endpoint_log_sd,baseline,16,4,20,all_common,cook_chem,flow,6320,1145,0.18117088607594936,0.5078834672910997,0.1926535773387299,0.4827190272533187,80
historical80,endpoint_log_sd,baseline,16,4,20,all_common,cook_gap,flow,6320,321,0.05079113924050633,0.4992462398977192,0.05579620898134652,0.46828997537098616,66
historical80,endpoint_log_sd,baseline,16,4,20,strong_fixed_support,randi_wild_type,flow,1051,139,0.13225499524262607,0.5411618073961884,0.15193855433527995,0.5418325133594686,27
historical80,endpoint_log_sd,baseline,16,4,20,strong_fixed_support,cook_struct,flow,4503,838,0.18609815678436598,0.5023641685687028,0.18944029726242817,0.48146531339512544,57
historical80,endpoint_log_sd,baseline,16,4,20,strong_fixed_support,cook_chem,flow,4503,746,0.16566733288918498,0.5075251844456924,0.17077712272618567,0.4835520306976032,57
historical80,endpoint_log_sd,baseline,16,4,20,strong_fixed_support,cook_gap,flow,4503,231,0.051299133910726186,0.47771657181769545,0.05020892642361163,0.44210001668828164,47
historical80,endpoint_log_sd,baseline,16,8,24,all_common,randi_wild_type,flow,1646,273,0.16585662211421628,0.5566191516664932,0.1950728163183915,0.5317541940018077,44
historical80,endpoint_log_sd,baseline,16,8,24,all_common,cook_struct,flow,6320,1267,0.2004746835443038,0.5098487992551253,0.20924587519177723,0.4891776782089018,80
historical80,endpoint_log_sd,baseline,16,8,24,all_common,cook_chem,flow,6320,1145,0.18117088607594936,0.5113058667172963,0.1900641652228005,0.49145042210643197,80
historical80,endpoint_log_sd,baseline,16,8,24,all_common,cook_gap,flow,6320,321,0.05079113924050633,0.5073332575159204,0.052730991203254626,0.47768955046352446,66
historical80,endpoint_log_sd,baseline,16,8,24,strong_fixed_support,randi_wild_type,flow,1051,139,0.13225499524262607,0.5336756910261264,0.14110643934706035,0.5240303983930044,27
historical80,endpoint_log_sd,baseline,16,8,24,strong_fixed_support,cook_struct,flow,4503,838,0.18609815678436598,0.4961025894825268,0.1816758796532169,0.47769325315925076,57
historical80,endpoint_log_sd,baseline,16,8,24,strong_fixed_support,cook_chem,flow,4503,746,0.16566733288918498,0.5004274416085506,0.1640624694718899,0.4839892174348569,57
historical80,endpoint_log_sd,baseline,16,8,24,strong_fixed_support,cook_gap,flow,4503,231,0.051299133910726186,0.4823181656046825,0.046985109880760274,0.44732740227206336,47
historical80,endpoint_log_sd,baseline,16,16,32,all_common,randi_wild_type,flow,1646,273,0.16585662211421628,0.5195542500713659,0.1809092833082163,0.5204982067312348,44
historical80,endpoint_log_sd,baseline,16,16,32,all_common,cook_struct,flow,6320,1267,0.2004746835443038,0.5188187532596467,0.21455663769713018,0.5098877647671376,80
historical80,endpoint_log_sd,baseline,16,16,32,all_common,cook_chem,flow,6320,1145,0.18117088607594936,0.5191264687888952,0.194777450663203,0.5132041689621772,80
historical80,endpoint_log_sd,baseline,16,16,32,all_common,cook_gap,flow,6320,321,0.05079113924050633,0.5053671977520656,0.05203599859958742,0.4628786189960759,66
historical80,endpoint_log_sd,baseline,16,16,32,strong_fixed_support,randi_wild_type,flow,1051,139,0.13225499524262607,0.5223242458664648,0.13845635100937337,0.5483807052251043,27
historical80,endpoint_log_sd,baseline,16,16,32,strong_fixed_support,cook_struct,flow,4503,838,0.18609815678436598,0.5039319239272353,0.19056848959416584,0.4974990968870364,57
historical80,endpoint_log_sd,baseline,16,16,32,strong_fixed_support,cook_chem,flow,4503,746,0.16566733288918498,0.5052259910187311,0.1716193974878094,0.5044378511993448,57
historical80,endpoint_log_sd,baseline,16,16,32,strong_fixed_support,cook_gap,flow,4503,231,0.051299133910726186,0.49462117158746366,0.04972678883399281,0.43387483865449245,47
historical80,endpoint_log_sd,baseline,16,32,48,all_common,randi_wild_type,flow,1646,273,0.16585662211421628,0.536802115097818,0.18705329139608626,0.5108587422693482,44
historical80,endpoint_log_sd,baseline,16,32,48,all_common,cook_struct,flow,6320,1267,0.2004746835443038,0.527337140283008,0.2185685079822855,0.525876305151081,80
historical80,endpoint_log_sd,baseline,16,32,48,all_common,cook_chem,flow,6320,1145,0.18117088607594936,0.5252392464611945,0.197451849912025,0.526201464244255,80
historical80,endpoint_log_sd,baseline,16,32,48,all_common,cook_gap,flow,6320,321,0.05079113924050633,0.5125898449326185,0.05761230064135906,0.5048234520401407,66
historical80,endpoint_log_sd,baseline,16,32,48,strong_fixed_support,randi_wild_type,flow,1051,139,0.13225499524262607,0.5383929698346586,0.14295938654481827,0.5056415790996092,27
historical80,endpoint_log_sd,baseline,16,32,48,strong_fixed_support,cook_struct,flow,4503,838,0.18609815678436598,0.5117534440150167,0.19076401613136185,0.5188141011109938,57
historical80,endpoint_log_sd,baseline,16,32,48,strong_fixed_support,cook_chem,flow,4503,746,0.16566733288918498,0.5136378135255655,0.1724442823724095,0.5255591329825301,57
historical80,endpoint_log_sd,baseline,16,32,48,strong_fixed_support,cook_gap,flow,4503,231,0.051299133910726186,0.4855183050407769,0.04753509506039964,0.4624960210718929,47
historical80,endpoint_log_sd,onset_minus_baseline,1,1,2,all_common,randi_wild_type,flow,1646,273,0.16585662211421628,0.5839596189195606,0.2270136903389465,0.5422115228679433,44
historical80,endpoint_log_sd,onset_minus_baseline,1,1,2,all_common,cook_struct,flow,6320,1267,0.2004746835443038,0.5255205633231707,0.21939838834564068,0.49579569122629363,80
historical80,endpoint_log_sd,onset_minus_baseline,1,1,2,all_common,cook_chem,flow,6320,1145,0.18117088607594936,0.5236866864966352,0.19486405300962323,0.48706828725362117,80
historical80,endpoint_log_sd,onset_minus_baseline,1,1,2,all_common,cook_gap,flow,6320,321,0.05079113924050633,0.5461289238756822,0.0700852561977674,0.5343608032851914,66
historical80,endpoint_log_sd,onset_minus_baseline,1,1,2,strong_fixed_support,randi_wild_type,flow,1051,139,0.13225499524262607,0.5458475325003155,0.16961888415610996,0.49836567021612965,27
historical80,endpoint_log_sd,onset_minus_baseline,1,1,2,strong_fixed_support,cook_struct,flow,4503,838,0.18609815678436598,0.5089178092450355,0.1993358799803795,0.4882255099904761,57
historical80,endpoint_log_sd,onset_minus_baseline,1,1,2,strong_fixed_support,cook_chem,flow,4503,746,0.16566733288918498,0.5094226255761364,0.17606918773879127,0.4795779925744933,57
historical80,endpoint_log_sd,onset_minus_baseline,1,1,2,strong_fixed_support,cook_gap,flow,4503,231,0.051299133910726186,0.551010709016327,0.06881963238724335,0.5326095198647346,47
historical80,endpoint_log_sd,onset_minus_baseline,1,2,3,all_common,randi_wild_type,flow,1646,273,0.16585662211421628,0.578698553206929,0.22566472216696803,0.5343334512826569,44
historical80,endpoint_log_sd,onset_minus_baseline,1,2,3,all_common,cook_struct,flow,6320,1267,0.2004746835443038,0.5272857513045225,0.21844667578124183,0.5085187625678487,80
historical80,endpoint_log_sd,onset_minus_baseline,1,2,3,all_common,cook_chem,flow,6320,1145,0.18117088607594936,0.5255311267219375,0.19551233585507824,0.5008802925097624,80
historical80,endpoint_log_sd,onset_minus_baseline,1,2,3,all_common,cook_gap,flow,6320,321,0.05079113924050633,0.5449340206753046,0.0627808202723267,0.5352416635381186,66
historical80,endpoint_log_sd,onset_minus_baseline,1,2,3,strong_fixed_support,randi_wild_type,flow,1051,139,0.13225499524262607,0.5282878959989903,0.15717987967064206,0.49163418999723907,27
historical80,endpoint_log_sd,onset_minus_baseline,1,2,3,strong_fixed_support,cook_struct,flow,4503,838,0.18609815678436598,0.5140287242736719,0.1977393542944823,0.5061728969749238,57
historical80,endpoint_log_sd,onset_minus_baseline,1,2,3,strong_fixed_support,cook_chem,flow,4503,746,0.16566733288918498,0.5144491676306104,0.17469637246022152,0.49872643430246094,57
historical80,endpoint_log_sd,onset_minus_baseline,1,2,3,strong_fixed_support,cook_gap,flow,4503,231,0.051299133910726186,0.537876761191368,0.06134187901512277,0.5170607808611294,47
historical80,endpoint_log_sd,onset_minus_baseline,1,4,5,all_common,randi_wild_type,flow,1646,273,0.16585662211421628,0.5564510750235441,0.21209914910530614,0.5006277753035078,44
historical80,endpoint_log_sd,onset_minus_baseline,1,4,5,all_common,cook_struct,flow,6320,1267,0.2004746835443038,0.5129977409155142,0.21492379634934777,0.4909227258360607,80
historical80,endpoint_log_sd,onset_minus_baseline,1,4,5,all_common,cook_chem,flow,6320,1145,0.18117088607594936,0.5097999704660042,0.19110865830056847,0.4809211415664046,80
historical80,endpoint_log_sd,onset_minus_baseline,1,4,5,all_common,cook_gap,flow,6320,321,0.05079113924050633,0.5288311291757349,0.0644965198626961,0.49494195375564665,66
historical80,endpoint_log_sd,onset_minus_baseline,1,4,5,strong_fixed_support,randi_wild_type,flow,1051,139,0.13225499524262607,0.5215196264041398,0.1502450404918393,0.45633744881996624,27
historical80,endpoint_log_sd,onset_minus_baseline,1,4,5,strong_fixed_support,cook_struct,flow,4503,838,0.18609815678436598,0.5031241147798794,0.20152028845192488,0.48882808279294226,57
historical80,endpoint_log_sd,onset_minus_baseline,1,4,5,strong_fixed_support,cook_chem,flow,4503,746,0.16566733288918498,0.49990081071187226,0.17690475895922636,0.4781308888440196,57
historical80,endpoint_log_sd,onset_minus_baseline,1,4,5,strong_fixed_support,cook_gap,flow,4503,231,0.051299133910726186,0.5354528430371127,0.06517733030410411,0.48039821003807615,47
historical80,endpoint_log_sd,onset_minus_baseline,1,8,9,all_common,randi_wild_type,flow,1646,273,0.16585662211421628,0.5766149364110034,0.22338545176053387,0.527064475629265,44
historical80,endpoint_log_sd,onset_minus_baseline,1,8,9,all_common,cook_struct,flow,6320,1267,0.2004746835443038,0.5304610903429176,0.22574427390216928,0.5085651741052291,80
historical80,endpoint_log_sd,onset_minus_baseline,1,8,9,all_common,cook_chem,flow,6320,1145,0.18117088607594936,0.5271862118431323,0.20036183044769312,0.501882657308723,80
historical80,endpoint_log_sd,onset_minus_baseline,1,8,9,all_common,cook_gap,flow,6320,321,0.05079113924050633,0.5302576389938303,0.06482742381458206,0.5051627806189485,66
historical80,endpoint_log_sd,onset_minus_baseline,1,8,9,strong_fixed_support,randi_wild_type,flow,1051,139,0.13225499524262607,0.5612457402499054,0.1909399691141308,0.48765225238033366,27
historical80,endpoint_log_sd,onset_minus_baseline,1,8,9,strong_fixed_support,cook_struct,flow,4503,838,0.18609815678436598,0.5215252973525609,0.21501615787171358,0.5096723872934071,57
historical80,endpoint_log_sd,onset_minus_baseline,1,8,9,strong_fixed_support,cook_chem,flow,4503,746,0.16566733288918498,0.5206003306785333,0.1899247749835487,0.5042964282415894,57
historical80,endpoint_log_sd,onset_minus_baseline,1,8,9,strong_fixed_support,cook_gap,flow,4503,231,0.051299133910726186,0.5174862590592928,0.06540889196472577,0.48637853389320895,47
historical80,endpoint_log_sd,onset_minus_baseline,1,16,17,all_common,randi_wild_type,flow,1646,273,0.16585662211421628,0.555898823196711,0.20167580768693127,0.5431607453501825,44
historical80,endpoint_log_sd,onset_minus_baseline,1,16,17,all_common,cook_struct,flow,6320,1267,0.2004746835443038,0.5438273792667495,0.2414873198673504,0.511981233551787,80
historical80,endpoint_log_sd,onset_minus_baseline,1,16,17,all_common,cook_chem,flow,6320,1145,0.18117088607594936,0.5434713414762778,0.21984404378308592,0.5068430818203046,80
historical80,endpoint_log_sd,onset_minus_baseline,1,16,17,all_common,cook_gap,flow,6320,321,0.05079113924050633,0.5185233364439245,0.06038740099287704,0.4811172616480315,66
historical80,endpoint_log_sd,onset_minus_baseline,1,16,17,strong_fixed_support,randi_wild_type,flow,1051,139,0.13225499524262607,0.5577827211914679,0.15718431960768287,0.5413500971125058,27
historical80,endpoint_log_sd,onset_minus_baseline,1,16,17,strong_fixed_support,cook_struct,flow,4503,838,0.18609815678436598,0.5173426628072426,0.2054466566262246,0.4898949729499112,57
historical80,endpoint_log_sd,onset_minus_baseline,1,16,17,strong_fixed_support,cook_chem,flow,4503,746,0.16566733288918498,0.5155539864460335,0.18262984435563212,0.4826645613735259,57
historical80,endpoint_log_sd,onset_minus_baseline,1,16,17,strong_fixed_support,cook_gap,flow,4503,231,0.051299133910726186,0.500036987045414,0.05602751163626701,0.4710109485462353,47
historical80,endpoint_log_sd,onset_minus_baseline,1,32,33,all_common,randi_wild_type,flow,1646,273,0.16585662211421628,0.5793761955451686,0.2115362023964677,0.5469777683388657,44
historical80,endpoint_log_sd,onset_minus_baseline,1,32,33,all_common,cook_struct,flow,6320,1267,0.2004746835443038,0.5340914327075384,0.22992547184556542,0.5019589212321497,80
historical80,endpoint_log_sd,onset_minus_baseline,1,32,33,all_common,cook_chem,flow,6320,1145,0.18117088607594936,0.5337525473071324,0.2084945076991434,0.5010776634968875,80
historical80,endpoint_log_sd,onset_minus_baseline,1,32,33,all_common,cook_gap,flow,6320,321,0.05079113924050633,0.5382750707672462,0.06171993541193727,0.503257882316968,66
historical80,endpoint_log_sd,onset_minus_baseline,1,32,33,strong_fixed_support,randi_wild_type,flow,1051,139,0.13225499524262607,0.5478827464344314,0.14954978845043476,0.5365720567783924,27
historical80,endpoint_log_sd,onset_minus_baseline,1,32,33,strong_fixed_support,cook_struct,flow,4503,838,0.18609815678436598,0.5206552989479922,0.20111018886330678,0.5001412931702862,57
historical80,endpoint_log_sd,onset_minus_baseline,1,32,33,strong_fixed_support,cook_chem,flow,4503,746,0.16566733288918498,0.5184063920717075,0.1776158515132415,0.49828433678302586,57
historical80,endpoint_log_sd,onset_minus_baseline,1,32,33,strong_fixed_support,cook_gap,flow,4503,231,0.051299133910726186,0.5272619858294015,0.05794413610097049,0.4883027392009064,47
historical80,endpoint_log_sd,onset_minus_baseline,4,1,5,all_common,randi_wild_type,flow,1646,273,0.16585662211421628,0.5522358195337074,0.20990650524376164,0.5097749072722912,44
historical80,endpoint_log_sd,onset_minus_baseline,4,1,5,all_common,cook_struct,flow,6320,1267,0.2004746835443038,0.518580317771324,0.2210988597284778,0.4967601363312603,80
historical80,endpoint_log_sd,onset_minus_baseline,4,1,5,all_common,cook_chem,flow,6320,1145,0.18117088607594936,0.5228719701284729,0.20232072495271947,0.49103546738339754,80
historical80,endpoint_log_sd,onset_minus_baseline,4,1,5,all_common,cook_gap,flow,6320,321,0.05079113924050633,0.487446765530496,0.05640946729037527,0.457879151315785,66
historical80,endpoint_log_sd,onset_minus_baseline,4,1,5,strong_fixed_support,randi_wild_type,flow,1051,139,0.13225499524262607,0.5217326139088729,0.15506079731869232,0.4801020711493955,27
historical80,endpoint_log_sd,onset_minus_baseline,4,1,5,strong_fixed_support,cook_struct,flow,4503,838,0.18609815678436598,0.4963223682711061,0.1898584087492628,0.481551257362747,57
historical80,endpoint_log_sd,onset_minus_baseline,4,1,5,strong_fixed_support,cook_chem,flow,4503,746,0.16566733288918498,0.5021375648387532,0.17259219562530695,0.47472590785724084,57
historical80,endpoint_log_sd,onset_minus_baseline,4,1,5,strong_fixed_support,cook_gap,flow,4503,231,0.051299133910726186,0.4824347001313293,0.05089975270030606,0.47991576837480837,47
historical80,endpoint_log_sd,onset_minus_baseline,4,2,6,all_common,randi_wild_type,flow,1646,273,0.16585662211421628,0.5529241334048326,0.20669142244133476,0.5117484586516009,44
historical80,endpoint_log_sd,onset_minus_baseline,4,2,6,all_common,cook_struct,flow,6320,1267,0.2004746835443038,0.5209970836364215,0.2213831565291995,0.5065704764064008,80
historical80,endpoint_log_sd,onset_minus_baseline,4,2,6,all_common,cook_chem,flow,6320,1145,0.18117088607594936,0.5214245511887433,0.2022340803164433,0.4990942769119185,80
historical80,endpoint_log_sd,onset_minus_baseline,4,2,6,all_common,cook_gap,flow,6320,321,0.05079113924050633,0.5161150949872746,0.056778451218690226,0.49020139541776203,66
historical80,endpoint_log_sd,onset_minus_baseline,4,2,6,strong_fixed_support,randi_wild_type,flow,1051,139,0.13225499524262607,0.5215748453868485,0.1475016808905693,0.48814552886861634,27
historical80,endpoint_log_sd,onset_minus_baseline,4,2,6,strong_fixed_support,cook_struct,flow,4503,838,0.18609815678436598,0.5084603437665852,0.19179617346807087,0.5037005322332857,57
historical80,endpoint_log_sd,onset_minus_baseline,4,2,6,strong_fixed_support,cook_chem,flow,4503,746,0.16566733288918498,0.5076679028458763,0.17300905292402458,0.4937151295426994,57
historical80,endpoint_log_sd,onset_minus_baseline,4,2,6,strong_fixed_support,cook_gap,flow,4503,231,0.051299133910726186,0.5132140019780469,0.05249400681435952,0.5219678606216313,47
historical80,endpoint_log_sd,onset_minus_baseline,4,4,8,all_common,randi_wild_type,flow,1646,273,0.16585662211421628,0.5566911845134714,0.2058990355859634,0.5002789651231858,44
historical80,endpoint_log_sd,onset_minus_baseline,4,4,8,all_common,cook_struct,flow,6320,1267,0.2004746835443038,0.5228995692229065,0.2275488608353362,0.5009296932642643,80
historical80,endpoint_log_sd,onset_minus_baseline,4,4,8,all_common,cook_chem,flow,6320,1145,0.18117088607594936,0.5236885429192245,0.2078127789694947,0.4996379156271945,80
historical80,endpoint_log_sd,onset_minus_baseline,4,4,8,all_common,cook_gap,flow,6320,321,0.05079113924050633,0.529369640526796,0.061289364019452564,0.5214453621212117,66
historical80,endpoint_log_sd,onset_minus_baseline,4,4,8,strong_fixed_support,randi_wild_type,flow,1051,139,0.13225499524262607,0.5475198788337751,0.15573984692467596,0.4777504315529732,27
historical80,endpoint_log_sd,onset_minus_baseline,4,4,8,strong_fixed_support,cook_struct,flow,4503,838,0.18609815678436598,0.4953901806093245,0.18910526211577944,0.4855564777831881,57
historical80,endpoint_log_sd,onset_minus_baseline,4,4,8,strong_fixed_support,cook_chem,flow,4503,746,0.16566733288918498,0.4998776189718424,0.17182308988318612,0.4875053935421598,57
historical80,endpoint_log_sd,onset_minus_baseline,4,4,8,strong_fixed_support,cook_gap,flow,4503,231,0.051299133910726186,0.5139993433532759,0.05316942932748983,0.521951964800106,47
historical80,endpoint_log_sd,onset_minus_baseline,4,8,12,all_common,randi_wild_type,flow,1646,273,0.16585662211421628,0.5509258888719922,0.20188996502195944,0.5215212527452635,44
historical80,endpoint_log_sd,onset_minus_baseline,4,8,12,all_common,cook_struct,flow,6320,1267,0.2004746835443038,0.5145130128920733,0.21680735267204987,0.4943551341667307,80
historical80,endpoint_log_sd,onset_minus_baseline,4,8,12,all_common,cook_chem,flow,6320,1145,0.18117088607594936,0.5259938822437399,0.2023475556138659,0.5030977552910942,80
historical80,endpoint_log_sd,onset_minus_baseline,4,8,12,all_common,cook_gap,flow,6320,321,0.05079113924050633,0.4780931816777354,0.055213071006807835,0.4604180246646497,66
historical80,endpoint_log_sd,onset_minus_baseline,4,8,12,strong_fixed_support,randi_wild_type,flow,1051,139,0.13225499524262607,0.5351981572636628,0.16052491937299956,0.5099559364324007,27
historical80,endpoint_log_sd,onset_minus_baseline,4,8,12,strong_fixed_support,cook_struct,flow,4503,838,0.18609815678436598,0.4898187069192874,0.18521150272649087,0.47861545830502755,57
historical80,endpoint_log_sd,onset_minus_baseline,4,8,12,strong_fixed_support,cook_chem,flow,4503,746,0.16566733288918498,0.5019668379525333,0.17015369745341247,0.48810892096123626,57
historical80,endpoint_log_sd,onset_minus_baseline,4,8,12,strong_fixed_support,cook_gap,flow,4503,231,0.051299133910726186,0.46339295847722817,0.0495905707266534,0.4754232448012553,47
historical80,endpoint_log_sd,onset_minus_baseline,4,16,20,all_common,randi_wild_type,flow,1646,273,0.16585662211421628,0.5314796880710938,0.19551848457520143,0.4897397014593192,44
historical80,endpoint_log_sd,onset_minus_baseline,4,16,20,all_common,cook_struct,flow,6320,1267,0.2004746835443038,0.517495135619263,0.21807827217827108,0.4973861839252768,80
historical80,endpoint_log_sd,onset_minus_baseline,4,16,20,all_common,cook_chem,flow,6320,1145,0.18117088607594936,0.522550893403371,0.20153126526437204,0.4954550499739153,80
historical80,endpoint_log_sd,onset_minus_baseline,4,16,20,all_common,cook_gap,flow,6320,321,0.05079113924050633,0.4985903673457518,0.054192417636455804,0.5070974448404534,66
historical80,endpoint_log_sd,onset_minus_baseline,4,16,20,strong_fixed_support,randi_wild_type,flow,1051,139,0.13225499524262607,0.5261580209516598,0.1514526721661138,0.479649061351648,27
historical80,endpoint_log_sd,onset_minus_baseline,4,16,20,strong_fixed_support,cook_struct,flow,4503,838,0.18609815678436598,0.5093143878590941,0.18988271361535977,0.49795883509942923,57
historical80,endpoint_log_sd,onset_minus_baseline,4,16,20,strong_fixed_support,cook_chem,flow,4503,746,0.16566733288918498,0.5181109649833269,0.17341389944817542,0.49736862734252096,57
historical80,endpoint_log_sd,onset_minus_baseline,4,16,20,strong_fixed_support,cook_gap,flow,4503,231,0.051299133910726186,0.4807687630721339,0.048842495090886826,0.5053135763201604,47
historical80,endpoint_log_sd,onset_minus_baseline,4,32,36,all_common,randi_wild_type,flow,1646,273,0.16585662211421628,0.5143732208553766,0.1909741671770163,0.47779060105733334,44
historical80,endpoint_log_sd,onset_minus_baseline,4,32,36,all_common,cook_struct,flow,6320,1267,0.2004746835443038,0.5002809212091375,0.21044885781100825,0.48817222557456086,80
historical80,endpoint_log_sd,onset_minus_baseline,4,32,36,all_common,cook_chem,flow,6320,1145,0.18117088607594936,0.5020661139590321,0.19109686290750472,0.4882296321843981,80
historical80,endpoint_log_sd,onset_minus_baseline,4,32,36,all_common,cook_gap,flow,6320,321,0.05079113924050633,0.5126124343673063,0.057530237561899567,0.49644393690224564,66
historical80,endpoint_log_sd,onset_minus_baseline,4,32,36,strong_fixed_support,randi_wild_type,flow,1051,139,0.13225499524262607,0.47205130632336234,0.12551763904430102,0.45623711690263796,27
historical80,endpoint_log_sd,onset_minus_baseline,4,32,36,strong_fixed_support,cook_struct,flow,4503,838,0.18609815678436598,0.4839320541665174,0.18085356556214283,0.48696372801774346,57
historical80,endpoint_log_sd,onset_minus_baseline,4,32,36,strong_fixed_support,cook_chem,flow,4503,746,0.16566733288918498,0.4866194363907658,0.1627749133556806,0.4881525166061671,57
historical80,endpoint_log_sd,onset_minus_baseline,4,32,36,strong_fixed_support,cook_gap,flow,4503,231,0.051299133910726186,0.4869886667639477,0.05155498404358813,0.4635936226786411,47
historical80,endpoint_log_sd,onset_minus_baseline,8,1,9,all_common,randi_wild_type,flow,1646,273,0.16585662211421628,0.5381360567085257,0.19431401430457246,0.5100551957264655,44
historical80,endpoint_log_sd,onset_minus_baseline,8,1,9,all_common,cook_struct,flow,6320,1267,0.2004746835443038,0.5005498933092956,0.20740143432596142,0.4830978417498562,80
historical80,endpoint_log_sd,onset_minus_baseline,8,1,9,all_common,cook_chem,flow,6320,1145,0.18117088607594936,0.5038833829082547,0.19047286729149748,0.4791428789905906,80
historical80,endpoint_log_sd,onset_minus_baseline,8,1,9,all_common,cook_gap,flow,6320,321,0.05079113924050633,0.4853430919691184,0.05061923181470761,0.45982423534398936,66
historical80,endpoint_log_sd,onset_minus_baseline,8,1,9,strong_fixed_support,randi_wild_type,flow,1051,139,0.13225499524262607,0.5370992679540578,0.1958628934206217,0.5272337951690139,27
historical80,endpoint_log_sd,onset_minus_baseline,8,1,9,strong_fixed_support,cook_struct,flow,4503,838,0.18609815678436598,0.4938139596974541,0.18398611912680268,0.48129678233033557,57
historical80,endpoint_log_sd,onset_minus_baseline,8,1,9,strong_fixed_support,cook_chem,flow,4503,746,0.16566733288918498,0.49700220000413886,0.16632258253200985,0.47520856416113344,57
historical80,endpoint_log_sd,onset_minus_baseline,8,1,9,strong_fixed_support,cook_gap,flow,4503,231,0.051299133910726186,0.480501240332701,0.05059756199114898,0.4550531184411355,47
historical80,endpoint_log_sd,onset_minus_baseline,8,2,10,all_common,randi_wild_type,flow,1646,273,0.16585662211421628,0.5422419289862843,0.19417414521107762,0.5187817921717666,44
historical80,endpoint_log_sd,onset_minus_baseline,8,2,10,all_common,cook_struct,flow,6320,1267,0.2004746835443038,0.5112683221623482,0.21353616477694543,0.4923849156785183,80
historical80,endpoint_log_sd,onset_minus_baseline,8,2,10,all_common,cook_chem,flow,6320,1145,0.18117088607594936,0.5163522983777398,0.19720946201402215,0.4863443947938372,80
historical80,endpoint_log_sd,onset_minus_baseline,8,2,10,all_common,cook_gap,flow,6320,321,0.05079113924050633,0.49427344848232757,0.053100334411327374,0.4757371958514918,66
historical80,endpoint_log_sd,onset_minus_baseline,8,2,10,strong_fixed_support,randi_wild_type,flow,1051,139,0.13225499524262607,0.5462971727880853,0.19577562655063002,0.5469124585465166,27
historical80,endpoint_log_sd,onset_minus_baseline,8,2,10,strong_fixed_support,cook_struct,flow,4503,838,0.18609815678436598,0.5008465553337871,0.1889837224363761,0.4909241558713815,57
historical80,endpoint_log_sd,onset_minus_baseline,8,2,10,strong_fixed_support,cook_chem,flow,4503,746,0.16566733288918498,0.5021461279427641,0.17042125187583604,0.47882743196915145,57
historical80,endpoint_log_sd,onset_minus_baseline,8,2,10,strong_fixed_support,cook_gap,flow,4503,231,0.051299133910726186,0.49847187768536083,0.052428556355576084,0.4778528712586293,47
historical80,endpoint_log_sd,onset_minus_baseline,8,4,12,all_common,randi_wild_type,flow,1646,273,0.16585662211421628,0.5473269144063027,0.1947457917896815,0.5288587430688988,44
historical80,endpoint_log_sd,onset_minus_baseline,8,4,12,all_common,cook_struct,flow,6320,1267,0.2004746835443038,0.5090267317968601,0.21441436770081446,0.4857531441779136,80
historical80,endpoint_log_sd,onset_minus_baseline,8,4,12,all_common,cook_chem,flow,6320,1145,0.18117088607594936,0.5109335696052992,0.19657112960385864,0.4813846385260522,80
historical80,endpoint_log_sd,onset_minus_baseline,8,4,12,all_common,cook_gap,flow,6320,321,0.05079113924050633,0.506561062357745,0.05386192266734991,0.4699543884674303,66
historical80,endpoint_log_sd,onset_minus_baseline,8,4,12,strong_fixed_support,randi_wild_type,flow,1051,139,0.13225499524262607,0.5454294459169506,0.1817017308930826,0.552787042433834,27
historical80,endpoint_log_sd,onset_minus_baseline,8,4,12,strong_fixed_support,cook_struct,flow,4503,838,0.18609815678436598,0.48748172580072735,0.18765205581256222,0.47434095321759834,57
historical80,endpoint_log_sd,onset_minus_baseline,8,4,12,strong_fixed_support,cook_chem,flow,4503,746,0.16566733288918498,0.48352744225078337,0.16759213541037246,0.46590467438900246,57
historical80,endpoint_log_sd,onset_minus_baseline,8,4,12,strong_fixed_support,cook_gap,flow,4503,231,0.051299133910726186,0.5036379039188028,0.05382305473900987,0.44913263742565734,47
historical80,endpoint_log_sd,onset_minus_baseline,8,8,16,all_common,randi_wild_type,flow,1646,273,0.16585662211421628,0.519805031094179,0.1843378480246781,0.5192118422588332,44
historical80,endpoint_log_sd,onset_minus_baseline,8,8,16,all_common,cook_struct,flow,6320,1267,0.2004746835443038,0.5105993282570186,0.2181813614936885,0.49246326908149474,80
historical80,endpoint_log_sd,onset_minus_baseline,8,8,16,all_common,cook_chem,flow,6320,1145,0.18117088607594936,0.510871295065713,0.20061547565709792,0.49090007491087384,80
historical80,endpoint_log_sd,onset_minus_baseline,8,8,16,all_common,cook_gap,flow,6320,321,0.05079113924050633,0.5271205637076584,0.0563203565585191,0.5222135008566695,66
historical80,endpoint_log_sd,onset_minus_baseline,8,8,16,strong_fixed_support,randi_wild_type,flow,1051,139,0.13225499524262607,0.5433784551306323,0.16045041493660367,0.5448019876713454,27
historical80,endpoint_log_sd,onset_minus_baseline,8,8,16,strong_fixed_support,cook_struct,flow,4503,838,0.18609815678436598,0.5026243215347397,0.19345019822321108,0.4929867009518337,57
historical80,endpoint_log_sd,onset_minus_baseline,8,8,16,strong_fixed_support,cook_chem,flow,4503,746,0.16566733288918498,0.49805653218549684,0.17174155530703833,0.487941094213449,57
historical80,endpoint_log_sd,onset_minus_baseline,8,8,16,strong_fixed_support,cook_gap,flow,4503,231,0.051299133910726186,0.5351012127697521,0.05817029659713355,0.5200273376750275,47
historical80,endpoint_log_sd,onset_minus_baseline,8,16,24,all_common,randi_wild_type,flow,1646,273,0.16585662211421628,0.5246792537397053,0.18419340455114164,0.464893729530996,44
historical80,endpoint_log_sd,onset_minus_baseline,8,16,24,all_common,cook_struct,flow,6320,1267,0.2004746835443038,0.5161541800560467,0.2182454583220433,0.4944496881372043,80
historical80,endpoint_log_sd,onset_minus_baseline,8,16,24,all_common,cook_chem,flow,6320,1145,0.18117088607594936,0.5174033710946565,0.20001234663951759,0.4925566088447798,80
historical80,endpoint_log_sd,onset_minus_baseline,8,16,24,all_common,cook_gap,flow,6320,321,0.05079113924050633,0.5360291097322034,0.05683241203010145,0.5250753125002072,66
historical80,endpoint_log_sd,onset_minus_baseline,8,16,24,strong_fixed_support,randi_wild_type,flow,1051,139,0.13225499524262607,0.5302836678026001,0.1556284450766577,0.49391448414461075,27
historical80,endpoint_log_sd,onset_minus_baseline,8,16,24,strong_fixed_support,cook_struct,flow,4503,838,0.18609815678436598,0.5005841231803131,0.18971535367585046,0.4901410789493668,57
historical80,endpoint_log_sd,onset_minus_baseline,8,16,24,strong_fixed_support,cook_chem,flow,4503,746,0.16566733288918498,0.49986299033582354,0.16858023676783543,0.4858749192536578,57
historical80,endpoint_log_sd,onset_minus_baseline,8,16,24,strong_fixed_support,cook_gap,flow,4503,231,0.051299133910726186,0.5245664915608736,0.055848055548831134,0.5127705638964676,47
historical80,endpoint_log_sd,onset_minus_baseline,8,32,40,all_common,randi_wild_type,flow,1646,273,0.16585662211421628,0.5293747282093969,0.19898320183355117,0.48853637607235073,44
historical80,endpoint_log_sd,onset_minus_baseline,8,32,40,all_common,cook_struct,flow,6320,1267,0.2004746835443038,0.5077046761315065,0.21279282577033587,0.4856979857946039,80
historical80,endpoint_log_sd,onset_minus_baseline,8,32,40,all_common,cook_chem,flow,6320,1145,0.18117088607594936,0.5075479610995085,0.19226715323890242,0.4831173255233464,80
historical80,endpoint_log_sd,onset_minus_baseline,8,32,40,all_common,cook_gap,flow,6320,321,0.05079113924050633,0.5006291287384865,0.05593599980078706,0.5067248182849095,66
historical80,endpoint_log_sd,onset_minus_baseline,8,32,40,strong_fixed_support,randi_wild_type,flow,1051,139,0.13225499524262607,0.5002287643569355,0.13713546773561286,0.46412984558265574,27
historical80,endpoint_log_sd,onset_minus_baseline,8,32,40,strong_fixed_support,cook_struct,flow,4503,838,0.18609815678436598,0.5065445239265841,0.18675564655010551,0.4909355247447407,57
historical80,endpoint_log_sd,onset_minus_baseline,8,32,40,strong_fixed_support,cook_chem,flow,4503,746,0.16566733288918498,0.5019684435345353,0.1644959787298662,0.48534386862268125,57
historical80,endpoint_log_sd,onset_minus_baseline,8,32,40,strong_fixed_support,cook_gap,flow,4503,231,0.051299133910726186,0.48988176305592035,0.05169602599731732,0.4961164390250489,47
historical80,endpoint_log_sd,onset_minus_baseline,16,1,17,all_common,randi_wild_type,flow,1646,273,0.16585662211421628,0.5507578122290431,0.19108810751071015,0.5316429865009173,44
historical80,endpoint_log_sd,onset_minus_baseline,16,1,17,all_common,cook_struct,flow,6320,1267,0.2004746835443038,0.5234895271917205,0.22430596864960345,0.49866785431633165,80
historical80,endpoint_log_sd,onset_minus_baseline,16,1,17,all_common,cook_chem,flow,6320,1145,0.18117088607594936,0.5287405438474359,0.2054605278809144,0.5012852946333117,80
historical80,endpoint_log_sd,onset_minus_baseline,16,1,17,all_common,cook_gap,flow,6320,321,0.05079113924050633,0.5106261220068349,0.06061023664759272,0.48598999354116845,66
historical80,endpoint_log_sd,onset_minus_baseline,16,1,17,strong_fixed_support,randi_wild_type,flow,1051,139,0.13225499524262607,0.5484980436703268,0.1643352508083596,0.5315112964408159,27
historical80,endpoint_log_sd,onset_minus_baseline,16,1,17,strong_fixed_support,cook_struct,flow,4503,838,0.18609815678436598,0.5000364669989938,0.1887406389861323,0.488177519567781,57
historical80,endpoint_log_sd,onset_minus_baseline,16,1,17,strong_fixed_support,cook_chem,flow,4503,746,0.16566733288918498,0.5055103574310973,0.17291590719381952,0.49215023238164357,57
historical80,endpoint_log_sd,onset_minus_baseline,16,1,17,strong_fixed_support,cook_gap,flow,4503,231,0.051299133910726186,0.49164903448611313,0.0525780397841689,0.4628943588838387,47
historical80,endpoint_log_sd,onset_minus_baseline,16,2,18,all_common,randi_wild_type,flow,1646,273,0.16585662211421628,0.5426474472359396,0.18858834482166842,0.5198936556324515,44
historical80,endpoint_log_sd,onset_minus_baseline,16,2,18,all_common,cook_struct,flow,6320,1267,0.2004746835443038,0.5323510801291629,0.23097843370360222,0.5122019417934611,80
historical80,endpoint_log_sd,onset_minus_baseline,16,2,18,all_common,cook_chem,flow,6320,1145,0.18117088607594936,0.5368931080311372,0.21193248606120987,0.5111392897667677,80
historical80,endpoint_log_sd,onset_minus_baseline,16,2,18,all_common,cook_gap,flow,6320,321,0.05079113924050633,0.5080877965642249,0.05887122188490036,0.4961091654726041,66
historical80,endpoint_log_sd,onset_minus_baseline,16,2,18,strong_fixed_support,randi_wild_type,flow,1051,139,0.13225499524262607,0.5266234380916319,0.15556630148645262,0.4979762962472534,27
historical80,endpoint_log_sd,onset_minus_baseline,16,2,18,strong_fixed_support,cook_struct,flow,4503,838,0.18609815678436598,0.5103156023403999,0.19249475067922345,0.5022606209634909,57
historical80,endpoint_log_sd,onset_minus_baseline,16,2,18,strong_fixed_support,cook_chem,flow,4503,746,0.16566733288918498,0.5157015215922235,0.17632922325638373,0.5020608647053062,57
historical80,endpoint_log_sd,onset_minus_baseline,16,2,18,strong_fixed_support,cook_gap,flow,4503,231,0.051299133910726186,0.487086961103815,0.05180767833216851,0.47404972411126983,47
historical80,endpoint_log_sd,onset_minus_baseline,16,4,20,all_common,randi_wild_type,flow,1646,273,0.16585662211421628,0.5349906223904768,0.18768220881021166,0.5271906103213982,44
historical80,endpoint_log_sd,onset_minus_baseline,16,4,20,all_common,cook_struct,flow,6320,1267,0.2004746835443038,0.529786785722486,0.22875409412464115,0.5080425005385656,80
historical80,endpoint_log_sd,onset_minus_baseline,16,4,20,all_common,cook_chem,flow,6320,1145,0.18117088607594936,0.5351119549395608,0.21005153504566879,0.5119392107967115,80
historical80,endpoint_log_sd,onset_minus_baseline,16,4,20,all_common,cook_gap,flow,6320,321,0.05079113924050633,0.5074179029838306,0.06179668183388867,0.48911371529804637,66
historical80,endpoint_log_sd,onset_minus_baseline,16,4,20,strong_fixed_support,randi_wild_type,flow,1051,139,0.13225499524262607,0.5262763473431782,0.1502580039270004,0.5157050698716183,27
historical80,endpoint_log_sd,onset_minus_baseline,16,4,20,strong_fixed_support,cook_struct,flow,4503,838,0.18609815678436598,0.5095546793346075,0.19132864931572868,0.4962907936045163,57
historical80,endpoint_log_sd,onset_minus_baseline,16,4,20,strong_fixed_support,cook_chem,flow,4503,746,0.16566733288918498,0.5177456058788563,0.1750696353138998,0.5031655775649821,57
historical80,endpoint_log_sd,onset_minus_baseline,16,4,20,strong_fixed_support,cook_gap,flow,4503,231,0.051299133910726186,0.4895503996627592,0.05011333290060951,0.4751003261663119,47
historical80,endpoint_log_sd,onset_minus_baseline,16,8,24,all_common,randi_wild_type,flow,1646,273,0.16585662211421628,0.5192794580995601,0.1779819085786062,0.5068377198789918,44
historical80,endpoint_log_sd,onset_minus_baseline,16,8,24,all_common,cook_struct,flow,6320,1267,0.2004746835443038,0.511312369858193,0.21764675947759776,0.5016457302892234,80
historical80,endpoint_log_sd,onset_minus_baseline,16,8,24,all_common,cook_chem,flow,6320,1145,0.18117088607594936,0.5180127840010126,0.19902828922761706,0.5042168701054104,80
historical80,endpoint_log_sd,onset_minus_baseline,16,8,24,all_common,cook_gap,flow,6320,321,0.05079113924050633,0.504059607026924,0.05515701075237188,0.49998772808655306,66
historical80,endpoint_log_sd,onset_minus_baseline,16,8,24,strong_fixed_support,randi_wild_type,flow,1051,139,0.13225499524262607,0.5023034204215575,0.1336702445577765,0.4876052137908416,27
historical80,endpoint_log_sd,onset_minus_baseline,16,8,24,strong_fixed_support,cook_struct,flow,4503,838,0.18609815678436598,0.4888573782181312,0.1793310139883724,0.4953018135585708,57
historical80,endpoint_log_sd,onset_minus_baseline,16,8,24,strong_fixed_support,cook_chem,flow,4503,746,0.16566733288918498,0.498618842682221,0.16380813643814296,0.4998388254740017,57
historical80,endpoint_log_sd,onset_minus_baseline,16,8,24,strong_fixed_support,cook_gap,flow,4503,231,0.051299133910726186,0.477431822235193,0.04745917677219429,0.48382835342305075,47
historical80,endpoint_log_sd,onset_minus_baseline,16,16,32,all_common,randi_wild_type,flow,1646,273,0.16585662211421628,0.5175506697720827,0.17067517473444954,0.48989721231914846,44
historical80,endpoint_log_sd,onset_minus_baseline,16,16,32,all_common,cook_struct,flow,6320,1267,0.2004746835443038,0.524259580881488,0.22293655116791106,0.5073109263947666,80
historical80,endpoint_log_sd,onset_minus_baseline,16,16,32,all_common,cook_chem,flow,6320,1145,0.18117088607594936,0.5251188321414256,0.20269622893667472,0.5064508020692496,80
historical80,endpoint_log_sd,onset_minus_baseline,16,16,32,all_common,cook_gap,flow,6320,321,0.05079113924050633,0.5122063438402766,0.05610773222612774,0.49517529387082315,66
historical80,endpoint_log_sd,onset_minus_baseline,16,16,32,strong_fixed_support,randi_wild_type,flow,1051,139,0.13225499524262607,0.5126688123185662,0.13268666136442012,0.4921301264134963,27
historical80,endpoint_log_sd,onset_minus_baseline,16,16,32,strong_fixed_support,cook_struct,flow,4503,838,0.18609815678436598,0.5056588968081608,0.18841320356044128,0.5011685445627966,57
historical80,endpoint_log_sd,onset_minus_baseline,16,16,32,strong_fixed_support,cook_chem,flow,4503,746,0.16566733288918498,0.5093562615200509,0.1708618183038113,0.5037332364942636,57
historical80,endpoint_log_sd,onset_minus_baseline,16,16,32,strong_fixed_support,cook_gap,flow,4503,231,0.051299133910726186,0.488548202733596,0.047901438707457764,0.47648948930735985,47
historical80,endpoint_log_sd,onset_minus_baseline,16,32,48,all_common,randi_wild_type,flow,1646,273,0.16585662211421628,0.520960224529052,0.18154584580600464,0.506080153489667,44
historical80,endpoint_log_sd,onset_minus_baseline,16,32,48,all_common,cook_struct,flow,6320,1267,0.2004746835443038,0.5203156720296038,0.23152234691913492,0.5031486368330622,80
historical80,endpoint_log_sd,onset_minus_baseline,16,32,48,all_common,cook_chem,flow,6320,1145,0.18117088607594936,0.5159137607324431,0.2052275057073862,0.4984330142223022,80
historical80,endpoint_log_sd,onset_minus_baseline,16,32,48,all_common,cook_gap,flow,6320,321,0.05079113924050633,0.5077621971263122,0.0739861949850562,0.49195674212006796,66
historical80,endpoint_log_sd,onset_minus_baseline,16,32,48,strong_fixed_support,randi_wild_type,flow,1051,139,0.13225499524262607,0.5014514704026253,0.13995544841627075,0.5048991440925928,27
historical80,endpoint_log_sd,onset_minus_baseline,16,32,48,strong_fixed_support,cook_struct,flow,4503,838,0.18609815678436598,0.5047538965965219,0.1957075333095823,0.502175198848606,57
historical80,endpoint_log_sd,onset_minus_baseline,16,32,48,strong_fixed_support,cook_chem,flow,4503,746,0.16566733288918498,0.5029972648018605,0.17415229701088486,0.5000034563803283,57
historical80,endpoint_log_sd,onset_minus_baseline,16,32,48,strong_fixed_support,cook_gap,flow,4503,231,0.051299133910726186,0.46995537234301277,0.05105483145412877,0.47202079465543906,47
historical80,endpoint_log_sd,active_minus_baseline,1,1,2,all_common,randi_wild_type,flow,1646,273,0.16585662211421628,0.5559121626128181,0.21260052761569093,0.4884202159972318,44
historical80,endpoint_log_sd,active_minus_baseline,1,1,2,all_common,cook_struct,flow,6320,1267,0.2004746835443038,0.5172454539107246,0.22560397910728472,0.5102384842223845,80
historical80,endpoint_log_sd,active_minus_baseline,1,1,2,all_common,cook_chem,flow,6320,1145,0.18117088607594936,0.5194589371980677,0.20396585051309268,0.5086396866529883,80
historical80,endpoint_log_sd,active_minus_baseline,1,1,2,all_common,cook_gap,flow,6320,321,0.05079113924050633,0.5005678516512877,0.05661758023315082,0.4854338704077305,66
historical80,endpoint_log_sd,active_minus_baseline,1,1,2,strong_fixed_support,randi_wild_type,flow,1051,139,0.13225499524262607,0.5196421809920485,0.1485608455616545,0.4593972811685598,27
historical80,endpoint_log_sd,active_minus_baseline,1,1,2,strong_fixed_support,cook_struct,flow,4503,838,0.18609815678436598,0.510877747641855,0.19865287316651598,0.5132648909726183,57
historical80,endpoint_log_sd,active_minus_baseline,1,1,2,strong_fixed_support,cook_chem,flow,4503,746,0.16566733288918498,0.5148036444570671,0.17839532008402456,0.5127794965411785,57
historical80,endpoint_log_sd,active_minus_baseline,1,1,2,strong_fixed_support,cook_gap,flow,4503,231,0.051299133910726186,0.5058915803297827,0.0544188425964314,0.48497231581106376,47
historical80,endpoint_log_sd,active_minus_baseline,1,2,3,all_common,randi_wild_type,flow,1646,273,0.16585662211421628,0.5518436407001592,0.20705402067655984,0.4900818019325499,44
historical80,endpoint_log_sd,active_minus_baseline,1,2,3,all_common,cook_struct,flow,6320,1267,0.2004746835443038,0.521119698676273,0.22172633906351616,0.510854962652545,80
historical80,endpoint_log_sd,active_minus_baseline,1,2,3,all_common,cook_chem,flow,6320,1145,0.18117088607594936,0.5228836993439234,0.2009004941059428,0.5059002743504618,80
historical80,endpoint_log_sd,active_minus_baseline,1,2,3,all_common,cook_gap,flow,6320,321,0.05079113924050633,0.5041915085536063,0.054505429655876333,0.4932156856020578,66
historical80,endpoint_log_sd,active_minus_baseline,1,2,3,strong_fixed_support,randi_wild_type,flow,1051,139,0.13225499524262607,0.5244304556354916,0.15249060105799223,0.47904862588645714,27
historical80,endpoint_log_sd,active_minus_baseline,1,2,3,strong_fixed_support,cook_struct,flow,4503,838,0.18609815678436598,0.5079768304317107,0.19465763535906844,0.5097273306456434,57
historical80,endpoint_log_sd,active_minus_baseline,1,2,3,strong_fixed_support,cook_chem,flow,4503,746,0.16566733288918498,0.5094772153642066,0.17440179750851187,0.5037857299398537,57
historical80,endpoint_log_sd,active_minus_baseline,1,2,3,strong_fixed_support,cook_gap,flow,4503,231,0.051299133910726186,0.501608176467727,0.055131329804880495,0.48725899869511985,47
historical80,endpoint_log_sd,active_minus_baseline,1,4,5,all_common,randi_wild_type,flow,1646,273,0.16585662211421628,0.5347211661851138,0.20096247988253166,0.4678917660684267,44
historical80,endpoint_log_sd,active_minus_baseline,1,4,5,all_common,cook_struct,flow,6320,1267,0.2004746835443038,0.5330491267700497,0.23010442913480317,0.5196231357010506,80
historical80,endpoint_log_sd,active_minus_baseline,1,4,5,all_common,cook_chem,flow,6320,1145,0.18117088607594936,0.5344426302132776,0.20828065581232774,0.5103205598312608,80
historical80,endpoint_log_sd,active_minus_baseline,1,4,5,all_common,cook_gap,flow,6320,321,0.05079113924050633,0.5175016189094859,0.05947236565063931,0.5035820215198321,66
historical80,endpoint_log_sd,active_minus_baseline,1,4,5,strong_fixed_support,randi_wild_type,flow,1051,139,0.13225499524262607,0.5251561908368042,0.14802055733745728,0.4558708087454245,27
historical80,endpoint_log_sd,active_minus_baseline,1,4,5,strong_fixed_support,cook_struct,flow,4503,838,0.18609815678436598,0.5204189146509425,0.20131658036953642,0.5133753499073395,57
historical80,endpoint_log_sd,active_minus_baseline,1,4,5,strong_fixed_support,cook_chem,flow,4503,746,0.16566733288918498,0.5220692598124252,0.1797241248071121,0.5016037893999775,57
historical80,endpoint_log_sd,active_minus_baseline,1,4,5,strong_fixed_support,cook_gap,flow,4503,231,0.051299133910726186,0.5175571931189908,0.061000545955288796,0.4821230829769761,47
historical80,endpoint_log_sd,active_minus_baseline,1,8,9,all_common,randi_wild_type,flow,1646,273,0.16585662211421628,0.5913123050777822,0.21670637054654912,0.5356138911177494,44
historical80,endpoint_log_sd,active_minus_baseline,1,8,9,all_common,cook_struct,flow,6320,1267,0.2004746835443038,0.5322105023764669,0.22320375872579504,0.5095178016543928,80
historical80,endpoint_log_sd,active_minus_baseline,1,8,9,all_common,cook_chem,flow,6320,1145,0.18117088607594936,0.5286802944961289,0.1992239214319722,0.5098769991973031,80
historical80,endpoint_log_sd,active_minus_baseline,1,8,9,all_common,cook_gap,flow,6320,321,0.05079113924050633,0.5375776544273475,0.0596992163259986,0.5264049278561881,66
historical80,endpoint_log_sd,active_minus_baseline,1,8,9,strong_fixed_support,randi_wild_type,flow,1051,139,0.13225499524262607,0.607030165341411,0.1730563089283646,0.5391138204399528,27
historical80,endpoint_log_sd,active_minus_baseline,1,8,9,strong_fixed_support,cook_struct,flow,4503,838,0.18609815678436598,0.5242160409211825,0.20444957886512155,0.5092709893979296,57
historical80,endpoint_log_sd,active_minus_baseline,1,8,9,strong_fixed_support,cook_chem,flow,4503,746,0.16566733288918498,0.5244622905875074,0.1812132791526883,0.5160206866827783,57
historical80,endpoint_log_sd,active_minus_baseline,1,8,9,strong_fixed_support,cook_gap,flow,4503,231,0.051299133910726186,0.5283645037858521,0.06129219285779365,0.49955488208302745,47
historical80,endpoint_log_sd,active_minus_baseline,1,16,17,all_common,randi_wild_type,flow,1646,273,0.16585662211421628,0.5444482684103951,0.18862666903792957,0.5341696043288499,44
historical80,endpoint_log_sd,active_minus_baseline,1,16,17,all_common,cook_struct,flow,6320,1267,0.2004746835443038,0.5378939828192119,0.23260751024760998,0.5191520139474545,80
historical80,endpoint_log_sd,active_minus_baseline,1,16,17,all_common,cook_chem,flow,6320,1145,0.18117088607594936,0.536286817290045,0.21027558716282613,0.5150110371312416,80
historical80,endpoint_log_sd,active_minus_baseline,1,16,17,all_common,cook_gap,flow,6320,321,0.05079113924050633,0.5480451310940193,0.06150441379144308,0.5186922137227529,66
historical80,endpoint_log_sd,active_minus_baseline,1,16,17,strong_fixed_support,randi_wild_type,flow,1051,139,0.13225499524262607,0.5725814085573646,0.16270655237384266,0.5611862523127304,27
historical80,endpoint_log_sd,active_minus_baseline,1,16,17,strong_fixed_support,cook_struct,flow,4503,838,0.18609815678436598,0.5219725064875442,0.2062627723729522,0.5120671894351752,57
historical80,endpoint_log_sd,active_minus_baseline,1,16,17,strong_fixed_support,cook_chem,flow,4503,746,0.16566733288918498,0.5171263864200587,0.18185755010608864,0.5048433167517388,57
historical80,endpoint_log_sd,active_minus_baseline,1,16,17,strong_fixed_support,cook_gap,flow,4503,231,0.051299133910726186,0.5424986218525544,0.06067474375477996,0.5207636397370491,47
historical80,endpoint_log_sd,active_minus_baseline,1,32,33,all_common,randi_wild_type,flow,1646,273,0.16585662211421628,0.5517956188021738,0.19224672280731792,0.5444068144642301,44
historical80,endpoint_log_sd,active_minus_baseline,1,32,33,all_common,cook_struct,flow,6320,1267,0.2004746835443038,0.5229711076792785,0.22224426652658386,0.5056734237022183,80
historical80,endpoint_log_sd,active_minus_baseline,1,32,33,all_common,cook_chem,flow,6320,1145,0.18117088607594936,0.5213448937830939,0.19880813270237996,0.5049025467223689,80
historical80,endpoint_log_sd,active_minus_baseline,1,32,33,all_common,cook_gap,flow,6320,321,0.05079113924050633,0.5186445923749493,0.062265018641168846,0.473481437886795,66
historical80,endpoint_log_sd,active_minus_baseline,1,32,33,strong_fixed_support,randi_wild_type,flow,1051,139,0.13225499524262607,0.559439290672725,0.16806504005049203,0.5479730499035211,27
historical80,endpoint_log_sd,active_minus_baseline,1,32,33,strong_fixed_support,cook_struct,flow,4503,838,0.18609815678436598,0.5048038759210359,0.1893037636636869,0.4921468502499646,57
historical80,endpoint_log_sd,active_minus_baseline,1,32,33,strong_fixed_support,cook_chem,flow,4503,746,0.16566733288918498,0.5021789531748064,0.16629410296792452,0.4920196506649887,57
historical80,endpoint_log_sd,active_minus_baseline,1,32,33,strong_fixed_support,cook_gap,flow,4503,231,0.051299133910726186,0.4956730223584156,0.05316235596473498,0.42989534703159654,47
historical80,endpoint_log_sd,active_minus_baseline,4,1,5,all_common,randi_wild_type,flow,1646,273,0.16585662211421628,0.5500694983579179,0.2119096032921539,0.523821986703298,44
historical80,endpoint_log_sd,active_minus_baseline,4,1,5,all_common,cook_struct,flow,6320,1267,0.2004746835443038,0.523228364966712,0.2172967275320798,0.5074367750237732,80
historical80,endpoint_log_sd,active_minus_baseline,4,1,5,all_common,cook_chem,flow,6320,1145,0.18117088607594936,0.5282818387021918,0.19825593501557584,0.505782050655108,80
historical80,endpoint_log_sd,active_minus_baseline,4,1,5,all_common,cook_gap,flow,6320,321,0.05079113924050633,0.49427552567172406,0.055692151941557695,0.48227511508220566,66
historical80,endpoint_log_sd,active_minus_baseline,4,1,5,strong_fixed_support,randi_wild_type,flow,1051,139,0.13225499524262607,0.5198393916445789,0.15761604225511988,0.5291930989258801,27
historical80,endpoint_log_sd,active_minus_baseline,4,1,5,strong_fixed_support,cook_struct,flow,4503,838,0.18609815678436598,0.5184816053293915,0.19707354296518953,0.506909758219378,57
historical80,endpoint_log_sd,active_minus_baseline,4,1,5,strong_fixed_support,cook_chem,flow,4503,746,0.16566733288918498,0.524938613248121,0.17815531940895904,0.5063428864039986,57
historical80,endpoint_log_sd,active_minus_baseline,4,1,5,strong_fixed_support,cook_gap,flow,4503,231,0.051299133910726186,0.49355513400457224,0.051673394017231325,0.4899430068227634,47
historical80,endpoint_log_sd,active_minus_baseline,4,2,6,all_common,randi_wild_type,flow,1646,273,0.16585662211421628,0.5536311224585078,0.21546406377766059,0.5155134162814944,44
historical80,endpoint_log_sd,active_minus_baseline,4,2,6,all_common,cook_struct,flow,6320,1267,0.2004746835443038,0.5180677556652444,0.2185185392384575,0.509484579646608,80
historical80,endpoint_log_sd,active_minus_baseline,4,2,6,all_common,cook_chem,flow,6320,1145,0.18117088607594936,0.5243605678965466,0.19986575078524008,0.5086562110899606,80
historical80,endpoint_log_sd,active_minus_baseline,4,2,6,all_common,cook_gap,flow,6320,321,0.05079113924050633,0.5015576323987538,0.05734842136825843,0.5061854543273628,66
historical80,endpoint_log_sd,active_minus_baseline,4,2,6,strong_fixed_support,randi_wild_type,flow,1051,139,0.13225499524262607,0.5143411586520258,0.15057926765393137,0.5066385610266075,27
historical80,endpoint_log_sd,active_minus_baseline,4,2,6,strong_fixed_support,cook_struct,flow,4503,838,0.18609815678436598,0.5167891458582281,0.19660806433685876,0.5112692531998292,57
historical80,endpoint_log_sd,active_minus_baseline,4,2,6,strong_fixed_support,cook_chem,flow,4503,746,0.16566733288918498,0.5260464648295479,0.17876224252570985,0.5125533494505492,57
historical80,endpoint_log_sd,active_minus_baseline,4,2,6,strong_fixed_support,cook_gap,flow,4503,231,0.051299133910726186,0.49830974269176515,0.05084348001246328,0.512265529764783,47
historical80,endpoint_log_sd,active_minus_baseline,4,4,8,all_common,randi_wild_type,flow,1646,273,0.16585662211421628,0.5511659983619197,0.20834414209470442,0.5244328657573588,44
historical80,endpoint_log_sd,active_minus_baseline,4,4,8,all_common,cook_struct,flow,6320,1267,0.2004746835443038,0.5263584067292384,0.22168133701626722,0.5152256779340583,80
historical80,endpoint_log_sd,active_minus_baseline,4,4,8,all_common,cook_chem,flow,6320,1145,0.18117088607594936,0.5302768179229163,0.20146117261182817,0.5127187136532412,80
historical80,endpoint_log_sd,active_minus_baseline,4,4,8,all_common,cook_gap,flow,6320,321,0.05079113924050633,0.5178194288871614,0.058395281055911644,0.5141083402205536,66
historical80,endpoint_log_sd,active_minus_baseline,4,4,8,strong_fixed_support,randi_wild_type,flow,1051,139,0.13225499524262607,0.5386690647482014,0.16282506341037456,0.5500665170909558,27
historical80,endpoint_log_sd,active_minus_baseline,4,4,8,strong_fixed_support,cook_struct,flow,4503,838,0.18609815678436598,0.5161822308035438,0.19887376961849582,0.5123668840585391,57
historical80,endpoint_log_sd,active_minus_baseline,4,4,8,strong_fixed_support,cook_chem,flow,4503,746,0.16566733288918498,0.5222576481006679,0.18129037969947076,0.5119935824619803,57
historical80,endpoint_log_sd,active_minus_baseline,4,4,8,strong_fixed_support,cook_gap,flow,4503,231,0.051299133910726186,0.5076537850414256,0.051737896756071114,0.49857402373400084,47
historical80,endpoint_log_sd,active_minus_baseline,4,8,12,all_common,randi_wild_type,flow,1646,273,0.16585662211421628,0.5448991406748144,0.20557155364484114,0.5175605913001725,44
historical80,endpoint_log_sd,active_minus_baseline,4,8,12,all_common,cook_struct,flow,6320,1267,0.2004746835443038,0.5123349949103044,0.21497052607061928,0.4939925357386829,80
historical80,endpoint_log_sd,active_minus_baseline,4,8,12,all_common,cook_chem,flow,6320,1145,0.18117088607594936,0.5158434698225851,0.1960868223329621,0.48791597619574595,80
historical80,endpoint_log_sd,active_minus_baseline,4,8,12,all_common,cook_gap,flow,6320,321,0.05079113924050633,0.4960229612515897,0.05722136434905112,0.4904752177751898,66
historical80,endpoint_log_sd,active_minus_baseline,4,8,12,strong_fixed_support,randi_wild_type,flow,1051,139,0.13225499524262607,0.5325949766502588,0.17736689243237536,0.5350966101186737,27
historical80,endpoint_log_sd,active_minus_baseline,4,8,12,strong_fixed_support,cook_struct,flow,4503,838,0.18609815678436598,0.5106724579734117,0.19476289173993894,0.5008812061716207,57
historical80,endpoint_log_sd,active_minus_baseline,4,8,12,strong_fixed_support,cook_chem,flow,4503,746,0.16566733288918498,0.5193415543889119,0.17731032969540994,0.4963114213987636,57
historical80,endpoint_log_sd,active_minus_baseline,4,8,12,strong_fixed_support,cook_gap,flow,4503,231,0.051299133910726186,0.46665997859818087,0.048683404995827385,0.4605363526908158,47
historical80,endpoint_log_sd,active_minus_baseline,4,16,20,all_common,randi_wild_type,flow,1646,273,0.16585662211421628,0.5503149436142882,0.2086560166045182,0.5008724562283533,44
historical80,endpoint_log_sd,active_minus_baseline,4,16,20,all_common,cook_struct,flow,6320,1267,0.2004746835443038,0.5052376927691958,0.21036962578728263,0.49213463768704335,80
historical80,endpoint_log_sd,active_minus_baseline,4,16,20,all_common,cook_chem,flow,6320,1145,0.18117088607594936,0.5059865409362276,0.19037575427319725,0.4909512733213367,80
historical80,endpoint_log_sd,active_minus_baseline,4,16,20,all_common,cook_gap,flow,6320,321,0.05079113924050633,0.4981577926539158,0.054727633370505346,0.5045659209400499,66
historical80,endpoint_log_sd,active_minus_baseline,4,16,20,strong_fixed_support,randi_wild_type,flow,1051,139,0.13225499524262607,0.515477092010602,0.1573316330648863,0.4966335796432309,27
historical80,endpoint_log_sd,active_minus_baseline,4,16,20,strong_fixed_support,cook_struct,flow,4503,838,0.18609815678436598,0.4903613163284244,0.18568354768839507,0.48919140935084116,57
historical80,endpoint_log_sd,active_minus_baseline,4,16,20,strong_fixed_support,cook_chem,flow,4503,746,0.16566733288918498,0.4917094881333218,0.16579920311073673,0.4891176867612296,57
historical80,endpoint_log_sd,active_minus_baseline,4,16,20,strong_fixed_support,cook_gap,flow,4503,231,0.051299133910726186,0.4835280979943901,0.05037267014374221,0.4943929059278211,47
historical80,endpoint_log_sd,active_minus_baseline,4,32,36,all_common,randi_wild_type,flow,1646,273,0.16585662211421628,0.584661272206793,0.2253001776341867,0.5720320740170309,44
historical80,endpoint_log_sd,active_minus_baseline,4,32,36,all_common,cook_struct,flow,6320,1267,0.2004746835443038,0.517390014699747,0.21590886602062723,0.49378565224253884,80
historical80,endpoint_log_sd,active_minus_baseline,4,32,36,all_common,cook_chem,flow,6320,1145,0.18117088607594936,0.5171529228107925,0.1956753446911245,0.4872244519247609,80
historical80,endpoint_log_sd,active_minus_baseline,4,32,36,all_common,cook_gap,flow,6320,321,0.05079113924050633,0.5046900340087833,0.055829362856630926,0.489882732834312,66
historical80,endpoint_log_sd,active_minus_baseline,4,32,36,strong_fixed_support,randi_wild_type,flow,1051,139,0.13225499524262607,0.5304098826202196,0.1508804430174887,0.5324126998563287,27
historical80,endpoint_log_sd,active_minus_baseline,4,32,36,strong_fixed_support,cook_struct,flow,4503,838,0.18609815678436598,0.5059975189416757,0.19085460620663905,0.48910179303051704,57
historical80,endpoint_log_sd,active_minus_baseline,4,32,36,strong_fixed_support,cook_chem,flow,4503,746,0.16566733288918498,0.5040153821891719,0.17032219647280517,0.4802761897693821,57
historical80,endpoint_log_sd,active_minus_baseline,4,32,36,strong_fixed_support,cook_gap,flow,4503,231,0.051299133910726186,0.5022972501905086,0.052525043561609995,0.49256529609038596,47
historical80,endpoint_log_sd,active_minus_baseline,8,1,9,all_common,randi_wild_type,flow,1646,273,0.16585662211421628,0.5928303306307676,0.2243803690312676,0.5500136964198729,44
historical80,endpoint_log_sd,active_minus_baseline,8,1,9,all_common,cook_struct,flow,6320,1267,0.2004746835443038,0.5141948385784715,0.214785255863705,0.49446405507957003,80
historical80,endpoint_log_sd,active_minus_baseline,8,1,9,all_common,cook_chem,flow,6320,1145,0.18117088607594936,0.5145885281522267,0.19563570785148068,0.49400516730618743,80
historical80,endpoint_log_sd,active_minus_baseline,8,1,9,all_common,cook_gap,flow,6320,321,0.05079113924050633,0.5173858156006271,0.056146412037155376,0.4904912247762761,66
historical80,endpoint_log_sd,active_minus_baseline,8,1,9,strong_fixed_support,randi_wild_type,flow,1051,139,0.13225499524262607,0.5647087593083427,0.1727638318499293,0.5205060076645389,27
historical80,endpoint_log_sd,active_minus_baseline,8,1,9,strong_fixed_support,cook_struct,flow,4503,838,0.18609815678436598,0.5012340171980972,0.19075631824179318,0.4865210029999976,57
historical80,endpoint_log_sd,active_minus_baseline,8,1,9,strong_fixed_support,cook_chem,flow,4503,746,0.16566733288918498,0.501155305449488,0.17024773024469148,0.48676259302984337,57
historical80,endpoint_log_sd,active_minus_baseline,8,1,9,strong_fixed_support,cook_gap,flow,4503,231,0.051299133910726186,0.5058226729575044,0.05623940297327362,0.4758724752469989,47
historical80,endpoint_log_sd,active_minus_baseline,8,2,10,all_common,randi_wild_type,flow,1646,273,0.16585662211421628,0.5709643597480452,0.2211796029418387,0.5458877233276692,44
historical80,endpoint_log_sd,active_minus_baseline,8,2,10,all_common,cook_struct,flow,6320,1267,0.2004746835443038,0.5173728329744175,0.21646965200107,0.5041747680617309,80
historical80,endpoint_log_sd,active_minus_baseline,8,2,10,all_common,cook_chem,flow,6320,1145,0.18117088607594936,0.5169438221209628,0.19677387545522476,0.49878674451001004,80
historical80,endpoint_log_sd,active_minus_baseline,8,2,10,all_common,cook_gap,flow,6320,321,0.05079113924050633,0.5156783659166455,0.05725179061420341,0.4959568841075895,66
historical80,endpoint_log_sd,active_minus_baseline,8,2,10,strong_fixed_support,randi_wild_type,flow,1051,139,0.13225499524262607,0.5624842231477976,0.17421220576417512,0.5356773028266332,27
historical80,endpoint_log_sd,active_minus_baseline,8,2,10,strong_fixed_support,cook_struct,flow,4503,838,0.18609815678436598,0.5069492424957753,0.18986716000746245,0.49896690004999866,57
historical80,endpoint_log_sd,active_minus_baseline,8,2,10,strong_fixed_support,cook_chem,flow,4503,746,0.16566733288918498,0.5058593039195468,0.16843262279040597,0.49250550617937,57
historical80,endpoint_log_sd,active_minus_baseline,8,2,10,strong_fixed_support,cook_gap,flow,4503,231,0.051299133910726186,0.511529824732072,0.057888249260334215,0.4885895749827219,47
historical80,endpoint_log_sd,active_minus_baseline,8,4,12,all_common,randi_wild_type,flow,1646,273,0.16585662211421628,0.5769430860472375,0.22497388945402186,0.5400498773295456,44
historical80,endpoint_log_sd,active_minus_baseline,8,4,12,all_common,cook_struct,flow,6320,1267,0.2004746835443038,0.5185802396725726,0.21563212544535326,0.5042020325376407,80
historical80,endpoint_log_sd,active_minus_baseline,8,4,12,all_common,cook_chem,flow,6320,1145,0.18117088607594936,0.518267282661435,0.19491332523548408,0.5014733736329138,80
historical80,endpoint_log_sd,active_minus_baseline,8,4,12,all_common,cook_gap,flow,6320,321,0.05079113924050633,0.5224744103248776,0.05705614862454376,0.5199144082057925,66
historical80,endpoint_log_sd,active_minus_baseline,8,4,12,strong_fixed_support,randi_wild_type,flow,1051,139,0.13225499524262607,0.5695285876561909,0.16428075187752994,0.5264902937047262,27
historical80,endpoint_log_sd,active_minus_baseline,8,4,12,strong_fixed_support,cook_struct,flow,4503,838,0.18609815678436598,0.5105721737261784,0.19217208913257766,0.500963308566568,57
historical80,endpoint_log_sd,active_minus_baseline,8,4,12,strong_fixed_support,cook_chem,flow,4503,746,0.16566733288918498,0.5119865616354387,0.17034629680452942,0.4999531323037208,57
historical80,endpoint_log_sd,active_minus_baseline,8,4,12,strong_fixed_support,cook_gap,flow,4503,231,0.051299133910726186,0.5243709162248488,0.059539076443552705,0.5230809204207268,47
historical80,endpoint_log_sd,active_minus_baseline,8,8,16,all_common,randi_wild_type,flow,1646,273,0.16585662211421628,0.538080031160876,0.19894180408932988,0.5007872308458671,44
historical80,endpoint_log_sd,active_minus_baseline,8,8,16,all_common,cook_struct,flow,6320,1267,0.2004746835443038,0.5230081264874883,0.21638009805892433,0.5071858111486327,80
historical80,endpoint_log_sd,active_minus_baseline,8,8,16,all_common,cook_chem,flow,6320,1145,0.18117088607594936,0.519126975085965,0.19430929836374333,0.5007450776809732,80
historical80,endpoint_log_sd,active_minus_baseline,8,8,16,all_common,cook_gap,flow,6320,321,0.05079113924050633,0.518792592119455,0.05708881876011896,0.49753020317303187,66
historical80,endpoint_log_sd,active_minus_baseline,8,8,16,strong_fixed_support,randi_wild_type,flow,1051,139,0.13225499524262607,0.5118484160040389,0.14150689167516162,0.488294348888107,27
historical80,endpoint_log_sd,active_minus_baseline,8,8,16,strong_fixed_support,cook_struct,flow,4503,838,0.18609815678436598,0.5166348123089146,0.19276859222982098,0.5082654224856029,57
historical80,endpoint_log_sd,active_minus_baseline,8,8,16,strong_fixed_support,cook_chem,flow,4503,746,0.16566733288918498,0.5122898382358293,0.17068674400430045,0.5028645920833459,57
historical80,endpoint_log_sd,active_minus_baseline,8,8,16,strong_fixed_support,cook_gap,flow,4503,231,0.051299133910726186,0.5241358204841351,0.05664100922432782,0.5146860322738775,47
historical80,endpoint_log_sd,active_minus_baseline,8,16,24,all_common,randi_wild_type,flow,1646,273,0.16585662211421628,0.5238948960726091,0.19076374544576766,0.4699198775386508,44
historical80,endpoint_log_sd,active_minus_baseline,8,16,24,all_common,cook_struct,flow,6320,1267,0.2004746835443038,0.52892660607349,0.22078100952748303,0.5111935287674771,80
historical80,endpoint_log_sd,active_minus_baseline,8,16,24,all_common,cook_chem,flow,6320,1145,0.18117088607594936,0.5279189924688311,0.20049510344000937,0.5082832381625848,80
historical80,endpoint_log_sd,active_minus_baseline,8,16,24,all_common,cook_gap,flow,6320,321,0.05079113924050633,0.5122424350060419,0.0538462777222282,0.5232249415133903,66
historical80,endpoint_log_sd,active_minus_baseline,8,16,24,strong_fixed_support,randi_wild_type,flow,1051,139,0.13225499524262607,0.49631610501072826,0.1355634648174126,0.447518086234541,27
historical80,endpoint_log_sd,active_minus_baseline,8,16,24,strong_fixed_support,cook_struct,flow,4503,838,0.18609815678436598,0.5195837552543411,0.19118951994134908,0.5102384817390699,57
historical80,endpoint_log_sd,active_minus_baseline,8,16,24,strong_fixed_support,cook_chem,flow,4503,746,0.16566733288918498,0.5179382757191044,0.17049344255385507,0.5079181198966527,57
historical80,endpoint_log_sd,active_minus_baseline,8,16,24,strong_fixed_support,cook_gap,flow,4503,231,0.051299133910726186,0.517589113445855,0.053178760077807474,0.5236192649893432,47
historical80,endpoint_log_sd,active_minus_baseline,8,32,40,all_common,randi_wild_type,flow,1646,273,0.16585662211421628,0.5383574910159031,0.20886430337940415,0.47531603974979436,44
historical80,endpoint_log_sd,active_minus_baseline,8,32,40,all_common,cook_struct,flow,6320,1267,0.2004746835443038,0.5149475543454067,0.2142704760696855,0.49446315640102084,80
historical80,endpoint_log_sd,active_minus_baseline,8,32,40,all_common,cook_chem,flow,6320,1145,0.18117088607594936,0.5162690968926018,0.1944777375209825,0.492645405549878,80
historical80,endpoint_log_sd,active_minus_baseline,8,32,40,all_common,cook_gap,flow,6320,321,0.05079113924050633,0.5057094147051507,0.05340057274349001,0.4916535214615394,66
historical80,endpoint_log_sd,active_minus_baseline,8,32,40,strong_fixed_support,randi_wild_type,flow,1051,139,0.13225499524262607,0.48787548908241835,0.13616134494923948,0.44946955652488446,27
historical80,endpoint_log_sd,active_minus_baseline,8,32,40,strong_fixed_support,cook_struct,flow,4503,838,0.18609815678436598,0.49663559374460725,0.1830664266785914,0.4852110868738758,57
historical80,endpoint_log_sd,active_minus_baseline,8,32,40,strong_fixed_support,cook_chem,flow,4503,746,0.16566733288918498,0.49553862281025374,0.16180069488126883,0.48231744709837326,57
historical80,endpoint_log_sd,active_minus_baseline,8,32,40,strong_fixed_support,cook_gap,flow,4503,231,0.051299133910726186,0.5015362290643189,0.05222148605213386,0.4904052304714315,47
historical80,endpoint_log_sd,active_minus_baseline,16,1,17,all_common,randi_wild_type,flow,1646,273,0.16585662211421628,0.5421805676721918,0.20358716358180118,0.49957800625329923,44
historical80,endpoint_log_sd,active_minus_baseline,16,1,17,all_common,cook_struct,flow,6320,1267,0.2004746835443038,0.5053599954140413,0.21520673731513984,0.4930597212695719,80
historical80,endpoint_log_sd,active_minus_baseline,16,1,17,all_common,cook_chem,flow,6320,1145,0.18117088607594936,0.5144943568972428,0.19465508764045522,0.5004405334836817,80
historical80,endpoint_log_sd,active_minus_baseline,16,1,17,all_common,cook_gap,flow,6320,321,0.05079113924050633,0.4860347960381767,0.06952399265278736,0.4795083665903632,66
historical80,endpoint_log_sd,active_minus_baseline,16,1,17,strong_fixed_support,randi_wild_type,flow,1051,139,0.13225499524262607,0.5263394547519878,0.16657999942298873,0.490601583169421,27
historical80,endpoint_log_sd,active_minus_baseline,16,1,17,strong_fixed_support,cook_struct,flow,4503,838,0.18609815678436598,0.5012235980555275,0.18783667395673181,0.4962246513131728,57
historical80,endpoint_log_sd,active_minus_baseline,16,1,17,strong_fixed_support,cook_chem,flow,4503,746,0.16566733288918498,0.5179104456310687,0.17339965736129806,0.5099202733004902,57
historical80,endpoint_log_sd,active_minus_baseline,16,1,17,strong_fixed_support,cook_gap,flow,4503,231,0.051299133910726186,0.46107848144364993,0.04779059699176763,0.45105678216355927,47
historical80,endpoint_log_sd,active_minus_baseline,16,2,18,all_common,randi_wild_type,flow,1646,273,0.16585662211421628,0.546617257469406,0.20179368279352156,0.5066785795169324,44
historical80,endpoint_log_sd,active_minus_baseline,16,2,18,all_common,cook_struct,flow,6320,1267,0.2004746835443038,0.5046952188412925,0.21667317263601193,0.48630890255905007,80
historical80,endpoint_log_sd,active_minus_baseline,16,2,18,all_common,cook_chem,flow,6320,1145,0.18117088607594936,0.5131141910849524,0.19638303005068997,0.48801776388850887,80
historical80,endpoint_log_sd,active_minus_baseline,16,2,18,all_common,cook_gap,flow,6320,321,0.05079113924050633,0.4815283336423153,0.06710468274871388,0.47082678831419217,66
historical80,endpoint_log_sd,active_minus_baseline,16,2,18,strong_fixed_support,randi_wild_type,flow,1051,139,0.13225499524262607,0.5226318944844124,0.1645405175178955,0.49471972550016236,27
historical80,endpoint_log_sd,active_minus_baseline,16,2,18,strong_fixed_support,cook_struct,flow,4503,838,0.18609815678436598,0.49325751236459187,0.18670596575491621,0.4842097677364465,57
historical80,endpoint_log_sd,active_minus_baseline,16,2,18,strong_fixed_support,cook_chem,flow,4503,746,0.16566733288918498,0.5062967358161101,0.17158636124128623,0.4886282087438696,57
historical80,endpoint_log_sd,active_minus_baseline,16,2,18,strong_fixed_support,cook_gap,flow,4503,231,0.051299133910726186,0.45749732477260563,0.0463419731734054,0.44491589525505987,47
historical80,endpoint_log_sd,active_minus_baseline,16,4,20,all_common,randi_wild_type,flow,1646,273,0.16585662211421628,0.5327309253019377,0.19910349512432746,0.5055184388901346,44
historical80,endpoint_log_sd,active_minus_baseline,16,4,20,all_common,cook_struct,flow,6320,1267,0.2004746835443038,0.5033626979432382,0.213753856627125,0.48132729118694995,80
historical80,endpoint_log_sd,active_minus_baseline,16,4,20,all_common,cook_chem,flow,6320,1145,0.18117088607594936,0.5096018395460202,0.1942191205435806,0.47908002456844445,80
historical80,endpoint_log_sd,active_minus_baseline,16,4,20,all_common,cook_gap,flow,6320,321,0.05079113924050633,0.4810131906719656,0.060221713946084776,0.4663011080005674,66
historical80,endpoint_log_sd,active_minus_baseline,16,4,20,strong_fixed_support,randi_wild_type,flow,1051,139,0.13225499524262607,0.516037170263789,0.16717467861814747,0.505841884352222,27
historical80,endpoint_log_sd,active_minus_baseline,16,4,20,strong_fixed_support,cook_struct,flow,4503,838,0.18609815678436598,0.4842078358464088,0.18235970063320306,0.4737802419601344,57
historical80,endpoint_log_sd,active_minus_baseline,16,4,20,strong_fixed_support,cook_chem,flow,4503,746,0.16566733288918498,0.49502947491759797,0.16665358024981636,0.47366604923770544,57
historical80,endpoint_log_sd,active_minus_baseline,16,4,20,strong_fixed_support,cook_gap,flow,4503,231,0.051299133910726186,0.45762500608006224,0.046086984889951874,0.45094290485559646,47
historical80,endpoint_log_sd,active_minus_baseline,16,8,24,all_common,randi_wild_type,flow,1646,273,0.16585662211421628,0.5218966515397688,0.1973146360835823,0.4878292557973927,44
historical80,endpoint_log_sd,active_minus_baseline,16,8,24,all_common,cook_struct,flow,6320,1267,0.2004746835443038,0.5031171554685292,0.20918664056299274,0.4760680519198127,80
historical80,endpoint_log_sd,active_minus_baseline,16,8,24,all_common,cook_chem,flow,6320,1145,0.18117088607594936,0.5097761745037234,0.19155604595652242,0.4718420083668032,80
historical80,endpoint_log_sd,active_minus_baseline,16,8,24,all_common,cook_gap,flow,6320,321,0.05079113924050633,0.4782313147726074,0.05182460179117716,0.44262385505462565,66
historical80,endpoint_log_sd,active_minus_baseline,16,8,24,strong_fixed_support,randi_wild_type,flow,1051,139,0.13225499524262607,0.4958980184273635,0.14575695195774796,0.47742664268795365,27
historical80,endpoint_log_sd,active_minus_baseline,16,8,24,strong_fixed_support,cook_struct,flow,4503,838,0.18609815678436598,0.49042708716589556,0.1807254916218373,0.4760656377036454,57
historical80,endpoint_log_sd,active_minus_baseline,16,8,24,strong_fixed_support,cook_chem,flow,4503,746,0.16566733288918498,0.49943947348327805,0.16521113171769966,0.4703810868510093,57
historical80,endpoint_log_sd,active_minus_baseline,16,8,24,strong_fixed_support,cook_gap,flow,4503,231,0.051299133910726186,0.46257215007215,0.04561706573721913,0.4397350524835618,47
historical80,endpoint_log_sd,active_minus_baseline,16,16,32,all_common,randi_wild_type,flow,1646,273,0.16585662211421628,0.5216165238015202,0.1844919098202787,0.49691074758209647,44
historical80,endpoint_log_sd,active_minus_baseline,16,16,32,all_common,cook_struct,flow,6320,1267,0.2004746835443038,0.5030020379088216,0.2141096339459601,0.47637888707575293,80
historical80,endpoint_log_sd,active_minus_baseline,16,16,32,all_common,cook_chem,flow,6320,1145,0.18117088607594936,0.50345303039892,0.19422547108561936,0.47795554333988244,80
historical80,endpoint_log_sd,active_minus_baseline,16,16,32,all_common,cook_gap,flow,6320,321,0.05079113924050633,0.4916655371949323,0.05535324999287842,0.45109896304192737,66
historical80,endpoint_log_sd,active_minus_baseline,16,16,32,strong_fixed_support,randi_wild_type,flow,1051,139,0.13225499524262607,0.510057743279061,0.13999895844738774,0.5002809740758087,27
historical80,endpoint_log_sd,active_minus_baseline,16,16,32,strong_fixed_support,cook_struct,flow,4503,838,0.18609815678436598,0.48686894997834773,0.18304839665667008,0.4699581643283623,57
historical80,endpoint_log_sd,active_minus_baseline,16,16,32,strong_fixed_support,cook_chem,flow,4503,746,0.16566733288918498,0.4933193516873954,0.1671058935239047,0.47737353841712854,57
historical80,endpoint_log_sd,active_minus_baseline,16,16,32,strong_fixed_support,cook_gap,flow,4503,231,0.051299133910726186,0.46838772962368463,0.046438541813368366,0.4348745440550417,47
historical80,endpoint_log_sd,active_minus_baseline,16,32,48,all_common,randi_wild_type,flow,1646,273,0.16585662211421628,0.5098298157293059,0.17439597418703803,0.488565983820126,44
historical80,endpoint_log_sd,active_minus_baseline,16,32,48,all_common,cook_struct,flow,6320,1267,0.2004746835443038,0.5240515258074981,0.22306990817674405,0.5088903372512256,80
historical80,endpoint_log_sd,active_minus_baseline,16,32,48,all_common,cook_chem,flow,6320,1145,0.18117088607594936,0.526329557201021,0.20038435021868387,0.5086726947019214,80
historical80,endpoint_log_sd,active_minus_baseline,16,32,48,all_common,cook_gap,flow,6320,321,0.05079113924050633,0.5081739999241826,0.059880971820017725,0.4920664450999729,66
historical80,endpoint_log_sd,active_minus_baseline,16,32,48,strong_fixed_support,randi_wild_type,flow,1051,139,0.13225499524262607,0.5062791871765745,0.14185680406935325,0.4908129355401033,27
historical80,endpoint_log_sd,active_minus_baseline,16,32,48,strong_fixed_support,cook_struct,flow,4503,838,0.18609815678436598,0.5051786394553393,0.19091836621976432,0.5037172762230058,57
historical80,endpoint_log_sd,active_minus_baseline,16,32,48,strong_fixed_support,cook_chem,flow,4503,746,0.16566733288918498,0.5156208856961197,0.17326766160599447,0.5091962154225529,57
historical80,endpoint_log_sd,active_minus_baseline,16,32,48,strong_fixed_support,cook_gap,flow,4503,231,0.051299133910726186,0.4817202928157984,0.05041130364516207,0.47107558525271287,47
historical80,endpoint_wasserstein1,state_average,1,1,2,all_common,randi_wild_type,flow,1646,273,0.16585662211421628,0.659575433064144,0.2556819557211008,0.5975498923208735,44
historical80,endpoint_wasserstein1,state_average,1,1,2,all_common,cook_struct,flow,6320,1267,0.2004746835443038,0.5899900674007845,0.2600446868859184,0.574089996732669,80
historical80,endpoint_wasserstein1,state_average,1,1,2,all_common,cook_chem,flow,6320,1145,0.18117088607594936,0.5930906482712064,0.23538561407534933,0.5635474829307693,80
historical80,endpoint_wasserstein1,state_average,1,1,2,all_common,cook_gap,flow,6320,321,0.05079113924050633,0.5950597165986646,0.07562033225100724,0.6588266188892596,66
historical80,endpoint_wasserstein1,state_average,1,1,2,strong_fixed_support,randi_wild_type,flow,1051,139,0.13225499524262607,0.6475135680928941,0.23400723065031095,0.5530930466084311,27
historical80,endpoint_wasserstein1,state_average,1,1,2,strong_fixed_support,cook_struct,flow,4503,838,0.18609815678436598,0.5774526498809939,0.23676923171380485,0.5724567931707748,57
historical80,endpoint_wasserstein1,state_average,1,1,2,strong_fixed_support,cook_chem,flow,4503,746,0.16566733288918498,0.5794848722063765,0.21167194228382785,0.561034582902393,57
historical80,endpoint_wasserstein1,state_average,1,1,2,strong_fixed_support,cook_gap,flow,4503,231,0.051299133910726186,0.6117039171814453,0.08747722602661796,0.6689354283977829,47
historical80,endpoint_wasserstein1,state_average,1,2,3,all_common,randi_wild_type,flow,1646,273,0.16585662211421628,0.6623980535124017,0.25954997071379615,0.6007489707637275,44
historical80,endpoint_wasserstein1,state_average,1,2,3,all_common,cook_struct,flow,6320,1267,0.2004746835443038,0.5912848666018655,0.2629064580911484,0.5743626263347006,80
historical80,endpoint_wasserstein1,state_average,1,2,3,all_common,cook_chem,flow,6320,1145,0.18117088607594936,0.5941618884880704,0.237534480468068,0.5630660849758202,80
historical80,endpoint_wasserstein1,state_average,1,2,3,all_common,cook_gap,flow,6320,321,0.05079113924050633,0.5965386754490234,0.07715654412684869,0.6593893373185804,66
historical80,endpoint_wasserstein1,state_average,1,2,3,strong_fixed_support,randi_wild_type,flow,1051,139,0.13225499524262607,0.6503691783415373,0.24239534082335523,0.5586124640771365,27
historical80,endpoint_wasserstein1,state_average,1,2,3,strong_fixed_support,cook_struct,flow,4503,838,0.18609815678436598,0.5781885018249779,0.24127858185650386,0.5705880397345333,57
historical80,endpoint_wasserstein1,state_average,1,2,3,strong_fixed_support,cook_chem,flow,4503,746,0.16566733288918498,0.5798445225748398,0.214968377943728,0.5582347721520581,57
historical80,endpoint_wasserstein1,state_average,1,2,3,strong_fixed_support,cook_gap,flow,4503,231,0.051299133910726186,0.6131813723105859,0.09198773948299548,0.6682163366145271,47
historical80,endpoint_wasserstein1,state_average,1,4,5,all_common,randi_wild_type,flow,1646,273,0.16585662211421628,0.6643349367311494,0.2608679915954662,0.6038086725355312,44
historical80,endpoint_wasserstein1,state_average,1,4,5,all_common,cook_struct,flow,6320,1267,0.2004746835443038,0.5926700260584294,0.26650593596171984,0.5738585593284613,80
historical80,endpoint_wasserstein1,state_average,1,4,5,all_common,cook_chem,flow,6320,1145,0.18117088607594936,0.5953106765394596,0.2403335008421828,0.5631450589492282,80
historical80,endpoint_wasserstein1,state_average,1,4,5,all_common,cook_gap,flow,6320,321,0.05079113924050633,0.5964784369565228,0.07948417770093971,0.6629838052399455,66
historical80,endpoint_wasserstein1,state_average,1,4,5,strong_fixed_support,randi_wild_type,flow,1051,139,0.13225499524262607,0.6546210400100972,0.2554840350910754,0.5633049091860827,27
historical80,endpoint_wasserstein1,state_average,1,4,5,strong_fixed_support,cook_struct,flow,4503,838,0.18609815678436598,0.579143806959336,0.24652879806435998,0.5687799521863874,57
historical80,endpoint_wasserstein1,state_average,1,4,5,strong_fixed_support,cook_chem,flow,4503,746,0.16566733288918498,0.5803750782275231,0.2185429778517694,0.5575642916358285,57
historical80,endpoint_wasserstein1,state_average,1,4,5,strong_fixed_support,cook_gap,flow,4503,231,0.051299133910726186,0.6126230199263908,0.097377569313188,0.6683323750833164,47
historical80,endpoint_wasserstein1,state_average,1,8,9,all_common,randi_wild_type,flow,1646,273,0.16585662211421628,0.6677071411230188,0.26103783094147964,0.609046286447854,44
historical80,endpoint_wasserstein1,state_average,1,8,9,all_common,cook_struct,flow,6320,1267,0.2004746835443038,0.59154634122188,0.268630074488529,0.5653874532122416,80
historical80,endpoint_wasserstein1,state_average,1,8,9,all_common,cook_chem,flow,6320,1145,0.18117088607594936,0.5936343269413328,0.24168159353955235,0.551819201376331,80
historical80,endpoint_wasserstein1,state_average,1,8,9,all_common,cook_gap,flow,6320,321,0.05079113924050633,0.5921407461991328,0.08083237800463636,0.6465179925595916,66
historical80,endpoint_wasserstein1,state_average,1,8,9,strong_fixed_support,randi_wild_type,flow,1051,139,0.13225499524262607,0.6604426984728007,0.2585922998195655,0.5608563311284274,27
historical80,endpoint_wasserstein1,state_average,1,8,9,strong_fixed_support,cook_struct,flow,4503,838,0.18609815678436598,0.5749471716911896,0.24568861966575622,0.555328644370339,57
historical80,endpoint_wasserstein1,state_average,1,8,9,strong_fixed_support,cook_chem,flow,4503,746,0.16566733288918498,0.5752454221289162,0.21696148188917802,0.5404620637963238,57
historical80,endpoint_wasserstein1,state_average,1,8,9,strong_fixed_support,cook_gap,flow,4503,231,0.051299133910726186,0.6039396776756327,0.09659458005597676,0.6468176462452866,47
historical80,endpoint_wasserstein1,state_average,1,16,17,all_common,randi_wild_type,flow,1646,273,0.16585662211421628,0.6620672359929461,0.2564347536518456,0.6046398062409897,44
historical80,endpoint_wasserstein1,state_average,1,16,17,all_common,cook_struct,flow,6320,1267,0.2004746835443038,0.5866189347923847,0.2709337535015508,0.5452083820409345,80
historical80,endpoint_wasserstein1,state_average,1,16,17,all_common,cook_chem,flow,6320,1145,0.18117088607594936,0.589302786743455,0.24318970767395628,0.5298056289583085,80
historical80,endpoint_wasserstein1,state_average,1,16,17,all_common,cook_gap,flow,6320,321,0.05079113924050633,0.5785616398163972,0.08416516389622958,0.6257871157142082,66
historical80,endpoint_wasserstein1,state_average,1,16,17,strong_fixed_support,randi_wild_type,flow,1051,139,0.13225499524262607,0.6567824687618327,0.23391132379744622,0.5668105236763955,27
historical80,endpoint_wasserstein1,state_average,1,16,17,strong_fixed_support,cook_struct,flow,4503,838,0.18609815678436598,0.566045316758214,0.2408689362706989,0.53074898299766,57
historical80,endpoint_wasserstein1,state_average,1,16,17,strong_fixed_support,cook_chem,flow,4503,746,0.16566733288918498,0.5673884174027963,0.2124001839716661,0.513817324202717,57
historical80,endpoint_wasserstein1,state_average,1,16,17,strong_fixed_support,cook_gap,flow,4503,231,0.051299133910726186,0.5800592198064108,0.0904677518345249,0.6154835080171022,47
historical80,endpoint_wasserstein1,state_average,1,32,33,all_common,randi_wild_type,flow,1646,273,0.16585662211421628,0.6515397688012401,0.2556682064051017,0.5826492454630112,44
historical80,endpoint_wasserstein1,state_average,1,32,33,all_common,cook_struct,flow,6320,1267,0.2004746835443038,0.5741855354551931,0.2715449733318839,0.5160035637626368,80
historical80,endpoint_wasserstein1,state_average,1,32,33,all_common,cook_chem,flow,6320,1145,0.18117088607594936,0.5784188342509968,0.2435978390017664,0.5015552843787969,80
historical80,endpoint_wasserstein1,state_average,1,32,33,all_common,cook_gap,flow,6320,321,0.05079113924050633,0.5536914511712492,0.09006115660605711,0.5663688143470986,66
historical80,endpoint_wasserstein1,state_average,1,32,33,strong_fixed_support,randi_wild_type,flow,1051,139,0.13225499524262607,0.6457938912028273,0.2130662954798436,0.5542108988184328,27
historical80,endpoint_wasserstein1,state_average,1,32,33,strong_fixed_support,cook_struct,flow,4503,838,0.18609815678436598,0.5480810869770485,0.22987012616431687,0.4989280576833986,57
historical80,endpoint_wasserstein1,state_average,1,32,33,strong_fixed_support,cook_chem,flow,4503,746,0.16566733288918498,0.5519812525109519,0.20321781611872944,0.4825379861379792,57
historical80,endpoint_wasserstein1,state_average,1,32,33,strong_fixed_support,cook_gap,flow,4503,231,0.051299133910726186,0.5401304376023477,0.08519982175762161,0.5443229319716699,47
historical80,endpoint_wasserstein1,state_average,4,1,5,all_common,randi_wild_type,flow,1646,273,0.16585662211421628,0.664583049870741,0.2638629642655049,0.6146939416563254,44
historical80,endpoint_wasserstein1,state_average,4,1,5,all_common,cook_struct,flow,6320,1267,0.2004746835443038,0.5878713263714024,0.2625296145510285,0.5701645971898656,80
historical80,endpoint_wasserstein1,state_average,4,1,5,all_common,cook_chem,flow,6320,1145,0.18117088607594936,0.5909124738940573,0.23709338840481062,0.5600652020590499,80
historical80,endpoint_wasserstein1,state_average,4,1,5,all_common,cook_gap,flow,6320,321,0.05079113924050633,0.5933392844809545,0.07710370001466138,0.6622812260919284,66
historical80,endpoint_wasserstein1,state_average,4,1,5,strong_fixed_support,randi_wild_type,flow,1051,139,0.13225499524262607,0.6510475829862425,0.24980902102341454,0.5706791880116105,27
historical80,endpoint_wasserstein1,state_average,4,1,5,strong_fixed_support,cook_struct,flow,4503,838,0.18609815678436598,0.5720223230129555,0.23839308751416305,0.5623008201854625,57
historical80,endpoint_wasserstein1,state_average,4,1,5,strong_fixed_support,cook_chem,flow,4503,746,0.16566733288918498,0.5741896627635563,0.2114053796384942,0.5520636990914518,57
historical80,endpoint_wasserstein1,state_average,4,1,5,strong_fixed_support,cook_gap,flow,4503,231,0.051299133910726186,0.6086871929568559,0.09172964752119596,0.6665384618626934,47
historical80,endpoint_wasserstein1,state_average,4,2,6,all_common,randi_wild_type,flow,1646,273,0.16585662211421628,0.6665892980532456,0.26593346831143166,0.6160271287617038,44
historical80,endpoint_wasserstein1,state_average,4,2,6,all_common,cook_struct,flow,6320,1267,0.2004746835443038,0.5887733669512012,0.2640452735650163,0.5705138938931892,80
historical80,endpoint_wasserstein1,state_average,4,2,6,all_common,cook_chem,flow,6320,1145,0.18117088607594936,0.5915208742062739,0.23803546377900678,0.5590232588002346,80
historical80,endpoint_wasserstein1,state_average,4,2,6,all_common,cook_gap,flow,6320,321,0.05079113924050633,0.5934078317310413,0.07841866110653356,0.6658352429181422,66
historical80,endpoint_wasserstein1,state_average,4,2,6,strong_fixed_support,randi_wild_type,flow,1051,139,0.13225499524262607,0.6540294080525055,0.2566432362162673,0.5705009565728274,27
historical80,endpoint_wasserstein1,state_average,4,2,6,strong_fixed_support,cook_struct,flow,4503,838,0.18609815678436598,0.572516581088605,0.24014761634001255,0.5612906609966054,57
historical80,endpoint_wasserstein1,state_average,4,2,6,strong_fixed_support,cook_chem,flow,4503,746,0.16566733288918498,0.5742970583596946,0.2124969504940416,0.5496860245309271,57
historical80,endpoint_wasserstein1,state_average,4,2,6,strong_fixed_support,cook_gap,flow,4503,231,0.051299133910726186,0.6074904340353778,0.0936714262953099,0.6661553022194784,47
historical80,endpoint_wasserstein1,state_average,4,4,8,all_common,randi_wild_type,flow,1646,273,0.16585662211421628,0.6674937104653055,0.26417755897048356,0.6100201745124543,44
historical80,endpoint_wasserstein1,state_average,4,4,8,all_common,cook_struct,flow,6320,1267,0.2004746835443038,0.5888579478990733,0.2661238602934636,0.5674272561063558,80
historical80,endpoint_wasserstein1,state_average,4,4,8,all_common,cook_chem,flow,6320,1145,0.18117088607594936,0.5914591903466025,0.23960653870737697,0.5547403372902915,80
historical80,endpoint_wasserstein1,state_average,4,4,8,all_common,cook_gap,flow,6320,321,0.05079113924050633,0.5913184388467653,0.07938805629829163,0.6586268414477812,66
historical80,endpoint_wasserstein1,state_average,4,4,8,strong_fixed_support,randi_wild_type,flow,1051,139,0.13225499524262607,0.6570506752492744,0.2586911275693917,0.5699937945529957,27
historical80,endpoint_wasserstein1,state_average,4,4,8,strong_fixed_support,cook_struct,flow,4503,838,0.18609815678436598,0.5715954637658036,0.24129991091437492,0.5557283968818162,57
historical80,endpoint_wasserstein1,state_average,4,4,8,strong_fixed_support,cook_chem,flow,4503,746,0.16566733288918498,0.5731207019461795,0.2132998360846299,0.5425032137036879,57
historical80,endpoint_wasserstein1,state_average,4,4,8,strong_fixed_support,cook_gap,flow,4503,231,0.051299133910726186,0.6030226016181073,0.0935355145966875,0.6560326286220745,47
historical80,endpoint_wasserstein1,state_average,4,8,12,all_common,randi_wild_type,flow,1646,273,0.16585662211421628,0.6663678637458681,0.26175721546902797,0.6097578145898833,44
historical80,endpoint_wasserstein1,state_average,4,8,12,all_common,cook_struct,flow,6320,1267,0.2004746835443038,0.5877323105937364,0.2685029542000523,0.5576710691099931,80
historical80,endpoint_wasserstein1,state_average,4,8,12,all_common,cook_chem,flow,6320,1145,0.18117088607594936,0.5902347108832775,0.24139132126597412,0.5438719651100471,80
historical80,endpoint_wasserstein1,state_average,4,8,12,all_common,cook_gap,flow,6320,321,0.05079113924050633,0.5867374572813018,0.08131350456442488,0.6460719476828035,66
historical80,endpoint_wasserstein1,state_average,4,8,12,strong_fixed_support,randi_wild_type,flow,1051,139,0.13225499524262607,0.6579893979553199,0.250503134141682,0.5706652552589379,27
historical80,endpoint_wasserstein1,state_average,4,8,12,strong_fixed_support,cook_struct,flow,4503,838,0.18609815678436598,0.5686894997834773,0.24200578375164336,0.5432045069135488,57
historical80,endpoint_wasserstein1,state_average,4,8,12,strong_fixed_support,cook_chem,flow,4503,746,0.16566733288918498,0.5701286106863256,0.2130486590133837,0.5284050703623243,57
historical80,endpoint_wasserstein1,state_average,4,8,12,strong_fixed_support,cook_gap,flow,4503,231,0.051299133910726186,0.5938741346044718,0.09406722995107422,0.6381119017896637,47
historical80,endpoint_wasserstein1,state_average,4,16,20,all_common,randi_wild_type,flow,1646,273,0.16585662211421628,0.66096273233928,0.2592082053125872,0.6113520623496063,44
historical80,endpoint_wasserstein1,state_average,4,16,20,all_common,cook_struct,flow,6320,1267,0.2004746835443038,0.582391449373812,0.27087247138777604,0.5391763324121248,80
historical80,endpoint_wasserstein1,state_average,4,16,20,all_common,cook_chem,flow,6320,1145,0.18117088607594936,0.5854365335527287,0.24339030967084943,0.5230541674405458,80
historical80,endpoint_wasserstein1,state_average,4,16,20,all_common,cook_gap,flow,6320,321,0.05079113924050633,0.5731458877621867,0.08412875864089915,0.6180606318669728,66
historical80,endpoint_wasserstein1,state_average,4,16,20,strong_fixed_support,randi_wild_type,flow,1051,139,0.13225499524262607,0.6539426353653919,0.22420301410148488,0.5743289035823881,27
historical80,endpoint_wasserstein1,state_average,4,16,20,strong_fixed_support,cook_struct,flow,4503,838,0.18609815678436598,0.5599839805682991,0.23718079198071135,0.5238142444161729,57
historical80,endpoint_wasserstein1,state_average,4,16,20,strong_fixed_support,cook_chem,flow,4503,746,0.16566733288918498,0.5623790015563441,0.20835015408667584,0.5053826233857969,57
historical80,endpoint_wasserstein1,state_average,4,16,20,strong_fixed_support,cook_gap,flow,4503,231,0.051299133910726186,0.5701872253838547,0.0893128102837375,0.60457858839404,47
historical80,endpoint_wasserstein1,state_average,4,32,36,all_common,randi_wild_type,flow,1646,273,0.16585662211421628,0.6490959877704232,0.25786724660389326,0.5806181215748188,44
historical80,endpoint_wasserstein1,state_average,4,32,36,all_common,cook_struct,flow,6320,1267,0.2004746835443038,0.5708215879319309,0.2700777779669231,0.513094440016548,80
historical80,endpoint_wasserstein1,state_average,4,32,36,all_common,cook_chem,flow,6320,1145,0.18117088607594936,0.5754337911102673,0.2434618809449111,0.4988690370644571,80
historical80,endpoint_wasserstein1,state_average,4,32,36,all_common,cook_gap,flow,6320,321,0.05079113924050633,0.5501108959489094,0.08742662443357274,0.5567583335579017,66
historical80,endpoint_wasserstein1,state_average,4,32,36,strong_fixed_support,randi_wild_type,flow,1051,139,0.13225499524262607,0.6411318313770038,0.20715994651205077,0.5511674117194386,27
historical80,endpoint_wasserstein1,state_average,4,32,36,strong_fixed_support,cook_struct,flow,4503,838,0.18609815678436598,0.5433778209014511,0.2274383914823066,0.4955832872806642,57
historical80,endpoint_wasserstein1,state_average,4,32,36,strong_fixed_support,cook_chem,flow,4503,746,0.16566733288918498,0.5482056372340889,0.20095470530994936,0.4791806128708653,57
historical80,endpoint_wasserstein1,state_average,4,32,36,strong_fixed_support,cook_gap,flow,4503,231,0.051299133910726186,0.5336845582632099,0.08449398557973047,0.5333537745764283,47
historical80,endpoint_wasserstein1,state_average,8,1,9,all_common,randi_wild_type,flow,1646,273,0.16585662211421628,0.6700842250733001,0.2632701948329052,0.6184044887508224,44
historical80,endpoint_wasserstein1,state_average,8,1,9,all_common,cook_struct,flow,6320,1267,0.2004746835443038,0.5868411257403956,0.2653396944081545,0.5574849516069296,80
historical80,endpoint_wasserstein1,state_average,8,1,9,all_common,cook_chem,flow,6320,1145,0.18117088607594936,0.5884787882623462,0.23957610999201634,0.5445064627304476,80
historical80,endpoint_wasserstein1,state_average,8,1,9,all_common,cook_gap,flow,6320,321,0.05079113924050633,0.5924164930915277,0.07710608208176636,0.6436085064816814,66
historical80,endpoint_wasserstein1,state_average,8,1,9,strong_fixed_support,randi_wild_type,flow,1051,139,0.13225499524262607,0.6580682822163323,0.2504400313340549,0.5705565640989824,27
historical80,endpoint_wasserstein1,state_average,8,1,9,strong_fixed_support,cook_struct,flow,4503,838,0.18609815678436598,0.5659637544077857,0.2392661819859191,0.5449786571667591,57
historical80,endpoint_wasserstein1,state_average,8,1,9,strong_fixed_support,cook_chem,flow,4503,746,0.16566733288918498,0.5659678341269665,0.21010556452201956,0.5314132921014334,57
historical80,endpoint_wasserstein1,state_average,8,1,9,strong_fixed_support,cook_gap,flow,4503,231,0.051299133910726186,0.6014792791478185,0.09540272222379628,0.6364267718681285,47
historical80,endpoint_wasserstein1,state_average,8,2,10,all_common,randi_wild_type,flow,1646,273,0.16585662211421628,0.668947706820977,0.2623611995067526,0.6157997130680557,44
historical80,endpoint_wasserstein1,state_average,8,2,10,all_common,cook_struct,flow,6320,1267,0.2004746835443038,0.587417494526449,0.2667854571039992,0.556386766312744,80
historical80,endpoint_wasserstein1,state_average,8,2,10,all_common,cook_chem,flow,6320,1145,0.18117088607594936,0.5890625487838322,0.24068560661745483,0.5428683014002121,80
historical80,endpoint_wasserstein1,state_average,8,2,10,all_common,cook_gap,flow,6320,321,0.05079113924050633,0.5923552160043288,0.07805889910734523,0.6435206036476497,66
historical80,endpoint_wasserstein1,state_average,8,2,10,strong_fixed_support,randi_wild_type,flow,1051,139,0.13225499524262607,0.6573819891455257,0.2491404936494783,0.5665632242554204,27
historical80,endpoint_wasserstein1,state_average,8,2,10,strong_fixed_support,cook_struct,flow,4503,838,0.18609815678436598,0.5665574827351552,0.24127303870726838,0.543450551584992,57
historical80,endpoint_wasserstein1,state_average,8,2,10,strong_fixed_support,cook_chem,flow,4503,746,0.16566733288918498,0.5665531579657205,0.21151715158468518,0.5289119004690149,57
historical80,endpoint_wasserstein1,state_average,8,2,10,strong_fixed_support,cook_gap,flow,4503,231,0.051299133910726186,0.6007800719879371,0.09672576569657364,0.6355252459881008,47
historical80,endpoint_wasserstein1,state_average,8,4,12,all_common,randi_wild_type,flow,1646,273,0.16585662211421628,0.6667226922143163,0.26079387499564505,0.6090805719085861,44
historical80,endpoint_wasserstein1,state_average,8,4,12,all_common,cook_struct,flow,6320,1267,0.2004746835443038,0.5872480202356989,0.26890063270786985,0.5532315615759028,80
historical80,endpoint_wasserstein1,state_average,8,4,12,all_common,cook_chem,flow,6320,1145,0.18117088607594936,0.589115372444782,0.24264336821116417,0.5386076959291073,80
historical80,endpoint_wasserstein1,state_average,8,4,12,all_common,cook_gap,flow,6320,321,0.05079113924050633,0.5894614315262304,0.07926986166434895,0.6408557398793467,66
historical80,endpoint_wasserstein1,state_average,8,4,12,strong_fixed_support,randi_wild_type,flow,1051,139,0.13225499524262607,0.6557806386469772,0.24514798553736705,0.5677062589473807,27
historical80,endpoint_wasserstein1,state_average,8,4,12,strong_fixed_support,cook_struct,flow,4503,838,0.18609815678436598,0.5662056738743255,0.24202591773107668,0.5389523607873523,57
historical80,endpoint_wasserstein1,state_average,8,4,12,strong_fixed_support,cook_chem,flow,4503,746,0.16566733288918498,0.5665040985156573,0.21197151526227506,0.5225709998750064,57
historical80,endpoint_wasserstein1,state_average,8,4,12,strong_fixed_support,cook_gap,flow,4503,231,0.051299133910726186,0.5962357321205636,0.09635350562159148,0.6316433914123942,47
historical80,endpoint_wasserstein1,state_average,8,8,16,all_common,randi_wild_type,flow,1646,273,0.16585662211421628,0.6637773491378736,0.2581894831405233,0.6125668821992574,44
historical80,endpoint_wasserstein1,state_average,8,8,16,all_common,cook_struct,flow,6320,1267,0.2004746835443038,0.5846591247223003,0.2708291874065617,0.5435134642832125,80
historical80,endpoint_wasserstein1,state_average,8,8,16,all_common,cook_chem,flow,6320,1145,0.18117088607594936,0.5868440394067886,0.24441336351579526,0.5274847224829504,80
historical80,endpoint_wasserstein1,state_average,8,8,16,all_common,cook_gap,flow,6320,321,0.05079113924050633,0.5825233592930078,0.08086636349047782,0.6280608556465477,66
historical80,endpoint_wasserstein1,state_average,8,8,16,strong_fixed_support,randi_wild_type,flow,1051,139,0.13225499524262607,0.6540925154613151,0.23294008669445515,0.5754269214521651,27
historical80,endpoint_wasserstein1,state_average,8,8,16,strong_fixed_support,cook_struct,flow,4503,838,0.18609815678436598,0.561767281938742,0.23914948746548068,0.5270380996180102,57
historical80,endpoint_wasserstein1,state_average,8,8,16,strong_fixed_support,cook_chem,flow,4503,746,0.16566733288918498,0.562529569468538,0.2095087465395258,0.5087735555925416,57
historical80,endpoint_wasserstein1,state_average,8,8,16,strong_fixed_support,cook_gap,flow,4503,231,0.051299133910726186,0.5846324399695186,0.09264422948961773,0.6159278361148821,47
historical80,endpoint_wasserstein1,state_average,8,16,24,all_common,randi_wild_type,flow,1646,273,0.16585662211421628,0.6569715790400423,0.25474068436271924,0.5945221754310962,44
historical80,endpoint_wasserstein1,state_average,8,16,24,all_common,cook_struct,flow,6320,1267,0.2004746835443038,0.5789421399151629,0.2719195066776722,0.5275730977927178,80
historical80,endpoint_wasserstein1,state_average,8,16,24,all_common,cook_chem,flow,6320,1145,0.18117088607594936,0.5819729552981878,0.24525682217838024,0.5115678485087031,80
historical80,endpoint_wasserstein1,state_average,8,16,24,all_common,cook_gap,flow,6320,321,0.05079113924050633,0.5683896433413876,0.08402177823424016,0.59615076536085,66
historical80,endpoint_wasserstein1,state_average,8,16,24,strong_fixed_support,randi_wild_type,flow,1051,139,0.13225499524262607,0.6478685472674492,0.2135829825794444,0.565983970950876,27
historical80,endpoint_wasserstein1,state_average,8,16,24,strong_fixed_support,cook_struct,flow,4503,838,0.18609815678436598,0.5531613957743866,0.23438990004330668,0.5108429734221863,57
historical80,endpoint_wasserstein1,state_average,8,16,24,strong_fixed_support,cook_chem,flow,4503,746,0.16566733288918498,0.5552359456271438,0.20559209785315843,0.49233502331153955,57
historical80,endpoint_wasserstein1,state_average,8,16,24,strong_fixed_support,cook_gap,flow,4503,231,0.051299133910726186,0.5616903383757317,0.09084718898994706,0.5812918215721118,47
historical80,endpoint_wasserstein1,state_average,8,32,40,all_common,randi_wild_type,flow,1646,273,0.16585662211421628,0.6480768563798426,0.2563090100022032,0.5737811673770842,44
historical80,endpoint_wasserstein1,state_average,8,32,40,all_common,cook_struct,flow,6320,1267,0.2004746835443038,0.5685375118456282,0.2708930403621512,0.5073247027507968,80
historical80,endpoint_wasserstein1,state_average,8,32,40,all_common,cook_chem,flow,6320,1145,0.18117088607594936,0.5731689555513365,0.24546126360010836,0.4939392718912881,80
historical80,endpoint_wasserstein1,state_average,8,32,40,all_common,cook_gap,flow,6320,321,0.05079113924050633,0.5472459324736885,0.08645077186299611,0.5418788355923674,66
historical80,endpoint_wasserstein1,state_average,8,32,40,strong_fixed_support,randi_wild_type,flow,1051,139,0.13225499524262607,0.6395225924523539,0.20749112954340918,0.5441243722377433,27
historical80,endpoint_wasserstein1,state_average,8,32,40,strong_fixed_support,cook_struct,flow,4503,838,0.18609815678436598,0.538671624442006,0.22488973489492625,0.4871371557084508,57
historical80,endpoint_wasserstein1,state_average,8,32,40,strong_fixed_support,cook_chem,flow,4503,746,0.16566733288918498,0.5430948913235062,0.19872870926404806,0.4715389634677201,57
historical80,endpoint_wasserstein1,state_average,8,32,40,strong_fixed_support,cook_gap,flow,4503,231,0.051299133910726186,0.5293271803103263,0.0833749024790343,0.5171966088470432,47
historical80,endpoint_wasserstein1,state_average,16,1,17,all_common,randi_wild_type,flow,1646,273,0.16585662211421628,0.6638093637365305,0.2595278466869725,0.6034230107797623,44
historical80,endpoint_wasserstein1,state_average,16,1,17,all_common,cook_struct,flow,6320,1267,0.2004746835443038,0.5819958010987245,0.27151622128663355,0.5347654480962898,80
historical80,endpoint_wasserstein1,state_average,16,1,17,all_common,cook_chem,flow,6320,1145,0.18117088607594936,0.5835514207961522,0.24490114339489763,0.5178798468505637,80
historical80,endpoint_wasserstein1,state_average,16,1,17,all_common,cook_gap,flow,6320,321,0.05079113924050633,0.5779322514292361,0.0810222058423419,0.6130739386548147,66
historical80,endpoint_wasserstein1,state_average,16,1,17,strong_fixed_support,randi_wild_type,flow,1051,139,0.13225499524262607,0.6500851950018932,0.22455642272024925,0.5622521692517805,27
historical80,endpoint_wasserstein1,state_average,16,1,17,strong_fixed_support,cook_struct,flow,4503,838,0.18609815678436598,0.5545487697271813,0.2338688864513249,0.516965408283341,57
historical80,endpoint_wasserstein1,state_average,16,1,17,strong_fixed_support,cook_chem,flow,4503,746,0.16566733288918498,0.5545212832382234,0.20469690993478873,0.4978718272374143,57
historical80,endpoint_wasserstein1,state_average,16,1,17,strong_fixed_support,cook_gap,flow,4503,231,0.051299133910726186,0.5753795985537558,0.08851717268603389,0.5966511353635144,47
historical80,endpoint_wasserstein1,state_average,16,2,18,all_common,randi_wild_type,flow,1646,273,0.16585662211421628,0.6623767104466303,0.2594557936746929,0.6013544229175394,44
historical80,endpoint_wasserstein1,state_average,16,2,18,all_common,cook_struct,flow,6320,1267,0.2004746835443038,0.5826835387044136,0.272895269555841,0.5348545994880622,80
historical80,endpoint_wasserstein1,state_average,16,2,18,all_common,cook_chem,flow,6320,1145,0.18117088607594936,0.5844082442039533,0.24601554511666568,0.5179505821079224,80
historical80,endpoint_wasserstein1,state_average,16,2,18,all_common,cook_gap,flow,6320,321,0.05079113924050633,0.5773786804550498,0.08193862869401373,0.6110230338749921,66
historical80,endpoint_wasserstein1,state_average,16,2,18,strong_fixed_support,randi_wild_type,flow,1051,139,0.13225499524262607,0.6489413732172158,0.22267159111642346,0.5586548739060342,27
historical80,endpoint_wasserstein1,state_average,16,2,18,strong_fixed_support,cook_struct,flow,4503,838,0.18609815678436598,0.5557173416860126,0.23486517940635943,0.5167407331699709,57
historical80,endpoint_wasserstein1,state_average,16,2,18,strong_fixed_support,cook_chem,flow,4503,746,0.16566733288918498,0.5559766541240979,0.20535336594852752,0.4977258309791399,57
historical80,endpoint_wasserstein1,state_average,16,2,18,strong_fixed_support,cook_gap,flow,4503,231,0.051299133910726186,0.5744615091525204,0.08924218492544847,0.5937409120236552,47
historical80,endpoint_wasserstein1,state_average,16,4,20,all_common,randi_wild_type,flow,1646,273,0.16585662211421628,0.6602290644533908,0.2576242373952364,0.5994430197206891,44
historical80,endpoint_wasserstein1,state_average,16,4,20,all_common,cook_struct,flow,6320,1267,0.2004746835443038,0.5821246640386958,0.2740824158845474,0.532937401347968,80
historical80,endpoint_wasserstein1,state_average,16,4,20,all_common,cook_chem,flow,6320,1145,0.18117088607594936,0.5842872392042698,0.24687836107010183,0.515465818742815,80
historical80,endpoint_wasserstein1,state_average,16,4,20,all_common,cook_gap,flow,6320,321,0.05079113924050633,0.5742255069510547,0.08335702082440316,0.6081851998562328,66
historical80,endpoint_wasserstein1,state_average,16,4,20,strong_fixed_support,randi_wild_type,flow,1051,139,0.13225499524262607,0.6479395431023601,0.22037732077714672,0.5580137345726127,27
historical80,endpoint_wasserstein1,state_average,16,4,20,strong_fixed_support,cook_struct,flow,4503,838,0.18609815678436598,0.5552289443780586,0.23481097879822652,0.5142474203511207,57
historical80,endpoint_wasserstein1,state_average,16,4,20,strong_fixed_support,cook_chem,flow,4503,746,0.16566733288918498,0.5562314064684261,0.20540846547950625,0.49453485623555965,57
historical80,endpoint_wasserstein1,state_average,16,4,20,strong_fixed_support,cook_gap,flow,4503,231,0.051299133910726186,0.5692995362939183,0.08900380122631005,0.5898413617641806,47
historical80,endpoint_wasserstein1,state_average,16,8,24,all_common,randi_wild_type,flow,1646,273,0.16585662211421628,0.6571343199165487,0.25677235250977604,0.5883347728994448,44
historical80,endpoint_wasserstein1,state_average,16,8,24,all_common,cook_struct,flow,6320,1267,0.2004746835443038,0.5802224127484653,0.27447166880401486,0.5271566384094799,80
historical80,endpoint_wasserstein1,state_average,16,8,24,all_common,cook_chem,flow,6320,1145,0.18117088607594936,0.5829344978165939,0.24725368098648773,0.5104791647393488,80
historical80,endpoint_wasserstein1,state_average,16,8,24,all_common,cook_gap,flow,6320,321,0.05079113924050633,0.5681486893713854,0.08575295318480927,0.5920728243522437,66
historical80,endpoint_wasserstein1,state_average,16,8,24,strong_fixed_support,randi_wild_type,flow,1051,139,0.13225499524262607,0.6462198662122933,0.2149687562981774,0.5520177741256102,27
historical80,endpoint_wasserstein1,state_average,16,8,24,strong_fixed_support,cook_struct,flow,4503,838,0.18609815678436598,0.5524667320033732,0.23453132252821185,0.5086960612863364,57
historical80,endpoint_wasserstein1,state_average,16,8,24,strong_fixed_support,cook_chem,flow,4503,746,0.16566733288918498,0.5543063136479466,0.20549670593556085,0.48967082461347494,57
historical80,endpoint_wasserstein1,state_average,16,8,24,strong_fixed_support,cook_gap,flow,4503,231,0.051299133910726186,0.5592319665353372,0.0908531693654201,0.5745405604965135,47
historical80,endpoint_wasserstein1,state_average,16,16,32,all_common,randi_wild_type,flow,1646,273,0.16585662211421628,0.6514730717207047,0.25631327011549776,0.5837552486542502,44
historical80,endpoint_wasserstein1,state_average,16,16,32,all_common,cook_struct,flow,6320,1267,0.2004746835443038,0.5750453246104317,0.27433097559782227,0.5152550096627241,80
historical80,endpoint_wasserstein1,state_average,16,16,32,all_common,cook_chem,flow,6320,1145,0.18117088607594936,0.5786828681729005,0.24760209373817632,0.5003930106661428,80
historical80,endpoint_wasserstein1,state_average,16,16,32,all_common,cook_gap,flow,6320,321,0.05079113924050633,0.5572740835829855,0.08947216790345272,0.5639615369373617,66
historical80,endpoint_wasserstein1,state_average,16,16,32,strong_fixed_support,randi_wild_type,flow,1051,139,0.13225499524262607,0.641068723968194,0.20633510880113037,0.5500305945072678,27
historical80,endpoint_wasserstein1,state_average,16,16,32,strong_fixed_support,cook_struct,flow,4503,838,0.18609815678436598,0.5458035275309563,0.23046181254848971,0.4965285598058396,57
historical80,endpoint_wasserstein1,state_average,16,16,32,strong_fixed_support,cook_chem,flow,4503,746,0.16566733288918498,0.5491111854832552,0.20257780086659477,0.47966327808724624,57
historical80,endpoint_wasserstein1,state_average,16,16,32,strong_fixed_support,cook_gap,flow,4503,231,0.051299133910726186,0.5425077419459442,0.08790992783382325,0.5413767676621887,47
historical80,endpoint_wasserstein1,state_average,16,32,48,all_common,randi_wild_type,flow,1646,273,0.16585662211421628,0.6443818381181818,0.25732594534435005,0.5745030196499816,44
historical80,endpoint_wasserstein1,state_average,16,32,48,all_common,cook_struct,flow,6320,1267,0.2004746835443038,0.5672551303460353,0.27103855975210295,0.5017467839226446,80
historical80,endpoint_wasserstein1,state_average,16,32,48,all_common,cook_chem,flow,6320,1145,0.18117088607594936,0.5725774318081134,0.24542266949830055,0.4902548032274039,80
historical80,endpoint_wasserstein1,state_average,16,32,48,all_common,cook_gap,flow,6320,321,0.05079113924050633,0.5406721473308895,0.08584323650422807,0.5238840523256252,66
historical80,endpoint_wasserstein1,state_average,16,32,48,strong_fixed_support,randi_wild_type,flow,1051,139,0.13225499524262607,0.6334879464849172,0.20397076684668522,0.5454151020676681,27
historical80,endpoint_wasserstein1,state_average,16,32,48,strong_fixed_support,cook_struct,flow,4503,838,0.18609815678436598,0.5357083551755463,0.22325825835051655,0.48013019371713045,57
historical80,endpoint_wasserstein1,state_average,16,32,48,strong_fixed_support,cook_chem,flow,4503,746,0.16566733288918498,0.5414871685454354,0.19747620604739216,0.46720474361553793,57
historical80,endpoint_wasserstein1,state_average,16,32,48,strong_fixed_support,cook_gap,flow,4503,231,0.051299133910726186,0.5184246153347277,0.08006366775740653,0.49341808285748834,47
historical80,endpoint_wasserstein1,baseline,1,1,2,all_common,randi_wild_type,flow,1646,273,0.16585662211421628,0.6506193490898516,0.2542526388177951,0.6007804131731735,44
historical80,endpoint_wasserstein1,baseline,1,1,2,all_common,cook_struct,flow,6320,1267,0.2004746835443038,0.5816952771029611,0.2568676405078765,0.5697647377769416,80
historical80,endpoint_wasserstein1,baseline,1,1,2,all_common,cook_chem,flow,6320,1145,0.18117088607594936,0.5843058034301627,0.23289734874100068,0.5595764016914476,80
historical80,endpoint_wasserstein1,baseline,1,1,2,all_common,cook_gap,flow,6320,321,0.05079113924050633,0.5908071906065341,0.07409697892021858,0.6539501231160045,66
historical80,endpoint_wasserstein1,baseline,1,1,2,strong_fixed_support,randi_wild_type,flow,1051,139,0.13225499524262607,0.6233828726492491,0.21104522591459354,0.5528134954795125,27
historical80,endpoint_wasserstein1,baseline,1,1,2,strong_fixed_support,cook_struct,flow,4503,838,0.18609815678436598,0.557388311675626,0.2234877129259205,0.5658733774409088,57
historical80,endpoint_wasserstein1,baseline,1,1,2,strong_fixed_support,cook_chem,flow,4503,746,0.16566733288918498,0.5588067599997432,0.1993423300409076,0.5550678360007729,57
historical80,endpoint_wasserstein1,baseline,1,1,2,strong_fixed_support,cook_gap,flow,4503,231,0.051299133910726186,0.5940636298782366,0.08133044931775162,0.6621285102269638,47
historical80,endpoint_wasserstein1,baseline,1,2,3,all_common,randi_wild_type,flow,1646,273,0.16585662211421628,0.6522787724535721,0.2567559574482767,0.6054599341208428,44
historical80,endpoint_wasserstein1,baseline,1,2,3,all_common,cook_struct,flow,6320,1267,0.2004746835443038,0.5829876552427458,0.25960868308432045,0.5685256758869939,80
historical80,endpoint_wasserstein1,baseline,1,2,3,all_common,cook_chem,flow,6320,1145,0.18117088607594936,0.5854407526949771,0.23499820153763232,0.5579590880356307,80
historical80,endpoint_wasserstein1,baseline,1,2,3,all_common,cook_gap,flow,6320,321,0.05079113924050633,0.5917242697251203,0.07534257436242933,0.6566795154970406,66
historical80,endpoint_wasserstein1,baseline,1,2,3,strong_fixed_support,randi_wild_type,flow,1051,139,0.13225499524262607,0.6252682064874417,0.2189739716187103,0.5607872188802764,27
historical80,endpoint_wasserstein1,baseline,1,2,3,strong_fixed_support,cook_struct,flow,4503,838,0.18609815678436598,0.5582277038488964,0.22673153675486826,0.5625965193948685,57
historical80,endpoint_wasserstein1,baseline,1,2,3,strong_fixed_support,cook_chem,flow,4503,746,0.16566733288918498,0.5593801311724815,0.20153815454086166,0.5514220441900132,57
historical80,endpoint_wasserstein1,baseline,1,2,3,strong_fixed_support,cook_gap,flow,4503,231,0.051299133910726186,0.5946594759797008,0.08463527555359521,0.6631643814676447,47
historical80,endpoint_wasserstein1,baseline,1,4,5,all_common,randi_wild_type,flow,1646,273,0.16585662211421628,0.6540529147958135,0.25743272942603135,0.6109060843636906,44
historical80,endpoint_wasserstein1,baseline,1,4,5,all_common,cook_struct,flow,6320,1267,0.2004746835443038,0.5851630178669638,0.26339812545119046,0.5682036532118703,80
historical80,endpoint_wasserstein1,baseline,1,4,5,all_common,cook_chem,flow,6320,1145,0.18117088607594936,0.5872720291964644,0.23785985532122977,0.5582078142693784,80
historical80,endpoint_wasserstein1,baseline,1,4,5,all_common,cook_gap,flow,6320,321,0.05079113924050633,0.5921023181952964,0.07747086774663804,0.6546628929978769,66
historical80,endpoint_wasserstein1,baseline,1,4,5,strong_fixed_support,randi_wild_type,flow,1051,139,0.13225499524262607,0.627918717657453,0.226764426060037,0.5671547992044091,27
historical80,endpoint_wasserstein1,baseline,1,4,5,strong_fixed_support,cook_struct,flow,4503,838,0.18609815678436598,0.5596886629960895,0.23072395096778453,0.5604899627967205,57
historical80,endpoint_wasserstein1,baseline,1,4,5,strong_fixed_support,cook_chem,flow,4503,746,0.16566733288918498,0.5601547352894792,0.2037293572107532,0.5502787694600613,57
historical80,endpoint_wasserstein1,baseline,1,4,5,strong_fixed_support,cook_gap,flow,4503,231,0.051299133910726186,0.5951641211472672,0.08912406287286398,0.6596779523675746,47
historical80,endpoint_wasserstein1,baseline,1,8,9,all_common,randi_wild_type,flow,1646,273,0.16585662211421628,0.6565100352427373,0.2560203636179,0.6152463289291814,44
historical80,endpoint_wasserstein1,baseline,1,8,9,all_common,cook_struct,flow,6320,1267,0.2004746835443038,0.5845846185133716,0.26567199024662713,0.5614099108328265,80
historical80,endpoint_wasserstein1,baseline,1,8,9,all_common,cook_chem,flow,6320,1145,0.18117088607594936,0.5863461806214796,0.23948882460381668,0.548564882947467,80
historical80,endpoint_wasserstein1,baseline,1,8,9,all_common,cook_gap,flow,6320,321,0.05079113924050633,0.5876410346688103,0.0786632062496466,0.6414584649675312,66
historical80,endpoint_wasserstein1,baseline,1,8,9,strong_fixed_support,randi_wild_type,flow,1051,139,0.13225499524262607,0.6334090622239051,0.22482038902376833,0.5665825121392313,27
historical80,endpoint_wasserstein1,baseline,1,8,9,strong_fixed_support,cook_struct,flow,4503,838,0.18609815678436598,0.5582361694022342,0.22987926868298386,0.5505418386693792,57
historical80,endpoint_wasserstein1,baseline,1,8,9,strong_fixed_support,cook_chem,flow,4503,746,0.16566733288918498,0.5581830805909398,0.20235422476120435,0.5362169480354777,57
historical80,endpoint_wasserstein1,baseline,1,8,9,strong_fixed_support,cook_gap,flow,4503,231,0.051299133910726186,0.5874495354832432,0.08760907764165819,0.6464556723213944,47
historical80,endpoint_wasserstein1,baseline,1,16,17,all_common,randi_wild_type,flow,1646,273,0.16585662211421628,0.6488772213462672,0.24875636927296108,0.6034454240394166,44
historical80,endpoint_wasserstein1,baseline,1,16,17,all_common,cook_struct,flow,6320,1267,0.2004746835443038,0.5803300328280292,0.2679986110721304,0.5429808672152756,80
historical80,endpoint_wasserstein1,baseline,1,16,17,all_common,cook_chem,flow,6320,1145,0.18117088607594936,0.5827184777334768,0.24184050949155017,0.5276202729768164,80
historical80,endpoint_wasserstein1,baseline,1,16,17,all_common,cook_gap,flow,6320,321,0.05079113924050633,0.574024798525611,0.08004712456690877,0.6120325341392211,66
historical80,endpoint_wasserstein1,baseline,1,16,17,strong_fixed_support,randi_wild_type,flow,1051,139,0.13225499524262607,0.6284866843367412,0.2084926849739358,0.5649495526933028,27
historical80,endpoint_wasserstein1,baseline,1,16,17,strong_fixed_support,cook_struct,flow,4503,838,0.18609815678436598,0.5522049510463098,0.22659063073761784,0.5293216398109429,57
historical80,endpoint_wasserstein1,baseline,1,16,17,strong_fixed_support,cook_chem,flow,4503,746,0.16566733288918498,0.553165280038477,0.1991958882405001,0.5109474850468501,57
historical80,endpoint_wasserstein1,baseline,1,16,17,strong_fixed_support,cook_gap,flow,4503,231,0.051299133910726186,0.565381442839308,0.08370307660756185,0.6140325707573892,47
historical80,endpoint_wasserstein1,baseline,1,32,33,all_common,randi_wild_type,flow,1646,273,0.16585662211421628,0.638984710361258,0.250710671249738,0.5846485265378416,44
historical80,endpoint_wasserstein1,baseline,1,32,33,all_common,cook_struct,flow,6320,1267,0.2004746835443038,0.5690595239006391,0.26986940601888504,0.5166834916443189,80
historical80,endpoint_wasserstein1,baseline,1,32,33,all_common,cook_chem,flow,6320,1145,0.18117088607594936,0.573269202371158,0.24462845696695673,0.5039040791151218,80
historical80,endpoint_wasserstein1,baseline,1,32,33,all_common,cook_gap,flow,6320,321,0.05079113924050633,0.5485961055814599,0.0847141550816691,0.5564126102039875,66
historical80,endpoint_wasserstein1,baseline,1,32,33,strong_fixed_support,randi_wild_type,flow,1051,139,0.13225499524262607,0.6220339517859397,0.19589055919408804,0.5555232586110153,27
historical80,endpoint_wasserstein1,baseline,1,32,33,strong_fixed_support,cook_struct,flow,4503,838,0.18609815678436598,0.537676596326601,0.21982729654434474,0.5008008520693233,57
historical80,endpoint_wasserstein1,baseline,1,32,33,strong_fixed_support,cook_chem,flow,4503,746,0.16566733288918498,0.5413722802332874,0.1939477902274461,0.4857867445606729,57
historical80,endpoint_wasserstein1,baseline,1,32,33,strong_fixed_support,cook_gap,flow,4503,231,0.051299133910726186,0.5272244921121325,0.08009953131517,0.5393664505977681,47
historical80,endpoint_wasserstein1,baseline,4,1,5,all_common,randi_wild_type,flow,1646,273,0.16585662211421628,0.6516865023784179,0.25587836456769436,0.6039500866735751,44
historical80,endpoint_wasserstein1,baseline,4,1,5,all_common,cook_struct,flow,6320,1267,0.2004746835443038,0.5846952063454923,0.2610783831818989,0.5702606711642151,80
historical80,endpoint_wasserstein1,baseline,4,1,5,all_common,cook_chem,flow,6320,1145,0.18117088607594936,0.5864055861443369,0.23546541037995367,0.5595833793987989,80
historical80,endpoint_wasserstein1,baseline,4,1,5,all_common,cook_gap,flow,6320,321,0.05079113924050633,0.6007309629486535,0.07825824651745172,0.6653756097035312,66
historical80,endpoint_wasserstein1,baseline,4,1,5,strong_fixed_support,randi_wild_type,flow,1051,139,0.13225499524262607,0.6199356304430141,0.2165991439253033,0.5699950289072676,27
historical80,endpoint_wasserstein1,baseline,4,1,5,strong_fixed_support,cook_struct,flow,4503,838,0.18609815678436598,0.5604163749849411,0.22934826756265408,0.5646417185271987,57
historical80,endpoint_wasserstein1,baseline,4,1,5,strong_fixed_support,cook_chem,flow,4503,746,0.16566733288918498,0.5607345287902261,0.20277557374483923,0.5542388459194946,57
historical80,endpoint_wasserstein1,baseline,4,1,5,strong_fixed_support,cook_gap,flow,4503,231,0.051299133910726186,0.6069178948392432,0.08801657252547265,0.6669369629233577,47
historical80,endpoint_wasserstein1,baseline,4,2,6,all_common,randi_wild_type,flow,1646,273,0.16585662211421628,0.6547358929004959,0.2571213810598673,0.6122153334714077,44
historical80,endpoint_wasserstein1,baseline,4,2,6,all_common,cook_struct,flow,6320,1267,0.2004746835443038,0.5852431471860005,0.2621101450593701,0.569858081798027,80
historical80,endpoint_wasserstein1,baseline,4,2,6,all_common,cook_chem,flow,6320,1145,0.18117088607594936,0.5865611881104571,0.23594495160988394,0.5575334229294715,80
historical80,endpoint_wasserstein1,baseline,4,2,6,all_common,cook_gap,flow,6320,321,0.05079113924050633,0.600703959486498,0.07938443319672465,0.6673691664024954,66
historical80,endpoint_wasserstein1,baseline,4,2,6,strong_fixed_support,randi_wild_type,flow,1051,139,0.13225499524262607,0.6251025495393159,0.22070149081219814,0.5781463235979256,27
historical80,endpoint_wasserstein1,baseline,4,2,6,strong_fixed_support,cook_struct,flow,4503,838,0.18609815678436598,0.5613205612010667,0.23018796991469237,0.5638698727605505,57
historical80,endpoint_wasserstein1,baseline,4,2,6,strong_fixed_support,cook_chem,flow,4503,746,0.16566733288918498,0.5611409194347494,0.20321238450735846,0.5517377912970367,57
historical80,endpoint_wasserstein1,baseline,4,2,6,strong_fixed_support,cook_gap,flow,4503,231,0.051299133910726186,0.606510530667834,0.08863545667213447,0.6659585643680984,47
historical80,endpoint_wasserstein1,baseline,4,4,8,all_common,randi_wild_type,flow,1646,273,0.16585662211421628,0.6532765607783817,0.2533060716847301,0.6119493550042236,44
historical80,endpoint_wasserstein1,baseline,4,4,8,all_common,cook_struct,flow,6320,1267,0.2004746835443038,0.5858616892978625,0.2643066451924762,0.5670897571979652,80
historical80,endpoint_wasserstein1,baseline,4,4,8,all_common,cook_chem,flow,6320,1145,0.18117088607594936,0.5873901651794191,0.23806587630541934,0.5547223724247937,80
historical80,endpoint_wasserstein1,baseline,4,4,8,all_common,cook_gap,flow,6320,321,0.05079113924050633,0.5976567226417279,0.07944499896570731,0.6563423453126748,66
historical80,endpoint_wasserstein1,baseline,4,4,8,strong_fixed_support,randi_wild_type,flow,1051,139,0.13225499524262607,0.6259150574277421,0.2205154289555687,0.578584144141874,27
historical80,endpoint_wasserstein1,baseline,4,4,8,strong_fixed_support,cook_struct,flow,4503,838,0.18609815678436598,0.5616959759317807,0.23156933770947496,0.5604959796998183,57
historical80,endpoint_wasserstein1,baseline,4,4,8,strong_fixed_support,cook_chem,flow,4503,746,0.16566733288918498,0.5616632687794223,0.20448256018749328,0.5479665186548077,57
historical80,endpoint_wasserstein1,baseline,4,4,8,strong_fixed_support,cook_gap,flow,4503,231,0.051299133910726186,0.6009067399516838,0.08849666019113667,0.6524634244482994,47
historical80,endpoint_wasserstein1,baseline,4,8,12,all_common,randi_wild_type,flow,1646,273,0.16585662211421628,0.6499363709851692,0.25081716574828294,0.6106664007030651,44
historical80,endpoint_wasserstein1,baseline,4,8,12,all_common,cook_struct,flow,6320,1267,0.2004746835443038,0.5842370009704552,0.2670390055023343,0.5584096042640623,80
historical80,endpoint_wasserstein1,baseline,4,8,12,all_common,cook_chem,flow,6320,1145,0.18117088607594936,0.5859313545556188,0.24026172400187612,0.5449346790225489,80
historical80,endpoint_wasserstein1,baseline,4,8,12,all_common,cook_gap,flow,6320,321,0.05079113924050633,0.5921264655220315,0.0814676528157036,0.6513724044671553,66
historical80,endpoint_wasserstein1,baseline,4,8,12,strong_fixed_support,randi_wild_type,flow,1051,139,0.13225499524262607,0.6251814338003282,0.21084571015418002,0.5742203273469272,27
historical80,endpoint_wasserstein1,baseline,4,8,12,strong_fixed_support,cook_struct,flow,4503,838,0.18609815678436598,0.5598218326620584,0.2312087371976996,0.5500187889441838,57
historical80,endpoint_wasserstein1,baseline,4,8,12,strong_fixed_support,cook_chem,flow,4503,746,0.16566733288918498,0.5600997887054086,0.2034019962129963,0.5359779002473338,57
historical80,endpoint_wasserstein1,baseline,4,8,12,strong_fixed_support,cook_gap,flow,4503,231,0.051299133910726186,0.5913042949559804,0.08819117509893186,0.6401425334177561,47
historical80,endpoint_wasserstein1,baseline,4,16,20,all_common,randi_wild_type,flow,1646,273,0.16585662211421628,0.6444218563665032,0.2500125808403285,0.6025142535750894,44
historical80,endpoint_wasserstein1,baseline,4,16,20,all_common,cook_struct,flow,6320,1267,0.2004746835443038,0.5778114261909786,0.2688684339691012,0.542744568557406,80
historical80,endpoint_wasserstein1,baseline,4,16,20,all_common,cook_chem,flow,6320,1145,0.18117088607594936,0.5802771976457186,0.2415218907573078,0.5268506340950406,80
historical80,endpoint_wasserstein1,baseline,4,16,20,all_common,cook_gap,flow,6320,321,0.05079113924050633,0.5758758339266304,0.08394108456981204,0.6236089502587434,66
historical80,endpoint_wasserstein1,baseline,4,16,20,strong_fixed_support,randi_wild_type,flow,1051,139,0.13225499524262607,0.620566704531112,0.1995117651709496,0.5670798861711849,27
historical80,endpoint_wasserstein1,baseline,4,16,20,strong_fixed_support,cook_struct,flow,4503,838,0.18609815678436598,0.5504182308947113,0.22655643327619812,0.5322961703275041,57
historical80,endpoint_wasserstein1,baseline,4,16,20,strong_fixed_support,cook_chem,flow,4503,746,0.16566733288918498,0.5519816093069523,0.1993825568975388,0.5145430334171974,57
historical80,endpoint_wasserstein1,baseline,4,16,20,strong_fixed_support,cook_gap,flow,4503,231,0.051299133910726186,0.5653262156071145,0.08480257424077595,0.6064410639944565,47
historical80,endpoint_wasserstein1,baseline,4,32,36,all_common,randi_wild_type,flow,1646,273,0.16585662211421628,0.6378401884592708,0.25307036960818285,0.5841672659770876,44
historical80,endpoint_wasserstein1,baseline,4,32,36,all_common,cook_struct,flow,6320,1267,0.2004746835443038,0.5681526411982473,0.2699649484555246,0.5174818640284039,80
historical80,endpoint_wasserstein1,baseline,4,32,36,all_common,cook_chem,flow,6320,1145,0.18117088607594936,0.572685273083982,0.24279667298120336,0.5036366122792286,80
historical80,endpoint_wasserstein1,baseline,4,32,36,all_common,cook_gap,flow,6320,321,0.05079113924050633,0.5520966890120316,0.09037875817040597,0.558164523690596,66
historical80,endpoint_wasserstein1,baseline,4,32,36,strong_fixed_support,randi_wild_type,flow,1051,139,0.13225499524262607,0.6168749211157389,0.19058209172165486,0.5547708329103016,27
historical80,endpoint_wasserstein1,baseline,4,32,36,strong_fixed_support,cook_struct,flow,4503,838,0.18609815678436598,0.5372425739189326,0.22083102688046785,0.5028809215245625,57
historical80,endpoint_wasserstein1,baseline,4,32,36,strong_fixed_support,cook_chem,flow,4503,746,0.16566733288918498,0.5420576853501704,0.19553953628444154,0.4867750094009723,57
historical80,endpoint_wasserstein1,baseline,4,32,36,strong_fixed_support,cook_gap,flow,4503,231,0.051299133910726186,0.5296301700796082,0.08178222058533355,0.5323630180586031,47
historical80,endpoint_wasserstein1,baseline,8,1,9,all_common,randi_wild_type,flow,1646,273,0.16585662211421628,0.6575958637138536,0.2571529096532707,0.6220796632983635,44
historical80,endpoint_wasserstein1,baseline,8,1,9,all_common,cook_struct,flow,6320,1267,0.2004746835443038,0.577110411797535,0.26122521823742706,0.5544368461197371,80
historical80,endpoint_wasserstein1,baseline,8,1,9,all_common,cook_chem,flow,6320,1145,0.18117088607594936,0.5773560323186296,0.23677529115598814,0.5427368592654963,80
historical80,endpoint_wasserstein1,baseline,8,1,9,all_common,cook_gap,flow,6320,321,0.05079113924050633,0.5955166982659104,0.07419272767716929,0.6389738486037739,66
historical80,endpoint_wasserstein1,baseline,8,1,9,strong_fixed_support,randi_wild_type,flow,1051,139,0.13225499524262607,0.6257809541840212,0.2217291956947503,0.5760133622163336,27
historical80,endpoint_wasserstein1,baseline,8,1,9,strong_fixed_support,cook_struct,flow,4503,838,0.18609815678436598,0.5463918834879382,0.226964703520275,0.5441818510287901,57
historical80,endpoint_wasserstein1,baseline,8,1,9,strong_fixed_support,cook_chem,flow,4503,746,0.16566733288918498,0.5441271021528358,0.19821874523721505,0.5310762102067083,57
historical80,endpoint_wasserstein1,baseline,8,1,9,strong_fixed_support,cook_gap,flow,4503,231,0.051299133910726186,0.5983784473953013,0.09208983271088914,0.6393826833608487,47
historical80,endpoint_wasserstein1,baseline,8,2,10,all_common,randi_wild_type,flow,1646,273,0.16585662211421628,0.6559204330508045,0.25585887451856765,0.6221791946856304,44
historical80,endpoint_wasserstein1,baseline,8,2,10,all_common,cook_struct,flow,6320,1267,0.2004746835443038,0.5769820174500727,0.26213078354640795,0.5513606097717011,80
historical80,endpoint_wasserstein1,baseline,8,2,10,all_common,cook_chem,flow,6320,1145,0.18117088607594936,0.5772286142227285,0.23741110334877003,0.5390056283505269,80
historical80,endpoint_wasserstein1,baseline,8,2,10,all_common,cook_gap,flow,6320,321,0.05079113924050633,0.5959503115524445,0.07542831499797202,0.6386990846026672,66
historical80,endpoint_wasserstein1,baseline,8,2,10,strong_fixed_support,randi_wild_type,flow,1051,139,0.13225499524262607,0.6237062981193991,0.22044693991097072,0.5748142590603623,27
historical80,endpoint_wasserstein1,baseline,8,2,10,strong_fixed_support,cook_struct,flow,4503,838,0.18609815678436598,0.5463713708010042,0.22822656179534384,0.5411220536508192,57
historical80,endpoint_wasserstein1,baseline,8,2,10,strong_fixed_support,cook_chem,flow,4503,746,0.16566733288918498,0.5440696579967618,0.19894454023263722,0.5270346772435602,57
historical80,endpoint_wasserstein1,baseline,8,2,10,strong_fixed_support,cook_gap,flow,4503,231,0.051299133910726186,0.5989479465603061,0.09358876326150314,0.640118988611609,47
historical80,endpoint_wasserstein1,baseline,8,4,12,all_common,randi_wild_type,flow,1646,273,0.16585662211421628,0.6525322213596066,0.2535130262708481,0.6213728609609039,44
historical80,endpoint_wasserstein1,baseline,8,4,12,all_common,cook_struct,flow,6320,1267,0.2004746835443038,0.5767256192489055,0.2635474603005848,0.5492433712979606,80
historical80,endpoint_wasserstein1,baseline,8,4,12,all_common,cook_chem,flow,6320,1145,0.18117088607594936,0.5773817690863448,0.23876765153409046,0.5361926180842811,80
historical80,endpoint_wasserstein1,baseline,8,4,12,all_common,cook_gap,flow,6320,321,0.05079113924050633,0.5922954968091774,0.0762462388872808,0.6351791228527515,66
historical80,endpoint_wasserstein1,baseline,8,4,12,strong_fixed_support,randi_wild_type,flow,1051,139,0.13225499524262607,0.621410766123943,0.21482787721527602,0.5769245397655843,27
historical80,endpoint_wasserstein1,baseline,8,4,12,strong_fixed_support,cook_struct,flow,4503,838,0.18609815678436598,0.5459520003125742,0.2277385438726792,0.5375647084610865,57
historical80,endpoint_wasserstein1,baseline,8,4,12,strong_fixed_support,cook_chem,flow,4503,746,0.16566733288918498,0.5441813351449055,0.19873577474464296,0.522735028897929,57
historical80,endpoint_wasserstein1,baseline,8,4,12,strong_fixed_support,cook_gap,flow,4503,231,0.051299133910726186,0.5939997892245084,0.09196076584877558,0.6340755681047012,47
historical80,endpoint_wasserstein1,baseline,8,8,16,all_common,randi_wild_type,flow,1646,273,0.16585662211421628,0.6486024293744613,0.25154300796906753,0.6117667403071969,44
historical80,endpoint_wasserstein1,baseline,8,8,16,all_common,cook_struct,flow,6320,1267,0.2004746835443038,0.5746796662559193,0.2658819906797453,0.5397658360453157,80
historical80,endpoint_wasserstein1,baseline,8,8,16,all_common,cook_chem,flow,6320,1145,0.18117088607594936,0.5757974811720776,0.24073085924855836,0.5265858605127308,80
historical80,endpoint_wasserstein1,baseline,8,8,16,all_common,cook_gap,flow,6320,321,0.05079113924050633,0.5855981188972824,0.0778153059526078,0.6214274017275859,66
historical80,endpoint_wasserstein1,baseline,8,8,16,strong_fixed_support,randi_wild_type,flow,1051,139,0.13225499524262607,0.6196437586772687,0.2047921848735248,0.5758842072542113,27
historical80,endpoint_wasserstein1,baseline,8,8,16,strong_fixed_support,cook_struct,flow,4503,838,0.18609815678436598,0.5430037085635584,0.22649910728998784,0.5253070186496499,57
historical80,endpoint_wasserstein1,baseline,8,8,16,strong_fixed_support,cook_chem,flow,4503,746,0.16566733288918498,0.5420394887541469,0.19744123634385435,0.5101729081106198,57
historical80,endpoint_wasserstein1,baseline,8,8,16,strong_fixed_support,cook_gap,flow,4503,231,0.051299133910726186,0.5840639541482239,0.08984690455047664,0.6172077096889328,47
historical80,endpoint_wasserstein1,baseline,8,16,24,all_common,randi_wild_type,flow,1646,273,0.16585662211421628,0.641304434822279,0.24755875123278898,0.5936334126210219,44
historical80,endpoint_wasserstein1,baseline,8,16,24,all_common,cook_struct,flow,6320,1267,0.2004746835443038,0.5696382356492372,0.2671460774973021,0.5259914892485481,80
historical80,endpoint_wasserstein1,baseline,8,16,24,all_common,cook_chem,flow,6320,1145,0.18117088607594936,0.5717526738813998,0.2417248198415312,0.5128689824408836,80
historical80,endpoint_wasserstein1,baseline,8,16,24,all_common,cook_gap,flow,6320,321,0.05079113924050633,0.5715791676598228,0.0802942246438249,0.5941914318629257,66
historical80,endpoint_wasserstein1,baseline,8,16,24,strong_fixed_support,randi_wild_type,flow,1051,139,0.13225499524262607,0.6130135365391897,0.19159626331455065,0.5657456886695995,27
historical80,endpoint_wasserstein1,baseline,8,16,24,strong_fixed_support,cook_struct,flow,4503,838,0.18609815678436598,0.5366197045521885,0.2227115110080336,0.512168147083375,57
historical80,endpoint_wasserstein1,baseline,8,16,24,strong_fixed_support,cook_chem,flow,4503,746,0.16566733288918498,0.5370336408676993,0.1944522366353686,0.49706091587776735,57
historical80,endpoint_wasserstein1,baseline,8,16,24,strong_fixed_support,cook_gap,flow,4503,231,0.051299133910726186,0.5627938696758922,0.08814764302752955,0.5869967008039869,47
historical80,endpoint_wasserstein1,baseline,8,32,40,all_common,randi_wild_type,flow,1646,273,0.16585662211421628,0.6337743344298333,0.2497228725104956,0.5675563137182497,44
historical80,endpoint_wasserstein1,baseline,8,32,40,all_common,cook_struct,flow,6320,1267,0.2004746835443038,0.5607676232566211,0.2668323942878756,0.5081436810995251,80
historical80,endpoint_wasserstein1,baseline,8,32,40,all_common,cook_chem,flow,6320,1145,0.18117088607594936,0.564784169778284,0.24196270413903917,0.4973528873021408,80
historical80,endpoint_wasserstein1,baseline,8,32,40,all_common,cook_gap,flow,6320,321,0.05079113924050633,0.548109523965313,0.0837817214543854,0.5348765664107553,66
historical80,endpoint_wasserstein1,baseline,8,32,40,strong_fixed_support,randi_wild_type,flow,1051,139,0.13225499524262607,0.6099962135554713,0.19220700181064404,0.5386195129847258,27
historical80,endpoint_wasserstein1,baseline,8,32,40,strong_fixed_support,cook_struct,flow,4503,838,0.18609815678436598,0.5256076476506462,0.21513065468292375,0.4914236959932505,57
historical80,endpoint_wasserstein1,baseline,8,32,40,strong_fixed_support,cook_chem,flow,4503,746,0.16566733288918498,0.5287199372609912,0.18890262087817045,0.47893807539586747,57
historical80,endpoint_wasserstein1,baseline,8,32,40,strong_fixed_support,cook_gap,flow,4503,231,0.051299133910726186,0.5282317557598456,0.08224055291875254,0.513783127497718,47
historical80,endpoint_wasserstein1,baseline,16,1,17,all_common,randi_wild_type,flow,1646,273,0.16585662211421628,0.65419698048977,0.25370129805544667,0.6001659898522926,44
historical80,endpoint_wasserstein1,baseline,16,1,17,all_common,cook_struct,flow,6320,1267,0.2004746835443038,0.5826408967860958,0.2723153285379615,0.5377829459577981,80
historical80,endpoint_wasserstein1,baseline,16,1,17,all_common,cook_chem,flow,6320,1145,0.18117088607594936,0.5842539923633525,0.24684841852167538,0.522812884339198,80
historical80,endpoint_wasserstein1,baseline,16,1,17,all_common,cook_gap,flow,6320,321,0.05079113924050633,0.5847552992996237,0.0802282494171632,0.614370151278873,66
historical80,endpoint_wasserstein1,baseline,16,1,17,strong_fixed_support,randi_wild_type,flow,1051,139,0.13225499524262607,0.6295516218604064,0.20828996295456872,0.5596148480286325,27
historical80,endpoint_wasserstein1,baseline,16,1,17,strong_fixed_support,cook_struct,flow,4503,838,0.18609815678436598,0.5520136621006945,0.22811651100294994,0.5208096921844348,57
historical80,endpoint_wasserstein1,baseline,16,1,17,strong_fixed_support,cook_chem,flow,4503,746,0.16566733288918498,0.5524575751715654,0.20030086959342214,0.503985725688109,57
historical80,endpoint_wasserstein1,baseline,16,1,17,strong_fixed_support,cook_gap,flow,4503,231,0.051299133910726186,0.577506607000989,0.08377363255049414,0.6017397963729343,47
historical80,endpoint_wasserstein1,baseline,16,2,18,all_common,randi_wild_type,flow,1646,273,0.16585662211421628,0.6523908235488716,0.2533835560447284,0.6002503563949708,44
historical80,endpoint_wasserstein1,baseline,16,2,18,all_common,cook_struct,flow,6320,1267,0.2004746835443038,0.5832058631544305,0.2735131737098751,0.53785720215832,80
historical80,endpoint_wasserstein1,baseline,16,2,18,all_common,cook_chem,flow,6320,1145,0.18117088607594936,0.5849874480518111,0.24786049997043796,0.5227151828741331,80
historical80,endpoint_wasserstein1,baseline,16,2,18,all_common,cook_gap,flow,6320,321,0.05079113924050633,0.5842754685490157,0.08104537637822505,0.6129385405442289,66
historical80,endpoint_wasserstein1,baseline,16,2,18,strong_fixed_support,randi_wild_type,flow,1051,139,0.13225499524262607,0.6273349741259624,0.20711294936480568,0.5596533808085341,27
historical80,endpoint_wasserstein1,baseline,16,2,18,strong_fixed_support,cook_struct,flow,4503,838,0.18609815678436598,0.5529525245256848,0.22953080970401218,0.520956997229027,57
historical80,endpoint_wasserstein1,baseline,16,2,18,strong_fixed_support,cook_chem,flow,4503,746,0.16566733288918498,0.5536155565910569,0.2014510503035592,0.5037682616049275,57
historical80,endpoint_wasserstein1,baseline,16,2,18,strong_fixed_support,cook_gap,flow,4503,231,0.051299133910726186,0.5767161989072103,0.0846899828802999,0.6020989240161329,47
historical80,endpoint_wasserstein1,baseline,16,4,20,all_common,randi_wild_type,flow,1646,273,0.16585662211421628,0.6499937304744298,0.2511703561388171,0.5939018927458796,44
historical80,endpoint_wasserstein1,baseline,16,4,20,all_common,cook_struct,flow,6320,1267,0.2004746835443038,0.5826224654807424,0.27430989309701764,0.5351435573675495,80
historical80,endpoint_wasserstein1,baseline,16,4,20,all_common,cook_chem,flow,6320,1145,0.18117088607594936,0.5849055966921924,0.2484481400347111,0.5198960552155738,80
historical80,endpoint_wasserstein1,baseline,16,4,20,all_common,cook_gap,flow,6320,321,0.05079113924050633,0.5808951024547705,0.0821707645806273,0.6065855584096608,66
historical80,endpoint_wasserstein1,baseline,16,4,20,strong_fixed_support,randi_wild_type,flow,1051,139,0.13225499524262607,0.6259426669190963,0.20452605129840176,0.5529208146648943,27
historical80,endpoint_wasserstein1,baseline,16,4,20,strong_fixed_support,cook_struct,flow,4503,838,0.18609815678436598,0.5529149179329724,0.23068460240924007,0.5183106080361687,57
historical80,endpoint_wasserstein1,baseline,16,4,20,strong_fixed_support,cook_chem,flow,4503,746,0.16566733288918498,0.5543857007580488,0.20248956549361638,0.5008912011167012,57
historical80,endpoint_wasserstein1,baseline,16,4,20,strong_fixed_support,cook_gap,flow,4503,231,0.051299133910726186,0.5718526557711952,0.08525199322850244,0.5978917732778813,47
historical80,endpoint_wasserstein1,baseline,16,8,24,all_common,randi_wild_type,flow,1646,273,0.16585662211421628,0.6463454001691437,0.2514146411378922,0.5935966870320969,44
historical80,endpoint_wasserstein1,baseline,16,8,24,all_common,cook_struct,flow,6320,1267,0.2004746835443038,0.579954221635822,0.27418675193749675,0.5285088330916184,80
historical80,endpoint_wasserstein1,baseline,16,8,24,all_common,cook_chem,flow,6320,1145,0.18117088607594936,0.5828566968335338,0.24833680007246997,0.5135476542098488,80
historical80,endpoint_wasserstein1,baseline,16,8,24,all_common,cook_gap,flow,6320,321,0.05079113924050633,0.5741626719718083,0.08386455260350502,0.5915010737995121,66
historical80,endpoint_wasserstein1,baseline,16,8,24,strong_fixed_support,randi_wild_type,flow,1051,139,0.13225499524262607,0.622467815221507,0.20049822695113295,0.5557615657783023,27
historical80,endpoint_wasserstein1,baseline,16,8,24,strong_fixed_support,cook_struct,flow,4503,838,0.18609815678436598,0.5497886867647586,0.2289737034872084,0.5115355619459269,57
historical80,endpoint_wasserstein1,baseline,16,8,24,strong_fixed_support,cook_chem,flow,4503,746,0.16566733288918498,0.5520042658529815,0.20104475922903597,0.49432032468379467,57
historical80,endpoint_wasserstein1,baseline,16,8,24,strong_fixed_support,cook_gap,flow,4503,231,0.051299133910726186,0.5619700212396841,0.08532955428218117,0.5805446482758143,47
historical80,endpoint_wasserstein1,baseline,16,16,32,all_common,randi_wild_type,flow,1646,273,0.16585662211421628,0.6405267468632363,0.24948825825016713,0.5777088083477699,44
historical80,endpoint_wasserstein1,baseline,16,16,32,all_common,cook_struct,flow,6320,1267,0.2004746835443038,0.5746982537587757,0.2741277886511705,0.5173767892325294,80
historical80,endpoint_wasserstein1,baseline,16,16,32,all_common,cook_chem,flow,6320,1145,0.18117088607594936,0.5787292787376327,0.24877578547310297,0.5045223335268015,80
historical80,endpoint_wasserstein1,baseline,16,16,32,all_common,cook_gap,flow,6320,321,0.05079113924050633,0.5621643067198634,0.08622944866190307,0.56149404527607,66
historical80,endpoint_wasserstein1,baseline,16,16,32,strong_fixed_support,randi_wild_type,flow,1051,139,0.13225499524262607,0.6177347595607724,0.1928795734317803,0.5507985799538381,27
historical80,endpoint_wasserstein1,baseline,16,16,32,strong_fixed_support,cook_struct,flow,4503,838,0.18609815678436598,0.5435653654677055,0.22598747359878818,0.49944857258290315,57
historical80,endpoint_wasserstein1,baseline,16,16,32,strong_fixed_support,cook_chem,flow,4503,746,0.16566733288918498,0.5476283413053453,0.19930099871385942,0.4847704805095743,57
historical80,endpoint_wasserstein1,baseline,16,16,32,strong_fixed_support,cook_gap,flow,4503,231,0.051299133910726186,0.544419921526663,0.0848574637260943,0.5437767839560831,47
historical80,endpoint_wasserstein1,baseline,16,32,48,all_common,randi_wild_type,flow,1646,273,0.16585662211421628,0.635986009620387,0.25060060100794207,0.5767597455174462,44
historical80,endpoint_wasserstein1,baseline,16,32,48,all_common,cook_struct,flow,6320,1267,0.2004746835443038,0.5670109936488533,0.2712261075565099,0.503003681711416,80
historical80,endpoint_wasserstein1,baseline,16,32,48,all_common,cook_chem,flow,6320,1145,0.18117088607594936,0.5725176887538764,0.24680109225689,0.49232906877718363,80
historical80,endpoint_wasserstein1,baseline,16,32,48,all_common,cook_gap,flow,6320,321,0.05079113924050633,0.5457752823809161,0.08466433134196605,0.522224820894317,66
historical80,endpoint_wasserstein1,baseline,16,32,48,strong_fixed_support,randi_wild_type,flow,1051,139,0.13225499524262607,0.6156443266439479,0.190773464039553,0.5496766555200031,27
historical80,endpoint_wasserstein1,baseline,16,32,48,strong_fixed_support,cook_struct,flow,4503,838,0.18609815678436598,0.5342607455547705,0.21919961143460034,0.48201209614283613,57
historical80,endpoint_wasserstein1,baseline,16,32,48,strong_fixed_support,cook_chem,flow,4503,746,0.16566733288918498,0.540511688280179,0.19382483257171051,0.46983413369391536,57
historical80,endpoint_wasserstein1,baseline,16,32,48,strong_fixed_support,cook_gap,flow,4503,231,0.051299133910726186,0.5212842712842712,0.07591202751174357,0.4962415700116925,47
historical80,endpoint_wasserstein1,onset_minus_baseline,1,1,2,all_common,randi_wild_type,flow,1646,273,0.16585662211421628,0.533592651582455,0.18625892904357122,0.5133694594978198,44
historical80,endpoint_wasserstein1,onset_minus_baseline,1,1,2,all_common,cook_struct,flow,6320,1267,0.2004746835443038,0.5448337597785494,0.2257501095841227,0.5220641949471972,80
historical80,endpoint_wasserstein1,onset_minus_baseline,1,1,2,all_common,cook_chem,flow,6320,1145,0.18117088607594936,0.5477903086302555,0.20594962770889777,0.52624772580289,80
historical80,endpoint_wasserstein1,onset_minus_baseline,1,1,2,all_common,cook_gap,flow,6320,321,0.05079113924050633,0.5437157490942155,0.05998410389617234,0.5406256223450701,66
historical80,endpoint_wasserstein1,onset_minus_baseline,1,1,2,strong_fixed_support,randi_wild_type,flow,1051,139,0.13225499524262607,0.5341805502966048,0.18587586255929844,0.4757931182085794,27
historical80,endpoint_wasserstein1,onset_minus_baseline,1,1,2,strong_fixed_support,cook_struct,flow,4503,838,0.18609815678436598,0.5570174553197863,0.22852897252833243,0.5285618367072463,57
historical80,endpoint_wasserstein1,onset_minus_baseline,1,1,2,strong_fixed_support,cook_chem,flow,4503,746,0.16566733288918498,0.5655576971244383,0.2092209257539384,0.5345719398415849,57
historical80,endpoint_wasserstein1,onset_minus_baseline,1,1,2,strong_fixed_support,cook_gap,flow,4503,231,0.051299133910726186,0.5457129481005885,0.065663809829935,0.5348121238248392,47
historical80,endpoint_wasserstein1,onset_minus_baseline,1,2,3,all_common,randi_wild_type,flow,1646,273,0.16585662211421628,0.5370395567045239,0.1863995806924283,0.5174427719180139,44
historical80,endpoint_wasserstein1,onset_minus_baseline,1,2,3,all_common,cook_struct,flow,6320,1267,0.2004746835443038,0.5479269389303688,0.22752858168831183,0.5212490123255099,80
historical80,endpoint_wasserstein1,onset_minus_baseline,1,2,3,all_common,cook_chem,flow,6320,1145,0.18117088607594936,0.5512923654621016,0.20706587272778346,0.5221275406073179,80
historical80,endpoint_wasserstein1,onset_minus_baseline,1,2,3,all_common,cook_gap,flow,6320,321,0.05079113924050633,0.5443612356992001,0.06139911517956376,0.5365755606357456,66
historical80,endpoint_wasserstein1,onset_minus_baseline,1,2,3,strong_fixed_support,randi_wild_type,flow,1051,139,0.13225499524262607,0.5429840338255711,0.19368872372804335,0.48757907507126524,27
historical80,endpoint_wasserstein1,onset_minus_baseline,1,2,3,strong_fixed_support,cook_struct,flow,4503,838,0.18609815678436598,0.5602255744366337,0.23128319918384221,0.5289165405912137,57
historical80,endpoint_wasserstein1,onset_minus_baseline,1,2,3,strong_fixed_support,cook_chem,flow,4503,746,0.16566733288918498,0.5699405791940835,0.21138597036761195,0.5302796373256754,57
historical80,endpoint_wasserstein1,onset_minus_baseline,1,2,3,strong_fixed_support,cook_gap,flow,4503,231,0.051299133910726186,0.5441513854435204,0.06747223967667731,0.5367438194294203,47
historical80,endpoint_wasserstein1,onset_minus_baseline,1,4,5,all_common,randi_wild_type,flow,1646,273,0.16585662211421628,0.5572381005738617,0.193894913726501,0.5243611204669407,44
historical80,endpoint_wasserstein1,onset_minus_baseline,1,4,5,all_common,cook_struct,flow,6320,1267,0.2004746835443038,0.556420646748257,0.23025438607609533,0.524787654125533,80
historical80,endpoint_wasserstein1,onset_minus_baseline,1,4,5,all_common,cook_chem,flow,6320,1145,0.18117088607594936,0.5586918971373119,0.20862432311498003,0.5268642613713841,80
historical80,endpoint_wasserstein1,onset_minus_baseline,1,4,5,all_common,cook_gap,flow,6320,321,0.05079113924050633,0.5538680122699577,0.06382698802797554,0.532311068410703,66
historical80,endpoint_wasserstein1,onset_minus_baseline,1,4,5,strong_fixed_support,randi_wild_type,flow,1051,139,0.13225499524262607,0.566231225545879,0.19995287024248437,0.4977906713393703,27
historical80,endpoint_wasserstein1,onset_minus_baseline,1,4,5,strong_fixed_support,cook_struct,flow,4503,838,0.18609815678436598,0.5682274759301527,0.2325447937947099,0.5280742463578368,57
historical80,endpoint_wasserstein1,onset_minus_baseline,1,4,5,strong_fixed_support,cook_chem,flow,4503,746,0.16566733288918498,0.5775956373839433,0.21173807870167607,0.532364661835737,57
historical80,endpoint_wasserstein1,onset_minus_baseline,1,4,5,strong_fixed_support,cook_gap,flow,4503,231,0.051299133910726186,0.5541085007377142,0.07026993187337102,0.5332670919065953,47
historical80,endpoint_wasserstein1,onset_minus_baseline,1,8,9,all_common,randi_wild_type,flow,1646,273,0.16585662211421628,0.5648362319884535,0.1979838464118755,0.5152548149380054,44
historical80,endpoint_wasserstein1,onset_minus_baseline,1,8,9,all_common,cook_struct,flow,6320,1267,0.2004746835443038,0.5585922606324031,0.2320447936818704,0.5220847397755592,80
historical80,endpoint_wasserstein1,onset_minus_baseline,1,8,9,all_common,cook_chem,flow,6320,1145,0.18117088607594936,0.5596796827205028,0.2089628775553219,0.5177786816836198,80
historical80,endpoint_wasserstein1,onset_minus_baseline,1,8,9,all_common,cook_gap,flow,6320,321,0.05079113924050633,0.5695336554015492,0.06510601548017467,0.5407687367187923,66
historical80,endpoint_wasserstein1,onset_minus_baseline,1,8,9,strong_fixed_support,randi_wild_type,flow,1051,139,0.13225499524262607,0.575058374353149,0.20410587728973975,0.4869185722554648,27
historical80,endpoint_wasserstein1,onset_minus_baseline,1,8,9,strong_fixed_support,cook_struct,flow,4503,838,0.18609815678436598,0.5687862024504521,0.2328003030131529,0.521366560527718,57
historical80,endpoint_wasserstein1,onset_minus_baseline,1,8,9,strong_fixed_support,cook_chem,flow,4503,746,0.16566733288918498,0.5762440941342024,0.21084749088475307,0.5183674200430556,57
historical80,endpoint_wasserstein1,onset_minus_baseline,1,8,9,strong_fixed_support,cook_gap,flow,4503,231,0.051299133910726186,0.5700179969842891,0.07085448263354391,0.5418453269534418,47
historical80,endpoint_wasserstein1,onset_minus_baseline,1,16,17,all_common,randi_wild_type,flow,1646,273,0.16585662211421628,0.5720475203359399,0.2017363364856135,0.5421842795943987,44
historical80,endpoint_wasserstein1,onset_minus_baseline,1,16,17,all_common,cook_struct,flow,6320,1267,0.2004746835443038,0.5511564785023033,0.22820592006265217,0.5157910408125683,80
historical80,endpoint_wasserstein1,onset_minus_baseline,1,16,17,all_common,cook_chem,flow,6320,1145,0.18117088607594936,0.5523635212961204,0.20389556782553803,0.5124491082658671,80
historical80,endpoint_wasserstein1,onset_minus_baseline,1,16,17,all_common,cook_gap,flow,6320,321,0.05079113924050633,0.5582207626504728,0.06413049947096638,0.5551798998994926,66
historical80,endpoint_wasserstein1,onset_minus_baseline,1,16,17,strong_fixed_support,randi_wild_type,flow,1051,139,0.13225499524262607,0.5812586772687114,0.2005996970225676,0.510640010820273,27
historical80,endpoint_wasserstein1,onset_minus_baseline,1,16,17,strong_fixed_support,cook_struct,flow,4503,838,0.18609815678436598,0.5631927508815572,0.23031029413231616,0.5166216764575197,57
historical80,endpoint_wasserstein1,onset_minus_baseline,1,16,17,strong_fixed_support,cook_chem,flow,4503,746,0.16566733288918498,0.5736865804029083,0.208167734142737,0.5183552532179662,57
historical80,endpoint_wasserstein1,onset_minus_baseline,1,16,17,strong_fixed_support,cook_gap,flow,4503,231,0.051299133910726186,0.5533393728618448,0.06813109329413133,0.5353181504870763,47
historical80,endpoint_wasserstein1,onset_minus_baseline,1,32,33,all_common,randi_wild_type,flow,1646,273,0.16585662211421628,0.5584093013080632,0.19358806032235049,0.5180423099451912,44
historical80,endpoint_wasserstein1,onset_minus_baseline,1,32,33,all_common,cook_struct,flow,6320,1267,0.2004746835443038,0.5321463833014872,0.22130923519067724,0.5036548278869002,80
historical80,endpoint_wasserstein1,onset_minus_baseline,1,32,33,all_common,cook_chem,flow,6320,1145,0.18117088607594936,0.5314305845621585,0.19597300717901928,0.49694705990378685,80
historical80,endpoint_wasserstein1,onset_minus_baseline,1,32,33,all_common,cook_gap,flow,6320,321,0.05079113924050633,0.5293662650940265,0.062181153644216745,0.5347720178303798,66
historical80,endpoint_wasserstein1,onset_minus_baseline,1,32,33,strong_fixed_support,randi_wild_type,flow,1051,139,0.13225499524262607,0.5840906222390507,0.18219955560170392,0.5170718850385183,27
historical80,endpoint_wasserstein1,onset_minus_baseline,1,32,33,strong_fixed_support,cook_struct,flow,4503,838,0.18609815678436598,0.5419982613055837,0.21318886619428748,0.5029240688964053,57
historical80,endpoint_wasserstein1,onset_minus_baseline,1,32,33,strong_fixed_support,cook_chem,flow,4503,746,0.16566733288918498,0.5476294116933467,0.1917114708487625,0.4998698554244128,57
historical80,endpoint_wasserstein1,onset_minus_baseline,1,32,33,strong_fixed_support,cook_gap,flow,4503,231,0.051299133910726186,0.5155882662905136,0.05815006772417291,0.5093326732649841,47
historical80,endpoint_wasserstein1,onset_minus_baseline,4,1,5,all_common,randi_wild_type,flow,1646,273,0.16585662211421628,0.5802059072270288,0.20914235857705893,0.5290254995319823,44
historical80,endpoint_wasserstein1,onset_minus_baseline,4,1,5,all_common,cook_struct,flow,6320,1267,0.2004746835443038,0.5388014122128642,0.22364689306698235,0.5015258506321331,80
historical80,endpoint_wasserstein1,onset_minus_baseline,4,1,5,all_common,cook_chem,flow,6320,1145,0.18117088607594936,0.5443404003965994,0.2061531960142555,0.5040929130142793,80
historical80,endpoint_wasserstein1,onset_minus_baseline,4,1,5,all_common,cook_gap,flow,6320,321,0.05079113924050633,0.5104620240445059,0.05359148255990792,0.48333215230871324,66
historical80,endpoint_wasserstein1,onset_minus_baseline,4,1,5,strong_fixed_support,randi_wild_type,flow,1051,139,0.13225499524262607,0.588736905212672,0.20097653454766112,0.5336750485037208,27
historical80,endpoint_wasserstein1,onset_minus_baseline,4,1,5,strong_fixed_support,cook_struct,flow,4503,838,0.18609815678436598,0.5407066132251479,0.2200923562559183,0.5001666055253992,57
historical80,endpoint_wasserstein1,onset_minus_baseline,4,1,5,strong_fixed_support,cook_chem,flow,4503,746,0.16566733288918498,0.5484033022183434,0.20262287939608883,0.5014739460218294,57
historical80,endpoint_wasserstein1,onset_minus_baseline,4,1,5,strong_fixed_support,cook_gap,flow,4503,231,0.051299133910726186,0.5124266339153979,0.0595191632037292,0.4920661094671645,47
historical80,endpoint_wasserstein1,onset_minus_baseline,4,2,6,all_common,randi_wild_type,flow,1646,273,0.16585662211421628,0.5801312064968291,0.20966181526910632,0.5317364970377181,44
historical80,endpoint_wasserstein1,onset_minus_baseline,4,2,6,all_common,cook_struct,flow,6320,1267,0.2004746835443038,0.5408855554953328,0.22565904202999165,0.5033462116600367,80
historical80,endpoint_wasserstein1,onset_minus_baseline,4,2,6,all_common,cook_chem,flow,6320,1145,0.18117088607594936,0.5448360652279391,0.2076764198352058,0.5003275725431695,80
historical80,endpoint_wasserstein1,onset_minus_baseline,4,2,6,all_common,cook_gap,flow,6320,321,0.05079113924050633,0.5175660117807797,0.05454573106654824,0.48490329814137245,66
historical80,endpoint_wasserstein1,onset_minus_baseline,4,2,6,strong_fixed_support,randi_wild_type,flow,1051,139,0.13225499524262607,0.5976508267070554,0.2018997723920647,0.5348307592726986,27
historical80,endpoint_wasserstein1,onset_minus_baseline,4,2,6,strong_fixed_support,cook_struct,flow,4503,838,0.18609815678436598,0.5428923539773449,0.22070070846544781,0.5044968595985146,57
historical80,endpoint_wasserstein1,onset_minus_baseline,4,2,6,strong_fixed_support,cook_chem,flow,4503,746,0.16566733288918498,0.5492956490154928,0.2029559573447544,0.4990053518926153,57
historical80,endpoint_wasserstein1,onset_minus_baseline,4,2,6,strong_fixed_support,cook_gap,flow,4503,231,0.051299133910726186,0.5165742497203171,0.059500899428070436,0.493100754453397,47
historical80,endpoint_wasserstein1,onset_minus_baseline,4,4,8,all_common,randi_wild_type,flow,1646,273,0.16585662211421628,0.5830978926390434,0.21407829112863555,0.5308735179531197,44
historical80,endpoint_wasserstein1,onset_minus_baseline,4,4,8,all_common,cook_struct,flow,6320,1267,0.2004746835443038,0.5405480126913595,0.22532940611166688,0.5013950813913183,80
historical80,endpoint_wasserstein1,onset_minus_baseline,4,4,8,all_common,cook_chem,flow,6320,1145,0.18117088607594936,0.5440064130962176,0.2071487865470818,0.49455383779217116,80
historical80,endpoint_wasserstein1,onset_minus_baseline,4,4,8,all_common,cook_gap,flow,6320,321,0.05079113924050633,0.5206802379835891,0.05460136190714028,0.4863151064353993,66
historical80,endpoint_wasserstein1,onset_minus_baseline,4,4,8,strong_fixed_support,randi_wild_type,flow,1051,139,0.13225499524262607,0.5840669569607472,0.1982016502624681,0.5138450505640011,27
historical80,endpoint_wasserstein1,onset_minus_baseline,4,4,8,strong_fixed_support,cook_struct,flow,4503,838,0.18609815678436598,0.5422720893962432,0.2209346920658809,0.5016251625150258,57
historical80,endpoint_wasserstein1,onset_minus_baseline,4,4,8,strong_fixed_support,cook_chem,flow,4503,746,0.16566733288918498,0.5469582784164823,0.2032286400322822,0.49052045411224254,57
historical80,endpoint_wasserstein1,onset_minus_baseline,4,4,8,strong_fixed_support,cook_gap,flow,4503,231,0.051299133910726186,0.5231619971788511,0.05928443808835423,0.4931716320941048,47
historical80,endpoint_wasserstein1,onset_minus_baseline,4,8,12,all_common,randi_wild_type,flow,1646,273,0.16585662211421628,0.576849710134488,0.21631148303729889,0.5171621092576548,44
historical80,endpoint_wasserstein1,onset_minus_baseline,4,8,12,all_common,cook_struct,flow,6320,1267,0.2004746835443038,0.5467934136511307,0.22807100930465032,0.5043791439196312,80
historical80,endpoint_wasserstein1,onset_minus_baseline,4,8,12,all_common,cook_chem,flow,6320,1145,0.18117088607594936,0.5504839778073118,0.20933231600762078,0.49871849707851956,80
historical80,endpoint_wasserstein1,onset_minus_baseline,4,8,12,all_common,cook_gap,flow,6320,321,0.05079113924050633,0.5225985223913228,0.055079875386678225,0.508902187084863,66
historical80,endpoint_wasserstein1,onset_minus_baseline,4,8,12,strong_fixed_support,randi_wild_type,flow,1051,139,0.13225499524262607,0.5659314653540325,0.19174776617975275,0.49684651493031345,27
historical80,endpoint_wasserstein1,onset_minus_baseline,4,8,12,strong_fixed_support,cook_struct,flow,4503,838,0.18609815678436598,0.5431606468985143,0.22030371195063914,0.49645081155891313,57
historical80,endpoint_wasserstein1,onset_minus_baseline,4,8,12,strong_fixed_support,cook_chem,flow,4503,746,0.16566733288918498,0.5469201012444331,0.20192879892765803,0.4886609256093202,57
historical80,endpoint_wasserstein1,onset_minus_baseline,4,8,12,strong_fixed_support,cook_gap,flow,4503,231,0.051299133910726186,0.5269883830277089,0.05911928378352925,0.5039965383511364,47
historical80,endpoint_wasserstein1,onset_minus_baseline,4,16,20,all_common,randi_wild_type,flow,1646,273,0.16585662211421628,0.580200571460586,0.22024917083871604,0.5201338399992942,44
historical80,endpoint_wasserstein1,onset_minus_baseline,4,16,20,all_common,cook_struct,flow,6320,1267,0.2004746835443038,0.5475742449686051,0.22605821937792403,0.505275939886925,80
historical80,endpoint_wasserstein1,onset_minus_baseline,4,16,20,all_common,cook_chem,flow,6320,1145,0.18117088607594936,0.551329831445267,0.20680121444185873,0.5035042227286807,80
historical80,endpoint_wasserstein1,onset_minus_baseline,4,16,20,all_common,cook_gap,flow,6320,321,0.05079113924050633,0.5182156527645574,0.05404273421927311,0.491223065555921,66
historical80,endpoint_wasserstein1,onset_minus_baseline,4,16,20,strong_fixed_support,randi_wild_type,flow,1051,139,0.13225499524262607,0.5904092515461316,0.19761064334583323,0.5279959373014156,27
historical80,endpoint_wasserstein1,onset_minus_baseline,4,16,20,strong_fixed_support,cook_struct,flow,4503,838,0.18609815678436598,0.5395087374278393,0.21682030982125056,0.49291519020399277,57
historical80,endpoint_wasserstein1,onset_minus_baseline,4,16,20,strong_fixed_support,cook_chem,flow,4503,746,0.16566733288918498,0.5445402719213679,0.1976342216693824,0.4911004107316052,57
historical80,endpoint_wasserstein1,onset_minus_baseline,4,16,20,strong_fixed_support,cook_gap,flow,4503,231,0.051299133910726186,0.5134034972518118,0.05938879701343095,0.4687443508350817,47
historical80,endpoint_wasserstein1,onset_minus_baseline,4,32,36,all_common,randi_wild_type,flow,1646,273,0.16585662211421628,0.5706468816446967,0.20802085941486959,0.5141479937170952,44
historical80,endpoint_wasserstein1,onset_minus_baseline,4,32,36,all_common,cook_struct,flow,6320,1267,0.2004746835443038,0.5313832804006029,0.21603954186558255,0.5054279368374651,80
historical80,endpoint_wasserstein1,onset_minus_baseline,4,32,36,all_common,cook_chem,flow,6320,1145,0.18117088607594936,0.535734194038352,0.19722746599753316,0.5065660027800007,80
historical80,endpoint_wasserstein1,onset_minus_baseline,4,32,36,all_common,cook_gap,flow,6320,321,0.05079113924050633,0.5050073246891097,0.05102297710079379,0.4826312304509534,66
historical80,endpoint_wasserstein1,onset_minus_baseline,4,32,36,strong_fixed_support,randi_wild_type,flow,1051,139,0.13225499524262607,0.5794995582481384,0.18433153507844097,0.5113198980253515,27
historical80,endpoint_wasserstein1,onset_minus_baseline,4,32,36,strong_fixed_support,cook_struct,flow,4503,838,0.18609815678436598,0.5299325686116818,0.20635992819302332,0.5001836859539681,57
historical80,endpoint_wasserstein1,onset_minus_baseline,4,32,36,strong_fixed_support,cook_chem,flow,4503,746,0.16566733288918498,0.5370621845477361,0.18817128776680145,0.5024879416946669,57
historical80,endpoint_wasserstein1,onset_minus_baseline,4,32,36,strong_fixed_support,cook_gap,flow,4503,231,0.051299133910726186,0.5162327528900562,0.05645394793749749,0.46721302412286037,47
historical80,endpoint_wasserstein1,onset_minus_baseline,8,1,9,all_common,randi_wild_type,flow,1646,273,0.16585662211421628,0.5467746625794696,0.19962775250174367,0.4844991998402928,44
historical80,endpoint_wasserstein1,onset_minus_baseline,8,1,9,all_common,cook_struct,flow,6320,1267,0.2004746835443038,0.5101782197889428,0.20329478147086494,0.506080077454046,80
historical80,endpoint_wasserstein1,onset_minus_baseline,8,1,9,all_common,cook_chem,flow,6320,1145,0.18117088607594936,0.5141401177140686,0.18647925327890158,0.5006592445686986,80
historical80,endpoint_wasserstein1,onset_minus_baseline,8,1,9,all_common,cook_gap,flow,6320,321,0.05079113924050633,0.496784251165433,0.0491980284291017,0.5027260568863454,66
historical80,endpoint_wasserstein1,onset_minus_baseline,8,1,9,strong_fixed_support,randi_wild_type,flow,1051,139,0.13225499524262607,0.5691657200555346,0.16837444828154802,0.4910112056467447,27
historical80,endpoint_wasserstein1,onset_minus_baseline,8,1,9,strong_fixed_support,cook_struct,flow,4503,838,0.18609815678436598,0.5063485138069919,0.18629093563583218,0.49903061028996015,57
historical80,endpoint_wasserstein1,onset_minus_baseline,8,1,9,strong_fixed_support,cook_chem,flow,4503,746,0.16566733288918498,0.5139696338059929,0.17071783676436125,0.49300272291392994,57
historical80,endpoint_wasserstein1,onset_minus_baseline,8,1,9,strong_fixed_support,cook_gap,flow,4503,231,0.051299133910726186,0.4838898616988505,0.04734726097109748,0.4892389761685307,47
historical80,endpoint_wasserstein1,onset_minus_baseline,8,2,10,all_common,randi_wild_type,flow,1646,273,0.16585662211421628,0.544120118774161,0.1936013877178281,0.49277838106036387,44
historical80,endpoint_wasserstein1,onset_minus_baseline,8,2,10,all_common,cook_struct,flow,6320,1267,0.2004746835443038,0.5109085993129496,0.20423685618031978,0.5025291028345652,80
historical80,endpoint_wasserstein1,onset_minus_baseline,8,2,10,all_common,cook_chem,flow,6320,1145,0.18117088607594936,0.5153791954095732,0.1873747310465482,0.5004326124750644,80
historical80,endpoint_wasserstein1,onset_minus_baseline,8,2,10,all_common,cook_gap,flow,6320,321,0.05079113924050633,0.49972710924302544,0.04928137312214177,0.5108370790330633,66
historical80,endpoint_wasserstein1,onset_minus_baseline,8,2,10,strong_fixed_support,randi_wild_type,flow,1051,139,0.13225499524262607,0.5736069039505237,0.16937548168539165,0.49758334885343675,27
historical80,endpoint_wasserstein1,onset_minus_baseline,8,2,10,strong_fixed_support,cook_struct,flow,4503,838,0.18609815678436598,0.5086452835471971,0.18732656991166488,0.4957869927045282,57
historical80,endpoint_wasserstein1,onset_minus_baseline,8,2,10,strong_fixed_support,cook_chem,flow,4503,746,0.16566733288918498,0.5183564406316431,0.1721315699939988,0.49525418435227914,57
historical80,endpoint_wasserstein1,onset_minus_baseline,8,2,10,strong_fixed_support,cook_gap,flow,4503,231,0.051299133910726186,0.48767064708075947,0.0475775760862751,0.4925217064544761,47
historical80,endpoint_wasserstein1,onset_minus_baseline,8,4,12,all_common,randi_wild_type,flow,1646,273,0.16585662211421628,0.5482313268183626,0.19172196920575846,0.49501721138048754,44
historical80,endpoint_wasserstein1,onset_minus_baseline,8,4,12,all_common,cook_struct,flow,6320,1267,0.2004746835443038,0.5163305270369287,0.20735112072416606,0.5037933261154,80
historical80,endpoint_wasserstein1,onset_minus_baseline,8,4,12,all_common,cook_chem,flow,6320,1145,0.18117088607594936,0.5197611965487416,0.18934663546942354,0.499045396817326,80
historical80,endpoint_wasserstein1,onset_minus_baseline,8,4,12,all_common,cook_gap,flow,6320,321,0.05079113924050633,0.5100564528148253,0.051458860828015145,0.5266797221894481,66
historical80,endpoint_wasserstein1,onset_minus_baseline,8,4,12,strong_fixed_support,randi_wild_type,flow,1051,139,0.13225499524262607,0.5696232487694056,0.17098421834815322,0.48080134678659864,27
historical80,endpoint_wasserstein1,onset_minus_baseline,8,4,12,strong_fixed_support,cook_struct,flow,4503,838,0.18609815678436598,0.5137988519407282,0.1903102369833615,0.4953022119626882,57
historical80,endpoint_wasserstein1,onset_minus_baseline,8,4,12,strong_fixed_support,cook_chem,flow,4503,746,0.16566733288918498,0.5223386407927721,0.17417071229540948,0.4915957946520086,57
historical80,endpoint_wasserstein1,onset_minus_baseline,8,4,12,strong_fixed_support,cook_gap,flow,4503,231,0.051299133910726186,0.5019891937026768,0.04969747975366603,0.5091099495110845,47
historical80,endpoint_wasserstein1,onset_minus_baseline,8,8,16,all_common,randi_wild_type,flow,1646,273,0.16585662211421628,0.5558508012987255,0.1937119361356035,0.4949994146752561,44
historical80,endpoint_wasserstein1,onset_minus_baseline,8,8,16,all_common,cook_struct,flow,6320,1267,0.2004746835443038,0.5184848029982423,0.20894157270692726,0.5008107398740774,80
historical80,endpoint_wasserstein1,onset_minus_baseline,8,8,16,all_common,cook_chem,flow,6320,1145,0.18117088607594936,0.5202283399784824,0.19030833113840695,0.4976109479990482,80
historical80,endpoint_wasserstein1,onset_minus_baseline,8,8,16,all_common,cook_gap,flow,6320,321,0.05079113924050633,0.5088615496144477,0.05183714887223212,0.5341968278461902,66
historical80,endpoint_wasserstein1,onset_minus_baseline,8,8,16,strong_fixed_support,randi_wild_type,flow,1051,139,0.13225499524262607,0.572668181244478,0.17747264697255932,0.47870327948838515,27
historical80,endpoint_wasserstein1,onset_minus_baseline,8,8,16,strong_fixed_support,cook_struct,flow,4503,838,0.18609815678436598,0.514522656751116,0.19046395378344522,0.48729935966833704,57
historical80,endpoint_wasserstein1,onset_minus_baseline,8,8,16,strong_fixed_support,cook_chem,flow,4503,746,0.16566733288918498,0.5215950779278145,0.1736548606447139,0.48619690117328046,57
historical80,endpoint_wasserstein1,onset_minus_baseline,8,8,16,strong_fixed_support,cook_gap,flow,4503,231,0.051299133910726186,0.5055186698445125,0.050371462031518446,0.5118762187566249,47
historical80,endpoint_wasserstein1,onset_minus_baseline,8,16,24,all_common,randi_wild_type,flow,1646,273,0.16585662211421628,0.5759026115908854,0.20265559150008644,0.5219371982398635,44
historical80,endpoint_wasserstein1,onset_minus_baseline,8,16,24,all_common,cook_struct,flow,6320,1267,0.2004746835443038,0.5180377657446692,0.20768518439524775,0.507352210171349,80
historical80,endpoint_wasserstein1,onset_minus_baseline,8,16,24,all_common,cook_chem,flow,6320,1145,0.18117088607594936,0.5200972090374028,0.18939105251567073,0.5055303808052715,80
historical80,endpoint_wasserstein1,onset_minus_baseline,8,16,24,all_common,cook_gap,flow,6320,321,0.05079113924050633,0.5031113700673893,0.05002601566485728,0.5176734275597852,66
historical80,endpoint_wasserstein1,onset_minus_baseline,8,16,24,strong_fixed_support,randi_wild_type,flow,1051,139,0.13225499524262607,0.5887132399343683,0.17868459415931698,0.5009538860163182,27
historical80,endpoint_wasserstein1,onset_minus_baseline,8,16,24,strong_fixed_support,cook_struct,flow,4503,838,0.18609815678436598,0.5146789438896613,0.18957329443832904,0.49746063770730886,57
historical80,endpoint_wasserstein1,onset_minus_baseline,8,16,24,strong_fixed_support,cook_chem,flow,4503,746,0.16566733288918498,0.5221798665725677,0.1736304387691874,0.4990454468548945,57
historical80,endpoint_wasserstein1,onset_minus_baseline,8,16,24,strong_fixed_support,cook_gap,flow,4503,231,0.051299133910726186,0.5005309921040257,0.0488484087087159,0.49374137954915653,47
historical80,endpoint_wasserstein1,onset_minus_baseline,8,32,40,all_common,randi_wild_type,flow,1646,273,0.16585662211421628,0.5685232466004497,0.19759846976132542,0.4969181167750623,44
historical80,endpoint_wasserstein1,onset_minus_baseline,8,32,40,all_common,cook_struct,flow,6320,1267,0.2004746835443038,0.5044843522122486,0.1999624586879455,0.5020343227485832,80
historical80,endpoint_wasserstein1,onset_minus_baseline,8,32,40,all_common,cook_chem,flow,6320,1145,0.18117088607594936,0.5078805982743708,0.18217558315199256,0.504582516869807,80
historical80,endpoint_wasserstein1,onset_minus_baseline,8,32,40,all_common,cook_gap,flow,6320,321,0.05079113924050633,0.4853347832115321,0.04786335976983576,0.5128393851936138,66
historical80,endpoint_wasserstein1,onset_minus_baseline,8,32,40,strong_fixed_support,randi_wild_type,flow,1051,139,0.13225499524262607,0.5781585258109301,0.1672381397245971,0.4735409076283344,27
historical80,endpoint_wasserstein1,onset_minus_baseline,8,32,40,strong_fixed_support,cook_struct,flow,4503,838,0.18609815678436598,0.5010718692918564,0.18172118966734385,0.4960778386587695,57
historical80,endpoint_wasserstein1,onset_minus_baseline,8,32,40,strong_fixed_support,cook_chem,flow,4503,746,0.16566733288918498,0.5101051763250155,0.1652323508729635,0.5033778043734152,57
historical80,endpoint_wasserstein1,onset_minus_baseline,8,32,40,strong_fixed_support,cook_gap,flow,4503,231,0.051299133910726186,0.4776284109149278,0.04677062377006997,0.48126111667040217,47
historical80,endpoint_wasserstein1,onset_minus_baseline,16,1,17,all_common,randi_wild_type,flow,1646,273,0.16585662211421628,0.5298362720067018,0.17191374661933745,0.49269111866430926,44
historical80,endpoint_wasserstein1,onset_minus_baseline,16,1,17,all_common,cook_struct,flow,6320,1267,0.2004746835443038,0.5056606756073075,0.20702734400523937,0.4917784582128423,80
historical80,endpoint_wasserstein1,onset_minus_baseline,16,1,17,all_common,cook_chem,flow,6320,1145,0.18117088607594936,0.5052946016074932,0.18833214523708347,0.4703588363230575,80
historical80,endpoint_wasserstein1,onset_minus_baseline,16,1,17,all_common,cook_gap,flow,6320,321,0.05079113924050633,0.5149944513078244,0.05655987585215907,0.5524141433099603,66
historical80,endpoint_wasserstein1,onset_minus_baseline,16,1,17,strong_fixed_support,randi_wild_type,flow,1051,139,0.13225499524262607,0.5035340148933485,0.13082832768550243,0.4839132044507828,27
historical80,endpoint_wasserstein1,onset_minus_baseline,16,1,17,strong_fixed_support,cook_struct,flow,4503,838,0.18609815678436598,0.4996464003490413,0.19116760499229746,0.48663428118341107,57
historical80,endpoint_wasserstein1,onset_minus_baseline,16,1,17,strong_fixed_support,cook_chem,flow,4503,746,0.16566733288918498,0.5009779778372596,0.17153333846731092,0.462661687311866,57
historical80,endpoint_wasserstein1,onset_minus_baseline,16,1,17,strong_fixed_support,cook_gap,flow,4503,231,0.051299133910726186,0.5142253190005999,0.059484210719874045,0.5204736049732491,47
historical80,endpoint_wasserstein1,onset_minus_baseline,16,2,18,all_common,randi_wild_type,flow,1646,273,0.16585662211421628,0.5145226223157761,0.16894696661613817,0.46807973080894827,44
historical80,endpoint_wasserstein1,onset_minus_baseline,16,2,18,all_common,cook_struct,flow,6320,1267,0.2004746835443038,0.5057309644836555,0.20785548164034331,0.4855934706480484,80
historical80,endpoint_wasserstein1,onset_minus_baseline,16,2,18,all_common,cook_chem,flow,6320,1145,0.18117088607594936,0.5066734172942641,0.18956165311547596,0.4701583214630151,80
historical80,endpoint_wasserstein1,onset_minus_baseline,16,2,18,all_common,cook_gap,flow,6320,321,0.05079113924050633,0.5114289557086098,0.05660811623540233,0.5525800548625784,66
historical80,endpoint_wasserstein1,onset_minus_baseline,16,2,18,strong_fixed_support,randi_wild_type,flow,1051,139,0.13225499524262607,0.4902420169127856,0.12830977683154596,0.4496330355651176,27
historical80,endpoint_wasserstein1,onset_minus_baseline,16,2,18,strong_fixed_support,cook_struct,flow,4503,838,0.18609815678436598,0.5004174168991982,0.1921328652912904,0.48218027819451736,57
historical80,endpoint_wasserstein1,onset_minus_baseline,16,2,18,strong_fixed_support,cook_chem,flow,4503,746,0.16566733288918498,0.5029960160158589,0.17251402469234028,0.4653501001297138,57
historical80,endpoint_wasserstein1,onset_minus_baseline,16,2,18,strong_fixed_support,cook_gap,flow,4503,231,0.051299133910726186,0.510177010879258,0.05939158115051983,0.5200004537810943,47
historical80,endpoint_wasserstein1,onset_minus_baseline,16,4,20,all_common,randi_wild_type,flow,1646,273,0.16585662211421628,0.5244631551987706,0.1723539300087616,0.4994363051936768,44
historical80,endpoint_wasserstein1,onset_minus_baseline,16,4,20,all_common,cook_struct,flow,6320,1267,0.2004746835443038,0.5054177884901496,0.20622789982124043,0.4927959688937801,80
historical80,endpoint_wasserstein1,onset_minus_baseline,16,4,20,all_common,cook_chem,flow,6320,1145,0.18117088607594936,0.5060845938020799,0.18742626971388532,0.4770238805874101,80
historical80,endpoint_wasserstein1,onset_minus_baseline,16,4,20,all_common,cook_gap,flow,6320,321,0.05079113924050633,0.5123912136965714,0.05641089525156507,0.5617002797195714,66
historical80,endpoint_wasserstein1,onset_minus_baseline,16,4,20,strong_fixed_support,randi_wild_type,flow,1051,139,0.13225499524262607,0.4993768143380033,0.12953806056356343,0.4707087806889748,27
historical80,endpoint_wasserstein1,onset_minus_baseline,16,4,20,strong_fixed_support,cook_struct,flow,4503,838,0.18609815678436598,0.49642949008065074,0.19094844684028986,0.48558671621622235,57
historical80,endpoint_wasserstein1,onset_minus_baseline,16,4,20,strong_fixed_support,cook_chem,flow,4503,746,0.16566733288918498,0.4990598425387891,0.17145129394817343,0.4691347295254508,57
historical80,endpoint_wasserstein1,onset_minus_baseline,16,4,20,strong_fixed_support,cook_gap,flow,4503,231,0.051299133910726186,0.5080722959936443,0.058971534423752726,0.5205599893393752,47
historical80,endpoint_wasserstein1,onset_minus_baseline,16,8,24,all_common,randi_wild_type,flow,1646,273,0.16585662211421628,0.5244204690672281,0.17151958064986023,0.5138273956954021,44
historical80,endpoint_wasserstein1,onset_minus_baseline,16,8,24,all_common,cook_struct,flow,6320,1267,0.2004746835443038,0.5052039541085488,0.20633141132645685,0.4897667719371256,80
historical80,endpoint_wasserstein1,onset_minus_baseline,16,8,24,all_common,cook_chem,flow,6320,1145,0.18117088607594936,0.5061242537392148,0.18765371222301871,0.47357251015931257,80
historical80,endpoint_wasserstein1,onset_minus_baseline,16,8,24,all_common,cook_gap,flow,6320,321,0.05079113924050633,0.517010882914546,0.05614357737941269,0.5633044985040665,66
historical80,endpoint_wasserstein1,onset_minus_baseline,16,8,24,strong_fixed_support,randi_wild_type,flow,1051,139,0.13225499524262607,0.508724599267954,0.13162957895577043,0.5002053572887016,27
historical80,endpoint_wasserstein1,onset_minus_baseline,16,8,24,strong_fixed_support,cook_struct,flow,4503,838,0.18609815678436598,0.49655972936277176,0.19111254138674363,0.4789449028994598,57
historical80,endpoint_wasserstein1,onset_minus_baseline,16,8,24,strong_fixed_support,cook_chem,flow,4503,746,0.16566733288918498,0.5006283177568093,0.1722580304225927,0.4628569253369373,57
historical80,endpoint_wasserstein1,onset_minus_baseline,16,8,24,strong_fixed_support,cook_gap,flow,4503,231,0.051299133910726186,0.5115733985116008,0.05827553034867109,0.525706556652638,47
historical80,endpoint_wasserstein1,onset_minus_baseline,16,16,32,all_common,randi_wild_type,flow,1646,273,0.16585662211421628,0.5285583559436436,0.17548338695482968,0.5124157347063876,44
historical80,endpoint_wasserstein1,onset_minus_baseline,16,16,32,all_common,cook_struct,flow,6320,1267,0.2004746835443038,0.4986633398681162,0.2065438863636892,0.49117942179280344,80
historical80,endpoint_wasserstein1,onset_minus_baseline,16,16,32,all_common,cook_chem,flow,6320,1145,0.18117088607594936,0.5004680716410355,0.18877324310174598,0.4744583291091741,80
historical80,endpoint_wasserstein1,onset_minus_baseline,16,16,32,all_common,cook_gap,flow,6320,321,0.05079113924050633,0.49131137640281686,0.0552508518681656,0.5392121108498457,66
historical80,endpoint_wasserstein1,onset_minus_baseline,16,16,32,strong_fixed_support,randi_wild_type,flow,1051,139,0.13225499524262607,0.5059952038369304,0.13296686136314653,0.5002984264435437,27
historical80,endpoint_wasserstein1,onset_minus_baseline,16,16,32,strong_fixed_support,cook_struct,flow,4503,838,0.18609815678436598,0.4927850693686976,0.19239419364040017,0.48786062271530023,57
historical80,endpoint_wasserstein1,onset_minus_baseline,16,16,32,strong_fixed_support,cook_chem,flow,4503,746,0.16566733288918498,0.4963585400193098,0.1735292258611021,0.469658087173311,57
historical80,endpoint_wasserstein1,onset_minus_baseline,16,16,32,strong_fixed_support,cook_gap,flow,4503,231,0.051299133910726186,0.4857554274689106,0.05656340641079931,0.5088645031362115,47
historical80,endpoint_wasserstein1,onset_minus_baseline,16,32,48,all_common,randi_wild_type,flow,1646,273,0.16585662211421628,0.5168997062660573,0.17933293738956774,0.5060247453762088,44
historical80,endpoint_wasserstein1,onset_minus_baseline,16,32,48,all_common,cook_struct,flow,6320,1267,0.2004746835443038,0.5091329460988971,0.21028681950124473,0.4928908730932887,80
historical80,endpoint_wasserstein1,onset_minus_baseline,16,32,48,all_common,cook_chem,flow,6320,1145,0.18117088607594936,0.5166530388372045,0.1939437919486201,0.48565934969533375,80
historical80,endpoint_wasserstein1,onset_minus_baseline,16,32,48,all_common,cook_gap,flow,6320,321,0.05079113924050633,0.4806725316109279,0.052567807755793436,0.507958892548207,66
historical80,endpoint_wasserstein1,onset_minus_baseline,16,32,48,strong_fixed_support,randi_wild_type,flow,1051,139,0.13225499524262607,0.5163448188817368,0.1344044133255159,0.4925228557249644,27
historical80,endpoint_wasserstein1,onset_minus_baseline,16,32,48,strong_fixed_support,cook_struct,flow,4503,838,0.18609815678436598,0.5021824847701439,0.19530836364580217,0.49030206843190477,57
historical80,endpoint_wasserstein1,onset_minus_baseline,16,32,48,strong_fixed_support,cook_chem,flow,4503,746,0.16566733288918498,0.5091518174117875,0.1769125861978869,0.47953242852462014,57
historical80,endpoint_wasserstein1,onset_minus_baseline,16,32,48,strong_fixed_support,cook_gap,flow,4503,231,0.051299133910726186,0.4761023152877086,0.05576555019530304,0.4907939825854491,47
historical80,endpoint_wasserstein1,active_minus_baseline,1,1,2,all_common,randi_wild_type,flow,1646,273,0.16585662211421628,0.5311648778509668,0.18003680640384426,0.43824010223058957,44
historical80,endpoint_wasserstein1,active_minus_baseline,1,1,2,all_common,cook_struct,flow,6320,1267,0.2004746835443038,0.49159337229003186,0.19367964156248757,0.49278375998041124,80
historical80,endpoint_wasserstein1,active_minus_baseline,1,1,2,all_common,cook_chem,flow,6320,1145,0.18117088607594936,0.49998253275109167,0.17867582004257665,0.4962107814231512,80
historical80,endpoint_wasserstein1,active_minus_baseline,1,1,2,all_common,cook_gap,flow,6320,321,0.05079113924050633,0.45773309050989286,0.04411440123445347,0.4970136847432024,66
historical80,endpoint_wasserstein1,active_minus_baseline,1,1,2,strong_fixed_support,randi_wild_type,flow,1051,139,0.13225499524262607,0.5517796289284361,0.17999746462619662,0.4542891567446795,27
historical80,endpoint_wasserstein1,active_minus_baseline,1,1,2,strong_fixed_support,cook_struct,flow,4503,838,0.18609815678436598,0.5058383014192825,0.19872130163639706,0.509278102506319,57
historical80,endpoint_wasserstein1,active_minus_baseline,1,1,2,strong_fixed_support,cook_chem,flow,4503,746,0.16566733288918498,0.5146229272828343,0.18306478283317135,0.5135893847668346,57
historical80,endpoint_wasserstein1,active_minus_baseline,1,1,2,strong_fixed_support,cook_gap,flow,4503,231,0.051299133910726186,0.4829839324221346,0.04863157594248692,0.513672456563754,47
historical80,endpoint_wasserstein1,active_minus_baseline,1,2,3,all_common,randi_wild_type,flow,1646,273,0.16585662211421628,0.5436919235171238,0.1845272959179608,0.4581205985209222,44
historical80,endpoint_wasserstein1,active_minus_baseline,1,2,3,all_common,cook_struct,flow,6320,1267,0.2004746835443038,0.4860089991629376,0.19296810014462532,0.4881206471937231,80
historical80,endpoint_wasserstein1,active_minus_baseline,1,2,3,all_common,cook_chem,flow,6320,1145,0.18117088607594936,0.4935247136257198,0.1777375374346098,0.4888775554750458,80
historical80,endpoint_wasserstein1,active_minus_baseline,1,2,3,all_common,cook_gap,flow,6320,321,0.05079113924050633,0.45550634347676844,0.044065127171608896,0.5030801565060313,66
historical80,endpoint_wasserstein1,active_minus_baseline,1,2,3,strong_fixed_support,randi_wild_type,flow,1051,139,0.13225499524262607,0.556907105894232,0.17821389789455758,0.4676207796157641,27
historical80,endpoint_wasserstein1,active_minus_baseline,1,2,3,strong_fixed_support,cook_struct,flow,4503,838,0.18609815678436598,0.49920912195931977,0.19852101669075928,0.502439202015892,57
historical80,endpoint_wasserstein1,active_minus_baseline,1,2,3,strong_fixed_support,cook_chem,flow,4503,746,0.16566733288918498,0.50708846614113,0.18298227959294278,0.5033541644842734,57
historical80,endpoint_wasserstein1,active_minus_baseline,1,2,3,strong_fixed_support,cook_gap,flow,4503,231,0.051299133910726186,0.4809734585015485,0.04848470057689715,0.5180772128297076,47
historical80,endpoint_wasserstein1,active_minus_baseline,1,4,5,all_common,randi_wild_type,flow,1646,273,0.16585662211421628,0.541257480077582,0.18364228893004989,0.46555918055800816,44
historical80,endpoint_wasserstein1,active_minus_baseline,1,4,5,all_common,cook_struct,flow,6320,1267,0.2004746835443038,0.4873674488464892,0.19398917247508407,0.49636988850030905,80
historical80,endpoint_wasserstein1,active_minus_baseline,1,4,5,all_common,cook_chem,flow,6320,1145,0.18117088607594936,0.4935466531654114,0.17828687304996796,0.494595777797535,80
historical80,endpoint_wasserstein1,active_minus_baseline,1,4,5,all_common,cook_gap,flow,6320,321,0.05079113924050633,0.4563559139399661,0.044236483583946246,0.5157245396766836,66
historical80,endpoint_wasserstein1,active_minus_baseline,1,4,5,strong_fixed_support,randi_wild_type,flow,1051,139,0.13225499524262607,0.5488766881231857,0.18372233739807295,0.4801760169891496,27
historical80,endpoint_wasserstein1,active_minus_baseline,1,4,5,strong_fixed_support,cook_struct,flow,4503,838,0.18609815678436598,0.5016699931949975,0.20070917614625938,0.513946143081854,57
historical80,endpoint_wasserstein1,active_minus_baseline,1,4,5,strong_fixed_support,cook_chem,flow,4503,746,0.16566733288918498,0.507775655238015,0.18443401804209877,0.5117104996229744,57
historical80,endpoint_wasserstein1,active_minus_baseline,1,4,5,strong_fixed_support,cook_gap,flow,4503,231,0.051299133910726186,0.48048401348963143,0.048939960960367984,0.52660325165171,47
historical80,endpoint_wasserstein1,active_minus_baseline,1,8,9,all_common,randi_wild_type,flow,1646,273,0.16585662211421628,0.5403930859138434,0.18695520330940965,0.471905953931947,44
historical80,endpoint_wasserstein1,active_minus_baseline,1,8,9,all_common,cook_struct,flow,6320,1267,0.2004746835443038,0.488620777610525,0.1951217292716263,0.5092437991476,80
historical80,endpoint_wasserstein1,active_minus_baseline,1,8,9,all_common,cook_chem,flow,6320,1145,0.18117088607594936,0.4941947134147628,0.17910659833969084,0.5040903897195905,80
historical80,endpoint_wasserstein1,active_minus_baseline,1,8,9,all_common,cook_gap,flow,6320,321,0.05079113924050633,0.45824979137228994,0.04441098392893873,0.5400749543053088,66
historical80,endpoint_wasserstein1,active_minus_baseline,1,8,9,strong_fixed_support,randi_wild_type,flow,1051,139,0.13225499524262607,0.5438044301400984,0.17209069052351614,0.488744841129996,27
historical80,endpoint_wasserstein1,active_minus_baseline,1,8,9,strong_fixed_support,cook_struct,flow,4503,838,0.18609815678436598,0.5045678172221915,0.20119123974753356,0.5252415037489419,57
historical80,endpoint_wasserstein1,active_minus_baseline,1,8,9,strong_fixed_support,cook_chem,flow,4503,746,0.16566733288918498,0.5101533437850776,0.18479028655951435,0.5195501509722539,57
historical80,endpoint_wasserstein1,active_minus_baseline,1,8,9,strong_fixed_support,cook_gap,flow,4503,231,0.051299133910726186,0.47778649253368355,0.04858150998344033,0.5480056904914592,47
historical80,endpoint_wasserstein1,active_minus_baseline,1,16,17,all_common,randi_wild_type,flow,1646,273,0.16585662211421628,0.5474362976183806,0.19210849446510217,0.5044417524726285,44
historical80,endpoint_wasserstein1,active_minus_baseline,1,16,17,all_common,cook_struct,flow,6320,1267,0.2004746835443038,0.47727966741178085,0.19234813845824206,0.5039583769754721,80
historical80,endpoint_wasserstein1,active_minus_baseline,1,16,17,all_common,cook_chem,flow,6320,1145,0.18117088607594936,0.4798460013079341,0.175351182392744,0.49717714698471915,80
historical80,endpoint_wasserstein1,active_minus_baseline,1,16,17,all_common,cook_gap,flow,6320,321,0.05079113924050633,0.44178806540446247,0.04341963318233556,0.5372154040511586,66
historical80,endpoint_wasserstein1,active_minus_baseline,1,16,17,strong_fixed_support,randi_wild_type,flow,1051,139,0.13225499524262607,0.5434967815221506,0.16518724971526627,0.5144945817738145,27
historical80,endpoint_wasserstein1,active_minus_baseline,1,16,17,strong_fixed_support,cook_struct,flow,4503,838,0.18609815678436598,0.48776646143126456,0.19391554502976632,0.5100422117546999,57
historical80,endpoint_wasserstein1,active_minus_baseline,1,16,17,strong_fixed_support,cook_chem,flow,4503,746,0.16566733288918498,0.49078378091012953,0.17604311007036097,0.504279067024169,57
historical80,endpoint_wasserstein1,active_minus_baseline,1,16,17,strong_fixed_support,cook_gap,flow,4503,231,0.051299133910726186,0.46770777599429286,0.04833479825198294,0.5460128000100263,47
historical80,endpoint_wasserstein1,active_minus_baseline,1,32,33,all_common,randi_wild_type,flow,1646,273,0.16585662211421628,0.5243617756363568,0.18747175339334177,0.49959596897603586,44
historical80,endpoint_wasserstein1,active_minus_baseline,1,32,33,all_common,cook_struct,flow,6320,1267,0.2004746835443038,0.46808877203927246,0.1884893202653759,0.5037225193989942,80
historical80,endpoint_wasserstein1,active_minus_baseline,1,32,33,all_common,cook_chem,flow,6320,1145,0.18117088607594936,0.47210986646414776,0.1726943145455008,0.505607918654637,80
historical80,endpoint_wasserstein1,active_minus_baseline,1,32,33,all_common,cook_gap,flow,6320,321,0.05079113924050633,0.43947823079547527,0.04269142679542298,0.5177862591214384,66
historical80,endpoint_wasserstein1,active_minus_baseline,1,32,33,strong_fixed_support,randi_wild_type,flow,1051,139,0.13225499524262607,0.4979726744919854,0.14603858405497533,0.4964911005216513,27
historical80,endpoint_wasserstein1,active_minus_baseline,1,32,33,strong_fixed_support,cook_struct,flow,4503,838,0.18609815678436598,0.47014948213605445,0.18115238071777767,0.5081987103444421,57
historical80,endpoint_wasserstein1,active_minus_baseline,1,32,33,strong_fixed_support,cook_chem,flow,4503,746,0.16566733288918498,0.47140065978716406,0.16314041150002107,0.5123897004616572,57
historical80,endpoint_wasserstein1,active_minus_baseline,1,32,33,strong_fixed_support,cook_gap,flow,4503,231,0.051299133910726186,0.4557797071842015,0.04621050169454,0.5133051877107287,47
historical80,endpoint_wasserstein1,active_minus_baseline,4,1,5,all_common,randi_wild_type,flow,1646,273,0.16585662211421628,0.5683498341910578,0.18884575690069424,0.49594050131309725,44
historical80,endpoint_wasserstein1,active_minus_baseline,4,1,5,all_common,cook_struct,flow,6320,1267,0.2004746835443038,0.488065026894867,0.19675653981966734,0.5067055463621937,80
historical80,endpoint_wasserstein1,active_minus_baseline,4,1,5,all_common,cook_chem,flow,6320,1145,0.18117088607594936,0.4943408645022467,0.1811631731161768,0.4934889205742138,80
historical80,endpoint_wasserstein1,active_minus_baseline,4,1,5,all_common,cook_gap,flow,6320,321,0.05079113924050633,0.44347214670773266,0.04363848926937959,0.5033751119393501,66
historical80,endpoint_wasserstein1,active_minus_baseline,4,1,5,strong_fixed_support,randi_wild_type,flow,1051,139,0.13225499524262607,0.5851792250410198,0.18866297476791596,0.5003030470064423,27
historical80,endpoint_wasserstein1,active_minus_baseline,4,1,5,strong_fixed_support,cook_struct,flow,4503,838,0.18609815678436598,0.4917210144337684,0.18806045326967274,0.5010620756495521,57
historical80,endpoint_wasserstein1,active_minus_baseline,4,1,5,strong_fixed_support,cook_chem,flow,4503,746,0.16566733288918498,0.4969765106921058,0.1709563783059363,0.4818030712556005,57
historical80,endpoint_wasserstein1,active_minus_baseline,4,1,5,strong_fixed_support,cook_gap,flow,4503,231,0.051299133910726186,0.45994150980106036,0.048024774629064446,0.5179509479459714,47
historical80,endpoint_wasserstein1,active_minus_baseline,4,2,6,all_common,randi_wild_type,flow,1646,273,0.16585662211421628,0.5738109911452955,0.1936855832661259,0.4963264839891057,44
historical80,endpoint_wasserstein1,active_minus_baseline,4,2,6,all_common,cook_struct,flow,6320,1267,0.2004746835443038,0.4862275194696283,0.1963351435049911,0.5148421687630572,80
historical80,endpoint_wasserstein1,active_minus_baseline,4,2,6,all_common,cook_chem,flow,6320,1145,0.18117088607594936,0.49146779739678925,0.18056461547136224,0.5027381462274556,80
historical80,endpoint_wasserstein1,active_minus_baseline,4,2,6,all_common,cook_gap,flow,6320,321,0.05079113924050633,0.44055473420024827,0.04334788317420124,0.5088043565940354,66
historical80,endpoint_wasserstein1,active_minus_baseline,4,2,6,strong_fixed_support,randi_wild_type,flow,1051,139,0.13225499524262607,0.5852344440237284,0.18875028702926264,0.4994742201067674,27
historical80,endpoint_wasserstein1,active_minus_baseline,4,2,6,strong_fixed_support,cook_struct,flow,4503,838,0.18609815678436598,0.49251938123317063,0.1881670865122923,0.5120075285534083,57
historical80,endpoint_wasserstein1,active_minus_baseline,4,2,6,strong_fixed_support,cook_chem,flow,4503,746,0.16566733288918498,0.49581264213860665,0.17064732226830506,0.493915717002081,57
historical80,endpoint_wasserstein1,active_minus_baseline,4,2,6,strong_fixed_support,cook_gap,flow,4503,231,0.051299133910726186,0.46250932276213175,0.04820782738248182,0.5239898836845649,47
historical80,endpoint_wasserstein1,active_minus_baseline,4,4,8,all_common,randi_wild_type,flow,1646,273,0.16585662211421628,0.5807634948203048,0.19826249830820858,0.4902865999384394,44
historical80,endpoint_wasserstein1,active_minus_baseline,4,4,8,all_common,cook_struct,flow,6320,1267,0.2004746835443038,0.4857667368357916,0.19765344372834845,0.5185380708962974,80
historical80,endpoint_wasserstein1,active_minus_baseline,4,4,8,all_common,cook_chem,flow,6320,1145,0.18117088607594936,0.49179486530388367,0.1820488289804278,0.5042921236690098,80
historical80,endpoint_wasserstein1,active_minus_baseline,4,4,8,all_common,cook_gap,flow,6320,321,0.05079113924050633,0.443949380971595,0.04370276915211858,0.5329396522573517,66
historical80,endpoint_wasserstein1,active_minus_baseline,4,4,8,strong_fixed_support,randi_wild_type,flow,1051,139,0.13225499524262607,0.5834516597248516,0.19106810895928467,0.4893229127281864,27
historical80,endpoint_wasserstein1,active_minus_baseline,4,4,8,strong_fixed_support,cook_struct,flow,4503,838,0.18609815678436598,0.490488950824903,0.18848104752969358,0.5128014688335528,57
historical80,endpoint_wasserstein1,active_minus_baseline,4,4,8,strong_fixed_support,cook_chem,flow,4503,746,0.16566733288918498,0.4947832856772809,0.17126917714907858,0.4926313911245335,57
historical80,endpoint_wasserstein1,active_minus_baseline,4,4,8,strong_fixed_support,cook_gap,flow,4503,231,0.051299133910726186,0.46590909090909094,0.0483983736203949,0.5381911654053793,47
historical80,endpoint_wasserstein1,active_minus_baseline,4,8,12,all_common,randi_wild_type,flow,1646,273,0.16585662211421628,0.571233815953408,0.19740992285838593,0.49636823581634454,44
historical80,endpoint_wasserstein1,active_minus_baseline,4,8,12,all_common,cook_struct,flow,6320,1267,0.2004746835443038,0.4884185018441458,0.19936893095842662,0.5233930619840297,80
historical80,endpoint_wasserstein1,active_minus_baseline,4,8,12,all_common,cook_chem,flow,6320,1145,0.18117088607594936,0.4946664135181318,0.1834741407484592,0.5136927181021791,80
historical80,endpoint_wasserstein1,active_minus_baseline,4,8,12,all_common,cook_gap,flow,6320,321,0.05079113924050633,0.44716071577869415,0.04416254958567716,0.5339882741262978,66
historical80,endpoint_wasserstein1,active_minus_baseline,4,8,12,strong_fixed_support,randi_wild_type,flow,1051,139,0.13225499524262607,0.5657263662754007,0.18270913645225623,0.482589035589477,27
historical80,endpoint_wasserstein1,active_minus_baseline,4,8,12,strong_fixed_support,cook_struct,flow,4503,838,0.18609815678436598,0.4854936231591491,0.1870985938387302,0.509916849270508,57
historical80,endpoint_wasserstein1,active_minus_baseline,4,8,12,strong_fixed_support,cook_chem,flow,4503,746,0.16566733288918498,0.49058665111987565,0.16996934680157455,0.4966822863073684,57
historical80,endpoint_wasserstein1,active_minus_baseline,4,8,12,strong_fixed_support,cook_gap,flow,4503,231,0.051299133910726186,0.4517607860304489,0.04676202718757279,0.5193717642300029,47
historical80,endpoint_wasserstein1,active_minus_baseline,4,16,20,all_common,randi_wild_type,flow,1646,273,0.16585662211421628,0.5744192685197784,0.2008295530063353,0.521614558891039,44
historical80,endpoint_wasserstein1,active_minus_baseline,4,16,20,all_common,cook_struct,flow,6320,1267,0.2004746835443038,0.49131487214219094,0.20050387555047663,0.5256047010771736,80
historical80,endpoint_wasserstein1,active_minus_baseline,4,16,20,all_common,cook_chem,flow,6320,1145,0.18117088607594936,0.495067232031728,0.18444048163793816,0.5168051110683421,80
historical80,endpoint_wasserstein1,active_minus_baseline,4,16,20,all_common,cook_gap,flow,6320,321,0.05079113924050633,0.4504509837828631,0.04401931276303692,0.5405726987268177,66
historical80,endpoint_wasserstein1,active_minus_baseline,4,16,20,strong_fixed_support,randi_wild_type,flow,1051,139,0.13225499524262607,0.5606146661618074,0.18055365535861895,0.5078324850494654,27
historical80,endpoint_wasserstein1,active_minus_baseline,4,16,20,strong_fixed_support,cook_struct,flow,4503,838,0.18609815678436598,0.4828566032944026,0.18759313244826314,0.510207030944517,57
historical80,endpoint_wasserstein1,active_minus_baseline,4,16,20,strong_fixed_support,cook_chem,flow,4503,746,0.16566733288918498,0.48725453327158386,0.1713264784739452,0.5017753295708433,57
historical80,endpoint_wasserstein1,active_minus_baseline,4,16,20,strong_fixed_support,cook_gap,flow,4503,231,0.051299133910726186,0.44879168896022825,0.04541933423944736,0.5164671033761803,47
historical80,endpoint_wasserstein1,active_minus_baseline,4,32,36,all_common,randi_wild_type,flow,1646,273,0.16585662211421628,0.5722556152272102,0.1991313174596818,0.5289899358437804,44
historical80,endpoint_wasserstein1,active_minus_baseline,4,32,36,all_common,cook_struct,flow,6320,1267,0.2004746835443038,0.4944920074518705,0.19925736662613305,0.5199956642263566,80
historical80,endpoint_wasserstein1,active_minus_baseline,4,32,36,all_common,cook_chem,flow,6320,1145,0.18117088607594936,0.5027546779739678,0.18483729949284033,0.5172085048950922,80
historical80,endpoint_wasserstein1,active_minus_baseline,4,32,36,all_common,cook_gap,flow,6320,321,0.05079113924050633,0.45004047922836565,0.0437794883542778,0.5097300107320707,66
historical80,endpoint_wasserstein1,active_minus_baseline,4,32,36,strong_fixed_support,randi_wild_type,flow,1051,139,0.13225499524262607,0.5228685472674492,0.16301856682865487,0.5041471309633777,27
historical80,endpoint_wasserstein1,active_minus_baseline,4,32,36,strong_fixed_support,cook_struct,flow,4503,838,0.18609815678436598,0.4777154076326731,0.18287466986809875,0.5151569529925987,57
historical80,endpoint_wasserstein1,active_minus_baseline,4,32,36,strong_fixed_support,cook_chem,flow,4503,746,0.16566733288918498,0.4875117831879152,0.16866490970536224,0.513121856703514,57
historical80,endpoint_wasserstein1,active_minus_baseline,4,32,36,strong_fixed_support,cook_gap,flow,4503,231,0.051299133910726186,0.4408257940561311,0.04334662377750907,0.48755240320171983,47
historical80,endpoint_wasserstein1,active_minus_baseline,8,1,9,all_common,randi_wild_type,flow,1646,273,0.16585662211421628,0.5732854181506767,0.19772303727840168,0.5157769987131148,44
historical80,endpoint_wasserstein1,active_minus_baseline,8,1,9,all_common,cook_struct,flow,6320,1267,0.2004746835443038,0.4978488479887463,0.20243451491436196,0.5195808729481652,80
historical80,endpoint_wasserstein1,active_minus_baseline,8,1,9,all_common,cook_chem,flow,6320,1145,0.18117088607594936,0.5028995633187773,0.18703991203251513,0.5083294791638701,80
historical80,endpoint_wasserstein1,active_minus_baseline,8,1,9,all_common,cook_gap,flow,6320,321,0.05079113924050633,0.46744628777693475,0.04602366510522068,0.5380841195974223,66
historical80,endpoint_wasserstein1,active_minus_baseline,8,1,9,strong_fixed_support,randi_wild_type,flow,1051,139,0.13225499524262607,0.5540514956455888,0.17195984281285648,0.5086399493862234,27
historical80,endpoint_wasserstein1,active_minus_baseline,8,1,9,strong_fixed_support,cook_struct,flow,4503,838,0.18609815678436598,0.4957911547991548,0.18848345977309577,0.5198461881504831,57
historical80,endpoint_wasserstein1,active_minus_baseline,8,1,9,strong_fixed_support,cook_chem,flow,4503,746,0.16566733288918498,0.4968361114659249,0.1698743032548552,0.5048739652153365,57
historical80,endpoint_wasserstein1,active_minus_baseline,8,1,9,strong_fixed_support,cook_gap,flow,4503,231,0.051299133910726186,0.5042150031616324,0.05757047065035996,0.560416656290447,47
historical80,endpoint_wasserstein1,active_minus_baseline,8,2,10,all_common,randi_wild_type,flow,1646,273,0.16585662211421628,0.5654605166622647,0.19701411487711817,0.5023688315445637,44
historical80,endpoint_wasserstein1,active_minus_baseline,8,2,10,all_common,cook_struct,flow,6320,1267,0.2004746835443038,0.49335715449385686,0.20089208790079377,0.5130746467251053,80
historical80,endpoint_wasserstein1,active_minus_baseline,8,2,10,all_common,cook_chem,flow,6320,1145,0.18117088607594936,0.49876978250321713,0.18564926985033064,0.503312821793878,80
historical80,endpoint_wasserstein1,active_minus_baseline,8,2,10,all_common,cook_gap,flow,6320,321,0.05079113924050633,0.46479034148474385,0.04592951868604489,0.5349638239840994,66
historical80,endpoint_wasserstein1,active_minus_baseline,8,2,10,strong_fixed_support,randi_wild_type,flow,1051,139,0.13225499524262607,0.5457292061087972,0.17323295321905435,0.492420216477079,27
historical80,endpoint_wasserstein1,active_minus_baseline,8,2,10,strong_fixed_support,cook_struct,flow,4503,838,0.18609815678436598,0.4879964965633109,0.1847320295577365,0.5087519656583329,57
historical80,endpoint_wasserstein1,active_minus_baseline,8,2,10,strong_fixed_support,cook_chem,flow,4503,746,0.16566733288918498,0.4905488307438269,0.1665273428582543,0.49690445021722196,57
historical80,endpoint_wasserstein1,active_minus_baseline,8,2,10,strong_fixed_support,cook_gap,flow,4503,231,0.051299133910726186,0.4869086126108598,0.05577486312871747,0.5478787279253533,47
historical80,endpoint_wasserstein1,active_minus_baseline,8,4,12,all_common,randi_wild_type,flow,1646,273,0.16585662211421628,0.5599833524086983,0.19368546050250512,0.4976220433469221,44
historical80,endpoint_wasserstein1,active_minus_baseline,8,4,12,all_common,cook_struct,flow,6320,1267,0.2004746835443038,0.49494927564188973,0.20154118361868822,0.5139372030316853,80
historical80,endpoint_wasserstein1,active_minus_baseline,8,4,12,all_common,cook_chem,flow,6320,1145,0.18117088607594936,0.49950121300339645,0.18591303175699792,0.5038856613226612,80
historical80,endpoint_wasserstein1,active_minus_baseline,8,4,12,all_common,cook_gap,flow,6320,321,0.05079113924050633,0.4681315006291287,0.046515080027071685,0.5395752444291312,66
historical80,endpoint_wasserstein1,active_minus_baseline,8,4,12,strong_fixed_support,randi_wild_type,flow,1051,139,0.13225499524262607,0.5479852959737473,0.16794240216261422,0.4923614461585777,27
historical80,endpoint_wasserstein1,active_minus_baseline,8,4,12,strong_fixed_support,cook_struct,flow,4503,838,0.18609815678436598,0.4878405350229709,0.18501975520652444,0.5104701671910108,57
historical80,endpoint_wasserstein1,active_minus_baseline,8,4,12,strong_fixed_support,cook_chem,flow,4503,746,0.16566733288918498,0.4901642046553315,0.16660010952412507,0.498514743820235,57
historical80,endpoint_wasserstein1,active_minus_baseline,8,4,12,strong_fixed_support,cook_gap,flow,4503,231,0.051299133910726186,0.4890538612448725,0.05502394686838743,0.5527756062697016,47
historical80,endpoint_wasserstein1,active_minus_baseline,8,8,16,all_common,randi_wild_type,flow,1646,273,0.16585662211421628,0.5530521917994605,0.1923733973808539,0.49525501185133686,44
historical80,endpoint_wasserstein1,active_minus_baseline,8,8,16,all_common,cook_struct,flow,6320,1267,0.2004746835443038,0.49542458464350503,0.20129540785647115,0.5084777018025755,80
historical80,endpoint_wasserstein1,active_minus_baseline,8,8,16,all_common,cook_chem,flow,6320,1145,0.18117088607594936,0.4997634748855558,0.1853586252061875,0.49840338514898014,80
historical80,endpoint_wasserstein1,active_minus_baseline,8,8,16,all_common,cook_gap,flow,6320,321,0.05079113924050633,0.4748584784899248,0.04719348488799338,0.523193453847822,66
historical80,endpoint_wasserstein1,active_minus_baseline,8,8,16,strong_fixed_support,randi_wild_type,flow,1051,139,0.13225499524262607,0.5356083554209263,0.1637953669669957,0.481666640953187,27
historical80,endpoint_wasserstein1,active_minus_baseline,8,8,16,strong_fixed_support,cook_struct,flow,4503,838,0.18609815678436598,0.4843051897097943,0.18166873054903665,0.5056195208582056,57
historical80,endpoint_wasserstein1,active_minus_baseline,8,8,16,strong_fixed_support,cook_chem,flow,4503,746,0.16566733288918498,0.48586766721779756,0.1629600927318801,0.4934948093401552,57
historical80,endpoint_wasserstein1,active_minus_baseline,8,8,16,strong_fixed_support,cook_gap,flow,4503,231,0.051299133910726186,0.4884874021109976,0.053694730658647785,0.5327352040526395,47
historical80,endpoint_wasserstein1,active_minus_baseline,8,16,24,all_common,randi_wild_type,flow,1646,273,0.16585662211421628,0.5431596808144514,0.18967421431962303,0.4781960857384679,44
historical80,endpoint_wasserstein1,active_minus_baseline,8,16,24,all_common,cook_struct,flow,6320,1267,0.2004746835443038,0.4956028059944228,0.2001656286399185,0.5083057622852916,80
historical80,endpoint_wasserstein1,active_minus_baseline,8,16,24,all_common,cook_chem,flow,6320,1145,0.18117088607594936,0.5020559880176361,0.18459588298219093,0.5067958970106307,80
historical80,endpoint_wasserstein1,active_minus_baseline,8,16,24,all_common,cook_gap,flow,6320,321,0.05079113924050633,0.4734075616964198,0.04725457581566559,0.5104853463132409,66
historical80,endpoint_wasserstein1,active_minus_baseline,8,16,24,strong_fixed_support,randi_wild_type,flow,1051,139,0.13225499524262607,0.5245803357314148,0.16181489713497624,0.4799946205796863,27
historical80,endpoint_wasserstein1,active_minus_baseline,8,16,24,strong_fixed_support,cook_struct,flow,4503,838,0.18609815678436598,0.4756315791187359,0.17713935338079925,0.5071990696924831,57
historical80,endpoint_wasserstein1,active_minus_baseline,8,16,24,strong_fixed_support,cook_chem,flow,4503,746,0.16566733288918498,0.4785744001724038,0.1586990713782725,0.5059334313303689,57
historical80,endpoint_wasserstein1,active_minus_baseline,8,16,24,strong_fixed_support,cook_gap,flow,4503,231,0.051299133910726186,0.4756868443666196,0.051356771886673314,0.5032556177456277,47
historical80,endpoint_wasserstein1,active_minus_baseline,8,32,40,all_common,randi_wild_type,flow,1646,273,0.16585662211421628,0.5327496004844876,0.18865961325005987,0.4922560215073617,44
historical80,endpoint_wasserstein1,active_minus_baseline,8,32,40,all_common,cook_struct,flow,6320,1267,0.2004746835443038,0.4997317307886052,0.20093804816710734,0.5072641542370451,80
historical80,endpoint_wasserstein1,active_minus_baseline,8,32,40,all_common,cook_chem,flow,6320,1145,0.18117088607594936,0.503741957260089,0.18433992592430076,0.5017509104419695,80
historical80,endpoint_wasserstein1,active_minus_baseline,8,32,40,all_common,cook_gap,flow,6320,321,0.05079113924050633,0.4908003878112603,0.04873462744635189,0.4902939599533707,66
historical80,endpoint_wasserstein1,active_minus_baseline,8,32,40,strong_fixed_support,randi_wild_type,flow,1051,139,0.13225499524262607,0.49676574529849815,0.14634399789932495,0.5023659979586563,27
historical80,endpoint_wasserstein1,active_minus_baseline,8,32,40,strong_fixed_support,cook_struct,flow,4503,838,0.18609815678436598,0.4735252843286328,0.17367190437050065,0.5086972009086357,57
historical80,endpoint_wasserstein1,active_minus_baseline,8,32,40,strong_fixed_support,cook_chem,flow,4503,746,0.16566733288918498,0.47449443790714885,0.15458499194979028,0.5041480733285706,57
historical80,endpoint_wasserstein1,active_minus_baseline,8,32,40,strong_fixed_support,cook_gap,flow,4503,231,0.051299133910726186,0.4815470110413931,0.050426532463247284,0.4648851364633665,47
historical80,endpoint_wasserstein1,active_minus_baseline,16,1,17,all_common,randi_wild_type,flow,1646,273,0.16585662211421628,0.5799631298538801,0.19592993095631034,0.5359514585495113,44
historical80,endpoint_wasserstein1,active_minus_baseline,16,1,17,all_common,cook_struct,flow,6320,1267,0.2004746835443038,0.5241746094398586,0.21083342567615576,0.48844964535743235,80
historical80,endpoint_wasserstein1,active_minus_baseline,16,1,17,all_common,cook_chem,flow,6320,1145,0.18117088607594936,0.5259835875366538,0.19063448964765467,0.48029844683070877,80
historical80,endpoint_wasserstein1,active_minus_baseline,16,1,17,all_common,cook_gap,flow,6320,321,0.05079113924050633,0.49032419214209644,0.04998948138443208,0.48993641982739067,66
historical80,endpoint_wasserstein1,active_minus_baseline,16,1,17,strong_fixed_support,randi_wild_type,flow,1051,139,0.13225499524262607,0.5817319828347848,0.17165244131628066,0.5015986768895496,27
historical80,endpoint_wasserstein1,active_minus_baseline,16,1,17,strong_fixed_support,cook_struct,flow,4503,838,0.18609815678436598,0.5255695526606258,0.20400283131028085,0.4838584231929687,57
historical80,endpoint_wasserstein1,active_minus_baseline,16,1,17,strong_fixed_support,cook_chem,flow,4503,746,0.16566733288918498,0.5309998637039278,0.1826708685882489,0.47466902954378465,57
historical80,endpoint_wasserstein1,active_minus_baseline,16,1,17,strong_fixed_support,cook_gap,flow,4503,231,0.051299133910726186,0.4818662143100345,0.05150450197206444,0.4731192246271186,47
historical80,endpoint_wasserstein1,active_minus_baseline,16,2,18,all_common,randi_wild_type,flow,1646,273,0.16585662211421628,0.5655485568085714,0.19150462318392691,0.5139096826552433,44
historical80,endpoint_wasserstein1,active_minus_baseline,16,2,18,all_common,cook_struct,flow,6320,1267,0.2004746835443038,0.5274456194488384,0.21226857348913147,0.4927338842081472,80
historical80,endpoint_wasserstein1,active_minus_baseline,16,2,18,all_common,cook_chem,flow,6320,1145,0.18117088607594936,0.5291188321414256,0.1922425644994285,0.4830918964622768,80
historical80,endpoint_wasserstein1,active_minus_baseline,16,2,18,all_common,cook_gap,flow,6320,321,0.05079113924050633,0.493860607089759,0.049863573948787585,0.4834905992724056,66
historical80,endpoint_wasserstein1,active_minus_baseline,16,2,18,strong_fixed_support,randi_wild_type,flow,1051,139,0.13225499524262607,0.5747112836046951,0.16972242646390484,0.4926143261880832,27
historical80,endpoint_wasserstein1,active_minus_baseline,16,2,18,strong_fixed_support,cook_struct,flow,4503,838,0.18609815678436598,0.5227980607370892,0.20443905160299564,0.4820927107169091,57
historical80,endpoint_wasserstein1,active_minus_baseline,16,2,18,strong_fixed_support,cook_chem,flow,4503,746,0.16566733288918498,0.5284252237646117,0.18319097066117845,0.4715047514848762,57
historical80,endpoint_wasserstein1,active_minus_baseline,16,2,18,strong_fixed_support,cook_gap,flow,4503,231,0.051299133910726186,0.4760060476352611,0.051037711567880624,0.4601847546679698,47
historical80,endpoint_wasserstein1,active_minus_baseline,16,4,20,all_common,randi_wild_type,flow,1646,273,0.16585662211421628,0.5655925768817247,0.19159802341051319,0.5183177363206979,44
historical80,endpoint_wasserstein1,active_minus_baseline,16,4,20,all_common,cook_struct,flow,6320,1267,0.2004746835443038,0.5225251638082263,0.21105273476656167,0.4905497787172871,80
historical80,endpoint_wasserstein1,active_minus_baseline,16,4,20,all_common,cook_chem,flow,6320,1145,0.18117088607594936,0.5238562960150202,0.19108047470052875,0.4838532356438542,80
historical80,endpoint_wasserstein1,active_minus_baseline,16,4,20,all_common,cook_gap,flow,6320,321,0.05079113924050633,0.49047219188660207,0.04932347747950068,0.483796937214459,66
historical80,endpoint_wasserstein1,active_minus_baseline,16,4,20,strong_fixed_support,randi_wild_type,flow,1051,139,0.13225499524262607,0.5732913669064749,0.1679489329484864,0.4973640305930618,27
historical80,endpoint_wasserstein1,active_minus_baseline,16,4,20,strong_fixed_support,cook_struct,flow,4503,838,0.18609815678436598,0.5159692895772758,0.20181905699913327,0.47804263444041173,57
historical80,endpoint_wasserstein1,active_minus_baseline,16,4,20,strong_fixed_support,cook_chem,flow,4503,746,0.16566733288918498,0.5208186898308145,0.18124771299570805,0.4713566342544835,57
historical80,endpoint_wasserstein1,active_minus_baseline,16,4,20,strong_fixed_support,cook_gap,flow,4503,231,0.051299133910726186,0.46912645718825496,0.04946469282545954,0.45226530447516167,47
historical80,endpoint_wasserstein1,active_minus_baseline,16,8,24,all_common,randi_wild_type,flow,1646,273,0.16585662211421628,0.5598659655469561,0.1896823087950088,0.5087508297347587,44
historical80,endpoint_wasserstein1,active_minus_baseline,16,8,24,all_common,cook_struct,flow,6320,1267,0.2004746835443038,0.5258816138513447,0.21200753366169356,0.48707595327165,80
historical80,endpoint_wasserstein1,active_minus_baseline,16,8,24,all_common,cook_chem,flow,6320,1145,0.18117088607594936,0.5303579098369302,0.19246382718053448,0.4838917546110979,80
historical80,endpoint_wasserstein1,active_minus_baseline,16,8,24,all_common,cook_gap,flow,6320,321,0.05079113924050633,0.4828935663732117,0.048617724193845135,0.4827822017257112,66
historical80,endpoint_wasserstein1,active_minus_baseline,16,8,24,strong_fixed_support,randi_wild_type,flow,1051,139,0.13225499524262607,0.5695522529344945,0.1663041936508179,0.5040547555177125,27
historical80,endpoint_wasserstein1,active_minus_baseline,16,8,24,strong_fixed_support,cook_struct,flow,4503,838,0.18609815678436598,0.5241240594281844,0.2043206778475865,0.47949664625143607,57
historical80,endpoint_wasserstein1,active_minus_baseline,16,8,24,strong_fixed_support,cook_chem,flow,4503,746,0.16566733288918498,0.5358160745161311,0.18476816689271733,0.4795533607008689,57
historical80,endpoint_wasserstein1,active_minus_baseline,16,8,24,strong_fixed_support,cook_gap,flow,4503,231,0.051299133910726186,0.45594488220892726,0.04892256877934379,0.44402518242234407,47
historical80,endpoint_wasserstein1,active_minus_baseline,16,16,32,all_common,randi_wild_type,flow,1646,273,0.16585662211421628,0.5503949801109306,0.1894160575902485,0.4974582998776025,44
historical80,endpoint_wasserstein1,active_minus_baseline,16,16,32,all_common,cook_struct,flow,6320,1267,0.2004746835443038,0.5320688312412499,0.21356734300908903,0.5005460162821708,80
historical80,endpoint_wasserstein1,active_minus_baseline,16,16,32,all_common,cook_chem,flow,6320,1145,0.18117088607594936,0.5359483576988798,0.19452344661817672,0.4973504300402748,80
historical80,endpoint_wasserstein1,active_minus_baseline,16,16,32,all_common,cook_gap,flow,6320,321,0.05079113924050633,0.48434240597732015,0.04826721776853779,0.4807711707243968,66
historical80,endpoint_wasserstein1,active_minus_baseline,16,16,32,strong_fixed_support,randi_wild_type,flow,1051,139,0.13225499524262607,0.5560236021708949,0.16605696619377852,0.4758184716857425,27
historical80,endpoint_wasserstein1,active_minus_baseline,16,16,32,strong_fixed_support,cook_struct,flow,4503,838,0.18609815678436598,0.5302311421659442,0.20559595513882672,0.5018614872684534,57
historical80,endpoint_wasserstein1,active_minus_baseline,16,16,32,strong_fixed_support,cook_chem,flow,4503,746,0.16566733288918498,0.5410739987769033,0.18659132186495692,0.5023249481825033,57
historical80,endpoint_wasserstein1,active_minus_baseline,16,16,32,strong_fixed_support,cook_gap,flow,4503,231,0.051299133910726186,0.46451878333900803,0.04937727469381295,0.44922074701776366,47
historical80,endpoint_wasserstein1,active_minus_baseline,16,32,48,all_common,randi_wild_type,flow,1646,273,0.16585662211421628,0.5286704070389431,0.18488776240604654,0.47949333401363864,44
historical80,endpoint_wasserstein1,active_minus_baseline,16,32,48,all_common,cook_struct,flow,6320,1267,0.2004746835443038,0.5235437277252598,0.20985563966305754,0.49474124435560063,80
historical80,endpoint_wasserstein1,active_minus_baseline,16,32,48,all_common,cook_chem,flow,6320,1145,0.18117088607594936,0.5280956901461933,0.19162740635904538,0.49207471670387176,80
historical80,endpoint_wasserstein1,active_minus_baseline,16,32,48,all_common,cook_gap,flow,6320,321,0.05079113924050633,0.5050244615016313,0.05041581731460925,0.49441580572108257,66
historical80,endpoint_wasserstein1,active_minus_baseline,16,32,48,strong_fixed_support,randi_wild_type,flow,1051,139,0.13225499524262607,0.5203600277672599,0.15206867861743964,0.4827434049329878,27
historical80,endpoint_wasserstein1,active_minus_baseline,16,32,48,strong_fixed_support,cook_struct,flow,4503,838,0.18609815678436598,0.5205709690128189,0.19948534321071296,0.4993117560929805,57
historical80,endpoint_wasserstein1,active_minus_baseline,16,32,48,strong_fixed_support,cook_chem,flow,4503,746,0.16566733288918498,0.5281968743243176,0.1803116643032447,0.49911346003837825,57
historical80,endpoint_wasserstein1,active_minus_baseline,16,32,48,strong_fixed_support,cook_gap,flow,4503,231,0.051299133910726186,0.4959415584415584,0.05180522668044976,0.4767388643928261,47
historical80,published_sbtg,published_hybrid,1,0,1,all_common,randi_wild_type,published_sbtg,1646,273,0.16585662211421628,0.6302367212782362,0.30025857600226885,0.6151650287264242,44
historical80,published_sbtg,published_hybrid,1,0,1,all_common,cook_struct,published_sbtg,6320,1267,0.2004746835443038,0.5806514091904424,0.28876393256914845,0.5777366204483009,80
historical80,published_sbtg,published_hybrid,1,0,1,all_common,cook_chem,published_sbtg,6320,1145,0.18117088607594936,0.5697796342003671,0.25193280106824384,0.5571804125067615,80
historical80,published_sbtg,published_hybrid,1,0,1,all_common,cook_gap,published_sbtg,6320,321,0.05079113924050633,0.6132974395005606,0.10689812399758286,0.652018157954287,66
historical80,published_sbtg,published_hybrid,2,0,2,all_common,randi_wild_type,published_sbtg,1646,273,0.16585662211421628,0.47912247985081197,0.1592132537505747,0.4826638782969482,44
historical80,published_sbtg,published_hybrid,2,0,2,all_common,cook_struct,published_sbtg,6320,1267,0.2004746835443038,0.4980346449185594,0.20013426142622748,0.4985824503544329,80
historical80,published_sbtg,published_hybrid,2,0,2,all_common,cook_chem,published_sbtg,6320,1145,0.18117088607594936,0.49440027002510395,0.1795974789226626,0.49363863099944927,80
historical80,published_sbtg,published_hybrid,2,0,2,all_common,cook_gap,published_sbtg,6320,321,0.05079113924050633,0.48867386516652045,0.05388023347006229,0.46729242277835453,66
historical80,published_sbtg,published_hybrid,3,0,3,all_common,randi_wild_type,published_sbtg,1646,273,0.16585662211421628,0.46692491776249967,0.16218005842487676,0.45814573938818764,44
historical80,published_sbtg,published_hybrid,3,0,3,all_common,cook_struct,published_sbtg,6320,1267,0.2004746835443038,0.4965340555072818,0.20037674949378792,0.4940151593672207,80
historical80,published_sbtg,published_hybrid,3,0,3,all_common,cook_chem,published_sbtg,6320,1145,0.18117088607594936,0.4945560407569141,0.17988970916145636,0.48873372826282235,80
historical80,published_sbtg,published_hybrid,3,0,3,all_common,cook_gap,published_sbtg,6320,321,0.05079113924050633,0.5060604597131713,0.05371507696154447,0.5188151621698462,66
historical80,published_sbtg,published_hybrid,5,0,5,all_common,randi_wild_type,published_sbtg,1646,273,0.16585662211421628,0.5208721843827452,0.17868979424348475,0.5344121539148601,44
historical80,published_sbtg,published_hybrid,5,0,5,all_common,cook_struct,published_sbtg,6320,1267,0.2004746835443038,0.5175344973900178,0.21058316393868326,0.5103155665749973,80
historical80,published_sbtg,published_hybrid,5,0,5,all_common,cook_chem,published_sbtg,6320,1145,0.18117088607594936,0.5156514144674388,0.1895040360740418,0.5119638005787455,80
historical80,published_sbtg,published_hybrid,5,0,5,all_common,cook_gap,published_sbtg,6320,321,0.05079113924050633,0.5169516830167438,0.05549140768455817,0.5213055430732964,66
historical80,published_sbtg,published_hybrid,8,0,8,all_common,randi_wild_type,published_sbtg,1646,273,0.16585662211421628,0.5401903267890158,0.1983285501346127,0.5230365335326181,44
historical80,published_sbtg,published_hybrid,8,0,8,all_common,cook_struct,published_sbtg,6320,1267,0.2004746835443038,0.513657362970664,0.21629812134029744,0.5097979410185465,80
historical80,published_sbtg,published_hybrid,8,0,8,all_common,cook_chem,published_sbtg,6320,1145,0.18117088607594936,0.5115634031601375,0.1934846073422189,0.5072751511192211,80
historical80,published_sbtg,published_hybrid,8,0,8,all_common,cook_gap,published_sbtg,6320,321,0.05079113924050633,0.5138343410298394,0.05739465731183342,0.5125537976801007,66
historical80,published_sbtg,published_hybrid,10,0,10,all_common,randi_wild_type,published_sbtg,1646,273,0.16585662211421628,0.4953725565524546,0.16688021329659772,0.4898723166265173,44
historical80,published_sbtg,published_hybrid,10,0,10,all_common,cook_struct,published_sbtg,6320,1267,0.2004746835443038,0.49817272351120745,0.20016667909092692,0.503020123341097,80
historical80,published_sbtg,published_hybrid,10,0,10,all_common,cook_chem,published_sbtg,6320,1145,0.18117088607594936,0.4996522582958884,0.18007598499492244,0.501252217369702,80
historical80,published_sbtg,published_hybrid,10,0,10,all_common,cook_gap,published_sbtg,6320,321,0.05079113924050633,0.4924486375974397,0.054746856304348154,0.5061937399227225,66
historical80,published_sbtg,published_hybrid,15,0,15,all_common,randi_wild_type,published_sbtg,1646,273,0.16585662211421628,0.5001587390516742,0.18635440659742952,0.49942445543297787,44
historical80,published_sbtg,published_hybrid,15,0,15,all_common,cook_struct,published_sbtg,6320,1267,0.2004746835443038,0.507580967709134,0.2089745820022698,0.5124526587930396,80
historical80,published_sbtg,published_hybrid,15,0,15,all_common,cook_chem,published_sbtg,6320,1145,0.18117088607594936,0.507723477417041,0.1907440933574592,0.5103756413440331,80
historical80,published_sbtg,published_hybrid,15,0,15,all_common,cook_gap,published_sbtg,6320,321,0.05079113924050633,0.516654644933034,0.054191991610227835,0.537338404009715,66
historical80,published_sbtg,published_hybrid,20,0,20,all_common,randi_wild_type,published_sbtg,1646,273,0.16585662211421628,0.4979177171456851,0.16313558058551236,0.48835058098790385,44
historical80,published_sbtg,published_hybrid,20,0,20,all_common,cook_struct,published_sbtg,6320,1267,0.2004746835443038,0.49998851948352985,0.20124035620764097,0.503113684698894,80
historical80,published_sbtg,published_hybrid,20,0,20,all_common,cook_chem,published_sbtg,6320,1145,0.18117088607594936,0.4987345104740206,0.18120996574228024,0.49938747540996964,80
historical80,published_sbtg,published_hybrid,20,0,20,all_common,cook_gap,published_sbtg,6320,321,0.05079113924050633,0.5009993877484255,0.05177799753979301,0.5281439643286397,66
