cohort,channel,context,lag,horizon,comparison,scope,n_edges,spearman,rmse,sign_agreement
historical80,endpoint_mean,state_average,1,1,generator_0_vs_1,all,6320,0.6468196291104605,0.034628607,0.7384493670886076
historical80,endpoint_mean,state_average,1,1,generator_0_vs_1,strong,4503,0.6613397774149795,0.031125443,0.7410615145458583
historical80,endpoint_mean,state_average,1,1,generator_0_vs_2,all,6320,0.6487200639645411,0.03371599,0.7379746835443038
historical80,endpoint_mean,state_average,1,1,generator_0_vs_2,strong,4503,0.6588461676721846,0.030497318,0.7399511436819898
historical80,endpoint_mean,state_average,1,1,generator_1_vs_2,all,6320,0.6729182021194502,0.03297783,0.7507911392405063
historical80,endpoint_mean,state_average,1,1,generator_1_vs_2,strong,4503,0.6788284017401152,0.030008363,0.7492782589384854
historical80,endpoint_mean,state_average,1,1,independent_MC,all,6320,0.9015341929312392,0.017804118,0.8659810126582278
historical80,endpoint_mean,state_average,1,1,independent_MC,strong,4503,0.9147248387312124,0.0151111195,0.8765267599378193
historical80,endpoint_mean,state_average,1,1,direct_N4096,all,6320,0.8753569675731872,0.020249303,0.8387658227848102
historical80,endpoint_mean,state_average,1,1,direct_N4096,strong,4503,0.8812763706513759,0.018354177,0.841883188985121
historical80,endpoint_mean,state_average,1,2,generator_0_vs_1,all,6320,0.6650206573531177,0.034450464,0.7444620253164557
historical80,endpoint_mean,state_average,1,2,generator_0_vs_1,strong,4503,0.6759808471070737,0.031047527,0.7441705529646903
historical80,endpoint_mean,state_average,1,2,generator_0_vs_2,all,6320,0.6672091923713649,0.033474095,0.7447784810126582
historical80,endpoint_mean,state_average,1,2,generator_0_vs_2,strong,4503,0.674190802499205,0.030307453,0.746613368865201
historical80,endpoint_mean,state_average,1,2,generator_1_vs_2,all,6320,0.6911598420879694,0.032753106,0.7604430379746835
historical80,endpoint_mean,state_average,1,2,generator_1_vs_2,strong,4503,0.6958619893978469,0.029764464,0.7599378192316234
historical80,endpoint_mean,state_average,1,2,independent_MC,all,6320,0.9091517171825487,0.01744315,0.867879746835443
historical80,endpoint_mean,state_average,1,2,independent_MC,strong,4503,0.9206607739538054,0.014845717,0.8776371308016878
historical80,endpoint_mean,state_average,1,2,direct_N4096,all,6320,0.8727170070454126,0.021003913,0.8371835443037975
historical80,endpoint_mean,state_average,1,2,direct_N4096,strong,4503,0.8756507594725013,0.019149702,0.8367754830113258
historical80,endpoint_mean,state_average,1,4,generator_0_vs_1,all,6320,0.692827228189394,0.034166284,0.7575949367088608
historical80,endpoint_mean,state_average,1,4,generator_0_vs_1,strong,4503,0.7032398392029227,0.030762848,0.7559404841216967
historical80,endpoint_mean,state_average,1,4,generator_0_vs_2,all,6320,0.6954460729039434,0.033122323,0.7556962025316456
historical80,endpoint_mean,state_average,1,4,generator_0_vs_2,strong,4503,0.7004007003201658,0.029934691,0.7552742616033755
historical80,endpoint_mean,state_average,1,4,generator_1_vs_2,all,6320,0.7199536258561494,0.032337368,0.7724683544303798
historical80,endpoint_mean,state_average,1,4,generator_1_vs_2,strong,4503,0.7231826145927921,0.02928813,0.7683766377970243
historical80,endpoint_mean,state_average,1,4,independent_MC,all,6320,0.9215518622883901,0.01676755,0.8772151898734177
historical80,endpoint_mean,state_average,1,4,independent_MC,strong,4503,0.9308280028013527,0.014349238,0.8858538751943149
historical80,endpoint_mean,state_average,1,4,direct_N4096,all,6320,0.8758688549569876,0.021807745,0.8477848101265822
historical80,endpoint_mean,state_average,1,4,direct_N4096,strong,4503,0.8775938362885632,0.020005153,0.8465467466133688
historical80,endpoint_mean,state_average,1,8,generator_0_vs_1,all,6320,0.7284500053011623,0.03452521,0.7781645569620254
historical80,endpoint_mean,state_average,1,8,generator_0_vs_1,strong,4503,0.7369908940459561,0.03099393,0.7779258272262936
historical80,endpoint_mean,state_average,1,8,generator_0_vs_2,all,6320,0.7297393503922258,0.033455845,0.7778481012658228
historical80,endpoint_mean,state_average,1,8,generator_0_vs_2,strong,4503,0.73142523172797,0.030177126,0.7763713080168776
historical80,endpoint_mean,state_average,1,8,generator_1_vs_2,all,6320,0.7531298891280854,0.032593004,0.7854430379746835
historical80,endpoint_mean,state_average,1,8,generator_1_vs_2,strong,4503,0.7545365259945688,0.02939823,0.7830335332000888
historical80,endpoint_mean,state_average,1,8,independent_MC,all,6320,0.9387226797789113,0.015808353,0.8949367088607595
historical80,endpoint_mean,state_average,1,8,independent_MC,strong,4503,0.945403665250215,0.013616549,0.8996224739062847
historical80,endpoint_mean,state_average,1,8,direct_N4096,all,6320,0.874382349087815,0.023679543,0.8496835443037974
historical80,endpoint_mean,state_average,1,8,direct_N4096,strong,4503,0.8741591599615416,0.02212238,0.8507661558960693
historical80,endpoint_mean,state_average,1,16,generator_0_vs_1,all,6320,0.747869907360182,0.03706645,0.789873417721519
historical80,endpoint_mean,state_average,1,16,generator_0_vs_1,strong,4503,0.7544714030565868,0.03262686,0.7925827226293582
historical80,endpoint_mean,state_average,1,16,generator_0_vs_2,all,6320,0.7493275174469193,0.035882417,0.7871835443037974
historical80,endpoint_mean,state_average,1,16,generator_0_vs_2,strong,4503,0.7482494651942162,0.03190941,0.785920497446147
historical80,endpoint_mean,state_average,1,16,generator_1_vs_2,all,6320,0.7667329313457903,0.034962952,0.8001582278481013
historical80,endpoint_mean,state_average,1,16,generator_1_vs_2,strong,4503,0.768483394133536,0.03104849,0.8050188763046857
historical80,endpoint_mean,state_average,1,16,independent_MC,all,6320,0.9550201082269192,0.014861029,0.9120253164556962
historical80,endpoint_mean,state_average,1,16,independent_MC,strong,4503,0.9587321528720725,0.012904351,0.9122807017543859
historical80,endpoint_mean,state_average,1,16,direct_N4096,all,6320,0.8734075935642261,0.026374415,0.857753164556962
historical80,endpoint_mean,state_average,1,16,direct_N4096,strong,4503,0.8693362457285175,0.024962904,0.8612036420164335
historical80,endpoint_mean,state_average,1,32,generator_0_vs_1,all,6320,0.7242081997806606,0.042888716,0.7912974683544304
historical80,endpoint_mean,state_average,1,32,generator_0_vs_1,strong,4503,0.7262424110704033,0.036042154,0.7936930934932267
historical80,endpoint_mean,state_average,1,32,generator_0_vs_2,all,6320,0.7261949784023284,0.041366953,0.7806962025316456
historical80,endpoint_mean,state_average,1,32,generator_0_vs_2,strong,4503,0.7230272559129578,0.035282854,0.7817010881634466
historical80,endpoint_mean,state_average,1,32,generator_1_vs_2,all,6320,0.729924044061423,0.040565744,0.7909810126582278
historical80,endpoint_mean,state_average,1,32,generator_1_vs_2,strong,4503,0.728006281492356,0.034712963,0.793471019320453
historical80,endpoint_mean,state_average,1,32,independent_MC,all,6320,0.9645186585877157,0.014081552,0.9231012658227848
historical80,endpoint_mean,state_average,1,32,independent_MC,strong,4503,0.9661511669788089,0.012287773,0.9269375971574506
historical80,endpoint_mean,state_average,1,32,direct_N4096,all,6320,0.8475250343362354,0.03206937,0.839240506329114
historical80,endpoint_mean,state_average,1,32,direct_N4096,strong,4503,0.8353505314850618,0.03041676,0.8383300022207417
historical80,endpoint_mean,state_average,4,1,generator_0_vs_1,all,6320,0.6871762656696926,0.033951703,0.7460443037974683
historical80,endpoint_mean,state_average,4,1,generator_0_vs_1,strong,4503,0.7011520310641787,0.030360764,0.748834110592938
historical80,endpoint_mean,state_average,4,1,generator_0_vs_2,all,6320,0.6990428281993107,0.03275636,0.7566455696202532
historical80,endpoint_mean,state_average,4,1,generator_0_vs_2,strong,4503,0.700338414962638,0.030009963,0.7592715967133022
historical80,endpoint_mean,state_average,4,1,generator_1_vs_2,all,6320,0.7184018747768142,0.03208525,0.7729430379746836
historical80,endpoint_mean,state_average,4,1,generator_1_vs_2,strong,4503,0.7232287155826377,0.028993156,0.7705973795247613
historical80,endpoint_mean,state_average,4,1,independent_MC,all,6320,0.9207702199999798,0.01666773,0.8764240506329114
historical80,endpoint_mean,state_average,4,1,independent_MC,strong,4503,0.9293969397857512,0.014347661,0.8838552076393515
historical80,endpoint_mean,state_average,4,1,direct_N4096,all,6320,0.8678460164733355,0.02243425,0.8428797468354431
historical80,endpoint_mean,state_average,4,1,direct_N4096,strong,4503,0.8670817529958047,0.02096111,0.8414390406395736
historical80,endpoint_mean,state_average,4,2,generator_0_vs_1,all,6320,0.698935596520354,0.033914953,0.7506329113924051
historical80,endpoint_mean,state_average,4,2,generator_0_vs_1,strong,4503,0.7121865950083471,0.030305458,0.7532755940484122
historical80,endpoint_mean,state_average,4,2,generator_0_vs_2,all,6320,0.7111326980570853,0.03271788,0.7602848101265823
historical80,endpoint_mean,state_average,4,2,generator_0_vs_2,strong,4503,0.7120423565265112,0.029928444,0.7641572285143238
historical80,endpoint_mean,state_average,4,2,generator_1_vs_2,all,6320,0.7296256743469424,0.032047264,0.7745253164556962
historical80,endpoint_mean,state_average,4,2,generator_1_vs_2,strong,4503,0.734396571816319,0.02891292,0.7768154563624251
historical80,endpoint_mean,state_average,4,2,independent_MC,all,6320,0.9260601008517926,0.016388398,0.8778481012658228
historical80,endpoint_mean,state_average,4,2,independent_MC,strong,4503,0.9344481584007701,0.014071441,0.8836331334665778
historical80,endpoint_mean,state_average,4,2,direct_N4096,all,6320,0.8665268471585226,0.02288472,0.8430379746835444
historical80,endpoint_mean,state_average,4,2,direct_N4096,strong,4503,0.8674205711263354,0.021291567,0.8438818565400844
historical80,endpoint_mean,state_average,4,4,generator_0_vs_1,all,6320,0.7165267987660514,0.03411036,0.7590189873417722
historical80,endpoint_mean,state_average,4,4,generator_0_vs_1,strong,4503,0.7279496840438868,0.030465499,0.763268931823229
historical80,endpoint_mean,state_average,4,4,generator_0_vs_2,all,6320,0.7284524275867825,0.03295496,0.767879746835443
historical80,endpoint_mean,state_average,4,4,generator_0_vs_2,strong,4503,0.7279466716692126,0.030075373,0.7717077503886298
historical80,endpoint_mean,state_average,4,4,generator_1_vs_2,all,6320,0.7461806155130062,0.032246865,0.7810126582278482
historical80,endpoint_mean,state_average,4,4,generator_1_vs_2,strong,4503,0.7498671582327326,0.029046804,0.7854763491005996
historical80,endpoint_mean,state_average,4,4,independent_MC,all,6320,0.9346057503450078,0.015957268,0.8897151898734177
historical80,endpoint_mean,state_average,4,4,independent_MC,strong,4503,0.9420304966782284,0.01367966,0.8976238063513213
historical80,endpoint_mean,state_average,4,4,direct_N4096,all,6320,0.8648991203613153,0.023946282,0.8462025316455696
historical80,endpoint_mean,state_average,4,4,direct_N4096,strong,4503,0.865412382149078,0.022295626,0.8452143015767266
historical80,endpoint_mean,state_average,4,8,generator_0_vs_1,all,6320,0.7360515773403812,0.03511433,0.7783227848101266
historical80,endpoint_mean,state_average,4,8,generator_0_vs_1,strong,4503,0.7450516816909063,0.031154139,0.7814790139906729
historical80,endpoint_mean,state_average,4,8,generator_0_vs_2,all,6320,0.7459027684759467,0.034008026,0.7822784810126582
historical80,endpoint_mean,state_average,4,8,generator_0_vs_2,strong,4503,0.7455460329954198,0.030781364,0.7854763491005996
historical80,endpoint_mean,state_average,4,8,generator_1_vs_2,all,6320,0.7613184913155201,0.033230945,0.7931962025316456
historical80,endpoint_mean,state_average,4,8,generator_1_vs_2,strong,4503,0.7648179170213547,0.029748539,0.7992449478125694
historical80,endpoint_mean,state_average,4,8,independent_MC,all,6320,0.9459398680077952,0.015449371,0.9030063291139241
historical80,endpoint_mean,state_average,4,8,independent_MC,strong,4503,0.9517042443810596,0.0132376505,0.9091716633355541
historical80,endpoint_mean,state_average,4,8,direct_N4096,all,6320,0.8704226827355934,0.025369104,0.8504746835443038
historical80,endpoint_mean,state_average,4,8,direct_N4096,strong,4503,0.8696534921408619,0.02391216,0.8494337108594271
historical80,endpoint_mean,state_average,4,16,generator_0_vs_1,all,6320,0.7431423051048288,0.038013097,0.7889240506329114
historical80,endpoint_mean,state_average,4,16,generator_0_vs_1,strong,4503,0.7502757444779261,0.032998182,0.7861425716189208
historical80,endpoint_mean,state_average,4,16,generator_0_vs_2,all,6320,0.7510756298674442,0.036803275,0.7917721518987342
historical80,endpoint_mean,state_average,4,16,generator_0_vs_2,strong,4503,0.7491701564236315,0.032633092,0.7939151676660005
historical80,endpoint_mean,state_average,4,16,generator_1_vs_2,all,6320,0.7610849052395728,0.035938375,0.8006329113924051
historical80,endpoint_mean,state_average,4,16,generator_1_vs_2,strong,4503,0.7644591362047092,0.031607706,0.8083499888962914
historical80,endpoint_mean,state_average,4,16,independent_MC,all,6320,0.9571323395764125,0.014927848,0.914873417721519
historical80,endpoint_mean,state_average,4,16,independent_MC,strong,4503,0.9602114077055243,0.012818928,0.9184987785920498
historical80,endpoint_mean,state_average,4,16,direct_N4096,all,6320,0.8693366616844702,0.027797528,0.8520569620253164
historical80,endpoint_mean,state_average,4,16,direct_N4096,strong,4503,0.8652767671992269,0.02621595,0.8538751943149012
historical80,endpoint_mean,state_average,4,32,generator_0_vs_1,all,6320,0.7107351641980689,0.043748416,0.7806962025316456
historical80,endpoint_mean,state_average,4,32,generator_0_vs_1,strong,4503,0.7155512386089661,0.036216274,0.7801465689540307
historical80,endpoint_mean,state_average,4,32,generator_0_vs_2,all,6320,0.7172276415262281,0.042310067,0.777373417721519
historical80,endpoint_mean,state_average,4,32,generator_0_vs_2,strong,4503,0.7120282467793362,0.035822842,0.7790361980901621
historical80,endpoint_mean,state_average,4,32,generator_1_vs_2,all,6320,0.7213710180439298,0.041379772,0.7780063291139241
historical80,endpoint_mean,state_average,4,32,generator_1_vs_2,strong,4503,0.7201789954004008,0.035024595,0.7852542749278258
historical80,endpoint_mean,state_average,4,32,independent_MC,all,6320,0.9634402638368587,0.014299226,0.9183544303797468
historical80,endpoint_mean,state_average,4,32,independent_MC,strong,4503,0.9640113998441744,0.0124385785,0.9209415944925605
historical80,endpoint_mean,state_average,4,32,direct_N4096,all,6320,0.8360077887952848,0.0339017,0.8310126582278481
historical80,endpoint_mean,state_average,4,32,direct_N4096,strong,4503,0.8252201830622318,0.03151207,0.8278925161003775
historical80,endpoint_mean,state_average,8,1,generator_0_vs_1,all,6320,0.7295747904154162,0.03429684,0.7780063291139241
historical80,endpoint_mean,state_average,8,1,generator_0_vs_1,strong,4503,0.7434705690084866,0.030233344,0.7803686431268043
historical80,endpoint_mean,state_average,8,1,generator_0_vs_2,all,6320,0.7345590666169134,0.033116654,0.777373417721519
historical80,endpoint_mean,state_average,8,1,generator_0_vs_2,strong,4503,0.7351703995862834,0.029816763,0.7805907172995781
historical80,endpoint_mean,state_average,8,1,generator_1_vs_2,all,6320,0.7481299871436147,0.032705545,0.7768987341772152
historical80,endpoint_mean,state_average,8,1,generator_1_vs_2,strong,4503,0.7554078035799284,0.02924718,0.7817010881634466
historical80,endpoint_mean,state_average,8,1,independent_MC,all,6320,0.9411524382329973,0.015302721,0.892879746835443
historical80,endpoint_mean,state_average,8,1,independent_MC,strong,4503,0.9486674448741688,0.012961722,0.8945147679324894
historical80,endpoint_mean,state_average,8,1,direct_N4096,all,6320,0.8710749968396232,0.023589784,0.854746835443038
historical80,endpoint_mean,state_average,8,1,direct_N4096,strong,4503,0.8770520909112488,0.021594176,0.8520986009327115
historical80,endpoint_mean,state_average,8,2,generator_0_vs_1,all,6320,0.7348187061618064,0.0345378,0.7816455696202531
historical80,endpoint_mean,state_average,8,2,generator_0_vs_1,strong,4503,0.7477724325798757,0.030434165,0.78369975571841
historical80,endpoint_mean,state_average,8,2,generator_0_vs_2,all,6320,0.7410064741779743,0.033260364,0.7778481012658228
historical80,endpoint_mean,state_average,8,2,generator_0_vs_2,strong,4503,0.7412543474417558,0.02992926,0.7810348656451255
historical80,endpoint_mean,state_average,8,2,generator_1_vs_2,all,6320,0.7525698448031746,0.032921832,0.7825949367088607
historical80,endpoint_mean,state_average,8,2,generator_1_vs_2,strong,4503,0.7590168196371669,0.029453203,0.7863646457916944
historical80,endpoint_mean,state_average,8,2,independent_MC,all,6320,0.9441077256375493,0.015129624,0.8944620253164557
historical80,endpoint_mean,state_average,8,2,independent_MC,strong,4503,0.9511444068820047,0.012828613,0.8965134354874528
historical80,endpoint_mean,state_average,8,2,direct_N4096,all,6320,0.8722742937860201,0.023874745,0.8490506329113924
historical80,endpoint_mean,state_average,8,2,direct_N4096,strong,4503,0.8777896238200916,0.02180548,0.8496557850322007
historical80,endpoint_mean,state_average,8,4,generator_0_vs_1,all,6320,0.7416164282628722,0.03514139,0.7878164556962025
historical80,endpoint_mean,state_average,8,4,generator_0_vs_1,strong,4503,0.7534097898356676,0.030891722,0.787475016655563
historical80,endpoint_mean,state_average,8,4,generator_0_vs_2,all,6320,0.7501516893710216,0.033686426,0.7846518987341772
historical80,endpoint_mean,state_average,8,4,generator_0_vs_2,strong,4503,0.7500915555039257,0.030232692,0.7872529424827892
historical80,endpoint_mean,state_average,8,4,generator_1_vs_2,all,6320,0.7583714638355643,0.033456706,0.789873417721519
historical80,endpoint_mean,state_average,8,4,generator_1_vs_2,strong,4503,0.7641500292266714,0.029891944,0.7919165001110371
historical80,endpoint_mean,state_average,8,4,independent_MC,all,6320,0.9486364802191283,0.014873204,0.9039556962025317
historical80,endpoint_mean,state_average,8,4,independent_MC,strong,4503,0.9550029925743005,0.012634878,0.905396402398401
historical80,endpoint_mean,state_average,8,4,direct_N4096,all,6320,0.8728451925321521,0.024681699,0.85
historical80,endpoint_mean,state_average,8,4,direct_N4096,strong,4503,0.8789394129709759,0.02251938,0.8485454141683322
historical80,endpoint_mean,state_average,8,8,generator_0_vs_1,all,6320,0.7476912211551745,0.036554616,0.7897151898734177
historical80,endpoint_mean,state_average,8,8,generator_0_vs_1,strong,4503,0.7573123082809354,0.031891875,0.7888074616922052
historical80,endpoint_mean,state_average,8,8,generator_0_vs_2,all,6320,0.7588065407686173,0.034806717,0.7900316455696202
historical80,endpoint_mean,state_average,8,8,generator_0_vs_2,strong,4503,0.7577537792083515,0.030982316,0.7910282034199423
historical80,endpoint_mean,state_average,8,8,generator_1_vs_2,all,6320,0.7624820474984239,0.03471739,0.7990506329113924
historical80,endpoint_mean,state_average,8,8,generator_1_vs_2,strong,4503,0.7666215598309947,0.030843118,0.8045747279591383
historical80,endpoint_mean,state_average,8,8,independent_MC,all,6320,0.9552456403405734,0.014526074,0.9087025316455696
historical80,endpoint_mean,state_average,8,8,independent_MC,strong,4503,0.9604895255488887,0.012381445,0.9105041083721963
historical80,endpoint_mean,state_average,8,8,direct_N4096,all,6320,0.8732430623947225,0.026043808,0.8522151898734177
historical80,endpoint_mean,state_average,8,8,direct_N4096,strong,4503,0.8766906486632062,0.024054265,0.8514323784143905
historical80,endpoint_mean,state_average,8,16,generator_0_vs_1,all,6320,0.7437972544102696,0.03970902,0.7884493670886076
historical80,endpoint_mean,state_average,8,16,generator_0_vs_1,strong,4503,0.7507288201398088,0.033909004,0.7954696868754164
historical80,endpoint_mean,state_average,8,16,generator_0_vs_2,all,6320,0.7554212015708555,0.03749971,0.7889240506329114
historical80,endpoint_mean,state_average,8,16,generator_0_vs_2,strong,4503,0.7545453569139817,0.032665547,0.7901399067288475
historical80,endpoint_mean,state_average,8,16,generator_1_vs_2,all,6320,0.7538040673666668,0.0375021,0.7938291139240506
historical80,endpoint_mean,state_average,8,16,generator_1_vs_2,strong,4503,0.7550109401126389,0.03275174,0.7996890961581168
historical80,endpoint_mean,state_average,8,16,independent_MC,all,6320,0.9629763403684632,0.01413236,0.9254746835443038
historical80,endpoint_mean,state_average,8,16,independent_MC,strong,4503,0.9658828214465852,0.012127703,0.928936264712414
historical80,endpoint_mean,state_average,8,16,direct_N4096,all,6320,0.8663873666036694,0.028655276,0.8563291139240506
historical80,endpoint_mean,state_average,8,16,direct_N4096,strong,4503,0.8642619442882163,0.026691759,0.8534310459693538
historical80,endpoint_mean,state_average,8,32,generator_0_vs_1,all,6320,0.7065439869625775,0.045127664,0.7814873417721518
historical80,endpoint_mean,state_average,8,32,generator_0_vs_1,strong,4503,0.7068391117789694,0.03706669,0.7868087941372418
historical80,endpoint_mean,state_average,8,32,generator_0_vs_2,all,6320,0.7170073502744169,0.04276206,0.7768987341772152
historical80,endpoint_mean,state_average,8,32,generator_0_vs_2,strong,4503,0.7187594068604131,0.035386726,0.782145236508994
historical80,endpoint_mean,state_average,8,32,generator_1_vs_2,all,6320,0.7131691924473668,0.04256229,0.7764240506329114
historical80,endpoint_mean,state_average,8,32,generator_1_vs_2,strong,4503,0.7066101845543455,0.03586102,0.7790361980901621
historical80,endpoint_mean,state_average,8,32,independent_MC,all,6320,0.9673632307209,0.013922211,0.9257911392405064
historical80,endpoint_mean,state_average,8,32,independent_MC,strong,4503,0.9678406508609033,0.011915882,0.927381745502998
historical80,endpoint_mean,state_average,8,32,direct_N4096,all,6320,0.8224437023978752,0.034341373,0.8270569620253164
historical80,endpoint_mean,state_average,8,32,direct_N4096,strong,4503,0.809676335262157,0.031694766,0.8225627359538086
historical80,endpoint_mean,state_average,16,1,generator_0_vs_1,all,6320,0.7497714396103999,0.03680181,0.7863924050632911
historical80,endpoint_mean,state_average,16,1,generator_0_vs_1,strong,4503,0.7543170157332036,0.032163672,0.7876970908283366
historical80,endpoint_mean,state_average,16,1,generator_0_vs_2,all,6320,0.7450313613107358,0.0361347,0.7854430379746835
historical80,endpoint_mean,state_average,16,1,generator_0_vs_2,strong,4503,0.7494240692102514,0.031912018,0.7861425716189208
historical80,endpoint_mean,state_average,16,1,generator_1_vs_2,all,6320,0.7604259277421668,0.03534156,0.7949367088607595
historical80,endpoint_mean,state_average,16,1,generator_1_vs_2,strong,4503,0.7634185744254127,0.031167481,0.8030202087497224
historical80,endpoint_mean,state_average,16,1,independent_MC,all,6320,0.9561900759833813,0.014786638,0.9162974683544304
historical80,endpoint_mean,state_average,16,1,independent_MC,strong,4503,0.9616493885953954,0.012547377,0.9171663335554076
historical80,endpoint_mean,state_average,16,1,direct_N4096,all,6320,0.8635073732462232,0.027774641,0.8495253164556962
historical80,endpoint_mean,state_average,16,1,direct_N4096,strong,4503,0.8585708169133198,0.026044246,0.8438818565400844
historical80,endpoint_mean,state_average,16,2,generator_0_vs_1,all,6320,0.7499598209089041,0.03718725,0.7859177215189873
historical80,endpoint_mean,state_average,16,2,generator_0_vs_1,strong,4503,0.754390975357125,0.032389898,0.787475016655563
historical80,endpoint_mean,state_average,16,2,generator_0_vs_2,all,6320,0.7452812828495723,0.03649311,0.7848101265822784
historical80,endpoint_mean,state_average,16,2,generator_0_vs_2,strong,4503,0.7495260796673718,0.03213505,0.7852542749278258
historical80,endpoint_mean,state_average,16,2,generator_1_vs_2,all,6320,0.7603450622680752,0.03564907,0.7938291139240506
historical80,endpoint_mean,state_average,16,2,generator_1_vs_2,strong,4503,0.7627181159871023,0.03139814,0.8019098378858539
historical80,endpoint_mean,state_average,16,2,independent_MC,all,6320,0.9574196489805951,0.0147050815,0.9180379746835443
historical80,endpoint_mean,state_average,16,2,independent_MC,strong,4503,0.9626402629556985,0.012485877,0.9173884077281812
historical80,endpoint_mean,state_average,16,2,direct_N4096,all,6320,0.8612994123325413,0.028345082,0.8511075949367088
historical80,endpoint_mean,state_average,16,2,direct_N4096,strong,4503,0.8549147502637635,0.02663249,0.8489895625138796
historical80,endpoint_mean,state_average,16,4,generator_0_vs_1,all,6320,0.7489669235624576,0.03798325,0.785759493670886
historical80,endpoint_mean,state_average,16,4,generator_0_vs_1,strong,4503,0.7532375759989038,0.03285482,0.7870308683100156
historical80,endpoint_mean,state_average,16,4,generator_0_vs_2,all,6320,0.7445590414184288,0.037234135,0.783386075949367
historical80,endpoint_mean,state_average,16,4,generator_0_vs_2,strong,4503,0.7486108350275105,0.032603737,0.7819231623362203
historical80,endpoint_mean,state_average,16,4,generator_1_vs_2,all,6320,0.7590917069530266,0.036282323,0.7919303797468354
historical80,endpoint_mean,state_average,16,4,generator_1_vs_2,strong,4503,0.7601749455523761,0.03184964,0.8012436153675327
historical80,endpoint_mean,state_average,16,4,independent_MC,all,6320,0.9594020987464809,0.014576023,0.917879746835443
historical80,endpoint_mean,state_average,16,4,independent_MC,strong,4503,0.9641820544979643,0.012382652,0.91672218520986
historical80,endpoint_mean,state_average,16,4,direct_N4096,all,6320,0.8592419935276792,0.02908295,0.8484177215189873
historical80,endpoint_mean,state_average,16,4,direct_N4096,strong,4503,0.8528777020098602,0.0273476,0.8461025982678214
historical80,endpoint_mean,state_average,16,8,generator_0_vs_1,all,6320,0.743581336283402,0.039585873,0.785126582278481
historical80,endpoint_mean,state_average,16,8,generator_0_vs_1,strong,4503,0.7477467572803198,0.033807423,0.7870308683100156
historical80,endpoint_mean,state_average,16,8,generator_0_vs_2,all,6320,0.7402491854979036,0.038709324,0.7844936708860759
historical80,endpoint_mean,state_average,16,8,generator_0_vs_2,strong,4503,0.7435701286420221,0.03352643,0.7863646457916944
historical80,endpoint_mean,state_average,16,8,generator_1_vs_2,all,6320,0.752881280318222,0.03760568,0.7870253164556962
historical80,endpoint_mean,state_average,16,8,generator_1_vs_2,strong,4503,0.751758999314456,0.03276764,0.7928047968021319
historical80,endpoint_mean,state_average,16,8,independent_MC,all,6320,0.9622236627438668,0.014379614,0.9229430379746836
historical80,endpoint_mean,state_average,16,8,independent_MC,strong,4503,0.9660858536071241,0.012232203,0.9242727070841661
historical80,endpoint_mean,state_average,16,8,direct_N4096,all,6320,0.8537347376408879,0.030522125,0.8439873417721518
historical80,endpoint_mean,state_average,16,8,direct_N4096,strong,4503,0.8434371899888157,0.02870547,0.8387741505662891
historical80,endpoint_mean,state_average,16,16,generator_0_vs_1,all,6320,0.7247310286186985,0.042638082,0.7795886075949368
historical80,endpoint_mean,state_average,16,16,generator_0_vs_1,strong,4503,0.7291885251151159,0.03556073,0.782145236508994
historical80,endpoint_mean,state_average,16,16,generator_0_vs_2,all,6320,0.725828851741101,0.04149164,0.7811708860759494
historical80,endpoint_mean,state_average,16,16,generator_0_vs_2,strong,4503,0.727504158834439,0.035135284,0.7812569398178992
historical80,endpoint_mean,state_average,16,16,generator_1_vs_2,all,6320,0.7334896227706164,0.040255528,0.7806962025316456
historical80,endpoint_mean,state_average,16,16,generator_1_vs_2,strong,4503,0.7280536902428791,0.03452122,0.7845880524095048
historical80,endpoint_mean,state_average,16,16,independent_MC,all,6320,0.9648790218465196,0.01415569,0.9218354430379747
historical80,endpoint_mean,state_average,16,16,independent_MC,strong,4503,0.9669959803637102,0.012085213,0.9220519653564291
historical80,endpoint_mean,state_average,16,16,direct_N4096,all,6320,0.8389741743432958,0.033379592,0.8310126582278481
historical80,endpoint_mean,state_average,16,16,direct_N4096,strong,4503,0.8270998713458785,0.03099679,0.823006884299356
historical80,endpoint_mean,state_average,16,32,generator_0_vs_1,all,6320,0.6735309142662086,0.047431093,0.7653481012658228
historical80,endpoint_mean,state_average,16,32,generator_0_vs_1,strong,4503,0.6776705331535396,0.038077816,0.7712636020430824
historical80,endpoint_mean,state_average,16,32,generator_0_vs_2,all,6320,0.6838784406432596,0.04588122,0.7651898734177215
historical80,endpoint_mean,state_average,16,32,generator_0_vs_2,strong,4503,0.6802747489988777,0.037104744,0.7677104152787031
historical80,endpoint_mean,state_average,16,32,generator_1_vs_2,all,6320,0.6802249944153044,0.04481739,0.7647151898734177
historical80,endpoint_mean,state_average,16,32,generator_1_vs_2,strong,4503,0.6648062522276506,0.037214894,0.7646013768598712
historical80,endpoint_mean,state_average,16,32,independent_MC,all,6320,0.9646672327799853,0.014103205,0.9215189873417722
historical80,endpoint_mean,state_average,16,32,independent_MC,strong,4503,0.9648224794921998,0.011932674,0.9224961137019765
historical80,endpoint_mean,state_average,16,32,direct_N4096,all,6320,0.7957264580369371,0.03911146,0.8014240506329114
historical80,endpoint_mean,state_average,16,32,direct_N4096,strong,4503,0.7837951949434737,0.035623413,0.8034643570952699
historical80,endpoint_mean,baseline,1,1,generator_0_vs_1,all,6320,0.5152988697166752,0.048583888,0.6848101265822785
historical80,endpoint_mean,baseline,1,1,generator_0_vs_1,strong,4503,0.5606760895705577,0.0420964,0.6993115700644015
historical80,endpoint_mean,baseline,1,1,generator_0_vs_2,all,6320,0.52755148117122,0.047783893,0.6977848101265823
historical80,endpoint_mean,baseline,1,1,generator_0_vs_2,strong,4503,0.5429961537122966,0.043050762,0.6973129025094381
historical80,endpoint_mean,baseline,1,1,generator_1_vs_2,all,6320,0.5401163333047543,0.046706583,0.694620253164557
historical80,endpoint_mean,baseline,1,1,generator_1_vs_2,strong,4503,0.5554352927769329,0.042009924,0.6946480124361537
historical80,endpoint_mean,baseline,1,1,independent_MC,all,6320,0.7091948412051923,0.038253102,0.7677215189873418
historical80,endpoint_mean,baseline,1,1,independent_MC,strong,4503,0.7388748934626888,0.03272044,0.7759271596713302
historical80,endpoint_mean,baseline,1,1,direct_N4096,all,6320,0.6297072084266121,0.04609063,0.7403481012658227
historical80,endpoint_mean,baseline,1,1,direct_N4096,strong,4503,0.6500595150925619,0.041355092,0.746613368865201
historical80,endpoint_mean,baseline,1,2,generator_0_vs_1,all,6320,0.5352582525309922,0.048124224,0.6935126582278481
historical80,endpoint_mean,baseline,1,2,generator_0_vs_1,strong,4503,0.5762659855274287,0.041717198,0.7055296469020653
historical80,endpoint_mean,baseline,1,2,generator_0_vs_2,all,6320,0.5504068291008103,0.047088325,0.7075949367088608
historical80,endpoint_mean,baseline,1,2,generator_0_vs_2,strong,4503,0.5638383108797717,0.042395696,0.7081945369753497
historical80,endpoint_mean,baseline,1,2,generator_1_vs_2,all,6320,0.5623084920087554,0.04610435,0.7045886075949367
historical80,endpoint_mean,baseline,1,2,generator_1_vs_2,strong,4503,0.5758629176319023,0.041434173,0.7015323117921386
historical80,endpoint_mean,baseline,1,2,independent_MC,all,6320,0.725200626946488,0.037588034,0.776740506329114
historical80,endpoint_mean,baseline,1,2,independent_MC,strong,4503,0.7531558462957789,0.032046802,0.782145236508994
historical80,endpoint_mean,baseline,1,2,direct_N4096,all,6320,0.6295406669091848,0.047217652,0.7416139240506329
historical80,endpoint_mean,baseline,1,2,direct_N4096,strong,4503,0.6484636320357028,0.042251527,0.7450588496557851
historical80,endpoint_mean,baseline,1,4,generator_0_vs_1,all,6320,0.5712707934807113,0.047054816,0.7072784810126582
historical80,endpoint_mean,baseline,1,4,generator_0_vs_1,strong,4503,0.6069762429731719,0.04088987,0.7192982456140351
historical80,endpoint_mean,baseline,1,4,generator_0_vs_2,all,6320,0.5869712043319358,0.045779064,0.720253164556962
historical80,endpoint_mean,baseline,1,4,generator_0_vs_2,strong,4503,0.5984324553969191,0.04117344,0.7179658005773929
historical80,endpoint_mean,baseline,1,4,generator_1_vs_2,all,6320,0.598038673536429,0.044960413,0.7193037974683544
historical80,endpoint_mean,baseline,1,4,generator_1_vs_2,strong,4503,0.6107154779892277,0.04033728,0.7192982456140351
historical80,endpoint_mean,baseline,1,4,independent_MC,all,6320,0.7531901705075636,0.03617598,0.7887658227848101
historical80,endpoint_mean,baseline,1,4,independent_MC,strong,4503,0.7778232520200944,0.030898556,0.7976904286031534
historical80,endpoint_mean,baseline,1,4,direct_N4096,all,6320,0.6345945753444998,0.049227986,0.7439873417721519
historical80,endpoint_mean,baseline,1,4,direct_N4096,strong,4503,0.6600232344467829,0.043917377,0.75194314901177
historical80,endpoint_mean,baseline,1,8,generator_0_vs_1,all,6320,0.6228857180937665,0.04627505,0.7259493670886076
historical80,endpoint_mean,baseline,1,8,generator_0_vs_1,strong,4503,0.6506219523369764,0.040421072,0.7339551410170997
historical80,endpoint_mean,baseline,1,8,generator_0_vs_2,all,6320,0.6353640869490006,0.04477915,0.730379746835443
historical80,endpoint_mean,baseline,1,8,generator_0_vs_2,strong,4503,0.6432550093410497,0.040198132,0.7288474350433045
historical80,endpoint_mean,baseline,1,8,generator_1_vs_2,all,6320,0.6466571578849383,0.044057127,0.7348101265822785
historical80,endpoint_mean,baseline,1,8,generator_1_vs_2,strong,4503,0.6583265471248902,0.039293576,0.7381745502998002
historical80,endpoint_mean,baseline,1,8,independent_MC,all,6320,0.7960741064267696,0.0341433,0.8094936708860759
historical80,endpoint_mean,baseline,1,8,independent_MC,strong,4503,0.8149268239537182,0.029299505,0.8152342882522763
historical80,endpoint_mean,baseline,1,8,direct_N4096,all,6320,0.6408405220845337,0.05285272,0.7419303797468354
historical80,endpoint_mean,baseline,1,8,direct_N4096,strong,4503,0.659143823522564,0.04802673,0.7448367754830113
historical80,endpoint_mean,baseline,1,16,generator_0_vs_1,all,6320,0.6641646760477226,0.04775315,0.7501582278481013
historical80,endpoint_mean,baseline,1,16,generator_0_vs_1,strong,4503,0.6786825354601198,0.04173989,0.7577170775038863
historical80,endpoint_mean,baseline,1,16,generator_0_vs_2,all,6320,0.6718390712215719,0.045817178,0.7556962025316456
historical80,endpoint_mean,baseline,1,16,generator_0_vs_2,strong,4503,0.673515066860445,0.0406977,0.7539418165667333
historical80,endpoint_mean,baseline,1,16,generator_1_vs_2,all,6320,0.6784325647115939,0.045240756,0.7542721518987342
historical80,endpoint_mean,baseline,1,16,generator_1_vs_2,strong,4503,0.6889352298535294,0.0398899,0.761714412613813
historical80,endpoint_mean,baseline,1,16,independent_MC,all,6320,0.8412993013243483,0.03223414,0.8363924050632912
historical80,endpoint_mean,baseline,1,16,independent_MC,strong,4503,0.8529493915215852,0.027729267,0.8412169664667999
historical80,endpoint_mean,baseline,1,16,direct_N4096,all,6320,0.6300183852627779,0.06136895,0.7441455696202531
historical80,endpoint_mean,baseline,1,16,direct_N4096,strong,4503,0.6424797144408724,0.055905674,0.746613368865201
historical80,endpoint_mean,baseline,1,32,generator_0_vs_1,all,6320,0.6484376488303203,0.05285103,0.7447784810126582
historical80,endpoint_mean,baseline,1,32,generator_0_vs_1,strong,4503,0.6484682509401105,0.045554597,0.7441705529646903
historical80,endpoint_mean,baseline,1,32,generator_0_vs_2,all,6320,0.6656244850129548,0.05004988,0.7462025316455696
historical80,endpoint_mean,baseline,1,32,generator_0_vs_2,strong,4503,0.6627467088399788,0.042904727,0.7475016655562958
historical80,endpoint_mean,baseline,1,32,generator_1_vs_2,all,6320,0.6576264761929621,0.050055556,0.7530063291139241
historical80,endpoint_mean,baseline,1,32,generator_1_vs_2,strong,4503,0.6620452630521141,0.043095823,0.7581612258494337
historical80,endpoint_mean,baseline,1,32,independent_MC,all,6320,0.8737248236216564,0.030576915,0.8549050632911392
historical80,endpoint_mean,baseline,1,32,independent_MC,strong,4503,0.8746376000923629,0.026404727,0.8529868976238063
historical80,endpoint_mean,baseline,1,32,direct_N4096,all,6320,0.5780481707633061,0.07530079,0.7216772151898734
historical80,endpoint_mean,baseline,1,32,direct_N4096,strong,4503,0.5681674651987718,0.068958595,0.7204086164779037
historical80,endpoint_mean,baseline,4,1,generator_0_vs_1,all,6320,0.5733332154769084,0.04773821,0.7061708860759494
historical80,endpoint_mean,baseline,4,1,generator_0_vs_1,strong,4503,0.5897385482361602,0.041636754,0.7124139462580502
historical80,endpoint_mean,baseline,4,1,generator_0_vs_2,all,6320,0.5814416231157323,0.046155725,0.7096518987341772
historical80,endpoint_mean,baseline,4,1,generator_0_vs_2,strong,4503,0.594860059361074,0.040348902,0.7124139462580502
historical80,endpoint_mean,baseline,4,1,generator_1_vs_2,all,6320,0.5914817331821929,0.046255175,0.7034810126582278
historical80,endpoint_mean,baseline,4,1,generator_1_vs_2,strong,4503,0.6104214876478685,0.039950345,0.7055296469020653
historical80,endpoint_mean,baseline,4,1,independent_MC,all,6320,0.754146152613506,0.03523616,0.7811708860759494
historical80,endpoint_mean,baseline,4,1,independent_MC,strong,4503,0.7736564944836622,0.030425878,0.7888074616922052
historical80,endpoint_mean,baseline,4,1,direct_N4096,all,6320,0.6589948181902798,0.04737214,0.7512658227848101
historical80,endpoint_mean,baseline,4,1,direct_N4096,strong,4503,0.6800644354105453,0.041755956,0.7574950033311126
historical80,endpoint_mean,baseline,4,2,generator_0_vs_1,all,6320,0.5896119717698728,0.047289625,0.7132911392405064
historical80,endpoint_mean,baseline,4,2,generator_0_vs_1,strong,4503,0.6049082120775885,0.041283596,0.7192982456140351
historical80,endpoint_mean,baseline,4,2,generator_0_vs_2,all,6320,0.5968260380847215,0.045702547,0.720886075949367
historical80,endpoint_mean,baseline,4,2,generator_0_vs_2,strong,4503,0.6084071463940413,0.0400295,0.7217410615145459
historical80,endpoint_mean,baseline,4,2,generator_1_vs_2,all,6320,0.607790776982546,0.045829967,0.7161392405063292
historical80,endpoint_mean,baseline,4,2,generator_1_vs_2,strong,4503,0.6244155542551926,0.03964744,0.7177437264046191
historical80,endpoint_mean,baseline,4,2,independent_MC,all,6320,0.7678244656215456,0.03456595,0.7892405063291139
historical80,endpoint_mean,baseline,4,2,independent_MC,strong,4503,0.7863392024997049,0.029894227,0.795025538529869
historical80,endpoint_mean,baseline,4,2,direct_N4096,all,6320,0.660565650980278,0.04808845,0.7455696202531645
historical80,endpoint_mean,baseline,4,2,direct_N4096,strong,4503,0.6789270557293121,0.042502336,0.7477237397290695
historical80,endpoint_mean,baseline,4,4,generator_0_vs_1,all,6320,0.6155657375183113,0.04683374,0.729746835443038
historical80,endpoint_mean,baseline,4,4,generator_0_vs_1,strong,4503,0.628341138834995,0.04095924,0.7324006218076837
historical80,endpoint_mean,baseline,4,4,generator_0_vs_2,all,6320,0.6206993244117247,0.04526622,0.728006329113924
historical80,endpoint_mean,baseline,4,4,generator_0_vs_2,strong,4503,0.6293535734186215,0.039739482,0.7286253608705308
historical80,endpoint_mean,baseline,4,4,generator_1_vs_2,all,6320,0.6330036965428849,0.045400638,0.7283227848101266
historical80,endpoint_mean,baseline,4,4,generator_1_vs_2,strong,4503,0.647149777962712,0.03938028,0.7306240284254941
historical80,endpoint_mean,baseline,4,4,independent_MC,all,6320,0.789615531818232,0.03361804,0.8023734177215189
historical80,endpoint_mean,baseline,4,4,independent_MC,strong,4503,0.8060833819537696,0.029117746,0.8052409504774595
historical80,endpoint_mean,baseline,4,4,direct_N4096,all,6320,0.661672807203814,0.050106425,0.7492088607594937
historical80,endpoint_mean,baseline,4,4,direct_N4096,strong,4503,0.6813634087997225,0.044299267,0.7550521874306019
historical80,endpoint_mean,baseline,4,8,generator_0_vs_1,all,6320,0.6465764650715833,0.046850715,0.7389240506329114
historical80,endpoint_mean,baseline,4,8,generator_0_vs_1,strong,4503,0.6564463228059713,0.04094445,0.739062846990895
historical80,endpoint_mean,baseline,4,8,generator_0_vs_2,all,6320,0.6498499775873932,0.04521753,0.7427215189873417
historical80,endpoint_mean,baseline,4,8,generator_0_vs_2,strong,4503,0.6554573488059187,0.039746713,0.7443926271374639
historical80,endpoint_mean,baseline,4,8,generator_1_vs_2,all,6320,0.6633460069380716,0.045455907,0.745253164556962
historical80,endpoint_mean,baseline,4,8,generator_1_vs_2,strong,4503,0.6731544851561025,0.039531488,0.7481678880746169
historical80,endpoint_mean,baseline,4,8,independent_MC,all,6320,0.820891125832084,0.032296788,0.8204113924050633
historical80,endpoint_mean,baseline,4,8,independent_MC,strong,4503,0.8348766396468642,0.027987154,0.8252276260270931
historical80,endpoint_mean,baseline,4,8,direct_N4096,all,6320,0.6577446230837676,0.053541034,0.7441455696202531
historical80,endpoint_mean,baseline,4,8,direct_N4096,strong,4503,0.6788671988286246,0.04796114,0.7486120364201644
historical80,endpoint_mean,baseline,4,16,generator_0_vs_1,all,6320,0.6666415503719919,0.048365,0.7457278481012658
historical80,endpoint_mean,baseline,4,16,generator_0_vs_1,strong,4503,0.6730231947425066,0.04178519,0.7459471463468799
historical80,endpoint_mean,baseline,4,16,generator_0_vs_2,all,6320,0.670761500037953,0.04662192,0.7484177215189873
historical80,endpoint_mean,baseline,4,16,generator_0_vs_2,strong,4503,0.6708369148778535,0.0406446,0.7461692205196535
historical80,endpoint_mean,baseline,4,16,generator_1_vs_2,all,6320,0.6840093293796825,0.046726044,0.757120253164557
historical80,endpoint_mean,baseline,4,16,generator_1_vs_2,strong,4503,0.6871050779459098,0.040523995,0.7634910059960026
historical80,endpoint_mean,baseline,4,16,independent_MC,all,6320,0.8550026973003193,0.031012423,0.8438291139240506
historical80,endpoint_mean,baseline,4,16,independent_MC,strong,4503,0.8623498094661257,0.026803015,0.845658449922274
historical80,endpoint_mean,baseline,4,16,direct_N4096,all,6320,0.6456781286281905,0.06025939,0.7525316455696203
historical80,endpoint_mean,baseline,4,16,direct_N4096,strong,4503,0.6600407230684796,0.053539928,0.75793915167666
historical80,endpoint_mean,baseline,4,32,generator_0_vs_1,all,6320,0.6449078973392862,0.052650824,0.7469936708860759
historical80,endpoint_mean,baseline,4,32,generator_0_vs_1,strong,4503,0.6486717938365028,0.043685418,0.7486120364201644
historical80,endpoint_mean,baseline,4,32,generator_0_vs_2,all,6320,0.6519695414420797,0.050740764,0.7484177215189873
historical80,endpoint_mean,baseline,4,32,generator_0_vs_2,strong,4503,0.6378391543881873,0.04272015,0.7410615145458583
historical80,endpoint_mean,baseline,4,32,generator_1_vs_2,all,6320,0.6612904666949977,0.050595384,0.7492088607594937
historical80,endpoint_mean,baseline,4,32,generator_1_vs_2,strong,4503,0.6557503088686069,0.04252302,0.7543859649122807
historical80,endpoint_mean,baseline,4,32,independent_MC,all,6320,0.8715002269743745,0.030401632,0.857120253164557
historical80,endpoint_mean,baseline,4,32,independent_MC,strong,4503,0.8699249743465038,0.026120381,0.854763491005996
historical80,endpoint_mean,baseline,4,32,direct_N4096,all,6320,0.6010314695508007,0.0735397,0.7186708860759494
historical80,endpoint_mean,baseline,4,32,direct_N4096,strong,4503,0.6011323631922584,0.06532159,0.717077503886298
historical80,endpoint_mean,baseline,8,1,generator_0_vs_1,all,6320,0.6130970498808342,0.04748764,0.7319620253164557
historical80,endpoint_mean,baseline,8,1,generator_0_vs_1,strong,4503,0.6359912182183962,0.04137626,0.7410615145458583
historical80,endpoint_mean,baseline,8,1,generator_0_vs_2,all,6320,0.622007377217151,0.046607815,0.7292721518987342
historical80,endpoint_mean,baseline,8,1,generator_0_vs_2,strong,4503,0.6389741652344608,0.040486943,0.7372862536087053
historical80,endpoint_mean,baseline,8,1,generator_1_vs_2,all,6320,0.6273985627799242,0.04743436,0.7333860759493671
historical80,endpoint_mean,baseline,8,1,generator_1_vs_2,strong,4503,0.6427501889587288,0.04136015,0.7377304019542528
historical80,endpoint_mean,baseline,8,1,independent_MC,all,6320,0.7775564449139413,0.035160605,0.803006329113924
historical80,endpoint_mean,baseline,8,1,independent_MC,strong,4503,0.8022141028900057,0.029786235,0.8092382855873862
historical80,endpoint_mean,baseline,8,1,direct_N4096,all,6320,0.6426253841736539,0.052047856,0.745253164556962
historical80,endpoint_mean,baseline,8,1,direct_N4096,strong,4503,0.6731408039820495,0.04436501,0.7528314457028648
historical80,endpoint_mean,baseline,8,2,generator_0_vs_1,all,6320,0.6199165304600035,0.047504954,0.7357594936708861
historical80,endpoint_mean,baseline,8,2,generator_0_vs_1,strong,4503,0.6420598882080409,0.041422594,0.7417277370641794
historical80,endpoint_mean,baseline,8,2,generator_0_vs_2,all,6320,0.6311919518106595,0.046502654,0.7333860759493671
historical80,endpoint_mean,baseline,8,2,generator_0_vs_2,strong,4503,0.6474747742146656,0.04042012,0.7392849211636686
historical80,endpoint_mean,baseline,8,2,generator_1_vs_2,all,6320,0.6349269063620049,0.047429267,0.7349683544303798
historical80,endpoint_mean,baseline,8,2,generator_1_vs_2,strong,4503,0.649609346772746,0.041357618,0.7395069953364424
historical80,endpoint_mean,baseline,8,2,independent_MC,all,6320,0.7864547429564158,0.03474408,0.8104430379746835
historical80,endpoint_mean,baseline,8,2,independent_MC,strong,4503,0.810102920398061,0.029452609,0.8159005107705973
historical80,endpoint_mean,baseline,8,2,direct_N4096,all,6320,0.6485474129852197,0.052437913,0.7507911392405063
historical80,endpoint_mean,baseline,8,2,direct_N4096,strong,4503,0.6749307106380766,0.04491658,0.7557184099489229
historical80,endpoint_mean,baseline,8,4,generator_0_vs_1,all,6320,0.6298634039691868,0.04775135,0.7424050632911392
historical80,endpoint_mean,baseline,8,4,generator_0_vs_1,strong,4503,0.6502052060749389,0.04163997,0.7486120364201644
historical80,endpoint_mean,baseline,8,4,generator_0_vs_2,all,6320,0.6461585287708363,0.046477303,0.7403481012658227
historical80,endpoint_mean,baseline,8,4,generator_0_vs_2,strong,4503,0.6611113249178824,0.040367488,0.7459471463468799
historical80,endpoint_mean,baseline,8,4,generator_1_vs_2,all,6320,0.6458549473496712,0.047586817,0.7412974683544303
historical80,endpoint_mean,baseline,8,4,generator_1_vs_2,strong,4503,0.6591629431629553,0.04149523,0.7450588496557851
historical80,endpoint_mean,baseline,8,4,independent_MC,all,6320,0.8009875420219091,0.034099605,0.8188291139240507
historical80,endpoint_mean,baseline,8,4,independent_MC,strong,4503,0.8225558431036422,0.028938916,0.8232289584721297
historical80,endpoint_mean,baseline,8,4,direct_N4096,all,6320,0.645328388830911,0.054435093,0.7458860759493671
historical80,endpoint_mean,baseline,8,4,direct_N4096,strong,4503,0.6729620638153743,0.046322934,0.7517210748389962
historical80,endpoint_mean,baseline,8,8,generator_0_vs_1,all,6320,0.6415714411135588,0.04863101,0.7454113924050633
historical80,endpoint_mean,baseline,8,8,generator_0_vs_1,strong,4503,0.6574506495212067,0.042303465,0.752609371530091
historical80,endpoint_mean,baseline,8,8,generator_0_vs_2,all,6320,0.6634194380446248,0.046964135,0.7490506329113924
historical80,endpoint_mean,baseline,8,8,generator_0_vs_2,strong,4503,0.6746672693322544,0.040703923,0.7563846324672441
historical80,endpoint_mean,baseline,8,8,generator_1_vs_2,all,6320,0.6575671620765119,0.04826505,0.7492088607594937
historical80,endpoint_mean,baseline,8,8,generator_1_vs_2,strong,4503,0.6679243645254804,0.04205133,0.7537197423939596
historical80,endpoint_mean,baseline,8,8,independent_MC,all,6320,0.8226338649294465,0.033174608,0.8289556962025316
historical80,endpoint_mean,baseline,8,8,independent_MC,strong,4503,0.8397221016771481,0.028246894,0.8341105929380414
historical80,endpoint_mean,baseline,8,8,direct_N4096,all,6320,0.642464814492591,0.0573945,0.7449367088607595
historical80,endpoint_mean,baseline,8,8,direct_N4096,strong,4503,0.6695189316315687,0.04940873,0.7497224072840328
historical80,endpoint_mean,baseline,8,16,generator_0_vs_1,all,6320,0.6422198178222999,0.051098976,0.7477848101265823
historical80,endpoint_mean,baseline,8,16,generator_0_vs_1,strong,4503,0.6498615617111477,0.043999374,0.7539418165667333
historical80,endpoint_mean,baseline,8,16,generator_0_vs_2,all,6320,0.6707359596990999,0.048630185,0.7544303797468355
historical80,endpoint_mean,baseline,8,16,generator_0_vs_2,strong,4503,0.6745774914724039,0.041892387,0.7592715967133022
historical80,endpoint_mean,baseline,8,16,generator_1_vs_2,all,6320,0.6586566257494885,0.0501358,0.7493670886075949
historical80,endpoint_mean,baseline,8,16,generator_1_vs_2,strong,4503,0.6622290986891911,0.04352365,0.7521652231845436
historical80,endpoint_mean,baseline,8,16,independent_MC,all,6320,0.847459103468504,0.03218478,0.841613924050633
historical80,endpoint_mean,baseline,8,16,independent_MC,strong,4503,0.8555634562984734,0.027656265,0.8438818565400844
historical80,endpoint_mean,baseline,8,16,direct_N4096,all,6320,0.6308365622560058,0.06349715,0.7419303797468354
historical80,endpoint_mean,baseline,8,16,direct_N4096,strong,4503,0.6382320208256848,0.05578436,0.7430601821008217
historical80,endpoint_mean,baseline,8,32,generator_0_vs_1,all,6320,0.6059703784745553,0.055632714,0.734493670886076
historical80,endpoint_mean,baseline,8,32,generator_0_vs_1,strong,4503,0.6032377808828067,0.046805125,0.7406173662003109
historical80,endpoint_mean,baseline,8,32,generator_0_vs_2,all,6320,0.6476614693955319,0.051872943,0.747626582278481
historical80,endpoint_mean,baseline,8,32,generator_0_vs_2,strong,4503,0.6383531672378044,0.04390472,0.7492782589384854
historical80,endpoint_mean,baseline,8,32,generator_1_vs_2,all,6320,0.6225215254204031,0.05401709,0.7425632911392405
historical80,endpoint_mean,baseline,8,32,generator_1_vs_2,strong,4503,0.6120103091496633,0.046415724,0.7399511436819898
historical80,endpoint_mean,baseline,8,32,independent_MC,all,6320,0.8587669295683859,0.03129145,0.8460443037974683
historical80,endpoint_mean,baseline,8,32,independent_MC,strong,4503,0.8548056699307636,0.027426956,0.8432156340217632
historical80,endpoint_mean,baseline,8,32,direct_N4096,all,6320,0.581474559975002,0.07659402,0.7253164556962025
historical80,endpoint_mean,baseline,8,32,direct_N4096,strong,4503,0.5685788798187538,0.06731375,0.7190761714412613
historical80,endpoint_mean,baseline,16,1,generator_0_vs_1,all,6320,0.6541439167107501,0.047482327,0.7425632911392405
historical80,endpoint_mean,baseline,16,1,generator_0_vs_1,strong,4503,0.6718982045323293,0.04043786,0.7468354430379747
historical80,endpoint_mean,baseline,16,1,generator_0_vs_2,all,6320,0.6572750175520872,0.046722274,0.7469936708860759
historical80,endpoint_mean,baseline,16,1,generator_0_vs_2,strong,4503,0.6776627571763854,0.04051851,0.7534976682211859
historical80,endpoint_mean,baseline,16,1,generator_1_vs_2,all,6320,0.6808650705079685,0.04515514,0.7553797468354431
historical80,endpoint_mean,baseline,16,1,generator_1_vs_2,strong,4503,0.6905872749503982,0.039655793,0.7619364867865868
historical80,endpoint_mean,baseline,16,1,independent_MC,all,6320,0.855855242819459,0.030401174,0.839873417721519
historical80,endpoint_mean,baseline,16,1,independent_MC,strong,4503,0.8652217084655907,0.02647663,0.8398845214301577
historical80,endpoint_mean,baseline,16,1,direct_N4096,all,6320,0.6677955986385751,0.056240402,0.7520569620253165
historical80,endpoint_mean,baseline,16,1,direct_N4096,strong,4503,0.675789100607633,0.048547994,0.7572729291583389
historical80,endpoint_mean,baseline,16,2,generator_0_vs_1,all,6320,0.6549986369438106,0.047835886,0.7406645569620253
historical80,endpoint_mean,baseline,16,2,generator_0_vs_1,strong,4503,0.6719270099626655,0.040650897,0.7432822562735953
historical80,endpoint_mean,baseline,16,2,generator_0_vs_2,all,6320,0.6584219687949812,0.04701697,0.7485759493670886
historical80,endpoint_mean,baseline,16,2,generator_0_vs_2,strong,4503,0.6785058953645642,0.040678274,0.754163890739507
historical80,endpoint_mean,baseline,16,2,generator_1_vs_2,all,6320,0.6814580035869319,0.04543482,0.7560126582278481
historical80,endpoint_mean,baseline,16,2,generator_1_vs_2,strong,4503,0.6906700196428173,0.03985939,0.7621585609593604
historical80,endpoint_mean,baseline,16,2,independent_MC,all,6320,0.8595321622956809,0.030244673,0.841613924050633
historical80,endpoint_mean,baseline,16,2,independent_MC,strong,4503,0.868075036959134,0.02633612,0.841883188985121
historical80,endpoint_mean,baseline,16,2,direct_N4096,all,6320,0.6702090439335538,0.05693651,0.7555379746835443
historical80,endpoint_mean,baseline,16,2,direct_N4096,strong,4503,0.673205924203718,0.04984569,0.7586053741949811
historical80,endpoint_mean,baseline,16,4,generator_0_vs_1,all,6320,0.6550498344669924,0.048561063,0.7386075949367089
historical80,endpoint_mean,baseline,16,4,generator_0_vs_1,strong,4503,0.6705032073469814,0.04109309,0.7419498112369531
historical80,endpoint_mean,baseline,16,4,generator_0_vs_2,all,6320,0.6593374686408113,0.047656298,0.7490506329113924
historical80,endpoint_mean,baseline,16,4,generator_0_vs_2,strong,4503,0.6787230953194681,0.04101094,0.7557184099489229
historical80,endpoint_mean,baseline,16,4,generator_1_vs_2,all,6320,0.6818669223927668,0.045980915,0.7598101265822785
historical80,endpoint_mean,baseline,16,4,generator_1_vs_2,strong,4503,0.6890791286037423,0.04026957,0.7672662669331557
historical80,endpoint_mean,baseline,16,4,independent_MC,all,6320,0.8654897827154941,0.0299739,0.845253164556962
historical80,endpoint_mean,baseline,16,4,independent_MC,strong,4503,0.8723869182106929,0.026110452,0.844992227403953
historical80,endpoint_mean,baseline,16,4,direct_N4096,all,6320,0.6661051201300457,0.058220666,0.7515822784810127
historical80,endpoint_mean,baseline,16,4,direct_N4096,strong,4503,0.6680256211086164,0.051223338,0.7539418165667333
historical80,endpoint_mean,baseline,16,8,generator_0_vs_1,all,6320,0.6520177291639525,0.05001994,0.7332278481012658
historical80,endpoint_mean,baseline,16,8,generator_0_vs_1,strong,4503,0.6654516756356091,0.041966397,0.7355096602265156
historical80,endpoint_mean,baseline,16,8,generator_0_vs_2,all,6320,0.6574588518111347,0.04898187,0.7517405063291139
historical80,endpoint_mean,baseline,16,8,generator_0_vs_2,strong,4503,0.6757027682531931,0.04169306,0.7577170775038863
historical80,endpoint_mean,baseline,16,8,generator_1_vs_2,all,6320,0.6785489536992804,0.04722313,0.7577531645569621
historical80,endpoint_mean,baseline,16,8,generator_1_vs_2,strong,4503,0.6827308946890832,0.041200988,0.7619364867865868
historical80,endpoint_mean,baseline,16,8,independent_MC,all,6320,0.8733747405637878,0.029578863,0.85
historical80,endpoint_mean,baseline,16,8,independent_MC,strong,4503,0.8781239788701142,0.025743313,0.8525427492782589
historical80,endpoint_mean,baseline,16,8,direct_N4096,all,6320,0.651065071030756,0.062255703,0.7498417721518987
historical80,endpoint_mean,baseline,16,8,direct_N4096,strong,4503,0.6375190482999263,0.055017896,0.7419498112369531
historical80,endpoint_mean,baseline,16,16,generator_0_vs_1,all,6320,0.6354627683647868,0.05282443,0.7346518987341772
historical80,endpoint_mean,baseline,16,16,generator_0_vs_1,strong,4503,0.6458234235634048,0.04359484,0.7379524761270264
historical80,endpoint_mean,baseline,16,16,generator_0_vs_2,all,6320,0.6460939137058782,0.051557682,0.7435126582278481
historical80,endpoint_mean,baseline,16,16,generator_0_vs_2,strong,4503,0.662305992550466,0.042915247,0.7539418165667333
historical80,endpoint_mean,baseline,16,16,generator_1_vs_2,all,6320,0.659954417204492,0.04981084,0.7484177215189873
historical80,endpoint_mean,baseline,16,16,generator_1_vs_2,strong,4503,0.6597035456752041,0.043106694,0.7517210748389962
historical80,endpoint_mean,baseline,16,16,independent_MC,all,6320,0.8802509102787921,0.029292066,0.8520569620253164
historical80,endpoint_mean,baseline,16,16,independent_MC,strong,4503,0.8820727004878225,0.025424164,0.8532089717965801
historical80,endpoint_mean,baseline,16,16,direct_N4096,all,6320,0.6294140099476496,0.06737995,0.7435126582278481
historical80,endpoint_mean,baseline,16,16,direct_N4096,strong,4503,0.6185171663219201,0.060272954,0.7392849211636686
historical80,endpoint_mean,baseline,16,32,generator_0_vs_1,all,6320,0.583289701703248,0.057075705,0.7126582278481013
historical80,endpoint_mean,baseline,16,32,generator_0_vs_1,strong,4503,0.5888150744466751,0.045850713,0.7212969131689985
historical80,endpoint_mean,baseline,16,32,generator_0_vs_2,all,6320,0.6089627553879262,0.05566704,0.7332278481012658
historical80,endpoint_mean,baseline,16,32,generator_0_vs_2,strong,4503,0.6157017632659396,0.044319164,0.7397290695092161
historical80,endpoint_mean,baseline,16,32,generator_1_vs_2,all,6320,0.6032454374192475,0.05435912,0.7265822784810126
historical80,endpoint_mean,baseline,16,32,generator_1_vs_2,strong,4503,0.5920598534594756,0.046244245,0.7226293582056407
historical80,endpoint_mean,baseline,16,32,independent_MC,all,6320,0.8775620475662863,0.02971606,0.8511075949367088
historical80,endpoint_mean,baseline,16,32,independent_MC,strong,4503,0.8772278189949145,0.025029706,0.8536531201421275
historical80,endpoint_mean,baseline,16,32,direct_N4096,all,6320,0.5689391908490209,0.0805532,0.7125
historical80,endpoint_mean,baseline,16,32,direct_N4096,strong,4503,0.552577001704538,0.07092423,0.7070841661114813
historical80,endpoint_mean,onset_minus_baseline,1,1,generator_0_vs_1,all,6320,-0.011938596196608278,0.056321565,0.495253164556962
historical80,endpoint_mean,onset_minus_baseline,1,1,generator_0_vs_1,strong,4503,-0.0200289831106323,0.049567718,0.4945591827670442
historical80,endpoint_mean,onset_minus_baseline,1,1,generator_0_vs_2,all,6320,0.02008257672267165,0.054644484,0.5036392405063291
historical80,endpoint_mean,onset_minus_baseline,1,1,generator_0_vs_2,strong,4503,0.011188478403188176,0.048266977,0.49655785032200755
historical80,endpoint_mean,onset_minus_baseline,1,1,generator_1_vs_2,all,6320,0.018250467949729562,0.05431321,0.5052215189873418
historical80,endpoint_mean,onset_minus_baseline,1,1,generator_1_vs_2,strong,4503,0.02511953213366816,0.047616806,0.5049966688874084
historical80,endpoint_mean,onset_minus_baseline,1,1,independent_MC,all,6320,0.04504497639107984,0.055077747,0.5188291139240506
historical80,endpoint_mean,onset_minus_baseline,1,1,independent_MC,strong,4503,0.03923051555277198,0.047648586,0.5185431934266045
historical80,endpoint_mean,onset_minus_baseline,1,1,direct_N4096,all,6320,-0.0010938396025762316,0.06717003,0.5099683544303798
historical80,endpoint_mean,onset_minus_baseline,1,1,direct_N4096,strong,4503,0.005232114204699708,0.061235853,0.5125471907617144
historical80,endpoint_mean,onset_minus_baseline,1,2,generator_0_vs_1,all,6320,-0.010177809013273496,0.055415545,0.49968354430379747
historical80,endpoint_mean,onset_minus_baseline,1,2,generator_0_vs_1,strong,4503,-0.015692766758573295,0.048773948,0.499222740395292
historical80,endpoint_mean,onset_minus_baseline,1,2,generator_0_vs_2,all,6320,0.02122616352467137,0.0537284,0.5061708860759494
historical80,endpoint_mean,onset_minus_baseline,1,2,generator_0_vs_2,strong,4503,0.015172278330256736,0.04735126,0.5001110370863868
historical80,endpoint_mean,onset_minus_baseline,1,2,generator_1_vs_2,all,6320,0.02191310717901467,0.053247947,0.5080696202531646
historical80,endpoint_mean,onset_minus_baseline,1,2,generator_1_vs_2,strong,4503,0.031708693531093915,0.046647135,0.5123251165889408
historical80,endpoint_mean,onset_minus_baseline,1,2,independent_MC,all,6320,0.0525298118853887,0.05406794,0.5166139240506329
historical80,endpoint_mean,onset_minus_baseline,1,2,independent_MC,strong,4503,0.047698318899047173,0.04669939,0.5149900066622252
historical80,endpoint_mean,onset_minus_baseline,1,2,direct_N4096,all,6320,0.004531014053629639,0.06917282,0.5128164556962025
historical80,endpoint_mean,onset_minus_baseline,1,2,direct_N4096,strong,4503,0.013446779444616093,0.06270006,0.5172107483899623
historical80,endpoint_mean,onset_minus_baseline,1,4,generator_0_vs_1,all,6320,-0.0019128922550746773,0.053564843,0.4995253164556962
historical80,endpoint_mean,onset_minus_baseline,1,4,generator_0_vs_1,strong,4503,-0.00841338057418827,0.04733577,0.49633577614923385
historical80,endpoint_mean,onset_minus_baseline,1,4,generator_0_vs_2,all,6320,0.033041977064161066,0.05198835,0.5068037974683545
historical80,endpoint_mean,onset_minus_baseline,1,4,generator_0_vs_2,strong,4503,0.027105269779047224,0.045833614,0.5023317788141239
historical80,endpoint_mean,onset_minus_baseline,1,4,generator_1_vs_2,all,6320,0.030489801155022186,0.05141629,0.5110759493670886
historical80,endpoint_mean,onset_minus_baseline,1,4,generator_1_vs_2,strong,4503,0.04090769704287076,0.044942766,0.5143237841439041
historical80,endpoint_mean,onset_minus_baseline,1,4,independent_MC,all,6320,0.07480130771605681,0.05211314,0.5251582278481013
historical80,endpoint_mean,onset_minus_baseline,1,4,independent_MC,strong,4503,0.07534231957885514,0.045035034,0.5267599378192316
historical80,endpoint_mean,onset_minus_baseline,1,4,direct_N4096,all,6320,0.02145364429044847,0.07281273,0.5112341772151898
historical80,endpoint_mean,onset_minus_baseline,1,4,direct_N4096,strong,4503,0.03333059641507422,0.06640617,0.5138796357983566
historical80,endpoint_mean,onset_minus_baseline,1,8,generator_0_vs_1,all,6320,0.011915135260374842,0.05111731,0.5031645569620253
historical80,endpoint_mean,onset_minus_baseline,1,8,generator_0_vs_1,strong,4503,0.004927356013691025,0.045416184,0.5003331112591606
historical80,endpoint_mean,onset_minus_baseline,1,8,generator_0_vs_2,all,6320,0.04605975215558749,0.049864504,0.5153481012658228
historical80,endpoint_mean,onset_minus_baseline,1,8,generator_0_vs_2,strong,4503,0.03976114592205614,0.043914,0.5132134132800356
historical80,endpoint_mean,onset_minus_baseline,1,8,generator_1_vs_2,all,6320,0.045729488537653865,0.048947863,0.5181962025316456
historical80,endpoint_mean,onset_minus_baseline,1,8,generator_1_vs_2,strong,4503,0.05552915981760048,0.04253409,0.5216522318454364
historical80,endpoint_mean,onset_minus_baseline,1,8,independent_MC,all,6320,0.11612864571633882,0.04910497,0.539873417721519
historical80,endpoint_mean,onset_minus_baseline,1,8,independent_MC,strong,4503,0.1250031659438819,0.042505953,0.5407506107039751
historical80,endpoint_mean,onset_minus_baseline,1,8,direct_N4096,all,6320,0.02982510370508951,0.078513496,0.5134493670886076
historical80,endpoint_mean,onset_minus_baseline,1,8,direct_N4096,strong,4503,0.02699587632783343,0.07245009,0.5176548967355097
historical80,endpoint_mean,onset_minus_baseline,1,16,generator_0_vs_1,all,6320,0.017809924046424237,0.04872983,0.5088607594936709
historical80,endpoint_mean,onset_minus_baseline,1,16,generator_0_vs_1,strong,4503,0.007398603136202902,0.043404225,0.5023317788141239
historical80,endpoint_mean,onset_minus_baseline,1,16,generator_0_vs_2,all,6320,0.041460012664582095,0.047418166,0.5091772151898735
historical80,endpoint_mean,onset_minus_baseline,1,16,generator_0_vs_2,strong,4503,0.027638970416665992,0.041836552,0.4981123695314235
historical80,endpoint_mean,onset_minus_baseline,1,16,generator_1_vs_2,all,6320,0.0370799158088579,0.046373248,0.5129746835443038
historical80,endpoint_mean,onset_minus_baseline,1,16,generator_1_vs_2,strong,4503,0.036837727575984185,0.04032526,0.5134354874528092
historical80,endpoint_mean,onset_minus_baseline,1,16,independent_MC,all,6320,0.14703006536561028,0.04587929,0.5454113924050633
historical80,endpoint_mean,onset_minus_baseline,1,16,independent_MC,strong,4503,0.16261931526398235,0.03971279,0.5478569842327338
historical80,endpoint_mean,onset_minus_baseline,1,16,direct_N4096,all,6320,0.014064618592428886,0.08904877,0.5056962025316456
historical80,endpoint_mean,onset_minus_baseline,1,16,direct_N4096,strong,4503,0.022409252469871115,0.08344095,0.5127692649344882
historical80,endpoint_mean,onset_minus_baseline,1,32,generator_0_vs_1,all,6320,0.009064254232238727,0.04711648,0.5098101265822785
historical80,endpoint_mean,onset_minus_baseline,1,32,generator_0_vs_1,strong,4503,-0.003743360488331565,0.041743662,0.5043304463690873
historical80,endpoint_mean,onset_minus_baseline,1,32,generator_0_vs_2,all,6320,0.035225239030632856,0.04477086,0.5132911392405063
historical80,endpoint_mean,onset_minus_baseline,1,32,generator_0_vs_2,strong,4503,0.010365906003523443,0.039516795,0.5021097046413502
historical80,endpoint_mean,onset_minus_baseline,1,32,generator_1_vs_2,all,6320,0.025176464145023548,0.04455204,0.5123417721518987
historical80,endpoint_mean,onset_minus_baseline,1,32,generator_1_vs_2,strong,4503,0.0014127466841786416,0.039008886,0.5065511880968243
historical80,endpoint_mean,onset_minus_baseline,1,32,independent_MC,all,6320,0.16083006665250063,0.043132022,0.5590189873417721
historical80,endpoint_mean,onset_minus_baseline,1,32,independent_MC,strong,4503,0.1796253980655142,0.037203807,0.5665112147457251
historical80,endpoint_mean,onset_minus_baseline,1,32,direct_N4096,all,6320,0.014266500953478572,0.10693863,0.5052215189873418
historical80,endpoint_mean,onset_minus_baseline,1,32,direct_N4096,strong,4503,0.01691686559742759,0.09787071,0.5085498556517877
historical80,endpoint_mean,onset_minus_baseline,4,1,generator_0_vs_1,all,6320,0.012942682953312678,0.05368087,0.49920886075949367
historical80,endpoint_mean,onset_minus_baseline,4,1,generator_0_vs_1,strong,4503,0.016255890848967603,0.044583,0.5025538529868976
historical80,endpoint_mean,onset_minus_baseline,4,1,generator_0_vs_2,all,6320,0.0034836209791486005,0.052689448,0.507120253164557
historical80,endpoint_mean,onset_minus_baseline,4,1,generator_0_vs_2,strong,4503,0.018384865391625666,0.043342333,0.5143237841439041
historical80,endpoint_mean,onset_minus_baseline,4,1,generator_1_vs_2,all,6320,-0.006755436692423429,0.052669413,0.49050632911392406
historical80,endpoint_mean,onset_minus_baseline,4,1,generator_1_vs_2,strong,4503,-0.019908897247928672,0.044220556,0.48412169664668
historical80,endpoint_mean,onset_minus_baseline,4,1,independent_MC,all,6320,0.007586367628664722,0.05224265,0.5074367088607595
historical80,endpoint_mean,onset_minus_baseline,4,1,independent_MC,strong,4503,0.02090369833464053,0.043935638,0.5138796357983566
historical80,endpoint_mean,onset_minus_baseline,4,1,direct_N4096,all,6320,0.03299121150795935,0.07033899,0.5128164556962025
historical80,endpoint_mean,onset_minus_baseline,4,1,direct_N4096,strong,4503,0.052263704272029574,0.06209456,0.5147679324894515
historical80,endpoint_mean,onset_minus_baseline,4,2,generator_0_vs_1,all,6320,0.016618618417639775,0.05283578,0.5004746835443038
historical80,endpoint_mean,onset_minus_baseline,4,2,generator_0_vs_1,strong,4503,0.023173277479831847,0.043799285,0.5034421496779925
historical80,endpoint_mean,onset_minus_baseline,4,2,generator_0_vs_2,all,6320,0.008690853479826592,0.051837824,0.5033227848101266
historical80,endpoint_mean,onset_minus_baseline,4,2,generator_0_vs_2,strong,4503,0.026133584898716818,0.042610202,0.5109926715522984
historical80,endpoint_mean,onset_minus_baseline,4,2,generator_1_vs_2,all,6320,0.00013851734027000917,0.051765203,0.4908227848101266
historical80,endpoint_mean,onset_minus_baseline,4,2,generator_1_vs_2,strong,4503,-0.012229287037775354,0.04346696,0.48567621585609594
historical80,endpoint_mean,onset_minus_baseline,4,2,independent_MC,all,6320,0.017757159566996607,0.05132436,0.509493670886076
historical80,endpoint_mean,onset_minus_baseline,4,2,independent_MC,strong,4503,0.0341485191570625,0.043103375,0.5161003775260937
historical80,endpoint_mean,onset_minus_baseline,4,2,direct_N4096,all,6320,0.031508683149046646,0.071302935,0.5167721518987342
historical80,endpoint_mean,onset_minus_baseline,4,2,direct_N4096,strong,4503,0.046189252121260474,0.063403934,0.5192094159449256
historical80,endpoint_mean,onset_minus_baseline,4,4,generator_0_vs_1,all,6320,0.0311967733982235,0.05165837,0.5093354430379747
historical80,endpoint_mean,onset_minus_baseline,4,4,generator_0_vs_1,strong,4503,0.04081649060168831,0.042793926,0.5107705973795248
historical80,endpoint_mean,onset_minus_baseline,4,4,generator_0_vs_2,all,6320,0.017560850754189117,0.05084466,0.5075949367088608
historical80,endpoint_mean,onset_minus_baseline,4,4,generator_0_vs_2,strong,4503,0.03977701986571743,0.041732676,0.5132134132800356
historical80,endpoint_mean,onset_minus_baseline,4,4,generator_1_vs_2,all,6320,0.01484390000165685,0.05050232,0.5007911392405063
historical80,endpoint_mean,onset_minus_baseline,4,4,generator_1_vs_2,strong,4503,0.004791360722131078,0.042476553,0.4987785920497446
historical80,endpoint_mean,onset_minus_baseline,4,4,independent_MC,all,6320,0.03874594756239581,0.05005057,0.5142405063291139
historical80,endpoint_mean,onset_minus_baseline,4,4,independent_MC,strong,4503,0.05715010087442778,0.041999187,0.5187652675993782
historical80,endpoint_mean,onset_minus_baseline,4,4,direct_N4096,all,6320,0.058471925560615784,0.07523293,0.5246835443037975
historical80,endpoint_mean,onset_minus_baseline,4,4,direct_N4096,strong,4503,0.07999976932945625,0.06653422,0.5298689762380635
historical80,endpoint_mean,onset_minus_baseline,4,8,generator_0_vs_1,all,6320,0.049217913586138466,0.05041469,0.5110759493670886
historical80,endpoint_mean,onset_minus_baseline,4,8,generator_0_vs_1,strong,4503,0.06091392299745175,0.04154545,0.5116588940706196
historical80,endpoint_mean,onset_minus_baseline,4,8,generator_0_vs_2,all,6320,0.029332040374605,0.049556002,0.5142405063291139
historical80,endpoint_mean,onset_minus_baseline,4,8,generator_0_vs_2,strong,4503,0.052409556511931514,0.040699143,0.523428825227626
historical80,endpoint_mean,onset_minus_baseline,4,8,generator_1_vs_2,all,6320,0.03142848898073056,0.049212284,0.5079113924050633
historical80,endpoint_mean,onset_minus_baseline,4,8,generator_1_vs_2,strong,4503,0.026936383866523358,0.041318227,0.5049966688874084
historical80,endpoint_mean,onset_minus_baseline,4,8,independent_MC,all,6320,0.06869001286742499,0.048338342,0.5281645569620254
historical80,endpoint_mean,onset_minus_baseline,4,8,independent_MC,strong,4503,0.08958606327844208,0.040359803,0.5356429047301798
historical80,endpoint_mean,onset_minus_baseline,4,8,direct_N4096,all,6320,0.05601591975205616,0.08071645,0.519620253164557
historical80,endpoint_mean,onset_minus_baseline,4,8,direct_N4096,strong,4503,0.0666432092648183,0.072786696,0.5229846768820786
historical80,endpoint_mean,onset_minus_baseline,4,16,generator_0_vs_1,all,6320,0.059640393817041996,0.04902441,0.5158227848101266
historical80,endpoint_mean,onset_minus_baseline,4,16,generator_0_vs_1,strong,4503,0.07366455732375948,0.04003518,0.523428825227626
historical80,endpoint_mean,onset_minus_baseline,4,16,generator_0_vs_2,all,6320,0.02341313840047261,0.048070885,0.5099683544303798
historical80,endpoint_mean,onset_minus_baseline,4,16,generator_0_vs_2,strong,4503,0.05143778068772706,0.039414786,0.5183211192538307
historical80,endpoint_mean,onset_minus_baseline,4,16,generator_1_vs_2,all,6320,0.0340966443398858,0.047636606,0.513132911392405
historical80,endpoint_mean,onset_minus_baseline,4,16,generator_1_vs_2,strong,4503,0.03502428419778458,0.03988394,0.512103042416167
historical80,endpoint_mean,onset_minus_baseline,4,16,independent_MC,all,6320,0.08674784605483349,0.046332125,0.5360759493670886
historical80,endpoint_mean,onset_minus_baseline,4,16,independent_MC,strong,4503,0.10531911715408741,0.038355153,0.5449700199866756
historical80,endpoint_mean,onset_minus_baseline,4,16,direct_N4096,all,6320,0.04718056121987611,0.09132995,0.517879746835443
historical80,endpoint_mean,onset_minus_baseline,4,16,direct_N4096,strong,4503,0.07470636307398029,0.0816079,0.5314234954474795
historical80,endpoint_mean,onset_minus_baseline,4,32,generator_0_vs_1,all,6320,0.06766603887307124,0.047491767,0.5305379746835444
historical80,endpoint_mean,onset_minus_baseline,4,32,generator_0_vs_1,strong,4503,0.08266128929132442,0.03865158,0.5365312014212748
historical80,endpoint_mean,onset_minus_baseline,4,32,generator_0_vs_2,all,6320,0.006862901040209669,0.046855815,0.5031645569620253
historical80,endpoint_mean,onset_minus_baseline,4,32,generator_0_vs_2,strong,4503,0.033468411537885635,0.038354177,0.5132134132800356
historical80,endpoint_mean,onset_minus_baseline,4,32,generator_1_vs_2,all,6320,0.0332699105947764,0.046222053,0.5093354430379747
historical80,endpoint_mean,onset_minus_baseline,4,32,generator_1_vs_2,strong,4503,0.03911453570949266,0.038292576,0.5049966688874084
historical80,endpoint_mean,onset_minus_baseline,4,32,independent_MC,all,6320,0.09931629509974978,0.044956714,0.5387658227848101
historical80,endpoint_mean,onset_minus_baseline,4,32,independent_MC,strong,4503,0.11650366912019172,0.036645196,0.5440817232955807
historical80,endpoint_mean,onset_minus_baseline,4,32,direct_N4096,all,6320,0.0375091467835928,0.109306715,0.5134493670886076
historical80,endpoint_mean,onset_minus_baseline,4,32,direct_N4096,strong,4503,0.045935938760533285,0.09905795,0.5149900066622252
historical80,endpoint_mean,onset_minus_baseline,8,1,generator_0_vs_1,all,6320,-0.0036062925423694992,0.050278828,0.49794303797468353
historical80,endpoint_mean,onset_minus_baseline,8,1,generator_0_vs_1,strong,4503,-0.002962939451947818,0.044051558,0.5016655562958028
historical80,endpoint_mean,onset_minus_baseline,8,1,generator_0_vs_2,all,6320,-0.023412876948025175,0.05068028,0.4939873417721519
historical80,endpoint_mean,onset_minus_baseline,8,1,generator_0_vs_2,strong,4503,-0.02405659126601265,0.043168426,0.4952254052853653
historical80,endpoint_mean,onset_minus_baseline,8,1,generator_1_vs_2,all,6320,0.0054202548992088664,0.05109377,0.5099683544303798
historical80,endpoint_mean,onset_minus_baseline,8,1,generator_1_vs_2,strong,4503,0.004368621558161381,0.04403364,0.5089940039973351
historical80,endpoint_mean,onset_minus_baseline,8,1,independent_MC,all,6320,0.024396518978861168,0.049391054,0.5079113924050633
historical80,endpoint_mean,onset_minus_baseline,8,1,independent_MC,strong,4503,0.032751300443393826,0.04203841,0.5087719298245614
historical80,endpoint_mean,onset_minus_baseline,8,1,direct_N4096,all,6320,0.029958276434783587,0.0768207,0.5085443037974684
historical80,endpoint_mean,onset_minus_baseline,8,1,direct_N4096,strong,4503,0.054223059820149196,0.06702068,0.5147679324894515
historical80,endpoint_mean,onset_minus_baseline,8,2,generator_0_vs_1,all,6320,-0.0028926613432584207,0.049883448,0.4995253164556962
historical80,endpoint_mean,onset_minus_baseline,8,2,generator_0_vs_1,strong,4503,-0.002713527550683565,0.043743,0.5023317788141239
historical80,endpoint_mean,onset_minus_baseline,8,2,generator_0_vs_2,all,6320,-0.018904299008340536,0.05023661,0.49731012658227847
historical80,endpoint_mean,onset_minus_baseline,8,2,generator_0_vs_2,strong,4503,-0.018378378818152255,0.042825937,0.4983344437041972
historical80,endpoint_mean,onset_minus_baseline,8,2,generator_1_vs_2,all,6320,0.007506549167604795,0.050621368,0.5104430379746835
historical80,endpoint_mean,onset_minus_baseline,8,2,generator_1_vs_2,strong,4503,0.006923590709330219,0.04366835,0.5078836331334666
historical80,endpoint_mean,onset_minus_baseline,8,2,independent_MC,all,6320,0.03285096085680656,0.048869956,0.5110759493670886
historical80,endpoint_mean,onset_minus_baseline,8,2,independent_MC,strong,4503,0.04204576762125779,0.041611005,0.5109926715522984
historical80,endpoint_mean,onset_minus_baseline,8,2,direct_N4096,all,6320,0.03120786461473551,0.078499265,0.5129746835443038
historical80,endpoint_mean,onset_minus_baseline,8,2,direct_N4096,strong,4503,0.04335958918801557,0.0689163,0.5149900066622252
historical80,endpoint_mean,onset_minus_baseline,8,4,generator_0_vs_1,all,6320,0.0005494172426092832,0.049248345,0.5017405063291139
historical80,endpoint_mean,onset_minus_baseline,8,4,generator_0_vs_1,strong,4503,-0.0022044976058404144,0.043310557,0.5021097046413502
historical80,endpoint_mean,onset_minus_baseline,8,4,generator_0_vs_2,all,6320,-0.006367265588159847,0.04957801,0.494620253164557
historical80,endpoint_mean,onset_minus_baseline,8,4,generator_0_vs_2,strong,4503,-0.003280935742252403,0.042269144,0.4945591827670442
historical80,endpoint_mean,onset_minus_baseline,8,4,generator_1_vs_2,all,6320,0.013366782187228025,0.049936302,0.5093354430379747
historical80,endpoint_mean,onset_minus_baseline,8,4,generator_1_vs_2,strong,4503,0.012444860486463523,0.043154154,0.5074394847879191
historical80,endpoint_mean,onset_minus_baseline,8,4,independent_MC,all,6320,0.05132578105782014,0.048012428,0.5156645569620253
historical80,endpoint_mean,onset_minus_baseline,8,4,independent_MC,strong,4503,0.05909562099826738,0.04091172,0.5156562291805463
historical80,endpoint_mean,onset_minus_baseline,8,4,direct_N4096,all,6320,0.03711314684275803,0.082398504,0.5137658227848101
historical80,endpoint_mean,onset_minus_baseline,8,4,direct_N4096,strong,4503,0.047340490751483943,0.0725872,0.5132134132800356
historical80,endpoint_mean,onset_minus_baseline,8,8,generator_0_vs_1,all,6320,0.005278288573261553,0.048388273,0.49556962025316453
historical80,endpoint_mean,onset_minus_baseline,8,8,generator_0_vs_1,strong,4503,-0.0021765999884137653,0.04266965,0.4941150344214968
historical80,endpoint_mean,onset_minus_baseline,8,8,generator_0_vs_2,all,6320,0.010301114978725814,0.048561886,0.5037974683544304
historical80,endpoint_mean,onset_minus_baseline,8,8,generator_0_vs_2,strong,4503,0.016995293727428355,0.041432645,0.5032200755052187
historical80,endpoint_mean,onset_minus_baseline,8,8,generator_1_vs_2,all,6320,0.02561883462625673,0.048754513,0.5063291139240507
historical80,endpoint_mean,onset_minus_baseline,8,8,generator_1_vs_2,strong,4503,0.022893429436537778,0.04233977,0.5027759271596713
historical80,endpoint_mean,onset_minus_baseline,8,8,independent_MC,all,6320,0.07812124513173573,0.046755247,0.5227848101265823
historical80,endpoint_mean,onset_minus_baseline,8,8,independent_MC,strong,4503,0.08433578053435661,0.039815277,0.5189873417721519
historical80,endpoint_mean,onset_minus_baseline,8,8,direct_N4096,all,6320,0.034001474366336444,0.087752506,0.5151898734177215
historical80,endpoint_mean,onset_minus_baseline,8,8,direct_N4096,strong,4503,0.03605143338809584,0.07669181,0.5125471907617144
historical80,endpoint_mean,onset_minus_baseline,8,16,generator_0_vs_1,all,6320,0.003352354309497355,0.047301255,0.4925632911392405
historical80,endpoint_mean,onset_minus_baseline,8,16,generator_0_vs_1,strong,4503,-0.002948407086683797,0.041655857,0.4885631801021541
historical80,endpoint_mean,onset_minus_baseline,8,16,generator_0_vs_2,all,6320,0.014608838944566974,0.047102902,0.5028481012658228
historical80,endpoint_mean,onset_minus_baseline,8,16,generator_0_vs_2,strong,4503,0.028680944258437084,0.040252596,0.5081057073062403
historical80,endpoint_mean,onset_minus_baseline,8,16,generator_1_vs_2,all,6320,0.028131443534524833,0.04707372,0.5087025316455697
historical80,endpoint_mean,onset_minus_baseline,8,16,generator_1_vs_2,strong,4503,0.027338486930018214,0.041181806,0.5069953364423717
historical80,endpoint_mean,onset_minus_baseline,8,16,independent_MC,all,6320,0.09916782747472094,0.045133457,0.5319620253164556
historical80,endpoint_mean,onset_minus_baseline,8,16,independent_MC,strong,4503,0.10304379975743852,0.038376343,0.5305351987563847
historical80,endpoint_mean,onset_minus_baseline,8,16,direct_N4096,all,6320,0.041788075708078194,0.096412174,0.5210443037974684
historical80,endpoint_mean,onset_minus_baseline,8,16,direct_N4096,strong,4503,0.04207147834102476,0.08564641,0.5225405285365312
historical80,endpoint_mean,onset_minus_baseline,8,32,generator_0_vs_1,all,6320,0.00429729683834836,0.046064157,0.49636075949367087
historical80,endpoint_mean,onset_minus_baseline,8,32,generator_0_vs_1,strong,4503,0.002406306338263469,0.04034267,0.49722407284032866
historical80,endpoint_mean,onset_minus_baseline,8,32,generator_0_vs_2,all,6320,0.010294891008018761,0.045345973,0.5117088607594936
historical80,endpoint_mean,onset_minus_baseline,8,32,generator_0_vs_2,strong,4503,0.03856406113511589,0.038787123,0.5198756384632467
historical80,endpoint_mean,onset_minus_baseline,8,32,generator_1_vs_2,all,6320,0.02463413155038831,0.045199174,0.5090189873417722
historical80,endpoint_mean,onset_minus_baseline,8,32,generator_1_vs_2,strong,4503,0.022500777220527908,0.039936457,0.5092160781701088
historical80,endpoint_mean,onset_minus_baseline,8,32,independent_MC,all,6320,0.1234936987920841,0.043023333,0.5430379746835443
historical80,endpoint_mean,onset_minus_baseline,8,32,independent_MC,strong,4503,0.12344845218280402,0.03655193,0.5405285365312015
historical80,endpoint_mean,onset_minus_baseline,8,32,direct_N4096,all,6320,0.06274183035805884,0.11376872,0.5240506329113924
historical80,endpoint_mean,onset_minus_baseline,8,32,direct_N4096,strong,4503,0.04501009359868803,0.10048002,0.5156562291805463
historical80,endpoint_mean,onset_minus_baseline,16,1,generator_0_vs_1,all,6320,-0.021712904530409697,0.047740117,0.49287974683544306
historical80,endpoint_mean,onset_minus_baseline,16,1,generator_0_vs_1,strong,4503,0.013833537875076338,0.039225943,0.5076615589606929
historical80,endpoint_mean,onset_minus_baseline,16,1,generator_0_vs_2,all,6320,-0.017276202150343322,0.047924448,0.5001582278481013
historical80,endpoint_mean,onset_minus_baseline,16,1,generator_0_vs_2,strong,4503,0.0018425251924719219,0.040917043,0.5101043748612036
historical80,endpoint_mean,onset_minus_baseline,16,1,generator_1_vs_2,all,6320,0.016466028137738672,0.046699252,0.5050632911392405
historical80,endpoint_mean,onset_minus_baseline,16,1,generator_1_vs_2,strong,4503,-0.014554101156489396,0.040152173,0.4952254052853653
historical80,endpoint_mean,onset_minus_baseline,16,1,independent_MC,all,6320,0.06819248302593905,0.045528214,0.5257911392405064
historical80,endpoint_mean,onset_minus_baseline,16,1,independent_MC,strong,4503,0.08820851857312889,0.038898323,0.5294248278925161
historical80,endpoint_mean,onset_minus_baseline,16,1,direct_N4096,all,6320,-0.0011385952702109476,0.08813799,0.5063291139240507
historical80,endpoint_mean,onset_minus_baseline,16,1,direct_N4096,strong,4503,-0.001065547273687422,0.07625825,0.5061070397512769
historical80,endpoint_mean,onset_minus_baseline,16,2,generator_0_vs_1,all,6320,-0.021145168194497937,0.047632862,0.4936708860759494
historical80,endpoint_mean,onset_minus_baseline,16,2,generator_0_vs_1,strong,4503,0.01476685726453919,0.03912987,0.5067732622695981
historical80,endpoint_mean,onset_minus_baseline,16,2,generator_0_vs_2,all,6320,-0.016054217572761483,0.047861174,0.4995253164556962
historical80,endpoint_mean,onset_minus_baseline,16,2,generator_0_vs_2,strong,4503,0.002367234967395198,0.04088382,0.5107705973795248
historical80,endpoint_mean,onset_minus_baseline,16,2,generator_1_vs_2,all,6320,0.01731635730091889,0.04661361,0.5033227848101266
historical80,endpoint_mean,onset_minus_baseline,16,2,generator_1_vs_2,strong,4503,-0.012503777638636988,0.04005432,0.4950033311125916
historical80,endpoint_mean,onset_minus_baseline,16,2,independent_MC,all,6320,0.07315375708485095,0.04532768,0.5280063291139241
historical80,endpoint_mean,onset_minus_baseline,16,2,independent_MC,strong,4503,0.09276669026907325,0.038770996,0.5320897179658006
historical80,endpoint_mean,onset_minus_baseline,16,2,direct_N4096,all,6320,0.014795537050836569,0.089551486,0.5140822784810126
historical80,endpoint_mean,onset_minus_baseline,16,2,direct_N4096,strong,4503,0.015227022236163613,0.07811365,0.5163224516988674
historical80,endpoint_mean,onset_minus_baseline,16,4,generator_0_vs_1,all,6320,-0.01825251773735123,0.047450572,0.4920886075949367
historical80,endpoint_mean,onset_minus_baseline,16,4,generator_0_vs_1,strong,4503,0.016535447919035447,0.03894569,0.5038862980235399
historical80,endpoint_mean,onset_minus_baseline,16,4,generator_0_vs_2,all,6320,-0.010538870921393014,0.04773254,0.5052215189873418
historical80,endpoint_mean,onset_minus_baseline,16,4,generator_0_vs_2,strong,4503,0.006217266125628587,0.040821306,0.5154341550077726
historical80,endpoint_mean,onset_minus_baseline,16,4,generator_1_vs_2,all,6320,0.02045356419758109,0.046455096,0.5090189873417722
historical80,endpoint_mean,onset_minus_baseline,16,4,generator_1_vs_2,strong,4503,-0.007404221653027173,0.03984875,0.4998889629136131
historical80,endpoint_mean,onset_minus_baseline,16,4,independent_MC,all,6320,0.0838487901788522,0.044946805,0.532753164556962
historical80,endpoint_mean,onset_minus_baseline,16,4,independent_MC,strong,4503,0.10357975583530764,0.03852024,0.5374194981123696
historical80,endpoint_mean,onset_minus_baseline,16,4,direct_N4096,all,6320,0.018490952267839124,0.09172885,0.5159810126582278
historical80,endpoint_mean,onset_minus_baseline,16,4,direct_N4096,strong,4503,0.02061008465578893,0.07978987,0.5200977126360204
historical80,endpoint_mean,onset_minus_baseline,16,8,generator_0_vs_1,all,6320,-0.01658618402915025,0.04724829,0.49003164556962026
historical80,endpoint_mean,onset_minus_baseline,16,8,generator_0_vs_1,strong,4503,0.017284490041040965,0.038819667,0.5018876304685765
historical80,endpoint_mean,onset_minus_baseline,16,8,generator_0_vs_2,all,6320,-0.0068982721336964155,0.047627944,0.5033227848101266
historical80,endpoint_mean,onset_minus_baseline,16,8,generator_0_vs_2,strong,4503,0.006374846268943488,0.040784888,0.5089940039973351
historical80,endpoint_mean,onset_minus_baseline,16,8,generator_1_vs_2,all,6320,0.018016717339843006,0.046304714,0.5056962025316456
historical80,endpoint_mean,onset_minus_baseline,16,8,generator_1_vs_2,strong,4503,-0.006253367045946241,0.039523292,0.49677992449478126
historical80,endpoint_mean,onset_minus_baseline,16,8,independent_MC,all,6320,0.09747588121850992,0.044366494,0.532753164556962
historical80,endpoint_mean,onset_minus_baseline,16,8,independent_MC,strong,4503,0.11683964950162071,0.03827647,0.5396402398401066
historical80,endpoint_mean,onset_minus_baseline,16,8,direct_N4096,all,6320,0.01845628471889984,0.097880736,0.5128164556962025
historical80,endpoint_mean,onset_minus_baseline,16,8,direct_N4096,strong,4503,0.030280775365739154,0.085397884,0.5178769709082833
historical80,endpoint_mean,onset_minus_baseline,16,16,generator_0_vs_1,all,6320,-0.02557182935076303,0.046906456,0.49335443037974686
historical80,endpoint_mean,onset_minus_baseline,16,16,generator_0_vs_1,strong,4503,0.011460667831161358,0.038629558,0.5074394847879191
historical80,endpoint_mean,onset_minus_baseline,16,16,generator_0_vs_2,all,6320,-0.00784580223373322,0.047325905,0.5072784810126583
historical80,endpoint_mean,onset_minus_baseline,16,16,generator_0_vs_2,strong,4503,-0.0017453443374192553,0.04071173,0.5092160781701088
historical80,endpoint_mean,onset_minus_baseline,16,16,generator_1_vs_2,all,6320,0.004869469927419575,0.046023313,0.5053797468354431
historical80,endpoint_mean,onset_minus_baseline,16,16,generator_1_vs_2,strong,4503,-0.006254431713597586,0.038819786,0.502998001332445
historical80,endpoint_mean,onset_minus_baseline,16,16,independent_MC,all,6320,0.11227960974223758,0.04335088,0.5420886075949367
historical80,endpoint_mean,onset_minus_baseline,16,16,independent_MC,strong,4503,0.12580176932471132,0.038052548,0.5449700199866756
historical80,endpoint_mean,onset_minus_baseline,16,16,direct_N4096,all,6320,0.021786533770640215,0.10677011,0.5143987341772152
historical80,endpoint_mean,onset_minus_baseline,16,16,direct_N4096,strong,4503,0.041284153194442466,0.09432639,0.5194314901176993
historical80,endpoint_mean,onset_minus_baseline,16,32,generator_0_vs_1,all,6320,-0.04402257460483077,0.046579674,0.4882911392405063
historical80,endpoint_mean,onset_minus_baseline,16,32,generator_0_vs_1,strong,4503,0.008395253099331118,0.038491357,0.5063291139240507
historical80,endpoint_mean,onset_minus_baseline,16,32,generator_0_vs_2,all,6320,-0.01375937095858108,0.047128797,0.49604430379746833
historical80,endpoint_mean,onset_minus_baseline,16,32,generator_0_vs_2,strong,4503,-0.02254869764809314,0.04118116,0.4938929602487231
historical80,endpoint_mean,onset_minus_baseline,16,32,generator_1_vs_2,all,6320,-0.025793319457119355,0.046135683,0.4903481012658228
historical80,endpoint_mean,onset_minus_baseline,16,32,generator_1_vs_2,strong,4503,-0.019668426531092097,0.03859958,0.49233844103930713
historical80,endpoint_mean,onset_minus_baseline,16,32,independent_MC,all,6320,0.11544133586220663,0.042403787,0.5433544303797468
historical80,endpoint_mean,onset_minus_baseline,16,32,independent_MC,strong,4503,0.1152942346616231,0.0380423,0.5387519431490118
historical80,endpoint_mean,onset_minus_baseline,16,32,direct_N4096,all,6320,0.02960689178459528,0.124013595,0.5096518987341773
historical80,endpoint_mean,onset_minus_baseline,16,32,direct_N4096,strong,4503,0.03788343872724747,0.10942487,0.5089940039973351
historical80,endpoint_mean,active_minus_baseline,1,1,generator_0_vs_1,all,6320,0.024422628499692563,0.056217004,0.5139240506329114
historical80,endpoint_mean,active_minus_baseline,1,1,generator_0_vs_1,strong,4503,0.038840568178735775,0.048125338,0.5185431934266045
historical80,endpoint_mean,active_minus_baseline,1,1,generator_0_vs_2,all,6320,0.0058125562389562315,0.05558353,0.5074367088607595
historical80,endpoint_mean,active_minus_baseline,1,1,generator_0_vs_2,strong,4503,-0.016192365240489122,0.049495626,0.5025538529868976
historical80,endpoint_mean,active_minus_baseline,1,1,generator_1_vs_2,all,6320,0.046911211411123435,0.053641036,0.5254746835443038
historical80,endpoint_mean,active_minus_baseline,1,1,generator_1_vs_2,strong,4503,0.07337483327560118,0.04659471,0.5367532755940484
historical80,endpoint_mean,active_minus_baseline,1,1,independent_MC,all,6320,0.04021674464508353,0.055056117,0.5215189873417722
historical80,endpoint_mean,active_minus_baseline,1,1,independent_MC,strong,4503,0.042528906205118226,0.047002833,0.52187430601821
historical80,endpoint_mean,active_minus_baseline,1,1,direct_N4096,all,6320,-0.012326540906816175,0.06631908,0.49556962025316453
historical80,endpoint_mean,active_minus_baseline,1,1,direct_N4096,strong,4503,-0.019027482673367863,0.06051785,0.49300466355762823
historical80,endpoint_mean,active_minus_baseline,1,2,generator_0_vs_1,all,6320,0.026230405604387424,0.05505905,0.5166139240506329
historical80,endpoint_mean,active_minus_baseline,1,2,generator_0_vs_1,strong,4503,0.04161123471013386,0.047256846,0.5203197868087941
historical80,endpoint_mean,active_minus_baseline,1,2,generator_0_vs_2,all,6320,0.00864829049502643,0.05450907,0.5052215189873418
historical80,endpoint_mean,active_minus_baseline,1,2,generator_0_vs_2,strong,4503,-0.012292706192097021,0.048454944,0.500777259604708
historical80,endpoint_mean,active_minus_baseline,1,2,generator_1_vs_2,all,6320,0.04432487410087775,0.052693784,0.5186708860759494
historical80,endpoint_mean,active_minus_baseline,1,2,generator_1_vs_2,strong,4503,0.07133889183649188,0.045777556,0.5265378636464579
historical80,endpoint_mean,active_minus_baseline,1,2,independent_MC,all,6320,0.044343088352006635,0.05387352,0.522626582278481
historical80,endpoint_mean,active_minus_baseline,1,2,independent_MC,strong,4503,0.04578008224573247,0.045995522,0.5229846768820786
historical80,endpoint_mean,active_minus_baseline,1,2,direct_N4096,all,6320,0.008291708431991741,0.06725656,0.5060126582278481
historical80,endpoint_mean,active_minus_baseline,1,2,direct_N4096,strong,4503,0.00793313766028983,0.061469406,0.5087719298245614
historical80,endpoint_mean,active_minus_baseline,1,4,generator_0_vs_1,all,6320,0.03370194783453924,0.052962877,0.5185126582278481
historical80,endpoint_mean,active_minus_baseline,1,4,generator_0_vs_1,strong,4503,0.048622282918672544,0.045781158,0.5256495669553631
historical80,endpoint_mean,active_minus_baseline,1,4,generator_0_vs_2,all,6320,0.013589715725168662,0.05270562,0.5099683544303798
historical80,endpoint_mean,active_minus_baseline,1,4,generator_0_vs_2,strong,4503,-0.005777234687550967,0.046861585,0.5054408172329558
historical80,endpoint_mean,active_minus_baseline,1,4,generator_1_vs_2,all,6320,0.046014250943867345,0.051138178,0.5246835443037975
historical80,endpoint_mean,active_minus_baseline,1,4,generator_1_vs_2,strong,4503,0.0686973997437826,0.044561382,0.5307572729291583
historical80,endpoint_mean,active_minus_baseline,1,4,independent_MC,all,6320,0.05969923934721652,0.05164518,0.5231012658227848
historical80,endpoint_mean,active_minus_baseline,1,4,independent_MC,strong,4503,0.06242200599763076,0.04413599,0.5236508994003998
historical80,endpoint_mean,active_minus_baseline,1,4,direct_N4096,all,6320,0.016229178104354345,0.06971115,0.5090189873417722
historical80,endpoint_mean,active_minus_baseline,1,4,direct_N4096,strong,4503,0.017297215848802946,0.06337126,0.5078836331334666
historical80,endpoint_mean,active_minus_baseline,1,8,generator_0_vs_1,all,6320,0.04735004986054272,0.050239857,0.526740506329114
historical80,endpoint_mean,active_minus_baseline,1,8,generator_0_vs_1,strong,4503,0.057042767103677124,0.04387505,0.5307572729291583
historical80,endpoint_mean,active_minus_baseline,1,8,generator_0_vs_2,all,6320,0.022183702499429685,0.050260674,0.5137658227848101
historical80,endpoint_mean,active_minus_baseline,1,8,generator_0_vs_2,strong,4503,0.003610741156442966,0.044755865,0.5096602265156562
historical80,endpoint_mean,active_minus_baseline,1,8,generator_1_vs_2,all,6320,0.04412993729523205,0.049181245,0.5189873417721519
historical80,endpoint_mean,active_minus_baseline,1,8,generator_1_vs_2,strong,4503,0.0682101824090816,0.042706195,0.5240950477459472
historical80,endpoint_mean,active_minus_baseline,1,8,independent_MC,all,6320,0.09448374313846081,0.048432395,0.532753164556962
historical80,endpoint_mean,active_minus_baseline,1,8,independent_MC,strong,4503,0.09805916249503265,0.041581392,0.5351987563846324
historical80,endpoint_mean,active_minus_baseline,1,8,direct_N4096,all,6320,0.03520234133427612,0.074469216,0.5170886075949367
historical80,endpoint_mean,active_minus_baseline,1,8,direct_N4096,strong,4503,0.030405916395226443,0.06953149,0.5156562291805463
historical80,endpoint_mean,active_minus_baseline,1,16,generator_0_vs_1,all,6320,0.056152722678656175,0.04805986,0.5197784810126582
historical80,endpoint_mean,active_minus_baseline,1,16,generator_0_vs_1,strong,4503,0.049001157739199504,0.042507026,0.5194314901176993
historical80,endpoint_mean,active_minus_baseline,1,16,generator_0_vs_2,all,6320,0.033985814766667115,0.04806515,0.5096518987341773
historical80,endpoint_mean,active_minus_baseline,1,16,generator_0_vs_2,strong,4503,0.012544173436727618,0.04286613,0.5009993337774816
historical80,endpoint_mean,active_minus_baseline,1,16,generator_1_vs_2,all,6320,0.037373372318068684,0.04746452,0.5151898734177215
historical80,endpoint_mean,active_minus_baseline,1,16,generator_1_vs_2,strong,4503,0.0570344697046557,0.041048132,0.5174328225627359
historical80,endpoint_mean,active_minus_baseline,1,16,independent_MC,all,6320,0.14510395442957238,0.045342203,0.5569620253164557
historical80,endpoint_mean,active_minus_baseline,1,16,independent_MC,strong,4503,0.15126023651924775,0.039113406,0.5647346213635355
historical80,endpoint_mean,active_minus_baseline,1,16,direct_N4096,all,6320,0.03891443106055,0.085065864,0.5199367088607595
historical80,endpoint_mean,active_minus_baseline,1,16,direct_N4096,strong,4503,0.02959002376325056,0.08008414,0.5174328225627359
historical80,endpoint_mean,active_minus_baseline,1,32,generator_0_vs_1,all,6320,0.050264968461732784,0.046742853,0.5191455696202532
historical80,endpoint_mean,active_minus_baseline,1,32,generator_0_vs_1,strong,4503,0.026219691490261078,0.041714072,0.513657561625583
historical80,endpoint_mean,active_minus_baseline,1,32,generator_0_vs_2,all,6320,0.04346480930442367,0.04629923,0.5115506329113924
historical80,endpoint_mean,active_minus_baseline,1,32,generator_0_vs_2,strong,4503,0.02017861511126165,0.041658837,0.5078836331334666
historical80,endpoint_mean,active_minus_baseline,1,32,generator_1_vs_2,all,6320,0.053264497304564,0.045692585,0.5151898734177215
historical80,endpoint_mean,active_minus_baseline,1,32,generator_1_vs_2,strong,4503,0.061363281945206696,0.039524782,0.5185431934266045
historical80,endpoint_mean,active_minus_baseline,1,32,independent_MC,all,6320,0.19459917593782355,0.042643495,0.5700949367088608
historical80,endpoint_mean,active_minus_baseline,1,32,independent_MC,strong,4503,0.1857495595896661,0.03732229,0.5700644015101044
historical80,endpoint_mean,active_minus_baseline,1,32,direct_N4096,all,6320,0.04566540098043927,0.10037345,0.5191455696202532
historical80,endpoint_mean,active_minus_baseline,1,32,direct_N4096,strong,4503,0.03233166151011715,0.09574896,0.5134354874528092
historical80,endpoint_mean,active_minus_baseline,4,1,generator_0_vs_1,all,6320,0.02331955777149636,0.054149654,0.5011075949367089
historical80,endpoint_mean,active_minus_baseline,4,1,generator_0_vs_1,strong,4503,0.006487487081346901,0.04637609,0.49744614701310236
historical80,endpoint_mean,active_minus_baseline,4,1,generator_0_vs_2,all,6320,0.0028624795342138336,0.05421302,0.5015822784810127
historical80,endpoint_mean,active_minus_baseline,4,1,generator_0_vs_2,strong,4503,-0.01359450086512441,0.046694543,0.4934488119031757
historical80,endpoint_mean,active_minus_baseline,4,1,generator_1_vs_2,all,6320,0.006901307644229876,0.05392509,0.5058544303797469
historical80,endpoint_mean,active_minus_baseline,4,1,generator_1_vs_2,strong,4503,0.02562520248103305,0.044373076,0.5109926715522984
historical80,endpoint_mean,active_minus_baseline,4,1,independent_MC,all,6320,0.07263549838926422,0.05312809,0.5322784810126582
historical80,endpoint_mean,active_minus_baseline,4,1,independent_MC,strong,4503,0.08823307006413192,0.046929955,0.5387519431490118
historical80,endpoint_mean,active_minus_baseline,4,1,direct_N4096,all,6320,0.024949556862202776,0.068605006,0.5134493670886076
historical80,endpoint_mean,active_minus_baseline,4,1,direct_N4096,strong,4503,0.010938609014292063,0.065028146,0.50988230068843
historical80,endpoint_mean,active_minus_baseline,4,2,generator_0_vs_1,all,6320,0.02844144002391094,0.053202506,0.5033227848101266
historical80,endpoint_mean,active_minus_baseline,4,2,generator_0_vs_1,strong,4503,0.011821818580271584,0.04567335,0.499222740395292
historical80,endpoint_mean,active_minus_baseline,4,2,generator_0_vs_2,all,6320,0.006960033096343107,0.05338431,0.5025316455696203
historical80,endpoint_mean,active_minus_baseline,4,2,generator_0_vs_2,strong,4503,-0.01172811429025793,0.04600704,0.49078392182989117
historical80,endpoint_mean,active_minus_baseline,4,2,generator_1_vs_2,all,6320,0.0071623980037042725,0.053126715,0.5061708860759494
historical80,endpoint_mean,active_minus_baseline,4,2,generator_1_vs_2,strong,4503,0.025742973175233153,0.043832015,0.513657561625583
historical80,endpoint_mean,active_minus_baseline,4,2,independent_MC,all,6320,0.08019900547158841,0.052124165,0.5359177215189873
historical80,endpoint_mean,active_minus_baseline,4,2,independent_MC,strong,4503,0.09734082829990949,0.046031166,0.5405285365312015
historical80,endpoint_mean,active_minus_baseline,4,2,direct_N4096,all,6320,0.03130726008847473,0.06996192,0.5128164556962025
historical80,endpoint_mean,active_minus_baseline,4,2,direct_N4096,strong,4503,0.012882332700392336,0.06607904,0.5032200755052187
historical80,endpoint_mean,active_minus_baseline,4,4,generator_0_vs_1,all,6320,0.03786175243967721,0.051905397,0.5102848101265823
historical80,endpoint_mean,active_minus_baseline,4,4,generator_0_vs_1,strong,4503,0.021959367894958306,0.044581417,0.5054408172329558
historical80,endpoint_mean,active_minus_baseline,4,4,generator_0_vs_2,all,6320,0.013522697595389613,0.0522093,0.5030063291139241
historical80,endpoint_mean,active_minus_baseline,4,4,generator_0_vs_2,strong,4503,-0.006516052925319978,0.044966307,0.49233844103930713
historical80,endpoint_mean,active_minus_baseline,4,4,generator_1_vs_2,all,6320,0.008532924697672577,0.05200607,0.5082278481012659
historical80,endpoint_mean,active_minus_baseline,4,4,generator_1_vs_2,strong,4503,0.027631100208341943,0.042907324,0.5161003775260937
historical80,endpoint_mean,active_minus_baseline,4,4,independent_MC,all,6320,0.09511141423833921,0.050640617,0.5397151898734177
historical80,endpoint_mean,active_minus_baseline,4,4,independent_MC,strong,4503,0.11292161668937276,0.044666115,0.5463024650233178
historical80,endpoint_mean,active_minus_baseline,4,4,direct_N4096,all,6320,0.03441405959074778,0.07169661,0.5134493670886076
historical80,endpoint_mean,active_minus_baseline,4,4,direct_N4096,strong,4503,0.01968042621936158,0.06787053,0.5065511880968243
historical80,endpoint_mean,active_minus_baseline,4,8,generator_0_vs_1,all,6320,0.05081781151396211,0.050352808,0.5189873417721519
historical80,endpoint_mean,active_minus_baseline,4,8,generator_0_vs_1,strong,4503,0.0372980568271654,0.043196462,0.512103042416167
historical80,endpoint_mean,active_minus_baseline,4,8,generator_0_vs_2,all,6320,0.020836906013683622,0.050690662,0.5079113924050633
historical80,endpoint_mean,active_minus_baseline,4,8,generator_0_vs_2,strong,4503,-0.00020847824902229983,0.04363672,0.4994448145680657
historical80,endpoint_mean,active_minus_baseline,4,8,generator_1_vs_2,all,6320,0.011316556710019385,0.05075223,0.5123417721518987
historical80,endpoint_mean,active_minus_baseline,4,8,generator_1_vs_2,strong,4503,0.03020332227163139,0.04187514,0.5192094159449256
historical80,endpoint_mean,active_minus_baseline,4,8,independent_MC,all,6320,0.11981451247560619,0.04865416,0.5528481012658227
historical80,endpoint_mean,active_minus_baseline,4,8,independent_MC,strong,4503,0.13650165122737537,0.042757507,0.5569620253164557
historical80,endpoint_mean,active_minus_baseline,4,8,direct_N4096,all,6320,0.04289330624661893,0.07696664,0.5232594936708861
historical80,endpoint_mean,active_minus_baseline,4,8,direct_N4096,strong,4503,0.044325514270236135,0.073243834,0.524983344437042
historical80,endpoint_mean,active_minus_baseline,4,16,generator_0_vs_1,all,6320,0.058052480085722134,0.049150363,0.5204113924050633
historical80,endpoint_mean,active_minus_baseline,4,16,generator_0_vs_1,strong,4503,0.055704124430947764,0.041855484,0.5192094159449256
historical80,endpoint_mean,active_minus_baseline,4,16,generator_0_vs_2,all,6320,0.022238875383306746,0.049268946,0.5132911392405063
historical80,endpoint_mean,active_minus_baseline,4,16,generator_0_vs_2,strong,4503,0.008927150268307813,0.042294353,0.5092160781701088
historical80,endpoint_mean,active_minus_baseline,4,16,generator_1_vs_2,all,6320,0.019745410950511754,0.049632464,0.5137658227848101
historical80,endpoint_mean,active_minus_baseline,4,16,generator_1_vs_2,strong,4503,0.03421573292304905,0.040958207,0.5174328225627359
historical80,endpoint_mean,active_minus_baseline,4,16,independent_MC,all,6320,0.14464439081274855,0.046721347,0.5591772151898734
historical80,endpoint_mean,active_minus_baseline,4,16,independent_MC,strong,4503,0.16395849316908756,0.04054644,0.5640683988452143
historical80,endpoint_mean,active_minus_baseline,4,16,direct_N4096,all,6320,0.031740502671533714,0.08661715,0.5126582278481012
historical80,endpoint_mean,active_minus_baseline,4,16,direct_N4096,strong,4503,0.05507937249842428,0.0816283,0.5203197868087941
historical80,endpoint_mean,active_minus_baseline,4,32,generator_0_vs_1,all,6320,0.04628508413983004,0.048657905,0.510759493670886
historical80,endpoint_mean,active_minus_baseline,4,32,generator_0_vs_1,strong,4503,0.055247762019838484,0.041017782,0.5187652675993782
historical80,endpoint_mean,active_minus_baseline,4,32,generator_0_vs_2,all,6320,0.016907171053194624,0.04780284,0.5085443037974684
historical80,endpoint_mean,active_minus_baseline,4,32,generator_0_vs_2,strong,4503,0.012859419412361042,0.04091062,0.5132134132800356
historical80,endpoint_mean,active_minus_baseline,4,32,generator_1_vs_2,all,6320,0.027219603666745355,0.04911342,0.5132911392405063
historical80,endpoint_mean,active_minus_baseline,4,32,generator_1_vs_2,strong,4503,0.029824612194591156,0.04020279,0.512103042416167
historical80,endpoint_mean,active_minus_baseline,4,32,independent_MC,all,6320,0.1577836357382292,0.04536996,0.5561708860759493
historical80,endpoint_mean,active_minus_baseline,4,32,independent_MC,strong,4503,0.19666672057107942,0.0386267,0.571174772373973
historical80,endpoint_mean,active_minus_baseline,4,32,direct_N4096,all,6320,0.02233297646875508,0.10361496,0.509493670886076
historical80,endpoint_mean,active_minus_baseline,4,32,direct_N4096,strong,4503,0.05268128674366056,0.09774797,0.519653564290473
historical80,endpoint_mean,active_minus_baseline,8,1,generator_0_vs_1,all,6320,0.01328242610016961,0.052277997,0.5106012658227848
historical80,endpoint_mean,active_minus_baseline,8,1,generator_0_vs_1,strong,4503,0.03250178123327067,0.045523092,0.5138796357983566
historical80,endpoint_mean,active_minus_baseline,8,1,generator_0_vs_2,all,6320,0.007126726834197787,0.051321052,0.4995253164556962
historical80,endpoint_mean,active_minus_baseline,8,1,generator_0_vs_2,strong,4503,0.029597202811572344,0.04339846,0.5096602265156562
historical80,endpoint_mean,active_minus_baseline,8,1,generator_1_vs_2,all,6320,0.026236114347271793,0.05078733,0.5117088607594936
historical80,endpoint_mean,active_minus_baseline,8,1,generator_1_vs_2,strong,4503,0.020914887136084463,0.044774722,0.5138796357983566
historical80,endpoint_mean,active_minus_baseline,8,1,independent_MC,all,6320,0.07289667512406821,0.049772363,0.532753164556962
historical80,endpoint_mean,active_minus_baseline,8,1,independent_MC,strong,4503,0.07752117165025131,0.042324327,0.5349766822118588
historical80,endpoint_mean,active_minus_baseline,8,1,direct_N4096,all,6320,0.042853235593435755,0.07040627,0.5161392405063291
historical80,endpoint_mean,active_minus_baseline,8,1,direct_N4096,strong,4503,0.05841222698490591,0.0635281,0.52187430601821
historical80,endpoint_mean,active_minus_baseline,8,2,generator_0_vs_1,all,6320,0.014973521042107018,0.051888168,0.5102848101265823
historical80,endpoint_mean,active_minus_baseline,8,2,generator_0_vs_1,strong,4503,0.032669228970494124,0.045237564,0.5132134132800356
historical80,endpoint_mean,active_minus_baseline,8,2,generator_0_vs_2,all,6320,0.009776952378633854,0.05090426,0.5009493670886076
historical80,endpoint_mean,active_minus_baseline,8,2,generator_0_vs_2,strong,4503,0.03210330639837113,0.04309609,0.5112147457250722
historical80,endpoint_mean,active_minus_baseline,8,2,generator_1_vs_2,all,6320,0.028425117547618034,0.05040253,0.5143987341772152
historical80,endpoint_mean,active_minus_baseline,8,2,generator_1_vs_2,strong,4503,0.02587444629061545,0.044444535,0.5192094159449256
historical80,endpoint_mean,active_minus_baseline,8,2,independent_MC,all,6320,0.08129033769765699,0.04922926,0.5335443037974683
historical80,endpoint_mean,active_minus_baseline,8,2,independent_MC,strong,4503,0.08472583981056621,0.04186827,0.5356429047301798
historical80,endpoint_mean,active_minus_baseline,8,2,direct_N4096,all,6320,0.044451263851586695,0.07135397,0.510759493670886
historical80,endpoint_mean,active_minus_baseline,8,2,direct_N4096,strong,4503,0.06543505422108557,0.06461883,0.5194314901176993
historical80,endpoint_mean,active_minus_baseline,8,4,generator_0_vs_1,all,6320,0.017168710516552686,0.05134109,0.5106012658227848
historical80,endpoint_mean,active_minus_baseline,8,4,generator_0_vs_1,strong,4503,0.03326654405883375,0.044785142,0.5112147457250722
historical80,endpoint_mean,active_minus_baseline,8,4,generator_0_vs_2,all,6320,0.014372356299215223,0.05026977,0.5001582278481013
historical80,endpoint_mean,active_minus_baseline,8,4,generator_0_vs_2,strong,4503,0.036095815873583355,0.042603698,0.5096602265156562
historical80,endpoint_mean,active_minus_baseline,8,4,generator_1_vs_2,all,6320,0.03014130068256931,0.049807616,0.5139240506329114
historical80,endpoint_mean,active_minus_baseline,8,4,generator_1_vs_2,strong,4503,0.029724573914026137,0.043938242,0.5174328225627359
historical80,endpoint_mean,active_minus_baseline,8,4,independent_MC,all,6320,0.09596320639413583,0.04834949,0.5365506329113924
historical80,endpoint_mean,active_minus_baseline,8,4,independent_MC,strong,4503,0.098927113445575,0.041115824,0.5387519431490118
historical80,endpoint_mean,active_minus_baseline,8,4,direct_N4096,all,6320,0.04802536040214504,0.07447687,0.5200949367088608
historical80,endpoint_mean,active_minus_baseline,8,4,direct_N4096,strong,4503,0.06856559577016522,0.06775027,0.5274261603375527
historical80,endpoint_mean,active_minus_baseline,8,8,generator_0_vs_1,all,6320,0.018392735944416882,0.050614066,0.5069620253164557
historical80,endpoint_mean,active_minus_baseline,8,8,generator_0_vs_1,strong,4503,0.03188147111207894,0.044152435,0.5092160781701088
historical80,endpoint_mean,active_minus_baseline,8,8,generator_0_vs_2,all,6320,0.021731857266118804,0.049421236,0.5055379746835443
historical80,endpoint_mean,active_minus_baseline,8,8,generator_0_vs_2,strong,4503,0.04093788840872286,0.04196629,0.5145458583166778
historical80,endpoint_mean,active_minus_baseline,8,8,generator_1_vs_2,all,6320,0.03219884036294175,0.049001385,0.517246835443038
historical80,endpoint_mean,active_minus_baseline,8,8,generator_1_vs_2,strong,4503,0.03576716173560879,0.043260224,0.5203197868087941
historical80,endpoint_mean,active_minus_baseline,8,8,independent_MC,all,6320,0.11831055129226918,0.04720182,0.5471518987341772
historical80,endpoint_mean,active_minus_baseline,8,8,independent_MC,strong,4503,0.11690629367885473,0.04013302,0.5451920941594492
historical80,endpoint_mean,active_minus_baseline,8,8,direct_N4096,all,6320,0.04912490995980733,0.078618586,0.5134493670886076
historical80,endpoint_mean,active_minus_baseline,8,8,direct_N4096,strong,4503,0.05675477233735313,0.07204135,0.5183211192538307
historical80,endpoint_mean,active_minus_baseline,8,16,generator_0_vs_1,all,6320,0.011653464333774712,0.049835388,0.4985759493670886
historical80,endpoint_mean,active_minus_baseline,8,16,generator_0_vs_1,strong,4503,0.01941706416234728,0.04329536,0.5003331112591606
historical80,endpoint_mean,active_minus_baseline,8,16,generator_0_vs_2,all,6320,0.031514467522993535,0.04850548,0.5090189873417722
historical80,endpoint_mean,active_minus_baseline,8,16,generator_0_vs_2,strong,4503,0.04592710889251412,0.04113081,0.5165445258716411
historical80,endpoint_mean,active_minus_baseline,8,16,generator_1_vs_2,all,6320,0.03391242394715527,0.048100952,0.5208860759493671
historical80,endpoint_mean,active_minus_baseline,8,16,generator_1_vs_2,strong,4503,0.03762930961635217,0.04247375,0.5209860093271153
historical80,endpoint_mean,active_minus_baseline,8,16,independent_MC,all,6320,0.14714749000591543,0.045988217,0.55
historical80,endpoint_mean,active_minus_baseline,8,16,independent_MC,strong,4503,0.13907912381990056,0.039053015,0.5445258716411281
historical80,endpoint_mean,active_minus_baseline,8,16,direct_N4096,all,6320,0.055087728338912643,0.087573685,0.5169303797468354
historical80,endpoint_mean,active_minus_baseline,8,16,direct_N4096,strong,4503,0.055372693625817246,0.08041282,0.5178769709082833
historical80,endpoint_mean,active_minus_baseline,8,32,generator_0_vs_1,all,6320,-0.0037335715154354398,0.048454467,0.49920886075949367
historical80,endpoint_mean,active_minus_baseline,8,32,generator_0_vs_1,strong,4503,-0.0007731993408751259,0.0417755,0.5001110370863868
historical80,endpoint_mean,active_minus_baseline,8,32,generator_0_vs_2,all,6320,0.04522387586944383,0.046611123,0.517246835443038
historical80,endpoint_mean,active_minus_baseline,8,32,generator_0_vs_2,strong,4503,0.05374466341483847,0.03945298,0.521208083499889
historical80,endpoint_mean,active_minus_baseline,8,32,generator_1_vs_2,all,6320,0.02182563688363944,0.047205936,0.5063291139240507
historical80,endpoint_mean,active_minus_baseline,8,32,generator_1_vs_2,strong,4503,0.025354002414629963,0.041445334,0.5067732622695981
historical80,endpoint_mean,active_minus_baseline,8,32,independent_MC,all,6320,0.1600439330716836,0.044759464,0.5593354430379747
historical80,endpoint_mean,active_minus_baseline,8,32,independent_MC,strong,4503,0.14696428822082733,0.038007513,0.5527426160337553
historical80,endpoint_mean,active_minus_baseline,8,32,direct_N4096,all,6320,0.06674668260522809,0.103965804,0.5264240506329114
historical80,endpoint_mean,active_minus_baseline,8,32,direct_N4096,strong,4503,0.04458775606715167,0.09649696,0.5216522318454364
historical80,endpoint_mean,active_minus_baseline,16,1,generator_0_vs_1,all,6320,0.007633253658377888,0.04934049,0.5030063291139241
historical80,endpoint_mean,active_minus_baseline,16,1,generator_0_vs_1,strong,4503,0.037966231258084696,0.041378867,0.5138796357983566
historical80,endpoint_mean,active_minus_baseline,16,1,generator_0_vs_2,all,6320,-0.019545093381958114,0.049161542,0.4981012658227848
historical80,endpoint_mean,active_minus_baseline,16,1,generator_0_vs_2,strong,4503,-0.012546313285968355,0.041965544,0.5012214079502554
historical80,endpoint_mean,active_minus_baseline,16,1,generator_1_vs_2,all,6320,0.03231140819127685,0.047605637,0.5077531645569621
historical80,endpoint_mean,active_minus_baseline,16,1,generator_1_vs_2,strong,4503,-0.0013241967208212158,0.0430836,0.5009993337774816
historical80,endpoint_mean,active_minus_baseline,16,1,independent_MC,all,6320,0.11344304045040055,0.045199208,0.5363924050632911
historical80,endpoint_mean,active_minus_baseline,16,1,independent_MC,strong,4503,0.12098627517203876,0.03854803,0.5405285365312015
historical80,endpoint_mean,active_minus_baseline,16,1,direct_N4096,all,6320,0.0769098940372496,0.08264257,0.5303797468354431
historical80,endpoint_mean,active_minus_baseline,16,1,direct_N4096,strong,4503,0.08067429457322779,0.07439502,0.5332000888296691
historical80,endpoint_mean,active_minus_baseline,16,2,generator_0_vs_1,all,6320,0.006987005956924006,0.049130607,0.504746835443038
historical80,endpoint_mean,active_minus_baseline,16,2,generator_0_vs_1,strong,4503,0.036575516662551315,0.041167647,0.512103042416167
historical80,endpoint_mean,active_minus_baseline,16,2,generator_0_vs_2,all,6320,-0.019803705980438662,0.04898279,0.49984177215189873
historical80,endpoint_mean,active_minus_baseline,16,2,generator_0_vs_2,strong,4503,-0.013736715545311026,0.041795947,0.5014434821230291
historical80,endpoint_mean,active_minus_baseline,16,2,generator_1_vs_2,all,6320,0.033091605064532424,0.047405276,0.5096518987341773
historical80,endpoint_mean,active_minus_baseline,16,2,generator_1_vs_2,strong,4503,-0.00042285876001496564,0.04290639,0.5047745947146347
historical80,endpoint_mean,active_minus_baseline,16,2,independent_MC,all,6320,0.11443652309974635,0.044957597,0.5371835443037974
historical80,endpoint_mean,active_minus_baseline,16,2,independent_MC,strong,4503,0.12169739010302709,0.038308237,0.5398623140128803
historical80,endpoint_mean,active_minus_baseline,16,2,direct_N4096,all,6320,0.07487033910171535,0.08329292,0.5318037974683544
historical80,endpoint_mean,active_minus_baseline,16,2,direct_N4096,strong,4503,0.0688680886675198,0.07597818,0.5312014212747057
historical80,endpoint_mean,active_minus_baseline,16,4,generator_0_vs_1,all,6320,0.00646090787209975,0.04879414,0.5064873417721519
historical80,endpoint_mean,active_minus_baseline,16,4,generator_0_vs_1,strong,4503,0.03435562454862449,0.040845644,0.513657561625583
historical80,endpoint_mean,active_minus_baseline,16,4,generator_0_vs_2,all,6320,-0.022695620663044036,0.04877245,0.49382911392405066
historical80,endpoint_mean,active_minus_baseline,16,4,generator_0_vs_2,strong,4503,-0.01807433071163049,0.041538455,0.49211636686653343
historical80,endpoint_mean,active_minus_baseline,16,4,generator_1_vs_2,all,6320,0.03291259881835208,0.04707999,0.5079113924050633
historical80,endpoint_mean,active_minus_baseline,16,4,generator_1_vs_2,strong,4503,-0.0003578914283160811,0.042645887,0.5032200755052187
historical80,endpoint_mean,active_minus_baseline,16,4,independent_MC,all,6320,0.11592955997071942,0.044629257,0.5356012658227848
historical80,endpoint_mean,active_minus_baseline,16,4,independent_MC,strong,4503,0.12058563644122716,0.037978914,0.5383077948034644
historical80,endpoint_mean,active_minus_baseline,16,4,direct_N4096,all,6320,0.06097086473635477,0.086559914,0.5265822784810127
historical80,endpoint_mean,active_minus_baseline,16,4,direct_N4096,strong,4503,0.05666962533965008,0.078721724,0.5267599378192316
historical80,endpoint_mean,active_minus_baseline,16,8,generator_0_vs_1,all,6320,0.005745684356330415,0.048360232,0.5052215189873418
historical80,endpoint_mean,active_minus_baseline,16,8,generator_0_vs_1,strong,4503,0.03170967034060864,0.040331185,0.5109926715522984
historical80,endpoint_mean,active_minus_baseline,16,8,generator_0_vs_2,all,6320,-0.027833787362304636,0.048480157,0.4930379746835443
historical80,endpoint_mean,active_minus_baseline,16,8,generator_0_vs_2,strong,4503,-0.02352034165474854,0.0411133,0.4941150344214968
historical80,endpoint_mean,active_minus_baseline,16,8,generator_1_vs_2,all,6320,0.03440715829153649,0.04672626,0.5109177215189873
historical80,endpoint_mean,active_minus_baseline,16,8,generator_1_vs_2,strong,4503,0.00011316703500259725,0.0423028,0.5065511880968243
historical80,endpoint_mean,active_minus_baseline,16,8,independent_MC,all,6320,0.1194766304423477,0.04409367,0.5370253164556962
historical80,endpoint_mean,active_minus_baseline,16,8,independent_MC,strong,4503,0.11779068645329599,0.037460197,0.5387519431490118
historical80,endpoint_mean,active_minus_baseline,16,8,direct_N4096,all,6320,0.06734488366419981,0.09070284,0.5275316455696203
historical80,endpoint_mean,active_minus_baseline,16,8,direct_N4096,strong,4503,0.06060841857969028,0.08259905,0.5252054186098157
historical80,endpoint_mean,active_minus_baseline,16,16,generator_0_vs_1,all,6320,0.004459845960565439,0.047858108,0.502373417721519
historical80,endpoint_mean,active_minus_baseline,16,16,generator_0_vs_1,strong,4503,0.028906217997790373,0.039484188,0.502998001332445
historical80,endpoint_mean,active_minus_baseline,16,16,generator_0_vs_2,all,6320,-0.028645571921985444,0.047958985,0.495253164556962
historical80,endpoint_mean,active_minus_baseline,16,16,generator_0_vs_2,strong,4503,-0.023644289156126222,0.040329687,0.49322673773040193
historical80,endpoint_mean,active_minus_baseline,16,16,generator_1_vs_2,all,6320,0.03159106928714516,0.04646394,0.5118670886075949
historical80,endpoint_mean,active_minus_baseline,16,16,generator_1_vs_2,strong,4503,-0.0023073959404022954,0.041967105,0.5061070397512769
historical80,endpoint_mean,active_minus_baseline,16,16,independent_MC,all,6320,0.12448083915320794,0.043425858,0.545253164556962
historical80,endpoint_mean,active_minus_baseline,16,16,independent_MC,strong,4503,0.10980273346064338,0.036804583,0.5383077948034644
historical80,endpoint_mean,active_minus_baseline,16,16,direct_N4096,all,6320,0.07944114177131849,0.098553926,0.529746835443038
historical80,endpoint_mean,active_minus_baseline,16,16,direct_N4096,strong,4503,0.06475991535760485,0.090940736,0.5223184543637575
historical80,endpoint_mean,active_minus_baseline,16,32,generator_0_vs_1,all,6320,0.00783266374911333,0.046589207,0.5034810126582279
historical80,endpoint_mean,active_minus_baseline,16,32,generator_0_vs_1,strong,4503,0.03452875099634509,0.037816092,0.5054408172329558
historical80,endpoint_mean,active_minus_baseline,16,32,generator_0_vs_2,all,6320,-0.03406002956504823,0.046540264,0.4906645569620253
historical80,endpoint_mean,active_minus_baseline,16,32,generator_0_vs_2,strong,4503,-0.022581171259990398,0.03891639,0.49056184765711747
historical80,endpoint_mean,active_minus_baseline,16,32,generator_1_vs_2,all,6320,0.013951740301029525,0.04576587,0.5033227848101266
historical80,endpoint_mean,active_minus_baseline,16,32,generator_1_vs_2,strong,4503,-0.019083919784281877,0.04101855,0.4943371085942705
historical80,endpoint_mean,active_minus_baseline,16,32,independent_MC,all,6320,0.11644325427615251,0.04247472,0.5436708860759494
historical80,endpoint_mean,active_minus_baseline,16,32,independent_MC,strong,4503,0.08695746896495103,0.036028028,0.5296469020652899
historical80,endpoint_mean,active_minus_baseline,16,32,direct_N4096,all,6320,0.06960840953589456,0.11306071,0.521993670886076
historical80,endpoint_mean,active_minus_baseline,16,32,direct_N4096,strong,4503,0.05265261609059754,0.103833646,0.5189873417721519
historical80,endpoint_log_sd,state_average,1,1,generator_0_vs_1,all,6320,0.2741229530146807,0.025495274,0.6109177215189874
historical80,endpoint_log_sd,state_average,1,1,generator_0_vs_1,strong,4503,0.2713796846896377,0.021588072,0.6100377526093715
historical80,endpoint_log_sd,state_average,1,1,generator_0_vs_2,all,6320,0.2708768421619761,0.025621273,0.6015822784810126
historical80,endpoint_log_sd,state_average,1,1,generator_0_vs_2,strong,4503,0.29666513148802154,0.021179719,0.6022651565622918
historical80,endpoint_log_sd,state_average,1,1,generator_1_vs_2,all,6320,0.26917913375965374,0.025922263,0.602373417721519
historical80,endpoint_log_sd,state_average,1,1,generator_1_vs_2,strong,4503,0.2727248328634072,0.021734556,0.5969353764157228
historical80,endpoint_log_sd,state_average,1,1,independent_MC,all,6320,0.32233147205116947,0.02402781,0.6265822784810127
historical80,endpoint_log_sd,state_average,1,1,independent_MC,strong,4503,0.338065932302052,0.020557418,0.6269153897401732
historical80,endpoint_log_sd,state_average,1,1,direct_N4096,all,6320,0.36671389404235694,0.13456404,0.6560126582278482
historical80,endpoint_log_sd,state_average,1,1,direct_N4096,strong,4503,0.3700000265161518,0.115870714,0.6504552520541861
historical80,endpoint_log_sd,state_average,1,2,generator_0_vs_1,all,6320,0.26345545302731516,0.02279581,0.5963607594936708
historical80,endpoint_log_sd,state_average,1,2,generator_0_vs_1,strong,4503,0.27073910422052233,0.019353582,0.5998223406617811
historical80,endpoint_log_sd,state_average,1,2,generator_0_vs_2,all,6320,0.26025010848518004,0.022804327,0.5974683544303797
historical80,endpoint_log_sd,state_average,1,2,generator_0_vs_2,strong,4503,0.2785973827736096,0.019177487,0.5973795247612703
historical80,endpoint_log_sd,state_average,1,2,generator_1_vs_2,all,6320,0.264443075811131,0.023261925,0.5992088607594936
historical80,endpoint_log_sd,state_average,1,2,generator_1_vs_2,strong,4503,0.2724572044385096,0.019455103,0.5973795247612703
historical80,endpoint_log_sd,state_average,1,2,independent_MC,all,6320,0.3276259943495024,0.021165697,0.6261075949367089
historical80,endpoint_log_sd,state_average,1,2,independent_MC,strong,4503,0.34586785424156163,0.018076958,0.6291361314679103
historical80,endpoint_log_sd,state_average,1,2,direct_N4096,all,6320,0.3358225384165774,0.13651985,0.6454113924050633
historical80,endpoint_log_sd,state_average,1,2,direct_N4096,strong,4503,0.3382834639059962,0.1174192,0.6404619142793693
historical80,endpoint_log_sd,state_average,1,4,generator_0_vs_1,all,6320,0.27726079160117234,0.019122442,0.6106012658227848
historical80,endpoint_log_sd,state_average,1,4,generator_0_vs_1,strong,4503,0.29188579082556115,0.01631037,0.6198090162114146
historical80,endpoint_log_sd,state_average,1,4,generator_0_vs_2,all,6320,0.26945451845813256,0.019338416,0.607120253164557
historical80,endpoint_log_sd,state_average,1,4,generator_0_vs_2,strong,4503,0.2940783490662054,0.016155722,0.6084832333999556
historical80,endpoint_log_sd,state_average,1,4,generator_1_vs_2,all,6320,0.27639344673262484,0.019492147,0.6037974683544304
historical80,endpoint_log_sd,state_average,1,4,generator_1_vs_2,strong,4503,0.29375204150777834,0.016339932,0.6044858982900289
historical80,endpoint_log_sd,state_average,1,4,independent_MC,all,6320,0.3333692523519219,0.018111827,0.6261075949367089
historical80,endpoint_log_sd,state_average,1,4,independent_MC,strong,4503,0.34052311695536513,0.015511643,0.6282478347768155
historical80,endpoint_log_sd,state_average,1,4,direct_N4096,all,6320,0.262936034051042,0.13675755,0.6257911392405063
historical80,endpoint_log_sd,state_average,1,4,direct_N4096,strong,4503,0.263587034786294,0.1182837,0.6215856095936043
historical80,endpoint_log_sd,state_average,1,8,generator_0_vs_1,all,6320,0.34758015872249476,0.01518445,0.632120253164557
historical80,endpoint_log_sd,state_average,1,8,generator_0_vs_1,strong,4503,0.3788939702850762,0.0128681995,0.6457916944259383
historical80,endpoint_log_sd,state_average,1,8,generator_0_vs_2,all,6320,0.3198365935608957,0.0155345285,0.6215189873417721
historical80,endpoint_log_sd,state_average,1,8,generator_0_vs_2,strong,4503,0.35182938734347796,0.013047627,0.6266933155673995
historical80,endpoint_log_sd,state_average,1,8,generator_1_vs_2,all,6320,0.3003504395467717,0.015747426,0.622626582278481
historical80,endpoint_log_sd,state_average,1,8,generator_1_vs_2,strong,4503,0.3376685776504316,0.013237181,0.6362425049966689
historical80,endpoint_log_sd,state_average,1,8,independent_MC,all,6320,0.42756247806253533,0.01426763,0.6645569620253164
historical80,endpoint_log_sd,state_average,1,8,independent_MC,strong,4503,0.45138737820757335,0.012116212,0.6733288918498779
historical80,endpoint_log_sd,state_average,1,8,direct_N4096,all,6320,0.167617030087169,0.13837825,0.6083860759493671
historical80,endpoint_log_sd,state_average,1,8,direct_N4096,strong,4503,0.18297358305829406,0.11892657,0.6133688652009771
historical80,endpoint_log_sd,state_average,1,16,generator_0_vs_1,all,6320,0.45174462155498385,0.012015555,0.6674050632911392
historical80,endpoint_log_sd,state_average,1,16,generator_0_vs_1,strong,4503,0.4846326538839831,0.010316197,0.6837663779702421
historical80,endpoint_log_sd,state_average,1,16,generator_0_vs_2,all,6320,0.420853171522113,0.012309812,0.6514240506329114
historical80,endpoint_log_sd,state_average,1,16,generator_0_vs_2,strong,4503,0.4555236623834965,0.010445344,0.6608927381745503
historical80,endpoint_log_sd,state_average,1,16,generator_1_vs_2,all,6320,0.38827690596403,0.012510906,0.6393987341772152
historical80,endpoint_log_sd,state_average,1,16,generator_1_vs_2,strong,4503,0.4066584310711771,0.010867654,0.6502331778814124
historical80,endpoint_log_sd,state_average,1,16,independent_MC,all,6320,0.5352387199224665,0.011094222,0.6963607594936709
historical80,endpoint_log_sd,state_average,1,16,independent_MC,strong,4503,0.5733707323116557,0.009271775,0.709526982011992
historical80,endpoint_log_sd,state_average,1,16,direct_N4096,all,6320,0.050412440547132585,0.13952178,0.5879746835443038
historical80,endpoint_log_sd,state_average,1,16,direct_N4096,strong,4503,0.08147601126253676,0.11945848,0.5951587830335332
historical80,endpoint_log_sd,state_average,1,32,generator_0_vs_1,all,6320,0.4931701942761011,0.00985695,0.6776898734177215
historical80,endpoint_log_sd,state_average,1,32,generator_0_vs_1,strong,4503,0.538933512506889,0.008337309,0.6977570508549855
historical80,endpoint_log_sd,state_average,1,32,generator_0_vs_2,all,6320,0.491197603395285,0.010102112,0.6791139240506329
historical80,endpoint_log_sd,state_average,1,32,generator_0_vs_2,strong,4503,0.5165369533829961,0.008491789,0.6879857872529425
historical80,endpoint_log_sd,state_average,1,32,generator_1_vs_2,all,6320,0.44757608733744664,0.010297605,0.663132911392405
historical80,endpoint_log_sd,state_average,1,32,generator_1_vs_2,strong,4503,0.4628595987538593,0.0090406975,0.6779924494781256
historical80,endpoint_log_sd,state_average,1,32,independent_MC,all,6320,0.6302413104741282,0.008429885,0.7308544303797468
historical80,endpoint_log_sd,state_average,1,32,independent_MC,strong,4503,0.6503835739824894,0.0071416087,0.7361758827448368
historical80,endpoint_log_sd,state_average,1,32,direct_N4096,all,6320,-0.05073007834055604,0.14097011,0.5594936708860759
historical80,endpoint_log_sd,state_average,1,32,direct_N4096,strong,4503,0.008209334344324878,0.120968334,0.5689540306462358
historical80,endpoint_log_sd,state_average,4,1,generator_0_vs_1,all,6320,0.2381988195969623,0.02141433,0.5930379746835444
historical80,endpoint_log_sd,state_average,4,1,generator_0_vs_1,strong,4503,0.23043281677884342,0.018127982,0.5909393737508328
historical80,endpoint_log_sd,state_average,4,1,generator_0_vs_2,all,6320,0.21131090819627157,0.021917693,0.5765822784810126
historical80,endpoint_log_sd,state_average,4,1,generator_0_vs_2,strong,4503,0.2187175744400863,0.018590437,0.571840994892294
historical80,endpoint_log_sd,state_average,4,1,generator_1_vs_2,all,6320,0.23515613555587603,0.02161539,0.5867088607594937
historical80,endpoint_log_sd,state_average,4,1,generator_1_vs_2,strong,4503,0.24082757131984917,0.018238632,0.5882744836775483
historical80,endpoint_log_sd,state_average,4,1,independent_MC,all,6320,0.29803781730343204,0.020647964,0.6129746835443038
historical80,endpoint_log_sd,state_average,4,1,independent_MC,strong,4503,0.3027575252797928,0.017262543,0.6124805685098823
historical80,endpoint_log_sd,state_average,4,1,direct_N4096,all,6320,0.3342903974789968,0.12453591,0.6303797468354431
historical80,endpoint_log_sd,state_average,4,1,direct_N4096,strong,4503,0.31183990852036997,0.11512452,0.6155896069287142
historical80,endpoint_log_sd,state_average,4,2,generator_0_vs_1,all,6320,0.25098614501315997,0.019737981,0.5943037974683544
historical80,endpoint_log_sd,state_average,4,2,generator_0_vs_1,strong,4503,0.2560427522332889,0.016664363,0.596047079724628
historical80,endpoint_log_sd,state_average,4,2,generator_0_vs_2,all,6320,0.22863885121551913,0.020165427,0.5893987341772152
historical80,endpoint_log_sd,state_average,4,2,generator_0_vs_2,strong,4503,0.2462240633232872,0.017065365,0.5904952254052853
historical80,endpoint_log_sd,state_average,4,2,generator_1_vs_2,all,6320,0.25239380750957824,0.019948427,0.5941455696202531
historical80,endpoint_log_sd,state_average,4,2,generator_1_vs_2,strong,4503,0.2558598938227993,0.016868575,0.5956029313790806
historical80,endpoint_log_sd,state_average,4,2,independent_MC,all,6320,0.32051571277536534,0.018905558,0.6262658227848101
historical80,endpoint_log_sd,state_average,4,2,independent_MC,strong,4503,0.3284948154086639,0.01580157,0.6258050188763047
historical80,endpoint_log_sd,state_average,4,2,direct_N4096,all,6320,0.31315953204460834,0.12504984,0.6272151898734177
historical80,endpoint_log_sd,state_average,4,2,direct_N4096,strong,4503,0.28566034249070127,0.11539451,0.6102598267821452
historical80,endpoint_log_sd,state_average,4,4,generator_0_vs_1,all,6320,0.28631002669746086,0.017489312,0.6121835443037975
historical80,endpoint_log_sd,state_average,4,4,generator_0_vs_1,strong,4503,0.3057980093617293,0.014778843,0.6184765711747724
historical80,endpoint_log_sd,state_average,4,4,generator_0_vs_2,all,6320,0.27137074190905836,0.017917117,0.5990506329113924
historical80,endpoint_log_sd,state_average,4,4,generator_0_vs_2,strong,4503,0.2906098089218296,0.015091948,0.6031534532533867
historical80,endpoint_log_sd,state_average,4,4,generator_1_vs_2,all,6320,0.2970706375141789,0.017542986,0.6061708860759494
historical80,endpoint_log_sd,state_average,4,4,generator_1_vs_2,strong,4503,0.3050053439902596,0.014895391,0.6058183433266711
historical80,endpoint_log_sd,state_average,4,4,independent_MC,all,6320,0.3674643541980401,0.016431578,0.6362341772151898
historical80,endpoint_log_sd,state_average,4,4,independent_MC,strong,4503,0.38287927647677694,0.01387931,0.6404619142793693
historical80,endpoint_log_sd,state_average,4,4,direct_N4096,all,6320,0.2738550839267253,0.12583442,0.6112341772151899
historical80,endpoint_log_sd,state_average,4,4,direct_N4096,strong,4503,0.23788853004917637,0.11655977,0.5978236731068177
historical80,endpoint_log_sd,state_average,4,8,generator_0_vs_1,all,6320,0.36027010211154953,0.014740219,0.6362341772151898
historical80,endpoint_log_sd,state_average,4,8,generator_0_vs_1,strong,4503,0.39897340762899847,0.012298015,0.6515656229180546
historical80,endpoint_log_sd,state_average,4,8,generator_0_vs_2,all,6320,0.3551927976006559,0.014998131,0.6287974683544304
historical80,endpoint_log_sd,state_average,4,8,generator_0_vs_2,strong,4503,0.38271025565727995,0.012631149,0.6349100599600267
historical80,endpoint_log_sd,state_average,4,8,generator_1_vs_2,all,6320,0.3681899188235524,0.0146664,0.6393987341772152
historical80,endpoint_log_sd,state_average,4,8,generator_1_vs_2,strong,4503,0.3862854395826479,0.012483045,0.6484565844992227
historical80,endpoint_log_sd,state_average,4,8,independent_MC,all,6320,0.4562005544572639,0.013717022,0.6751582278481013
historical80,endpoint_log_sd,state_average,4,8,independent_MC,strong,4503,0.483053535185785,0.011481865,0.6831001554519209
historical80,endpoint_log_sd,state_average,4,8,direct_N4096,all,6320,0.21446276558357988,0.12670232,0.5944620253164556
historical80,endpoint_log_sd,state_average,4,8,direct_N4096,strong,4503,0.17881992442345626,0.117108196,0.5833888518765268
historical80,endpoint_log_sd,state_average,4,16,generator_0_vs_1,all,6320,0.4460666038016459,0.012062305,0.6643987341772152
historical80,endpoint_log_sd,state_average,4,16,generator_0_vs_1,strong,4503,0.500730374099852,0.010019922,0.6862091938707529
historical80,endpoint_log_sd,state_average,4,16,generator_0_vs_2,all,6320,0.4469527960640763,0.01234285,0.6645569620253164
historical80,endpoint_log_sd,state_average,4,16,generator_0_vs_2,strong,4503,0.47200747226312884,0.010401077,0.6788807461692206
historical80,endpoint_log_sd,state_average,4,16,generator_1_vs_2,all,6320,0.43894973065867665,0.0122978715,0.6723101265822785
historical80,endpoint_log_sd,state_average,4,16,generator_1_vs_2,strong,4503,0.4538564488132426,0.010427124,0.6826560071063735
historical80,endpoint_log_sd,state_average,4,16,independent_MC,all,6320,0.5519256846545185,0.011030788,0.7020569620253164
historical80,endpoint_log_sd,state_average,4,16,independent_MC,strong,4503,0.5872769401608674,0.009168302,0.7141905396402398
historical80,endpoint_log_sd,state_average,4,16,direct_N4096,all,6320,0.1389934829668917,0.12776971,0.5708860759493671
historical80,endpoint_log_sd,state_average,4,16,direct_N4096,strong,4503,0.1040646047049243,0.118346624,0.5545192094159449
historical80,endpoint_log_sd,state_average,4,32,generator_0_vs_1,all,6320,0.4693333641035927,0.010037284,0.6783227848101265
historical80,endpoint_log_sd,state_average,4,32,generator_0_vs_1,strong,4503,0.5296339642702521,0.008218715,0.6986453475460804
historical80,endpoint_log_sd,state_average,4,32,generator_0_vs_2,all,6320,0.5067370531864072,0.010281858,0.6865506329113924
historical80,endpoint_log_sd,state_average,4,32,generator_0_vs_2,strong,4503,0.5368041101778426,0.008457408,0.705751721074839
historical80,endpoint_log_sd,state_average,4,32,generator_1_vs_2,all,6320,0.46176640009700864,0.010475895,0.6658227848101266
historical80,endpoint_log_sd,state_average,4,32,generator_1_vs_2,strong,4503,0.46607976524845024,0.008933563,0.6744392627137464
historical80,endpoint_log_sd,state_average,4,32,independent_MC,all,6320,0.6509755730616235,0.0084961215,0.7430379746835443
historical80,endpoint_log_sd,state_average,4,32,independent_MC,strong,4503,0.6750671776111822,0.006908978,0.7512769264934488
historical80,endpoint_log_sd,state_average,4,32,direct_N4096,all,6320,0.07453482420959953,0.12706015,0.5688291139240507
historical80,endpoint_log_sd,state_average,4,32,direct_N4096,strong,4503,0.03394534860681408,0.117809035,0.5387519431490118
historical80,endpoint_log_sd,state_average,8,1,generator_0_vs_1,all,6320,0.2170908211014734,0.01826488,0.5871835443037975
historical80,endpoint_log_sd,state_average,8,1,generator_0_vs_1,strong,4503,0.23330965247415905,0.015744364,0.5924938929602487
historical80,endpoint_log_sd,state_average,8,1,generator_0_vs_2,all,6320,0.2130617155735511,0.018624518,0.5723101265822785
historical80,endpoint_log_sd,state_average,8,1,generator_0_vs_2,strong,4503,0.21459952657324588,0.015866123,0.570286475682878
historical80,endpoint_log_sd,state_average,8,1,generator_1_vs_2,all,6320,0.22207851752014385,0.018608317,0.5854430379746836
historical80,endpoint_log_sd,state_average,8,1,generator_1_vs_2,strong,4503,0.24153390754250736,0.015770784,0.5913835220963802
historical80,endpoint_log_sd,state_average,8,1,independent_MC,all,6320,0.3083751164688653,0.017609244,0.6169303797468354
historical80,endpoint_log_sd,state_average,8,1,independent_MC,strong,4503,0.3336196921765702,0.014853373,0.6253608705307573
historical80,endpoint_log_sd,state_average,8,1,direct_N4096,all,6320,0.15475156105341484,0.12906256,0.5832278481012658
historical80,endpoint_log_sd,state_average,8,1,direct_N4096,strong,4503,0.1351551901913487,0.108930804,0.5693981789917832
historical80,endpoint_log_sd,state_average,8,2,generator_0_vs_1,all,6320,0.2383035768927886,0.01724468,0.5936708860759494
historical80,endpoint_log_sd,state_average,8,2,generator_0_vs_1,strong,4503,0.24988563647884782,0.014929503,0.5958250055518544
historical80,endpoint_log_sd,state_average,8,2,generator_0_vs_2,all,6320,0.22785373702135325,0.01753863,0.5805379746835443
historical80,endpoint_log_sd,state_average,8,2,generator_0_vs_2,strong,4503,0.22801358454692613,0.015035478,0.5771707750388629
historical80,endpoint_log_sd,state_average,8,2,generator_1_vs_2,all,6320,0.247126049367342,0.017512111,0.5957278481012658
historical80,endpoint_log_sd,state_average,8,2,generator_1_vs_2,strong,4503,0.26472856892741964,0.014947652,0.6047079724628026
historical80,endpoint_log_sd,state_average,8,2,independent_MC,all,6320,0.3236359798354068,0.016626654,0.6227848101265823
historical80,endpoint_log_sd,state_average,8,2,independent_MC,strong,4503,0.35021670905913654,0.014044559,0.6300244281590051
historical80,endpoint_log_sd,state_average,8,2,direct_N4096,all,6320,0.1514379159672192,0.1284452,0.5802215189873418
historical80,endpoint_log_sd,state_average,8,2,direct_N4096,strong,4503,0.1280495312599126,0.10799506,0.5614035087719298
historical80,endpoint_log_sd,state_average,8,4,generator_0_vs_1,all,6320,0.28137403530834415,0.015606043,0.6112341772151899
historical80,endpoint_log_sd,state_average,8,4,generator_0_vs_1,strong,4503,0.29521633947581477,0.013600426,0.6155896069287142
historical80,endpoint_log_sd,state_average,8,4,generator_0_vs_2,all,6320,0.2663860992723516,0.016060269,0.5943037974683544
historical80,endpoint_log_sd,state_average,8,4,generator_0_vs_2,strong,4503,0.2728341260946883,0.013751636,0.592271818787475
historical80,endpoint_log_sd,state_average,8,4,generator_1_vs_2,all,6320,0.2859747460481476,0.015823249,0.6068037974683544
historical80,endpoint_log_sd,state_average,8,4,generator_1_vs_2,strong,4503,0.30480175143682287,0.013604391,0.6155896069287142
historical80,endpoint_log_sd,state_average,8,4,independent_MC,all,6320,0.36875228936676124,0.015065449,0.6352848101265823
historical80,endpoint_log_sd,state_average,8,4,independent_MC,strong,4503,0.3863869495516908,0.012874454,0.6409060626249167
historical80,endpoint_log_sd,state_average,8,4,direct_N4096,all,6320,0.12344803443605121,0.12954311,0.5776898734177215
historical80,endpoint_log_sd,state_average,8,4,direct_N4096,strong,4503,0.10369795530104754,0.10923302,0.5571840994892294
historical80,endpoint_log_sd,state_average,8,8,generator_0_vs_1,all,6320,0.35558980084536745,0.013530336,0.6299050632911393
historical80,endpoint_log_sd,state_average,8,8,generator_0_vs_1,strong,4503,0.3657518627519065,0.011761667,0.6395736175882745
historical80,endpoint_log_sd,state_average,8,8,generator_0_vs_2,all,6320,0.3421116480443295,0.01395629,0.620253164556962
historical80,endpoint_log_sd,state_average,8,8,generator_0_vs_2,strong,4503,0.3431967100722911,0.011985038,0.6233622029757939
historical80,endpoint_log_sd,state_average,8,8,generator_1_vs_2,all,6320,0.33246606734419704,0.013947068,0.6229430379746835
historical80,endpoint_log_sd,state_average,8,8,generator_1_vs_2,strong,4503,0.3482010981615884,0.0121055385,0.6311347990228736
historical80,endpoint_log_sd,state_average,8,8,independent_MC,all,6320,0.4496918842619202,0.012842503,0.6610759493670886
historical80,endpoint_log_sd,state_average,8,8,independent_MC,strong,4503,0.46468546390393245,0.010941589,0.6644459249389296
historical80,endpoint_log_sd,state_average,8,8,direct_N4096,all,6320,0.10232929865737336,0.12957475,0.569620253164557
historical80,endpoint_log_sd,state_average,8,8,direct_N4096,strong,4503,0.0824500232743383,0.109929085,0.549189429269376
historical80,endpoint_log_sd,state_average,8,16,generator_0_vs_1,all,6320,0.42455653274891997,0.011650018,0.6542721518987342
historical80,endpoint_log_sd,state_average,8,16,generator_0_vs_1,strong,4503,0.44723000900098775,0.009927114,0.6628914057295137
historical80,endpoint_log_sd,state_average,8,16,generator_0_vs_2,all,6320,0.4506284954896918,0.011526301,0.6582278481012658
historical80,endpoint_log_sd,state_average,8,16,generator_0_vs_2,strong,4503,0.4419730474181625,0.009825879,0.6546746613368866
historical80,endpoint_log_sd,state_average,8,16,generator_1_vs_2,all,6320,0.40298871089597516,0.011876107,0.6473101265822785
historical80,endpoint_log_sd,state_average,8,16,generator_1_vs_2,strong,4503,0.3901128379247606,0.010512011,0.6480124361536753
historical80,endpoint_log_sd,state_average,8,16,independent_MC,all,6320,0.5757089899426726,0.010171696,0.7028481012658228
historical80,endpoint_log_sd,state_average,8,16,independent_MC,strong,4503,0.584042628871151,0.008751385,0.705751721074839
historical80,endpoint_log_sd,state_average,8,16,direct_N4096,all,6320,0.07638538185249723,0.12987387,0.5693037974683545
historical80,endpoint_log_sd,state_average,8,16,direct_N4096,strong,4503,0.05237581991494846,0.1102321,0.5396402398401066
historical80,endpoint_log_sd,state_average,8,32,generator_0_vs_1,all,6320,0.46377632776588484,0.010013893,0.665506329113924
historical80,endpoint_log_sd,state_average,8,32,generator_0_vs_1,strong,4503,0.4842626276626475,0.008309206,0.6735509660226515
historical80,endpoint_log_sd,state_average,8,32,generator_0_vs_2,all,6320,0.4908715614975607,0.010049363,0.670253164556962
historical80,endpoint_log_sd,state_average,8,32,generator_0_vs_2,strong,4503,0.49106249356872267,0.008451789,0.6731068176771041
historical80,endpoint_log_sd,state_average,8,32,generator_1_vs_2,all,6320,0.43173631196871876,0.010304902,0.6481012658227848
historical80,endpoint_log_sd,state_average,8,32,generator_1_vs_2,strong,4503,0.42389018679978624,0.009050186,0.6517876970908283
historical80,endpoint_log_sd,state_average,8,32,independent_MC,all,6320,0.6360714437646214,0.00828016,0.7425632911392405
historical80,endpoint_log_sd,state_average,8,32,independent_MC,strong,4503,0.6447654392282021,0.007113438,0.7446147013102377
historical80,endpoint_log_sd,state_average,8,32,direct_N4096,all,6320,0.020610514529848155,0.12986226,0.5498417721518988
historical80,endpoint_log_sd,state_average,8,32,direct_N4096,strong,4503,0.005947166342637699,0.11015702,0.52187430601821
historical80,endpoint_log_sd,state_average,16,1,generator_0_vs_1,all,6320,0.33075593393794733,0.015507616,0.6177215189873417
historical80,endpoint_log_sd,state_average,16,1,generator_0_vs_1,strong,4503,0.36407560957553603,0.0130640725,0.6313568731956474
historical80,endpoint_log_sd,state_average,16,1,generator_0_vs_2,all,6320,0.28995839879892665,0.015875313,0.5973101265822784
historical80,endpoint_log_sd,state_average,16,1,generator_0_vs_2,strong,4503,0.29838314655200615,0.013527377,0.6053741949811237
historical80,endpoint_log_sd,state_average,16,1,generator_1_vs_2,all,6320,0.27537854228926095,0.016010044,0.6004746835443038
historical80,endpoint_log_sd,state_average,16,1,generator_1_vs_2,strong,4503,0.2839250970536233,0.013586332,0.6071507883633134
historical80,endpoint_log_sd,state_average,16,1,independent_MC,all,6320,0.4277941611064676,0.014345703,0.6544303797468355
historical80,endpoint_log_sd,state_average,16,1,independent_MC,strong,4503,0.45443285443871817,0.012097697,0.6593382189651343
historical80,endpoint_log_sd,state_average,16,1,direct_N4096,all,6320,0.13128036052965275,0.13879023,0.5691455696202532
historical80,endpoint_log_sd,state_average,16,1,direct_N4096,strong,4503,0.19040881636013218,0.12114349,0.571174772373973
historical80,endpoint_log_sd,state_average,16,2,generator_0_vs_1,all,6320,0.3463446034318608,0.014955021,0.6234177215189873
historical80,endpoint_log_sd,state_average,16,2,generator_0_vs_1,strong,4503,0.3772223360131135,0.01264295,0.6364645791694425
historical80,endpoint_log_sd,state_average,16,2,generator_0_vs_2,all,6320,0.3021575958959323,0.015306616,0.6020569620253164
historical80,endpoint_log_sd,state_average,16,2,generator_0_vs_2,strong,4503,0.30781428934000976,0.013085471,0.6042638241172552
historical80,endpoint_log_sd,state_average,16,2,generator_1_vs_2,all,6320,0.28763672272220336,0.015398251,0.5995253164556962
historical80,endpoint_log_sd,state_average,16,2,generator_1_vs_2,strong,4503,0.292912698325537,0.013145171,0.608927381745503
historical80,endpoint_log_sd,state_average,16,2,independent_MC,all,6320,0.45705320609690725,0.013670513,0.6685126582278481
historical80,endpoint_log_sd,state_average,16,2,independent_MC,strong,4503,0.4803607483333885,0.011568241,0.6737730401954253
historical80,endpoint_log_sd,state_average,16,2,direct_N4096,all,6320,0.1226414387314802,0.1389384,0.5642405063291139
historical80,endpoint_log_sd,state_average,16,2,direct_N4096,strong,4503,0.1810021266263866,0.121162064,0.564290473017988
historical80,endpoint_log_sd,state_average,16,4,generator_0_vs_1,all,6320,0.3748245763219281,0.014051037,0.6333860759493671
historical80,endpoint_log_sd,state_average,16,4,generator_0_vs_1,strong,4503,0.4057417867088665,0.011904046,0.6451254719076172
historical80,endpoint_log_sd,state_average,16,4,generator_0_vs_2,all,6320,0.33076129908084817,0.014519514,0.6137658227848102
historical80,endpoint_log_sd,state_average,16,4,generator_0_vs_2,strong,4503,0.3355222443326777,0.012352734,0.6198090162114146
historical80,endpoint_log_sd,state_average,16,4,generator_1_vs_2,all,6320,0.30473563432467526,0.014654867,0.604746835443038
historical80,endpoint_log_sd,state_average,16,4,generator_1_vs_2,strong,4503,0.30325183847128084,0.01252699,0.6109260493004663
historical80,endpoint_log_sd,state_average,16,4,independent_MC,all,6320,0.4820703129543108,0.0128296735,0.6762658227848102
historical80,endpoint_log_sd,state_average,16,4,independent_MC,strong,4503,0.5048363448689078,0.010818986,0.6811014878969576
historical80,endpoint_log_sd,state_average,16,4,direct_N4096,all,6320,0.10826514776307843,0.13912404,0.5555379746835443
historical80,endpoint_log_sd,state_average,16,4,direct_N4096,strong,4503,0.16849378416482155,0.12097919,0.5531867643793027
historical80,endpoint_log_sd,state_average,16,8,generator_0_vs_1,all,6320,0.3932315872563123,0.012910117,0.6349683544303798
historical80,endpoint_log_sd,state_average,16,8,generator_0_vs_1,strong,4503,0.4335569985891132,0.010889101,0.6511214745725072
historical80,endpoint_log_sd,state_average,16,8,generator_0_vs_2,all,6320,0.36385159574226006,0.013262017,0.6259493670886076
historical80,endpoint_log_sd,state_average,16,8,generator_0_vs_2,strong,4503,0.3644204603036457,0.011317427,0.6273595380857206
historical80,endpoint_log_sd,state_average,16,8,generator_1_vs_2,all,6320,0.33463802588905367,0.013520981,0.6074367088607595
historical80,endpoint_log_sd,state_average,16,8,generator_1_vs_2,strong,4503,0.32518877895356985,0.0115814535,0.616477903619809
historical80,endpoint_log_sd,state_average,16,8,independent_MC,all,6320,0.5286061793095628,0.011530046,0.6909810126582279
historical80,endpoint_log_sd,state_average,16,8,independent_MC,strong,4503,0.5566410859119464,0.009637867,0.7006440151010438
historical80,endpoint_log_sd,state_average,16,8,direct_N4096,all,6320,0.10662872725765275,0.13870348,0.5561708860759493
historical80,endpoint_log_sd,state_average,16,8,direct_N4096,strong,4503,0.17092730044332288,0.12009449,0.5480790584055074
historical80,endpoint_log_sd,state_average,16,16,generator_0_vs_1,all,6320,0.4152463371636361,0.011532081,0.6419303797468354
historical80,endpoint_log_sd,state_average,16,16,generator_0_vs_1,strong,4503,0.4643725890031969,0.009643048,0.6606706640017765
historical80,endpoint_log_sd,state_average,16,16,generator_0_vs_2,all,6320,0.3975957006728836,0.011924977,0.6341772151898735
historical80,endpoint_log_sd,state_average,16,16,generator_0_vs_2,strong,4503,0.3973436890635972,0.010159082,0.6360204308238951
historical80,endpoint_log_sd,state_average,16,16,generator_1_vs_2,all,6320,0.37003960967939586,0.0121708345,0.6166139240506329
historical80,endpoint_log_sd,state_average,16,16,generator_1_vs_2,strong,4503,0.365548361801155,0.010279273,0.6204752387297358
historical80,endpoint_log_sd,state_average,16,16,independent_MC,all,6320,0.5758756435356077,0.0098495465,0.6995253164556962
historical80,endpoint_log_sd,state_average,16,16,independent_MC,strong,4503,0.5948673581368653,0.008307993,0.7013102376193648
historical80,endpoint_log_sd,state_average,16,16,direct_N4096,all,6320,0.07523850141656027,0.1384455,0.5454113924050633
historical80,endpoint_log_sd,state_average,16,16,direct_N4096,strong,4503,0.14387228433581578,0.12048488,0.5423051299133911
historical80,endpoint_log_sd,state_average,16,32,generator_0_vs_1,all,6320,0.42081417643125096,0.0099508995,0.6441455696202532
historical80,endpoint_log_sd,state_average,16,32,generator_0_vs_1,strong,4503,0.45300467631629204,0.008429463,0.6482345103264491
historical80,endpoint_log_sd,state_average,16,32,generator_0_vs_2,all,6320,0.42879115815207497,0.010501171,0.6433544303797468
historical80,endpoint_log_sd,state_average,16,32,generator_0_vs_2,strong,4503,0.4187702100527061,0.00890968,0.6433488785254275
historical80,endpoint_log_sd,state_average,16,32,generator_1_vs_2,all,6320,0.38950882285402283,0.010709203,0.6314873417721519
historical80,endpoint_log_sd,state_average,16,32,generator_1_vs_2,strong,4503,0.39090628078913126,0.008970121,0.6384632467244059
historical80,endpoint_log_sd,state_average,16,32,independent_MC,all,6320,0.6155837012358278,0.008144474,0.7254746835443038
historical80,endpoint_log_sd,state_average,16,32,independent_MC,strong,4503,0.6265979859101802,0.006936469,0.7321785476349101
historical80,endpoint_log_sd,state_average,16,32,direct_N4096,all,6320,0.05202390177990456,0.13955584,0.5482594936708861
historical80,endpoint_log_sd,state_average,16,32,direct_N4096,strong,4503,0.11205797145930853,0.12180757,0.5383077948034644
historical80,endpoint_log_sd,baseline,1,1,generator_0_vs_1,all,6320,0.0882395633750108,0.052770954,0.5386075949367088
historical80,endpoint_log_sd,baseline,1,1,generator_0_vs_1,strong,4503,0.10881555793537309,0.045964748,0.5443037974683544
historical80,endpoint_log_sd,baseline,1,1,generator_0_vs_2,all,6320,0.10690507904943569,0.053032983,0.5409810126582278
historical80,endpoint_log_sd,baseline,1,1,generator_0_vs_2,strong,4503,0.12206410154254545,0.046093263,0.5447479458139018
historical80,endpoint_log_sd,baseline,1,1,generator_1_vs_2,all,6320,0.0969990436767551,0.053704217,0.5371835443037974
historical80,endpoint_log_sd,baseline,1,1,generator_1_vs_2,strong,4503,0.10488819124307186,0.04581743,0.5385298689762381
historical80,endpoint_log_sd,baseline,1,1,independent_MC,all,6320,0.12273490002631318,0.052004732,0.5496835443037975
historical80,endpoint_log_sd,baseline,1,1,independent_MC,strong,4503,0.15617867041537606,0.04499154,0.562069731290251
historical80,endpoint_log_sd,baseline,1,1,direct_N4096,all,6320,0.22495535067487962,0.20196861,0.5924050632911393
historical80,endpoint_log_sd,baseline,1,1,direct_N4096,strong,4503,0.2482246989560285,0.15592523,0.5993781923162336
historical80,endpoint_log_sd,baseline,1,2,generator_0_vs_1,all,6320,0.06773994520510031,0.047486633,0.5234177215189874
historical80,endpoint_log_sd,baseline,1,2,generator_0_vs_1,strong,4503,0.07607954843527676,0.041726623,0.5276482345103265
historical80,endpoint_log_sd,baseline,1,2,generator_0_vs_2,all,6320,0.09320907990845975,0.04770866,0.5382911392405063
historical80,endpoint_log_sd,baseline,1,2,generator_0_vs_2,strong,4503,0.11159299438917966,0.041480914,0.5418609815678437
historical80,endpoint_log_sd,baseline,1,2,generator_1_vs_2,all,6320,0.09411735349386376,0.04816347,0.5316455696202531
historical80,endpoint_log_sd,baseline,1,2,generator_1_vs_2,strong,4503,0.10655450000483196,0.041019857,0.5354208305574062
historical80,endpoint_log_sd,baseline,1,2,independent_MC,all,6320,0.11238074185310348,0.0464887,0.5463607594936709
historical80,endpoint_log_sd,baseline,1,2,independent_MC,strong,4503,0.13485966796921622,0.040393487,0.5574061736620031
historical80,endpoint_log_sd,baseline,1,2,direct_N4096,all,6320,0.21141371410327187,0.20600538,0.5870253164556962
historical80,endpoint_log_sd,baseline,1,2,direct_N4096,strong,4503,0.22761389133625187,0.15771188,0.5911614479236065
historical80,endpoint_log_sd,baseline,1,4,generator_0_vs_1,all,6320,0.054666768982358255,0.040014584,0.5231012658227848
historical80,endpoint_log_sd,baseline,1,4,generator_0_vs_1,strong,4503,0.059640035864451546,0.035109024,0.524983344437042
historical80,endpoint_log_sd,baseline,1,4,generator_0_vs_2,all,6320,0.07915030542108557,0.040608503,0.5276898734177216
historical80,endpoint_log_sd,baseline,1,4,generator_0_vs_2,strong,4503,0.09188480664512448,0.035209086,0.5323117921385743
historical80,endpoint_log_sd,baseline,1,4,generator_1_vs_2,all,6320,0.08962628345698737,0.040452257,0.5375
historical80,endpoint_log_sd,baseline,1,4,generator_1_vs_2,strong,4503,0.11245371155690509,0.034240585,0.5427492782589385
historical80,endpoint_log_sd,baseline,1,4,independent_MC,all,6320,0.11302277817360783,0.039358843,0.5454113924050633
historical80,endpoint_log_sd,baseline,1,4,independent_MC,strong,4503,0.12304416708289202,0.034184564,0.546080390850544
historical80,endpoint_log_sd,baseline,1,4,direct_N4096,all,6320,0.14342961999169312,0.2011915,0.5569620253164557
historical80,endpoint_log_sd,baseline,1,4,direct_N4096,strong,4503,0.16600119821674378,0.15883906,0.5638463246724406
historical80,endpoint_log_sd,baseline,1,8,generator_0_vs_1,all,6320,0.07931703561864714,0.031889882,0.5311708860759494
historical80,endpoint_log_sd,baseline,1,8,generator_0_vs_1,strong,4503,0.09010720856551944,0.027719688,0.534088385520764
historical80,endpoint_log_sd,baseline,1,8,generator_0_vs_2,all,6320,0.10367841831179782,0.032177575,0.5392405063291139
historical80,endpoint_log_sd,baseline,1,8,generator_0_vs_2,strong,4503,0.10353999415529133,0.027939394,0.5418609815678437
historical80,endpoint_log_sd,baseline,1,8,generator_1_vs_2,all,6320,0.10911422024298009,0.031957585,0.5387658227848101
historical80,endpoint_log_sd,baseline,1,8,generator_1_vs_2,strong,4503,0.12132150196695833,0.02720951,0.540084388185654
historical80,endpoint_log_sd,baseline,1,8,independent_MC,all,6320,0.13739434448875543,0.031337563,0.5515822784810127
historical80,endpoint_log_sd,baseline,1,8,independent_MC,strong,4503,0.14750415844213768,0.027049767,0.558294470353098
historical80,endpoint_log_sd,baseline,1,8,direct_N4096,all,6320,0.09345528497205836,0.20587856,0.5474683544303798
historical80,endpoint_log_sd,baseline,1,8,direct_N4096,strong,4503,0.10912877057752536,0.15853637,0.5474128358871864
historical80,endpoint_log_sd,baseline,1,16,generator_0_vs_1,all,6320,0.18882146422712498,0.024546608,0.5607594936708861
historical80,endpoint_log_sd,baseline,1,16,generator_0_vs_1,strong,4503,0.1865549636484719,0.02123655,0.5591827670441928
historical80,endpoint_log_sd,baseline,1,16,generator_0_vs_2,all,6320,0.19199046844774423,0.024675773,0.5677215189873418
historical80,endpoint_log_sd,baseline,1,16,generator_0_vs_2,strong,4503,0.186463089835072,0.021612843,0.5678436597823673
historical80,endpoint_log_sd,baseline,1,16,generator_1_vs_2,all,6320,0.1762921904780489,0.024842368,0.5579113924050633
historical80,endpoint_log_sd,baseline,1,16,generator_1_vs_2,strong,4503,0.17142169406643695,0.021616109,0.5596269153897402
historical80,endpoint_log_sd,baseline,1,16,independent_MC,all,6320,0.23788295998857148,0.024227617,0.5816455696202532
historical80,endpoint_log_sd,baseline,1,16,independent_MC,strong,4503,0.24213932860629592,0.020715041,0.5844992227403953
historical80,endpoint_log_sd,baseline,1,16,direct_N4096,all,6320,0.03778262523503066,0.20586592,0.5373417721518987
historical80,endpoint_log_sd,baseline,1,16,direct_N4096,strong,4503,0.04522719183124126,0.15999185,0.5332000888296691
historical80,endpoint_log_sd,baseline,1,32,generator_0_vs_1,all,6320,0.27335756794546767,0.019311823,0.602373417721519
historical80,endpoint_log_sd,baseline,1,32,generator_0_vs_1,strong,4503,0.3061252466151279,0.01631037,0.6133688652009771
historical80,endpoint_log_sd,baseline,1,32,generator_0_vs_2,all,6320,0.26171372974088536,0.020020138,0.5950949367088607
historical80,endpoint_log_sd,baseline,1,32,generator_0_vs_2,strong,4503,0.2601590329699923,0.017178046,0.5947146346879858
historical80,endpoint_log_sd,baseline,1,32,generator_1_vs_2,all,6320,0.2402485738684106,0.019756874,0.5810126582278481
historical80,endpoint_log_sd,baseline,1,32,generator_1_vs_2,strong,4503,0.22264530294315152,0.017420612,0.5767266266933155
historical80,endpoint_log_sd,baseline,1,32,independent_MC,all,6320,0.3461605200877496,0.01851863,0.6186708860759493
historical80,endpoint_log_sd,baseline,1,32,independent_MC,strong,4503,0.3567963791950861,0.015819892,0.6211414612480568
historical80,endpoint_log_sd,baseline,1,32,direct_N4096,all,6320,-0.04314441920048703,0.2138179,0.5213607594936709
historical80,endpoint_log_sd,baseline,1,32,direct_N4096,strong,4503,-0.01066089687751196,0.16570638,0.5276482345103265
historical80,endpoint_log_sd,baseline,4,1,generator_0_vs_1,all,6320,0.04961649104447835,0.045911707,0.5200949367088608
historical80,endpoint_log_sd,baseline,4,1,generator_0_vs_1,strong,4503,0.06627173711415289,0.03935613,0.5252054186098157
historical80,endpoint_log_sd,baseline,4,1,generator_0_vs_2,all,6320,0.07157304499005103,0.045436267,0.526740506329114
historical80,endpoint_log_sd,baseline,4,1,generator_0_vs_2,strong,4503,0.05625542415234289,0.03937143,0.5192094159449256
historical80,endpoint_log_sd,baseline,4,1,generator_1_vs_2,all,6320,0.06446811675357335,0.0457655,0.5227848101265823
historical80,endpoint_log_sd,baseline,4,1,generator_1_vs_2,strong,4503,0.04425496515599498,0.039278615,0.5134354874528092
historical80,endpoint_log_sd,baseline,4,1,independent_MC,all,6320,0.09535974909357457,0.044383407,0.5387658227848101
historical80,endpoint_log_sd,baseline,4,1,independent_MC,strong,4503,0.10000905392003893,0.038582906,0.5409726848767489
historical80,endpoint_log_sd,baseline,4,1,direct_N4096,all,6320,0.18560758506901817,0.15952334,0.5737341772151898
historical80,endpoint_log_sd,baseline,4,1,direct_N4096,strong,4503,0.18114634447461933,0.13996415,0.5716189207195204
historical80,endpoint_log_sd,baseline,4,2,generator_0_vs_1,all,6320,0.056287716590003666,0.04217851,0.5181962025316456
historical80,endpoint_log_sd,baseline,4,2,generator_0_vs_1,strong,4503,0.07896559183559446,0.036097594,0.5258716411281368
historical80,endpoint_log_sd,baseline,4,2,generator_0_vs_2,all,6320,0.0818649254209191,0.041813213,0.5316455696202531
historical80,endpoint_log_sd,baseline,4,2,generator_0_vs_2,strong,4503,0.07553661879426576,0.036199495,0.5298689762380635
historical80,endpoint_log_sd,baseline,4,2,generator_1_vs_2,all,6320,0.07156484688625882,0.042215932,0.5292721518987342
historical80,endpoint_log_sd,baseline,4,2,generator_1_vs_2,strong,4503,0.050619014857641705,0.036305193,0.5260937153009105
historical80,endpoint_log_sd,baseline,4,2,independent_MC,all,6320,0.10295147172118578,0.04073814,0.5393987341772152
historical80,endpoint_log_sd,baseline,4,2,independent_MC,strong,4503,0.10478966203773075,0.03543691,0.5440817232955807
historical80,endpoint_log_sd,baseline,4,2,direct_N4096,all,6320,0.17671018584538045,0.15711388,0.564873417721519
historical80,endpoint_log_sd,baseline,4,2,direct_N4096,strong,4503,0.16877468767607118,0.13709182,0.5580723961803242
historical80,endpoint_log_sd,baseline,4,4,generator_0_vs_1,all,6320,0.07584351825541373,0.037224866,0.5254746835443038
historical80,endpoint_log_sd,baseline,4,4,generator_0_vs_1,strong,4503,0.08792185184673956,0.03178411,0.5285365312014213
historical80,endpoint_log_sd,baseline,4,4,generator_0_vs_2,all,6320,0.10784384400234558,0.036864024,0.5349683544303797
historical80,endpoint_log_sd,baseline,4,4,generator_0_vs_2,strong,4503,0.09531959599396105,0.031667348,0.5320897179658006
historical80,endpoint_log_sd,baseline,4,4,generator_1_vs_2,all,6320,0.08679221008840853,0.037185486,0.535759493670886
historical80,endpoint_log_sd,baseline,4,4,generator_1_vs_2,strong,4503,0.0781073892769838,0.03180621,0.5345325338663114
historical80,endpoint_log_sd,baseline,4,4,independent_MC,all,6320,0.11675472117305344,0.03582204,0.5340189873417721
historical80,endpoint_log_sd,baseline,4,4,independent_MC,strong,4503,0.1278749102570333,0.031047517,0.5389740173217855
historical80,endpoint_log_sd,baseline,4,4,direct_N4096,all,6320,0.14151260990810827,0.15834853,0.5512658227848102
historical80,endpoint_log_sd,baseline,4,4,direct_N4096,strong,4503,0.12095798834169656,0.1392354,0.5440817232955807
historical80,endpoint_log_sd,baseline,4,8,generator_0_vs_1,all,6320,0.12659073416365615,0.030506838,0.5520569620253165
historical80,endpoint_log_sd,baseline,4,8,generator_0_vs_1,strong,4503,0.14888321492036294,0.026076647,0.5640683988452143
historical80,endpoint_log_sd,baseline,4,8,generator_0_vs_2,all,6320,0.15612366019927337,0.030182954,0.5526898734177215
historical80,endpoint_log_sd,baseline,4,8,generator_0_vs_2,strong,4503,0.14642259108582545,0.025965337,0.549189429269376
historical80,endpoint_log_sd,baseline,4,8,generator_1_vs_2,all,6320,0.13645639469737986,0.030856684,0.5537974683544303
historical80,endpoint_log_sd,baseline,4,8,generator_1_vs_2,strong,4503,0.1339964796398748,0.026257275,0.5525205418609815
historical80,endpoint_log_sd,baseline,4,8,independent_MC,all,6320,0.17861718833954887,0.029317634,0.5677215189873418
historical80,endpoint_log_sd,baseline,4,8,independent_MC,strong,4503,0.19401322353877276,0.025206018,0.5742838107928048
historical80,endpoint_log_sd,baseline,4,8,direct_N4096,all,6320,0.1368904017178646,0.15934163,0.5571202531645569
historical80,endpoint_log_sd,baseline,4,8,direct_N4096,strong,4503,0.10393996052714194,0.14039384,0.5500777259604708
historical80,endpoint_log_sd,baseline,4,16,generator_0_vs_1,all,6320,0.22905796048701874,0.02383447,0.5908227848101266
historical80,endpoint_log_sd,baseline,4,16,generator_0_vs_1,strong,4503,0.2516933614563583,0.020609496,0.6002664890073285
historical80,endpoint_log_sd,baseline,4,16,generator_0_vs_2,all,6320,0.2214313798556881,0.024254924,0.5729430379746835
historical80,endpoint_log_sd,baseline,4,16,generator_0_vs_2,strong,4503,0.211282817025369,0.021187643,0.5742838107928048
historical80,endpoint_log_sd,baseline,4,16,generator_1_vs_2,all,6320,0.19831916328729002,0.024796229,0.5751582278481012
historical80,endpoint_log_sd,baseline,4,16,generator_1_vs_2,strong,4503,0.19695101192955414,0.02130844,0.588496557850322
historical80,endpoint_log_sd,baseline,4,16,independent_MC,all,6320,0.24408111765829135,0.023538187,0.5849683544303798
historical80,endpoint_log_sd,baseline,4,16,independent_MC,strong,4503,0.2678215066432951,0.020178327,0.5933821896513436
historical80,endpoint_log_sd,baseline,4,16,direct_N4096,all,6320,0.11586980536900816,0.15657702,0.5509493670886076
historical80,endpoint_log_sd,baseline,4,16,direct_N4096,strong,4503,0.060708054570700824,0.1394834,0.5338663113479902
historical80,endpoint_log_sd,baseline,4,32,generator_0_vs_1,all,6320,0.2668624630645771,0.018783195,0.5949367088607594
historical80,endpoint_log_sd,baseline,4,32,generator_0_vs_1,strong,4503,0.2868003113606024,0.016367026,0.6033755274261603
historical80,endpoint_log_sd,baseline,4,32,generator_0_vs_2,all,6320,0.24154061986408606,0.019872444,0.5765822784810126
historical80,endpoint_log_sd,baseline,4,32,generator_0_vs_2,strong,4503,0.24398186478070696,0.017140577,0.582500555185432
historical80,endpoint_log_sd,baseline,4,32,generator_1_vs_2,all,6320,0.22493359082492043,0.019984733,0.5882911392405064
historical80,endpoint_log_sd,baseline,4,32,generator_1_vs_2,strong,4503,0.2226721398430412,0.017401911,0.5989340439706862
historical80,endpoint_log_sd,baseline,4,32,independent_MC,all,6320,0.3501480055684276,0.01794133,0.6253164556962025
historical80,endpoint_log_sd,baseline,4,32,independent_MC,strong,4503,0.3564102549517845,0.015388825,0.6229180546302465
historical80,endpoint_log_sd,baseline,4,32,direct_N4096,all,6320,0.08225943163487547,0.1556572,0.5420886075949367
historical80,endpoint_log_sd,baseline,4,32,direct_N4096,strong,4503,0.006376854956807106,0.13920698,0.5185431934266045
historical80,endpoint_log_sd,baseline,8,1,generator_0_vs_1,all,6320,0.10444962540410103,0.037884705,0.535759493670886
historical80,endpoint_log_sd,baseline,8,1,generator_0_vs_1,strong,4503,0.10879140853321295,0.032648794,0.5407506107039751
historical80,endpoint_log_sd,baseline,8,1,generator_0_vs_2,all,6320,0.07542565981995945,0.039809637,0.5256329113924051
historical80,endpoint_log_sd,baseline,8,1,generator_0_vs_2,strong,4503,0.04311569854998911,0.034761734,0.5198756384632467
historical80,endpoint_log_sd,baseline,8,1,generator_1_vs_2,all,6320,0.09316043363826007,0.038837086,0.5294303797468355
historical80,endpoint_log_sd,baseline,8,1,generator_1_vs_2,strong,4503,0.07754582368078691,0.03381749,0.5283144570286475
historical80,endpoint_log_sd,baseline,8,1,independent_MC,all,6320,0.1078182327398554,0.038735986,0.5367088607594936
historical80,endpoint_log_sd,baseline,8,1,independent_MC,strong,4503,0.09427961125784397,0.03353548,0.5307572729291583
historical80,endpoint_log_sd,baseline,8,1,direct_N4096,all,6320,0.12067133297994535,0.2108975,0.5462025316455696
historical80,endpoint_log_sd,baseline,8,1,direct_N4096,strong,4503,0.11520027172873351,0.21740933,0.5427492782589385
historical80,endpoint_log_sd,baseline,8,2,generator_0_vs_1,all,6320,0.12314783128802903,0.035294365,0.5447784810126582
historical80,endpoint_log_sd,baseline,8,2,generator_0_vs_1,strong,4503,0.12102044231650565,0.030658165,0.5478569842327338
historical80,endpoint_log_sd,baseline,8,2,generator_0_vs_2,all,6320,0.0827089059936193,0.03725412,0.525
historical80,endpoint_log_sd,baseline,8,2,generator_0_vs_2,strong,4503,0.052061555413710735,0.03250466,0.5180990450810571
historical80,endpoint_log_sd,baseline,8,2,generator_1_vs_2,all,6320,0.10703461022027867,0.036448848,0.5403481012658228
historical80,endpoint_log_sd,baseline,8,2,generator_1_vs_2,strong,4503,0.09350147759441979,0.031671897,0.5429713524317122
historical80,endpoint_log_sd,baseline,8,2,independent_MC,all,6320,0.10997815743540144,0.036478482,0.5419303797468354
historical80,endpoint_log_sd,baseline,8,2,independent_MC,strong,4503,0.09891599364184948,0.031604674,0.5425272040861647
historical80,endpoint_log_sd,baseline,8,2,direct_N4096,all,6320,0.1252569076670709,0.2066805,0.5575949367088607
historical80,endpoint_log_sd,baseline,8,2,direct_N4096,strong,4503,0.1098148302684541,0.21184328,0.5502998001332445
historical80,endpoint_log_sd,baseline,8,4,generator_0_vs_1,all,6320,0.1370848905587674,0.032129224,0.5514240506329114
historical80,endpoint_log_sd,baseline,8,4,generator_0_vs_1,strong,4503,0.12792697251832652,0.02792552,0.5522984676882079
historical80,endpoint_log_sd,baseline,8,4,generator_0_vs_2,all,6320,0.0978672023980922,0.03387693,0.5305379746835444
historical80,endpoint_log_sd,baseline,8,4,generator_0_vs_2,strong,4503,0.060206881759449445,0.029615598,0.5205418609815678
historical80,endpoint_log_sd,baseline,8,4,generator_1_vs_2,all,6320,0.11959740942389963,0.03329797,0.5465189873417722
historical80,endpoint_log_sd,baseline,8,4,generator_1_vs_2,strong,4503,0.11302807800411561,0.028757319,0.5507439484787919
historical80,endpoint_log_sd,baseline,8,4,independent_MC,all,6320,0.1249647988743725,0.033360105,0.5454113924050633
historical80,endpoint_log_sd,baseline,8,4,independent_MC,strong,4503,0.11450330671841542,0.02894631,0.5467466133688652
historical80,endpoint_log_sd,baseline,8,4,direct_N4096,all,6320,0.1160068958681973,0.20884597,0.5436708860759494
historical80,endpoint_log_sd,baseline,8,4,direct_N4096,strong,4503,0.10338134316718221,0.21411903,0.5374194981123696
historical80,endpoint_log_sd,baseline,8,8,generator_0_vs_1,all,6320,0.16835001236029165,0.027652806,0.5536392405063291
historical80,endpoint_log_sd,baseline,8,8,generator_0_vs_1,strong,4503,0.15228260318580938,0.023964776,0.5525205418609815
historical80,endpoint_log_sd,baseline,8,8,generator_0_vs_2,all,6320,0.12605279173770498,0.029307717,0.5425632911392405
historical80,endpoint_log_sd,baseline,8,8,generator_0_vs_2,strong,4503,0.093044892098632,0.025517972,0.5318676437930269
historical80,endpoint_log_sd,baseline,8,8,generator_1_vs_2,all,6320,0.16555896449082627,0.028255565,0.5620253164556962
historical80,endpoint_log_sd,baseline,8,8,generator_1_vs_2,strong,4503,0.16603671530150957,0.024601122,0.5689540306462358
historical80,endpoint_log_sd,baseline,8,8,independent_MC,all,6320,0.17667795339135137,0.028252304,0.567246835443038
historical80,endpoint_log_sd,baseline,8,8,independent_MC,strong,4503,0.16418072338083808,0.024569174,0.5660670664001777
historical80,endpoint_log_sd,baseline,8,8,direct_N4096,all,6320,0.10206108331212947,0.21097146,0.5457278481012658
historical80,endpoint_log_sd,baseline,8,8,direct_N4096,strong,4503,0.09209325952625227,0.21995671,0.5411947590495225
historical80,endpoint_log_sd,baseline,8,16,generator_0_vs_1,all,6320,0.21244868074693568,0.022935208,0.5802215189873418
historical80,endpoint_log_sd,baseline,8,16,generator_0_vs_1,strong,4503,0.21220075123738025,0.019791728,0.5800577392849212
historical80,endpoint_log_sd,baseline,8,16,generator_0_vs_2,all,6320,0.17282557089589393,0.024333427,0.5590189873417721
historical80,endpoint_log_sd,baseline,8,16,generator_0_vs_2,strong,4503,0.1580265076333585,0.020807186,0.5551854319342661
historical80,endpoint_log_sd,baseline,8,16,generator_1_vs_2,all,6320,0.21241581479572655,0.023327313,0.5740506329113924
historical80,endpoint_log_sd,baseline,8,16,generator_1_vs_2,strong,4503,0.21413831861848215,0.020248136,0.5798356651121475
historical80,endpoint_log_sd,baseline,8,16,independent_MC,all,6320,0.26990367446286906,0.02254494,0.5935126582278482
historical80,endpoint_log_sd,baseline,8,16,independent_MC,strong,4503,0.26282304657511646,0.01958764,0.5913835220963802
historical80,endpoint_log_sd,baseline,8,16,direct_N4096,all,6320,0.10103488820792961,0.21270666,0.5447784810126582
historical80,endpoint_log_sd,baseline,8,16,direct_N4096,strong,4503,0.08569514236395973,0.22203097,0.5431934266044859
historical80,endpoint_log_sd,baseline,8,32,generator_0_vs_1,all,6320,0.24767474988867047,0.018634064,0.5924050632911393
historical80,endpoint_log_sd,baseline,8,32,generator_0_vs_1,strong,4503,0.24872445994451484,0.016049895,0.5940484121696646
historical80,endpoint_log_sd,baseline,8,32,generator_0_vs_2,all,6320,0.223627050072333,0.02007049,0.5729430379746835
historical80,endpoint_log_sd,baseline,8,32,generator_0_vs_2,strong,4503,0.19873264788404663,0.017214932,0.5640683988452143
historical80,endpoint_log_sd,baseline,8,32,generator_1_vs_2,all,6320,0.2510144083079481,0.01917918,0.5805379746835443
historical80,endpoint_log_sd,baseline,8,32,generator_1_vs_2,strong,4503,0.25338465574107255,0.016538816,0.5840550743948478
historical80,endpoint_log_sd,baseline,8,32,independent_MC,all,6320,0.31129226758750617,0.017922899,0.6204113924050633
historical80,endpoint_log_sd,baseline,8,32,independent_MC,strong,4503,0.32074174720537285,0.015361164,0.6220297579391517
historical80,endpoint_log_sd,baseline,8,32,direct_N4096,all,6320,0.09066574209031691,0.2103732,0.5436708860759494
historical80,endpoint_log_sd,baseline,8,32,direct_N4096,strong,4503,0.06381207687730729,0.21763983,0.5369753497668222
historical80,endpoint_log_sd,baseline,16,1,generator_0_vs_1,all,6320,0.09782286536336207,0.03275392,0.5314873417721518
historical80,endpoint_log_sd,baseline,16,1,generator_0_vs_1,strong,4503,0.11677384684138083,0.027652068,0.5387519431490118
historical80,endpoint_log_sd,baseline,16,1,generator_0_vs_2,all,6320,0.09593629875405636,0.03264559,0.5344936708860759
historical80,endpoint_log_sd,baseline,16,1,generator_0_vs_2,strong,4503,0.10074218385447682,0.02795737,0.5376415722851432
historical80,endpoint_log_sd,baseline,16,1,generator_1_vs_2,all,6320,0.117324758458527,0.032595247,0.5416139240506329
historical80,endpoint_log_sd,baseline,16,1,generator_1_vs_2,strong,4503,0.10065149437379264,0.028144095,0.5423051299133911
historical80,endpoint_log_sd,baseline,16,1,independent_MC,all,6320,0.1282016548791457,0.031780615,0.5439873417721519
historical80,endpoint_log_sd,baseline,16,1,independent_MC,strong,4503,0.12515952173931566,0.02753471,0.546080390850544
historical80,endpoint_log_sd,baseline,16,1,direct_N4096,all,6320,0.04919575240132641,0.18377988,0.5324367088607594
historical80,endpoint_log_sd,baseline,16,1,direct_N4096,strong,4503,0.034789246689865216,0.18924215,0.5283144570286475
historical80,endpoint_log_sd,baseline,16,2,generator_0_vs_1,all,6320,0.10433250459778942,0.031619027,0.5299050632911393
historical80,endpoint_log_sd,baseline,16,2,generator_0_vs_1,strong,4503,0.12184861779889815,0.026600616,0.5371974239395958
historical80,endpoint_log_sd,baseline,16,2,generator_0_vs_2,all,6320,0.09915327184653076,0.03149945,0.5349683544303797
historical80,endpoint_log_sd,baseline,16,2,generator_0_vs_2,strong,4503,0.09806973945421661,0.0270079,0.5354208305574062
historical80,endpoint_log_sd,baseline,16,2,generator_1_vs_2,all,6320,0.12374828794785864,0.031392265,0.5386075949367088
historical80,endpoint_log_sd,baseline,16,2,generator_1_vs_2,strong,4503,0.096225726736587,0.027277792,0.536309127248501
historical80,endpoint_log_sd,baseline,16,2,independent_MC,all,6320,0.1344184381614392,0.030647498,0.5443037974683544
historical80,endpoint_log_sd,baseline,16,2,independent_MC,strong,4503,0.1307678322084775,0.026508814,0.5407506107039751
historical80,endpoint_log_sd,baseline,16,2,direct_N4096,all,6320,0.038961859676322846,0.1847225,0.5275316455696203
historical80,endpoint_log_sd,baseline,16,2,direct_N4096,strong,4503,0.0276364708602279,0.1897404,0.5198756384632467
historical80,endpoint_log_sd,baseline,16,4,generator_0_vs_1,all,6320,0.11824781696452309,0.029489718,0.5344936708860759
historical80,endpoint_log_sd,baseline,16,4,generator_0_vs_1,strong,4503,0.1390903258951913,0.024977466,0.5427492782589385
historical80,endpoint_log_sd,baseline,16,4,generator_0_vs_2,all,6320,0.12017662026624024,0.029193062,0.5409810126582278
historical80,endpoint_log_sd,baseline,16,4,generator_0_vs_2,strong,4503,0.1267344289682406,0.025005994,0.5420830557406173
historical80,endpoint_log_sd,baseline,16,4,generator_1_vs_2,all,6320,0.13729054974482935,0.029292393,0.5397151898734177
historical80,endpoint_log_sd,baseline,16,4,generator_1_vs_2,strong,4503,0.11459253562304078,0.025526147,0.537863646457917
historical80,endpoint_log_sd,baseline,16,4,independent_MC,all,6320,0.16053220122167186,0.028503427,0.5526898734177215
historical80,endpoint_log_sd,baseline,16,4,independent_MC,strong,4503,0.1681829041019616,0.024532888,0.5591827670441928
historical80,endpoint_log_sd,baseline,16,4,direct_N4096,all,6320,0.027609890895161627,0.18621387,0.5232594936708861
historical80,endpoint_log_sd,baseline,16,4,direct_N4096,strong,4503,0.008158971529692503,0.19074453,0.5138796357983566
historical80,endpoint_log_sd,baseline,16,8,generator_0_vs_1,all,6320,0.13783999650615866,0.02659289,0.5462025316455696
historical80,endpoint_log_sd,baseline,16,8,generator_0_vs_1,strong,4503,0.16326514967934228,0.022426546,0.5578503220075505
historical80,endpoint_log_sd,baseline,16,8,generator_0_vs_2,all,6320,0.13934990300237024,0.026274849,0.5431962025316456
historical80,endpoint_log_sd,baseline,16,8,generator_0_vs_2,strong,4503,0.15770029700547925,0.022472259,0.5480790584055074
historical80,endpoint_log_sd,baseline,16,8,generator_1_vs_2,all,6320,0.1459761212673426,0.026701268,0.5501582278481013
historical80,endpoint_log_sd,baseline,16,8,generator_1_vs_2,strong,4503,0.1264097781435905,0.023198344,0.5483011325782812
historical80,endpoint_log_sd,baseline,16,8,independent_MC,all,6320,0.20561990129519805,0.025259685,0.5710443037974684
historical80,endpoint_log_sd,baseline,16,8,independent_MC,strong,4503,0.21397284881585354,0.02196754,0.5736175882744837
historical80,endpoint_log_sd,baseline,16,8,direct_N4096,all,6320,0.03135786325893819,0.18219048,0.5268987341772152
historical80,endpoint_log_sd,baseline,16,8,direct_N4096,strong,4503,0.010293656061213028,0.18576111,0.5198756384632467
historical80,endpoint_log_sd,baseline,16,16,generator_0_vs_1,all,6320,0.19043238691763603,0.022647407,0.5675632911392405
historical80,endpoint_log_sd,baseline,16,16,generator_0_vs_1,strong,4503,0.2036423198482176,0.019230673,0.5720630690650678
historical80,endpoint_log_sd,baseline,16,16,generator_0_vs_2,all,6320,0.19436518060844624,0.02256775,0.5667721518987342
historical80,endpoint_log_sd,baseline,16,16,generator_0_vs_2,strong,4503,0.19037018578611645,0.019608513,0.5649566955363091
historical80,endpoint_log_sd,baseline,16,16,generator_1_vs_2,all,6320,0.17571234818260598,0.02315222,0.5558544303797468
historical80,endpoint_log_sd,baseline,16,16,generator_1_vs_2,strong,4503,0.16578378588029144,0.020140203,0.5594048412169664
historical80,endpoint_log_sd,baseline,16,16,independent_MC,all,6320,0.25466217554807785,0.0216828,0.5871835443037975
historical80,endpoint_log_sd,baseline,16,16,independent_MC,strong,4503,0.26792785473235403,0.01865844,0.5907172995780591
historical80,endpoint_log_sd,baseline,16,16,direct_N4096,all,6320,0.02401243525578189,0.18142885,0.5254746835443038
historical80,endpoint_log_sd,baseline,16,16,direct_N4096,strong,4503,-0.015592126752188195,0.18555897,0.51587830335332
historical80,endpoint_log_sd,baseline,16,32,generator_0_vs_1,all,6320,0.2050241639985622,0.01845611,0.5734177215189873
historical80,endpoint_log_sd,baseline,16,32,generator_0_vs_1,strong,4503,0.23380489088452944,0.015503182,0.5833888518765268
historical80,endpoint_log_sd,baseline,16,32,generator_0_vs_2,all,6320,0.24280472801425151,0.01891519,0.5805379746835443
historical80,endpoint_log_sd,baseline,16,32,generator_0_vs_2,strong,4503,0.24244389491793525,0.016332602,0.584721296913169
historical80,endpoint_log_sd,baseline,16,32,generator_1_vs_2,all,6320,0.19670297582618185,0.019285357,0.5662974683544304
historical80,endpoint_log_sd,baseline,16,32,generator_1_vs_2,strong,4503,0.20281588804474476,0.016566413,0.5736175882744837
historical80,endpoint_log_sd,baseline,16,32,independent_MC,all,6320,0.30359001451647205,0.017477604,0.605379746835443
historical80,endpoint_log_sd,baseline,16,32,independent_MC,strong,4503,0.30175448731051346,0.015143143,0.606706640017766
historical80,endpoint_log_sd,baseline,16,32,direct_N4096,all,6320,0.035939401619839044,0.18570614,0.5311708860759494
historical80,endpoint_log_sd,baseline,16,32,direct_N4096,strong,4503,-0.018789969001614525,0.19071113,0.5172107483899623
historical80,endpoint_log_sd,onset_minus_baseline,1,1,generator_0_vs_1,all,6320,0.01662849088562555,0.073606655,0.49873417721518987
historical80,endpoint_log_sd,onset_minus_baseline,1,1,generator_0_vs_1,strong,4503,0.03571239042675388,0.064230934,0.5025538529868976
historical80,endpoint_log_sd,onset_minus_baseline,1,1,generator_0_vs_2,all,6320,0.009956828239813888,0.07378379,0.507120253164557
historical80,endpoint_log_sd,onset_minus_baseline,1,1,generator_0_vs_2,strong,4503,0.005733655465745631,0.06529775,0.50988230068843
historical80,endpoint_log_sd,onset_minus_baseline,1,1,generator_1_vs_2,all,6320,0.01194483231284751,0.0739295,0.5026898734177215
historical80,endpoint_log_sd,onset_minus_baseline,1,1,generator_1_vs_2,strong,4503,0.006313817984133398,0.06438867,0.5023317788141239
historical80,endpoint_log_sd,onset_minus_baseline,1,1,independent_MC,all,6320,0.0004871292631272615,0.075892456,0.5052215189873418
historical80,endpoint_log_sd,onset_minus_baseline,1,1,independent_MC,strong,4503,-0.0021734603293054873,0.0662262,0.5043304463690873
historical80,endpoint_log_sd,onset_minus_baseline,1,1,direct_N4096,all,6320,0.1163134715854008,0.23759048,0.5424050632911392
historical80,endpoint_log_sd,onset_minus_baseline,1,1,direct_N4096,strong,4503,0.122810521094673,0.19717196,0.5416389073950699
historical80,endpoint_log_sd,onset_minus_baseline,1,2,generator_0_vs_1,all,6320,0.012699284344201192,0.06566385,0.5030063291139241
historical80,endpoint_log_sd,onset_minus_baseline,1,2,generator_0_vs_1,strong,4503,0.01904550277463272,0.05734495,0.5056628914057295
historical80,endpoint_log_sd,onset_minus_baseline,1,2,generator_0_vs_2,all,6320,0.012814989530450665,0.0656559,0.5153481012658228
historical80,endpoint_log_sd,onset_minus_baseline,1,2,generator_0_vs_2,strong,4503,0.004048615659926249,0.057675384,0.5069953364423717
historical80,endpoint_log_sd,onset_minus_baseline,1,2,generator_1_vs_2,all,6320,0.015673623431920452,0.06602476,0.5044303797468355
historical80,endpoint_log_sd,onset_minus_baseline,1,2,generator_1_vs_2,strong,4503,0.005500648462111327,0.05703221,0.500777259604708
historical80,endpoint_log_sd,onset_minus_baseline,1,2,independent_MC,all,6320,0.002377283212793043,0.066788524,0.5034810126582279
historical80,endpoint_log_sd,onset_minus_baseline,1,2,independent_MC,strong,4503,-0.00816278651211236,0.058585275,0.5025538529868976
historical80,endpoint_log_sd,onset_minus_baseline,1,2,direct_N4096,all,6320,0.10655342063511838,0.24110995,0.5359177215189873
historical80,endpoint_log_sd,onset_minus_baseline,1,2,direct_N4096,strong,4503,0.1289413805230569,0.20030233,0.5427492782589385
historical80,endpoint_log_sd,onset_minus_baseline,1,4,generator_0_vs_1,all,6320,0.013300248814216417,0.054621328,0.4990506329113924
historical80,endpoint_log_sd,onset_minus_baseline,1,4,generator_0_vs_1,strong,4503,0.0133716879129707,0.04812997,0.49611370197646015
historical80,endpoint_log_sd,onset_minus_baseline,1,4,generator_0_vs_2,all,6320,-0.01246755511810564,0.05571649,0.4941455696202532
historical80,endpoint_log_sd,onset_minus_baseline,1,4,generator_0_vs_2,strong,4503,-0.015796709652883423,0.049310997,0.4938929602487231
historical80,endpoint_log_sd,onset_minus_baseline,1,4,generator_1_vs_2,all,6320,0.033258773624110595,0.05490277,0.5077531645569621
historical80,endpoint_log_sd,onset_minus_baseline,1,4,generator_1_vs_2,strong,4503,0.03924592083764541,0.04745667,0.510548523206751
historical80,endpoint_log_sd,onset_minus_baseline,1,4,independent_MC,all,6320,0.008572071259675669,0.05619152,0.5004746835443038
historical80,endpoint_log_sd,onset_minus_baseline,1,4,independent_MC,strong,4503,0.0033154180421211387,0.049384046,0.5014434821230291
historical80,endpoint_log_sd,onset_minus_baseline,1,4,direct_N4096,all,6320,0.08968391285298687,0.23767243,0.5316455696202531
historical80,endpoint_log_sd,onset_minus_baseline,1,4,direct_N4096,strong,4503,0.1176304238099087,0.19962412,0.5411947590495225
historical80,endpoint_log_sd,onset_minus_baseline,1,8,generator_0_vs_1,all,6320,0.00867067871584256,0.043568388,0.5066455696202532
historical80,endpoint_log_sd,onset_minus_baseline,1,8,generator_0_vs_1,strong,4503,0.02009227491487938,0.03772903,0.5081057073062403
historical80,endpoint_log_sd,onset_minus_baseline,1,8,generator_0_vs_2,all,6320,-0.01156531326442148,0.0445708,0.4930379746835443
historical80,endpoint_log_sd,onset_minus_baseline,1,8,generator_0_vs_2,strong,4503,-0.01348987995323798,0.03874925,0.4934488119031757
historical80,endpoint_log_sd,onset_minus_baseline,1,8,generator_1_vs_2,all,6320,0.02182666845641436,0.043779988,0.5060126582278481
historical80,endpoint_log_sd,onset_minus_baseline,1,8,generator_1_vs_2,strong,4503,0.03320335515975529,0.037279088,0.5092160781701088
historical80,endpoint_log_sd,onset_minus_baseline,1,8,independent_MC,all,6320,-0.010404994005413594,0.044863522,0.5020569620253165
historical80,endpoint_log_sd,onset_minus_baseline,1,8,independent_MC,strong,4503,-0.025433543772975024,0.039160542,0.4998889629136131
historical80,endpoint_log_sd,onset_minus_baseline,1,8,direct_N4096,all,6320,0.07842295683421927,0.2381469,0.5287974683544304
historical80,endpoint_log_sd,onset_minus_baseline,1,8,direct_N4096,strong,4503,0.10691331915675632,0.19747233,0.5367532755940484
historical80,endpoint_log_sd,onset_minus_baseline,1,16,generator_0_vs_1,all,6320,0.011029706344017287,0.033360366,0.5039556962025317
historical80,endpoint_log_sd,onset_minus_baseline,1,16,generator_0_vs_1,strong,4503,0.016573132106659533,0.028748143,0.504552520541861
historical80,endpoint_log_sd,onset_minus_baseline,1,16,generator_0_vs_2,all,6320,0.025633842710095847,0.033724785,0.5056962025316456
historical80,endpoint_log_sd,onset_minus_baseline,1,16,generator_0_vs_2,strong,4503,0.0015297741743869884,0.029523188,0.5001110370863868
historical80,endpoint_log_sd,onset_minus_baseline,1,16,generator_1_vs_2,all,6320,0.02709878523073867,0.03380148,0.5112341772151898
historical80,endpoint_log_sd,onset_minus_baseline,1,16,generator_1_vs_2,strong,4503,0.02669514379315529,0.029015448,0.5109926715522984
historical80,endpoint_log_sd,onset_minus_baseline,1,16,independent_MC,all,6320,-0.0030866507878817527,0.033967406,0.4936708860759494
historical80,endpoint_log_sd,onset_minus_baseline,1,16,independent_MC,strong,4503,-0.022115170723689598,0.029602384,0.4876748834110593
historical80,endpoint_log_sd,onset_minus_baseline,1,16,direct_N4096,all,6320,0.05269420686131142,0.2361558,0.5162974683544304
historical80,endpoint_log_sd,onset_minus_baseline,1,16,direct_N4096,strong,4503,0.10400224850973906,0.19514298,0.5296469020652899
historical80,endpoint_log_sd,onset_minus_baseline,1,32,generator_0_vs_1,all,6320,0.02769713638877719,0.025532553,0.5083860759493671
historical80,endpoint_log_sd,onset_minus_baseline,1,32,generator_0_vs_1,strong,4503,0.02840048167546425,0.021700574,0.508327781479014
historical80,endpoint_log_sd,onset_minus_baseline,1,32,generator_0_vs_2,all,6320,0.0014271330027888973,0.026231118,0.5087025316455697
historical80,endpoint_log_sd,onset_minus_baseline,1,32,generator_0_vs_2,strong,4503,-0.021985932936521298,0.022939268,0.5005551854319342
historical80,endpoint_log_sd,onset_minus_baseline,1,32,generator_1_vs_2,all,6320,0.032333330218404725,0.025949808,0.5088607594936709
historical80,endpoint_log_sd,onset_minus_baseline,1,32,generator_1_vs_2,strong,4503,0.019769265710241516,0.022466967,0.5072174106151455
historical80,endpoint_log_sd,onset_minus_baseline,1,32,independent_MC,all,6320,0.017451643754453978,0.025500147,0.5117088607594936
historical80,endpoint_log_sd,onset_minus_baseline,1,32,independent_MC,strong,4503,0.008287690913276424,0.022332378,0.5129913391072618
historical80,endpoint_log_sd,onset_minus_baseline,1,32,direct_N4096,all,6320,0.04093758511106459,0.24292317,0.5079113924050633
historical80,endpoint_log_sd,onset_minus_baseline,1,32,direct_N4096,strong,4503,0.07609568516417729,0.20227323,0.5161003775260937
historical80,endpoint_log_sd,onset_minus_baseline,4,1,generator_0_vs_1,all,6320,0.0032350566162781063,0.06402923,0.5044303797468355
historical80,endpoint_log_sd,onset_minus_baseline,4,1,generator_0_vs_1,strong,4503,0.012504140435211685,0.054374173,0.5074394847879191
historical80,endpoint_log_sd,onset_minus_baseline,4,1,generator_0_vs_2,all,6320,0.006425014539156687,0.0641159,0.5026898734177215
historical80,endpoint_log_sd,onset_minus_baseline,4,1,generator_0_vs_2,strong,4503,0.009212852800572945,0.05450709,0.5014434821230291
historical80,endpoint_log_sd,onset_minus_baseline,4,1,generator_1_vs_2,all,6320,0.005537101800911771,0.06409846,0.5017405063291139
historical80,endpoint_log_sd,onset_minus_baseline,4,1,generator_1_vs_2,strong,4503,-0.011659665202646214,0.054525837,0.49300466355762823
historical80,endpoint_log_sd,onset_minus_baseline,4,1,independent_MC,all,6320,0.02513069092763345,0.0634263,0.5074367088607595
historical80,endpoint_log_sd,onset_minus_baseline,4,1,independent_MC,strong,4503,0.025937785539007968,0.05506762,0.5034421496779925
historical80,endpoint_log_sd,onset_minus_baseline,4,1,direct_N4096,all,6320,0.061560051129716686,0.18106675,0.5125
historical80,endpoint_log_sd,onset_minus_baseline,4,1,direct_N4096,strong,4503,0.07328363839733977,0.15992136,0.5167666000444149
historical80,endpoint_log_sd,onset_minus_baseline,4,2,generator_0_vs_1,all,6320,-0.0012992891972328034,0.05859835,0.5037974683544304
historical80,endpoint_log_sd,onset_minus_baseline,4,2,generator_0_vs_1,strong,4503,0.014970277126550196,0.049418733,0.5036642238507661
historical80,endpoint_log_sd,onset_minus_baseline,4,2,generator_0_vs_2,all,6320,-0.0032996447592747715,0.059122242,0.4957278481012658
historical80,endpoint_log_sd,onset_minus_baseline,4,2,generator_0_vs_2,strong,4503,0.011225047391458283,0.050132714,0.5034421496779925
historical80,endpoint_log_sd,onset_minus_baseline,4,2,generator_1_vs_2,all,6320,-0.0015435538320563743,0.058913816,0.5039556962025317
historical80,endpoint_log_sd,onset_minus_baseline,4,2,generator_1_vs_2,strong,4503,-0.013939210443615782,0.050172236,0.4996668887408394
historical80,endpoint_log_sd,onset_minus_baseline,4,2,independent_MC,all,6320,0.03050100403659336,0.057655714,0.5132911392405063
historical80,endpoint_log_sd,onset_minus_baseline,4,2,independent_MC,strong,4503,0.02641608909305763,0.05018877,0.5141017099711304
historical80,endpoint_log_sd,onset_minus_baseline,4,2,direct_N4096,all,6320,0.07288858381256715,0.17835063,0.5379746835443038
historical80,endpoint_log_sd,onset_minus_baseline,4,2,direct_N4096,strong,4503,0.08836080836877513,0.15633138,0.5445258716411281
historical80,endpoint_log_sd,onset_minus_baseline,4,4,generator_0_vs_1,all,6320,0.0003784192131952634,0.050856248,0.4981012658227848
historical80,endpoint_log_sd,onset_minus_baseline,4,4,generator_0_vs_1,strong,4503,0.013437309080191796,0.042805772,0.49611370197646015
historical80,endpoint_log_sd,onset_minus_baseline,4,4,generator_0_vs_2,all,6320,0.023962700701653405,0.05127709,0.5142405063291139
historical80,endpoint_log_sd,onset_minus_baseline,4,4,generator_0_vs_2,strong,4503,0.03242586087518852,0.043484338,0.5156562291805463
historical80,endpoint_log_sd,onset_minus_baseline,4,4,generator_1_vs_2,all,6320,0.00035544412690986614,0.051677242,0.5050632911392405
historical80,endpoint_log_sd,onset_minus_baseline,4,4,generator_1_vs_2,strong,4503,-0.0011846838598638773,0.043806415,0.5021097046413502
historical80,endpoint_log_sd,onset_minus_baseline,4,4,independent_MC,all,6320,0.030448193113763906,0.050095715,0.5036392405063291
historical80,endpoint_log_sd,onset_minus_baseline,4,4,independent_MC,strong,4503,0.02195239781115518,0.04323289,0.4990006662225183
historical80,endpoint_log_sd,onset_minus_baseline,4,4,direct_N4096,all,6320,0.07290836656446519,0.17755021,0.5313291139240506
historical80,endpoint_log_sd,onset_minus_baseline,4,4,direct_N4096,strong,4503,0.10397762066126096,0.15578926,0.5389740173217855
historical80,endpoint_log_sd,onset_minus_baseline,4,8,generator_0_vs_1,all,6320,0.009781848883953934,0.04130764,0.5080696202531646
historical80,endpoint_log_sd,onset_minus_baseline,4,8,generator_0_vs_1,strong,4503,0.03134236276080312,0.034838736,0.5156562291805463
historical80,endpoint_log_sd,onset_minus_baseline,4,8,generator_0_vs_2,all,6320,0.043472020448144584,0.042099524,0.5180379746835443
historical80,endpoint_log_sd,onset_minus_baseline,4,8,generator_0_vs_2,strong,4503,0.0628081599428073,0.03560802,0.5232067510548524
historical80,endpoint_log_sd,onset_minus_baseline,4,8,generator_1_vs_2,all,6320,-0.01263682444770565,0.04304849,0.4957278481012658
historical80,endpoint_log_sd,onset_minus_baseline,4,8,generator_1_vs_2,strong,4503,0.0050787295167334144,0.03626377,0.5021097046413502
historical80,endpoint_log_sd,onset_minus_baseline,4,8,independent_MC,all,6320,0.029881777563698194,0.041064546,0.5126582278481012
historical80,endpoint_log_sd,onset_minus_baseline,4,8,independent_MC,strong,4503,0.04152040545647879,0.035104193,0.5109926715522984
historical80,endpoint_log_sd,onset_minus_baseline,4,8,direct_N4096,all,6320,0.04585808639529177,0.17848314,0.5113924050632911
historical80,endpoint_log_sd,onset_minus_baseline,4,8,direct_N4096,strong,4503,0.07900845216688591,0.15622543,0.5209860093271153
historical80,endpoint_log_sd,onset_minus_baseline,4,16,generator_0_vs_1,all,6320,0.033061166105087574,0.032259386,0.5104430379746835
historical80,endpoint_log_sd,onset_minus_baseline,4,16,generator_0_vs_1,strong,4503,0.04142069981062869,0.027204195,0.5149900066622252
historical80,endpoint_log_sd,onset_minus_baseline,4,16,generator_0_vs_2,all,6320,0.02915243100477411,0.033280145,0.5142405063291139
historical80,endpoint_log_sd,onset_minus_baseline,4,16,generator_0_vs_2,strong,4503,0.04229141526975591,0.028529668,0.5127692649344882
historical80,endpoint_log_sd,onset_minus_baseline,4,16,generator_1_vs_2,all,6320,0.0027983036778866607,0.03384986,0.5041139240506329
historical80,endpoint_log_sd,onset_minus_baseline,4,16,generator_1_vs_2,strong,4503,0.0064381085027398225,0.028666178,0.5012214079502554
historical80,endpoint_log_sd,onset_minus_baseline,4,16,independent_MC,all,6320,-0.0022492033632137273,0.03295289,0.49493670886075947
historical80,endpoint_log_sd,onset_minus_baseline,4,16,independent_MC,strong,4503,0.0064764245787965295,0.028287038,0.49722407284032866
historical80,endpoint_log_sd,onset_minus_baseline,4,16,direct_N4096,all,6320,0.05352046438267203,0.17572172,0.5208860759493671
historical80,endpoint_log_sd,onset_minus_baseline,4,16,direct_N4096,strong,4503,0.08412424265810904,0.15555643,0.5269820119920053
historical80,endpoint_log_sd,onset_minus_baseline,4,32,generator_0_vs_1,all,6320,-0.009660382568991193,0.025592802,0.5096518987341773
historical80,endpoint_log_sd,onset_minus_baseline,4,32,generator_0_vs_1,strong,4503,0.007938822809439553,0.021548051,0.5178769709082833
historical80,endpoint_log_sd,onset_minus_baseline,4,32,generator_0_vs_2,all,6320,-0.016345033697022976,0.026806135,0.5011075949367089
historical80,endpoint_log_sd,onset_minus_baseline,4,32,generator_0_vs_2,strong,4503,-0.002235566029916802,0.022986455,0.5032200755052187
historical80,endpoint_log_sd,onset_minus_baseline,4,32,generator_1_vs_2,all,6320,-0.01699098852419893,0.026740432,0.49683544303797467
historical80,endpoint_log_sd,onset_minus_baseline,4,32,generator_1_vs_2,strong,4503,-0.01310517325163342,0.02285754,0.49633577614923385
historical80,endpoint_log_sd,onset_minus_baseline,4,32,independent_MC,all,6320,0.020952904478423445,0.02544783,0.4981012658227848
historical80,endpoint_log_sd,onset_minus_baseline,4,32,independent_MC,strong,4503,0.03287092770084037,0.021526476,0.5027759271596713
historical80,endpoint_log_sd,onset_minus_baseline,4,32,direct_N4096,all,6320,0.03869551823450075,0.17587103,0.5115506329113924
historical80,endpoint_log_sd,onset_minus_baseline,4,32,direct_N4096,strong,4503,0.07231255577089893,0.15414555,0.519653564290473
historical80,endpoint_log_sd,onset_minus_baseline,8,1,generator_0_vs_1,all,6320,0.02189239465441633,0.05375395,0.5052215189873418
historical80,endpoint_log_sd,onset_minus_baseline,8,1,generator_0_vs_1,strong,4503,0.022116353869553674,0.046261378,0.5021097046413502
historical80,endpoint_log_sd,onset_minus_baseline,8,1,generator_0_vs_2,all,6320,-0.010587497606428692,0.056708444,0.494620253164557
historical80,endpoint_log_sd,onset_minus_baseline,8,1,generator_0_vs_2,strong,4503,-0.017529057120132377,0.048808925,0.49011769931157007
historical80,endpoint_log_sd,onset_minus_baseline,8,1,generator_1_vs_2,all,6320,0.016942516310225374,0.055022094,0.5112341772151898
historical80,endpoint_log_sd,onset_minus_baseline,8,1,generator_1_vs_2,strong,4503,0.024132599349767865,0.047125943,0.5176548967355097
historical80,endpoint_log_sd,onset_minus_baseline,8,1,independent_MC,all,6320,0.00835020062116631,0.055069044,0.5058544303797469
historical80,endpoint_log_sd,onset_minus_baseline,8,1,independent_MC,strong,4503,0.008845976817924196,0.047578346,0.5043304463690873
historical80,endpoint_log_sd,onset_minus_baseline,8,1,direct_N4096,all,6320,0.007367177258213709,0.28785014,0.5169303797468354
historical80,endpoint_log_sd,onset_minus_baseline,8,1,direct_N4096,strong,4503,0.04683140679126736,0.28045535,0.5289806795469687
historical80,endpoint_log_sd,onset_minus_baseline,8,2,generator_0_vs_1,all,6320,0.029091326572991315,0.050183665,0.5093354430379747
historical80,endpoint_log_sd,onset_minus_baseline,8,2,generator_0_vs_1,strong,4503,0.026082565094380814,0.043202423,0.508327781479014
historical80,endpoint_log_sd,onset_minus_baseline,8,2,generator_0_vs_2,all,6320,-0.01362402163745468,0.053190935,0.49430379746835446
historical80,endpoint_log_sd,onset_minus_baseline,8,2,generator_0_vs_2,strong,4503,-0.024697539065027023,0.045572385,0.4885631801021541
historical80,endpoint_log_sd,onset_minus_baseline,8,2,generator_1_vs_2,all,6320,0.020217267706371906,0.051221155,0.5083860759493671
historical80,endpoint_log_sd,onset_minus_baseline,8,2,generator_1_vs_2,strong,4503,0.024175002126825103,0.04396345,0.50988230068843
historical80,endpoint_log_sd,onset_minus_baseline,8,2,independent_MC,all,6320,0.01493554920999799,0.051405553,0.513132911392405
historical80,endpoint_log_sd,onset_minus_baseline,8,2,independent_MC,strong,4503,0.018082852389840698,0.044335596,0.5125471907617144
historical80,endpoint_log_sd,onset_minus_baseline,8,2,direct_N4096,all,6320,-0.000647174146317139,0.28262967,0.5055379746835443
historical80,endpoint_log_sd,onset_minus_baseline,8,2,direct_N4096,strong,4503,0.032840523889072694,0.27641305,0.5174328225627359
historical80,endpoint_log_sd,onset_minus_baseline,8,4,generator_0_vs_1,all,6320,0.02113387204643307,0.045261756,0.5015822784810127
historical80,endpoint_log_sd,onset_minus_baseline,8,4,generator_0_vs_1,strong,4503,0.019695141264848896,0.039113015,0.5021097046413502
historical80,endpoint_log_sd,onset_minus_baseline,8,4,generator_0_vs_2,all,6320,-0.013091286582331269,0.04771296,0.489873417721519
historical80,endpoint_log_sd,onset_minus_baseline,8,4,generator_0_vs_2,strong,4503,-0.024815932579447454,0.04117883,0.4870086608927382
historical80,endpoint_log_sd,onset_minus_baseline,8,4,generator_1_vs_2,all,6320,0.011232108805724231,0.046157718,0.5091772151898735
historical80,endpoint_log_sd,onset_minus_baseline,8,4,generator_1_vs_2,strong,4503,0.01241735241118592,0.039761577,0.5109926715522984
historical80,endpoint_log_sd,onset_minus_baseline,8,4,independent_MC,all,6320,-0.0013258950974040953,0.04681639,0.5034810126582279
historical80,endpoint_log_sd,onset_minus_baseline,8,4,independent_MC,strong,4503,0.004472025481719031,0.040613696,0.5072174106151455
historical80,endpoint_log_sd,onset_minus_baseline,8,4,direct_N4096,all,6320,-0.012140930442727878,0.28650805,0.5061708860759494
historical80,endpoint_log_sd,onset_minus_baseline,8,4,direct_N4096,strong,4503,0.027025815686387945,0.27626732,0.5185431934266045
historical80,endpoint_log_sd,onset_minus_baseline,8,8,generator_0_vs_1,all,6320,0.012657835265517682,0.03868205,0.5015822784810127
historical80,endpoint_log_sd,onset_minus_baseline,8,8,generator_0_vs_1,strong,4503,-3.2138480122037603e-06,0.033734016,0.4983344437041972
historical80,endpoint_log_sd,onset_minus_baseline,8,8,generator_0_vs_2,all,6320,-0.00319084985609567,0.04069137,0.49287974683544306
historical80,endpoint_log_sd,onset_minus_baseline,8,8,generator_0_vs_2,strong,4503,-0.0021305045840262584,0.035026774,0.48945147679324896
historical80,endpoint_log_sd,onset_minus_baseline,8,8,generator_1_vs_2,all,6320,0.007380187036836695,0.039517857,0.5011075949367089
historical80,endpoint_log_sd,onset_minus_baseline,8,8,generator_1_vs_2,strong,4503,0.0017460649365054262,0.034305166,0.5003331112591606
historical80,endpoint_log_sd,onset_minus_baseline,8,8,independent_MC,all,6320,0.008732482081116455,0.03946233,0.5050632911392405
historical80,endpoint_log_sd,onset_minus_baseline,8,8,independent_MC,strong,4503,0.022659306641228377,0.03421524,0.5132134132800356
historical80,endpoint_log_sd,onset_minus_baseline,8,8,direct_N4096,all,6320,0.00299847975289477,0.28710204,0.5123417721518987
historical80,endpoint_log_sd,onset_minus_baseline,8,8,direct_N4096,strong,4503,0.03995258620305127,0.28024992,0.5245391960914946
historical80,endpoint_log_sd,onset_minus_baseline,8,16,generator_0_vs_1,all,6320,-0.009998576015882969,0.031946335,0.504746835443038
historical80,endpoint_log_sd,onset_minus_baseline,8,16,generator_0_vs_1,strong,4503,-0.014339543879913338,0.027981797,0.504552520541861
historical80,endpoint_log_sd,onset_minus_baseline,8,16,generator_0_vs_2,all,6320,0.009131388827255235,0.033074997,0.5041139240506329
historical80,endpoint_log_sd,onset_minus_baseline,8,16,generator_0_vs_2,strong,4503,0.01582122809173417,0.028390862,0.5058849655785033
historical80,endpoint_log_sd,onset_minus_baseline,8,16,generator_1_vs_2,all,6320,0.019030242055056126,0.03184597,0.5129746835443038
historical80,endpoint_log_sd,onset_minus_baseline,8,16,generator_1_vs_2,strong,4503,0.02328874812095577,0.027518198,0.5167666000444149
historical80,endpoint_log_sd,onset_minus_baseline,8,16,independent_MC,all,6320,0.04967485165166742,0.031753693,0.522626582278481
historical80,endpoint_log_sd,onset_minus_baseline,8,16,independent_MC,strong,4503,0.05708274293606577,0.027553616,0.5216522318454364
historical80,endpoint_log_sd,onset_minus_baseline,8,16,direct_N4096,all,6320,-0.010920183295811313,0.28385895,0.5004746835443038
historical80,endpoint_log_sd,onset_minus_baseline,8,16,direct_N4096,strong,4503,-0.0016699378480590896,0.27884102,0.5021097046413502
historical80,endpoint_log_sd,onset_minus_baseline,8,32,generator_0_vs_1,all,6320,0.009655758307205097,0.024805736,0.5053797468354431
historical80,endpoint_log_sd,onset_minus_baseline,8,32,generator_0_vs_1,strong,4503,0.0032285704168010894,0.021790346,0.5052187430601821
historical80,endpoint_log_sd,onset_minus_baseline,8,32,generator_0_vs_2,all,6320,0.006293938040543297,0.026405253,0.5015822784810127
historical80,endpoint_log_sd,onset_minus_baseline,8,32,generator_0_vs_2,strong,4503,-0.00736257817888217,0.02270663,0.4945591827670442
historical80,endpoint_log_sd,onset_minus_baseline,8,32,generator_1_vs_2,all,6320,0.01370423097001272,0.025424514,0.5015822784810127
historical80,endpoint_log_sd,onset_minus_baseline,8,32,generator_1_vs_2,strong,4503,0.024491940320786967,0.021706361,0.5034421496779925
historical80,endpoint_log_sd,onset_minus_baseline,8,32,independent_MC,all,6320,0.039158233994600625,0.025153391,0.5121835443037974
historical80,endpoint_log_sd,onset_minus_baseline,8,32,independent_MC,strong,4503,0.06982006950801439,0.021592198,0.5198756384632467
historical80,endpoint_log_sd,onset_minus_baseline,8,32,direct_N4096,all,6320,-0.01928207008091862,0.28455955,0.49873417721518987
historical80,endpoint_log_sd,onset_minus_baseline,8,32,direct_N4096,strong,4503,-0.033112662851231205,0.27803105,0.49300466355762823
historical80,endpoint_log_sd,onset_minus_baseline,16,1,generator_0_vs_1,all,6320,-0.021795304359109095,0.0459495,0.4927215189873418
historical80,endpoint_log_sd,onset_minus_baseline,16,1,generator_0_vs_1,strong,4503,-0.0038387380057500757,0.03929731,0.4934488119031757
historical80,endpoint_log_sd,onset_minus_baseline,16,1,generator_0_vs_2,all,6320,-0.006896202476204534,0.045599494,0.4957278481012658
historical80,endpoint_log_sd,onset_minus_baseline,16,1,generator_0_vs_2,strong,4503,0.001387916048074084,0.039430767,0.4987785920497446
historical80,endpoint_log_sd,onset_minus_baseline,16,1,generator_1_vs_2,all,6320,0.027637777365995903,0.044464417,0.5118670886075949
historical80,endpoint_log_sd,onset_minus_baseline,16,1,generator_1_vs_2,strong,4503,0.027970884269707386,0.038754974,0.5172107483899623
historical80,endpoint_log_sd,onset_minus_baseline,16,1,independent_MC,all,6320,0.0002308404064626455,0.045517135,0.4930379746835443
historical80,endpoint_log_sd,onset_minus_baseline,16,1,independent_MC,strong,4503,0.0023294290803949447,0.039290387,0.4943371085942705
historical80,endpoint_log_sd,onset_minus_baseline,16,1,direct_N4096,all,6320,0.0052369857416584556,0.283959,0.5009493670886076
historical80,endpoint_log_sd,onset_minus_baseline,16,1,direct_N4096,strong,4503,-0.012129354422287696,0.24184304,0.49633577614923385
historical80,endpoint_log_sd,onset_minus_baseline,16,2,generator_0_vs_1,all,6320,-0.02082209810789771,0.04399024,0.4927215189873418
historical80,endpoint_log_sd,onset_minus_baseline,16,2,generator_0_vs_1,strong,4503,-0.0009593528195797563,0.03767485,0.4978902953586498
historical80,endpoint_log_sd,onset_minus_baseline,16,2,generator_0_vs_2,all,6320,-0.011904156278180186,0.043724842,0.4941455696202532
historical80,endpoint_log_sd,onset_minus_baseline,16,2,generator_0_vs_2,strong,4503,-0.010515609105349835,0.037907463,0.49300466355762823
historical80,endpoint_log_sd,onset_minus_baseline,16,2,generator_1_vs_2,all,6320,0.021910792849226396,0.042699628,0.5052215189873418
historical80,endpoint_log_sd,onset_minus_baseline,16,2,generator_1_vs_2,strong,4503,0.017493906396760163,0.037300915,0.5069953364423717
historical80,endpoint_log_sd,onset_minus_baseline,16,2,independent_MC,all,6320,0.0016135807326896896,0.04358348,0.5
historical80,endpoint_log_sd,onset_minus_baseline,16,2,independent_MC,strong,4503,0.00335875242059566,0.03769413,0.4998889629136131
historical80,endpoint_log_sd,onset_minus_baseline,16,2,direct_N4096,all,6320,-0.0004545700194127892,0.28688976,0.4985759493670886
historical80,endpoint_log_sd,onset_minus_baseline,16,2,direct_N4096,strong,4503,-0.013349607854968136,0.24364276,0.49633577614923385
historical80,endpoint_log_sd,onset_minus_baseline,16,4,generator_0_vs_1,all,6320,-0.009409629183543515,0.040390797,0.49794303797468353
historical80,endpoint_log_sd,onset_minus_baseline,16,4,generator_0_vs_1,strong,4503,0.021391335438318008,0.034465436,0.5076615589606929
historical80,endpoint_log_sd,onset_minus_baseline,16,4,generator_0_vs_2,all,6320,0.0009068041751126465,0.040447075,0.504746835443038
historical80,endpoint_log_sd,onset_minus_baseline,16,4,generator_0_vs_2,strong,4503,0.001380844899041495,0.035094023,0.5027759271596713
historical80,endpoint_log_sd,onset_minus_baseline,16,4,generator_1_vs_2,all,6320,0.02572601472777609,0.039443452,0.5112341772151898
historical80,endpoint_log_sd,onset_minus_baseline,16,4,generator_1_vs_2,strong,4503,0.017942100724133134,0.034720965,0.5078836331334666
historical80,endpoint_log_sd,onset_minus_baseline,16,4,independent_MC,all,6320,0.011242747971058419,0.04032713,0.5041139240506329
historical80,endpoint_log_sd,onset_minus_baseline,16,4,independent_MC,strong,4503,0.01540455086860944,0.034780543,0.5063291139240507
historical80,endpoint_log_sd,onset_minus_baseline,16,4,direct_N4096,all,6320,-0.0011188440589856613,0.2885493,0.49794303797468353
historical80,endpoint_log_sd,onset_minus_baseline,16,4,direct_N4096,strong,4503,-0.013694024619846321,0.24293607,0.4914501443482123
historical80,endpoint_log_sd,onset_minus_baseline,16,8,generator_0_vs_1,all,6320,-0.014973616353942152,0.036129422,0.49556962025316453
historical80,endpoint_log_sd,onset_minus_baseline,16,8,generator_0_vs_1,strong,4503,0.017347649107960175,0.030821444,0.5103264490339774
historical80,endpoint_log_sd,onset_minus_baseline,16,8,generator_0_vs_2,all,6320,0.005412226336359407,0.036081478,0.5037974683544304
historical80,endpoint_log_sd,onset_minus_baseline,16,8,generator_0_vs_2,strong,4503,0.006793427433487795,0.031310465,0.5021097046413502
historical80,endpoint_log_sd,onset_minus_baseline,16,8,generator_1_vs_2,all,6320,0.023244443767396695,0.035166297,0.5117088607594936
historical80,endpoint_log_sd,onset_minus_baseline,16,8,generator_1_vs_2,strong,4503,0.025361991956984135,0.03082466,0.5125471907617144
historical80,endpoint_log_sd,onset_minus_baseline,16,8,independent_MC,all,6320,0.00873230372332183,0.035915088,0.5034810126582279
historical80,endpoint_log_sd,onset_minus_baseline,16,8,independent_MC,strong,4503,0.01793712559554074,0.031157156,0.5052187430601821
historical80,endpoint_log_sd,onset_minus_baseline,16,8,direct_N4096,all,6320,0.002736294882153249,0.28622082,0.5015822784810127
historical80,endpoint_log_sd,onset_minus_baseline,16,8,direct_N4096,strong,4503,-0.015652904082441552,0.24090378,0.4996668887408394
historical80,endpoint_log_sd,onset_minus_baseline,16,16,generator_0_vs_1,all,6320,0.015297760106546059,0.030139431,0.5077531645569621
historical80,endpoint_log_sd,onset_minus_baseline,16,16,generator_0_vs_1,strong,4503,0.019606545763040814,0.026108015,0.5074394847879191
historical80,endpoint_log_sd,onset_minus_baseline,16,16,generator_0_vs_2,all,6320,-0.0005244506255054536,0.030812474,0.4990506329113924
historical80,endpoint_log_sd,onset_minus_baseline,16,16,generator_0_vs_2,strong,4503,-0.015316679055308867,0.027152963,0.49700199866755496
historical80,endpoint_log_sd,onset_minus_baseline,16,16,generator_1_vs_2,all,6320,0.02359701277277536,0.030404799,0.5030063291139241
historical80,endpoint_log_sd,onset_minus_baseline,16,16,generator_1_vs_2,strong,4503,0.03700057618815126,0.026281178,0.5063291139240507
historical80,endpoint_log_sd,onset_minus_baseline,16,16,independent_MC,all,6320,0.005683726496289953,0.030624853,0.4944620253164557
historical80,endpoint_log_sd,onset_minus_baseline,16,16,independent_MC,strong,4503,0.008990193286497966,0.027013857,0.4952254052853653
historical80,endpoint_log_sd,onset_minus_baseline,16,16,direct_N4096,all,6320,-0.02031020309443944,0.284554,0.4957278481012658
historical80,endpoint_log_sd,onset_minus_baseline,16,16,direct_N4096,strong,4503,-0.03698944304486649,0.24092129,0.48922940262047526
historical80,endpoint_log_sd,onset_minus_baseline,16,32,generator_0_vs_1,all,6320,0.01988825195343697,0.024555229,0.509493670886076
historical80,endpoint_log_sd,onset_minus_baseline,16,32,generator_0_vs_1,strong,4503,0.03845542284750222,0.021025721,0.5183211192538307
historical80,endpoint_log_sd,onset_minus_baseline,16,32,generator_0_vs_2,all,6320,0.031524343247448204,0.025126938,0.5082278481012659
historical80,endpoint_log_sd,onset_minus_baseline,16,32,generator_0_vs_2,strong,4503,0.02723795488863773,0.022004098,0.5009993337774816
historical80,endpoint_log_sd,onset_minus_baseline,16,32,generator_1_vs_2,all,6320,0.02592451004384171,0.024917105,0.5063291139240507
historical80,endpoint_log_sd,onset_minus_baseline,16,32,generator_1_vs_2,strong,4503,0.018351555133109498,0.021462783,0.5061070397512769
historical80,endpoint_log_sd,onset_minus_baseline,16,32,independent_MC,all,6320,-0.004204881621999493,0.025197523,0.5004746835443038
historical80,endpoint_log_sd,onset_minus_baseline,16,32,independent_MC,strong,4503,-0.0008748377113864635,0.022207273,0.49722407284032866
historical80,endpoint_log_sd,onset_minus_baseline,16,32,direct_N4096,all,6320,-0.014857233458497151,0.28510365,0.5009493670886076
historical80,endpoint_log_sd,onset_minus_baseline,16,32,direct_N4096,strong,4503,-0.02815074489361173,0.24163364,0.49677992449478126
historical80,endpoint_log_sd,active_minus_baseline,1,1,generator_0_vs_1,all,6320,0.025871780100636316,0.07707867,0.5022151898734177
historical80,endpoint_log_sd,active_minus_baseline,1,1,generator_0_vs_1,strong,4503,0.05100981143097461,0.06484342,0.510548523206751
historical80,endpoint_log_sd,active_minus_baseline,1,1,generator_0_vs_2,all,6320,0.03632702319816322,0.07777143,0.5169303797468354
historical80,endpoint_log_sd,active_minus_baseline,1,1,generator_0_vs_2,strong,4503,0.03797700673033921,0.06572425,0.5174328225627359
historical80,endpoint_log_sd,active_minus_baseline,1,1,generator_1_vs_2,all,6320,0.037605633313634694,0.077198386,0.5109177215189873
historical80,endpoint_log_sd,active_minus_baseline,1,1,generator_1_vs_2,strong,4503,0.04840304956974103,0.06359754,0.5081057073062403
historical80,endpoint_log_sd,active_minus_baseline,1,1,independent_MC,all,6320,0.04484328182349016,0.07691966,0.5245253164556962
historical80,endpoint_log_sd,active_minus_baseline,1,1,independent_MC,strong,4503,0.060247953996461746,0.06440721,0.5274261603375527
historical80,endpoint_log_sd,active_minus_baseline,1,1,direct_N4096,all,6320,0.09023004917529787,0.23568666,0.5292721518987342
historical80,endpoint_log_sd,active_minus_baseline,1,1,direct_N4096,strong,4503,0.10254123075894865,0.2166311,0.5298689762380635
historical80,endpoint_log_sd,active_minus_baseline,1,2,generator_0_vs_1,all,6320,0.013603154737492669,0.0687769,0.5030063291139241
historical80,endpoint_log_sd,active_minus_baseline,1,2,generator_0_vs_1,strong,4503,0.030869981119395665,0.05791897,0.5069953364423717
historical80,endpoint_log_sd,active_minus_baseline,1,2,generator_0_vs_2,all,6320,0.007514340046386058,0.069553494,0.5077531645569621
historical80,endpoint_log_sd,active_minus_baseline,1,2,generator_0_vs_2,strong,4503,0.01850053934373102,0.058460265,0.508327781479014
historical80,endpoint_log_sd,active_minus_baseline,1,2,generator_1_vs_2,all,6320,0.02083556509563359,0.06940425,0.5098101265822785
historical80,endpoint_log_sd,active_minus_baseline,1,2,generator_1_vs_2,strong,4503,0.032170188253532996,0.056850877,0.5101043748612036
historical80,endpoint_log_sd,active_minus_baseline,1,2,independent_MC,all,6320,0.027901232443768825,0.06833074,0.5085443037974684
historical80,endpoint_log_sd,active_minus_baseline,1,2,independent_MC,strong,4503,0.050774001475493484,0.057120465,0.5180990450810571
historical80,endpoint_log_sd,active_minus_baseline,1,2,direct_N4096,all,6320,0.07617816555145585,0.2367168,0.517879746835443
historical80,endpoint_log_sd,active_minus_baseline,1,2,direct_N4096,strong,4503,0.09179609082142183,0.21694219,0.521208083499889
historical80,endpoint_log_sd,active_minus_baseline,1,4,generator_0_vs_1,all,6320,0.004437247722387633,0.05845804,0.5037974683544304
historical80,endpoint_log_sd,active_minus_baseline,1,4,generator_0_vs_1,strong,4503,0.0264535059634835,0.04862419,0.512103042416167
historical80,endpoint_log_sd,active_minus_baseline,1,4,generator_0_vs_2,all,6320,-0.007658631563955862,0.05940629,0.5066455696202532
historical80,endpoint_log_sd,active_minus_baseline,1,4,generator_0_vs_2,strong,4503,-0.009393290245403321,0.04972762,0.5038862980235399
historical80,endpoint_log_sd,active_minus_baseline,1,4,generator_1_vs_2,all,6320,0.0302122807199656,0.05793934,0.510759493670886
historical80,endpoint_log_sd,active_minus_baseline,1,4,generator_1_vs_2,strong,4503,0.04225991906121378,0.04763205,0.5147679324894515
historical80,endpoint_log_sd,active_minus_baseline,1,4,independent_MC,all,6320,0.014962164308379695,0.058710862,0.5132911392405063
historical80,endpoint_log_sd,active_minus_baseline,1,4,independent_MC,strong,4503,0.041697167622841085,0.048133202,0.5185431934266045
historical80,endpoint_log_sd,active_minus_baseline,1,4,direct_N4096,all,6320,0.05416947563649522,0.2335521,0.5147151898734177
historical80,endpoint_log_sd,active_minus_baseline,1,4,direct_N4096,strong,4503,0.08796494979303085,0.21572739,0.5247612702642682
historical80,endpoint_log_sd,active_minus_baseline,1,8,generator_0_vs_1,all,6320,0.0003176346090601623,0.045799058,0.4995253164556962
historical80,endpoint_log_sd,active_minus_baseline,1,8,generator_0_vs_1,strong,4503,0.00036050479905339294,0.03834628,0.4994448145680657
historical80,endpoint_log_sd,active_minus_baseline,1,8,generator_0_vs_2,all,6320,-0.02291168962447782,0.046731282,0.4879746835443038
historical80,endpoint_log_sd,active_minus_baseline,1,8,generator_0_vs_2,strong,4503,-0.01957745520784619,0.038830247,0.4876748834110593
historical80,endpoint_log_sd,active_minus_baseline,1,8,generator_1_vs_2,all,6320,0.030842077048710934,0.045301534,0.5125
historical80,endpoint_log_sd,active_minus_baseline,1,8,generator_1_vs_2,strong,4503,0.03798534507175475,0.03734407,0.5134354874528092
historical80,endpoint_log_sd,active_minus_baseline,1,8,independent_MC,all,6320,0.0035802801153839983,0.046049614,0.4985759493670886
historical80,endpoint_log_sd,active_minus_baseline,1,8,independent_MC,strong,4503,0.01192321388206948,0.038011517,0.4985565178769709
historical80,endpoint_log_sd,active_minus_baseline,1,8,direct_N4096,all,6320,0.02751797714498502,0.23683536,0.5055379746835443
historical80,endpoint_log_sd,active_minus_baseline,1,8,direct_N4096,strong,4503,0.05238206545699623,0.21747468,0.5129913391072618
historical80,endpoint_log_sd,active_minus_baseline,1,16,generator_0_vs_1,all,6320,-0.0009207377366359486,0.03504317,0.49651898734177213
historical80,endpoint_log_sd,active_minus_baseline,1,16,generator_0_vs_1,strong,4503,0.0023889880423631567,0.02930945,0.49744614701310236
historical80,endpoint_log_sd,active_minus_baseline,1,16,generator_0_vs_2,all,6320,-0.011173689751894788,0.035926472,0.49541139240506327
historical80,endpoint_log_sd,active_minus_baseline,1,16,generator_0_vs_2,strong,4503,-0.011962399657334359,0.02988872,0.4943371085942705
historical80,endpoint_log_sd,active_minus_baseline,1,16,generator_1_vs_2,all,6320,0.0276563640676919,0.03474681,0.5128164556962025
historical80,endpoint_log_sd,active_minus_baseline,1,16,generator_1_vs_2,strong,4503,0.035425810440353415,0.029073458,0.5092160781701088
historical80,endpoint_log_sd,active_minus_baseline,1,16,independent_MC,all,6320,0.005579202823006732,0.03537181,0.507120253164557
historical80,endpoint_log_sd,active_minus_baseline,1,16,independent_MC,strong,4503,0.011577178561691296,0.028847726,0.5101043748612036
historical80,endpoint_log_sd,active_minus_baseline,1,16,direct_N4096,all,6320,-0.01567756713310069,0.23777372,0.49541139240506327
historical80,endpoint_log_sd,active_minus_baseline,1,16,direct_N4096,strong,4503,0.011369229820493439,0.22002965,0.5054408172329558
historical80,endpoint_log_sd,active_minus_baseline,1,32,generator_0_vs_1,all,6320,0.0015095501824064835,0.027050698,0.513132911392405
historical80,endpoint_log_sd,active_minus_baseline,1,32,generator_0_vs_1,strong,4503,0.027496651122795823,0.021920076,0.5216522318454364
historical80,endpoint_log_sd,active_minus_baseline,1,32,generator_0_vs_2,all,6320,-0.011908587302671038,0.027980026,0.4935126582278481
historical80,endpoint_log_sd,active_minus_baseline,1,32,generator_0_vs_2,strong,4503,-0.014109715896871355,0.023173869,0.49300466355762823
historical80,endpoint_log_sd,active_minus_baseline,1,32,generator_1_vs_2,all,6320,0.022800820713873817,0.02651189,0.5050632911392405
historical80,endpoint_log_sd,active_minus_baseline,1,32,generator_1_vs_2,strong,4503,0.021112414987208013,0.022113863,0.5063291139240507
historical80,endpoint_log_sd,active_minus_baseline,1,32,independent_MC,all,6320,0.001951822809717513,0.027268635,0.49936708860759493
historical80,endpoint_log_sd,active_minus_baseline,1,32,independent_MC,strong,4503,0.024795977518494175,0.022245174,0.5063291139240507
historical80,endpoint_log_sd,active_minus_baseline,1,32,direct_N4096,all,6320,-0.062323161610164775,0.24098583,0.4906645569620253
historical80,endpoint_log_sd,active_minus_baseline,1,32,direct_N4096,strong,4503,-0.02041918886468317,0.22172631,0.504552520541861
historical80,endpoint_log_sd,active_minus_baseline,4,1,generator_0_vs_1,all,6320,0.008518701304238041,0.06654496,0.5053797468354431
historical80,endpoint_log_sd,active_minus_baseline,4,1,generator_0_vs_1,strong,4503,0.017361086708187895,0.055837434,0.5085498556517877
historical80,endpoint_log_sd,active_minus_baseline,4,1,generator_0_vs_2,all,6320,-0.002420519485153888,0.06734127,0.49746835443037973
historical80,endpoint_log_sd,active_minus_baseline,4,1,generator_0_vs_2,strong,4503,0.0029160167977466222,0.056494866,0.4994448145680657
historical80,endpoint_log_sd,active_minus_baseline,4,1,generator_1_vs_2,all,6320,0.0035234294435730895,0.06718411,0.5060126582278481
historical80,endpoint_log_sd,active_minus_baseline,4,1,generator_1_vs_2,strong,4503,0.002107519144095126,0.05479083,0.5041083721963135
historical80,endpoint_log_sd,active_minus_baseline,4,1,independent_MC,all,6320,0.026450719816788957,0.066310175,0.5110759493670886
historical80,endpoint_log_sd,active_minus_baseline,4,1,independent_MC,strong,4503,0.03584573844131591,0.056006763,0.5101043748612036
historical80,endpoint_log_sd,active_minus_baseline,4,1,direct_N4096,all,6320,0.11277227963299118,0.26375893,0.5349683544303797
historical80,endpoint_log_sd,active_minus_baseline,4,1,direct_N4096,strong,4503,0.12732067445274492,0.26129505,0.5383077948034644
historical80,endpoint_log_sd,active_minus_baseline,4,2,generator_0_vs_1,all,6320,0.001691415554101016,0.06135049,0.5022151898734177
historical80,endpoint_log_sd,active_minus_baseline,4,2,generator_0_vs_1,strong,4503,0.02157740730254704,0.051038347,0.5101043748612036
historical80,endpoint_log_sd,active_minus_baseline,4,2,generator_0_vs_2,all,6320,-0.0014780928894473039,0.06189253,0.5001582278481013
historical80,endpoint_log_sd,active_minus_baseline,4,2,generator_0_vs_2,strong,4503,-0.004749203773294867,0.051905423,0.5001110370863868
historical80,endpoint_log_sd,active_minus_baseline,4,2,generator_1_vs_2,all,6320,-0.007617645850465818,0.06210368,0.4944620253164557
historical80,endpoint_log_sd,active_minus_baseline,4,2,generator_1_vs_2,strong,4503,-0.008671616954981094,0.050572034,0.4947812569398179
historical80,endpoint_log_sd,active_minus_baseline,4,2,independent_MC,all,6320,0.020432737133303045,0.060889475,0.5034810126582279
historical80,endpoint_log_sd,active_minus_baseline,4,2,independent_MC,strong,4503,0.02806816487574726,0.051397108,0.5003331112591606
historical80,endpoint_log_sd,active_minus_baseline,4,2,direct_N4096,all,6320,0.09958465825945136,0.26122415,0.5365506329113924
historical80,endpoint_log_sd,active_minus_baseline,4,2,direct_N4096,strong,4503,0.09761082794064332,0.26350754,0.5312014212747057
historical80,endpoint_log_sd,active_minus_baseline,4,4,generator_0_vs_1,all,6320,0.013985506409246725,0.052738093,0.5030063291139241
historical80,endpoint_log_sd,active_minus_baseline,4,4,generator_0_vs_1,strong,4503,0.013589267289613747,0.044385,0.5049966688874084
historical80,endpoint_log_sd,active_minus_baseline,4,4,generator_0_vs_2,all,6320,0.0005930161733048368,0.054275934,0.5044303797468355
historical80,endpoint_log_sd,active_minus_baseline,4,4,generator_0_vs_2,strong,4503,-0.008284293202772752,0.045400564,0.502998001332445
historical80,endpoint_log_sd,active_minus_baseline,4,4,generator_1_vs_2,all,6320,0.0013149453738322062,0.053697035,0.49541139240506327
historical80,endpoint_log_sd,active_minus_baseline,4,4,generator_1_vs_2,strong,4503,0.0018712777902695338,0.043956947,0.49566955363091275
historical80,endpoint_log_sd,active_minus_baseline,4,4,independent_MC,all,6320,0.016710264226724104,0.052789938,0.504746835443038
historical80,endpoint_log_sd,active_minus_baseline,4,4,independent_MC,strong,4503,0.022893211009474876,0.04483279,0.5103264490339774
historical80,endpoint_log_sd,active_minus_baseline,4,4,direct_N4096,all,6320,0.08348918558092187,0.26453668,0.527373417721519
historical80,endpoint_log_sd,active_minus_baseline,4,4,direct_N4096,strong,4503,0.0752764738708692,0.2664923,0.5189873417721519
historical80,endpoint_log_sd,active_minus_baseline,4,8,generator_0_vs_1,all,6320,0.004113245605349124,0.043826878,0.5045886075949367
historical80,endpoint_log_sd,active_minus_baseline,4,8,generator_0_vs_1,strong,4503,-0.009213034823125358,0.036598623,0.5018876304685765
historical80,endpoint_log_sd,active_minus_baseline,4,8,generator_0_vs_2,all,6320,-0.008092408270219323,0.04454322,0.5004746835443038
historical80,endpoint_log_sd,active_minus_baseline,4,8,generator_0_vs_2,strong,4503,-0.004637291182525339,0.036949962,0.5005551854319342
historical80,endpoint_log_sd,active_minus_baseline,4,8,generator_1_vs_2,all,6320,0.013452512017068163,0.04388179,0.49968354430379747
historical80,endpoint_log_sd,active_minus_baseline,4,8,generator_1_vs_2,strong,4503,0.01980539041854827,0.035541736,0.4981123695314235
historical80,endpoint_log_sd,active_minus_baseline,4,8,independent_MC,all,6320,0.011544959999377536,0.04395817,0.5031645569620253
historical80,endpoint_log_sd,active_minus_baseline,4,8,independent_MC,strong,4503,0.035333953580678604,0.03632055,0.5078836331334666
historical80,endpoint_log_sd,active_minus_baseline,4,8,direct_N4096,all,6320,0.07176014261772753,0.2624576,0.5338607594936708
historical80,endpoint_log_sd,active_minus_baseline,4,8,direct_N4096,strong,4503,0.05175691511023239,0.2617666,0.5185431934266045
historical80,endpoint_log_sd,active_minus_baseline,4,16,generator_0_vs_1,all,6320,0.02778375976818036,0.033893082,0.5066455696202532
historical80,endpoint_log_sd,active_minus_baseline,4,16,generator_0_vs_1,strong,4503,0.009081284534051335,0.028345162,0.5034421496779925
historical80,endpoint_log_sd,active_minus_baseline,4,16,generator_0_vs_2,all,6320,-0.019870447826596773,0.03558347,0.4901898734177215
historical80,endpoint_log_sd,active_minus_baseline,4,16,generator_0_vs_2,strong,4503,-0.026188311786183482,0.029733224,0.4883411059293804
historical80,endpoint_log_sd,active_minus_baseline,4,16,generator_1_vs_2,all,6320,0.010864761366852764,0.03485412,0.504746835443038
historical80,endpoint_log_sd,active_minus_baseline,4,16,generator_1_vs_2,strong,4503,0.015821660870149506,0.028644469,0.5061070397512769
historical80,endpoint_log_sd,active_minus_baseline,4,16,independent_MC,all,6320,0.016240583040405744,0.034519702,0.5060126582278481
historical80,endpoint_log_sd,active_minus_baseline,4,16,independent_MC,strong,4503,0.02815787294933399,0.028372627,0.5076615589606929
historical80,endpoint_log_sd,active_minus_baseline,4,16,direct_N4096,all,6320,0.05451080677550421,0.26417223,0.5188291139240506
historical80,endpoint_log_sd,active_minus_baseline,4,16,direct_N4096,strong,4503,0.018857817415805955,0.26725364,0.5056628914057295
historical80,endpoint_log_sd,active_minus_baseline,4,32,generator_0_vs_1,all,6320,0.02396906725861073,0.026451586,0.5017405063291139
historical80,endpoint_log_sd,active_minus_baseline,4,32,generator_0_vs_1,strong,4503,0.010776271313807238,0.021982314,0.4987785920497446
historical80,endpoint_log_sd,active_minus_baseline,4,32,generator_0_vs_2,all,6320,-0.02635345919704225,0.028005805,0.4833860759493671
historical80,endpoint_log_sd,active_minus_baseline,4,32,generator_0_vs_2,strong,4503,-0.033658076803290214,0.023343625,0.4843437708194537
historical80,endpoint_log_sd,active_minus_baseline,4,32,generator_1_vs_2,all,6320,0.016281785592855313,0.027175924,0.5053797468354431
historical80,endpoint_log_sd,active_minus_baseline,4,32,generator_1_vs_2,strong,4503,0.010545522704065134,0.022436336,0.5032200755052187
historical80,endpoint_log_sd,active_minus_baseline,4,32,independent_MC,all,6320,0.007337413891717904,0.027076548,0.49920886075949367
historical80,endpoint_log_sd,active_minus_baseline,4,32,independent_MC,strong,4503,0.019437815916140615,0.022089401,0.502998001332445
historical80,endpoint_log_sd,active_minus_baseline,4,32,direct_N4096,all,6320,0.03586607644906293,0.25901067,0.513132911392405
historical80,endpoint_log_sd,active_minus_baseline,4,32,direct_N4096,strong,4503,0.012257949741402678,0.25902393,0.5043304463690873
historical80,endpoint_log_sd,active_minus_baseline,8,1,generator_0_vs_1,all,6320,0.04298668061412604,0.05364068,0.517879746835443
historical80,endpoint_log_sd,active_minus_baseline,8,1,generator_0_vs_1,strong,4503,0.06079739400133239,0.0444898,0.5254274927825894
historical80,endpoint_log_sd,active_minus_baseline,8,1,generator_0_vs_2,all,6320,0.006380368325175477,0.05573642,0.497626582278481
historical80,endpoint_log_sd,active_minus_baseline,8,1,generator_0_vs_2,strong,4503,0.008633429675161897,0.04694623,0.49766822118587606
historical80,endpoint_log_sd,active_minus_baseline,8,1,generator_1_vs_2,all,6320,-0.013068710995234458,0.0557228,0.4971518987341772
historical80,endpoint_log_sd,active_minus_baseline,8,1,generator_1_vs_2,strong,4503,-0.01843236447238286,0.047221065,0.49655785032200755
historical80,endpoint_log_sd,active_minus_baseline,8,1,independent_MC,all,6320,0.004220468513866238,0.055121254,0.49936708860759493
historical80,endpoint_log_sd,active_minus_baseline,8,1,independent_MC,strong,4503,0.00466700028614333,0.046781097,0.49611370197646015
historical80,endpoint_log_sd,active_minus_baseline,8,1,direct_N4096,all,6320,0.059037406443700036,0.24525225,0.5205696202531646
historical80,endpoint_log_sd,active_minus_baseline,8,1,direct_N4096,strong,4503,0.06971571979230458,0.23739854,0.5214301576726627
historical80,endpoint_log_sd,active_minus_baseline,8,2,generator_0_vs_1,all,6320,0.04997889586802686,0.050022397,0.5189873417721519
historical80,endpoint_log_sd,active_minus_baseline,8,2,generator_0_vs_1,strong,4503,0.07067074986967825,0.04161502,0.5216522318454364
historical80,endpoint_log_sd,active_minus_baseline,8,2,generator_0_vs_2,all,6320,0.0055534848151988555,0.05201454,0.5039556962025317
historical80,endpoint_log_sd,active_minus_baseline,8,2,generator_0_vs_2,strong,4503,0.008069759976829974,0.04391414,0.5054408172329558
historical80,endpoint_log_sd,active_minus_baseline,8,2,generator_1_vs_2,all,6320,-0.009878216262985002,0.052407756,0.49984177215189873
historical80,endpoint_log_sd,active_minus_baseline,8,2,generator_1_vs_2,strong,4503,-0.004537173653301374,0.04410244,0.5018876304685765
historical80,endpoint_log_sd,active_minus_baseline,8,2,independent_MC,all,6320,0.002032111861503615,0.05179123,0.5009493670886076
historical80,endpoint_log_sd,active_minus_baseline,8,2,independent_MC,strong,4503,0.004377353120859827,0.04400597,0.4994448145680657
historical80,endpoint_log_sd,active_minus_baseline,8,2,direct_N4096,all,6320,0.05758366944077594,0.24167019,0.5264240506329114
historical80,endpoint_log_sd,active_minus_baseline,8,2,direct_N4096,strong,4503,0.0611806656838407,0.23415342,0.5245391960914946
historical80,endpoint_log_sd,active_minus_baseline,8,4,generator_0_vs_1,all,6320,0.04268059694940689,0.045418885,0.5151898734177215
historical80,endpoint_log_sd,active_minus_baseline,8,4,generator_0_vs_1,strong,4503,0.05493780271510287,0.037988693,0.5172107483899623
historical80,endpoint_log_sd,active_minus_baseline,8,4,generator_0_vs_2,all,6320,0.0041798263726590705,0.047521047,0.49477848101265826
historical80,endpoint_log_sd,active_minus_baseline,8,4,generator_0_vs_2,strong,4503,0.0003752905501274492,0.04004922,0.49589162780368645
historical80,endpoint_log_sd,active_minus_baseline,8,4,generator_1_vs_2,all,6320,-0.01915263158226725,0.047862828,0.49794303797468353
historical80,endpoint_log_sd,active_minus_baseline,8,4,generator_1_vs_2,strong,4503,-0.010380515909324263,0.040161286,0.4998889629136131
historical80,endpoint_log_sd,active_minus_baseline,8,4,independent_MC,all,6320,0.004521794028090872,0.04708488,0.5066455696202532
historical80,endpoint_log_sd,active_minus_baseline,8,4,independent_MC,strong,4503,-0.004969537670281645,0.03994727,0.5016655562958028
historical80,endpoint_log_sd,active_minus_baseline,8,4,direct_N4096,all,6320,0.0472059484896447,0.24130814,0.5212025316455696
historical80,endpoint_log_sd,active_minus_baseline,8,4,direct_N4096,strong,4503,0.05384769659065578,0.23479433,0.523428825227626
historical80,endpoint_log_sd,active_minus_baseline,8,8,generator_0_vs_1,all,6320,0.029285607370678014,0.039431635,0.5121835443037974
historical80,endpoint_log_sd,active_minus_baseline,8,8,generator_0_vs_1,strong,4503,0.03391010917209076,0.033059563,0.5132134132800356
historical80,endpoint_log_sd,active_minus_baseline,8,8,generator_0_vs_2,all,6320,-0.00614332503062418,0.041227475,0.49889240506329113
historical80,endpoint_log_sd,active_minus_baseline,8,8,generator_0_vs_2,strong,4503,-0.01625103932368051,0.034859426,0.4914501443482123
historical80,endpoint_log_sd,active_minus_baseline,8,8,generator_1_vs_2,all,6320,0.011164927838634466,0.04019845,0.5018987341772152
historical80,endpoint_log_sd,active_minus_baseline,8,8,generator_1_vs_2,strong,4503,0.011721688303133793,0.034149915,0.5025538529868976
historical80,endpoint_log_sd,active_minus_baseline,8,8,independent_MC,all,6320,0.014464739998608903,0.04009289,0.5126582278481012
historical80,endpoint_log_sd,active_minus_baseline,8,8,independent_MC,strong,4503,0.01339793911348303,0.0340619,0.5114368198978458
historical80,endpoint_log_sd,active_minus_baseline,8,8,direct_N4096,all,6320,0.022565627481223913,0.24332966,0.5096518987341773
historical80,endpoint_log_sd,active_minus_baseline,8,8,direct_N4096,strong,4503,0.02610363121577938,0.2384651,0.50988230068843
historical80,endpoint_log_sd,active_minus_baseline,8,16,generator_0_vs_1,all,6320,0.024767693677790126,0.03243332,0.5079113924050633
historical80,endpoint_log_sd,active_minus_baseline,8,16,generator_0_vs_1,strong,4503,0.03469091718708107,0.02726427,0.5141017099711304
historical80,endpoint_log_sd,active_minus_baseline,8,16,generator_0_vs_2,all,6320,-0.018771712051325176,0.034146458,0.49699367088607593
historical80,endpoint_log_sd,active_minus_baseline,8,16,generator_0_vs_2,strong,4503,-0.005711569493214303,0.028967429,0.5041083721963135
historical80,endpoint_log_sd,active_minus_baseline,8,16,generator_1_vs_2,all,6320,-0.004091815916947905,0.03328698,0.5039556962025317
historical80,endpoint_log_sd,active_minus_baseline,8,16,generator_1_vs_2,strong,4503,-0.0016767642851836663,0.028354043,0.512103042416167
historical80,endpoint_log_sd,active_minus_baseline,8,16,independent_MC,all,6320,0.024721143899691652,0.032344844,0.5037974683544304
historical80,endpoint_log_sd,active_minus_baseline,8,16,independent_MC,strong,4503,0.03313665710242986,0.027583074,0.5054408172329558
historical80,endpoint_log_sd,active_minus_baseline,8,16,direct_N4096,all,6320,0.013215504517809583,0.24519421,0.5074367088607595
historical80,endpoint_log_sd,active_minus_baseline,8,16,direct_N4096,strong,4503,0.03175222405918185,0.24079746,0.5116588940706196
historical80,endpoint_log_sd,active_minus_baseline,8,32,generator_0_vs_1,all,6320,0.019686574475865307,0.025637671,0.5113924050632911
historical80,endpoint_log_sd,active_minus_baseline,8,32,generator_0_vs_1,strong,4503,0.024934423740436782,0.021669442,0.5134354874528092
historical80,endpoint_log_sd,active_minus_baseline,8,32,generator_0_vs_2,all,6320,-0.020426832538767148,0.02753424,0.497626582278481
historical80,endpoint_log_sd,active_minus_baseline,8,32,generator_0_vs_2,strong,4503,-0.034635266387308634,0.023471259,0.48967355096602266
historical80,endpoint_log_sd,active_minus_baseline,8,32,generator_1_vs_2,all,6320,0.007822530161147206,0.026683645,0.5017405063291139
historical80,endpoint_log_sd,active_minus_baseline,8,32,generator_1_vs_2,strong,4503,0.005979667947893931,0.02255332,0.5018876304685765
historical80,endpoint_log_sd,active_minus_baseline,8,32,independent_MC,all,6320,0.016592805146199718,0.025505157,0.5033227848101266
historical80,endpoint_log_sd,active_minus_baseline,8,32,independent_MC,strong,4503,0.03875724094716067,0.021581933,0.50988230068843
historical80,endpoint_log_sd,active_minus_baseline,8,32,direct_N4096,all,6320,0.017211545578277507,0.2444013,0.5066455696202532
historical80,endpoint_log_sd,active_minus_baseline,8,32,direct_N4096,strong,4503,0.0323817372295927,0.2379554,0.5116588940706196
historical80,endpoint_log_sd,active_minus_baseline,16,1,generator_0_vs_1,all,6320,-0.002170658603313908,0.045355655,0.49636075949367087
historical80,endpoint_log_sd,active_minus_baseline,16,1,generator_0_vs_1,strong,4503,0.00428448771181876,0.03904024,0.4987785920497446
historical80,endpoint_log_sd,active_minus_baseline,16,1,generator_0_vs_2,all,6320,-0.005967304856150163,0.04575572,0.49794303797468353
historical80,endpoint_log_sd,active_minus_baseline,16,1,generator_0_vs_2,strong,4503,0.010992168854635661,0.03979746,0.5049966688874084
historical80,endpoint_log_sd,active_minus_baseline,16,1,generator_1_vs_2,all,6320,0.012485372413114324,0.045686126,0.5037974683544304
historical80,endpoint_log_sd,active_minus_baseline,16,1,generator_1_vs_2,strong,4503,0.018440919072967472,0.03951105,0.5043304463690873
historical80,endpoint_log_sd,active_minus_baseline,16,1,independent_MC,all,6320,-0.006035509813500199,0.04480784,0.49968354430379747
historical80,endpoint_log_sd,active_minus_baseline,16,1,independent_MC,strong,4503,0.011746642214730393,0.038529433,0.50988230068843
historical80,endpoint_log_sd,active_minus_baseline,16,1,direct_N4096,all,6320,0.01840928543252079,0.2458332,0.5162974683544304
historical80,endpoint_log_sd,active_minus_baseline,16,1,direct_N4096,strong,4503,0.01748978585244108,0.257635,0.5145458583166778
historical80,endpoint_log_sd,active_minus_baseline,16,2,generator_0_vs_1,all,6320,-0.004900545571168962,0.04366536,0.5006329113924051
historical80,endpoint_log_sd,active_minus_baseline,16,2,generator_0_vs_1,strong,4503,0.0013796409217110448,0.03749312,0.5052187430601821
historical80,endpoint_log_sd,active_minus_baseline,16,2,generator_0_vs_2,all,6320,-0.006486999186410538,0.04413952,0.5031645569620253
historical80,endpoint_log_sd,active_minus_baseline,16,2,generator_0_vs_2,strong,4503,0.01109299160640311,0.0382146,0.5016655562958028
historical80,endpoint_log_sd,active_minus_baseline,16,2,generator_1_vs_2,all,6320,0.006352055021588857,0.04373952,0.5056962025316456
historical80,endpoint_log_sd,active_minus_baseline,16,2,generator_1_vs_2,strong,4503,0.007020392733825198,0.03821712,0.5074394847879191
historical80,endpoint_log_sd,active_minus_baseline,16,2,independent_MC,all,6320,-0.011435731180656246,0.043566253,0.49825949367088607
historical80,endpoint_log_sd,active_minus_baseline,16,2,independent_MC,strong,4503,0.012314847100359256,0.03709088,0.5041083721963135
historical80,endpoint_log_sd,active_minus_baseline,16,2,direct_N4096,all,6320,0.010542269066514409,0.24604996,0.5042721518987342
historical80,endpoint_log_sd,active_minus_baseline,16,2,direct_N4096,strong,4503,0.012984324339222008,0.25714916,0.5047745947146347
historical80,endpoint_log_sd,active_minus_baseline,16,4,generator_0_vs_1,all,6320,-0.004285171101616872,0.0406982,0.49936708860759493
historical80,endpoint_log_sd,active_minus_baseline,16,4,generator_0_vs_1,strong,4503,-0.0014360295370858228,0.035211034,0.5014434821230291
historical80,endpoint_log_sd,active_minus_baseline,16,4,generator_0_vs_2,all,6320,-0.0038162774099678655,0.0411126,0.49651898734177213
historical80,endpoint_log_sd,active_minus_baseline,16,4,generator_0_vs_2,strong,4503,0.011242722898404276,0.035715334,0.5001110370863868
historical80,endpoint_log_sd,active_minus_baseline,16,4,generator_1_vs_2,all,6320,0.009948338094725022,0.04092409,0.5009493670886076
historical80,endpoint_log_sd,active_minus_baseline,16,4,generator_1_vs_2,strong,4503,0.017204574255642528,0.035750743,0.5034421496779925
historical80,endpoint_log_sd,active_minus_baseline,16,4,independent_MC,all,6320,-0.0005619084660362723,0.04036803,0.4966772151898734
historical80,endpoint_log_sd,active_minus_baseline,16,4,independent_MC,strong,4503,0.0157210953155915,0.034648735,0.5009993337774816
historical80,endpoint_log_sd,active_minus_baseline,16,4,direct_N4096,all,6320,0.004311676627883438,0.24650782,0.504746835443038
historical80,endpoint_log_sd,active_minus_baseline,16,4,direct_N4096,strong,4503,-0.0023194747467780016,0.25852266,0.5054408172329558
historical80,endpoint_log_sd,active_minus_baseline,16,8,generator_0_vs_1,all,6320,0.0010322544310600967,0.036166664,0.49984177215189873
historical80,endpoint_log_sd,active_minus_baseline,16,8,generator_0_vs_1,strong,4503,-0.0036464645609967515,0.031315714,0.49766822118587606
historical80,endpoint_log_sd,active_minus_baseline,16,8,generator_0_vs_2,all,6320,-0.013090139566675985,0.037546128,0.49477848101265826
historical80,endpoint_log_sd,active_minus_baseline,16,8,generator_0_vs_2,strong,4503,0.006782350934044244,0.032281805,0.5036642238507661
historical80,endpoint_log_sd,active_minus_baseline,16,8,generator_1_vs_2,all,6320,0.010853335799568318,0.036954425,0.4981012658227848
historical80,endpoint_log_sd,active_minus_baseline,16,8,generator_1_vs_2,strong,4503,0.015831401639476106,0.031997435,0.49566955363091275
historical80,endpoint_log_sd,active_minus_baseline,16,8,independent_MC,all,6320,0.00948009893717945,0.036136243,0.4966772151898734
historical80,endpoint_log_sd,active_minus_baseline,16,8,independent_MC,strong,4503,0.019109304176942312,0.031068683,0.4987785920497446
historical80,endpoint_log_sd,active_minus_baseline,16,8,direct_N4096,all,6320,0.01167756409354961,0.2445404,0.5053797468354431
historical80,endpoint_log_sd,active_minus_baseline,16,8,direct_N4096,strong,4503,0.003277984085678019,0.25701344,0.5012214079502554
historical80,endpoint_log_sd,active_minus_baseline,16,16,generator_0_vs_1,all,6320,0.01420124384870488,0.030254606,0.5091772151898735
historical80,endpoint_log_sd,active_minus_baseline,16,16,generator_0_vs_1,strong,4503,0.005365863850517334,0.026660929,0.5078836331334666
historical80,endpoint_log_sd,active_minus_baseline,16,16,generator_0_vs_2,all,6320,0.012501357663138481,0.03170863,0.5112341772151898
historical80,endpoint_log_sd,active_minus_baseline,16,16,generator_0_vs_2,strong,4503,0.01383130195472671,0.02773712,0.5087719298245614
historical80,endpoint_log_sd,active_minus_baseline,16,16,generator_1_vs_2,all,6320,-0.00978576803225622,0.03155295,0.49636075949367087
historical80,endpoint_log_sd,active_minus_baseline,16,16,generator_1_vs_2,strong,4503,0.012094421994555312,0.027395582,0.5025538529868976
historical80,endpoint_log_sd,active_minus_baseline,16,16,independent_MC,all,6320,0.0280276374289684,0.030807832,0.5036392405063291
historical80,endpoint_log_sd,active_minus_baseline,16,16,independent_MC,strong,4503,0.03023443879697433,0.02664186,0.5065511880968243
historical80,endpoint_log_sd,active_minus_baseline,16,16,direct_N4096,all,6320,0.010047027242556862,0.2424206,0.5175632911392405
historical80,endpoint_log_sd,active_minus_baseline,16,16,direct_N4096,strong,4503,-0.006073601178908529,0.2547995,0.5163224516988674
historical80,endpoint_log_sd,active_minus_baseline,16,32,generator_0_vs_1,all,6320,0.01444908531940353,0.024697205,0.5033227848101266
historical80,endpoint_log_sd,active_minus_baseline,16,32,generator_0_vs_1,strong,4503,0.015096589212102478,0.02158498,0.5058849655785033
historical80,endpoint_log_sd,active_minus_baseline,16,32,generator_0_vs_2,all,6320,0.0324180066324059,0.025580231,0.5112341772151898
historical80,endpoint_log_sd,active_minus_baseline,16,32,generator_0_vs_2,strong,4503,0.04356548048258175,0.022515513,0.5187652675993782
historical80,endpoint_log_sd,active_minus_baseline,16,32,generator_1_vs_2,all,6320,-0.0006139021356887681,0.025631404,0.49556962025316453
historical80,endpoint_log_sd,active_minus_baseline,16,32,generator_1_vs_2,strong,4503,0.0118829739523078,0.022215353,0.500777259604708
historical80,endpoint_log_sd,active_minus_baseline,16,32,independent_MC,all,6320,0.0414622146161089,0.024869826,0.5079113924050633
historical80,endpoint_log_sd,active_minus_baseline,16,32,independent_MC,strong,4503,0.028197691598348857,0.02178872,0.5018876304685765
historical80,endpoint_log_sd,active_minus_baseline,16,32,direct_N4096,all,6320,0.017058380744731934,0.24570346,0.5101265822784811
historical80,endpoint_log_sd,active_minus_baseline,16,32,direct_N4096,strong,4503,-0.015584558556222204,0.25741917,0.5023317788141239
