seed,method,worm,horizon,energy,variogram,rmse,mae,coverage90,sharpness90
1701,flow,0,1,1.34334228746593,0.03020376613130788,0.21495512430556116,0.14757352985907343,0.8953125,0.634179200977087
1701,flow,0,2,1.7325135059654713,0.04456958855735133,0.2766210862901062,0.1979955974966287,0.8806640625,0.8109651198610663
1701,flow,0,4,2.3377104960381985,0.06587780435802411,0.3707120690960437,0.26749380910769105,0.8552734375,1.020329974591732
1701,flow,0,8,3.2157841250300407,0.09728802426252509,0.5054829069413245,0.3699541362002492,0.8310546875,1.2965405229479074
1701,flow,0,16,4.144050739705563,0.13723371468950057,0.6555518647655845,0.49671242432668805,0.8267578125,1.6940043810755014
1701,flow,0,32,5.652793884277344,0.1954144251067191,0.8940941849723458,0.6840354287996888,0.822265625,2.32713857665658
1701,flow,1,1,1.266432337462902,0.028508707764558446,0.20300872507505113,0.13798757723998273,0.9169921875,0.647303425706923
1701,flow,1,2,1.5710039883852005,0.04051252271165135,0.250413820380345,0.1767629772657528,0.9138671875,0.8204847611486912
1701,flow,1,4,2.105663711205125,0.05923090706346552,0.3356884433887899,0.24033681699074802,0.89296875,1.0333008151501417
1701,flow,1,8,3.0193927846848965,0.0962721222895197,0.47865632688626647,0.34905994241125876,0.86328125,1.3234058618545532
1701,flow,1,16,4.023928191512823,0.13491762091871345,0.6383924800902605,0.48327064141631126,0.8333984375000001,1.7056448869407177
1701,flow,1,32,5.155695550143719,0.16826572490390387,0.821138703264296,0.6525910869240761,0.823046875,2.275648618116975
1701,flow,2,1,1.5286353956907988,0.0373701764910947,0.24296933203004298,0.15936622931621966,0.8851562500000001,0.6711696125566959
1701,flow,2,2,1.8613824006170034,0.04922875924967225,0.29580724029801786,0.20331045356579122,0.8865234375,0.8634772123768926
1701,flow,2,4,2.324168775230646,0.06671402923529964,0.3705821663606912,0.2676613898947835,0.878125,1.0976350735872984
1701,flow,2,8,3.066274516284466,0.09376668429467823,0.48872643522918224,0.3672214762773365,0.866796875,1.3980092089623213
1701,flow,2,16,4.129477869719267,0.12788509693928057,0.6575625264085829,0.5165351494215429,0.82734375,1.810087725520134
1701,flow,2,32,5.442270264029503,0.16206086566671726,0.8689093114808202,0.6847544852644205,0.823046875,2.4262646064162254
1701,flow,3,1,1.514748563989997,0.036193219624692526,0.24042309308424586,0.16498068114742634,0.87734375,0.6661844328045845
1701,flow,3,2,1.90231541544199,0.049465534859336864,0.30257539940066636,0.21585248992778358,0.8742187499999999,0.856213791295886
1701,flow,3,4,2.494998736307025,0.0691006366978399,0.39603870175778866,0.2897798023186624,0.86171875,1.084300560876727
1701,flow,3,8,3.5238708071410656,0.10799885255983095,0.5543398256413639,0.4142711462918669,0.823828125,1.3835978507995605
1701,flow,3,16,5.176698159426451,0.1666276076575741,0.8018184234388173,0.5932737314142287,0.7802734375,1.7841614056378603
1701,flow,3,32,6.59062746912241,0.21081100171431896,1.0294304816052318,0.7919994555413723,0.771875,2.3935019075870514
1701,flow,4,1,1.6302784588187933,0.038960640493314665,0.2560571948997676,0.17298871930688617,0.8654296875,0.6703957933932543
1701,flow,4,2,2.0270999055355787,0.053168131737038445,0.3188263992778957,0.22768355812877414,0.85625,0.8529641227796674
1701,flow,4,4,2.675792219117284,0.07838664512382816,0.4181974823586643,0.30426499946042895,0.8349609375,1.067218791693449
1701,flow,4,8,3.78606178984046,0.11911110836081201,0.5859550214372575,0.437856150791049,0.791796875,1.3502631317824125
1701,flow,4,16,4.952390506863594,0.16076008917298165,0.7663997635245323,0.5943775698542595,0.7451171875,1.6828158907592297
1701,flow,4,32,5.982720211148262,0.19144238065928215,0.9337077867239714,0.7445582700893283,0.744140625,2.1552872247993946
1701,flow,5,1,1.605330927297473,0.04003831124282438,0.2538719002623111,0.17495629808399824,0.8509765625,0.6449782084673643
1701,flow,5,2,2.042467087507248,0.05695875786477696,0.32195057068020105,0.22811453719623384,0.844140625,0.823327231220901
1701,flow,5,4,2.759547220543027,0.07713319285539906,0.42806382616981864,0.2998136542737484,0.8326171875,1.033921780064702
1701,flow,5,8,3.8331055119633675,0.11978566908510396,0.5923634748905897,0.42419794760644436,0.8017578125,1.311713645234704
1701,flow,5,16,5.015267949551344,0.15560553991235787,0.7748728799633682,0.5772954453714192,0.763671875,1.64182005263865
1701,flow,5,32,5.953334212303162,0.1892297549638897,0.9309262493625283,0.7229172587394714,0.7578125,2.112997155636549
1701,flow,6,1,1.3525434099137783,0.03162146365502845,0.21583547047339377,0.15287805034313345,0.8927734375,0.652265936601907
1701,flow,6,2,1.813232645392418,0.046095445984974455,0.28887103544548154,0.20718404580838976,0.880859375,0.8355269627645612
1701,flow,6,4,2.5562306959182024,0.06884811917552722,0.404150418471545,0.291075045010075,0.85625,1.0599937001243234
1701,flow,6,8,3.857607189565897,0.11793926684185857,0.5995749407447875,0.4268306205049157,0.80390625,1.359503224492073
1701,flow,6,16,5.088927775621414,0.16117569943889973,0.7933548716828227,0.5964490817859769,0.7693359375,1.7792567815631628
1701,flow,6,32,6.097960650920868,0.19824475329369304,0.9646336948499084,0.7581490315496922,0.797265625,2.409526815637946
1701,flow,7,1,1.5237417668104172,0.03581016173120583,0.24307633913122115,0.16956305690109727,0.8748046875,0.6671162880957127
1701,flow,7,2,2.0549226496368647,0.054586760874371934,0.32520991563796997,0.22942469804547724,0.8603515625,0.8511934764683247
1701,flow,7,4,2.939718445762992,0.08274792850716035,0.4539747415110469,0.31823731493204827,0.842578125,1.077510586939752
1701,flow,7,8,3.998708590865135,0.1206312124850228,0.6138207651674747,0.43227136973291636,0.8244140625,1.3799649942666292
1701,flow,7,16,5.2234105840325356,0.16383835847955194,0.8013966931030154,0.5834120488725603,0.7927734375,1.7491101082414389
1701,flow,7,32,6.191707253456116,0.1905090947402641,0.9707403937354684,0.7511671953834593,0.783203125,2.2896366491913795
1701,flow,8,1,1.2574363108724356,0.03161581783206197,0.20129248872399325,0.14039733761455858,0.896875,0.6347802174277604
1701,flow,8,2,1.6599428076297045,0.046069656120380345,0.2647712987381965,0.1888855120632797,0.8875,0.811300459317863
1701,flow,8,4,2.339438922703266,0.06685591232962902,0.3688675013836473,0.261213397141546,0.873828125,1.0213695587590337
1701,flow,8,8,3.360401965677738,0.10501646512420844,0.5247400077059865,0.37649169960059226,0.84140625,1.2975337374955416
1701,flow,8,16,4.4496105797588825,0.14291947882156814,0.6944644348695874,0.5158620811998844,0.809765625,1.639020623639226
1701,flow,8,32,5.5057609006762505,0.18228798173367972,0.8690471732988954,0.6688992064446211,0.7943359375,2.120582040399313
1701,flow,9,1,1.485597375780344,0.037489618393010404,0.23551088967360553,0.16680033900775013,0.85078125,0.6301697720773518
1701,flow,9,2,1.9029834419488907,0.05303471928345965,0.3004357845056802,0.2160966338124126,0.85390625,0.8150134552270174
1701,flow,9,4,2.8060699589550495,0.07861605292418966,0.4344235740136355,0.3035989571362734,0.8361328125,1.0382369896396995
1701,flow,9,8,3.8458068296313286,0.12454811902716752,0.5908227814361453,0.4175326144322753,0.8193359375,1.3380629867315292
1701,flow,9,16,4.618091009557247,0.15541733207646755,0.7212416362017393,0.5345911346375942,0.813671875,1.742343157529831
1701,flow,9,32,5.733173608779907,0.19891820964403448,0.905454152263701,0.6985552036203444,0.8119140625,2.362380113452673
1701,flow,10,1,1.3005587831139565,0.028468274293118104,0.20680663071107117,0.14283114974386985,0.8935546875,0.6061662188731134
1701,flow,10,2,1.6508105844259262,0.04300693914410654,0.2612486777361482,0.1869082830380648,0.885546875,0.7805396793410182
1701,flow,10,4,2.2784912940114737,0.06121436780085783,0.35882732551544905,0.2620539586059749,0.8685546875,0.992128349840641
1701,flow,10,8,3.1868766583502293,0.09698920429218556,0.5007521319203079,0.36944405385293067,0.8357421875,1.274161297827959
1701,flow,10,16,4.276369947940111,0.1340715618571266,0.6727322372607887,0.5127090937457979,0.814453125,1.655611900612712
1701,flow,10,32,5.508604638278484,0.17160538735333827,0.873481591232121,0.684764598030597,0.7962890625,2.1968307960778475
1701,flow,11,1,1.5283905621618032,0.036137178452918264,0.24207949265837667,0.16984004294499752,0.88515625,0.6992453914135695
1701,flow,11,2,2.081574024632573,0.05501133779762307,0.32776655070483685,0.2298925216309726,0.8697265625,0.8994613895192742
1701,flow,11,4,3.1700700260698795,0.0911257829284295,0.4867052116896957,0.3312196317128837,0.8419921875,1.1493340143933892
1701,flow,11,8,4.673046112060547,0.1456347576458938,0.705548879224807,0.4822332097683102,0.8056640625,1.4830671641975641
1701,flow,11,16,5.657067682594061,0.18392554344609377,0.868367847520858,0.6117934146896005,0.7984375,1.902947487309575
1701,flow,11,32,6.086738973855972,0.20015873597003517,0.9621771024540067,0.7247287267819047,0.8341796875,2.547422755509615
1701,flow,12,1,1.686629794538021,0.04319072174257594,0.26900474540889263,0.18755118816625324,0.8599609375,0.7072898056358099
1701,flow,12,2,2.1428796872496605,0.059598966676276136,0.3381251913961023,0.2426531857345253,0.8603515625,0.8942363411188126
1701,flow,12,4,2.9444316998124123,0.09048095194157209,0.4600666693877429,0.3308228603564203,0.8369140625,1.125820353627205
1701,flow,12,8,4.18096137419343,0.13242524873930958,0.6433248207904398,0.4665655493736267,0.7931640625,1.4303581714630127
1701,flow,12,16,5.291633944958448,0.17276190896518526,0.8190126498229802,0.6154151172377169,0.7865234375,1.8460911940783262
1701,flow,12,32,6.338453873991966,0.21330712107010183,1.0036277351900935,0.7770028952509165,0.796484375,2.511445365846157
1701,flow,13,1,1.7932068649679422,0.0458797673345543,0.28016490139998496,0.18882294057402757,0.83515625,0.6649562283419073
1701,flow,13,2,2.225309483706951,0.060746632923837696,0.3462442278396338,0.23942024353891608,0.8431640625,0.8495809612795711
1701,flow,13,4,2.954871078953147,0.08759822481079022,0.45470005623064935,0.3103626132942736,0.8482421875,1.083326794207096
1701,flow,13,8,3.882466834038496,0.12375672324560578,0.6013699299655855,0.42274114093743265,0.81796875,1.3706861156970263
1701,flow,13,16,4.712853107601404,0.16025183594319964,0.7370933592319489,0.5510321124456823,0.801171875,1.759132694453001
1701,flow,13,32,5.606103733181953,0.19078970048576588,0.8877778118476272,0.6928730681538582,0.811328125,2.3586924355477095
1701,flow,14,1,1.4221831634640694,0.0335503362875897,0.2273003910668194,0.16172558232210574,0.908203125,0.7480406034737825
1701,flow,14,2,1.917614035308361,0.05152491742046546,0.30599897191859776,0.22268223250284788,0.8998046875,0.959898573346436
1701,flow,14,4,2.7579662390053272,0.08050952380290251,0.4354208018630743,0.3159406080376357,0.8703125,1.220993086695671
1701,flow,14,8,4.316385313868523,0.134608011925593,0.6684774504974484,0.475603005848825,0.8263671875,1.5587785113602877
1701,flow,14,16,5.697275575250387,0.1894998429343104,0.8817320852540433,0.6417113109491765,0.8021484375000001,1.9983084723353386
1701,flow,14,32,5.938728079199791,0.20715612545609471,0.9438671171665192,0.7308730124495924,0.8466796875,2.641528930515051
1701,flow,15,1,1.5889555793255568,0.039000161195872296,0.25221525691449637,0.17434229562059042,0.8607421875,0.6513374648056924
1701,flow,15,2,1.9934090077877045,0.0543658253154717,0.31612306577153504,0.22356183757074174,0.856640625,0.83638162817806
1701,flow,15,4,2.6214288733899593,0.07450804527616124,0.4139413069933653,0.2944936444982886,0.8501953125,1.0579390143975616
1701,flow,15,8,3.6521478928625584,0.11708036047639322,0.570471010170877,0.4123332586605102,0.8162109375,1.3441360499709845
1701,flow,15,16,4.789167460054159,0.16567344602663064,0.7492655115202069,0.5706041655503213,0.7822265625,1.706823067739606
1701,flow,15,32,6.181138031184673,0.20606061792932448,0.970853173173964,0.7527478658594191,0.750390625,2.2322012465447187
1701,flow,16,1,1.2020716536790133,0.02793897571973498,0.18957195337861774,0.13550441677216435,0.920703125,0.653821375221014
1701,flow,16,2,1.7022822890430689,0.04400211421307171,0.2676069969311356,0.18956102535594252,0.91015625,0.8389789508655667
1701,flow,16,4,2.676210094243288,0.0774700837791897,0.4148051750380546,0.28350326558575034,0.873828125,1.076165915466845
1701,flow,16,8,4.093426503241062,0.1331691111554391,0.6244284869171679,0.4216327990870923,0.841015625,1.3926020618528128
1701,flow,16,16,5.082851007580757,0.17542446719016877,0.7835003989748657,0.5659650801680982,0.819140625,1.796962708234787
1701,flow,16,32,5.8528958186507225,0.21182060777209694,0.9233125196769834,0.7188689857721329,0.809765625,2.3561649918556213
1701,flow,17,1,1.4352292381227016,0.03560602673678655,0.22899185167625544,0.16246612719260153,0.8798828125,0.6652415776625276
1701,flow,17,2,1.9137466829270124,0.05231097550131376,0.3006341045256704,0.21200915332883594,0.884765625,0.8420220697298646
1701,flow,17,4,2.7547222319990396,0.07785457232967015,0.4233143685851246,0.29374077636748547,0.8611328125,1.065470320172608
1701,flow,17,8,3.757043182849884,0.11837521835695947,0.5761198094114661,0.4150619839783758,0.8142578125,1.350198494270444
1701,flow,17,16,4.503211617469788,0.1428938268218189,0.7078869012184441,0.5484596872702241,0.7826171875,1.716014325618744
1701,flow,17,32,5.976117134094238,0.18516951287165279,0.9415877424180508,0.7477264693006873,0.7552734375,2.253014914691448
1701,flow,18,1,1.8506417702883482,0.04712842139997515,0.29079263866879046,0.20603452378418294,0.8003906249999999,0.6618988029658794
1701,flow,18,2,2.3490956965833902,0.06305432179942723,0.36826022365130484,0.26388785825110966,0.8060546875000001,0.845940126106143
1701,flow,18,4,2.967714563012123,0.08893427386647086,0.4628138314001262,0.3410807754844427,0.803515625,1.0678726667538285
1701,flow,18,8,3.9729754477739334,0.12193709728308016,0.6143370401114225,0.4544245623983443,0.779296875,1.330445660278201
1701,flow,18,16,5.121759999543428,0.15427524759434158,0.7882449114695191,0.5842746244743466,0.75859375,1.661209499463439
1701,flow,18,32,6.092772305011749,0.18872929911594835,0.9489614488556981,0.7239030357450247,0.7673828125,2.134954670444131
1701,flow,19,1,1.535873405635357,0.03849136520875613,0.24499314115382725,0.17536779644433406,0.860546875,0.6878871498629451
1701,flow,19,2,1.9926713798195124,0.05439271414070386,0.3153640620876103,0.23166935553308574,0.8580078125,0.8701163334771991
1701,flow,19,4,2.771046554669738,0.08130074816290285,0.4335971982218325,0.3197274603880942,0.8328125,1.0979678127914667
1701,flow,19,8,3.882547341287136,0.12531505723018194,0.6038085278123617,0.45709785958752036,0.794921875,1.393329069018364
1701,flow,19,16,5.1046558283269405,0.1688572086859494,0.7974136993288994,0.6184027632698417,0.7611328125,1.7919666189700365
1701,flow,19,32,6.088762812316418,0.18295153544750062,0.9619980556890368,0.7649816144257784,0.762109375,2.349803062155843
1701,persistence_gaussian,0,1,1.4303351044654846,0.031986686430172946,0.22640991955995554,0.14921589766163373,0.894140625,0.6914886925369501
1701,persistence_gaussian,0,2,1.8604367449879646,0.048085708258440676,0.2926015742123127,0.19769976334646341,0.8986328125,0.9747825814411044
1701,persistence_gaussian,0,4,2.4856733046472073,0.07466430898057291,0.3824910849798471,0.2587999592069536,0.9099609375000001,1.3795176725834608
1701,persistence_gaussian,0,8,3.3407855331897736,0.12313557718880469,0.5056789242662489,0.3390126551967114,0.905859375,1.9568337984383106
1701,persistence_gaussian,0,16,4.328967310488224,0.1961088401731103,0.6325076697394252,0.4356545757036656,0.9142578125,2.762978807091713
1701,persistence_gaussian,0,32,5.920067399740219,0.34092549374327064,0.8633703175000846,0.6093761068768799,0.91015625,3.9219204485416412
1701,persistence_gaussian,1,1,1.3872308675199747,0.031387237715534824,0.2189638973213732,0.14002528239507225,0.91484375,0.6994717875495553
1701,persistence_gaussian,1,2,1.7658791318535805,0.04830545137519943,0.2737796329893172,0.18233472469728437,0.92265625,0.9888349799439311
1701,persistence_gaussian,1,4,2.369310539215803,0.07425916922511529,0.35966070904396474,0.2395161192398518,0.92578125,1.3988504875451326
1701,persistence_gaussian,1,8,3.314467817544937,0.12775657756719735,0.4977179781999439,0.3273041092325002,0.923828125,1.9836469292640686
1701,persistence_gaussian,1,16,4.350302740931511,0.20096931466832754,0.6419596765190363,0.4349537759553641,0.9220703125,2.7875280641019344
1701,persistence_gaussian,1,32,5.700162544846535,0.33206201903522015,0.8183077848516405,0.5860915593802929,0.921484375,3.957566451281309
1701,persistence_gaussian,2,1,1.638990132138133,0.039712203259114134,0.2600635611452162,0.16185743676032868,0.8919921875000001,0.6884860377758741
1701,persistence_gaussian,2,2,2.030894163995981,0.05457413790281857,0.3235777844674885,0.20867778826504943,0.9064453125,0.9715932672843337
1701,persistence_gaussian,2,4,2.4803660474717617,0.07535991090117018,0.39052399154752493,0.25916631426662207,0.9142578125,1.3760896567255259
1701,persistence_gaussian,2,8,3.170456826686859,0.11268941161688413,0.48288853047415614,0.3282403734046966,0.920703125,1.9507319796830416
1701,persistence_gaussian,2,16,3.987116686999798,0.17536802683025596,0.5836351253092289,0.4153473742771894,0.9220703125,2.758990716189146
1701,persistence_gaussian,2,32,5.210227698087692,0.2917218958027661,0.7400927799753845,0.5359810357913375,0.9259765625,3.9027955271303654
1701,persistence_gaussian,3,1,1.5888016168028116,0.03802735617500725,0.2530358999501914,0.16405368794221428,0.8720703125,0.6899386905133724
1701,persistence_gaussian,3,2,2.0182406157255173,0.05213521988480347,0.32092745578847826,0.21298232511617238,0.888671875,0.9796343743801117
1701,persistence_gaussian,3,4,2.558395680040121,0.0743071412434801,0.40035018138587475,0.2675656520295888,0.9033203125,1.384316261857748
1701,persistence_gaussian,3,8,3.5301943123340607,0.12472995754797007,0.5449267374351621,0.36037692287936807,0.9111328125,1.9563876297324896
1701,persistence_gaussian,3,16,5.189565196633339,0.20500460907351223,0.7923165950924158,0.499236453557387,0.9119140625,2.7748824134469032
1701,persistence_gaussian,3,32,6.492261588573456,0.33100490737706423,0.984161663800478,0.642690016888082,0.9109375,3.915062054991722
1701,persistence_gaussian,4,1,1.662088779732585,0.03904862844501617,0.2623427414800972,0.16915377916302526,0.8732421875,0.6907094186171889
1701,persistence_gaussian,4,2,2.023678421974182,0.052844945224933285,0.3182421752717346,0.21124840830452737,0.89375,0.9817618215456605
1701,persistence_gaussian,4,4,2.5964873917400837,0.07884634239599105,0.40055308025330305,0.27201577345840633,0.9001953125,1.3865715097635984
1701,persistence_gaussian,4,8,3.4310774207115173,0.1254050553543493,0.5207571350038052,0.3601736326236277,0.8982421875,1.9657511170953512
1701,persistence_gaussian,4,16,4.559453897178173,0.19702711119316516,0.6870841039344668,0.4895713343285024,0.89453125,2.779691956937313
1701,persistence_gaussian,4,32,5.959761559963226,0.33908659615553916,0.889067011885345,0.6677395575679839,0.8974609375,3.9185154251754284
1701,persistence_gaussian,5,1,1.7320722863078117,0.043664759636158075,0.27449581399559975,0.18049626948777583,0.841015625,0.6921274550259113
1701,persistence_gaussian,5,2,2.2231446653604507,0.06434258131776,0.34932356514036655,0.23542567389085883,0.859375,0.9749515494331717
1701,persistence_gaussian,5,4,2.98822283744812,0.09082810161635275,0.46396923065185547,0.30960224429145455,0.873828125,1.3858032897114754
1701,persistence_gaussian,5,8,4.16567800194025,0.15239064104389394,0.6412622288335115,0.43031208985485137,0.8591796875,1.9507600106298923
1701,persistence_gaussian,5,16,5.432712510228157,0.23202247871086,0.8382044984027743,0.589226724812761,0.8408203125,2.754034537822008
1701,persistence_gaussian,5,32,6.614459410309792,0.3679449316114187,1.013914991170168,0.7554349061101675,0.8435546875,3.907011955976486
1701,persistence_gaussian,6,1,1.403242165222764,0.033217344316653866,0.22212818381376562,0.15050504251848904,0.89453125,0.6902900412678719
1701,persistence_gaussian,6,2,1.8609734773635864,0.048529067396884736,0.2914930307306349,0.20147680421359834,0.8982421875,0.9787183469161391
1701,persistence_gaussian,6,4,2.5886295810341835,0.07329532661242406,0.4019866168964654,0.2676011889707297,0.9013671875,1.3812281899154186
1701,persistence_gaussian,6,8,3.8391311690211296,0.13020013045752415,0.5904340501874685,0.3837470605503768,0.8904296875,1.949991438537836
1701,persistence_gaussian,6,16,5.18194055557251,0.2044440952595323,0.7975857947021723,0.5399134801700711,0.868359375,2.7713983841240406
1701,persistence_gaussian,6,32,6.574198931455612,0.3366093900986016,0.9912384646013379,0.7207694705575705,0.8623046875,3.920205406844616
1701,persistence_gaussian,7,1,1.5859207678586245,0.03693472273880611,0.2505023025441915,0.1670908345840871,0.8615234375,0.677364100702107
1701,persistence_gaussian,7,2,2.1226386725902557,0.05748246930306772,0.3341056106146425,0.22535147727467117,0.877734375,0.9595318380743265
1701,persistence_gaussian,7,4,3.001252055168152,0.08879468229133632,0.4623324067797512,0.3016808186657727,0.8884765625,1.3538365308195353
1701,persistence_gaussian,7,8,4.0472066551446915,0.13646805798634884,0.6187751062680036,0.3970148244407028,0.889453125,1.9104268178343773
1701,persistence_gaussian,7,16,5.240079432725906,0.20440045301802454,0.7985656671226025,0.5204246696084738,0.8978515625,2.7103697173297405
1701,persistence_gaussian,7,32,6.38409498333931,0.31776393414475024,0.9604621836915612,0.6514161359518766,0.90703125,3.8134439028799534
1701,persistence_gaussian,8,1,1.3543949611485004,0.03452307448606002,0.21296245208941397,0.14343023486435408,0.8900390625,0.6914577689021826
1701,persistence_gaussian,8,2,1.8315291367471218,0.05365561385406177,0.2861152191180736,0.19397511985152957,0.899609375,0.9780828328803182
1701,persistence_gaussian,8,4,2.5895543918013573,0.08605886710574845,0.39697742997668684,0.26020599342882633,0.8974609375,1.382675712928176
1701,persistence_gaussian,8,8,3.668158821761608,0.147353243897669,0.561434778617695,0.3660446589346975,0.8953125,1.950957277789712
1701,persistence_gaussian,8,16,4.875853821635246,0.227864139014855,0.7474066079594195,0.49783374927937984,0.885546875,2.764187518507242
1701,persistence_gaussian,8,32,6.398511558771133,0.3481181631796062,0.9706250093877316,0.6822838801890612,0.8832031250000001,3.9170771837234497
1701,persistence_gaussian,9,1,1.5978479124605656,0.04027359426254402,0.2488039477029815,0.1687279987381771,0.855078125,0.685719070956111
1701,persistence_gaussian,9,2,2.0973177179694176,0.060351893480401445,0.32635946036316454,0.22108536201994863,0.86875,0.9771764185279608
1701,persistence_gaussian,9,4,2.9341664761304855,0.09283818351104851,0.44991187285631895,0.29877989483065903,0.8720703125,1.3859256748110056
1701,persistence_gaussian,9,8,3.969600811600685,0.15107143239583815,0.6012568303849548,0.39660200546495616,0.8771484374999999,1.9530707485973835
1701,persistence_gaussian,9,16,4.778651133179665,0.2189135705120861,0.7145639392547309,0.48554814187809825,0.89921875,2.7618226036429405
1701,persistence_gaussian,9,32,6.030523672699928,0.3544329581782222,0.8772955457679927,0.6338202126789838,0.8921875,3.901323799043894
1701,persistence_gaussian,10,1,1.3791677430272102,0.03082379154511723,0.2154902725014835,0.14156481297686693,0.90546875,0.7003839481621981
1701,persistence_gaussian,10,2,1.762007474899292,0.04847299651009958,0.27292773220688105,0.18625300913117823,0.9140625,0.9908848265185952
1701,persistence_gaussian,10,4,2.45079892128706,0.07279424922307949,0.37108444911427796,0.2533866760786623,0.9119140625,1.400491390377283
1701,persistence_gaussian,10,8,3.4454155266284943,0.12208496313542123,0.5184185623656958,0.34783479757606983,0.903125,1.9798244833946228
1701,persistence_gaussian,10,16,4.545784667134285,0.19435367896221575,0.6807834901846945,0.4654989263508469,0.9068359375,2.7923525385558605
1701,persistence_gaussian,10,32,5.944969654083252,0.31430905568413436,0.8778972271829844,0.6186575978063047,0.9052734375,3.961291965097189
1701,persistence_gaussian,11,1,1.5641399454325438,0.0374785499006975,0.2465551469940692,0.16785902052652088,0.8681640625,0.6889907289296389
1701,persistence_gaussian,11,2,2.1249160282313824,0.058123038557823706,0.33492318727076054,0.22935670916922388,0.8703125,0.9754150211811066
1701,persistence_gaussian,11,4,3.1907560229301453,0.09759649657644327,0.4923066545743495,0.3233970205765217,0.8681640625,1.377719957381487
1701,persistence_gaussian,11,8,4.6500143483281136,0.1623641228070482,0.7086616086307913,0.464177310699597,0.853515625,1.9501437172293663
1701,persistence_gaussian,11,16,5.733112655580044,0.23564188904128966,0.880278505384922,0.5924514525104314,0.8677734374999999,2.7578376084566116
1701,persistence_gaussian,11,32,6.694313004612923,0.35149135952815413,1.0307364840991795,0.7268654792569578,0.8755859375,3.8945119492709637
1701,persistence_gaussian,12,1,1.7548803240060806,0.04403592567541632,0.2766719611827284,0.1856493462109938,0.8361328125,0.6922254702076316
1701,persistence_gaussian,12,2,2.190842632204294,0.06027264759177338,0.3438406775239855,0.23338908399455247,0.8654296875,0.9804602963849902
1701,persistence_gaussian,12,4,2.979637563228607,0.09737353073433037,0.4614667047280818,0.31331227580085397,0.871484375,1.3817862309515476
1701,persistence_gaussian,12,8,4.146220713853836,0.14950174931436774,0.6361651220358908,0.42320421850308776,0.876171875,1.9582465589046478
1701,persistence_gaussian,12,16,5.17390600591898,0.22384903137572107,0.7837042259052396,0.5409033824689686,0.8828125,2.765580553561449
1701,persistence_gaussian,12,32,6.345335945487022,0.34895698400214314,0.9530819673091173,0.6778570036403835,0.89140625,3.9044420532882214
1701,persistence_gaussian,13,1,1.8342203181236982,0.04684125052881422,0.28783808951266104,0.18662200786639002,0.8369140625,0.6862783320248127
1701,persistence_gaussian,13,2,2.279896028339863,0.06322884984547268,0.35629786760546267,0.23450321541167793,0.860546875,0.9717491930350661
1701,persistence_gaussian,13,4,2.957454741001129,0.09192220825934778,0.45527067547664046,0.291563585633412,0.8939453125,1.3718924578279257
1701,persistence_gaussian,13,8,3.8668922632932663,0.1378888506442308,0.5936878356151283,0.3803692345973104,0.9,1.9453921169042587
1701,persistence_gaussian,13,16,4.718329660594463,0.2097234362736344,0.717216370627284,0.47929099248722196,0.913671875,2.751845385879278
1701,persistence_gaussian,13,32,5.822621434926987,0.33387607359327376,0.861798538826406,0.6154722818173468,0.9205078125,3.8962817825376987
1701,persistence_gaussian,14,1,1.4486971497535706,0.03407789624179709,0.23065908323042092,0.16022667917422945,0.868359375,0.6753510907292366
1701,persistence_gaussian,14,2,1.9636103101074696,0.052964836184401023,0.3113747169263661,0.2175992333795875,0.8740234375,0.957641975954175
1701,persistence_gaussian,14,4,2.791667189449072,0.08502616599434983,0.43562019360251725,0.30336745153181255,0.869921875,1.3503410816192627
1701,persistence_gaussian,14,8,4.3546174466609955,0.15204124571755523,0.6720406939275563,0.44888386758975685,0.8486328125,1.9181662928313017
1701,persistence_gaussian,14,16,5.927913844585419,0.23929832782596347,0.9115039501339197,0.6145341047085822,0.8443359375,2.7052270881831646
1701,persistence_gaussian,14,32,6.904233336448669,0.3487879182212054,1.0650230469182134,0.7667425330728292,0.8478515625,3.8245315439999104
1701,persistence_gaussian,15,1,1.62587776966393,0.04017662411206397,0.256687059532851,0.1734378897817805,0.856640625,0.6762908864766359
1701,persistence_gaussian,15,2,2.0441943407058716,0.057474129425827365,0.32211109390482306,0.22203913680277762,0.86875,0.9587125359103084
1701,persistence_gaussian,15,4,2.7475759088993073,0.0851144040934741,0.42726179445162416,0.2928799851797521,0.878125,1.3527796287089586
1701,persistence_gaussian,15,8,3.840868316590786,0.14438562863506374,0.5964761103969067,0.40459319297224283,0.865234375,1.9119433034211397
1701,persistence_gaussian,15,16,5.059349454939365,0.22864872915670273,0.7839122861623764,0.5521547759417444,0.8552734375,2.7050533778965473
1701,persistence_gaussian,15,32,6.485623061656952,0.3417797703295946,1.0094533385708928,0.7290242863819003,0.86015625,3.8162710778415203
1701,persistence_gaussian,16,1,1.2197411619126797,0.028756654937751543,0.1888576248893514,0.12978202535305167,0.9076171875,0.6779863256961107
1701,persistence_gaussian,16,2,1.7677431292831898,0.0479302029125392,0.26989859016612167,0.1822403422556817,0.905078125,0.9562258115038276
1701,persistence_gaussian,16,4,2.7801835611462593,0.08891077269800003,0.4185405096504837,0.2693203666713089,0.8892578125,1.3483300656080246
1701,persistence_gaussian,16,8,4.348644375801086,0.1646931455470621,0.6567191272042692,0.4087033432442695,0.8650390625,1.9094997178763151
1701,persistence_gaussian,16,16,5.478145107626915,0.23727416968904433,0.8337890533730388,0.5509055850561708,0.861328125,2.703665416687727
1701,persistence_gaussian,16,32,6.418350994586945,0.3500097715295851,0.9686551219783723,0.6808426044881344,0.8705078125,3.8128921426832676
1701,persistence_gaussian,17,1,1.4435837361961603,0.036093521019211,0.22756170015782115,0.15435059228911993,0.8859375,0.6994239967316389
1701,persistence_gaussian,17,2,1.921316534280777,0.053723071294371,0.294950864976272,0.19599234848283226,0.9078125,0.9833660479635
1701,persistence_gaussian,17,4,2.780489210039377,0.08660245750797908,0.4130419825669378,0.26347329746931786,0.9177734375,1.392440089955926
1701,persistence_gaussian,17,8,3.75310917198658,0.14549618517048654,0.5552991866134107,0.36225429992191494,0.9083984374999999,1.9745815470814705
1701,persistence_gaussian,17,16,4.614709109067917,0.2171110368799418,0.6776976538822055,0.4745670009870082,0.90390625,2.79440950229764
1701,persistence_gaussian,17,32,6.246125862002373,0.3537346916273236,0.909509654622525,0.6704855649732053,0.8935546875,3.967011246830225
1701,persistence_gaussian,18,1,1.9507437832653522,0.04922736363369036,0.30611894745379686,0.20969458413310346,0.78828125,0.6932162195444107
1701,persistence_gaussian,18,2,2.469737261533737,0.0669469489366747,0.3900325922295451,0.2690491473767906,0.81953125,0.9781619040295482
1701,persistence_gaussian,18,4,3.194079887121916,0.09984633349813517,0.49886358832009137,0.34874532045796514,0.832421875,1.3876150958240032
1701,persistence_gaussian,18,8,4.273273944854736,0.15224523795768616,0.6620263895019889,0.45734689198434353,0.84375,1.955098858103156
1701,persistence_gaussian,18,16,5.449721872806549,0.21846003690734503,0.8390721152536571,0.5775490147061646,0.855078125,2.775215309113264
1701,persistence_gaussian,18,32,6.7672717571258545,0.3390440633520484,1.0388187542557716,0.7449221075512469,0.863671875,3.9087286815047264
1701,persistence_gaussian,19,1,1.5554230213165283,0.038532318401848856,0.24605892179533836,0.1683861777419224,0.8544921875,0.6982955811545253
1701,persistence_gaussian,19,2,2.025558013468981,0.05586544255493204,0.3186861705034971,0.22001441079191858,0.8720703125,0.9882376259192824
1701,persistence_gaussian,19,4,2.8152245096862316,0.0875642015598714,0.43517747637815773,0.2967448749113828,0.8771484374999999,1.4019655659794807
1701,persistence_gaussian,19,8,3.9787693172693253,0.14483733585802835,0.6071968888863921,0.41953273047693074,0.8638671875,1.9801774080842733
1701,persistence_gaussian,19,16,5.209991708397865,0.22154414677061138,0.7920517502352595,0.5714129735715687,0.8572265625,2.791357424110174
1701,persistence_gaussian,19,32,6.367249429225922,0.33371741767041385,0.9557361649349332,0.7110349694266915,0.880859375,3.947478249669075
1701,ridge_gaussian,0,1,1.3359546270221472,0.029275369131937574,0.21154646913055328,0.14646245946642006,0.87421875,0.5956448800861835
1701,ridge_gaussian,0,2,1.6720309648662806,0.04120568031794386,0.2645583404228091,0.1890602041967213,0.84453125,0.7025042157620192
1701,ridge_gaussian,0,4,2.216130478307605,0.05951938801445063,0.34761313302442426,0.2511803058441728,0.8240234375000001,0.8506044503301382
1701,ridge_gaussian,0,8,3.0236311964690685,0.09055868035648014,0.47000199975445867,0.3456855099648237,0.794921875,1.0848753973841667
1701,ridge_gaussian,0,16,3.8303652703762054,0.1210106826620176,0.5949814426712692,0.44760874612256885,0.7876953125,1.3685067854821682
1701,ridge_gaussian,0,32,4.729338772594929,0.14987538778223092,0.7360605429857969,0.5483708437532187,0.7849609375,1.6726521756500006
1701,ridge_gaussian,1,1,1.2763395179063082,0.028343262834823642,0.20198151073418555,0.13717495987657455,0.89921875,0.6007960746064782
1701,ridge_gaussian,1,2,1.5258683916181326,0.03874848919804204,0.24068648670800027,0.17040968989022073,0.884765625,0.7095305128023028
1701,ridge_gaussian,1,4,1.9951394256204367,0.05526983004529025,0.3139395567122847,0.22344631538726384,0.8603515625,0.8569300100207329
1701,ridge_gaussian,1,8,2.8191627971827984,0.0847853840095922,0.4390195768792182,0.31172987120226026,0.833984375,1.0914650540798903
1701,ridge_gaussian,1,16,3.700639061629772,0.11880124476738269,0.5747471582144499,0.419023715890944,0.8126953125,1.3782514985650778
1701,ridge_gaussian,1,32,4.2712869718670845,0.13325016270391637,0.6712704272940755,0.5160489669069648,0.7994140625,1.7047499418258667
1701,ridge_gaussian,2,1,1.567335568368435,0.03807967581087719,0.2466194729786366,0.1624787329928949,0.8564453125,0.5920427348464727
1701,ridge_gaussian,2,2,1.8974054604768753,0.04957565790391523,0.29793684207834303,0.2055967380292713,0.8294921875000001,0.7004037415608764
1701,ridge_gaussian,2,4,2.311062380671501,0.06506536336382847,0.3629301134496927,0.2619864658918232,0.81640625,0.8519703950732946
1701,ridge_gaussian,2,8,3.0663987696170807,0.08971765113528814,0.4791660695336759,0.3535416244994849,0.79453125,1.095823761075735
1701,ridge_gaussian,2,16,3.9695736952126026,0.12192281382158394,0.6212888350710273,0.47714312095195055,0.7638671875,1.4044142365455627
1701,ridge_gaussian,2,32,4.898362781852484,0.1398476755712181,0.7651288630440831,0.6068677301518619,0.7345703125,1.7166957650333643
1701,ridge_gaussian,3,1,1.5105633921921253,0.03583225590409707,0.23950034892186522,0.16467385645955795,0.8349609375,0.5941736958920956
1701,ridge_gaussian,3,2,1.8523696400225163,0.0466064893698785,0.2921812271233648,0.20808931184001264,0.8197265625,0.705691616050899
1701,ridge_gaussian,3,4,2.4139392394572496,0.06485161907039579,0.37735336390323937,0.2722392897121608,0.7958984375,0.8529733493924141
1701,ridge_gaussian,3,8,3.3439581021666527,0.09874940494773905,0.5157532608136535,0.3712890506722033,0.77109375,1.0854642484337091
1701,ridge_gaussian,3,16,4.656933270394802,0.1469885831465944,0.7052856301888824,0.4989902558736503,0.7478515625,1.3718129843473434
1701,ridge_gaussian,3,32,5.331841118633747,0.16267181932926175,0.8173259673640132,0.5960163064301014,0.753515625,1.6695426721125841
1701,ridge_gaussian,4,1,1.5937686264514923,0.03730104878195556,0.2502078546676785,0.17058185057248917,0.83046875,0.59540528152138
1701,ridge_gaussian,4,2,1.9551448617130518,0.04998160179820839,0.304889811668545,0.21484504477120933,0.809375,0.7046886906027794
1701,ridge_gaussian,4,4,2.563820706680417,0.07075713673839341,0.39405891043134034,0.2805446560960263,0.7873046875,0.852305643260479
1701,ridge_gaussian,4,8,3.552741389721632,0.10505854361690577,0.5400498809758574,0.3923592569772154,0.74375,1.07225670106709
1701,ridge_gaussian,4,16,4.642310466617346,0.14709583914373064,0.7071646046824753,0.5374710750766098,0.701953125,1.3568332642316818
1701,ridge_gaussian,4,32,5.3509539514780045,0.16027350409422067,0.8213687017560005,0.652475658338517,0.6927734375,1.6483147628605366
1701,ridge_gaussian,5,1,1.6202689073979855,0.0403847810812294,0.2554070954211056,0.17516777827404434,0.8099609375,0.5961982505396008
1701,ridge_gaussian,5,2,2.014265136793256,0.0553227952914312,0.3136248807422817,0.22051880764774975,0.797265625,0.7030411940068007
1701,ridge_gaussian,5,4,2.6750155724585056,0.07392605056520547,0.4099988415837288,0.28445501788519323,0.7875,0.8548902180045843
1701,ridge_gaussian,5,8,3.663878660649061,0.11354416760150338,0.5557324970141053,0.3921941793523729,0.753125,1.0737295001745224
1701,ridge_gaussian,5,16,4.6743292063474655,0.14448992395773527,0.709527850151062,0.5142882731743157,0.731640625,1.3525712955743074
1701,ridge_gaussian,5,32,5.008438240736723,0.14718715555500234,0.7742975149303675,0.5949997981078923,0.7318359375,1.6415553838014603
1701,ridge_gaussian,6,1,1.3788208477199078,0.03195051623333706,0.21773625980131325,0.15283970849122847,0.8607421875,0.5948257632553577
1701,ridge_gaussian,6,2,1.7964141797274351,0.044307111820671666,0.28138788230717177,0.20075106411240992,0.8310546875,0.7053957432508469
1701,ridge_gaussian,6,4,2.495898298919201,0.06547362415585663,0.3844296720344573,0.2695685580838471,0.8029296875,0.8477911483496428
1701,ridge_gaussian,6,8,3.7097472362220287,0.1090890617924742,0.5596361360512674,0.38743412331677973,0.7634765625,1.0754085909575224
1701,ridge_gaussian,6,16,4.8276650570333,0.14601520088035608,0.7277868860401213,0.5292459726333618,0.727734375,1.36528361402452
1701,ridge_gaussian,6,32,5.136734876781702,0.15697213320527223,0.7918042149394751,0.6134279584512115,0.7326171875,1.6678952816873789
1701,ridge_gaussian,7,1,1.5575037896633148,0.036115794209763366,0.24429863505065438,0.17040381126571444,0.823046875,0.5824752869084477
1701,ridge_gaussian,7,2,2.0573200173676014,0.05465828225715081,0.3183200878556818,0.22623728658072648,0.7908203125,0.6899926457554102
1701,ridge_gaussian,7,4,2.853773018345237,0.07812515861587595,0.42926966748200357,0.29643867956474423,0.7791015625,0.837578609585762
1701,ridge_gaussian,7,8,3.7854728139936924,0.11016483436105767,0.5673493235372007,0.3888299814425409,0.7734375,1.0763469189405441
1701,ridge_gaussian,7,16,4.92891413718462,0.1485404907725751,0.7375060208141804,0.5174331571906805,0.7564453125,1.3799658007919788
1701,ridge_gaussian,7,32,5.390695262700319,0.16119875560980287,0.8216491839848459,0.6120719546452165,0.7525390625,1.7021762318909168
1701,ridge_gaussian,8,1,1.2896111272275448,0.032498059037607115,0.20373241649940604,0.14223191502969706,0.86796875,0.5954845054075122
1701,ridge_gaussian,8,2,1.6398302633315325,0.04406555666355411,0.25892656692303717,0.18319349223747847,0.850390625,0.7032937193289399
1701,ridge_gaussian,8,4,2.2012868989259005,0.06159672094509001,0.3435242229606956,0.24332914268597958,0.8224609375,0.8506945371627808
1701,ridge_gaussian,8,8,3.056032497435808,0.09272395382868122,0.47457531513646245,0.3425507112406194,0.7990234375,1.0761280842125416
1701,ridge_gaussian,8,16,4.029084235429764,0.12695270730182523,0.6250436846166849,0.46252594143152237,0.76640625,1.357226885855198
1701,ridge_gaussian,8,32,4.644278187304735,0.1421402056002989,0.7251222617924213,0.5532966535538435,0.7748046875,1.6515642628073692
1701,ridge_gaussian,9,1,1.521762041375041,0.03799916192656378,0.23641894338652486,0.16863953799474982,0.8115234375,0.5894739916548133
1701,ridge_gaussian,9,2,1.9306670352816582,0.05368692398769776,0.2975486330687999,0.21507186384405938,0.7998046875,0.7045518588274717
1701,ridge_gaussian,9,4,2.769999461248517,0.07798795768758278,0.4177184589207172,0.2945934401359409,0.77421875,0.8600866328924894
1701,ridge_gaussian,9,8,3.6514629535377026,0.11507874733069909,0.5484925115015358,0.3854971774853766,0.7662109375,1.0962226334959269
1701,ridge_gaussian,9,16,4.080537535250187,0.13261676521506155,0.6260349196381867,0.455964163178578,0.7931640625,1.4068372640758753
1701,ridge_gaussian,9,32,4.66000048071146,0.1450617887312546,0.7204445428214967,0.5479008676484227,0.79609375,1.7205028031021357
1701,ridge_gaussian,10,1,1.296016614884138,0.028603706188732713,0.20430201827548441,0.14323300775140518,0.8744140625,0.6016396777704358
1701,ridge_gaussian,10,2,1.5884554348886013,0.0413530179066583,0.2507115497719496,0.18147331441286946,0.8564453125,0.7076396523043513
1701,ridge_gaussian,10,4,2.174428790807724,0.05792771236156109,0.34011095436289907,0.24592004762962455,0.835546875,0.8577471682801843
1701,ridge_gaussian,10,8,3.021870143711567,0.09097881952766325,0.46854766202159226,0.34438109723851085,0.8044921875,1.0898309852927923
1701,ridge_gaussian,10,16,3.94994555786252,0.12485896947327997,0.6129117766395211,0.46342719066888094,0.776953125,1.3882270567119122
1701,ridge_gaussian,10,32,4.659928061068058,0.1403302564285695,0.7291977512650192,0.5643783733248711,0.7654296875,1.713185265660286
1701,ridge_gaussian,11,1,1.529539979994297,0.03571011841995636,0.2408218318596482,0.16804824955761427,0.828125,0.5926846414804459
1701,ridge_gaussian,11,2,2.0421876218169928,0.05237755383132021,0.3175724782049656,0.2212473565014079,0.79453125,0.7035362292081118
1701,ridge_gaussian,11,4,3.0573641657829285,0.08361657505156468,0.4581226431764662,0.30982443573884666,0.76875,0.8547614384442568
1701,ridge_gaussian,11,8,4.481518507003784,0.13180857454426584,0.6560794629622251,0.4432594324462116,0.7392578125,1.097858689725399
1701,ridge_gaussian,11,16,5.352712444961071,0.16127256816253063,0.794155789539218,0.5569417777005583,0.7326171875,1.40196412242949
1701,ridge_gaussian,11,32,5.376413248479366,0.15848315984476352,0.8233995125629008,0.6106033120304346,0.7626953125,1.7241519000381231
1701,ridge_gaussian,12,1,1.686147890985012,0.04233609454240646,0.2637582784518599,0.1857881048927083,0.7923828125,0.5959483068436384
1701,ridge_gaussian,12,2,2.1322962529957294,0.05820019199745724,0.32962045166641474,0.23663936450611797,0.7716796874999999,0.7057455610483885
1701,ridge_gaussian,12,4,2.916612956672907,0.08827372628729786,0.4410121259279549,0.31600087764672935,0.7308593750000001,0.8512648707255721
1701,ridge_gaussian,12,8,4.040991704910994,0.12773163989186284,0.6038590548560023,0.4350428110919893,0.7123046875,1.081107497215271
1701,ridge_gaussian,12,16,4.935223858803511,0.16089984308928248,0.7402933621779084,0.5511027658358216,0.7029296875,1.3637893851846457
1701,ridge_gaussian,12,32,5.1123044192790985,0.15608225320465857,0.7875329684466124,0.6054031406529248,0.7328125,1.660148974508047
1701,ridge_gaussian,13,1,1.7660614419728518,0.044344544148771044,0.27398242242634296,0.1847016153624281,0.8044921875,0.5905957827344537
1701,ridge_gaussian,13,2,2.1928876005113125,0.05798816861351948,0.3356341172475368,0.22924868948757643,0.7888671875,0.6999017484486103
1701,ridge_gaussian,13,4,2.8556816671043634,0.08090460830135265,0.43042928632348776,0.28835522825829685,0.787890625,0.8540019057691097
1701,ridge_gaussian,13,8,3.6755701415240765,0.11263572802999983,0.5547126089222729,0.38816909748129547,0.7720703125,1.092183232307434
1701,ridge_gaussian,13,16,4.342683169990778,0.13936019851826126,0.6617913111113012,0.4896826930344105,0.758984375,1.3988529313355684
1701,ridge_gaussian,13,32,4.88756787031889,0.1481344024650752,0.7579607050865889,0.5909667066298425,0.7529296875,1.7174190916121006
1701,ridge_gaussian,14,1,1.4649258479475975,0.03409463443676937,0.23265376361086962,0.1655782347079366,0.8171875,0.580427504144609
1701,ridge_gaussian,14,2,1.9603482689708471,0.05096634622896086,0.3065335461869836,0.22137110889889297,0.7810546875,0.6897782320156693
1701,ridge_gaussian,14,4,2.787405116483569,0.07945050101261582,0.42584893363527954,0.30795893445611,0.74296875,0.8368258876726031
1701,ridge_gaussian,14,8,4.280314043164253,0.13336517330026249,0.6334728710353374,0.4491439936682582,0.7052734375,1.0738760456442833
1701,ridge_gaussian,14,16,5.559280604124069,0.18835341243539,0.8207194996066391,0.5920420745387673,0.6912109375,1.3737411070615053
1701,ridge_gaussian,14,32,5.604568611830473,0.18122822931036348,0.8566260207444429,0.65989422891289,0.7009765625,1.6884433962404728
1701,ridge_gaussian,15,1,1.5836738757789135,0.03841715313319578,0.2488417925778776,0.17415627022273833,0.8119140625,0.5816936166957021
1701,ridge_gaussian,15,2,1.986995754763484,0.052834612637525376,0.30937436991371214,0.22016685758717355,0.7916015625,0.6917954357340932
1701,ridge_gaussian,15,4,2.6152616888284683,0.07150438881944861,0.40173637703992426,0.28567200875841076,0.7642578125,0.8367428127676249
1701,ridge_gaussian,15,8,3.5195179730653763,0.10667487687896933,0.5371478118468076,0.3827345143072307,0.7513671875,1.0696955723688006
1701,ridge_gaussian,15,16,4.341729715466499,0.14363191009033466,0.6674117222428322,0.4926732047460973,0.74609375,1.3765348382294178
1701,ridge_gaussian,15,32,5.03719038143754,0.15440803463570768,0.7813233956694603,0.5848081163130701,0.755859375,1.7146558370441198
1701,ridge_gaussian,16,1,1.1993774939328432,0.027692852760082994,0.18869925744365895,0.1355817872099578,0.8765625,0.5832094373181462
1701,ridge_gaussian,16,2,1.6181493531912565,0.040018667496042284,0.25334388227202,0.17935619235504413,0.859375,0.6890178853645921
1701,ridge_gaussian,16,4,2.521852692589164,0.06857550510903816,0.38327063829638064,0.25978609710000455,0.815234375,0.8384547187015414
1701,ridge_gaussian,16,8,3.845778025686741,0.11661935888696458,0.5718355544377118,0.3826764638070017,0.7869140625,1.0697691142559052
1701,ridge_gaussian,16,16,4.657839484512806,0.15579143929062408,0.7012486942112446,0.49936533835716546,0.771484375,1.3824348114430904
1701,ridge_gaussian,16,32,5.048386178910732,0.1603224461432546,0.780708615668118,0.6009707795456052,0.7552734375000001,1.7043584268540144
1701,ridge_gaussian,17,1,1.4410135485231876,0.03531259406008752,0.22724512754939494,0.1621628672583028,0.837109375,0.6003733081743121
1701,ridge_gaussian,17,2,1.8812750112265348,0.05067480113939378,0.29125091154128313,0.20679684868082399,0.818359375,0.7054276410490274
1701,ridge_gaussian,17,4,2.721930054947734,0.07480352488346392,0.40961837233044207,0.27782953600399196,0.7982421875,0.8540936559438705
1701,ridge_gaussian,17,8,3.6671952977776527,0.11282274994300674,0.5489867297001183,0.3838600569870323,0.7748046875,1.0888904370367527
1701,ridge_gaussian,17,16,4.163669243454933,0.13395164452958847,0.6356307938694954,0.48251422215253115,0.7671875,1.3794017136096954
1701,ridge_gaussian,17,32,5.000382240861654,0.15088980237487698,0.7714446587488055,0.591494235675782,0.7625,1.7010708581656218
1701,ridge_gaussian,18,1,1.8927171286195517,0.04791167809162285,0.2929672684986144,0.20878928969614205,0.744140625,0.5970819145441055
1701,ridge_gaussian,18,2,2.46341579221189,0.0655839345999993,0.3745128447189927,0.2672844820190221,0.7220703125,0.7039100341498852
1701,ridge_gaussian,18,4,3.133046740666032,0.09170055476715784,0.4694696865044534,0.34042696352116764,0.7078125,0.8506727740168571
1701,ridge_gaussian,18,8,4.039083566516638,0.12233970075612885,0.6045996737666428,0.4374392442405224,0.7064453125,1.0728932619094849
1701,ridge_gaussian,18,16,4.95721410959959,0.14886878721881652,0.7431896203197539,0.5431933454237878,0.708203125,1.3532939031720161
1701,ridge_gaussian,18,32,5.416110698133707,0.15873484208714211,0.8260234934277833,0.6301757926121354,0.7009765625,1.6374536268413067
1701,ridge_gaussian,19,1,1.5307036638259888,0.037333031505113426,0.24105579429306084,0.17227306659333405,0.8166015625,0.5998005541041493
1701,ridge_gaussian,19,2,1.950469747185707,0.05250470715691331,0.30494671897031367,0.2204955567140132,0.7986328125,0.70813431404531
1701,ridge_gaussian,19,4,2.6165025662630796,0.07483838533516968,0.4021196577232331,0.2892710673622787,0.76875,0.8557369075715542
1701,ridge_gaussian,19,8,3.6267152428627014,0.11214773496612902,0.5503235477954149,0.4081709384918213,0.729296875,1.0815095454454422
1701,ridge_gaussian,19,16,4.6630177311599255,0.15276361722499127,0.7078085877001286,0.5423025810159743,0.70546875,1.3829203993082047
1701,ridge_gaussian,19,32,5.32555191591382,0.15381308912765232,0.8216390712186694,0.6507480274885893,0.6982421875,1.7117854747921228
2903,flow,0,1,1.3538063298910856,0.03090551155037242,0.21649715770035977,0.14954221947118637,0.8939453125,0.6513668545521796
2903,flow,0,2,1.7482425943017006,0.0453037850966211,0.2788441479206085,0.2015936479438096,0.8853515625,0.833337401971221
2903,flow,0,4,2.3503760900348425,0.06679429439827796,0.3726522142533213,0.27402841998264194,0.8578125,1.0483384672552347
2903,flow,0,8,3.211109083145857,0.09921351459342982,0.5057135624811053,0.38265512231737375,0.8294921875,1.3299180818721652
2903,flow,0,16,4.218722857534885,0.1416565033141523,0.6671835039742291,0.5231781331822276,0.80078125,1.717497780919075
2903,flow,0,32,6.020332790911198,0.20945956977084276,0.947397937066853,0.745722683146596,0.7658203125,2.2689116187393665
2903,flow,1,1,1.2777678985148668,0.029073264580802012,0.20476724626496431,0.13877956906799224,0.921484375,0.6682518227025867
2903,flow,1,2,1.614423606544733,0.04223537939833472,0.2570577810984105,0.181662869406864,0.9134765625,0.8531407518312335
2903,flow,1,4,2.2058028522878885,0.06302104057976972,0.35059529868885875,0.2527603276539594,0.894140625,1.0709992041811347
2903,flow,1,8,3.23405522108078,0.10355968674411993,0.5109294420108199,0.37351565854623914,0.8552734375,1.3630541320890188
2903,flow,1,16,4.359675671905279,0.14431478152982885,0.690114070661366,0.5286127743311226,0.8138671875,1.7754942011088133
2903,flow,1,32,5.668974958360195,0.18946610530838365,0.9038152387365699,0.7380982488393784,0.8003906249999999,2.442260928452015
2903,flow,2,1,1.5579351093620062,0.03816025154083032,0.24692245735786852,0.16240250971168277,0.8826171875,0.6505352118983865
2903,flow,2,2,1.9034329988062382,0.050598884845385286,0.30206657154485583,0.2094769824761897,0.882421875,0.8399095255881548
2903,flow,2,4,2.3710422944277525,0.06855332991108294,0.37644851626828313,0.27488408074714243,0.8716796875,1.0643743453547359
2903,flow,2,8,3.1463709138333797,0.09637630340876054,0.4989738701842725,0.38035563519224524,0.8402343750000001,1.3433418776839972
2903,flow,2,16,4.280840307474136,0.1336254701018333,0.6769497850909829,0.5350977778434753,0.7849609375,1.7157191764563322
2903,flow,2,32,5.80885262042284,0.17471932875923807,0.9186947019770741,0.7322883848100901,0.7611328125,2.269821209833026
2903,flow,3,1,1.5043814275413752,0.03606212171143848,0.23927979776635763,0.16416326083708552,0.887109375,0.6851801229640841
2903,flow,3,2,1.888849701732397,0.049274617224000346,0.3006649976596236,0.2134774110745638,0.884375,0.8803621521219611
2903,flow,3,4,2.471545808017254,0.06906167155830184,0.3931030770763755,0.28605371667072177,0.8705078125,1.1137983370572329
2903,flow,3,8,3.4167670384049416,0.1052512275637127,0.5383437690325081,0.3966001288499683,0.8474609375,1.4080041125416756
2903,flow,3,16,4.991531390696764,0.15711063623894003,0.774603025522083,0.5638202438130975,0.8083984375,1.778751501813531
2903,flow,3,32,6.20508698374033,0.1970648842398077,0.9743213495239615,0.7374809747561812,0.7845703125,2.341412827372551
2903,flow,4,1,1.6144586652517319,0.038195993227418464,0.25462808343581855,0.17050717421807346,0.88203125,0.6783037548884749
2903,flow,4,2,1.9922953210771084,0.05184812011430036,0.3150353909004479,0.2228397738654166,0.8701171875,0.8725440772250295
2903,flow,4,4,2.6123555954545736,0.07603617705171924,0.4104870525188744,0.296228890074417,0.8580078125,1.0922793094068766
2903,flow,4,8,3.6595041044056416,0.11551476072054352,0.57031120499596,0.4251720861066133,0.818359375,1.3752341400831938
2903,flow,4,16,4.821104407310486,0.15424362604971972,0.7510268650949001,0.5832056715153158,0.7662109375,1.7064327150583267
2903,flow,4,32,5.960624508559704,0.19040334201417858,0.9366466216742992,0.7472321270033717,0.7390625,2.163478296250105
2903,flow,5,1,1.5807856358587742,0.03926454405882391,0.2507183246780187,0.17194131005089724,0.8595703125,0.6644936297088861
2903,flow,5,2,2.0274237487465143,0.056245570885948795,0.3205657401122153,0.22497002501040694,0.8595703125,0.8483594609424472
2903,flow,5,4,2.72067429497838,0.07565752533264453,0.42385991173796356,0.2956558973528445,0.8505859375,1.061975359916687
2903,flow,5,8,3.768408127129078,0.11744704761076714,0.5859656343236566,0.41936323000118136,0.816015625,1.346039416268468
2903,flow,5,16,4.984994284808636,0.16009753441903735,0.775098096113652,0.5749854217283428,0.7642578125,1.6917602345347404
2903,flow,5,32,5.984536170959473,0.20571022294461724,0.9401495596393943,0.7378403912298381,0.7505859375,2.1594812851399183
2903,flow,6,1,1.3521393332630396,0.03169355887803244,0.21516316523775456,0.15124210482463238,0.89375,0.657928348518908
2903,flow,6,2,1.7929841727018356,0.045370113919489044,0.2853536738548428,0.20439434761647132,0.881640625,0.8372376738116145
2903,flow,6,4,2.5196943767368793,0.06736927642486984,0.39841937948949635,0.28520905296318233,0.858984375,1.0611480232328176
2903,flow,6,8,3.811862025409937,0.11446552316192533,0.5920842410996556,0.42036880599334836,0.8150390625,1.3663926869630814
2903,flow,6,16,4.9996009580791,0.15679640800226477,0.7799560204148293,0.5831034807488322,0.7767578125,1.7772436793893576
2903,flow,6,32,6.025668568909168,0.20918465452268717,0.9532271595671773,0.7565264375880361,0.7765625,2.3556306287646294
2903,flow,7,1,1.5148774702101946,0.03540373858413655,0.24138261075131592,0.16667108598630873,0.8712890625,0.6712862998247147
2903,flow,7,2,2.045862630009651,0.0543148340657353,0.3235482196323573,0.22626734501682216,0.86171875,0.856706153601408
2903,flow,7,4,2.9175993017852306,0.08228410419542337,0.45070441253483295,0.31108220643363893,0.8478515625,1.0852602757513523
2903,flow,7,8,4.029255475848913,0.12133004749193783,0.618357424158603,0.4268430913798511,0.8279296875,1.3890946935862303
2903,flow,7,16,5.338109347969294,0.16476033383514727,0.8185484441928566,0.5775105128996074,0.8013671875,1.7741460669785738
2903,flow,7,32,6.477249622344971,0.20097691705450413,1.015600822865963,0.760881133377552,0.787109375,2.352772517129779
2903,flow,8,1,1.2664228323847055,0.03191103623248632,0.20220132835675028,0.14008969697169957,0.8943359375,0.6381522072479129
2903,flow,8,2,1.697173049673438,0.04706855115364301,0.26980433776043355,0.1903431715909391,0.887890625,0.8131292788311839
2903,flow,8,4,2.3848529160022736,0.06846075353678312,0.3745323861949146,0.2601453713141382,0.8703125,1.0213260184973478
2903,flow,8,8,3.4525797590613365,0.10983737261267375,0.5372196920216084,0.3785801373887807,0.8341796875,1.2969677299261093
2903,flow,8,16,4.54732083901763,0.15008096536621449,0.7078329571522772,0.5244793081656098,0.799609375,1.642162013798952
2903,flow,8,32,5.590156212449074,0.18250722461380062,0.8791625685989857,0.6879691234789789,0.766796875,2.0980453062802553
2903,flow,9,1,1.490923535078764,0.037611373103572945,0.2363823483465239,0.16754506202414626,0.8546875,0.6313349530100822
2903,flow,9,2,1.9220092296600342,0.05356798955472181,0.3036138585302978,0.21798954950645563,0.853125,0.8140114033594728
2903,flow,9,4,2.8619595523923635,0.07962986262282352,0.44256892846897244,0.3073096242733299,0.825390625,1.032119926996529
2903,flow,9,8,3.9552039466798306,0.12713998905383045,0.6055982373654842,0.42724881367757916,0.8017578125,1.3252856191247702
2903,flow,9,16,4.7144640274345875,0.15669240045826877,0.733669769950211,0.5433457316830754,0.7994140625,1.7156091444194317
2903,flow,9,32,5.849091455340385,0.2092088204808533,0.9210913591086864,0.7150613078847528,0.7908203125,2.2720445170998573
2903,flow,10,1,1.3024833723902702,0.028749921984854106,0.20785614685155449,0.1436985151376575,0.900390625,0.6340787508524954
2903,flow,10,2,1.6654461771249771,0.04363410544465291,0.26476153312250966,0.189392247935757,0.89453125,0.8162476373836398
2903,flow,10,4,2.3310379832983017,0.06274770642630752,0.3688572838436812,0.2682958703953773,0.8689453125,1.0323950620368123
2903,flow,10,8,3.3602835685014725,0.10238519049016755,0.5296515668742359,0.3935092284809798,0.828515625,1.3261147690936923
2903,flow,10,16,4.671276263892651,0.14853881194721905,0.7348719229921699,0.5713180969469249,0.7876953125,1.755563547834754
2903,flow,10,32,6.165990203619003,0.2019407311454415,0.9788095103576779,0.7945028217509389,0.7861328125,2.447686953470111
2903,flow,11,1,1.519788397476077,0.0356892286217771,0.2414706938434392,0.1690900042885914,0.869921875,0.6659887502901256
2903,flow,11,2,2.080433191731572,0.05496572537231255,0.32689548283815384,0.2302799997851252,0.858984375,0.8515473129227757
2903,flow,11,4,3.200197407975793,0.0901288840686902,0.4898265711963177,0.33426632755436003,0.8248046875,1.0858247829601169
2903,flow,11,8,4.72864593192935,0.14616348396521056,0.7104901107959449,0.4902663375250995,0.7884765625,1.3959103599190712
2903,flow,11,16,5.657860636711121,0.18381894158665088,0.8630500799044967,0.6191281406208873,0.7751953125,1.7800125032663345
2903,flow,11,32,6.176075145602226,0.20771937444806096,0.9715138282626867,0.7375027467496693,0.7853515624999999,2.3249998688697815
2903,flow,12,1,1.6738831661641598,0.04289127272204491,0.26744117401540274,0.18630917533300811,0.865625,0.7175514278933406
2903,flow,12,2,2.150136522948742,0.060347532969899434,0.33999481122009456,0.24313472397625444,0.8619140625,0.9142364766448736
2903,flow,12,4,2.966057989746332,0.09163386258296663,0.4637870758306235,0.3308154202532023,0.8419921875,1.1504598250612617
2903,flow,12,8,4.192380897700787,0.13452853786293412,0.6452418682165444,0.46353776939213276,0.8060546875,1.461264282464981
2903,flow,12,16,5.249136064201593,0.1726880606729537,0.8125927471555769,0.6078202268108726,0.784765625,1.8631786741316319
2903,flow,12,32,6.078220635652542,0.2091675600968301,0.9623204339295626,0.7548831412568688,0.7875,2.4398281760513783
2903,flow,13,1,1.7811501119285822,0.045479198306566056,0.27898286702111363,0.1881833458319306,0.84140625,0.6763725555501878
2903,flow,13,2,2.198263579979539,0.05952974915271621,0.3431814559735358,0.23799669649451968,0.8537109375,0.8667531535029411
2903,flow,13,4,2.945338375866413,0.0863955655950121,0.45411821617744863,0.3109464824665338,0.8455078125,1.1010238993912935
2903,flow,13,8,3.9250640757381916,0.12520229048095638,0.6080284928902984,0.4319210168905556,0.8251953125,1.3945151288062334
2903,flow,13,16,4.825717620551586,0.16616502893157298,0.755450130905956,0.5661860229447484,0.7998046875,1.7768051717430353
2903,flow,13,32,5.985594652593136,0.20460207248106593,0.9443380553275347,0.7287640138529241,0.79375,2.3146844748407602
2903,flow,14,1,1.431765316054225,0.033881742594530764,0.2287318527232855,0.16377959644887594,0.9142578125,0.7678140196949244
2903,flow,14,2,1.9459469132125378,0.05309433222282672,0.3110240127425641,0.22676278627477583,0.9017578125,0.9903472270816565
2903,flow,14,4,2.7750885523855686,0.08337677834788333,0.43949261074885726,0.3214825966861099,0.8771484375,1.267094125971198
2903,flow,14,8,4.388116050511599,0.13919759099371726,0.6806711554527283,0.4926595655269921,0.8326171875,1.6296523585915565
2903,flow,14,16,5.958000361919403,0.202010974753648,0.9227707628160715,0.6866356269456446,0.8001953125,2.092943709343672
2903,flow,14,32,6.768923535943031,0.24049723101779816,1.068806642666459,0.8271428439766169,0.815625,2.7672793306410313
2903,flow,15,1,1.5958964098244905,0.039395939791575026,0.2534351528156549,0.17584205465391273,0.86953125,0.6736160553991795
2903,flow,15,2,1.9964104928076267,0.055204630160005715,0.3169285499025136,0.22605272918008265,0.86640625,0.8660107254981995
2903,flow,15,4,2.6343310475349426,0.0756457891548052,0.4171943061519414,0.30176041368395085,0.8548828125,1.0988172115758061
2903,flow,15,8,3.7240628264844418,0.11940523365046825,0.5842404151335359,0.42636319622397423,0.82421875,1.404133714735508
2903,flow,15,16,4.9479101449251175,0.1706338840303942,0.7759984862059355,0.5868153921328485,0.77890625,1.8013647757470608
2903,flow,15,32,6.52545003592968,0.22620063135400412,1.0268277851864696,0.7911317627876997,0.764453125,2.3952621947973967
2903,flow,16,1,1.2019150871783495,0.027658203660394013,0.18939811142627147,0.13521843205671752,0.919140625,0.6584692876785994
2903,flow,16,2,1.7152913939207792,0.044483223638962906,0.26944275503046805,0.1898210258223116,0.908984375,0.8514447724446654
2903,flow,16,4,2.6921137869358063,0.0783782806829549,0.4169582827016711,0.28364627272821963,0.880859375,1.0965135786682367
2903,flow,16,8,4.161032482981682,0.1340305677731521,0.6353491526097059,0.42826345819048584,0.847265625,1.430052561685443
2903,flow,16,16,5.237797971814871,0.18044301995541898,0.8086808286607265,0.5730293551459908,0.821875,1.8661914113909006
2903,flow,16,32,6.369457811117172,0.22469443152658639,1.0030763084068894,0.7584134778007865,0.812890625,2.4879768304526806
2903,flow,17,1,1.432743327692151,0.035556533257476944,0.22812206135131416,0.16190043743699783,0.8859375,0.6769840465858579
2903,flow,17,2,1.8962976355105639,0.052101635839790064,0.2992187652271241,0.21228939760476348,0.8869140625,0.8551470283418894
2903,flow,17,4,2.72601605579257,0.0768911970662884,0.42091343156062067,0.2930625667795539,0.8646484375,1.0754116782918572
2903,flow,17,8,3.7417948096990585,0.11914010217878963,0.5771271171979606,0.42107582790777087,0.819921875,1.3695862535387278
2903,flow,17,16,4.650138504803181,0.1489364487351849,0.7318864045664668,0.5753573584370315,0.787890625,1.7829971127212048
2903,flow,17,32,6.344319447875023,0.22215098817832765,1.000626189634204,0.8092330507934093,0.763671875,2.4812307357788086
2903,flow,18,1,1.829366946592927,0.045993888343218665,0.28743922011926765,0.20426885492634025,0.803515625,0.6560709895566106
2903,flow,18,2,2.347659833729267,0.06285211531212548,0.36689722375012934,0.26288925646804273,0.805859375,0.8340939050540328
2903,flow,18,4,3.0044368468225002,0.09025189845124255,0.46567312930710614,0.34209053637459874,0.7919921875,1.0483789462596178
2903,flow,18,8,3.9941020384430885,0.12542968580964947,0.6149139287881553,0.45100771449506283,0.779296875,1.3072732258588076
2903,flow,18,16,5.105181634426117,0.1560810105875134,0.7842706982046366,0.577167141251266,0.760546875,1.6302558798342943
2903,flow,18,32,6.00506068021059,0.19339313218370077,0.9364235140383244,0.7154098646715283,0.7623046875,2.0705482866615057
2903,flow,19,1,1.5121930539608002,0.03762179487966928,0.24172357493080196,0.17348453856538978,0.871875,0.7125531882047653
2903,flow,19,2,1.9799696691334248,0.05403105987352315,0.31425664061680436,0.23094452824443576,0.86640625,0.8978463858366013
2903,flow,19,4,2.75450124964118,0.07938649057177823,0.43302094168029726,0.3216064760927111,0.8400390625,1.1276677008718252
2903,flow,19,8,3.8984809890389442,0.12363635830115523,0.6084246360696852,0.4649352044798434,0.784765625,1.4211064539849758
2903,flow,19,16,5.2665972001850605,0.16878193092998112,0.8231962323188782,0.6424042363651097,0.7451171875,1.838335856795311
2903,flow,19,32,6.427174724638462,0.1982314602937549,1.0213177762925625,0.8175235455855727,0.7642578125,2.523036252707243
2903,persistence_gaussian,0,1,1.4303351044654846,0.031986686430172946,0.22640991955995554,0.14921589766163373,0.894140625,0.6914886925369501
2903,persistence_gaussian,0,2,1.8604367449879646,0.048085708258440676,0.2926015742123127,0.19769976334646341,0.8986328125,0.9747825814411044
2903,persistence_gaussian,0,4,2.4856733046472073,0.07466430898057291,0.3824910849798471,0.2587999592069536,0.9099609375000001,1.3795176725834608
2903,persistence_gaussian,0,8,3.3407855331897736,0.12313557718880469,0.5056789242662489,0.3390126551967114,0.905859375,1.9568337984383106
2903,persistence_gaussian,0,16,4.328967310488224,0.1961088401731103,0.6325076697394252,0.4356545757036656,0.9142578125,2.762978807091713
2903,persistence_gaussian,0,32,5.920067399740219,0.34092549374327064,0.8633703175000846,0.6093761068768799,0.91015625,3.9219204485416412
2903,persistence_gaussian,1,1,1.3872308675199747,0.031387237715534824,0.2189638973213732,0.14002528239507225,0.91484375,0.6994717875495553
2903,persistence_gaussian,1,2,1.7658791318535805,0.04830545137519943,0.2737796329893172,0.18233472469728437,0.92265625,0.9888349799439311
2903,persistence_gaussian,1,4,2.369310539215803,0.07425916922511529,0.35966070904396474,0.2395161192398518,0.92578125,1.3988504875451326
2903,persistence_gaussian,1,8,3.314467817544937,0.12775657756719735,0.4977179781999439,0.3273041092325002,0.923828125,1.9836469292640686
2903,persistence_gaussian,1,16,4.350302740931511,0.20096931466832754,0.6419596765190363,0.4349537759553641,0.9220703125,2.7875280641019344
2903,persistence_gaussian,1,32,5.700162544846535,0.33206201903522015,0.8183077848516405,0.5860915593802929,0.921484375,3.957566451281309
2903,persistence_gaussian,2,1,1.638990132138133,0.039712203259114134,0.2600635611452162,0.16185743676032868,0.8919921875000001,0.6884860377758741
2903,persistence_gaussian,2,2,2.030894163995981,0.05457413790281857,0.3235777844674885,0.20867778826504943,0.9064453125,0.9715932672843337
2903,persistence_gaussian,2,4,2.4803660474717617,0.07535991090117018,0.39052399154752493,0.25916631426662207,0.9142578125,1.3760896567255259
2903,persistence_gaussian,2,8,3.170456826686859,0.11268941161688413,0.48288853047415614,0.3282403734046966,0.920703125,1.9507319796830416
2903,persistence_gaussian,2,16,3.987116686999798,0.17536802683025596,0.5836351253092289,0.4153473742771894,0.9220703125,2.758990716189146
2903,persistence_gaussian,2,32,5.210227698087692,0.2917218958027661,0.7400927799753845,0.5359810357913375,0.9259765625,3.9027955271303654
2903,persistence_gaussian,3,1,1.5888016168028116,0.03802735617500725,0.2530358999501914,0.16405368794221428,0.8720703125,0.6899386905133724
2903,persistence_gaussian,3,2,2.0182406157255173,0.05213521988480347,0.32092745578847826,0.21298232511617238,0.888671875,0.9796343743801117
2903,persistence_gaussian,3,4,2.558395680040121,0.0743071412434801,0.40035018138587475,0.2675656520295888,0.9033203125,1.384316261857748
2903,persistence_gaussian,3,8,3.5301943123340607,0.12472995754797007,0.5449267374351621,0.36037692287936807,0.9111328125,1.9563876297324896
2903,persistence_gaussian,3,16,5.189565196633339,0.20500460907351223,0.7923165950924158,0.499236453557387,0.9119140625,2.7748824134469032
2903,persistence_gaussian,3,32,6.492261588573456,0.33100490737706423,0.984161663800478,0.642690016888082,0.9109375,3.915062054991722
2903,persistence_gaussian,4,1,1.662088779732585,0.03904862844501617,0.2623427414800972,0.16915377916302526,0.8732421875,0.6907094186171889
2903,persistence_gaussian,4,2,2.023678421974182,0.052844945224933285,0.3182421752717346,0.21124840830452737,0.89375,0.9817618215456605
2903,persistence_gaussian,4,4,2.5964873917400837,0.07884634239599105,0.40055308025330305,0.27201577345840633,0.9001953125,1.3865715097635984
2903,persistence_gaussian,4,8,3.4310774207115173,0.1254050553543493,0.5207571350038052,0.3601736326236277,0.8982421875,1.9657511170953512
2903,persistence_gaussian,4,16,4.559453897178173,0.19702711119316516,0.6870841039344668,0.4895713343285024,0.89453125,2.779691956937313
2903,persistence_gaussian,4,32,5.959761559963226,0.33908659615553916,0.889067011885345,0.6677395575679839,0.8974609375,3.9185154251754284
2903,persistence_gaussian,5,1,1.7320722863078117,0.043664759636158075,0.27449581399559975,0.18049626948777583,0.841015625,0.6921274550259113
2903,persistence_gaussian,5,2,2.2231446653604507,0.06434258131776,0.34932356514036655,0.23542567389085883,0.859375,0.9749515494331717
2903,persistence_gaussian,5,4,2.98822283744812,0.09082810161635275,0.46396923065185547,0.30960224429145455,0.873828125,1.3858032897114754
2903,persistence_gaussian,5,8,4.16567800194025,0.15239064104389394,0.6412622288335115,0.43031208985485137,0.8591796875,1.9507600106298923
2903,persistence_gaussian,5,16,5.432712510228157,0.23202247871086,0.8382044984027743,0.589226724812761,0.8408203125,2.754034537822008
2903,persistence_gaussian,5,32,6.614459410309792,0.3679449316114187,1.013914991170168,0.7554349061101675,0.8435546875,3.907011955976486
2903,persistence_gaussian,6,1,1.403242165222764,0.033217344316653866,0.22212818381376562,0.15050504251848904,0.89453125,0.6902900412678719
2903,persistence_gaussian,6,2,1.8609734773635864,0.048529067396884736,0.2914930307306349,0.20147680421359834,0.8982421875,0.9787183469161391
2903,persistence_gaussian,6,4,2.5886295810341835,0.07329532661242406,0.4019866168964654,0.2676011889707297,0.9013671875,1.3812281899154186
2903,persistence_gaussian,6,8,3.8391311690211296,0.13020013045752415,0.5904340501874685,0.3837470605503768,0.8904296875,1.949991438537836
2903,persistence_gaussian,6,16,5.18194055557251,0.2044440952595323,0.7975857947021723,0.5399134801700711,0.868359375,2.7713983841240406
2903,persistence_gaussian,6,32,6.574198931455612,0.3366093900986016,0.9912384646013379,0.7207694705575705,0.8623046875,3.920205406844616
2903,persistence_gaussian,7,1,1.5859207678586245,0.03693472273880611,0.2505023025441915,0.1670908345840871,0.8615234375,0.677364100702107
2903,persistence_gaussian,7,2,2.1226386725902557,0.05748246930306772,0.3341056106146425,0.22535147727467117,0.877734375,0.9595318380743265
2903,persistence_gaussian,7,4,3.001252055168152,0.08879468229133632,0.4623324067797512,0.3016808186657727,0.8884765625,1.3538365308195353
2903,persistence_gaussian,7,8,4.0472066551446915,0.13646805798634884,0.6187751062680036,0.3970148244407028,0.889453125,1.9104268178343773
2903,persistence_gaussian,7,16,5.240079432725906,0.20440045301802454,0.7985656671226025,0.5204246696084738,0.8978515625,2.7103697173297405
2903,persistence_gaussian,7,32,6.38409498333931,0.31776393414475024,0.9604621836915612,0.6514161359518766,0.90703125,3.8134439028799534
2903,persistence_gaussian,8,1,1.3543949611485004,0.03452307448606002,0.21296245208941397,0.14343023486435408,0.8900390625,0.6914577689021826
2903,persistence_gaussian,8,2,1.8315291367471218,0.05365561385406177,0.2861152191180736,0.19397511985152957,0.899609375,0.9780828328803182
2903,persistence_gaussian,8,4,2.5895543918013573,0.08605886710574845,0.39697742997668684,0.26020599342882633,0.8974609375,1.382675712928176
2903,persistence_gaussian,8,8,3.668158821761608,0.147353243897669,0.561434778617695,0.3660446589346975,0.8953125,1.950957277789712
2903,persistence_gaussian,8,16,4.875853821635246,0.227864139014855,0.7474066079594195,0.49783374927937984,0.885546875,2.764187518507242
2903,persistence_gaussian,8,32,6.398511558771133,0.3481181631796062,0.9706250093877316,0.6822838801890612,0.8832031250000001,3.9170771837234497
2903,persistence_gaussian,9,1,1.5978479124605656,0.04027359426254402,0.2488039477029815,0.1687279987381771,0.855078125,0.685719070956111
2903,persistence_gaussian,9,2,2.0973177179694176,0.060351893480401445,0.32635946036316454,0.22108536201994863,0.86875,0.9771764185279608
2903,persistence_gaussian,9,4,2.9341664761304855,0.09283818351104851,0.44991187285631895,0.29877989483065903,0.8720703125,1.3859256748110056
2903,persistence_gaussian,9,8,3.969600811600685,0.15107143239583815,0.6012568303849548,0.39660200546495616,0.8771484374999999,1.9530707485973835
2903,persistence_gaussian,9,16,4.778651133179665,0.2189135705120861,0.7145639392547309,0.48554814187809825,0.89921875,2.7618226036429405
2903,persistence_gaussian,9,32,6.030523672699928,0.3544329581782222,0.8772955457679927,0.6338202126789838,0.8921875,3.901323799043894
2903,persistence_gaussian,10,1,1.3791677430272102,0.03082379154511723,0.2154902725014835,0.14156481297686693,0.90546875,0.7003839481621981
2903,persistence_gaussian,10,2,1.762007474899292,0.04847299651009958,0.27292773220688105,0.18625300913117823,0.9140625,0.9908848265185952
2903,persistence_gaussian,10,4,2.45079892128706,0.07279424922307949,0.37108444911427796,0.2533866760786623,0.9119140625,1.400491390377283
2903,persistence_gaussian,10,8,3.4454155266284943,0.12208496313542123,0.5184185623656958,0.34783479757606983,0.903125,1.9798244833946228
2903,persistence_gaussian,10,16,4.545784667134285,0.19435367896221575,0.6807834901846945,0.4654989263508469,0.9068359375,2.7923525385558605
2903,persistence_gaussian,10,32,5.944969654083252,0.31430905568413436,0.8778972271829844,0.6186575978063047,0.9052734375,3.961291965097189
2903,persistence_gaussian,11,1,1.5641399454325438,0.0374785499006975,0.2465551469940692,0.16785902052652088,0.8681640625,0.6889907289296389
2903,persistence_gaussian,11,2,2.1249160282313824,0.058123038557823706,0.33492318727076054,0.22935670916922388,0.8703125,0.9754150211811066
2903,persistence_gaussian,11,4,3.1907560229301453,0.09759649657644327,0.4923066545743495,0.3233970205765217,0.8681640625,1.377719957381487
2903,persistence_gaussian,11,8,4.6500143483281136,0.1623641228070482,0.7086616086307913,0.464177310699597,0.853515625,1.9501437172293663
2903,persistence_gaussian,11,16,5.733112655580044,0.23564188904128966,0.880278505384922,0.5924514525104314,0.8677734374999999,2.7578376084566116
2903,persistence_gaussian,11,32,6.694313004612923,0.35149135952815413,1.0307364840991795,0.7268654792569578,0.8755859375,3.8945119492709637
2903,persistence_gaussian,12,1,1.7548803240060806,0.04403592567541632,0.2766719611827284,0.1856493462109938,0.8361328125,0.6922254702076316
2903,persistence_gaussian,12,2,2.190842632204294,0.06027264759177338,0.3438406775239855,0.23338908399455247,0.8654296875,0.9804602963849902
2903,persistence_gaussian,12,4,2.979637563228607,0.09737353073433037,0.4614667047280818,0.31331227580085397,0.871484375,1.3817862309515476
2903,persistence_gaussian,12,8,4.146220713853836,0.14950174931436774,0.6361651220358908,0.42320421850308776,0.876171875,1.9582465589046478
2903,persistence_gaussian,12,16,5.17390600591898,0.22384903137572107,0.7837042259052396,0.5409033824689686,0.8828125,2.765580553561449
2903,persistence_gaussian,12,32,6.345335945487022,0.34895698400214314,0.9530819673091173,0.6778570036403835,0.89140625,3.9044420532882214
2903,persistence_gaussian,13,1,1.8342203181236982,0.04684125052881422,0.28783808951266104,0.18662200786639002,0.8369140625,0.6862783320248127
2903,persistence_gaussian,13,2,2.279896028339863,0.06322884984547268,0.35629786760546267,0.23450321541167793,0.860546875,0.9717491930350661
2903,persistence_gaussian,13,4,2.957454741001129,0.09192220825934778,0.45527067547664046,0.291563585633412,0.8939453125,1.3718924578279257
2903,persistence_gaussian,13,8,3.8668922632932663,0.1378888506442308,0.5936878356151283,0.3803692345973104,0.9,1.9453921169042587
2903,persistence_gaussian,13,16,4.718329660594463,0.2097234362736344,0.717216370627284,0.47929099248722196,0.913671875,2.751845385879278
2903,persistence_gaussian,13,32,5.822621434926987,0.33387607359327376,0.861798538826406,0.6154722818173468,0.9205078125,3.8962817825376987
2903,persistence_gaussian,14,1,1.4486971497535706,0.03407789624179709,0.23065908323042092,0.16022667917422945,0.868359375,0.6753510907292366
2903,persistence_gaussian,14,2,1.9636103101074696,0.052964836184401023,0.3113747169263661,0.2175992333795875,0.8740234375,0.957641975954175
2903,persistence_gaussian,14,4,2.791667189449072,0.08502616599434983,0.43562019360251725,0.30336745153181255,0.869921875,1.3503410816192627
2903,persistence_gaussian,14,8,4.3546174466609955,0.15204124571755523,0.6720406939275563,0.44888386758975685,0.8486328125,1.9181662928313017
2903,persistence_gaussian,14,16,5.927913844585419,0.23929832782596347,0.9115039501339197,0.6145341047085822,0.8443359375,2.7052270881831646
2903,persistence_gaussian,14,32,6.904233336448669,0.3487879182212054,1.0650230469182134,0.7667425330728292,0.8478515625,3.8245315439999104
2903,persistence_gaussian,15,1,1.62587776966393,0.04017662411206397,0.256687059532851,0.1734378897817805,0.856640625,0.6762908864766359
2903,persistence_gaussian,15,2,2.0441943407058716,0.057474129425827365,0.32211109390482306,0.22203913680277762,0.86875,0.9587125359103084
2903,persistence_gaussian,15,4,2.7475759088993073,0.0851144040934741,0.42726179445162416,0.2928799851797521,0.878125,1.3527796287089586
2903,persistence_gaussian,15,8,3.840868316590786,0.14438562863506374,0.5964761103969067,0.40459319297224283,0.865234375,1.9119433034211397
2903,persistence_gaussian,15,16,5.059349454939365,0.22864872915670273,0.7839122861623764,0.5521547759417444,0.8552734375,2.7050533778965473
2903,persistence_gaussian,15,32,6.485623061656952,0.3417797703295946,1.0094533385708928,0.7290242863819003,0.86015625,3.8162710778415203
2903,persistence_gaussian,16,1,1.2197411619126797,0.028756654937751543,0.1888576248893514,0.12978202535305167,0.9076171875,0.6779863256961107
2903,persistence_gaussian,16,2,1.7677431292831898,0.0479302029125392,0.26989859016612167,0.1822403422556817,0.905078125,0.9562258115038276
2903,persistence_gaussian,16,4,2.7801835611462593,0.08891077269800003,0.4185405096504837,0.2693203666713089,0.8892578125,1.3483300656080246
2903,persistence_gaussian,16,8,4.348644375801086,0.1646931455470621,0.6567191272042692,0.4087033432442695,0.8650390625,1.9094997178763151
2903,persistence_gaussian,16,16,5.478145107626915,0.23727416968904433,0.8337890533730388,0.5509055850561708,0.861328125,2.703665416687727
2903,persistence_gaussian,16,32,6.418350994586945,0.3500097715295851,0.9686551219783723,0.6808426044881344,0.8705078125,3.8128921426832676
2903,persistence_gaussian,17,1,1.4435837361961603,0.036093521019211,0.22756170015782115,0.15435059228911993,0.8859375,0.6994239967316389
2903,persistence_gaussian,17,2,1.921316534280777,0.053723071294371,0.294950864976272,0.19599234848283226,0.9078125,0.9833660479635
2903,persistence_gaussian,17,4,2.780489210039377,0.08660245750797908,0.4130419825669378,0.26347329746931786,0.9177734375,1.392440089955926
2903,persistence_gaussian,17,8,3.75310917198658,0.14549618517048654,0.5552991866134107,0.36225429992191494,0.9083984374999999,1.9745815470814705
2903,persistence_gaussian,17,16,4.614709109067917,0.2171110368799418,0.6776976538822055,0.4745670009870082,0.90390625,2.79440950229764
2903,persistence_gaussian,17,32,6.246125862002373,0.3537346916273236,0.909509654622525,0.6704855649732053,0.8935546875,3.967011246830225
2903,persistence_gaussian,18,1,1.9507437832653522,0.04922736363369036,0.30611894745379686,0.20969458413310346,0.78828125,0.6932162195444107
2903,persistence_gaussian,18,2,2.469737261533737,0.0669469489366747,0.3900325922295451,0.2690491473767906,0.81953125,0.9781619040295482
2903,persistence_gaussian,18,4,3.194079887121916,0.09984633349813517,0.49886358832009137,0.34874532045796514,0.832421875,1.3876150958240032
2903,persistence_gaussian,18,8,4.273273944854736,0.15224523795768616,0.6620263895019889,0.45734689198434353,0.84375,1.955098858103156
2903,persistence_gaussian,18,16,5.449721872806549,0.21846003690734503,0.8390721152536571,0.5775490147061646,0.855078125,2.775215309113264
2903,persistence_gaussian,18,32,6.7672717571258545,0.3390440633520484,1.0388187542557716,0.7449221075512469,0.863671875,3.9087286815047264
2903,persistence_gaussian,19,1,1.5554230213165283,0.038532318401848856,0.24605892179533836,0.1683861777419224,0.8544921875,0.6982955811545253
2903,persistence_gaussian,19,2,2.025558013468981,0.05586544255493204,0.3186861705034971,0.22001441079191858,0.8720703125,0.9882376259192824
2903,persistence_gaussian,19,4,2.8152245096862316,0.0875642015598714,0.43517747637815773,0.2967448749113828,0.8771484374999999,1.4019655659794807
2903,persistence_gaussian,19,8,3.9787693172693253,0.14483733585802835,0.6071968888863921,0.41953273047693074,0.8638671875,1.9801774080842733
2903,persistence_gaussian,19,16,5.209991708397865,0.22154414677061138,0.7920517502352595,0.5714129735715687,0.8572265625,2.791357424110174
2903,persistence_gaussian,19,32,6.367249429225922,0.33371741767041385,0.9557361649349332,0.7110349694266915,0.880859375,3.947478249669075
2903,ridge_gaussian,0,1,1.3359546270221472,0.029275369131937574,0.21154646913055328,0.14646245946642006,0.87421875,0.5956448800861835
2903,ridge_gaussian,0,2,1.6720309648662806,0.04120568031794386,0.2645583404228091,0.1890602041967213,0.84453125,0.7025042157620192
2903,ridge_gaussian,0,4,2.216130478307605,0.05951938801445063,0.34761313302442426,0.2511803058441728,0.8240234375000001,0.8506044503301382
2903,ridge_gaussian,0,8,3.0236311964690685,0.09055868035648014,0.47000199975445867,0.3456855099648237,0.794921875,1.0848753973841667
2903,ridge_gaussian,0,16,3.8303652703762054,0.1210106826620176,0.5949814426712692,0.44760874612256885,0.7876953125,1.3685067854821682
2903,ridge_gaussian,0,32,4.729338772594929,0.14987538778223092,0.7360605429857969,0.5483708437532187,0.7849609375,1.6726521756500006
2903,ridge_gaussian,1,1,1.2763395179063082,0.028343262834823642,0.20198151073418555,0.13717495987657455,0.89921875,0.6007960746064782
2903,ridge_gaussian,1,2,1.5258683916181326,0.03874848919804204,0.24068648670800027,0.17040968989022073,0.884765625,0.7095305128023028
2903,ridge_gaussian,1,4,1.9951394256204367,0.05526983004529025,0.3139395567122847,0.22344631538726384,0.8603515625,0.8569300100207329
2903,ridge_gaussian,1,8,2.8191627971827984,0.0847853840095922,0.4390195768792182,0.31172987120226026,0.833984375,1.0914650540798903
2903,ridge_gaussian,1,16,3.700639061629772,0.11880124476738269,0.5747471582144499,0.419023715890944,0.8126953125,1.3782514985650778
2903,ridge_gaussian,1,32,4.2712869718670845,0.13325016270391637,0.6712704272940755,0.5160489669069648,0.7994140625,1.7047499418258667
2903,ridge_gaussian,2,1,1.567335568368435,0.03807967581087719,0.2466194729786366,0.1624787329928949,0.8564453125,0.5920427348464727
2903,ridge_gaussian,2,2,1.8974054604768753,0.04957565790391523,0.29793684207834303,0.2055967380292713,0.8294921875000001,0.7004037415608764
2903,ridge_gaussian,2,4,2.311062380671501,0.06506536336382847,0.3629301134496927,0.2619864658918232,0.81640625,0.8519703950732946
2903,ridge_gaussian,2,8,3.0663987696170807,0.08971765113528814,0.4791660695336759,0.3535416244994849,0.79453125,1.095823761075735
2903,ridge_gaussian,2,16,3.9695736952126026,0.12192281382158394,0.6212888350710273,0.47714312095195055,0.7638671875,1.4044142365455627
2903,ridge_gaussian,2,32,4.898362781852484,0.1398476755712181,0.7651288630440831,0.6068677301518619,0.7345703125,1.7166957650333643
2903,ridge_gaussian,3,1,1.5105633921921253,0.03583225590409707,0.23950034892186522,0.16467385645955795,0.8349609375,0.5941736958920956
2903,ridge_gaussian,3,2,1.8523696400225163,0.0466064893698785,0.2921812271233648,0.20808931184001264,0.8197265625,0.705691616050899
2903,ridge_gaussian,3,4,2.4139392394572496,0.06485161907039579,0.37735336390323937,0.2722392897121608,0.7958984375,0.8529733493924141
2903,ridge_gaussian,3,8,3.3439581021666527,0.09874940494773905,0.5157532608136535,0.3712890506722033,0.77109375,1.0854642484337091
2903,ridge_gaussian,3,16,4.656933270394802,0.1469885831465944,0.7052856301888824,0.4989902558736503,0.7478515625,1.3718129843473434
2903,ridge_gaussian,3,32,5.331841118633747,0.16267181932926175,0.8173259673640132,0.5960163064301014,0.753515625,1.6695426721125841
2903,ridge_gaussian,4,1,1.5937686264514923,0.03730104878195556,0.2502078546676785,0.17058185057248917,0.83046875,0.59540528152138
2903,ridge_gaussian,4,2,1.9551448617130518,0.04998160179820839,0.304889811668545,0.21484504477120933,0.809375,0.7046886906027794
2903,ridge_gaussian,4,4,2.563820706680417,0.07075713673839341,0.39405891043134034,0.2805446560960263,0.7873046875,0.852305643260479
2903,ridge_gaussian,4,8,3.552741389721632,0.10505854361690577,0.5400498809758574,0.3923592569772154,0.74375,1.07225670106709
2903,ridge_gaussian,4,16,4.642310466617346,0.14709583914373064,0.7071646046824753,0.5374710750766098,0.701953125,1.3568332642316818
2903,ridge_gaussian,4,32,5.3509539514780045,0.16027350409422067,0.8213687017560005,0.652475658338517,0.6927734375,1.6483147628605366
2903,ridge_gaussian,5,1,1.6202689073979855,0.0403847810812294,0.2554070954211056,0.17516777827404434,0.8099609375,0.5961982505396008
2903,ridge_gaussian,5,2,2.014265136793256,0.0553227952914312,0.3136248807422817,0.22051880764774975,0.797265625,0.7030411940068007
2903,ridge_gaussian,5,4,2.6750155724585056,0.07392605056520547,0.4099988415837288,0.28445501788519323,0.7875,0.8548902180045843
2903,ridge_gaussian,5,8,3.663878660649061,0.11354416760150338,0.5557324970141053,0.3921941793523729,0.753125,1.0737295001745224
2903,ridge_gaussian,5,16,4.6743292063474655,0.14448992395773527,0.709527850151062,0.5142882731743157,0.731640625,1.3525712955743074
2903,ridge_gaussian,5,32,5.008438240736723,0.14718715555500234,0.7742975149303675,0.5949997981078923,0.7318359375,1.6415553838014603
2903,ridge_gaussian,6,1,1.3788208477199078,0.03195051623333706,0.21773625980131325,0.15283970849122847,0.8607421875,0.5948257632553577
2903,ridge_gaussian,6,2,1.7964141797274351,0.044307111820671666,0.28138788230717177,0.20075106411240992,0.8310546875,0.7053957432508469
2903,ridge_gaussian,6,4,2.495898298919201,0.06547362415585663,0.3844296720344573,0.2695685580838471,0.8029296875,0.8477911483496428
2903,ridge_gaussian,6,8,3.7097472362220287,0.1090890617924742,0.5596361360512674,0.38743412331677973,0.7634765625,1.0754085909575224
2903,ridge_gaussian,6,16,4.8276650570333,0.14601520088035608,0.7277868860401213,0.5292459726333618,0.727734375,1.36528361402452
2903,ridge_gaussian,6,32,5.136734876781702,0.15697213320527223,0.7918042149394751,0.6134279584512115,0.7326171875,1.6678952816873789
2903,ridge_gaussian,7,1,1.5575037896633148,0.036115794209763366,0.24429863505065438,0.17040381126571444,0.823046875,0.5824752869084477
2903,ridge_gaussian,7,2,2.0573200173676014,0.05465828225715081,0.3183200878556818,0.22623728658072648,0.7908203125,0.6899926457554102
2903,ridge_gaussian,7,4,2.853773018345237,0.07812515861587595,0.42926966748200357,0.29643867956474423,0.7791015625,0.837578609585762
2903,ridge_gaussian,7,8,3.7854728139936924,0.11016483436105767,0.5673493235372007,0.3888299814425409,0.7734375,1.0763469189405441
2903,ridge_gaussian,7,16,4.92891413718462,0.1485404907725751,0.7375060208141804,0.5174331571906805,0.7564453125,1.3799658007919788
2903,ridge_gaussian,7,32,5.390695262700319,0.16119875560980287,0.8216491839848459,0.6120719546452165,0.7525390625,1.7021762318909168
2903,ridge_gaussian,8,1,1.2896111272275448,0.032498059037607115,0.20373241649940604,0.14223191502969706,0.86796875,0.5954845054075122
2903,ridge_gaussian,8,2,1.6398302633315325,0.04406555666355411,0.25892656692303717,0.18319349223747847,0.850390625,0.7032937193289399
2903,ridge_gaussian,8,4,2.2012868989259005,0.06159672094509001,0.3435242229606956,0.24332914268597958,0.8224609375,0.8506945371627808
2903,ridge_gaussian,8,8,3.056032497435808,0.09272395382868122,0.47457531513646245,0.3425507112406194,0.7990234375,1.0761280842125416
2903,ridge_gaussian,8,16,4.029084235429764,0.12695270730182523,0.6250436846166849,0.46252594143152237,0.76640625,1.357226885855198
2903,ridge_gaussian,8,32,4.644278187304735,0.1421402056002989,0.7251222617924213,0.5532966535538435,0.7748046875,1.6515642628073692
2903,ridge_gaussian,9,1,1.521762041375041,0.03799916192656378,0.23641894338652486,0.16863953799474982,0.8115234375,0.5894739916548133
2903,ridge_gaussian,9,2,1.9306670352816582,0.05368692398769776,0.2975486330687999,0.21507186384405938,0.7998046875,0.7045518588274717
2903,ridge_gaussian,9,4,2.769999461248517,0.07798795768758278,0.4177184589207172,0.2945934401359409,0.77421875,0.8600866328924894
2903,ridge_gaussian,9,8,3.6514629535377026,0.11507874733069909,0.5484925115015358,0.3854971774853766,0.7662109375,1.0962226334959269
2903,ridge_gaussian,9,16,4.080537535250187,0.13261676521506155,0.6260349196381867,0.455964163178578,0.7931640625,1.4068372640758753
2903,ridge_gaussian,9,32,4.66000048071146,0.1450617887312546,0.7204445428214967,0.5479008676484227,0.79609375,1.7205028031021357
2903,ridge_gaussian,10,1,1.296016614884138,0.028603706188732713,0.20430201827548441,0.14323300775140518,0.8744140625,0.6016396777704358
2903,ridge_gaussian,10,2,1.5884554348886013,0.0413530179066583,0.2507115497719496,0.18147331441286946,0.8564453125,0.7076396523043513
2903,ridge_gaussian,10,4,2.174428790807724,0.05792771236156109,0.34011095436289907,0.24592004762962455,0.835546875,0.8577471682801843
2903,ridge_gaussian,10,8,3.021870143711567,0.09097881952766325,0.46854766202159226,0.34438109723851085,0.8044921875,1.0898309852927923
2903,ridge_gaussian,10,16,3.94994555786252,0.12485896947327997,0.6129117766395211,0.46342719066888094,0.776953125,1.3882270567119122
2903,ridge_gaussian,10,32,4.659928061068058,0.1403302564285695,0.7291977512650192,0.5643783733248711,0.7654296875,1.713185265660286
2903,ridge_gaussian,11,1,1.529539979994297,0.03571011841995636,0.2408218318596482,0.16804824955761427,0.828125,0.5926846414804459
2903,ridge_gaussian,11,2,2.0421876218169928,0.05237755383132021,0.3175724782049656,0.2212473565014079,0.79453125,0.7035362292081118
2903,ridge_gaussian,11,4,3.0573641657829285,0.08361657505156468,0.4581226431764662,0.30982443573884666,0.76875,0.8547614384442568
2903,ridge_gaussian,11,8,4.481518507003784,0.13180857454426584,0.6560794629622251,0.4432594324462116,0.7392578125,1.097858689725399
2903,ridge_gaussian,11,16,5.352712444961071,0.16127256816253063,0.794155789539218,0.5569417777005583,0.7326171875,1.40196412242949
2903,ridge_gaussian,11,32,5.376413248479366,0.15848315984476352,0.8233995125629008,0.6106033120304346,0.7626953125,1.7241519000381231
2903,ridge_gaussian,12,1,1.686147890985012,0.04233609454240646,0.2637582784518599,0.1857881048927083,0.7923828125,0.5959483068436384
2903,ridge_gaussian,12,2,2.1322962529957294,0.05820019199745724,0.32962045166641474,0.23663936450611797,0.7716796874999999,0.7057455610483885
2903,ridge_gaussian,12,4,2.916612956672907,0.08827372628729786,0.4410121259279549,0.31600087764672935,0.7308593750000001,0.8512648707255721
2903,ridge_gaussian,12,8,4.040991704910994,0.12773163989186284,0.6038590548560023,0.4350428110919893,0.7123046875,1.081107497215271
2903,ridge_gaussian,12,16,4.935223858803511,0.16089984308928248,0.7402933621779084,0.5511027658358216,0.7029296875,1.3637893851846457
2903,ridge_gaussian,12,32,5.1123044192790985,0.15608225320465857,0.7875329684466124,0.6054031406529248,0.7328125,1.660148974508047
2903,ridge_gaussian,13,1,1.7660614419728518,0.044344544148771044,0.27398242242634296,0.1847016153624281,0.8044921875,0.5905957827344537
2903,ridge_gaussian,13,2,2.1928876005113125,0.05798816861351948,0.3356341172475368,0.22924868948757643,0.7888671875,0.6999017484486103
2903,ridge_gaussian,13,4,2.8556816671043634,0.08090460830135265,0.43042928632348776,0.28835522825829685,0.787890625,0.8540019057691097
2903,ridge_gaussian,13,8,3.6755701415240765,0.11263572802999983,0.5547126089222729,0.38816909748129547,0.7720703125,1.092183232307434
2903,ridge_gaussian,13,16,4.342683169990778,0.13936019851826126,0.6617913111113012,0.4896826930344105,0.758984375,1.3988529313355684
2903,ridge_gaussian,13,32,4.88756787031889,0.1481344024650752,0.7579607050865889,0.5909667066298425,0.7529296875,1.7174190916121006
2903,ridge_gaussian,14,1,1.4649258479475975,0.03409463443676937,0.23265376361086962,0.1655782347079366,0.8171875,0.580427504144609
2903,ridge_gaussian,14,2,1.9603482689708471,0.05096634622896086,0.3065335461869836,0.22137110889889297,0.7810546875,0.6897782320156693
2903,ridge_gaussian,14,4,2.787405116483569,0.07945050101261582,0.42584893363527954,0.30795893445611,0.74296875,0.8368258876726031
2903,ridge_gaussian,14,8,4.280314043164253,0.13336517330026249,0.6334728710353374,0.4491439936682582,0.7052734375,1.0738760456442833
2903,ridge_gaussian,14,16,5.559280604124069,0.18835341243539,0.8207194996066391,0.5920420745387673,0.6912109375,1.3737411070615053
2903,ridge_gaussian,14,32,5.604568611830473,0.18122822931036348,0.8566260207444429,0.65989422891289,0.7009765625,1.6884433962404728
2903,ridge_gaussian,15,1,1.5836738757789135,0.03841715313319578,0.2488417925778776,0.17415627022273833,0.8119140625,0.5816936166957021
2903,ridge_gaussian,15,2,1.986995754763484,0.052834612637525376,0.30937436991371214,0.22016685758717355,0.7916015625,0.6917954357340932
2903,ridge_gaussian,15,4,2.6152616888284683,0.07150438881944861,0.40173637703992426,0.28567200875841076,0.7642578125,0.8367428127676249
2903,ridge_gaussian,15,8,3.5195179730653763,0.10667487687896933,0.5371478118468076,0.3827345143072307,0.7513671875,1.0696955723688006
2903,ridge_gaussian,15,16,4.341729715466499,0.14363191009033466,0.6674117222428322,0.4926732047460973,0.74609375,1.3765348382294178
2903,ridge_gaussian,15,32,5.03719038143754,0.15440803463570768,0.7813233956694603,0.5848081163130701,0.755859375,1.7146558370441198
2903,ridge_gaussian,16,1,1.1993774939328432,0.027692852760082994,0.18869925744365895,0.1355817872099578,0.8765625,0.5832094373181462
2903,ridge_gaussian,16,2,1.6181493531912565,0.040018667496042284,0.25334388227202,0.17935619235504413,0.859375,0.6890178853645921
2903,ridge_gaussian,16,4,2.521852692589164,0.06857550510903816,0.38327063829638064,0.25978609710000455,0.815234375,0.8384547187015414
2903,ridge_gaussian,16,8,3.845778025686741,0.11661935888696458,0.5718355544377118,0.3826764638070017,0.7869140625,1.0697691142559052
2903,ridge_gaussian,16,16,4.657839484512806,0.15579143929062408,0.7012486942112446,0.49936533835716546,0.771484375,1.3824348114430904
2903,ridge_gaussian,16,32,5.048386178910732,0.1603224461432546,0.780708615668118,0.6009707795456052,0.7552734375000001,1.7043584268540144
2903,ridge_gaussian,17,1,1.4410135485231876,0.03531259406008752,0.22724512754939494,0.1621628672583028,0.837109375,0.6003733081743121
2903,ridge_gaussian,17,2,1.8812750112265348,0.05067480113939378,0.29125091154128313,0.20679684868082399,0.818359375,0.7054276410490274
2903,ridge_gaussian,17,4,2.721930054947734,0.07480352488346392,0.40961837233044207,0.27782953600399196,0.7982421875,0.8540936559438705
2903,ridge_gaussian,17,8,3.6671952977776527,0.11282274994300674,0.5489867297001183,0.3838600569870323,0.7748046875,1.0888904370367527
2903,ridge_gaussian,17,16,4.163669243454933,0.13395164452958847,0.6356307938694954,0.48251422215253115,0.7671875,1.3794017136096954
2903,ridge_gaussian,17,32,5.000382240861654,0.15088980237487698,0.7714446587488055,0.591494235675782,0.7625,1.7010708581656218
2903,ridge_gaussian,18,1,1.8927171286195517,0.04791167809162285,0.2929672684986144,0.20878928969614205,0.744140625,0.5970819145441055
2903,ridge_gaussian,18,2,2.46341579221189,0.0655839345999993,0.3745128447189927,0.2672844820190221,0.7220703125,0.7039100341498852
2903,ridge_gaussian,18,4,3.133046740666032,0.09170055476715784,0.4694696865044534,0.34042696352116764,0.7078125,0.8506727740168571
2903,ridge_gaussian,18,8,4.039083566516638,0.12233970075612885,0.6045996737666428,0.4374392442405224,0.7064453125,1.0728932619094849
2903,ridge_gaussian,18,16,4.95721410959959,0.14886878721881652,0.7431896203197539,0.5431933454237878,0.708203125,1.3532939031720161
2903,ridge_gaussian,18,32,5.416110698133707,0.15873484208714211,0.8260234934277833,0.6301757926121354,0.7009765625,1.6374536268413067
2903,ridge_gaussian,19,1,1.5307036638259888,0.037333031505113426,0.24105579429306084,0.17227306659333405,0.8166015625,0.5998005541041493
2903,ridge_gaussian,19,2,1.950469747185707,0.05250470715691331,0.30494671897031367,0.2204955567140132,0.7986328125,0.70813431404531
2903,ridge_gaussian,19,4,2.6165025662630796,0.07483838533516968,0.4021196577232331,0.2892710673622787,0.76875,0.8557369075715542
2903,ridge_gaussian,19,8,3.6267152428627014,0.11214773496612902,0.5503235477954149,0.4081709384918213,0.729296875,1.0815095454454422
2903,ridge_gaussian,19,16,4.6630177311599255,0.15276361722499127,0.7078085877001286,0.5423025810159743,0.70546875,1.3829203993082047
2903,ridge_gaussian,19,32,5.32555191591382,0.15381308912765232,0.8216390712186694,0.6507480274885893,0.6982421875,1.7117854747921228
4307,flow,0,1,1.3333424627780914,0.02983873151242728,0.2136283087311312,0.14710174303036178,0.9,0.6513878013938665
4307,flow,0,2,1.7218536846339703,0.04381367165478873,0.2747591536026448,0.19713179103564468,0.8890625,0.8334999354556203
4307,flow,0,4,2.3262756802141666,0.06419432460097592,0.3687465647235513,0.266815809533,0.86328125,1.049456293694675
4307,flow,0,8,3.195230685174465,0.09727435285458337,0.5019207862205803,0.3683181731030345,0.8486328125,1.3255821391940117
4307,flow,0,16,4.078801274299622,0.1320494425017386,0.6454276242293417,0.49253949662670493,0.833203125,1.6926951743662357
4307,flow,0,32,5.257548049092293,0.17788203421514479,0.8320862823165953,0.6366500132717192,0.8240234375,2.218033207580447
4307,flow,1,1,1.274906674399972,0.02821434420184228,0.20437576528638599,0.13793227472342548,0.9105468750000001,0.6255211769603193
4307,flow,1,2,1.5951746795326471,0.041226284636650186,0.25416412483900785,0.1798890966456383,0.9052734375,0.7995469179004431
4307,flow,1,4,2.1740218736231327,0.06150621577398847,0.34525870252400637,0.24745345697738227,0.885546875,1.0076503492891788
4307,flow,1,8,3.1398456059396267,0.0975054301670752,0.4951283852569759,0.35737449931912124,0.846875,1.2829750925302505
4307,flow,1,16,4.210907086730003,0.13660333910956973,0.662926958873868,0.49730733409523964,0.82421875,1.6525459382683039
4307,flow,1,32,5.386343739926815,0.1689087366685271,0.8541739536449313,0.6727262726053596,0.80078125,2.2119785510003567
4307,flow,2,1,1.5611904971301556,0.038272567908279556,0.24718204280361533,0.16270198277197773,0.882421875,0.6527039529755712
4307,flow,2,2,1.9090644773095846,0.050868384074419695,0.3024234748445451,0.2095827981829643,0.8775390625,0.8410627637058496
4307,flow,2,4,2.380094438791275,0.06934782775351774,0.3785134814679622,0.27375168423168356,0.864453125,1.0626056250184774
4307,flow,2,8,3.1189299896359444,0.09515811444725837,0.49618422938510776,0.37180868606083095,0.8396484375,1.3406812101602554
4307,flow,2,16,4.202729970216751,0.128482514177449,0.6657066037878394,0.5190466502681375,0.7982421875,1.6981057655066252
4307,flow,2,32,5.694658286869526,0.16885476768948135,0.8991524493321776,0.7037910055369139,0.778515625,2.1760866846889257
4307,flow,3,1,1.496943848207593,0.03569716372294347,0.2384971424471587,0.1623440275434404,0.8892578124999999,0.6907671615481377
4307,flow,3,2,1.8700165040791035,0.048380283638834905,0.29785644519142807,0.21118726884014902,0.891796875,0.8925199890509248
4307,flow,3,4,2.4281565006822348,0.06753192254109304,0.387302442220971,0.28220307268202305,0.874609375,1.124985164962709
4307,flow,3,8,3.363001015037298,0.104963160760235,0.530257903970778,0.38924231356941164,0.847265625,1.4133282452821732
4307,flow,3,16,4.815688282251358,0.15608843811787662,0.7501775422133505,0.5425382480025291,0.8103515625,1.7558145094662905
4307,flow,3,32,5.834993652999401,0.1798485012259334,0.9178191684186459,0.6964566088281572,0.79453125,2.222242308780551
4307,flow,4,1,1.6375617012381554,0.03887320327339689,0.2574950088746845,0.1742193120298907,0.8689453125000001,0.6682002833113074
4307,flow,4,2,2.042232496663928,0.05370770662557329,0.3220499702729285,0.22903861477971074,0.858203125,0.8493917714804411
4307,flow,4,4,2.7159299049526453,0.07956667832331728,0.42440450517460704,0.30778841325081885,0.8376953125,1.0627089971676469
4307,flow,4,8,3.8322220928967,0.12146849435521286,0.5925830430351198,0.44182710023596883,0.7880859375,1.3419431801885366
4307,flow,4,16,5.006375819444656,0.15966208162717516,0.7749405726790428,0.5976212038658559,0.7486328125,1.6885223127901554
4307,flow,4,32,6.090052656829357,0.19484683475457126,0.9573254408314824,0.7597445668652654,0.755078125,2.222647212445736
4307,flow,5,1,1.5935687758028507,0.03949963350896719,0.2528337202966213,0.17378915962763128,0.850390625,0.640659037977457
4307,flow,5,2,2.016453545540571,0.056507627363316666,0.3189072394743562,0.224393842741847,0.8470703125,0.8156949412077665
4307,flow,5,4,2.732667401432991,0.07616180076729502,0.4248351571150124,0.296520831529051,0.8359375,1.019381295889616
4307,flow,5,8,3.852021485567093,0.12086063571041447,0.5944294319488108,0.42221706733107567,0.8044921875,1.302918927744031
4307,flow,5,16,5.18838008493185,0.16713863948825744,0.7994843870401382,0.5874900524504483,0.7537109375,1.657203009352088
4307,flow,5,32,6.468125596642494,0.22470138478092844,1.002966440282762,0.7875617747195065,0.7255859375,2.1547551676630974
4307,flow,6,1,1.3613901901990175,0.03208885763888243,0.21620495058596131,0.15308722481131548,0.8990234375,0.6763737434521317
4307,flow,6,2,1.8118323478847742,0.04647164189373138,0.2880380873102695,0.2078031040728092,0.8875,0.8698103670030832
4307,flow,6,4,2.5528693478554487,0.06973777728853743,0.40335828391835093,0.28863264690153295,0.8669921875,1.0980347944423556
4307,flow,6,8,3.8179372176527977,0.11514086660463357,0.5929327923804522,0.4175351730082184,0.8279296875,1.4020615853369236
4307,flow,6,16,4.943481873720884,0.1548107453854754,0.770235198084265,0.5664235367439687,0.794140625,1.7958159781992435
4307,flow,6,32,5.600031465291977,0.17956719710491595,0.8863034769892693,0.6819844478741288,0.8146484375,2.3409477341920137
4307,flow,7,1,1.540483633056283,0.03657467506127428,0.24524265853688118,0.17066251090727744,0.865234375,0.6620231391862035
4307,flow,7,2,2.083508310839534,0.05584952770732338,0.32899318961426616,0.23180727101862428,0.84375,0.8329211343079805
4307,flow,7,4,2.9433902222663164,0.082416639837902,0.4535798216238618,0.31608047941699624,0.8351562499999999,1.0462285811081529
4307,flow,7,8,4.042821459472179,0.1214062527287751,0.6190014407038689,0.4302686534356326,0.8142578125,1.329854741692543
4307,flow,7,16,5.296894397586584,0.1618118237238377,0.808733053971082,0.5758882965892553,0.78046875,1.6846191994845867
4307,flow,7,32,6.152942784130573,0.18013186939060685,0.9600630309432745,0.7194173457100987,0.783203125,2.181359153240919
4307,flow,8,1,1.2594838738441467,0.03167571226367723,0.2014714838005602,0.13975624821614469,0.8904296875,0.6242561060935259
4307,flow,8,2,1.676289290189743,0.046537212503608275,0.26697763265110547,0.18880552612245077,0.8806640625,0.7950727930292487
4307,flow,8,4,2.359923057258129,0.06783993926364924,0.37193490914069116,0.25847154180519283,0.8646484375,0.9960465105250478
4307,flow,8,8,3.4160935506224632,0.10629735648399215,0.5319347861222923,0.37564883125014603,0.8326171875,1.2640609126538038
4307,flow,8,16,4.569453403353691,0.1461041318252682,0.7101885210722685,0.5254026907496154,0.7947265625,1.617946868762374
4307,flow,8,32,5.794158235192299,0.1787315998226404,0.9085410926491022,0.700596472248435,0.766796875,2.1127236671745777
4307,flow,9,1,1.4865905661135912,0.037364261836046304,0.23535828269086775,0.1668292115209624,0.8474609375,0.6230513798072934
4307,flow,9,2,1.9159308020025492,0.05328702778206203,0.30177770298905665,0.21712630835827437,0.8474609375,0.7978361323475838
4307,flow,9,4,2.8245426155626774,0.07910628366516897,0.43513222225010395,0.30500728311017156,0.81953125,1.0103194955736399
4307,flow,9,8,3.889921125024557,0.12459766829852012,0.5927529907785356,0.4159049156587571,0.8041015625,1.2933701761066914
4307,flow,9,16,4.610367231070995,0.15047727420460427,0.7124365498311818,0.526148933917284,0.796484375,1.643874317407608
4307,flow,9,32,5.559685911983252,0.1880323654040694,0.8687717774882913,0.6752863344736397,0.7880859375,2.0990810859948397
4307,flow,10,1,1.2905020341277122,0.028123490628786336,0.2052348353900015,0.14129484572913492,0.8900390625,0.6136197098530829
4307,flow,10,2,1.623210797086358,0.04190164158353577,0.25729266414418817,0.1835127173690125,0.8955078125,0.7915572952479124
4307,flow,10,4,2.282253647223115,0.0606851486372761,0.359463163651526,0.25711004761978984,0.8701171875,1.0039323270320892
4307,flow,10,8,3.2085659839212894,0.09716599562671033,0.5043826047331095,0.36717485869303346,0.83671875,1.2797910794615746
4307,flow,10,16,4.346838463097811,0.13600726006552571,0.6819335771724582,0.5133669879287481,0.8041015625000001,1.6608846504241228
4307,flow,10,32,5.699432916939259,0.16935584892053154,0.8979197964072227,0.7094972929917276,0.7837890625,2.2062614783644676
4307,flow,11,1,1.5352579485625029,0.03673672786680977,0.24307000893168146,0.16997980524320153,0.8779296875,0.6956762801855803
4307,flow,11,2,2.0792397037148476,0.05561080138431857,0.32698014634661376,0.23067634506151077,0.8671875,0.8888569073751569
4307,flow,11,4,3.111525686457753,0.08906214963644737,0.47861642693169415,0.32900641742162406,0.839453125,1.1271068817004561
4307,flow,11,8,4.540698643773794,0.141603498137556,0.6869700406678021,0.4723874954506755,0.808984375,1.441085983067751
4307,flow,11,16,5.44688281789422,0.17726088315248487,0.8362908279523253,0.5979331233538687,0.799609375,1.8078435994684696
4307,flow,11,32,5.925736099481583,0.20037419733125714,0.9324229406192899,0.7109920461662114,0.7984375,2.2781115397810936
4307,flow,12,1,1.6683596707880497,0.042360910534625824,0.2658933149650693,0.18356794130522755,0.8564453125,0.6955633033066988
4307,flow,12,2,2.1037366837263107,0.05843845382332797,0.33281835564412177,0.23793642013333735,0.858203125,0.889856131747365
4307,flow,12,4,2.866611935198307,0.08934438246069473,0.44838010845705867,0.3232174885924905,0.8375,1.1189099187031388
4307,flow,12,8,4.088297601789236,0.13173800846561784,0.629441593773663,0.45425115106627345,0.8009765625,1.417772551998496
4307,flow,12,16,5.208840351551771,0.17053740844130513,0.8022513249889016,0.597292139660567,0.7845703125,1.8008233085274696
4307,flow,12,32,5.9654601365327835,0.1933023574529215,0.9404589105397463,0.7258167704567313,0.8015625,2.3450982328504324
4307,flow,13,1,1.8111217375844717,0.0467176935926545,0.28325564973056316,0.1912692788755521,0.8390625,0.6773341563530266
4307,flow,13,2,2.236042583361268,0.06116777574061411,0.34819892258383334,0.24326297268271443,0.8484375,0.8621994843706489
4307,flow,13,4,2.9786302968859673,0.088443627115339,0.45790355862118304,0.3153177993372082,0.8404296875,1.0941230431199074
4307,flow,13,8,3.851003225892782,0.12306147854542356,0.596897148527205,0.42625713953748345,0.823046875,1.3844776917248964
4307,flow,13,16,4.697325956076384,0.15484982857014978,0.734871142078191,0.5594091014936566,0.7888671875,1.7451223209500313
4307,flow,13,32,5.839332915842533,0.19568436453118915,0.9196803038939834,0.7246852610260248,0.7693359375,2.1972998529672623
4307,flow,14,1,1.4409092627465725,0.033729170390870374,0.23054847121238706,0.16426098346710202,0.9025390625,0.7358368188142776
4307,flow,14,2,1.9525862131267786,0.052755230310140136,0.31138267437927425,0.22537683020345864,0.8857421875,0.9423157759010792
4307,flow,14,4,2.8132275007665157,0.08280096255475651,0.44276972534134984,0.3206631764769554,0.8560546875,1.1886073788627982
4307,flow,14,8,4.463831037282944,0.14069665654096747,0.6840439941734076,0.48861207673326135,0.809765625,1.5039268750697374
4307,flow,14,16,5.894989479333162,0.19499695883132515,0.9019193756394088,0.6575558516196907,0.7802734375,1.9090049155056477
4307,flow,14,32,6.332956910133362,0.20192782639060164,0.9957748102024198,0.7543284990824759,0.8052734375,2.4490680247545242
4307,flow,15,1,1.5963115263730288,0.03934630542062218,0.2525423548649996,0.17457274254411456,0.850390625,0.6308742063120008
4307,flow,15,2,1.9940244369208813,0.05437197387800548,0.31523586879484355,0.22431150032207367,0.8466796875,0.8038761569187045
4307,flow,15,4,2.6488903295248747,0.07372027257224541,0.4157556430436671,0.2971278037875891,0.83515625,1.0161471609026194
4307,flow,15,8,3.7228967621922493,0.11763518350198861,0.5781114567071199,0.4170679475646466,0.801953125,1.3036261703819036
4307,flow,15,16,4.770714368671179,0.1603413759730756,0.7433129046112299,0.5564533127471805,0.7783203125,1.6653009168803692
4307,flow,15,32,5.940319500863552,0.1824639895930886,0.9315987341105938,0.7125656637363136,0.7740234375,2.162748361006379
4307,flow,16,1,1.2119634859263897,0.0280686221813084,0.19166778726503247,0.13616181653924284,0.9044921875,0.6213965117931366
4307,flow,16,2,1.7371013294905424,0.0446938404347747,0.27338606026023626,0.19258839415851978,0.88671875,0.7937113782390952
4307,flow,16,4,2.745028752833605,0.07878066832199689,0.42330861021764576,0.2862449265085161,0.8546875,1.0095470901578665
4307,flow,16,8,4.271165359765291,0.1394209960708394,0.6450760732404888,0.43112059053964913,0.805859375,1.2983686439692974
4307,flow,16,16,5.260627623647451,0.17632022243924433,0.8024126039817929,0.5730612608604133,0.7896484375,1.678692625835538
4307,flow,16,32,6.009668856859207,0.18745261314325032,0.9390641795471311,0.7235643654130399,0.7859375,2.1803870406001806
4307,flow,17,1,1.427532261237502,0.034902016195701394,0.22665322013199327,0.16009040805511174,0.8611328125,0.6218195781111717
4307,flow,17,2,1.9115479476749897,0.051777545537333894,0.29828297439962626,0.2086303135147318,0.8630859375,0.789440312422812
4307,flow,17,4,2.734594475477934,0.0760181251680478,0.4165996240917593,0.28279120684601367,0.8498046875,0.9977301592007279
4307,flow,17,8,3.7212427146732807,0.11609620839590204,0.5634755729697645,0.3982594287954271,0.82109375,1.279222659766674
4307,flow,17,16,4.50267705693841,0.1426340189063921,0.6970570543780923,0.5331895635463297,0.7947265625,1.6527112908661366
4307,flow,17,32,6.037723354995251,0.189965131226927,0.9424378471449018,0.7246605949476361,0.793359375,2.2497931830585003
4307,flow,18,1,1.843054173514247,0.04640932095935563,0.2891662104520946,0.20488596055656666,0.7886718749999999,0.6428158287890255
4307,flow,18,2,2.3655267264693975,0.06343211227795105,0.3691607106011361,0.2636362696066499,0.798046875,0.8184598973020911
4307,flow,18,4,3.0190473161637783,0.0896708715590648,0.46800984581932425,0.3455105354078114,0.78359375,1.0318502420559525
4307,flow,18,8,4.03153957054019,0.12533229379914698,0.6198171898722649,0.46124995732679963,0.7568359375,1.2891607712954283
4307,flow,18,16,5.29388239979744,0.1626682546921074,0.8085612636059523,0.6060247682034969,0.7294921875,1.6141689587384462
4307,flow,18,32,6.5717722326517105,0.20263540511950848,1.0108501426875591,0.783187685534358,0.7068359375,2.0672614704817533
4307,flow,19,1,1.5207480881363153,0.03825677279382939,0.24250825890339905,0.1741887353127822,0.8689453125,0.696219920180738
4307,flow,19,2,1.993566568940878,0.054569700063439044,0.3151142094284296,0.23176281899213788,0.86015625,0.8776665441691875
4307,flow,19,4,2.7466771826148033,0.08047708001686256,0.430542821995914,0.31816319446079433,0.83828125,1.105930714868009
4307,flow,19,8,3.84665821865201,0.12368980265455316,0.6004197741858661,0.45583337894640863,0.7984375,1.4019443914294243
4307,flow,19,16,5.016310553997755,0.16132030007429418,0.7866990258917212,0.6054686666466296,0.7710937499999999,1.80663045309484
4307,flow,19,32,5.861060813069344,0.1781810343964025,0.9362548068165779,0.7306198598816991,0.8060546875,2.413645885884762
4307,persistence_gaussian,0,1,1.4303351044654846,0.031986686430172946,0.22640991955995554,0.14921589766163373,0.894140625,0.6914886925369501
4307,persistence_gaussian,0,2,1.8604367449879646,0.048085708258440676,0.2926015742123127,0.19769976334646341,0.8986328125,0.9747825814411044
4307,persistence_gaussian,0,4,2.4856733046472073,0.07466430898057291,0.3824910849798471,0.2587999592069536,0.9099609375000001,1.3795176725834608
4307,persistence_gaussian,0,8,3.3407855331897736,0.12313557718880469,0.5056789242662489,0.3390126551967114,0.905859375,1.9568337984383106
4307,persistence_gaussian,0,16,4.328967310488224,0.1961088401731103,0.6325076697394252,0.4356545757036656,0.9142578125,2.762978807091713
4307,persistence_gaussian,0,32,5.920067399740219,0.34092549374327064,0.8633703175000846,0.6093761068768799,0.91015625,3.9219204485416412
4307,persistence_gaussian,1,1,1.3872308675199747,0.031387237715534824,0.2189638973213732,0.14002528239507225,0.91484375,0.6994717875495553
4307,persistence_gaussian,1,2,1.7658791318535805,0.04830545137519943,0.2737796329893172,0.18233472469728437,0.92265625,0.9888349799439311
4307,persistence_gaussian,1,4,2.369310539215803,0.07425916922511529,0.35966070904396474,0.2395161192398518,0.92578125,1.3988504875451326
4307,persistence_gaussian,1,8,3.314467817544937,0.12775657756719735,0.4977179781999439,0.3273041092325002,0.923828125,1.9836469292640686
4307,persistence_gaussian,1,16,4.350302740931511,0.20096931466832754,0.6419596765190363,0.4349537759553641,0.9220703125,2.7875280641019344
4307,persistence_gaussian,1,32,5.700162544846535,0.33206201903522015,0.8183077848516405,0.5860915593802929,0.921484375,3.957566451281309
4307,persistence_gaussian,2,1,1.638990132138133,0.039712203259114134,0.2600635611452162,0.16185743676032868,0.8919921875000001,0.6884860377758741
4307,persistence_gaussian,2,2,2.030894163995981,0.05457413790281857,0.3235777844674885,0.20867778826504943,0.9064453125,0.9715932672843337
4307,persistence_gaussian,2,4,2.4803660474717617,0.07535991090117018,0.39052399154752493,0.25916631426662207,0.9142578125,1.3760896567255259
4307,persistence_gaussian,2,8,3.170456826686859,0.11268941161688413,0.48288853047415614,0.3282403734046966,0.920703125,1.9507319796830416
4307,persistence_gaussian,2,16,3.987116686999798,0.17536802683025596,0.5836351253092289,0.4153473742771894,0.9220703125,2.758990716189146
4307,persistence_gaussian,2,32,5.210227698087692,0.2917218958027661,0.7400927799753845,0.5359810357913375,0.9259765625,3.9027955271303654
4307,persistence_gaussian,3,1,1.5888016168028116,0.03802735617500725,0.2530358999501914,0.16405368794221428,0.8720703125,0.6899386905133724
4307,persistence_gaussian,3,2,2.0182406157255173,0.05213521988480347,0.32092745578847826,0.21298232511617238,0.888671875,0.9796343743801117
4307,persistence_gaussian,3,4,2.558395680040121,0.0743071412434801,0.40035018138587475,0.2675656520295888,0.9033203125,1.384316261857748
4307,persistence_gaussian,3,8,3.5301943123340607,0.12472995754797007,0.5449267374351621,0.36037692287936807,0.9111328125,1.9563876297324896
4307,persistence_gaussian,3,16,5.189565196633339,0.20500460907351223,0.7923165950924158,0.499236453557387,0.9119140625,2.7748824134469032
4307,persistence_gaussian,3,32,6.492261588573456,0.33100490737706423,0.984161663800478,0.642690016888082,0.9109375,3.915062054991722
4307,persistence_gaussian,4,1,1.662088779732585,0.03904862844501617,0.2623427414800972,0.16915377916302526,0.8732421875,0.6907094186171889
4307,persistence_gaussian,4,2,2.023678421974182,0.052844945224933285,0.3182421752717346,0.21124840830452737,0.89375,0.9817618215456605
4307,persistence_gaussian,4,4,2.5964873917400837,0.07884634239599105,0.40055308025330305,0.27201577345840633,0.9001953125,1.3865715097635984
4307,persistence_gaussian,4,8,3.4310774207115173,0.1254050553543493,0.5207571350038052,0.3601736326236277,0.8982421875,1.9657511170953512
4307,persistence_gaussian,4,16,4.559453897178173,0.19702711119316516,0.6870841039344668,0.4895713343285024,0.89453125,2.779691956937313
4307,persistence_gaussian,4,32,5.959761559963226,0.33908659615553916,0.889067011885345,0.6677395575679839,0.8974609375,3.9185154251754284
4307,persistence_gaussian,5,1,1.7320722863078117,0.043664759636158075,0.27449581399559975,0.18049626948777583,0.841015625,0.6921274550259113
4307,persistence_gaussian,5,2,2.2231446653604507,0.06434258131776,0.34932356514036655,0.23542567389085883,0.859375,0.9749515494331717
4307,persistence_gaussian,5,4,2.98822283744812,0.09082810161635275,0.46396923065185547,0.30960224429145455,0.873828125,1.3858032897114754
4307,persistence_gaussian,5,8,4.16567800194025,0.15239064104389394,0.6412622288335115,0.43031208985485137,0.8591796875,1.9507600106298923
4307,persistence_gaussian,5,16,5.432712510228157,0.23202247871086,0.8382044984027743,0.589226724812761,0.8408203125,2.754034537822008
4307,persistence_gaussian,5,32,6.614459410309792,0.3679449316114187,1.013914991170168,0.7554349061101675,0.8435546875,3.907011955976486
4307,persistence_gaussian,6,1,1.403242165222764,0.033217344316653866,0.22212818381376562,0.15050504251848904,0.89453125,0.6902900412678719
4307,persistence_gaussian,6,2,1.8609734773635864,0.048529067396884736,0.2914930307306349,0.20147680421359834,0.8982421875,0.9787183469161391
4307,persistence_gaussian,6,4,2.5886295810341835,0.07329532661242406,0.4019866168964654,0.2676011889707297,0.9013671875,1.3812281899154186
4307,persistence_gaussian,6,8,3.8391311690211296,0.13020013045752415,0.5904340501874685,0.3837470605503768,0.8904296875,1.949991438537836
4307,persistence_gaussian,6,16,5.18194055557251,0.2044440952595323,0.7975857947021723,0.5399134801700711,0.868359375,2.7713983841240406
4307,persistence_gaussian,6,32,6.574198931455612,0.3366093900986016,0.9912384646013379,0.7207694705575705,0.8623046875,3.920205406844616
4307,persistence_gaussian,7,1,1.5859207678586245,0.03693472273880611,0.2505023025441915,0.1670908345840871,0.8615234375,0.677364100702107
4307,persistence_gaussian,7,2,2.1226386725902557,0.05748246930306772,0.3341056106146425,0.22535147727467117,0.877734375,0.9595318380743265
4307,persistence_gaussian,7,4,3.001252055168152,0.08879468229133632,0.4623324067797512,0.3016808186657727,0.8884765625,1.3538365308195353
4307,persistence_gaussian,7,8,4.0472066551446915,0.13646805798634884,0.6187751062680036,0.3970148244407028,0.889453125,1.9104268178343773
4307,persistence_gaussian,7,16,5.240079432725906,0.20440045301802454,0.7985656671226025,0.5204246696084738,0.8978515625,2.7103697173297405
4307,persistence_gaussian,7,32,6.38409498333931,0.31776393414475024,0.9604621836915612,0.6514161359518766,0.90703125,3.8134439028799534
4307,persistence_gaussian,8,1,1.3543949611485004,0.03452307448606002,0.21296245208941397,0.14343023486435408,0.8900390625,0.6914577689021826
4307,persistence_gaussian,8,2,1.8315291367471218,0.05365561385406177,0.2861152191180736,0.19397511985152957,0.899609375,0.9780828328803182
4307,persistence_gaussian,8,4,2.5895543918013573,0.08605886710574845,0.39697742997668684,0.26020599342882633,0.8974609375,1.382675712928176
4307,persistence_gaussian,8,8,3.668158821761608,0.147353243897669,0.561434778617695,0.3660446589346975,0.8953125,1.950957277789712
4307,persistence_gaussian,8,16,4.875853821635246,0.227864139014855,0.7474066079594195,0.49783374927937984,0.885546875,2.764187518507242
4307,persistence_gaussian,8,32,6.398511558771133,0.3481181631796062,0.9706250093877316,0.6822838801890612,0.8832031250000001,3.9170771837234497
4307,persistence_gaussian,9,1,1.5978479124605656,0.04027359426254402,0.2488039477029815,0.1687279987381771,0.855078125,0.685719070956111
4307,persistence_gaussian,9,2,2.0973177179694176,0.060351893480401445,0.32635946036316454,0.22108536201994863,0.86875,0.9771764185279608
4307,persistence_gaussian,9,4,2.9341664761304855,0.09283818351104851,0.44991187285631895,0.29877989483065903,0.8720703125,1.3859256748110056
4307,persistence_gaussian,9,8,3.969600811600685,0.15107143239583815,0.6012568303849548,0.39660200546495616,0.8771484374999999,1.9530707485973835
4307,persistence_gaussian,9,16,4.778651133179665,0.2189135705120861,0.7145639392547309,0.48554814187809825,0.89921875,2.7618226036429405
4307,persistence_gaussian,9,32,6.030523672699928,0.3544329581782222,0.8772955457679927,0.6338202126789838,0.8921875,3.901323799043894
4307,persistence_gaussian,10,1,1.3791677430272102,0.03082379154511723,0.2154902725014835,0.14156481297686693,0.90546875,0.7003839481621981
4307,persistence_gaussian,10,2,1.762007474899292,0.04847299651009958,0.27292773220688105,0.18625300913117823,0.9140625,0.9908848265185952
4307,persistence_gaussian,10,4,2.45079892128706,0.07279424922307949,0.37108444911427796,0.2533866760786623,0.9119140625,1.400491390377283
4307,persistence_gaussian,10,8,3.4454155266284943,0.12208496313542123,0.5184185623656958,0.34783479757606983,0.903125,1.9798244833946228
4307,persistence_gaussian,10,16,4.545784667134285,0.19435367896221575,0.6807834901846945,0.4654989263508469,0.9068359375,2.7923525385558605
4307,persistence_gaussian,10,32,5.944969654083252,0.31430905568413436,0.8778972271829844,0.6186575978063047,0.9052734375,3.961291965097189
4307,persistence_gaussian,11,1,1.5641399454325438,0.0374785499006975,0.2465551469940692,0.16785902052652088,0.8681640625,0.6889907289296389
4307,persistence_gaussian,11,2,2.1249160282313824,0.058123038557823706,0.33492318727076054,0.22935670916922388,0.8703125,0.9754150211811066
4307,persistence_gaussian,11,4,3.1907560229301453,0.09759649657644327,0.4923066545743495,0.3233970205765217,0.8681640625,1.377719957381487
4307,persistence_gaussian,11,8,4.6500143483281136,0.1623641228070482,0.7086616086307913,0.464177310699597,0.853515625,1.9501437172293663
4307,persistence_gaussian,11,16,5.733112655580044,0.23564188904128966,0.880278505384922,0.5924514525104314,0.8677734374999999,2.7578376084566116
4307,persistence_gaussian,11,32,6.694313004612923,0.35149135952815413,1.0307364840991795,0.7268654792569578,0.8755859375,3.8945119492709637
4307,persistence_gaussian,12,1,1.7548803240060806,0.04403592567541632,0.2766719611827284,0.1856493462109938,0.8361328125,0.6922254702076316
4307,persistence_gaussian,12,2,2.190842632204294,0.06027264759177338,0.3438406775239855,0.23338908399455247,0.8654296875,0.9804602963849902
4307,persistence_gaussian,12,4,2.979637563228607,0.09737353073433037,0.4614667047280818,0.31331227580085397,0.871484375,1.3817862309515476
4307,persistence_gaussian,12,8,4.146220713853836,0.14950174931436774,0.6361651220358908,0.42320421850308776,0.876171875,1.9582465589046478
4307,persistence_gaussian,12,16,5.17390600591898,0.22384903137572107,0.7837042259052396,0.5409033824689686,0.8828125,2.765580553561449
4307,persistence_gaussian,12,32,6.345335945487022,0.34895698400214314,0.9530819673091173,0.6778570036403835,0.89140625,3.9044420532882214
4307,persistence_gaussian,13,1,1.8342203181236982,0.04684125052881422,0.28783808951266104,0.18662200786639002,0.8369140625,0.6862783320248127
4307,persistence_gaussian,13,2,2.279896028339863,0.06322884984547268,0.35629786760546267,0.23450321541167793,0.860546875,0.9717491930350661
4307,persistence_gaussian,13,4,2.957454741001129,0.09192220825934778,0.45527067547664046,0.291563585633412,0.8939453125,1.3718924578279257
4307,persistence_gaussian,13,8,3.8668922632932663,0.1378888506442308,0.5936878356151283,0.3803692345973104,0.9,1.9453921169042587
4307,persistence_gaussian,13,16,4.718329660594463,0.2097234362736344,0.717216370627284,0.47929099248722196,0.913671875,2.751845385879278
4307,persistence_gaussian,13,32,5.822621434926987,0.33387607359327376,0.861798538826406,0.6154722818173468,0.9205078125,3.8962817825376987
4307,persistence_gaussian,14,1,1.4486971497535706,0.03407789624179709,0.23065908323042092,0.16022667917422945,0.868359375,0.6753510907292366
4307,persistence_gaussian,14,2,1.9636103101074696,0.052964836184401023,0.3113747169263661,0.2175992333795875,0.8740234375,0.957641975954175
4307,persistence_gaussian,14,4,2.791667189449072,0.08502616599434983,0.43562019360251725,0.30336745153181255,0.869921875,1.3503410816192627
4307,persistence_gaussian,14,8,4.3546174466609955,0.15204124571755523,0.6720406939275563,0.44888386758975685,0.8486328125,1.9181662928313017
4307,persistence_gaussian,14,16,5.927913844585419,0.23929832782596347,0.9115039501339197,0.6145341047085822,0.8443359375,2.7052270881831646
4307,persistence_gaussian,14,32,6.904233336448669,0.3487879182212054,1.0650230469182134,0.7667425330728292,0.8478515625,3.8245315439999104
4307,persistence_gaussian,15,1,1.62587776966393,0.04017662411206397,0.256687059532851,0.1734378897817805,0.856640625,0.6762908864766359
4307,persistence_gaussian,15,2,2.0441943407058716,0.057474129425827365,0.32211109390482306,0.22203913680277762,0.86875,0.9587125359103084
4307,persistence_gaussian,15,4,2.7475759088993073,0.0851144040934741,0.42726179445162416,0.2928799851797521,0.878125,1.3527796287089586
4307,persistence_gaussian,15,8,3.840868316590786,0.14438562863506374,0.5964761103969067,0.40459319297224283,0.865234375,1.9119433034211397
4307,persistence_gaussian,15,16,5.059349454939365,0.22864872915670273,0.7839122861623764,0.5521547759417444,0.8552734375,2.7050533778965473
4307,persistence_gaussian,15,32,6.485623061656952,0.3417797703295946,1.0094533385708928,0.7290242863819003,0.86015625,3.8162710778415203
4307,persistence_gaussian,16,1,1.2197411619126797,0.028756654937751543,0.1888576248893514,0.12978202535305167,0.9076171875,0.6779863256961107
4307,persistence_gaussian,16,2,1.7677431292831898,0.0479302029125392,0.26989859016612167,0.1822403422556817,0.905078125,0.9562258115038276
4307,persistence_gaussian,16,4,2.7801835611462593,0.08891077269800003,0.4185405096504837,0.2693203666713089,0.8892578125,1.3483300656080246
4307,persistence_gaussian,16,8,4.348644375801086,0.1646931455470621,0.6567191272042692,0.4087033432442695,0.8650390625,1.9094997178763151
4307,persistence_gaussian,16,16,5.478145107626915,0.23727416968904433,0.8337890533730388,0.5509055850561708,0.861328125,2.703665416687727
4307,persistence_gaussian,16,32,6.418350994586945,0.3500097715295851,0.9686551219783723,0.6808426044881344,0.8705078125,3.8128921426832676
4307,persistence_gaussian,17,1,1.4435837361961603,0.036093521019211,0.22756170015782115,0.15435059228911993,0.8859375,0.6994239967316389
4307,persistence_gaussian,17,2,1.921316534280777,0.053723071294371,0.294950864976272,0.19599234848283226,0.9078125,0.9833660479635
4307,persistence_gaussian,17,4,2.780489210039377,0.08660245750797908,0.4130419825669378,0.26347329746931786,0.9177734375,1.392440089955926
4307,persistence_gaussian,17,8,3.75310917198658,0.14549618517048654,0.5552991866134107,0.36225429992191494,0.9083984374999999,1.9745815470814705
4307,persistence_gaussian,17,16,4.614709109067917,0.2171110368799418,0.6776976538822055,0.4745670009870082,0.90390625,2.79440950229764
4307,persistence_gaussian,17,32,6.246125862002373,0.3537346916273236,0.909509654622525,0.6704855649732053,0.8935546875,3.967011246830225
4307,persistence_gaussian,18,1,1.9507437832653522,0.04922736363369036,0.30611894745379686,0.20969458413310346,0.78828125,0.6932162195444107
4307,persistence_gaussian,18,2,2.469737261533737,0.0669469489366747,0.3900325922295451,0.2690491473767906,0.81953125,0.9781619040295482
4307,persistence_gaussian,18,4,3.194079887121916,0.09984633349813517,0.49886358832009137,0.34874532045796514,0.832421875,1.3876150958240032
4307,persistence_gaussian,18,8,4.273273944854736,0.15224523795768616,0.6620263895019889,0.45734689198434353,0.84375,1.955098858103156
4307,persistence_gaussian,18,16,5.449721872806549,0.21846003690734503,0.8390721152536571,0.5775490147061646,0.855078125,2.775215309113264
4307,persistence_gaussian,18,32,6.7672717571258545,0.3390440633520484,1.0388187542557716,0.7449221075512469,0.863671875,3.9087286815047264
4307,persistence_gaussian,19,1,1.5554230213165283,0.038532318401848856,0.24605892179533836,0.1683861777419224,0.8544921875,0.6982955811545253
4307,persistence_gaussian,19,2,2.025558013468981,0.05586544255493204,0.3186861705034971,0.22001441079191858,0.8720703125,0.9882376259192824
4307,persistence_gaussian,19,4,2.8152245096862316,0.0875642015598714,0.43517747637815773,0.2967448749113828,0.8771484374999999,1.4019655659794807
4307,persistence_gaussian,19,8,3.9787693172693253,0.14483733585802835,0.6071968888863921,0.41953273047693074,0.8638671875,1.9801774080842733
4307,persistence_gaussian,19,16,5.209991708397865,0.22154414677061138,0.7920517502352595,0.5714129735715687,0.8572265625,2.791357424110174
4307,persistence_gaussian,19,32,6.367249429225922,0.33371741767041385,0.9557361649349332,0.7110349694266915,0.880859375,3.947478249669075
4307,ridge_gaussian,0,1,1.3359546270221472,0.029275369131937574,0.21154646913055328,0.14646245946642006,0.87421875,0.5956448800861835
4307,ridge_gaussian,0,2,1.6720309648662806,0.04120568031794386,0.2645583404228091,0.1890602041967213,0.84453125,0.7025042157620192
4307,ridge_gaussian,0,4,2.216130478307605,0.05951938801445063,0.34761313302442426,0.2511803058441728,0.8240234375000001,0.8506044503301382
4307,ridge_gaussian,0,8,3.0236311964690685,0.09055868035648014,0.47000199975445867,0.3456855099648237,0.794921875,1.0848753973841667
4307,ridge_gaussian,0,16,3.8303652703762054,0.1210106826620176,0.5949814426712692,0.44760874612256885,0.7876953125,1.3685067854821682
4307,ridge_gaussian,0,32,4.729338772594929,0.14987538778223092,0.7360605429857969,0.5483708437532187,0.7849609375,1.6726521756500006
4307,ridge_gaussian,1,1,1.2763395179063082,0.028343262834823642,0.20198151073418555,0.13717495987657455,0.89921875,0.6007960746064782
4307,ridge_gaussian,1,2,1.5258683916181326,0.03874848919804204,0.24068648670800027,0.17040968989022073,0.884765625,0.7095305128023028
4307,ridge_gaussian,1,4,1.9951394256204367,0.05526983004529025,0.3139395567122847,0.22344631538726384,0.8603515625,0.8569300100207329
4307,ridge_gaussian,1,8,2.8191627971827984,0.0847853840095922,0.4390195768792182,0.31172987120226026,0.833984375,1.0914650540798903
4307,ridge_gaussian,1,16,3.700639061629772,0.11880124476738269,0.5747471582144499,0.419023715890944,0.8126953125,1.3782514985650778
4307,ridge_gaussian,1,32,4.2712869718670845,0.13325016270391637,0.6712704272940755,0.5160489669069648,0.7994140625,1.7047499418258667
4307,ridge_gaussian,2,1,1.567335568368435,0.03807967581087719,0.2466194729786366,0.1624787329928949,0.8564453125,0.5920427348464727
4307,ridge_gaussian,2,2,1.8974054604768753,0.04957565790391523,0.29793684207834303,0.2055967380292713,0.8294921875000001,0.7004037415608764
4307,ridge_gaussian,2,4,2.311062380671501,0.06506536336382847,0.3629301134496927,0.2619864658918232,0.81640625,0.8519703950732946
4307,ridge_gaussian,2,8,3.0663987696170807,0.08971765113528814,0.4791660695336759,0.3535416244994849,0.79453125,1.095823761075735
4307,ridge_gaussian,2,16,3.9695736952126026,0.12192281382158394,0.6212888350710273,0.47714312095195055,0.7638671875,1.4044142365455627
4307,ridge_gaussian,2,32,4.898362781852484,0.1398476755712181,0.7651288630440831,0.6068677301518619,0.7345703125,1.7166957650333643
4307,ridge_gaussian,3,1,1.5105633921921253,0.03583225590409707,0.23950034892186522,0.16467385645955795,0.8349609375,0.5941736958920956
4307,ridge_gaussian,3,2,1.8523696400225163,0.0466064893698785,0.2921812271233648,0.20808931184001264,0.8197265625,0.705691616050899
4307,ridge_gaussian,3,4,2.4139392394572496,0.06485161907039579,0.37735336390323937,0.2722392897121608,0.7958984375,0.8529733493924141
4307,ridge_gaussian,3,8,3.3439581021666527,0.09874940494773905,0.5157532608136535,0.3712890506722033,0.77109375,1.0854642484337091
4307,ridge_gaussian,3,16,4.656933270394802,0.1469885831465944,0.7052856301888824,0.4989902558736503,0.7478515625,1.3718129843473434
4307,ridge_gaussian,3,32,5.331841118633747,0.16267181932926175,0.8173259673640132,0.5960163064301014,0.753515625,1.6695426721125841
4307,ridge_gaussian,4,1,1.5937686264514923,0.03730104878195556,0.2502078546676785,0.17058185057248917,0.83046875,0.59540528152138
4307,ridge_gaussian,4,2,1.9551448617130518,0.04998160179820839,0.304889811668545,0.21484504477120933,0.809375,0.7046886906027794
4307,ridge_gaussian,4,4,2.563820706680417,0.07075713673839341,0.39405891043134034,0.2805446560960263,0.7873046875,0.852305643260479
4307,ridge_gaussian,4,8,3.552741389721632,0.10505854361690577,0.5400498809758574,0.3923592569772154,0.74375,1.07225670106709
4307,ridge_gaussian,4,16,4.642310466617346,0.14709583914373064,0.7071646046824753,0.5374710750766098,0.701953125,1.3568332642316818
4307,ridge_gaussian,4,32,5.3509539514780045,0.16027350409422067,0.8213687017560005,0.652475658338517,0.6927734375,1.6483147628605366
4307,ridge_gaussian,5,1,1.6202689073979855,0.0403847810812294,0.2554070954211056,0.17516777827404434,0.8099609375,0.5961982505396008
4307,ridge_gaussian,5,2,2.014265136793256,0.0553227952914312,0.3136248807422817,0.22051880764774975,0.797265625,0.7030411940068007
4307,ridge_gaussian,5,4,2.6750155724585056,0.07392605056520547,0.4099988415837288,0.28445501788519323,0.7875,0.8548902180045843
4307,ridge_gaussian,5,8,3.663878660649061,0.11354416760150338,0.5557324970141053,0.3921941793523729,0.753125,1.0737295001745224
4307,ridge_gaussian,5,16,4.6743292063474655,0.14448992395773527,0.709527850151062,0.5142882731743157,0.731640625,1.3525712955743074
4307,ridge_gaussian,5,32,5.008438240736723,0.14718715555500234,0.7742975149303675,0.5949997981078923,0.7318359375,1.6415553838014603
4307,ridge_gaussian,6,1,1.3788208477199078,0.03195051623333706,0.21773625980131325,0.15283970849122847,0.8607421875,0.5948257632553577
4307,ridge_gaussian,6,2,1.7964141797274351,0.044307111820671666,0.28138788230717177,0.20075106411240992,0.8310546875,0.7053957432508469
4307,ridge_gaussian,6,4,2.495898298919201,0.06547362415585663,0.3844296720344573,0.2695685580838471,0.8029296875,0.8477911483496428
4307,ridge_gaussian,6,8,3.7097472362220287,0.1090890617924742,0.5596361360512674,0.38743412331677973,0.7634765625,1.0754085909575224
4307,ridge_gaussian,6,16,4.8276650570333,0.14601520088035608,0.7277868860401213,0.5292459726333618,0.727734375,1.36528361402452
4307,ridge_gaussian,6,32,5.136734876781702,0.15697213320527223,0.7918042149394751,0.6134279584512115,0.7326171875,1.6678952816873789
4307,ridge_gaussian,7,1,1.5575037896633148,0.036115794209763366,0.24429863505065438,0.17040381126571444,0.823046875,0.5824752869084477
4307,ridge_gaussian,7,2,2.0573200173676014,0.05465828225715081,0.3183200878556818,0.22623728658072648,0.7908203125,0.6899926457554102
4307,ridge_gaussian,7,4,2.853773018345237,0.07812515861587595,0.42926966748200357,0.29643867956474423,0.7791015625,0.837578609585762
4307,ridge_gaussian,7,8,3.7854728139936924,0.11016483436105767,0.5673493235372007,0.3888299814425409,0.7734375,1.0763469189405441
4307,ridge_gaussian,7,16,4.92891413718462,0.1485404907725751,0.7375060208141804,0.5174331571906805,0.7564453125,1.3799658007919788
4307,ridge_gaussian,7,32,5.390695262700319,0.16119875560980287,0.8216491839848459,0.6120719546452165,0.7525390625,1.7021762318909168
4307,ridge_gaussian,8,1,1.2896111272275448,0.032498059037607115,0.20373241649940604,0.14223191502969706,0.86796875,0.5954845054075122
4307,ridge_gaussian,8,2,1.6398302633315325,0.04406555666355411,0.25892656692303717,0.18319349223747847,0.850390625,0.7032937193289399
4307,ridge_gaussian,8,4,2.2012868989259005,0.06159672094509001,0.3435242229606956,0.24332914268597958,0.8224609375,0.8506945371627808
4307,ridge_gaussian,8,8,3.056032497435808,0.09272395382868122,0.47457531513646245,0.3425507112406194,0.7990234375,1.0761280842125416
4307,ridge_gaussian,8,16,4.029084235429764,0.12695270730182523,0.6250436846166849,0.46252594143152237,0.76640625,1.357226885855198
4307,ridge_gaussian,8,32,4.644278187304735,0.1421402056002989,0.7251222617924213,0.5532966535538435,0.7748046875,1.6515642628073692
4307,ridge_gaussian,9,1,1.521762041375041,0.03799916192656378,0.23641894338652486,0.16863953799474982,0.8115234375,0.5894739916548133
4307,ridge_gaussian,9,2,1.9306670352816582,0.05368692398769776,0.2975486330687999,0.21507186384405938,0.7998046875,0.7045518588274717
4307,ridge_gaussian,9,4,2.769999461248517,0.07798795768758278,0.4177184589207172,0.2945934401359409,0.77421875,0.8600866328924894
4307,ridge_gaussian,9,8,3.6514629535377026,0.11507874733069909,0.5484925115015358,0.3854971774853766,0.7662109375,1.0962226334959269
4307,ridge_gaussian,9,16,4.080537535250187,0.13261676521506155,0.6260349196381867,0.455964163178578,0.7931640625,1.4068372640758753
4307,ridge_gaussian,9,32,4.66000048071146,0.1450617887312546,0.7204445428214967,0.5479008676484227,0.79609375,1.7205028031021357
4307,ridge_gaussian,10,1,1.296016614884138,0.028603706188732713,0.20430201827548441,0.14323300775140518,0.8744140625,0.6016396777704358
4307,ridge_gaussian,10,2,1.5884554348886013,0.0413530179066583,0.2507115497719496,0.18147331441286946,0.8564453125,0.7076396523043513
4307,ridge_gaussian,10,4,2.174428790807724,0.05792771236156109,0.34011095436289907,0.24592004762962455,0.835546875,0.8577471682801843
4307,ridge_gaussian,10,8,3.021870143711567,0.09097881952766325,0.46854766202159226,0.34438109723851085,0.8044921875,1.0898309852927923
4307,ridge_gaussian,10,16,3.94994555786252,0.12485896947327997,0.6129117766395211,0.46342719066888094,0.776953125,1.3882270567119122
4307,ridge_gaussian,10,32,4.659928061068058,0.1403302564285695,0.7291977512650192,0.5643783733248711,0.7654296875,1.713185265660286
4307,ridge_gaussian,11,1,1.529539979994297,0.03571011841995636,0.2408218318596482,0.16804824955761427,0.828125,0.5926846414804459
4307,ridge_gaussian,11,2,2.0421876218169928,0.05237755383132021,0.3175724782049656,0.2212473565014079,0.79453125,0.7035362292081118
4307,ridge_gaussian,11,4,3.0573641657829285,0.08361657505156468,0.4581226431764662,0.30982443573884666,0.76875,0.8547614384442568
4307,ridge_gaussian,11,8,4.481518507003784,0.13180857454426584,0.6560794629622251,0.4432594324462116,0.7392578125,1.097858689725399
4307,ridge_gaussian,11,16,5.352712444961071,0.16127256816253063,0.794155789539218,0.5569417777005583,0.7326171875,1.40196412242949
4307,ridge_gaussian,11,32,5.376413248479366,0.15848315984476352,0.8233995125629008,0.6106033120304346,0.7626953125,1.7241519000381231
4307,ridge_gaussian,12,1,1.686147890985012,0.04233609454240646,0.2637582784518599,0.1857881048927083,0.7923828125,0.5959483068436384
4307,ridge_gaussian,12,2,2.1322962529957294,0.05820019199745724,0.32962045166641474,0.23663936450611797,0.7716796874999999,0.7057455610483885
4307,ridge_gaussian,12,4,2.916612956672907,0.08827372628729786,0.4410121259279549,0.31600087764672935,0.7308593750000001,0.8512648707255721
4307,ridge_gaussian,12,8,4.040991704910994,0.12773163989186284,0.6038590548560023,0.4350428110919893,0.7123046875,1.081107497215271
4307,ridge_gaussian,12,16,4.935223858803511,0.16089984308928248,0.7402933621779084,0.5511027658358216,0.7029296875,1.3637893851846457
4307,ridge_gaussian,12,32,5.1123044192790985,0.15608225320465857,0.7875329684466124,0.6054031406529248,0.7328125,1.660148974508047
4307,ridge_gaussian,13,1,1.7660614419728518,0.044344544148771044,0.27398242242634296,0.1847016153624281,0.8044921875,0.5905957827344537
4307,ridge_gaussian,13,2,2.1928876005113125,0.05798816861351948,0.3356341172475368,0.22924868948757643,0.7888671875,0.6999017484486103
4307,ridge_gaussian,13,4,2.8556816671043634,0.08090460830135265,0.43042928632348776,0.28835522825829685,0.787890625,0.8540019057691097
4307,ridge_gaussian,13,8,3.6755701415240765,0.11263572802999983,0.5547126089222729,0.38816909748129547,0.7720703125,1.092183232307434
4307,ridge_gaussian,13,16,4.342683169990778,0.13936019851826126,0.6617913111113012,0.4896826930344105,0.758984375,1.3988529313355684
4307,ridge_gaussian,13,32,4.88756787031889,0.1481344024650752,0.7579607050865889,0.5909667066298425,0.7529296875,1.7174190916121006
4307,ridge_gaussian,14,1,1.4649258479475975,0.03409463443676937,0.23265376361086962,0.1655782347079366,0.8171875,0.580427504144609
4307,ridge_gaussian,14,2,1.9603482689708471,0.05096634622896086,0.3065335461869836,0.22137110889889297,0.7810546875,0.6897782320156693
4307,ridge_gaussian,14,4,2.787405116483569,0.07945050101261582,0.42584893363527954,0.30795893445611,0.74296875,0.8368258876726031
4307,ridge_gaussian,14,8,4.280314043164253,0.13336517330026249,0.6334728710353374,0.4491439936682582,0.7052734375,1.0738760456442833
4307,ridge_gaussian,14,16,5.559280604124069,0.18835341243539,0.8207194996066391,0.5920420745387673,0.6912109375,1.3737411070615053
4307,ridge_gaussian,14,32,5.604568611830473,0.18122822931036348,0.8566260207444429,0.65989422891289,0.7009765625,1.6884433962404728
4307,ridge_gaussian,15,1,1.5836738757789135,0.03841715313319578,0.2488417925778776,0.17415627022273833,0.8119140625,0.5816936166957021
4307,ridge_gaussian,15,2,1.986995754763484,0.052834612637525376,0.30937436991371214,0.22016685758717355,0.7916015625,0.6917954357340932
4307,ridge_gaussian,15,4,2.6152616888284683,0.07150438881944861,0.40173637703992426,0.28567200875841076,0.7642578125,0.8367428127676249
4307,ridge_gaussian,15,8,3.5195179730653763,0.10667487687896933,0.5371478118468076,0.3827345143072307,0.7513671875,1.0696955723688006
4307,ridge_gaussian,15,16,4.341729715466499,0.14363191009033466,0.6674117222428322,0.4926732047460973,0.74609375,1.3765348382294178
4307,ridge_gaussian,15,32,5.03719038143754,0.15440803463570768,0.7813233956694603,0.5848081163130701,0.755859375,1.7146558370441198
4307,ridge_gaussian,16,1,1.1993774939328432,0.027692852760082994,0.18869925744365895,0.1355817872099578,0.8765625,0.5832094373181462
4307,ridge_gaussian,16,2,1.6181493531912565,0.040018667496042284,0.25334388227202,0.17935619235504413,0.859375,0.6890178853645921
4307,ridge_gaussian,16,4,2.521852692589164,0.06857550510903816,0.38327063829638064,0.25978609710000455,0.815234375,0.8384547187015414
4307,ridge_gaussian,16,8,3.845778025686741,0.11661935888696458,0.5718355544377118,0.3826764638070017,0.7869140625,1.0697691142559052
4307,ridge_gaussian,16,16,4.657839484512806,0.15579143929062408,0.7012486942112446,0.49936533835716546,0.771484375,1.3824348114430904
4307,ridge_gaussian,16,32,5.048386178910732,0.1603224461432546,0.780708615668118,0.6009707795456052,0.7552734375000001,1.7043584268540144
4307,ridge_gaussian,17,1,1.4410135485231876,0.03531259406008752,0.22724512754939494,0.1621628672583028,0.837109375,0.6003733081743121
4307,ridge_gaussian,17,2,1.8812750112265348,0.05067480113939378,0.29125091154128313,0.20679684868082399,0.818359375,0.7054276410490274
4307,ridge_gaussian,17,4,2.721930054947734,0.07480352488346392,0.40961837233044207,0.27782953600399196,0.7982421875,0.8540936559438705
4307,ridge_gaussian,17,8,3.6671952977776527,0.11282274994300674,0.5489867297001183,0.3838600569870323,0.7748046875,1.0888904370367527
4307,ridge_gaussian,17,16,4.163669243454933,0.13395164452958847,0.6356307938694954,0.48251422215253115,0.7671875,1.3794017136096954
4307,ridge_gaussian,17,32,5.000382240861654,0.15088980237487698,0.7714446587488055,0.591494235675782,0.7625,1.7010708581656218
4307,ridge_gaussian,18,1,1.8927171286195517,0.04791167809162285,0.2929672684986144,0.20878928969614205,0.744140625,0.5970819145441055
4307,ridge_gaussian,18,2,2.46341579221189,0.0655839345999993,0.3745128447189927,0.2672844820190221,0.7220703125,0.7039100341498852
4307,ridge_gaussian,18,4,3.133046740666032,0.09170055476715784,0.4694696865044534,0.34042696352116764,0.7078125,0.8506727740168571
4307,ridge_gaussian,18,8,4.039083566516638,0.12233970075612885,0.6045996737666428,0.4374392442405224,0.7064453125,1.0728932619094849
4307,ridge_gaussian,18,16,4.95721410959959,0.14886878721881652,0.7431896203197539,0.5431933454237878,0.708203125,1.3532939031720161
4307,ridge_gaussian,18,32,5.416110698133707,0.15873484208714211,0.8260234934277833,0.6301757926121354,0.7009765625,1.6374536268413067
4307,ridge_gaussian,19,1,1.5307036638259888,0.037333031505113426,0.24105579429306084,0.17227306659333405,0.8166015625,0.5998005541041493
4307,ridge_gaussian,19,2,1.950469747185707,0.05250470715691331,0.30494671897031367,0.2204955567140132,0.7986328125,0.70813431404531
4307,ridge_gaussian,19,4,2.6165025662630796,0.07483838533516968,0.4021196577232331,0.2892710673622787,0.76875,0.8557369075715542
4307,ridge_gaussian,19,8,3.6267152428627014,0.11214773496612902,0.5503235477954149,0.4081709384918213,0.729296875,1.0815095454454422
4307,ridge_gaussian,19,16,4.6630177311599255,0.15276361722499127,0.7078085877001286,0.5423025810159743,0.70546875,1.3829203993082047
4307,ridge_gaussian,19,32,5.32555191591382,0.15381308912765232,0.8216390712186694,0.6507480274885893,0.6982421875,1.7117854747921228
