anchors,case_id,data_seed,delta,draws_per_side,estimated_occupancy,estimated_quartic,generator_seed,linear_null,linear_null_rms,model_kind,model_name,model_seed,occupancy_bias,occupancy_nrmse,occupancy_rmse,quadratic_null,quadratic_null_rms,quartic_bias,quartic_contrast_constant,quartic_mc_se,quartic_mc_se_median,quartic_nrmse,quartic_rmse,quartic_truth_rms,seconds,source_core_manifest,status,truth_occupancy,truth_quartic,quartic_calibration_slope,occupancy_calibration_slope
12,00406e12f67784ace985,601,0.12,512,"[0.029192969206395802, -0.011364212163555987, 0.016262313163458813, 0.05862024629114578, 0.05187298117666541, 0.05401545894166184, 0.0346016483628651, 0.05143662550237289, 0.021036885156470085, 0.04645145186166859, 0.04107043564311279, -0.019754879024191006]","[-0.03590238139384305, -0.20315278392875846, -0.05517247883723963, -0.09160579275903728, 0.023724006251384912, 0.201605665220705, 0.08636077023565526, -0.06060265254827444, 0.04315014524080366, 0.00625731387884169, 0.12031019353270177, -0.1132873676099929]",61,"[-0.005780685524426598, -0.05774273645339451, 0.006853924154439847, -0.0612353249665352, -0.0005153744002930662, 0.005199023526452953, -0.03879344981694647, 0.016969211589939866, -0.030619715235931336, -0.040982098630186134, 0.036971450004344375, -0.004739608117067945]",0.032902651812083725,autoregressive_transformer,autoregressive_transformer,6001,-0.19456315119567438,0.8857814379020748,0.2044872388489563,"[-0.014225443687650626, -0.023603929354976128, 0.06973763963471122, 0.06364918438678813, -0.0021149299617551076, -0.004430812195144185, 0.039954086931126565, -0.01075814842838215, 0.029837069229993185, -0.007594411686810225, 0.0406043152956707, 0.021735234076677067]",0.03473626136053727,-3.8966384120795063,8.61851969764162,"[1.359725835408454, 1.3494987666544433, 1.2151947463669466, 1.5089432727778573, 1.3211532571199602, 1.5781081911661503, 1.137159634040388, 1.3393170216231158, 1.3369127470825455, 1.4436645509674249, 1.4173280559755999, 1.1508552423297318]",1.3444078941387796,1.0010573511563694,3.983467415588212,3.979259940488642,35.45715512501192,history_tangent_benchmark/results/stable_sid_core_20260713/run_manifest.json,ok,"[0.20039032980570712, 0.22232036328497057, 0.20918932723152744, 0.12267249285769037, 0.23501840571326418, 0.2428268467223239, 0.24932834696235104, 0.1902818958071825, 0.29801937385149685, 0.2787783287998507, 0.17257941476251232, 0.2867946126672863]","[3.454136009294775, 3.832144860316719, 3.6058046745626355, 2.114510592105611, 4.051021517896195, 4.185615923185102, 4.297682538950893, 3.2798965342375856, 5.136971687635895, 4.80531303607425, 2.974758171076351, 4.943490036901012]",-0.000701242296896065,0.12240250745056001
12,065dc5abc4e61a8f2cce,601,0.12,512,"[0.03839401984937138, 0.10268305323709315, 0.06988349409345225, 0.12443802510411264, 0.036177269371062235, 0.14952178297973212, -0.057421186702468395, -0.023649004861014726, 0.06723183221550393, -0.01460721148268812, 0.040665245295690156, -0.040179663903334537]","[0.014287719155366373, 0.8551787400550537, 0.29716577849326237, 0.8168076788014257, 0.07329162823520494, 0.442033352932554, -0.24992461039207345, -0.18080891290054024, 0.42538120806407864, -0.608168456296949, 0.6940279946195572, 0.4314908849480196]",67,"[-0.04782261927374794, -0.0081530424308861, 0.009465321047710229, -0.08955244976542563, 0.1488637804270769, -0.025926072136228315, 0.02165976918805136, -0.05443530209683865, 0.0671336190912808, -0.12524457719890378, -0.10039079770319323, 0.10764292511412192]",0.08092490405325786,autoregressive_mdn,autoregressive_mdn,6007,-0.19672719954266596,0.8875805537480305,0.21942773353386838,"[-0.0386636928965826, 0.029513256297917605, 0.12691308917751426, 0.08185206970323286, -0.3466823826081637, 0.09274739322203684, -0.09731523701101974, -0.011481482603427814, 0.019940722428796187, 0.07820425340994142, 0.12442954887343187, -0.07581017485819297]",0.12626324122968077,-3.355891058684238,7.582956818553889,"[1.3668630051623134, 1.5015221417871132, 1.3730261399941637, 1.7284226095521629, 1.5690219636946316, 1.5219206150066154, 1.5321467613884854, 1.4730456560470753, 1.6129229866214085, 1.5726158032756674, 1.6938175814764693, 1.5751956481101688]",1.5505843625415585,0.9466706550262245,3.549369657326075,3.7493183489750725,0.2786179580143653,history_tangent_benchmark/results/stable_sid_core_20260713/run_manifest.json,ok,"[0.2695283326005544, 0.2524473369340805, 0.05623726573776875, 0.2862892945143414, 0.17979148016371943, 0.28972182222126996, 0.25712908807498197, 0.27121872340829295, 0.24682609640553033, 0.28076232365150805, 0.16631603021933286, 0.29759625577712306]","[4.087643414973669, 3.8285945098601135, 0.8528895153660812, 4.341838715833015, 2.726702060850745, 4.393896134593273, 3.8995975433334555, 4.113279735976792, 3.743343261470711, 4.2580171530524735, 2.5223345507730093, 4.513319113842486]",0.0608042398489339,0.15239762364739345
12,06db3494c4e594d23f00,607,0.12,512,"[0.02304326696005582, 0.03154982067247458, 0.024648152556120316, 0.02244653833614561, 0.031222754112568883, 0.02429219445313352, 0.03581135413266758, 0.019323246755890516, 0.012583992842070402, 0.01917785673036405, 0.026327836314492724, 0.02920879798718144]","[0.012025264891935932, -0.014596220316450206, 0.014211841774115254, 0.0034721548445850368, 0.019145279837259194, -0.005483724017634611, -0.027834192481482046, 0.009030719721950705, -0.0054348154929428445, 0.0016997277768287615, 0.01109682957521815, -0.015319803398640188]",67,"[0.008363027246428296, 0.0020228969061353184, -0.004591447575835435, 0.01379090673840003, -0.005125303178633855, 0.0118205656063661, -0.02475750610831743, 0.0010348337633119392, 0.002937355325340208, 0.004226535049112523, -0.003752285667396373, -0.004769770006342265]",0.009698042492115195,gaussian_anchored_edm,diffusion_gaussian_anchored,6001,-0.16715594261425934,0.8894504159086594,0.18499975089195989,"[-0.01731662506518905, 0.0020017379844009904, -0.02855065634568462, -0.029561681714146415, -0.026126194550391002, -0.0014912959614606556, -0.03917372180006577, -0.04809473988915033, -0.018828814726679077, -0.015103092995157516, -0.015018970703693329, 0.0015666805505835473]",0.024725229360456045,-2.9135924048201205,7.582956818553889,"[1.31787724942448, 1.1319390381168688, 1.0516924864820418, 1.0988676278318532, 1.1170043498001938, 1.193064729811056, 1.1378558852306409, 1.0787638602597593, 1.0589860963444497, 1.0936136988886993, 1.1505677032082926, 1.0978345917184438]",1.1079359888160236,1.0003856138801932,3.1556252128439217,3.154408829015649,0.5328841249865945,history_tangent_benchmark/results/stable_sid_core_20260713/run_manifest.json,ok,"[0.25148408548562734, 0.2716955737609966, 0.11821464766262521, 0.0777083961507663, 0.09055745987737868, 0.06364035630594421, 0.24043433763650074, 0.27454510147811445, 0.1814702064014434, 0.20703813011238223, 0.2873398899766032, 0.24137893837589502]","[3.813985921582054, 4.120511607243721, 1.7928331370924986, 1.1785188249006802, 1.3733866156961778, 0.9651641475707172, 3.6464063999903824, 4.163727298508075, 2.7521614779924137, 3.1399224008726723, 4.357771955881216, 3.660732133225584]",-0.00037641354452460306,0.11207768028397556
12,08141560d14df9a96864,607,0.12,512,"[0.03197814238135681, 0.010971265562540838, 0.019133316368345293, 0.035398436594734586, 0.04182222143298345, 0.020802867141261894, 0.020243856168160095, 0.03240597511198114, 0.021153123522097788, 0.024122116122415882, 0.013027847913443571, 0.031463554133832894]","[0.03917558862180509, -0.004583923658472294, 0.05204512848447548, 0.023520357468752078, 0.018633511428542474, 0.014634382671826346, -0.0014060152730789588, -0.016712886193601582, 0.036437152108656966, -0.003389829343165146, -0.019473215789787487, 0.05523568392040504]",61,"[0.09303082099097126, 0.0026386889021133824, 0.02949088169516001, 0.007581622427826396, 0.03795959670424033, 0.05996852804678622, 0.036770008524370075, -0.02326264340026198, 0.02883634986554339, 0.08404967768547278, -0.02039648615604015, -0.0046964115192909064]",0.04550932614983167,gaussian_anchored_edm,diffusion_gaussian_anchored,6007,-0.20445636435096395,0.9014614143041327,0.21612479084195588,"[0.011406210584733827, -0.002212042734435945, -0.009969973877020182, 0.004751297871363747, 0.01432994767112672, 0.03158310334009744, -0.03408621602703129, 0.043449929315236835, -0.02257715273920232, -0.01186236344174659, 0.017629373082874343, 0.0294747425217734]",0.022984732278869286,-3.9425957528045323,8.61851969764162,"[1.4740747913284622, 1.5355022534881388, 1.430054657461147, 1.5434067181695852, 1.5494730886871695, 1.641187289538974, 1.4988651023232162, 1.5634970447669019, 1.5137977768399034, 1.542271459286231, 1.4022283575291081, 1.5545319373402617]",1.538886856387185,0.9959491402534791,4.1158285852238405,4.132569042809074,0.49481395797920413,history_tangent_benchmark/results/stable_sid_core_20260713/run_manifest.json,ok,"[0.24008259640618165, 0.2145766879493837, 0.2876200250020884, 0.22654498904312464, 0.07625856905294984, 0.24436571655935224, 0.27112627005969153, 0.29739684253041515, 0.19498120549319847, 0.29721313050843823, 0.11392651291673514, 0.2919065491431628]","[4.1383131723752395, 3.698666823492925, 4.957717701833348, 3.90496490094035, 1.3144719589936238, 4.212141483190172, 4.673414198115106, 5.126241090729612, 3.3608987204260794, 5.123074439369408, 1.9637557913130086, 5.03160468732188]",0.004068100954560255,0.09991261571250708
12,09895c282634fe6ac387,601,0.12,512,"[0.08734308766483873, 0.07014946593943162, 0.0699749186031907, 0.07075013684912923, 0.06625023604032906, 0.06956166707747144, 0.05938342598979287, 0.06215517957508359, 0.07751330470368116, 0.0674010339689631, 0.06797596465052125, 0.06706982559723657]","[-0.0004622515836542686, 0.0011326504692475508, 0.0005947658527050272, -3.513058448411494e-05, 0.001354665571429213, 0.0018852128380911996, 0.00013651543127924233, 0.0009081831380214919, 0.002144287194026145, 0.0015087782198205007, -0.0004946631229124195, -7.829095453424964e-05]",61,"[-0.020378738576550127, -0.02646933227696524, -0.009321830921552856, -0.007469216863675605, -0.019177060685067936, -0.0195590905480987, -0.0069793334088782966, -0.037931154790964004, -0.022473881102653203, -0.014848521244623566, -0.014656432337028895, -0.012844413210590534]",0.019582622871193712,heteroscedastic_gaussian,gaussian_nll,6007,-0.1919677173870078,0.736197569034993,0.19322899593913936,"[0.0017404917380147342, -0.01211508888506833, 0.001665844450870572, 0.0024063153114807965, 0.008654806743200091, -0.0042339258401876325, 0.005850118254138725, -0.008916092124406732, 0.0013659725609312576, 0.005169062791811804, 0.0038041012176831535, 0.00296227439337086]",0.005893172732602968,-4.508408322312088,8.61851969764162,"[0.05533929556720473, 0.07767905592064792, 0.06437284323361467, 0.07663251664831416, 0.06674808401375772, 0.07099914186803515, 0.07536345282144213, 0.07264615845782732, 0.0727465150173169, 0.06402302532337453, 0.0769484433022871, 0.06846251215416081]",0.07182265016293124,0.9998442325894024,4.5234827463727205,4.524187467339566,0.09853499999735504,history_tangent_benchmark/results/stable_sid_core_20260713/run_manifest.json,ok,"[0.26632463688482705, 0.21012876958644278, 0.27274862592980614, 0.2882636225762486, 0.25164097587359, 0.2640998399282414, 0.2381599705522065, 0.28179910906302824, 0.25767439059009073, 0.2769832526272442, 0.24775858813959328, 0.28355907355244414]","[4.590648257918267, 3.621997879443909, 4.701378810161439, 4.968811418573856, 4.33754541460059, 4.552299345131094, 4.1051727947878796, 4.857382344475137, 4.441543621756995, 4.774371237369499, 4.270624544281925, 4.887718921713497]",0.00015578624005329738,0.2645340789623454
12,0b18f95ee0b1ee2d31d2,607,0.12,512,"[0.06691603688995587, 0.06424257219163922, 0.05262248070731594, 0.07014557872579846, 0.05829408529286577, 0.06542074170173737, 0.061992157479137666, 0.05834904049590746, 0.054752555023196425, 0.08329122765294897, 0.06792214761107442, 0.06504209589690535]","[-0.0022303182409127765, -0.0013571903494096651, 0.00036427537107811686, -0.000829176441300964, 0.0011111923120436275, -0.0003427264595719089, -0.0003604119788641794, 0.0025523534405542197, 0.000224097443964117, 0.00030142933838086795, 0.0007108298937850992, 0.0004387431707228064]",67,"[-0.029448004141056108, 0.019419186746293983, 0.012601524930943436, 0.022760654594583207, 0.00948358804979532, -0.030255203302289684, -0.010403058485489055, 0.0134713533499288, 0.006736273584857629, -0.03155220756950606, -0.02689284317357564, -0.017232849823974224]",0.020970748789214073,mean_mlp,mean,6001,-0.12804303362964956,0.7234405600012843,0.15047080870567794,"[-0.013020948574210545, 0.020887457090566774, -0.0017585726564637676, 0.006331818136469844, 0.008089233262686957, -0.009348483232296534, -0.019842319375461735, -0.0028181012436882353, -0.0055700430605441316, -0.015493673292261978, -0.0011109542673345962, 0.00610706524806585]",0.011229107962626998,-2.9137115685879764,7.582956818553889,"[0.07132760297460529, 0.05847927732952051, 0.05782866922863315, 0.06020171880260578, 0.07297977278816749, 0.06287769121786618, 0.07123740034389378, 0.05941010296606521, 0.0543214081002048, 0.06075053591833285, 0.06937902844460649, 0.0660595691589333]",0.061814113568099516,0.9999803663413106,3.1543468964293337,3.154408829015649,0.09789899998577312,history_tangent_benchmark/results/stable_sid_core_20260713/run_manifest.json,ok,"[0.25148408548562734, 0.2716955737609966, 0.11821464766262521, 0.0777083961507663, 0.09055745987737868, 0.06364035630594421, 0.24043433763650074, 0.27454510147811445, 0.1814702064014434, 0.20703813011238223, 0.2873398899766032, 0.24137893837589502]","[3.813985921582054, 4.120511607243721, 1.7928331370924986, 1.1785188249006802, 1.3733866156961778, 0.9651641475707172, 3.6464063999903824, 4.163727298508075, 2.7521614779924137, 3.1399224008726723, 4.357771955881216, 3.660732133225584]",1.9702442060730122e-05,0.2864732315233585
12,0bdde251749779ed9f6a,607,0.12,512,"[0.03510578136190212, 0.03152670603202151, 0.02113816841900531, -0.009360074298471235, -0.019002908661348388, 0.06411282134878271, 0.029030577088284826, 0.03406225437032525, 0.018363851952253134, 0.009677397307099322, 0.000651531784044701, 0.03531982002244287]","[-0.14665673315619743, 0.09425143514632621, -0.07062034530616844, -0.17706368521903382, -0.26843915851189754, 0.21281312430119342, -0.07659677305670784, 0.009724312070705232, -0.23971596824214625, 0.299746094205536, 0.2359761371430319, -0.24639639987691625]",61,"[-0.015026579263947501, -0.04532095317357398, -0.02920694975575358, -0.019122243155741438, -0.059750549878445636, 0.02282737809263637, 0.007895656449818819, 0.002771904256575631, -0.013094948142334506, -0.027387543524122714, -0.026720960736001158, -0.017819204706233382]",0.028303156817121845,autoregressive_transformer,autoregressive_transformer,6001,-0.2116621653785181,0.9106598262681158,0.22146502002434862,"[0.01799973893061302, -0.007584222461752092, 0.0006354078247154209, -0.07434367735361473, 0.030568885571484, -0.005934774778271201, 0.0600618678593697, -0.06270170403722872, 0.002216117460496214, -0.015210771718480547, 0.07345530892070573, 0.07026605301449311]",0.04563148262795459,-4.03951466086744,8.61851969764162,"[1.5644162978948526, 1.4559788389697859, 1.6493559574720167, 1.4278492663397018, 1.2249261249316448, 1.229967337001704, 1.4248783282805433, 1.556850102268337, 1.3470735019559497, 1.2174944940164474, 1.242666685031466, 1.3710247070319987]",1.3979515176562711,1.0043570204844692,4.210171196527536,4.1919069719816235,28.332712250004988,history_tangent_benchmark/results/stable_sid_core_20260713/run_manifest.json,ok,"[0.20485623368434575, 0.29805214453044554, 0.1890290596138764, 0.0877183690309477, 0.19985684209513668, 0.2813851838229858, 0.12069018696265893, 0.29901875577462594, 0.29618534633719823, 0.22029904756930851, 0.29412927316890825, 0.29935146867812157]","[3.531114970386417, 5.137536557119944, 3.2583013474177314, 1.5120049826764388, 3.444940260610773, 4.850247498805822, 2.0803415072994516, 5.154198073215806, 5.105358483119897, 3.7973033616955476, 5.069917868918497, 5.159933058640679]",-0.003290590930110498,0.09303853710176081
12,0ea6647c8a6ae6391481,601,0.12,512,"[0.044160130298182464, -0.008836478821432533, 0.14368546162982038, 0.11146814208041293, -0.015893992655904392, 0.040398723654624935, -0.05105133654522883, 0.025393613863550213, 0.04459259433193391, -0.019574817419374068, 0.0034859391952427043, -0.0014606995712688569]","[0.2216960738644136, 0.09140268880571326, 0.920179994727235, -0.4187090108477403, -0.2057721115169997, 0.719861273625449, -0.6042351764415297, 0.05441406668148889, -0.1626905090591389, -1.285175880911095, 0.32939063304418353, -0.01475242779545305]",61,"[-0.10625880372704889, 0.0026047089407729013, 0.034013321006640236, -0.09157768363021734, 0.07540926898649981, -0.015626647347598048, -0.005388916968809138, 0.018189584116837156, -0.0879683571380487, 0.036817110409635326, 0.015392952843423213, 0.07518812283620578]",0.059242352295005164,autoregressive_mdn,autoregressive_mdn,6007,-0.2352311312719337,0.9139154423727331,0.2398744178610072,"[0.10326135383996923, 0.08353214783621832, 0.13351959398649565, -0.1807910027753564, -0.09428340760014124, -0.014120903414815977, -0.1129669706064318, 0.07038072417944927, -0.09763871223430846, 0.14655271263144254, 0.049044574250691385, -0.09430546299411535]",0.1069528889855132,-4.538657081336463,8.61851969764162,"[1.5773463385816069, 1.7362432387529407, 1.5809232728230918, 1.5758259629284113, 1.7128876148101748, 2.0313362162318107, 1.6835185959567667, 1.484738139788639, 1.8005317439464699, 1.6828394495605785, 1.4651896795518315, 1.7364359098171835]",1.6831790227586727,1.0147864907111073,4.59108432330069,4.524187467339566,0.25943954099784605,history_tangent_benchmark/results/stable_sid_core_20260713/run_manifest.json,ok,"[0.26632463688482705, 0.21012876958644278, 0.27274862592980614, 0.2882636225762486, 0.25164097587359, 0.2640998399282414, 0.2381599705522065, 0.28179910906302824, 0.25767439059009073, 0.2769832526272442, 0.24775858813959328, 0.28355907355244414]","[4.590648257918267, 3.621997879443909, 4.701378810161439, 4.968811418573856, 4.33754541460059, 4.552299345131094, 4.1051727947878796, 4.857382344475137, 4.441543621756995, 4.774371237369499, 4.270624544281925, 4.887718921713497]",-0.0071704059494890815,0.10815745628191581
12,1586f0d6e6add7c3aa13,601,0.12,512,"[0.006993792237370197, 0.025886356855308927, 0.029115669289059752, 0.021390985529578382, 0.018580094696439564, 0.018379593483540402, 0.019580858778489585, 0.023649559493962396, 0.01724359225202301, 0.020867354746515836, 0.023628636704133475, 0.027357384806055617]","[0.02045852672403666, 0.032730481478998597, 0.032337467352615744, 0.02730627835266832, 0.06597241682953399, 0.028415197264257397, 0.02371689184509501, 0.02486809588743312, 0.035948951225895046, 0.03401498299525502, 0.03654232646015862, 0.026254352162332028]",67,"[-0.00048538215921087747, -0.001015965744314886, -0.0011687674032794088, 0.00020001744401099028, 0.00322960898419683, -0.0011566858424995909, 0.0008601052893373572, -0.0013228649684590816, -0.0036292930290949435, 0.0004004456979296578, 0.00269261949712924, 0.0012794157693254288]",0.0018062642094640972,conditional_edm_diffusion,diffusion_edm,6001,-0.17701106029785454,0.9093543693223892,0.19268079009739786,"[0.0018036246449822566, 0.016371081916529327, -0.012497441855343258, 0.015130279914005174, -0.008576925849031655, 0.007111930764325258, 0.010180076770978838, -0.009962151950976272, 0.015022120482540332, 0.020149640574727384, -0.01592081408916905, 0.008196485452962218]",0.012700804676215087,-2.971489808019701,7.582956818553889,"[1.564476138059841, 1.502182664477175, 1.7145751228187627, 1.4346850560229591, 1.5256754969873108, 1.4579326540408581, 1.5192184925249872, 1.6357910148063617, 1.6621627296126926, 1.3131033573424804, 1.3688551196819105, 1.468657067087629]",1.5107005785010812,0.9905621842105647,3.183138852308593,3.2134669615370157,0.2998575000092387,history_tangent_benchmark/results/stable_sid_core_20260713/run_manifest.json,ok,"[0.28728294840353563, 0.17657707316284418, 0.2886592929901904, 0.22499733008220837, 0.25132119599275, 0.17565790789668273, 0.1971484157849256, 0.11260293963143014, 0.07912268234215306, 0.2820919430481082, 0.06614129435927318, 0.23520357875263012]","[4.356908384901711, 2.6779526418809563, 4.377781908037817, 3.412290076606604, 3.811515553600684, 2.6640126608361228, 2.9899358474867976, 1.7077264577347304, 1.1999677671374058, 4.278182045991534, 1.003093158099261, 3.567077162501066]",0.009450156061000284,0.09181761464338728
12,1694b63cee9770e1d1f3,601,0.12,512,"[0.022588347242861788, 0.021287490637515033, 0.022178833489578297, 0.0186352400799709, 0.02563107227111274, 0.028110985282887396, 0.02696251108654929, 0.026543881959808596, 0.022741098961791738, 0.027425917437877888, 0.024029240174403, 0.021971486509287284]","[-0.008355988691013025, 0.0005292407348846697, -0.00028348301034375467, -0.0052395619652277625, -0.0003598259586855973, -0.01230491390694084, -0.0014743132490715092, 0.010320202625661972, -0.00960056754107606, -0.014397902250589078, -0.013511032859464187, -0.022922078808814327]",67,"[0.001042428575509282, -0.001505793228897045, 0.003902232133877817, -0.0008625345466959968, 0.005643616249592065, -0.0002906528571654475, 0.0019350063510515, 0.002678031103484485, 0.0020722645775430454, -0.002076744622010046, -0.0006559659090997946, 0.00015730013790416406]",0.0024365039672943675,conditional_flow_matching,flow_matching,6001,-0.17405837477609065,0.8955899374353243,0.18976427954803113,"[0.020666494220455967, 0.016833576000752082, 0.013899066467922458, 0.017483497640709743, 0.013561678713513992, 0.02041700326770683, 0.019950473644133236, 0.01534850820321676, 0.02027653322140092, 0.024823252033926806, 0.019181984383143114, 0.01944528701772752]",0.018746334331713667,-3.010336990807948,7.582956818553889,"[1.6719235891842994, 1.7585454007123205, 1.9392136942349283, 1.6452872973833643, 1.7219795666573257, 1.6712665696098552, 1.7555641031065943, 1.841447206559835, 1.9430639005187451, 1.8705428691532102, 1.6540144465834263, 1.5344409018024399]",1.7387718348819599,1.0019684419536292,3.219792484720707,3.2134669615370157,0.27099604200338945,history_tangent_benchmark/results/stable_sid_core_20260713/run_manifest.json,ok,"[0.28728294840353563, 0.17657707316284418, 0.2886592929901904, 0.22499733008220837, 0.25132119599275, 0.17565790789668273, 0.1971484157849256, 0.11260293963143014, 0.07912268234215306, 0.2820919430481082, 0.06614129435927318, 0.23520357875263012]","[4.356908384901711, 2.6779526418809563, 4.377781908037817, 3.412290076606604, 3.811515553600684, 2.6640126608361228, 2.9899358474867976, 1.7077264577347304, 1.1999677671374058, 4.278182045991534, 1.003093158099261, 3.567077162501066]",-0.0019648703942187306,0.10546579536504219
12,1cce6ad2b4d6d04bc066,601,0.12,512,"[0.07789791648357923, 0.07017478562367808, 0.06769979009083235, 0.07357617208068878, 0.06757012756935105, 0.06678531237518752, 0.05887914838465513, 0.06392546859941238, 0.07175043041211249, 0.06893841291410556, 0.06556454530369238, 0.06674072599955408]","[-0.0007624253330644063, -0.00022663994593123885, 0.0007152980577458314, -4.6826059661210246e-05, 0.0011030338707988577, 0.0007076231949228011, -0.0014569672539860115, 0.0005781118074054752, 0.0020236676808330746, 0.00024609777369531325, -0.0005203945854578319, 0.0003649792006381296]",61,"[-0.003986623344710087, -0.008826088153039528, -0.0007197993655803203, -0.0038233610587884294, -0.004055752836041512, -0.0004847934086338902, 0.003012601800961359, -0.01505441116159033, -0.014819328189223203, -0.00313723266313302, -0.0028625687313660565, -0.00039953055036874346]",0.007065957475841786,constrained_gaussian_dsm,gaussian_dsm,6007,-0.1933031682889095,0.7408321893643925,0.1944454398265905,"[0.001804983741015657, -0.009668382457587537, -0.003932204102762479, -0.002659173277285802, -0.0021215288703815838, -0.0034694499629131514, 6.64077747736247e-05, -0.0019995733338597685, 0.0031402107811093205, 0.0025806276005147883, 0.001782253650690439, -0.006223649603947131]",0.004064485346771358,-4.5088974193171785,8.61851969764162,"[0.054225747420100244, 0.0766472368536954, 0.0693625076368588, 0.07446175742749943, 0.07221938384384087, 0.07166297317849156, 0.07161307741445687, 0.07303656675600134, 0.07501953636917208, 0.06139979755809941, 0.08187651252621286, 0.07002598757151234]",0.07194117851116621,0.9999455979949677,4.5239413424702,4.524187467339566,0.09781687500071712,history_tangent_benchmark/results/stable_sid_core_20260713/run_manifest.json,ok,"[0.26632463688482705, 0.21012876958644278, 0.27274862592980614, 0.2882636225762486, 0.25164097587359, 0.2640998399282414, 0.2381599705522065, 0.28179910906302824, 0.25767439059009073, 0.2769832526272442, 0.24775858813959328, 0.28355907355244414]","[4.590648257918267, 3.621997879443909, 4.701378810161439, 4.968811418573856, 4.33754541460059, 4.552299345131094, 4.1051727947878796, 4.857382344475137, 4.441543621756995, 4.774371237369499, 4.270624544281925, 4.887718921713497]",5.442063909395079e-05,0.25958866533969427
12,203e85a063cdbab0541a,607,0.12,512,"[0.017520232212141218, 0.02706112461840794, 0.02150590971095786, 0.039715347708179735, 0.03545224266683402, 0.014057496949875192, 0.024161480137847396, 0.014287570949404055, 0.019292901483169055, 0.026192451663943628, 0.02894141677917591, 0.02781492350825282]","[0.0034545072403439846, 0.020649911751242922, 0.03836717451647885, 0.02927355922507901, 0.06944979647465939, 0.019027513320797607, 0.0241568117612311, 0.027216787424476828, 0.002481673847462562, 0.044126992543568055, 0.039007077057830075, -0.0015923520080899796]",67,"[-0.007881999555163846, -0.009952140139013863, -0.015735109934782197, -0.010670373215297044, -0.014304048406680512, -0.010774809520402244, -0.008564463180943727, -0.010062113017736943, -0.018680570382243723, -0.0053900357424321, -0.010102465889250789, -0.004240969853096244]",0.01123974297592272,conditional_edm_diffusion,diffusion_edm,6001,-0.16745866873634072,0.8960005268299789,0.18636213025238876,"[0.009734488262206725, -0.016930034831545242, -0.032157644884822645, -0.029944806659112, -0.025815991328875798, 0.013054927525775936, -0.024033032553819982, -0.018482421328861836, -0.04094479418505308, -0.0025918218502692567, -0.001442710020323664, 0.011648732749895235]",0.022153335156475946,-2.887458538950092,7.582956818553889,"[1.4205236486222188, 1.4489462367532477, 1.3470547542499218, 1.247250689410594, 1.4096865386321438, 1.5166416617270722, 1.400011546955427, 1.3614215110173027, 1.2715968796754493, 1.5419624350290444, 1.4966550444226316, 1.3118572332316052]",1.4048490427937854,0.9931099106098132,3.132674670210537,3.154408829015649,0.32705591700505465,history_tangent_benchmark/results/stable_sid_core_20260713/run_manifest.json,ok,"[0.25148408548562734, 0.2716955737609966, 0.11821464766262521, 0.0777083961507663, 0.09055745987737868, 0.06364035630594421, 0.24043433763650074, 0.27454510147811445, 0.1814702064014434, 0.20703813011238223, 0.2873398899766032, 0.24137893837589502]","[3.813985921582054, 4.120511607243721, 1.7928331370924986, 1.1785188249006802, 1.3733866156961778, 0.9651641475707172, 3.6464063999903824, 4.163727298508075, 2.7521614779924137, 3.1399224008726723, 4.357771955881216, 3.660732133225584]",0.00691976151407116,0.10628798793451122
12,2050300a45d1cc847fbe,607,0.12,512,"[0.011973099960793654, 0.018984183697930146, 0.03689004135915136, 0.03245375201836598, 0.013939692766571967, 0.031680660789817676, 0.024382166144790628, 0.013290082968418309, 0.027757677079170984, 0.013477118463705678, 0.020882062080240793, 0.03633706590217556]","[-0.1226770443533063, 0.02141740543471285, -0.04236190508598072, 0.040507444267284115, 0.025196632511235995, 0.045914902129862045, -0.0028506398140819983, -0.003533238162178095, -0.07306200614997788, -0.006331486497158807, 0.02447970313107876, 0.0024961415017140296]",67,"[-0.08076577243104922, 0.03648192457168717, -0.00662110469743261, -0.025244868587842237, -0.014603688858339538, -0.06407430297370616, -0.006044234813091151, -0.016023012585987106, -0.043892579783490614, 0.019631165391270404, -0.01432676304946743, 0.008888937444223784]",0.03622090502958486,gaussian_source_flow_matching,flow_matching_gaussian_source,6007,-0.20751616245134222,0.9060239454113693,0.21508402344697689,"[0.1265529800354585, 0.012243975146947195, 0.019858990716303815, 0.02236438190878487, -0.0010888442546005037, 0.02502131394031548, 0.030711195404816337, 0.004906433595399292, 0.01857943616673056, -0.047052300712241424, 0.003649819659975092, 0.0014996947066211095]",0.04206077333154189,-3.511198338311368,7.582956818553889,"[1.7601499499800686, 1.3864117213443548, 1.44331725340598, 1.2929553954373596, 1.2973028204664558, 1.5200353988668422, 1.3552810457063897, 1.5724702180679342, 1.4966378228901478, 1.792025677943219, 1.564619823381077, 1.4174749574125738]",1.469977538148064,1.0028717198927093,3.61062545345717,3.600286439270066,0.2839177089917939,history_tangent_benchmark/results/stable_sid_core_20260713/run_manifest.json,ok,"[0.25659534253806526, 0.21164162065597283, 0.22744836543426342, 0.19055276663421522, 0.29650300263612195, 0.27647023511393015, 0.11670111967887661, 0.2934125513795377, 0.2994791313191322, 0.2019813703343985, 0.16563570189876559, 0.23582034502396035]","[3.891502804616385, 3.2097385408860095, 3.449462267077369, 2.8899068020864607, 4.496738931122565, 4.192923708968747, 1.7698791024036216, 4.4498694142655175, 4.541874641702017, 3.06323201879617, 2.512016750218408, 3.5764309865063413]",-0.0027868301952138986,0.09517608661844042
12,21400f45d37419ba52e5,601,0.12,512,"[0.01684208883183727, 0.02739830808176682, 0.015035771040430856, 0.0227415622833127, 0.0184529046763147, 0.01601976572488719, 0.01778614860216225, 0.017984039427088504, 0.016967912412978875, 0.021085907894068345, 0.017987904629188554, 0.014625453269010807]","[-0.0007939473940880386, -0.0023141762737359057, -0.0009078828525665069, -0.00014704191218702553, 0.0003945192067848306, -0.002575592498876844, -0.0013661605392178977, 0.0006156882324859225, -0.0020622960461569306, -0.00032242360545146437, 0.0007393502458781972, -0.00024066343520627126]",61,"[-5.933132605634439e-05, -4.969907375646186e-05, -3.677177843770345e-05, -6.679010447624423e-05, 1.4836226532033425e-06, -7.316168360039141e-05, -3.9116634117699243e-05, -4.129209157157736e-05, -3.216313685100216e-05, -5.2963243463849397e-05, -2.8335176104008396e-05, -5.5355474948050785e-05]",4.8390727629048196e-05,conditional_vector_diffusion,diffusion_legacy,6001,-0.20710599763275972,0.9226128315891103,0.21298995709947516,"[0.00016462081414333105, 0.00011844303693386848, -1.344204146510227e-05, 0.00023829392237217917, 0.0003270662954320732, 8.602942376256806e-05, 0.0002564774042331427, -0.0002463126819322407, 0.00010328904274103934, 6.348556983818791e-06, 7.206064513246939e-05, -9.02592289427536e-05]",0.0001739170928923193,-3.89086051742578,8.61851969764162,"[19.22879344671972, 14.924075724528574, 16.7890358275449, 19.89123993052178, 20.455914338692256, 18.954079874566713, 18.47853821368066, 11.90804700063105, 21.458412255914393, 18.067748655158013, 15.13155960727614, 15.569175588253827]",18.27314343441934,1.000207191785842,3.9800844104620405,3.979259940488642,0.6209132090152707,history_tangent_benchmark/results/stable_sid_core_20260713/run_manifest.json,ok,"[0.20039032980570712, 0.22232036328497057, 0.20918932723152744, 0.12267249285769037, 0.23501840571326418, 0.2428268467223239, 0.24932834696235104, 0.1902818958071825, 0.29801937385149685, 0.2787783287998507, 0.17257941476251232, 0.2867946126672863]","[3.454136009294775, 3.832144860316719, 3.6058046745626355, 2.114510592105611, 4.051021517896195, 4.185615923185102, 4.297682538950893, 3.2798965342375856, 5.136971687635895, 4.80531303607425, 2.974758171076351, 4.943490036901012]",-0.00020715844359154526,0.07774249909779861
12,22e4b75163519c01c823,607,0.12,512,"[0.027336277672243097, 0.02897764047110433, 0.028292368074784673, 0.0274634486150722, 0.01603689444174272, 0.02219559415892978, 0.023176437349854466, 0.04412908961296952, 0.02739380279816045, 0.020526531849776597, 0.04795930021133215, 0.034911768843766636]","[-0.05430127695587421, -0.04471200115056424, 0.03638019956743617, 0.0686021110194055, 0.026792053935269927, -0.002825004070510038, -0.018524411376943016, 0.008663806791855966, -0.028209941941877613, 0.0506219519175936, 0.012695004555390046, 0.030790611720899384]",67,"[0.03411678637247317, 0.01789117977413583, 0.054563110489083085, 0.025932275783464045, 0.06832894544227716, 0.012823426440585449, 0.010735952114492757, 0.07416198653630136, 0.05602944074571614, -0.038867765891966125, 2.1526975855362673e-05, -0.014937748445623008]",0.04128695273443009,gaussian_source_flow_matching,flow_matching_gaussian_source,6001,-0.1630923307603784,0.8620517103637619,0.17930100297986862,"[-0.003249220531868306, -0.01586384182019618, -0.005435689559637099, -0.05186738634485415, 0.024212752374652702, -0.009300342864345298, -0.052934399410538756, 0.017723238133630453, -0.014264698297842642, -0.060727456842028335, 0.0023046188670291143, -0.016628789544159694]",0.03019939638786619,-2.9065957347120093,7.582956818553889,"[1.8114439755966814, 1.536823878835663, 1.768988204358072, 1.4422070809712442, 1.7404797841799056, 1.6723931895478474, 1.6247905052560117, 1.6847143215208622, 1.5582812271994884, 1.7320990649275403, 1.6984195708939893, 1.6290657164172984]",1.6785537555343548,1.0000135543968025,3.1544515851245944,3.154408829015649,0.286006250011269,history_tangent_benchmark/results/stable_sid_core_20260713/run_manifest.json,ok,"[0.25148408548562734, 0.2716955737609966, 0.11821464766262521, 0.0777083961507663, 0.09055745987737868, 0.06364035630594421, 0.24043433763650074, 0.27454510147811445, 0.1814702064014434, 0.20703813011238223, 0.2873398899766032, 0.24137893837589502]","[3.813985921582054, 4.120511607243721, 1.7928331370924986, 1.1785188249006802, 1.3733866156961778, 0.9651641475707172, 3.6464063999903824, 4.163727298508075, 2.7521614779924137, 3.1399224008726723, 4.357771955881216, 3.660732133225584]",5.59123717834003e-05,0.1390922285887362
12,22fe5ec91308267f9dd0,601,0.12,512,"[0.005662037032967693, 0.058157223039888066, 0.028312469948099432, 0.047659600125614376, 0.054832077861408555, -0.0024476214041839937, 0.025184076875742666, 0.0436081182086522, 0.03498403648100797, 0.07050242411898167, 0.01099471823962477, 0.037067184732240965]","[-0.017604074315040928, 0.20428543863116974, 0.24411362687017196, 0.21885506359714674, 0.17151702083539241, 0.007123473298413971, 0.12693237438959337, 0.2712001884737387, 0.06613623897203115, 0.21339993043830927, -0.2524649554038636, 0.29584830108775784]",67,"[-0.0029878538162262406, 0.0003627583877821352, -0.04718491713970712, -0.003727896686829228, -0.04517376344691844, -0.0213757420066934, -0.01311327385987741, -0.014932123746147902, 0.01211744949872797, -0.01804020275758024, -0.0175543525396701, -0.004316428458855763]",0.022250390165248213,autoregressive_transformer,autoregressive_transformer,6007,-0.2032789753707049,0.8681540772492813,0.2146251185028505,"[0.06811977415582815, -0.022297893166783878, -0.05142104012142805, 0.019134409252389666, -0.09585022696638006, -0.02828353525728041, 0.05762889984638846, -0.04982821422528557, -0.010045956443756795, -0.0912439454694695, 0.045704373079225036, 0.011244994020365162]",0.0536816483979524,-3.4776760902542505,7.582956818553889,"[1.3704882016344364, 1.3700359734456937, 1.4241266396994203, 1.4276451669609453, 1.4039751374017713, 1.4080032531235338, 1.637314646758607, 1.519344690710351, 1.3785433111565089, 1.4459552793979566, 1.5331300529574987, 1.4266899548767347]",1.4254082972880775,0.9662458002630263,3.6227631085462675,3.7493183489750725,28.625628584006336,history_tangent_benchmark/results/stable_sid_core_20260713/run_manifest.json,ok,"[0.2695283326005544, 0.2524473369340805, 0.05623726573776875, 0.2862892945143414, 0.17979148016371943, 0.28972182222126996, 0.25712908807498197, 0.27121872340829295, 0.24682609640553033, 0.28076232365150805, 0.16631603021933286, 0.29759625577712306]","[4.087643414973669, 3.8285945098601135, 0.8528895153660812, 4.341838715833015, 2.726702060850745, 4.393896134593273, 3.8995975433334555, 4.113279735976792, 3.743343261470711, 4.2580171530524735, 2.5223345507730093, 4.513319113842486]",0.03457715134956122,0.13660174536994923
12,24cc072bc59e520a3704,601,0.12,512,"[-0.0028107697914161087, 0.08455982605147193, 0.06440386155847448, 0.06940927434858103, 0.05629750929436785, -0.023809872546041538, 0.04312910931955488, 0.12421778798026353, 0.027000416396916194, 0.026937890329954233, -0.08260170873488025, 0.07384311258643492]","[-0.5240311808207364, 0.3710450721770285, 0.4233509387249117, 0.9269327171818639, 0.6289591053685838, -0.42645024239888846, 0.8702858797519498, 0.664116500744207, 0.6658543546469613, -0.16196624638434784, -0.6732290820016955, 0.35047838719353996]",67,"[-0.08177719360353483, -0.011033247625753806, 0.060125636415629395, 0.005485990684751807, -0.08975725361175636, -0.2003761303665903, -0.06948582214440618, -0.059852065252275675, -0.022440979446022063, -0.250954455479156, 0.07565353406642993, 0.10613133963488694]",0.11088319392437708,autoregressive_mdn,autoregressive_mdn,6001,-0.15968584713775422,0.8451045821171881,0.17906706570136,"[0.1057805097612182, -0.023104787456388703, 0.06301786851584668, 0.044861269364382395, 0.20133322847452248, -0.2421556699636914, 0.08101211211662593, -0.05400817197097618, 0.07053385372504292, -0.05548937919153489, -0.3147729625949336, -0.11493675188101923]",0.14338409537000962,-2.7442581217192763,7.582956818553889,"[1.5942811208321108, 1.3390945089799995, 1.6829723924444335, 1.52979059346058, 1.6452079761900906, 1.3878521516477074, 1.563156575692552, 1.4855382442736704, 1.4615035453188632, 1.254249140214155, 1.514175163365613, 1.607382111640085]",1.5219828784130964,0.939509561270204,3.0190829351899375,3.2134669615370157,0.26773416699143127,history_tangent_benchmark/results/stable_sid_core_20260713/run_manifest.json,ok,"[0.28728294840353563, 0.17657707316284418, 0.2886592929901904, 0.22499733008220837, 0.25132119599275, 0.17565790789668273, 0.1971484157849256, 0.11260293963143014, 0.07912268234215306, 0.2820919430481082, 0.06614129435927318, 0.23520357875263012]","[4.356908384901711, 2.6779526418809563, 4.377781908037817, 3.412290076606604, 3.811515553600684, 2.6640126608361228, 2.9899358474867976, 1.7077264577347304, 1.1999677671374058, 4.278182045991534, 1.003093158099261, 3.567077162501066]",0.07589943864629532,0.19011978389475334
12,26d70c3d3c35698313b6,601,0.12,512,"[0.033505565064691906, 0.03440098149863601, 0.01149868757808111, 0.027286428941279233, 0.013313564158268232, 0.034237982230328944, 0.020358166579443476, 0.032620646570535414, 0.03705215751365112, 0.026326529326634967, 0.014775576910854479, 0.020025760418890724]","[-0.030024494885954347, 0.07272673581573628, -0.011438262033824573, -0.03108591007674605, 0.016651317732962793, 0.038912853246932694, 0.0011593282709924473, 0.008410838787560604, -0.021223191055092426, 0.05074970278541082, -0.011561690504002884, -0.012852899415171336]",61,"[-0.03435747206049928, -0.05621501886183401, -0.011091687293109862, -0.0025689635154514667, -0.0273548445082925, -0.03524360647472331, 0.010714761916250006, -0.07557272268620038, -0.03521775025775967, -0.014599696845626436, -0.017044070166477347, -0.014451421796377907]",0.03444732232711786,gaussian_source_flow_matching,flow_matching_gaussian_source,6007,-0.23614490070937233,0.9041791796114211,0.23731895128967093,"[-0.02144033678865842, -0.06361608258597848, -0.03430544914236333, -0.028338077590206456, -0.03691669953984807, -0.040627384792609376, -0.039439071473856835, -0.05987535048535923, -0.04282386317002544, -0.03633099866651539, -0.0301353197713905, -0.0354560072615584]",0.04078359577452555,-4.503255855128773,8.61851969764162,"[1.3906142489016222, 1.6201075670612803, 1.639203304619987, 1.6550823894064546, 1.7106902495395304, 1.6432167524097574, 1.749854471143205, 1.7477286636521923, 1.7963997509529934, 1.7896047470477157, 1.8400690357785414, 1.615565023975652]",1.6828863194729924,0.9990145332401259,4.519729030975063,4.524187467339566,0.2795207499875687,history_tangent_benchmark/results/stable_sid_core_20260713/run_manifest.json,ok,"[0.26632463688482705, 0.21012876958644278, 0.27274862592980614, 0.2882636225762486, 0.25164097587359, 0.2640998399282414, 0.2381599705522065, 0.28179910906302824, 0.25767439059009073, 0.2769832526272442, 0.24775858813959328, 0.28355907355244414]","[4.590648257918267, 3.621997879443909, 4.701378810161439, 4.968811418573856, 4.33754541460059, 4.552299345131094, 4.1051727947878796, 4.857382344475137, 4.441543621756995, 4.774371237369499, 4.270624544281925, 4.887718921713497]",0.0010103786346640192,0.09648970439770183
12,296292cc71c4533f67ee,607,0.12,512,"[0.06594093857155009, 0.07115745262344607, 0.061525645343079215, 0.0608878448089295, 0.05928075213975671, 0.06295647952578194, 0.057835393888927555, 0.06452533870474342, 0.06615673063347534, 0.06284666527370994, 0.05433187026136951, 0.06324235022752099]","[0.0005182192950354033, -0.0002621951204082113, 0.001520966131332668, 0.001193255772330549, 0.00010478196995500677, 0.0001561739535211754, 0.00020976758869486805, 0.0006431184341012464, -0.000341463910196888, -0.00077379853354013, 0.0029696045561009602, 0.0012413449736261508]",61,"[0.00043013688435413155, -0.004102362140060494, -0.0012224990252292264, -0.01980623402891329, 0.003109999351634067, 0.019753078069228124, 0.006489828209383514, 0.009362862778653527, 0.009578601557210775, 0.002638880147015712, -0.006571068022719641, 0.014411744206780933]",0.010368315775238243,constrained_gaussian_dsm,gaussian_dsm,6001,-0.16999037077218906,0.7555318860009961,0.18373917398765444,"[-0.0013034112664340551, -0.005233336766658862, -0.0057721779274928315, -0.0037481803116273804, -0.0020033083015795947, 0.0025848447167765394, -3.890528276484506e-05, 0.011402475198144432, 0.0063015496234923125, -0.008925511404518176, -0.013459248933861875, -0.012036056910666448]",0.007430559300697426,-4.007834849566371,8.61851969764162,"[0.06364884930336208, 0.057341470196250986, 0.07038032463833324, 0.07921634568829762, 0.07763985121899945, 0.06341697340127979, 0.07865406564335024, 0.07326853543652001, 0.08017868866135991, 0.07441600856464613, 0.08297986028611026, 0.07988145629220524]",0.07602792989182279,0.9998630125985785,4.19133273353853,4.1919069719816235,0.09398079200764187,history_tangent_benchmark/results/stable_sid_core_20260713/run_manifest.json,ok,"[0.20485623368434575, 0.29805214453044554, 0.1890290596138764, 0.0877183690309477, 0.19985684209513668, 0.2813851838229858, 0.12069018696265893, 0.29901875577462594, 0.29618534633719823, 0.22029904756930851, 0.29412927316890825, 0.29935146867812157]","[3.531114970386417, 5.137536557119944, 3.2583013474177314, 1.5120049826764388, 3.444940260610773, 4.850247498805822, 2.0803415072994516, 5.154198073215806, 5.105358483119897, 3.7973033616955476, 5.069917868918497, 5.159933058640679]",0.0001370151094825611,0.24781672193882373
12,2c7c84085bd4bae2f4f8,601,0.12,512,"[0.019288900765733013, 0.019041410062446695, 0.021800666784892408, 0.019031225825740888, 0.021318196726295008, 0.02106700976655431, 0.026993975416050402, 0.02068728878921895, 0.01966047458836634, 0.018822583779550678, 0.023049399382328122, 0.020171113518317973]","[0.002008701823888459, 0.0011034787733413265, 0.001410983937268536, 0.0017293561759783769, 0.00232072615024929, 0.002821086798173352, 0.0011766681574894764, -0.0009125402297462578, 0.00022450676063952754, 0.0009846278857324662, 1.9021445228177097e-05, 0.0008046030096677445]",61,"[-0.0004893530917792396, -0.0004948927221685417, -0.00044606716722413756, -0.00046914690458854197, -0.0004541647257312829, -0.0004827511333414195, -0.0004823620009533307, -0.00044864044168163125, -0.0004995262268057503, -0.0005030837760801321, -0.00046712154621169716, -0.0004436557829789328]",0.00047384757755829254,conditional_vector_diffusion,diffusion_legacy,6007,-0.2406840508248557,0.9208868287278621,0.2417041902514147,"[0.0002626148343158145, 0.0006535775605979548, 0.0005368780659598116, 0.0003999252843260119, 0.0002984196965982733, 0.000418842135826066, 0.00031031300698665853, 0.0002867101943859751, 0.0006168085617893245, 0.000408895000399608, 0.0006543523516810978, 0.0003557229525090004]",0.00045548986084065684,-4.507983614127181,8.61851969764162,"[12.770725655589484, 15.309587284823454, 15.208640695258817, 17.31831132105081, 16.010940298120815, 17.377708938842407, 16.58764158376324, 17.78719512275161, 25.055703725928023, 15.5911724899263, 21.30771956841712, 14.010787932266815]",16.29929094094203,0.999749787497619,4.523055459072122,4.524187467339566,0.6169307090167422,history_tangent_benchmark/results/stable_sid_core_20260713/run_manifest.json,ok,"[0.26632463688482705, 0.21012876958644278, 0.27274862592980614, 0.2882636225762486, 0.25164097587359, 0.2640998399282414, 0.2381599705522065, 0.28179910906302824, 0.25767439059009073, 0.2769832526272442, 0.24775858813959328, 0.28355907355244414]","[4.590648257918267, 3.621997879443909, 4.701378810161439, 4.968811418573856, 4.33754541460059, 4.552299345131094, 4.1051727947878796, 4.857382344475137, 4.441543621756995, 4.774371237369499, 4.270624544281925, 4.887718921713497]",0.00025023710551131436,0.07919294281894239
12,2ca4eafeeefd4b26c3f2,607,0.12,512,"[0.010743480712939457, 0.010439141015954983, 0.025519080553331373, 0.013853394673498758, 0.028610448821133942, 0.018316096169275025, 0.017318884159540453, 0.009914406712124384, 0.017553309892032187, 0.01464996108535612, 0.014425027690105851, 0.011446520529247625]","[0.008290760834964625, 0.03234411674967973, 0.015230134146298226, 0.0025429522525888724, 0.02006094042765495, 0.0439123087265825, 0.01018330673880144, -0.013440116757875743, -0.0009124258884137908, 0.03701100199700718, 0.010227217936005045, 0.016793343823459882]",61,"[-0.002225744054778119, 0.0009089870555974849, -0.0016196702322600113, 0.0004013508107598869, 0.00038492378717745745, -0.0035088782529903396, 0.003324996405524025, -0.002850463245903026, -0.0022747243982031385, 0.0015435182891554897, -0.00024594271191731576, -0.0006522667225159508]",0.002005170450360997,conditional_edm_diffusion,diffusion_edm,6007,-0.2136007785541818,0.9392655419210622,0.22518830597918277,"[0.0022306153110570235, -6.152523593927484e-05, 0.0027920691656246888, 0.0027856010160790907, 0.009642746558554313, 0.0027401047243543384, -0.0015706009593737433, 0.006539843666660458, 0.00044428396857772634, -0.002856723253497062, 0.002124588813203395, 0.007477660208271564]",0.004425769864528656,-3.9435851189261673,8.61851969764162,"[1.6088359494167002, 1.6574614188156662, 1.5643452406599885, 1.7451786103082483, 1.823553097860336, 1.5135328697873975, 1.6858866216716626, 1.894031658058929, 1.7120320903632924, 1.779609597743019, 1.611632734158327, 1.7446895135989264]",1.6989593560174776,0.9964919668525697,4.1180718536228555,4.132569042809074,0.30849545798264444,history_tangent_benchmark/results/stable_sid_core_20260713/run_manifest.json,ok,"[0.24008259640618165, 0.2145766879493837, 0.2876200250020884, 0.22654498904312464, 0.07625856905294984, 0.24436571655935224, 0.27112627005969153, 0.29739684253041515, 0.19498120549319847, 0.29721313050843823, 0.11392651291673514, 0.2919065491431628]","[4.1383131723752395, 3.698666823492925, 4.957717701833348, 3.90496490094035, 1.3144719589936238, 4.212141483190172, 4.673414198115106, 5.126241090729612, 3.3608987204260794, 5.123074439369408, 1.9637557913130086, 5.03160468732188]",0.0035158492078033944,0.06141395071814753
12,2e4a07433e81ecd09311,601,0.12,512,"[0.022003375676746494, 0.02448101721602841, 0.01877845282224691, 0.02300051114536688, 0.021100034057346118, 0.024375526274969993, 0.025138929051460313, 0.02307386877183279, 0.02524989433626441, 0.021167384212538352, 0.018479146279419545, 0.015819343489073545]","[0.00022515640363818257, 0.00014358709211811002, 0.0006558171806780866, -0.0007129300616396754, -0.0005201658993869707, 0.00038655135092361775, -0.0007833806965618084, 0.00041129577114292404, -5.411389652302627e-05, -1.7390763088394788e-05, 0.0010228771603485824, -0.001484759436940856]",67,"[5.766178858834792e-05, 6.837410602526794e-05, 5.7658866692058185e-05, 3.4906267298214874e-05, 3.953204473193991e-05, 3.161171149059413e-05, 6.045803884058519e-05, 5.295257690292784e-05, 4.5119728667280166e-05, 5.995766260725548e-05, 5.061983840568112e-05, 5.266718731885649e-05]",5.206649374330784e-05,conditional_vector_diffusion,diffusion_legacy,6007,-0.21593304719793413,0.9139980538652418,0.2259586699676064,"[0.00044959900347141257, 0.00020360669685803856, 1.5276826559329493e-05, 0.00026322417493081696, 0.00023764516318506662, 0.00037615154503030845, 0.00030264174646355, 0.00017491876526480138, 0.0001626331630995755, 0.00016067203865895627, 0.0003505872280558838, 0.00027294574841777813]",0.0002712540236238787,-3.606848597143426,7.582956818553889,"[11.136040349934154, 9.83476550414349, 11.929439302330058, 15.637741276068917, 13.390994003324355, 12.175848271544133, 13.06589884545948, 14.142309906721506, 12.112079101135182, 10.473569017504108, 14.004881759496717, 14.427799867385923]",12.620873558501806,1.0000388249914036,3.7494639162277412,3.7493183489750725,0.6210085829952732,history_tangent_benchmark/results/stable_sid_core_20260713/run_manifest.json,ok,"[0.2695283326005544, 0.2524473369340805, 0.05623726573776875, 0.2862892945143414, 0.17979148016371943, 0.28972182222126996, 0.25712908807498197, 0.27121872340829295, 0.24682609640553033, 0.28076232365150805, 0.16631603021933286, 0.29759625577712306]","[4.087643414973669, 3.8285945098601135, 0.8528895153660812, 4.341838715833015, 2.726702060850745, 4.393896134593273, 3.8995975433334555, 4.113279735976792, 3.743343261470711, 4.2580171530524735, 2.5223345507730093, 4.513319113842486]",-3.880954204451795e-05,0.08628940052431117
12,3144a8fe737bcd0217e5,607,0.12,512,"[0.030453530577016313, 0.0366416011649183, 0.03126090737191542, 0.030769120043546105, 0.01994404764623046, 0.048260441155999666, 0.028455127253337414, 0.03763635342611954, 0.033540682305965394, 0.017356811453559988, 0.034478373085484786, 0.02243539700077744]","[0.11679928124536318, 0.13683588867550028, 0.14980652588634608, 0.09281299311176597, 0.06777754457941317, 0.12806261245575704, 0.09763145167110866, 0.11902008677885217, 0.13042752801649127, 0.10380987191529467, 0.11036870293342493, 0.06455478786984183]",61,"[0.009075437510075158, 0.005035274018717548, 0.00866676318271922, 0.0006851003880126537, 0.006275581104787208, 0.009140820592272, -0.004352928998498674, -0.0055606263690730715, 0.011868057462167033, -0.007811135281089616, -0.009319221485299048, -0.008578374154876353]",0.007737391826777519,conditional_affine_flow,affine_flow,6001,-0.20161162656530732,0.8760693700218691,0.21305290403519886,"[0.015048345899572787, -0.011474317650302565, 0.012591610644741014, 0.03551544502461794, 0.01980881250009207, -0.0204568404586399, -0.02650047223108354, -0.031333057470095405, 0.0004589914179139084, 0.02120855551577261, 0.00809642083295185, -0.013032113542680673]",0.020327150523311455,-3.89860755789732,8.61851969764162,"[1.4648829063197017, 1.544177197535134, 1.6821347039865526, 1.5210313415171546, 1.6436923693269907, 1.5805872962272007, 1.468344060497228, 1.4546768854653431, 1.4154238912688604, 1.6119348617975764, 1.5110746131854744, 1.5266113431964645]",1.5238213423568094,0.974581877133683,4.085356565523624,4.1919069719816235,0.13934341599815525,history_tangent_benchmark/results/stable_sid_core_20260713/run_manifest.json,ok,"[0.20485623368434575, 0.29805214453044554, 0.1890290596138764, 0.0877183690309477, 0.19985684209513668, 0.2813851838229858, 0.12069018696265893, 0.29901875577462594, 0.29618534633719823, 0.22029904756930851, 0.29412927316890825, 0.29935146867812157]","[3.531114970386417, 5.137536557119944, 3.2583013474177314, 1.5120049826764388, 3.444940260610773, 4.850247498805822, 2.0803415072994516, 5.154198073215806, 5.105358483119897, 3.7973033616955476, 5.069917868918497, 5.159933058640679]",0.02545609602408018,0.12489238091313566
12,31c1803462c06f56c795,607,0.12,512,"[0.018792317709833094, 0.022424430494465596, 0.030414076933501143, 0.02787859124190236, 0.02751961272225249, 0.02448409592770706, 0.024406840278203, 0.02407186205986752, 0.023085600842293053, 0.01949148683525933, 0.02726573987589474, 0.018600703044959154]","[0.0034232386346567945, -0.001954899459425362, -0.003135412545722527, 0.008353518474668819, 0.002259785978373415, -0.0007610369082038567, -0.00458137104303776, -0.0008188394324514422, -0.005017828978401417, -0.011766970570103777, -0.004855374043694303, -0.0023350996486667017]",67,"[-0.0029249772357962745, -0.0010914266850393234, -0.00123212864098808, -0.001763439561351781, -0.0007390164819991553, -0.002183610380485929, -0.0024075678664006207, -0.0013393423110020543, -0.0004840418629230697, -0.002095059009959525, -0.0022611716715287165, -0.0038283174658142183]",0.002075081631978212,conditional_flow_matching,flow_matching,6001,-0.16808931377151157,0.8983013993394636,0.18684069637982598,"[0.0031438292708315294, 0.0004806697470383092, 0.002008640152591686, 0.0012898563032067343, 0.0002938864784640671, 0.0035071590497611402, 0.0017426645147293012, 0.0019161039027696762, 0.0007206646458738735, 0.002340645603264117, 0.0004962043871496273, 0.004286476248312651]",0.002227218273768485,-2.915526017508183,7.582956818553889,"[2.1180355000694346, 1.8709143604516925, 1.7619377855190455, 1.9269725196994927, 1.9911936781604336, 1.8414355381039866, 1.8837678454282956, 2.022294321331708, 1.6593710074875638, 1.9109143841304936, 1.941879865725199, 1.8067426343087052]",1.8973411147793946,1.0007462910525748,3.156762936100906,3.154408829015649,0.29861100000562146,history_tangent_benchmark/results/stable_sid_core_20260713/run_manifest.json,ok,"[0.25148408548562734, 0.2716955737609966, 0.11821464766262521, 0.0777083961507663, 0.09055745987737868, 0.06364035630594421, 0.24043433763650074, 0.27454510147811445, 0.1814702064014434, 0.20703813011238223, 0.2873398899766032, 0.24137893837589502]","[3.813985921582054, 4.120511607243721, 1.7928331370924986, 1.1785188249006802, 1.3733866156961778, 0.9651641475707172, 3.6464063999903824, 4.163727298508075, 2.7521614779924137, 3.1399224008726723, 4.357771955881216, 3.660732133225584]",-0.0007452497800384147,0.10335833486125094
12,325b8601cf7d400a077b,601,0.12,512,"[0.039260665159822815, -0.004915679098543846, 0.024697276454253847, 0.050644243116764374, 0.04176697785114268, 0.04372494435942222, 0.02002467308263913, 0.02639377504367648, 0.00159648301445899, 0.009111362280719848, -0.014733750705305434, 0.026986647275778024]","[0.06836299843335711, -0.1903152450374664, 0.016569341767452263, 0.1285338683191653, 0.07931928953784917, 0.2875814326539996, -0.029148127542468275, 0.1548933109377056, -0.16985440721298709, -0.09112439511137795, -0.2158240491077712, -0.206338647545194]",61,"[0.0045953575042438416, -0.002494789581428588, -0.0008734343694633921, 0.0012150585996035096, -0.00641445224043545, 0.0052695717879371285, 0.010360866601116214, 0.0015450409719013534, -0.007294112564717754, 0.02123491407392033, -0.0210847221029211, -0.007570226250080305]",0.010059109962359336,autoregressive_transformer,autoregressive_transformer,6007,-0.2395486031224112,0.9157717149085796,0.24036163174675956,"[0.04191899463185841, -0.056201321013699124, -0.061379361959087074, -0.032638414019153794, -0.01004674993630994, 0.010408027294241581, -0.0496403451994328, -0.023204612569960315, 0.05003825046848339, 0.008738161062626926, -0.05031976455192415, -0.05114820665743832]",0.04152184624672332,-4.523069935010152,8.61851969764162,"[1.1271659759100316, 1.4189600421181117, 1.4590010676241634, 1.4362589895994324, 1.3202105821335066, 1.2945510817502521, 1.2622339863279948, 1.3819543595577948, 1.1583180793618864, 1.28204307197425, 1.303235826315361, 1.2928928756384732]",1.2988934540328065,1.002608890299902,4.535990576138046,4.524187467339566,28.92761545800022,history_tangent_benchmark/results/stable_sid_core_20260713/run_manifest.json,ok,"[0.26632463688482705, 0.21012876958644278, 0.27274862592980614, 0.2882636225762486, 0.25164097587359, 0.2640998399282414, 0.2381599705522065, 0.28179910906302824, 0.25767439059009073, 0.2769832526272442, 0.24775858813959328, 0.28355907355244414]","[4.590648257918267, 3.621997879443909, 4.701378810161439, 4.968811418573856, 4.33754541460059, 4.552299345131094, 4.1051727947878796, 4.857382344475137, 4.441543621756995, 4.774371237369499, 4.270624544281925, 4.887718921713497]",-0.002005999599244337,0.08704706830043846
12,33885941297ed5d66f22,607,0.12,512,"[0.047044266766341214, 0.034038995903362915, -0.008429505789655605, 0.14592818632659818, 0.12418403345892995, 0.14108644337435713, -0.06607387249012489, -0.03400103152361722, 0.05469176492704231, 0.1147395419001542, 0.05026341375516085, 0.010637815276981488]","[0.6709385900490801, 0.4831335846554384, 0.38963600672169374, 1.0774039753313027, 1.486609910448207, 1.1104731889243626, 0.5719304069921117, 0.12009720101775155, 0.338819054743617, 0.7565427006305102, -1.4351820310732002, -0.07477066102420336]",61,"[0.014577008817352223, -0.03701699103228704, 0.04494868459774422, 0.039438405293986886, 0.04619918739408709, 0.035323156935329614, 0.005519055435827119, -0.011583118492520852, -0.12259824692845475, 0.011545589357986793, -0.13653660255493957, 0.05201334591194105]",0.06138437680086552,autoregressive_mdn,autoregressive_mdn,6007,-0.1784907535649326,0.8820478949490774,0.2114704121369545,"[0.05074665389720827, 0.13230169530500566, -0.18993863673169392, -0.0538203832075775, 0.08753332393137322, -0.12655972889399533, 0.13424110334518774, -0.13707302778629601, -0.10376205015840875, -0.03780618601980461, 0.034773767391208896, 0.08925642452101887]",0.10836405167911746,-3.50080275339034,8.61851969764162,"[1.666915268945829, 1.5664738736841968, 1.7540591328578103, 1.6555193376525361, 1.8230393569514158, 1.5372411046504164, 1.687458154127552, 1.8573741468301843, 1.722430634975612, 1.6829101834239293, 1.6181546994023135, 1.7887161750745868]",1.6851841687757405,0.9069843971866989,3.7481756421246004,4.132569042809074,0.2663218750094529,history_tangent_benchmark/results/stable_sid_core_20260713/run_manifest.json,ok,"[0.24008259640618165, 0.2145766879493837, 0.2876200250020884, 0.22654498904312464, 0.07625856905294984, 0.24436571655935224, 0.27112627005969153, 0.29739684253041515, 0.19498120549319847, 0.29721313050843823, 0.11392651291673514, 0.2919065491431628]","[4.1383131723752395, 3.698666823492925, 4.957717701833348, 3.90496490094035, 1.3144719589936238, 4.212141483190172, 4.673414198115106, 5.126241090729612, 3.3608987204260794, 5.123074439369408, 1.9637557913130086, 5.03160468732188]",0.10950910153776336,0.1721641931051283
12,33c2b429ac4fd6cd0bbc,601,0.12,512,"[0.05980216569056174, 0.06429593679730256, 0.07571619538884583, 0.07083185910614562, 0.04917557526435967, 0.0644781023117542, 0.06256585024630677, 0.06240713411510487, 0.07042187017774158, 0.06063046780970851, 0.07878696483313483, 0.0679604899960463]","[-0.0030866850630838247, 0.0003753543860215257, -0.0003122368195781596, 0.0003775522422540473, -0.0017216923319302907, 0.0016158535891364185, -0.0010314108141582044, -0.002307228465936494, -0.0009916628892871523, 0.0006179671251346175, 0.0013774795276079183, 0.0003049777712685642]",67,"[-0.050613538256221995, -0.04084265172626846, -0.03372858139012583, -0.010709883781148562, 0.008192058575941935, -0.007077306156196873, -0.015152205805411361, -0.04394593115709542, -0.007475177105533554, -0.03199054520976259, -0.061297650972720163, -0.0018262103674962504]",0.032403978504285044,mean_mlp,mean,6007,-0.17223261983095758,0.7525999479054476,0.18605781765863327,"[-0.008530770119623277, 0.00031589225069165544, 0.0017948217997202736, 0.004471332163763035, 0.007547222188646063, -0.007570659277096603, 0.0009576921577848323, -0.010930247569145013, 0.0063781315816149875, 0.0017783381536379261, -0.006035764684481082, -4.761365455518973e-05]",0.005852540229489589,-3.6071864534723646,7.582956818553889,"[0.06132815818708714, 0.052487691827545944, 0.04959685836171719, 0.08347473195052597, 0.06681104493185047, 0.07312761208748167, 0.0715162931381713, 0.06540730141067147, 0.05827879471796075, 0.05764053079749126, 0.0741748602636611, 0.07700514713983835]",0.06610917317126097,1.0001017013713362,3.7496996597927392,3.7493183489750725,0.09088074997998774,history_tangent_benchmark/results/stable_sid_core_20260713/run_manifest.json,ok,"[0.2695283326005544, 0.2524473369340805, 0.05623726573776875, 0.2862892945143414, 0.17979148016371943, 0.28972182222126996, 0.25712908807498197, 0.27121872340829295, 0.24682609640553033, 0.28076232365150805, 0.16631603021933286, 0.29759625577712306]","[4.087643414973669, 3.8285945098601135, 0.8528895153660812, 4.341838715833015, 2.726702060850745, 4.393896134593273, 3.8995975433334555, 4.113279735976792, 3.743343261470711, 4.2580171530524735, 2.5223345507730093, 4.513319113842486]",-0.00010163177022313864,0.2524562759102265
12,35324302f0038ec942d0,601,0.12,512,"[0.031125111435101327, 0.023178589364467272, 0.01851012071768937, 0.024520553491233964, 0.021871149483598806, 0.019210390083036537, 0.02736374942661745, 0.019476122676079927, 0.025268069388229935, 0.026195763193815245, 0.022755363482806816, 0.025873930914276554]","[0.03576112373564015, 0.010064558497744371, -0.002073739751445869, 0.003311620583988882, 0.00886548717202509, 0.004423741025490781, 0.03296151852580642, 0.030036659800757384, 0.02093751671211434, 0.006202558848889331, -0.026255648789462, 0.021724065628546396]",61,"[-0.04330168408165867, -0.03771603713707527, -0.03649584592193749, -0.04053955510481047, -0.037981761343115025, -0.011447543654873917, -0.04022507482502822, -0.033279211765544055, -0.044569281031720906, -0.03662136568343214, -0.04114422881303243, -0.03802102532898348]",0.037680843716279284,gaussian_anchored_edm,diffusion_gaussian_anchored,6001,-0.20190423540076752,0.8990254471038395,0.2075446870603044,"[0.012143224132397473, -0.025299766565560027, -0.03496877106045071, -0.03301035852199356, 0.01604590247418029, -0.02874503301920998, -0.022609841203065827, -0.018040364500486, -0.01963024167671949, -0.008398749360923516, -0.020677740381567594, -0.020472098902211504]",0.022954671891429735,-3.8779488433539107,8.61851969764162,"[1.2684693038568384, 1.1896372696298614, 1.3099663643641148, 1.2942818720645444, 1.347758907271097, 1.2696268178285257, 1.4794769450625433, 1.2442621763768151, 1.3503061701530974, 1.3094920189278179, 1.4190310993895203, 1.3380233878226933]",1.3097291916459664,0.996730095387003,3.9662481400529233,3.979259940488642,0.48528308398090303,history_tangent_benchmark/results/stable_sid_core_20260713/run_manifest.json,ok,"[0.20039032980570712, 0.22232036328497057, 0.20918932723152744, 0.12267249285769037, 0.23501840571326418, 0.2428268467223239, 0.24932834696235104, 0.1902818958071825, 0.29801937385149685, 0.2787783287998507, 0.17257941476251232, 0.2867946126672863]","[3.454136009294775, 3.832144860316719, 3.6058046745626355, 2.114510592105611, 4.051021517896195, 4.185615923185102, 4.297682538950893, 3.2798965342375856, 5.136971687635895, 4.80531303607425, 2.974758171076351, 4.943490036901012]",0.003278032197512421,0.1013004095361666
12,361f307a27d7f9d2da37,601,0.12,512,"[0.015035385940827262, 0.018661966428965004, 0.040402221021604755, 0.014378633435302667, 0.03937733776429933, 0.02045491836181098, 0.0234750691637776, 0.025093504954690204, 0.02656534324822976, 0.023266298555787067, 0.017660472165448304, 0.020187615531148027]","[0.07065100288709675, 0.06788667393516785, 0.022446736913761534, -0.007630400070132484, 0.05949523834514088, -0.042319026155779316, -0.02124677265764735, -0.015189001702067828, -0.03400970385022314, -0.031497113161767, 0.0019219983378106673, 0.012146368543914862]",67,"[0.05354012226150608, -0.060339896470473775, 0.08679258176050274, -0.012916186865208578, 0.0769592222084458, -0.016368543595641414, -0.08943272922275099, 0.015403266019650003, -0.12838429199647378, -0.054770425497804635, 0.13619017832693497, 0.12857190887814798]",0.08326372712564575,gaussian_source_flow_matching,flow_matching_gaussian_source,6001,-0.17435398632290341,0.8936040072368499,0.18934348583698812,"[-0.01874493353742531, -0.07077741263676884, -0.03078176574123903, -0.018034036472262354, -0.026646689788822897, -0.029116370274454944, -0.0016173590792941304, -0.02632103035375607, -0.04115375947616092, 0.016949074973430605, -0.054337484952438064, -0.01276877848128688]",0.03413610852990114,-2.996982305287451,7.582956818553889,"[1.5484373363151704, 1.4845558257879892, 1.7442039803301046, 1.4433673617732872, 1.612059165613749, 1.417813037102523, 1.603335788465604, 1.5933657408487103, 1.566549095145916, 1.7639337602923435, 1.4183461965891808, 1.3046956298257681]",1.5574932157305432,0.9963872772815302,3.201857596440019,3.2134669615370157,0.27945800000452437,history_tangent_benchmark/results/stable_sid_core_20260713/run_manifest.json,ok,"[0.28728294840353563, 0.17657707316284418, 0.2886592929901904, 0.22499733008220837, 0.25132119599275, 0.17565790789668273, 0.1971484157849256, 0.11260293963143014, 0.07912268234215306, 0.2820919430481082, 0.06614129435927318, 0.23520357875263012]","[4.356908384901711, 2.6779526418809563, 4.377781908037817, 3.412290076606604, 3.811515553600684, 2.6640126608361228, 2.9899358474867976, 1.7077264577347304, 1.1999677671374058, 4.278182045991534, 1.003093158099261, 3.567077162501066]",0.0036807426941828834,0.10772392068115978
12,3cd6ea7110b36605dbd5,607,0.12,512,"[0.03277171148538677, -0.014510240598044252, 0.03088254631070699, 0.007243617560472963, 0.027859072329004808, 0.006266591113156713, 0.024716714062313537, 0.013374672746080396, 0.03372557241570392, 0.016389808667504474, 0.05242676662102995, 0.03215767730344275]","[0.1047836579138715, -0.12369202230584862, 0.054124046869162556, -0.03732166029033711, 0.036582820134060716, 0.04410465092277045, -0.024313311777085744, -0.038301758753939326, -0.00331734145912523, -0.004311360919444461, -0.015852706821883774, 0.004496535010599842]",61,"[0.17121761295909682, -0.01950466548948949, 0.02512948158192747, -0.06926904377676074, 0.05204281932431366, 0.026915871031420645, 0.014582425931774941, -0.11404788205781127, 0.00420540341782826, 0.09538917002806872, -0.06560166142686603, -0.027831146528539512]",0.07414681933711612,gaussian_source_flow_matching,flow_matching_gaussian_source,6007,-0.20772454872066357,0.9217257383049015,0.22098314941030409,"[0.005360247948071883, 0.034206950670325385, -0.015968212611254067, -0.04624140463503531, 0.02021880948978409, 0.07254425829508193, -0.03831312436237688, 0.059674574468273255, -0.011731009166523107, -0.04871925663931058, -0.003658739707416518, 0.021616932850532233]",0.03795214065070798,-3.9590236182981617,8.61851969764162,"[1.7558178980018266, 1.8686330325761757, 1.7967914304547665, 1.7858607121625207, 1.7406068382100603, 2.014246772748974, 1.7808051342906297, 1.5226582164988036, 1.8485927034801097, 1.6893701038688589, 1.531606505061892, 1.7169307653695172]",1.7683115161462282,1.0001817416975063,4.133320102921976,4.132569042809074,0.2894144580059219,history_tangent_benchmark/results/stable_sid_core_20260713/run_manifest.json,ok,"[0.24008259640618165, 0.2145766879493837, 0.2876200250020884, 0.22654498904312464, 0.07625856905294984, 0.24436571655935224, 0.27112627005969153, 0.29739684253041515, 0.19498120549319847, 0.29721313050843823, 0.11392651291673514, 0.2919065491431628]","[4.1383131723752395, 3.698666823492925, 4.957717701833348, 3.90496490094035, 1.3144719589936238, 4.212141483190172, 4.673414198115106, 5.126241090729612, 3.3608987204260794, 5.123074439369408, 1.9637557913130086, 5.03160468732188]",-9.333015361141947e-05,0.08179623166946491
12,3e0ebb15173fedaa95ed,607,0.12,512,"[0.027427685410096048, 0.026058245768384912, 0.029129692053540823, 0.029024327788117664, 0.025107297494116054, 0.013642076461226987, 0.027414526189605458, 0.029948979100406087, 0.020136413750487803, 0.032045702856819035, 0.0289522820723707, 0.027135465593994733]","[-0.01607432763529778, -0.011660531426388974, -0.0025121956864967527, 0.025211722607418677, -0.014899897613647115, -0.0033197434157228546, 0.005930538803116068, 0.0014358980647522872, -0.025630836389952533, 0.0763106188535608, 0.01770703818500368, 0.026600615651054475]",67,"[-0.014047186801147544, 0.04357814594555196, 0.02090862819999293, -0.01041855667788507, 0.008663792481322999, -0.020378511336123218, 0.016368097793254106, 0.010518321518841283, -0.007599646760211709, 0.046104823648933084, 0.012167301048588108, 0.034706527994735524]",0.024233217130192622,gaussian_anchored_edm,diffusion_gaussian_anchored,6007,-0.20468490484233948,0.8949467983225011,0.21245438283289134,"[0.008986246177753825, -0.004409658143700312, -0.02502865359027736, -0.00878723886120018, -0.04002194704642026, -0.017976808886912186, -0.018143727229880113, -0.038441025992737764, -0.03843019417428262, 0.015364056155568278, -0.023174644065040072, -0.019566034733068765]",0.02444126272227038,-3.4970397557210178,7.582956818553889,"[1.2955765375152213, 1.104186070245238, 1.0276426671067334, 1.0691189593832413, 1.0933352194128672, 1.2731684565488877, 1.1491419970527001, 1.1585484253053244, 1.221988412832247, 1.3110235570560318, 1.1387280254520742, 1.1933514334093978]",1.1538452111790123,0.9990175779420627,3.596749438457235,3.600286439270066,0.4992719999863766,history_tangent_benchmark/results/stable_sid_core_20260713/run_manifest.json,ok,"[0.25659534253806526, 0.21164162065597283, 0.22744836543426342, 0.19055276663421522, 0.29650300263612195, 0.27647023511393015, 0.11670111967887661, 0.2934125513795377, 0.2994791313191322, 0.2019813703343985, 0.16563570189876559, 0.23582034502396035]","[3.891502804616385, 3.2097385408860095, 3.449462267077369, 2.8899068020864607, 4.496738931122565, 4.192923708968747, 1.7698791024036216, 4.4498694142655175, 4.541874641702017, 3.06323201879617, 2.512016750218408, 3.5764309865063413]",0.0010102526746669004,0.10588926947263548
12,3edd8fa9b81452a26514,607,0.12,512,"[0.020552636067629887, 0.02176331169550516, 0.021443040668176854, 0.020282235704150352, 0.025128029763233733, 0.018692644527316487, 0.022371336590536195, 0.019790142294883833, 0.022324061034006047, 0.021832690871346577, 0.01789318802592893, 0.02064798540841138]","[0.0026918523113187804, -0.0004083089500839243, -4.5729294140262056e-05, -0.00021147014286626575, 0.0011213902672696507, 0.00033233230551053355, -0.000948072227853943, 0.0009618676845013496, -0.0015397563363032478, -0.0006157763224194184, -0.000602449168988356, -0.002347068002396998]",67,"[-3.565442548344548e-05, -8.6477619182148e-05, -7.195410793581214e-05, -0.00010868175318543931, -5.8948533584203086e-05, -5.607514028622395e-05, -6.562620295825587e-05, -5.8234769974094505e-05, -5.380471448888462e-05, -5.708112769612038e-05, -1.8982724340584185e-05, -7.101554346175543e-05]",6.558259766356863e-05,conditional_vector_diffusion,diffusion_legacy,6001,-0.17106548504776264,0.9081646259356888,0.18889218169104313,"[9.199578568560204e-05, 0.00015304231014331057, 0.00026853168217192785, 0.00042135511130562503, 0.0001740814444299114, 0.00025678181983697834, 0.00015442841945952543, 0.00011456477448934521, 0.00021549392840528964, 0.00029567245646659285, 2.8055951043863086e-05, 0.00024104314686468342]",0.00022499959513805579,-2.91389442570272,7.582956818553889,"[12.206914462837084, 11.101409511928644, 13.580150404346595, 10.872604669359285, 13.68815351883543, 11.11799937081718, 10.973782168622646, 10.88382233856743, 10.400890976911993, 12.174084572442144, 12.687901880292024, 12.475079101824035]",11.646041971629662,1.0000564147735382,3.1545867842753847,3.154408829015649,0.7020343329932075,history_tangent_benchmark/results/stable_sid_core_20260713/run_manifest.json,ok,"[0.25148408548562734, 0.2716955737609966, 0.11821464766262521, 0.0777083961507663, 0.09055745987737868, 0.06364035630594421, 0.24043433763650074, 0.27454510147811445, 0.1814702064014434, 0.20703813011238223, 0.2873398899766032, 0.24137893837589502]","[3.813985921582054, 4.120511607243721, 1.7928331370924986, 1.1785188249006802, 1.3733866156961778, 0.9651641475707172, 3.6464063999903824, 4.163727298508075, 2.7521614779924137, 3.1399224008726723, 4.357771955881216, 3.660732133225584]",-5.633565832354057e-05,0.09278259996498583
12,3f19cdeb58cd184f1c39,601,0.12,512,"[0.0749867759406007, 0.06700895485515757, 0.06421044289492024, 0.061437348323220106, 0.05463690701554604, 0.07090722941182764, 0.06571738294012439, 0.06205687960532299, 0.0734562664105029, 0.07064109876033348, 0.07288597472683822, 0.07948382468166842]","[-0.00025121849021692564, -0.00020216004776531875, 0.00045436308108605156, -0.0004158531810677076, -0.0016172091360863164, 0.0022500838264074424, -0.002426254397417496, 0.0003605703674378734, -0.001683893440125609, -0.0006138377207618445, 0.000163419925767293, -0.0005648920667785306]",67,"[-0.014877342956749346, 0.006045870257583222, -0.004713085871570739, 0.014138436069379071, 0.02068632228653672, 0.017614803676897165, 0.012986880655887467, -0.006737420992976306, 0.011314103234098469, 0.011090009109886428, -0.012313130200353416, 0.017678568673867287]",0.013377206305274917,constrained_gaussian_dsm,gaussian_dsm,6007,-0.16970291367853677,0.7360089181834755,0.18195618200031208,"[-0.005392321772893413, -0.0052243809193224435, -0.003324337477318695, -0.005899639856928966, 0.009386308108067417, -0.007294236876994228, -0.0097814259187326, -0.014375824364615264, -0.0005528994396319931, -0.0002461932064319143, -0.0007447011588668229, -0.0008369924498985437]",0.006754621849412994,-3.607166882600445,7.582956818553889,"[0.07085943929642681, 0.04770103262150667, 0.05161347744812188, 0.08190450712717638, 0.06954496368505828, 0.07943969533421229, 0.07075546101284769, 0.07137975714896916, 0.059150654372039986, 0.05676638887686107, 0.0797133844966994, 0.07554147975306977]",0.07080745015463724,1.000099489337068,3.749691366172069,3.7493183489750725,0.09058179100975394,history_tangent_benchmark/results/stable_sid_core_20260713/run_manifest.json,ok,"[0.2695283326005544, 0.2524473369340805, 0.05623726573776875, 0.2862892945143414, 0.17979148016371943, 0.28972182222126996, 0.25712908807498197, 0.27121872340829295, 0.24682609640553033, 0.28076232365150805, 0.16631603021933286, 0.29759625577712306]","[4.087643414973669, 3.8285945098601135, 0.8528895153660812, 4.341838715833015, 2.726702060850745, 4.393896134593273, 3.8995975433334555, 4.113279735976792, 3.743343261470711, 4.2580171530524735, 2.5223345507730093, 4.513319113842486]",-9.944171464810146e-05,0.26746601337139375
12,4395ea3a508be87e875e,607,0.12,512,"[0.025637377503304425, 0.02796407341203918, 0.02343418960230395, 0.02416735970625916, 0.014415335800472181, 0.03495575405826947, 0.016081114324833133, 0.031148796526612087, 0.02838269489776682, 0.017912463109173254, 0.005504982691933308, 0.02363589053650158]","[0.030090667221583635, -0.0019413775002608917, -0.013773709204409058, 0.013634765713802649, 0.006576280867786298, -0.004861220817384271, 0.014471623945200933, -0.003089085037978901, 0.010304500384595202, -0.002769130424441768, 0.04825945355019078, 0.008725374063687601]",61,"[-0.01101904953905339, -0.018407157730725213, -0.01180180810416972, -0.015895963273845327, -0.009553107997484154, 0.0014922600221299136, -0.018490660531995592, -0.013173560588024385, 0.00547641900953133, -0.02606879269649091, -0.03927503084053067, -0.025156125918657134]",0.019030841209820067,gaussian_anchored_edm,diffusion_gaussian_anchored,6001,-0.2097776565915909,0.9089417746498311,0.22104720392543764,"[-0.025765922373129545, -0.019026244348032316, -0.017185566713412426, -0.025317699578815876, -0.035531319571624476, -0.0317553054606623, -0.04688099480821273, 0.004861882606458738, -0.0031819685982166965, -0.02845916053242729, -0.06595345794671212, -0.07224849908625819]",0.03746587669106082,-3.999630818928719,8.61851969764162,"[1.2905534411106672, 1.2094479244995782, 1.3274881587157463, 1.4247526498320333, 1.3770059918213602, 1.2092923114674166, 1.390145445549865, 1.3255045940154244, 1.30434488193374, 1.336568731968543, 1.3972192747299286, 1.4675364481089495]",1.3320284453421447,0.9980298830345337,4.183648424938466,4.1919069719816235,0.5007672919891775,history_tangent_benchmark/results/stable_sid_core_20260713/run_manifest.json,ok,"[0.20485623368434575, 0.29805214453044554, 0.1890290596138764, 0.0877183690309477, 0.19985684209513668, 0.2813851838229858, 0.12069018696265893, 0.29901875577462594, 0.29618534633719823, 0.22029904756930851, 0.29412927316890825, 0.29935146867812157]","[3.531114970386417, 5.137536557119944, 3.2583013474177314, 1.5120049826764388, 3.444940260610773, 4.850247498805822, 2.0803415072994516, 5.154198073215806, 5.105358483119897, 3.7973033616955476, 5.069917868918497, 5.159933058640679]",0.0019778735938301337,0.09180630108559783
12,4f2234f2ad9ed386138b,607,0.12,512,"[0.0607382943750151, 0.07631265190183034, 0.07500001501090162, 0.06158208133939479, 0.06820442259420172, 0.06738148875530837, 0.06093276847615736, 0.07189902086282794, 0.06894516293812723, 0.06983843871490153, 0.0717990661365138, 0.06417045483949636]","[0.0007351635645563118, -0.0005045074959447394, 0.0014705726932839175, 0.0017437603483733105, 0.0005271301378887321, 0.00024293539706184866, 0.0010543263177295505, 0.0006409967061370119, -0.0012171625936286295, -0.0010325393779043782, 0.00315864034126765, 0.001197495583786411]",61,"[-0.01079313729095138, -0.011889905395390428, -0.01579945901902564, -0.012139790193424194, -0.002677042202586799, 0.010477758227469061, -0.009264297132633865, 0.0035380354089323044, 0.007790404014143086, -0.01431568099563456, -0.03306407530658563, -0.006087865781843459]",0.013741901388335535,heteroscedastic_gaussian,gaussian_nll,6001,-0.1644806704436569,0.7326230074101694,0.17816792212224156,"[0.003050290078623434, -0.00031426700174234473, 0.005821400807253889, -0.005665797198882902, -0.004304055624355929, 0.007486354660686072, 0.0024416460784192537, 0.008301414474096158, 0.004835619450436572, -0.0046602880216929194, -0.0057280571089710075, -0.013365810418960086]",0.006333742598506351,-4.007765096523699,8.61851969764162,"[0.054806264521383596, 0.051465861841075704, 0.06223837535015453, 0.06485621352611602, 0.06922311012430223, 0.06020644629895417, 0.07592870469462419, 0.06883499908116558, 0.07272775925662447, 0.06423192491347221, 0.06955267320257512, 0.08047557355357558]",0.06684560630364081,0.9998673433251924,4.191350887541618,4.1919069719816235,0.09493316698353738,history_tangent_benchmark/results/stable_sid_core_20260713/run_manifest.json,ok,"[0.20485623368434575, 0.29805214453044554, 0.1890290596138764, 0.0877183690309477, 0.19985684209513668, 0.2813851838229858, 0.12069018696265893, 0.29901875577462594, 0.29618534633719823, 0.22029904756930851, 0.29412927316890825, 0.29935146867812157]","[3.531114970386417, 5.137536557119944, 3.2583013474177314, 1.5120049826764388, 3.444940260610773, 4.850247498805822, 2.0803415072994516, 5.154198073215806, 5.105358483119897, 3.7973033616955476, 5.069917868918497, 5.159933058640679]",0.00013269960632606432,0.2710200485153195
12,53a5bcb4db6c8189f7c7,601,0.12,512,"[-0.019094314111378168, 0.0571446628162257, 0.051044511420354766, 0.039704989591519274, 0.08897398045799496, 0.05789215315261803, 0.06389435399514753, 0.06335778334117757, 0.006491046256209415, 0.03508499434968689, 0.06251967106169719, 0.03561166700090981]","[-0.5458833297454666, 0.5393639682486, 0.75874531345304, 0.534707385676722, 0.8312583888326238, 0.21412401315134394, 0.12775066721718462, 0.16177822981449422, 0.3471416967733921, -0.027695878404804426, 0.7300395892860396, 0.06667512879663061]",67,"[0.03801048124942484, -0.04737745145295929, 0.004034656775804442, 0.036017824316790514, -0.010925302123253294, -0.05962390001510408, -0.039383517923837624, 0.02801468232517338, 0.03566402610555182, -0.009525318015746404, -0.03767444244855006, 0.008753441712825693]",0.03399985061379531,autoregressive_transformer,autoregressive_transformer,6001,-0.15284842525954737,0.8236260120785884,0.1745160259914134,"[-0.06956133981348238, -0.07359358622187248, 0.07384340340477007, 0.035970325917653964, 0.1557100816182544, 0.03193373085568959, -0.04480190433595599, 0.02129629036002889, -0.08290226417377311, 0.002076682961717665, 0.02660879151395642, -0.04358099711548695]",0.06721363509641819,-2.692369874309574,7.582956818553889,"[1.4629618363160979, 1.3962652898328598, 1.3908702781245066, 1.595886189532236, 1.5846638466156897, 1.553147476630807, 1.521013708272953, 1.4163626897856052, 1.61794011350014, 1.4938214831644074, 1.4234849027725487, 1.4767631717140632]",1.4852923274392353,0.9294563114980429,2.986777149191018,3.2134669615370157,28.706605916988337,history_tangent_benchmark/results/stable_sid_core_20260713/run_manifest.json,ok,"[0.28728294840353563, 0.17657707316284418, 0.2886592929901904, 0.22499733008220837, 0.25132119599275, 0.17565790789668273, 0.1971484157849256, 0.11260293963143014, 0.07912268234215306, 0.2820919430481082, 0.06614129435927318, 0.23520357875263012]","[4.356908384901711, 2.6779526418809563, 4.377781908037817, 3.412290076606604, 3.811515553600684, 2.6640126608361228, 2.9899358474867976, 1.7077264577347304, 1.1999677671374058, 4.278182045991534, 1.003093158099261, 3.567077162501066]",0.07971058810988438,0.19202784075503027
12,5628f7cffe5ce13d4fec,601,0.12,512,"[0.027636729714871265, 0.03237116697290034, 0.031050462068975736, 0.046609982394756055, 0.03450506256815432, 0.022947207167219506, 0.03927577739561058, 0.021907825418106264, 0.03028518333647127, 0.03090128359641703, 0.04247597073806555, 0.04114433602530286]","[0.2581948203664655, 0.2032288238979233, 0.2066387177766693, 0.19085038551754457, 0.2135257432580214, 0.23509565173183503, 0.2304123642303276, 0.25528368657568823, 0.33482549724632765, 0.20942784857716024, 0.18079475250637422, 0.21313369827627282]",61,"[-0.020486011198094362, -0.024594585250628465, -0.025737714948145286, -0.009356797558539184, 0.005509362501451553, -0.01743466062176357, -0.029128353472469403, -0.011810385605079887, -0.02448642659690388, -0.023726951235503255, -0.01585885033294123, -0.035231967920150715]",0.021893995675974894,conditional_affine_flow,affine_flow,6001,-0.1922573959224427,0.8616962271509845,0.19892704303445546,"[-0.014102567132234789, 0.027165171551916483, -0.01802055487333254, -0.04188439232262198, -0.038369534007206184, -0.004430342441839412, -0.03483102158924519, -0.004257014481888015, -0.019733434468710565, -0.021780296729691694, -0.05098831213551369, -0.02316926216862821]",0.028488967777172743,-3.6624944660230345,8.61851969764162,"[1.7192772873096365, 1.617894729206304, 1.5513836811124038, 1.7008945412213712, 1.5945137210485107, 1.8161874489668397, 1.6452260996957422, 1.591308567962122, 1.7254418111859628, 1.6213131603786104, 1.6090627319385074, 1.4479766341288278]",1.6196039447924573,0.9431596886031931,3.7530775663424283,3.979259940488642,0.14266591699561104,history_tangent_benchmark/results/stable_sid_core_20260713/run_manifest.json,ok,"[0.20039032980570712, 0.22232036328497057, 0.20918932723152744, 0.12267249285769037, 0.23501840571326418, 0.2428268467223239, 0.24932834696235104, 0.1902818958071825, 0.29801937385149685, 0.2787783287998507, 0.17257941476251232, 0.2867946126672863]","[3.454136009294775, 3.832144860316719, 3.6058046745626355, 2.114510592105611, 4.051021517896195, 4.185615923185102, 4.297682538950893, 3.2798965342375856, 5.136971687635895, 4.80531303607425, 2.974758171076351, 4.943490036901012]",0.056909758955424106,0.139730045236419
12,5ee1f6889e9215a776ff,607,0.12,512,"[0.03681708666878475, 0.0408680649074622, 0.02008816007414057, 0.031167692530427914, 0.04184880805515277, 0.02733581837710044, 0.03218396383601492, 0.0289595311134469, 0.031153419210989502, 0.035199135014132396, 0.022032286912376336, 0.02770668643832149]","[0.15732841966229807, 0.1622178259064394, 0.23586258249741374, 0.17119593149679913, 0.19462153504518656, 0.22829715957240598, 0.20519091930293795, 0.1737864654065679, 0.1956234847144976, 0.19482264810423683, 0.19224136488620824, 0.20955797920625177]",61,"[-0.014848322990448973, -0.005490401778423677, -0.008543312580842264, -0.01276378102139161, -0.013446240295058334, -0.0037479440438567546, -0.018895571365028088, 0.0007023088309925155, 0.00892884766610473, -0.016159179444946714, -0.012256898568181279, -0.007674860379445111]",0.011506817783382714,conditional_affine_flow,affine_flow,6007,-0.1983865367938643,0.8785690807555845,0.21063636868482616,"[-0.03352400423434025, -0.02466738594412895, -0.010305794885802818, 0.00078294971401216, 0.029344441935700665, -0.022675496680230056, -0.010953384873729766, 0.014976688742329713, -0.022795040039708114, -0.03166140731495348, 0.01050946647252286, -0.0015688837467794001]",0.020804010673257954,-3.765376554358292,8.61851969764162,"[1.4485277475496272, 1.5462316477112805, 1.8045385412182389, 1.7474267234291727, 1.6975910246744488, 1.6610251253827915, 1.506083219145641, 1.64580890017846, 1.6254403802801498, 1.7891832878861382, 1.614708755904323, 1.6149037336571967]",1.6356246402293049,0.9549934878254075,3.946576523871543,4.132569042809074,0.13565791602013633,history_tangent_benchmark/results/stable_sid_core_20260713/run_manifest.json,ok,"[0.24008259640618165, 0.2145766879493837, 0.2876200250020884, 0.22654498904312464, 0.07625856905294984, 0.24436571655935224, 0.27112627005969153, 0.29739684253041515, 0.19498120549319847, 0.29721313050843823, 0.11392651291673514, 0.2919065491431628]","[4.1383131723752395, 3.698666823492925, 4.957717701833348, 3.90496490094035, 1.3144719589936238, 4.212141483190172, 4.673414198115106, 5.126241090729612, 3.3608987204260794, 5.123074439369408, 1.9637557913130086, 5.03160468732188]",0.045104799053974624,0.1229281812678901
12,6072db0569cd56244f67,601,0.12,512,"[0.026931411801800476, 0.02560406553600477, 0.027314721471456232, 0.02577997090985699, 0.02962194131525033, 0.030529159025770303, 0.03273888396626429, 0.02840733370892875, 0.026129560187511856, 0.027621337651651905, 0.019660606805521157, 0.028122420128551727]","[0.018858427458512177, 0.016462818265208328, 0.017823833940255076, 0.012509966469795644, 0.013377843024239486, 0.02487500253777683, 0.014901487459874815, 0.01448857387165373, 0.01924320519274316, 0.020226960738434104, 0.014199167204446857, 0.020233193316246633]",61,"[-0.022300386851117848, -0.021337710412233646, -0.020368167755066675, -0.02143176350750519, -0.021499272432169935, -0.022670507094149698, -0.021028536031081378, -0.019864667288450853, -0.020198003986808776, -0.020906421742782587, -0.021172996659900647, -0.021268361354273107]",0.021184584888133188,conditional_flow_matching,flow_matching,6007,-0.23422328689959948,0.8960988386294664,0.23519811275330407,"[0.0012223994917515135, 0.0010075206719787715, 0.003082848219582157, 0.0016620068754839383, -0.0019228533881846903, 0.0025922577964484126, -0.002866237458591196, -0.004760573405500809, 0.0040018597070442165, -0.00043028521508429546, 0.003865325820658535, 0.0017291427426161892]",0.0027416817402874196,-4.4918578425612425,8.61851969764162,"[1.7703557039473725, 1.764421340291154, 2.0452436811084285, 1.923192658477862, 1.9314394073971706, 1.922579120023236, 2.119211668679644, 1.949349870622751, 2.043027302199385, 1.7558341895601761, 2.1738907530488984, 1.852310627291144]",1.9273160329375163,0.996187306771564,4.506938128418665,4.524187467339566,0.2731054159812629,history_tangent_benchmark/results/stable_sid_core_20260713/run_manifest.json,ok,"[0.26632463688482705, 0.21012876958644278, 0.27274862592980614, 0.2882636225762486, 0.25164097587359, 0.2640998399282414, 0.2381599705522065, 0.28179910906302824, 0.25767439059009073, 0.2769832526272442, 0.24775858813959328, 0.28355907355244414]","[4.590648257918267, 3.621997879443909, 4.701378810161439, 4.968811418573856, 4.33754541460059, 4.552299345131094, 4.1051727947878796, 4.857382344475137, 4.441543621756995, 4.774371237369499, 4.270624544281925, 4.887718921713497]",0.0038129996204319286,0.10400918133649263
12,620a425d95235ea40739,601,0.12,512,"[0.02578639757886969, 0.020277379162207676, 0.020908876686593268, 0.027299738651735683, 0.018746125740538855, 0.007341584201906587, 0.027105677038339236, 0.020133437343455622, 0.012168281191760055, 0.01822183682338672, 0.013599044641794678, 0.0263497018171667]","[0.01256650250043336, 0.004103979415950865, 0.029893995374195327, 0.018300429288956498, 0.03201201817335311, 0.026709819785405063, 0.046006246816568744, 0.015594312457393896, 0.009783471639002636, 0.03359159044411565, 0.02707712691401599, 0.03892683751392824]",61,"[-0.005796175732114695, -0.010483773921531627, -0.007118440576018518, -0.009120054594515878, -0.0029888071129989535, -0.009074560355409156, -0.004444521368637171, -0.0066240012988391436, -0.008349029334278613, -0.004291588261874863, -0.0010498025781388587, -0.0018397717451746599]",0.006613593349836933,conditional_edm_diffusion,diffusion_edm,6007,-0.241766897868834,0.924670273238009,0.24269722692341222,"[-0.018867022781112373, -0.015103080815761135, -0.024116105486632344, -0.021287948897282437, -0.02058721547089452, -0.016985909868255655, -0.019301646267268678, -0.015610347154878154, -0.017851168631140744, -0.022331584558721307, -0.022072149860493294, -0.018004137272992216]",0.01952800258917904,-4.484577354990897,8.61851969764162,"[1.5924956918605542, 1.775797813103878, 1.4398817305817664, 1.6216889286783034, 1.6651143396679944, 1.8362386371859756, 1.7880065930324485, 1.7173836867216548, 1.7237747695643237, 1.6663345575998363, 1.758633929240944, 1.6648981304710027]",1.6918591221607455,0.9945526562179793,4.499542662870658,4.524187467339566,0.3120672079967335,history_tangent_benchmark/results/stable_sid_core_20260713/run_manifest.json,ok,"[0.26632463688482705, 0.21012876958644278, 0.27274862592980614, 0.2882636225762486, 0.25164097587359, 0.2640998399282414, 0.2381599705522065, 0.28179910906302824, 0.25767439059009073, 0.2769832526272442, 0.24775858813959328, 0.28355907355244414]","[4.590648257918267, 3.621997879443909, 4.701378810161439, 4.968811418573856, 4.33754541460059, 4.552299345131094, 4.1051727947878796, 4.857382344475137, 4.441543621756995, 4.774371237369499, 4.270624544281925, 4.887718921713497]",0.005450774786297717,0.07561535848788395
12,6a320895942c602ab3d0,607,0.12,512,"[-0.009154467369403008, 0.016927296494452515, 0.14510363742382915, -0.09909804922222792, 0.040704852367129396, 0.0018048240798825, 0.02003151552023713, 0.05594905034167393, 0.031595793213853404, 0.28325965043232404, -0.037101136331597666, 0.18716555955458442]","[-0.1126762488527162, 0.6527065670442108, 0.6757827560258821, -0.44696538254959917, 1.1320709662264385, -0.07015683405526853, -0.16906593265725117, 0.7238769978010474, -0.054904627464616676, 1.4364293705751847, -0.42671598273880457, 0.7045479620339645]",67,"[0.05712808802316657, -0.009063617623695832, 0.06503321006082434, 0.002717080173031521, 0.11194128725997288, -0.05124138585540529, 0.07178005660163812, 0.07051920278052805, 0.20860326589981168, -0.16846403898176748, -0.034282643183550926, 0.002261146803937686]",0.0939593005100563,autoregressive_mdn,autoregressive_mdn,6001,-0.13902654972662828,0.8821301758905544,0.18347718981874336,"[-0.12224469484039546, 0.04528160646673496, -0.2925221528911041, 0.020612564241168085, -0.09295576275689851, 0.2446909645109463, 0.011417891521285178, 0.005894172391203897, 0.028791884538884965, 0.06167733285021848, -0.1335633706354848, -0.03625820171596998]",0.12762403302456413,-2.576682692430643,7.582956818553889,"[1.0904421829641462, 1.4016033251978235, 1.5261859223881618, 1.0973457848742991, 1.3639932618918815, 1.572480198865624, 1.2850697231532988, 1.3341531889581426, 1.307107161290476, 1.2863456522526906, 1.4978542311068326, 1.575456992274689]",1.3490732254250122,0.9209261117568637,2.904977457796903,3.154408829015649,0.25517374998889863,history_tangent_benchmark/results/stable_sid_core_20260713/run_manifest.json,ok,"[0.25148408548562734, 0.2716955737609966, 0.11821464766262521, 0.0777083961507663, 0.09055745987737868, 0.06364035630594421, 0.24043433763650074, 0.27454510147811445, 0.1814702064014434, 0.20703813011238223, 0.2873398899766032, 0.24137893837589502]","[3.813985921582054, 4.120511607243721, 1.7928331370924986, 1.1785188249006802, 1.3733866156961778, 0.9651641475707172, 3.6464063999903824, 4.163727298508075, 2.7521614779924137, 3.1399224008726723, 4.357771955881216, 3.660732133225584]",0.09972861973527627,0.25932328850336794
12,6a7c4d17b3856aa4fa5b,601,0.12,512,"[0.036449239044825575, -0.04229170663136971, 0.01592820295490821, -0.02837546711966325, -0.0015829947847267878, 0.05178242752334565, 0.13291242503472533, -0.03493321647852789, 0.09226356306415093, -0.08755386119678697, 0.0014823620021790311, 0.02457659553774296]","[0.3002744521236602, -1.1141366611097456, 0.3280471590695194, 0.26638841263864227, -0.7988994657488466, 0.5078234544562441, 1.539200197860872, -0.6688388381374774, 0.548657345626422, -0.7944597687181948, -0.016083509265292045, 0.2257339655092977]",61,"[-0.08324991249274884, -0.03687943658726388, -0.11116810565356175, 0.09034429557832434, -0.01970687046129923, -0.04365581919018592, -0.11536606330469028, -0.027573518138452668, -0.07049141616388406, 0.04420198101649798, -0.00390951654171892, -0.19341706972216763]",0.08637283574073894,autoregressive_mdn,autoregressive_mdn,6001,-0.2122951807929467,0.9591780818535246,0.22143123476058793,"[-0.015095979683917479, 0.04420334458102859, -0.05391264723318227, -0.12297924489206488, 0.06178641241909033, 0.11384262683435953, -0.05079930386286587, 0.12820803351097182, -0.03563368752241466, -0.11296668235400431, -0.14112977099089985, -0.17211879945226624]",0.09982551045361547,-3.86313656982766,8.61851969764162,"[1.4572465667421794, 1.627676868822785, 1.426566368045607, 1.659227946434823, 1.5958506827527328, 1.4560263839143872, 1.756400548655042, 1.596951541869891, 1.8532018782977513, 1.6496530861043681, 1.5070721431964067, 1.5105599827310388]",1.596401112311312,1.0063471327739109,4.004516831672828,3.979259940488642,0.26345545798540115,history_tangent_benchmark/results/stable_sid_core_20260713/run_manifest.json,ok,"[0.20039032980570712, 0.22232036328497057, 0.20918932723152744, 0.12267249285769037, 0.23501840571326418, 0.2428268467223239, 0.24932834696235104, 0.1902818958071825, 0.29801937385149685, 0.2787783287998507, 0.17257941476251232, 0.2867946126672863]","[3.454136009294775, 3.832144860316719, 3.6058046745626355, 2.114510592105611, 4.051021517896195, 4.185615923185102, 4.297682538950893, 3.2798965342375856, 5.136971687635895, 4.80531303607425, 2.974758171076351, 4.943490036901012]",0.009963238106485733,0.07324005073721182
12,6caef437a4f953b700d4,601,0.12,512,"[0.01869015151493107, 0.013433598875470475, 0.0191783220342856, 0.01596616216845287, 0.02432490142032437, 0.005203044468991373, 0.013874052510002196, 0.01862443075226807, 0.0017875672286467767, 0.02215612885929456, 0.012471551090686752, 1.429908713610854e-05]","[-0.000625715418398412, -0.0068016122727087205, -0.009023935079539396, 0.02881743657377507, 0.04996227028908479, -0.004938987858479904, 0.05033062740065093, 0.0236848162841768, -0.003364042279878586, 0.0055797535088904695, 0.018357338056742188, -0.010115184783381545]",61,"[0.00396133830622795, 0.0007507403342392818, 0.0009431349409818348, 0.004078647764472337, -0.00010735791046428736, 7.923855021103067e-05, 0.0008940631955508862, -0.0013013953718429838, -0.001596122594758713, 0.002417886854467107, -5.2067116967736395e-05, 0.00025892359969157655]",0.00193121298892909,conditional_edm_diffusion,diffusion_edm,6001,-0.21187296070463943,0.9452240627750772,0.21820987708689865,"[-0.015049635769022926, -0.013909676384254999, -0.015074721188231463, -0.017153294370580996, -0.018908203684035268, -0.019267407489818405, -0.013210603191724884, -0.003943502834415543, -0.008765994671392868, -0.01611802803934692, -0.012980900103469011, -0.01418149502376842]",0.01462455078755435,-3.878290234818008,8.61851969764162,"[1.827952556238712, 1.7374427697172745, 1.5964394675969058, 1.7456788749993808, 1.5260055872880813, 1.750572223916337, 1.9019066381506946, 1.5951110500086645, 1.837959874023795, 1.788468055783193, 1.7331097289250843, 1.8082869723894703]",1.748125549457859,0.9974364160210464,3.969058773457113,3.979259940488642,0.3091794580104761,history_tangent_benchmark/results/stable_sid_core_20260713/run_manifest.json,ok,"[0.20039032980570712, 0.22232036328497057, 0.20918932723152744, 0.12267249285769037, 0.23501840571326418, 0.2428268467223239, 0.24932834696235104, 0.1902818958071825, 0.29801937385149685, 0.2787783287998507, 0.17257941476251232, 0.2867946126672863]","[3.454136009294775, 3.832144860316719, 3.6058046745626355, 2.114510592105611, 4.051021517896195, 4.185615923185102, 4.297682538950893, 3.2798965342375856, 5.136971687635895, 4.80531303607425, 2.974758171076351, 4.943490036901012]",0.002578862548256904,0.05559014847113597
12,6dd00558ddc583dca65c,607,0.12,512,"[0.06495948339912452, 0.06498169913912213, 0.07532351955671045, 0.06000340578378935, 0.052036029413415896, 0.07869596479911044, 0.06667636262817195, 0.06843470891394546, 0.06675628598257119, 0.06863957098913026, 0.06061178708446867, 0.07229673090552308]","[0.00017759715623242382, 0.0004707271242635547, 0.0008671909646744819, 0.0011878133468454784, 0.0019458244620482266, 0.0006507305121451829, -0.00021600267129810407, -0.001243753280618466, -0.0012425955579490038, 0.0008281070793918969, 0.0005874301428168925, 0.0017418091557237579]",61,"[0.03220311725447698, 0.015384792797159172, 0.0017907069487996252, -0.015513666420599505, 0.02436092613557975, -0.00031695163620557487, 0.004611733695319975, -0.019425903041960478, 0.003068615448505059, 0.01803199208804127, -0.0068893154560883615, -0.010307726727768382]",0.015806336023570133,constrained_gaussian_dsm,gaussian_dsm,6007,-0.1630486288391365,0.7302940749812421,0.1750875319830281,"[0.0013720699054133498, -0.0065554871435215736, -0.000866653304000542, -0.006750828974206684, -0.0019997885821715355, 0.000341327610072865, -0.00911518024750933, -0.008960102330502392, 0.0010160037848020813, -0.00472177577967257, -0.010737905940720143, -0.008091507964343622]",0.006210004872944984,-3.958292507472206,8.61851969764162,"[0.07723464691731158, 0.10272473485086951, 0.058201398854759, 0.07038042899257589, 0.06433164303026415, 0.07402520510004663, 0.07078867384824289, 0.055310024037528174, 0.08063958785089269, 0.05716457339501426, 0.06112527731761387, 0.07424837485834343]",0.0705845514204094,0.9999058005569984,4.1321797571070755,4.132569042809074,0.09807158302282915,history_tangent_benchmark/results/stable_sid_core_20260713/run_manifest.json,ok,"[0.24008259640618165, 0.2145766879493837, 0.2876200250020884, 0.22654498904312464, 0.07625856905294984, 0.24436571655935224, 0.27112627005969153, 0.29739684253041515, 0.19498120549319847, 0.29721313050843823, 0.11392651291673514, 0.2919065491431628]","[4.1383131723752395, 3.698666823492925, 4.957717701833348, 3.90496490094035, 1.3144719589936238, 4.212141483190172, 4.673414198115106, 5.126241090729612, 3.3608987204260794, 5.123074439369408, 1.9637557913130086, 5.03160468732188]",9.42287435557871e-05,0.2723451386065889
12,7526436ebd7f246ec7c9,601,0.12,512,"[0.03535200949275989, 0.03257348220339328, 0.01639950472057672, 0.03467846467453961, 0.038964938569939954, 0.03587250230328622, 0.03482069868247414, 0.03824929485198743, 0.021924764584985157, 0.030190244956225985, 0.031741823165325665, 0.014356807767354485]","[0.1102065019502857, 0.0933950230731878, 0.09479630379175287, 0.10826477106642789, 0.09293356708252234, 0.12591013521821895, 0.13511782270519945, 0.13895216988262515, 0.14687416210217275, 0.12212508473693884, 0.10621577075576884, 0.0701695756923681]",61,"[-0.014981095377859915, -0.009461559345194848, -0.01649813548616208, -0.016473876816794818, -0.009581260250487465, -0.01056069261634671, -0.0059607480415444555, -0.010950293565551593, -0.005292404401574149, -0.014018727717351962, -0.013360118970237936, -0.013875485579512795]",0.012287716728838636,conditional_affine_flow,affine_flow,6007,-0.2311680266109096,0.8856958467671752,0.23246765050123702,"[-0.02129644367464915, 0.034926733033278465, -0.02485937514446294, -0.01574910032436557, -0.02825850483831142, 0.0026054531280054567, -0.04031038594482691, 0.018887792728505826, 0.005195562370089816, -0.013299057936873767, -0.038492459493325956, -0.01924977693320562]",0.02480343971141539,-4.397044475179718,8.61851969764162,"[1.3541743937080526, 1.4848909995717468, 1.4872700506810568, 1.4346687102329068, 1.537752757117154, 1.6745390991135256, 1.5847450735581439, 1.5160842074624936, 1.6801466754394445, 1.6215281076902008, 1.4897223732978122, 1.7069718655790194]",1.5269184822898239,0.9753179932427973,4.412521441699839,4.524187467339566,0.1438594999781344,history_tangent_benchmark/results/stable_sid_core_20260713/run_manifest.json,ok,"[0.26632463688482705, 0.21012876958644278, 0.27274862592980614, 0.2882636225762486, 0.25164097587359, 0.2640998399282414, 0.2381599705522065, 0.28179910906302824, 0.25767439059009073, 0.2769832526272442, 0.24775858813959328, 0.28355907355244414]","[4.590648257918267, 3.621997879443909, 4.701378810161439, 4.968811418573856, 4.33754541460059, 4.552299345131094, 4.1051727947878796, 4.857382344475137, 4.441543621756995, 4.774371237369499, 4.270624544281925, 4.887718921713497]",0.02469562691140926,0.11494999440442719
12,75503b42cc0b05ff9d0d,607,0.12,512,"[0.06894555449455386, 0.07170640826118976, 0.06561633016457745, 0.06968028145205539, 0.06279951149168925, 0.06973202843553138, 0.06976351928667293, 0.07867321720260029, 0.06727711471900776, 0.07247399161936878, 0.06775596600621196, 0.0669707705418715]","[-0.0024659254140923883, -0.00015124168951113413, -0.0015411082764792783, 0.001589981635449246, 0.0004977498586032554, -0.00059173067221381, 0.0004643491199719926, 4.0490228642490154e-06, -0.0006634579975410228, 0.0015267857922585926, -0.0008532187611768538, 0.0010044310916504508]",67,"[-0.01620201830925446, 0.022807763529766937, 0.0015800721910425378, -0.0027035604552539303, 0.00011050614207409766, -0.006386783356912808, 0.0033550716685743116, 0.007532770001774679, -0.01678857554888493, 0.01179432222987396, 0.01071088850134233, 0.013071356562888752]",0.011575309519075726,mean_mlp,mean,6007,-0.16173723824765912,0.71945754591725,0.17079440831435272,"[0.016198977848179884, 0.007792309509049393, 0.008938869163189572, 0.0008691097781149404, -0.00535431295842446, -0.0016855439229486921, 0.008074565314699264, 0.0008194342699922401, 0.0059183634006846715, 0.023000230676879323, 0.0033269232521273193, 0.0005573379942558354]",0.009471809876982394,-3.5037296087449863,7.582956818553889,"[0.08020736151572584, 0.0611782599967589, 0.061455610894763056, 0.04656930626832235, 0.06907872942253378, 0.07908684684912103, 0.05504111271842747, 0.06975457466510196, 0.062365528183125976, 0.11438719752840198, 0.05960944160349936, 0.055815971143823515]",0.06191056953894451,1.0000456533339221,3.600450804349094,3.600286439270066,0.10049766697920859,history_tangent_benchmark/results/stable_sid_core_20260713/run_manifest.json,ok,"[0.25659534253806526, 0.21164162065597283, 0.22744836543426342, 0.19055276663421522, 0.29650300263612195, 0.27647023511393015, 0.11670111967887661, 0.2934125513795377, 0.2994791313191322, 0.2019813703343985, 0.16563570189876559, 0.23582034502396035]","[3.891502804616385, 3.2097385408860095, 3.449462267077369, 2.8899068020864607, 4.496738931122565, 4.192923708968747, 1.7698791024036216, 4.4498694142655175, 4.541874641702017, 3.06323201879617, 2.512016750218408, 3.5764309865063413]",-4.560188834126427e-05,0.2839054608659869
12,803e0a6c5564dcb9fece,601,0.12,512,"[0.04042811508547147, 0.04212213280087261, 0.04603606512715297, 0.04746809599778824, 0.03180101650004074, 0.03934846165825114, 0.05177132059250855, 0.05784517483250808, 0.04518963485815343, 0.07403807603306145, 0.03549144512962621, 0.054213593432548654]","[0.3629931139852867, 0.34680789717273947, 0.4689907731931661, 0.2827877540067983, 0.3873447188665139, 0.34374547388045706, 0.3854001643201997, 0.3256955832003824, 0.29482761413430575, 0.2831558424694567, 0.23238760838494207, 0.3421775670349188]",67,"[-0.008223497260816495, -0.013217933661607608, -0.015660654508441174, -0.029773922422128275, -0.02113544237381029, -0.021420260131513817, -0.03559724508213611, -0.012257419148541462, -0.03255672366728736, -0.04639996025796859, -0.010388170323322524, -0.0066571171697931125]",0.02425928128768442,conditional_affine_flow,affine_flow,6001,-0.15092112253322898,0.7925775663640716,0.16793724960523168,"[-0.01235609466277247, 0.026657011064066632, -0.011520525056033886, 0.014295285109477973, -0.033660367652179245, -0.04362344663273454, 0.028185201212960198, -0.07326953856459095, 0.04906333280114694, -0.02116519197848018, -0.08278001545296565, -0.03766655154391896]",0.042353354180671786,-2.665844129513794,7.582956818553889,"[1.6397290074103488, 1.6042392167047137, 1.654948216346155, 1.5645437297049785, 1.6201908358367767, 1.5206327078271291, 1.524793590533467, 1.5287128466587574, 1.6027942361900454, 1.4822765395347208, 1.5898404144919787, 1.5782649071127097]",1.5840526608023442,0.8984806294349882,2.8872378182703167,3.2134669615370157,0.13819370901910588,history_tangent_benchmark/results/stable_sid_core_20260713/run_manifest.json,ok,"[0.28728294840353563, 0.17657707316284418, 0.2886592929901904, 0.22499733008220837, 0.25132119599275, 0.17565790789668273, 0.1971484157849256, 0.11260293963143014, 0.07912268234215306, 0.2820919430481082, 0.06614129435927318, 0.23520357875263012]","[4.356908384901711, 2.6779526418809563, 4.377781908037817, 3.412290076606604, 3.811515553600684, 2.6640126608361228, 2.9899358474867976, 1.7077264577347304, 1.1999677671374058, 4.278182045991534, 1.003093158099261, 3.567077162501066]",0.10206753574132445,0.21197944206624
12,83fb477a98e1b8d9dce8,607,0.12,512,"[0.02493147824259717, 0.052030266232688346, 0.04175850472011948, 0.040071467553263095, 0.02170745519881242, 0.034456763452631975, 0.03110946118655723, 0.02581291287318081, 0.04195009714748066, 0.038296002656434264, 0.04468807802371702, 0.034005087861904704]","[0.13508454760133526, 0.16478738736348184, 0.16515827867697452, 0.0785221217557484, 0.10474586390544205, 0.17095768404656597, 0.13747106685991797, 0.14080657174253508, 0.15147044744982913, 0.14976573895807432, 0.20276830534785573, 0.1292768276715783]",67,"[0.017357913258370425, -0.008317499287654236, -0.004055671107714368, 0.005816124092082916, -0.004970012138229126, 0.000798298267667656, -0.010738899434934931, -0.004003046558732239, -0.007235141620408741, -0.00146834598573186, 0.0035707536753937434, -1.84684298845314e-05]",0.007329701536508,conditional_affine_flow,affine_flow,6001,-0.15622412900624086,0.8418780542867189,0.17510501714178195,"[0.005929393225919307, -0.03488922818921103, -0.05249526038789698, -0.07630118489475035, -0.04159735649805023, 0.05314348380093259, -0.0193226030797448, -0.025759844709523826, -0.03113783249687289, -0.0005668297901310442, 0.022767324775555913, -0.01061018302048374]",0.03766337149046196,-2.7695255899314044,7.582956818553889,"[1.347173616350127, 1.375005436674704, 1.4688843982812205, 1.3567339208675113, 1.351559035484914, 1.3651763715048182, 1.5150690203593669, 1.415075641255762, 1.3098588212446847, 1.4408740883754492, 1.6644927604536948, 1.4065522875917087]",1.3907788621332062,0.956397585341563,3.016868987250674,3.154408829015649,0.13374387499061413,history_tangent_benchmark/results/stable_sid_core_20260713/run_manifest.json,ok,"[0.25148408548562734, 0.2716955737609966, 0.11821464766262521, 0.0777083961507663, 0.09055745987737868, 0.06364035630594421, 0.24043433763650074, 0.27454510147811445, 0.1814702064014434, 0.20703813011238223, 0.2873398899766032, 0.24137893837589502]","[3.813985921582054, 4.120511607243721, 1.7928331370924986, 1.1785188249006802, 1.3733866156961778, 0.9651641475707172, 3.6464063999903824, 4.163727298508075, 2.7521614779924137, 3.1399224008726723, 4.357771955881216, 3.660732133225584]",0.04374463309278096,0.16136858256076997
12,85061723ecc67cac5b20,601,0.12,512,"[0.06686456227936201, 0.06248419370893585, 0.07068857442414599, 0.06499487689081568, 0.07168694571671927, 0.07298281197145827, 0.0729950194614327, 0.0671206188372353, 0.05272570438533385, 0.06589040134504047, 0.060275972475620776, 0.06563413461914275]","[-0.00022868202745099896, 0.0012559817962194816, 0.0003994106099794968, 0.0009130146428940143, 0.000938765280154682, -0.000875361437028177, -0.0006879819104452523, -0.000487467005234768, -0.0012564599165323324, -0.0005520820219792149, 0.0007262917100497753, -0.0006160560684581003]",67,"[-0.006619655001039125, -0.02168581218043447, 0.005654314728268812, -0.018316089968969364, 0.0008261775734799461, -0.022465875058816646, -0.031409343476644196, -0.012777199337073367, -0.04046064811329914, -0.025226455107177144, 0.019236068055314415, 0.01258516308306314]",0.02109225218772797,constrained_gaussian_dsm,gaussian_dsm,6001,-0.13187189886095738,0.7095400565492195,0.15034264233373593,"[0.006612592267193906, -0.01473823258064666, -0.0032776214584547456, -0.0024916409966306103, 0.0057621730094353785, -0.005793351031008198, 0.0007456871851094227, -0.0004802546181815563, -0.010723712516723383, -0.0006959144742815782, 0.0021365597396636833, -0.00015436718196898402]",0.006228404190044298,-3.0039095242635434,7.582956818553889,"[0.06179758417707402, 0.05926942445512684, 0.07735430065579353, 0.06740091094690603, 0.07665952487671077, 0.0577920265095937, 0.06365122952834788, 0.07203521444249704, 0.07094860702349765, 0.09144079520003592, 0.07991896299958251, 0.05809945428664533]",0.06917475898520184,0.9999980204957253,3.213460600465429,3.2134669615370157,0.10191979099181481,history_tangent_benchmark/results/stable_sid_core_20260713/run_manifest.json,ok,"[0.28728294840353563, 0.17657707316284418, 0.2886592929901904, 0.22499733008220837, 0.25132119599275, 0.17565790789668273, 0.1971484157849256, 0.11260293963143014, 0.07912268234215306, 0.2820919430481082, 0.06614129435927318, 0.23520357875263012]","[4.356908384901711, 2.6779526418809563, 4.377781908037817, 3.412290076606604, 3.811515553600684, 2.6640126608361228, 2.9899358474867976, 1.7077264577347304, 1.1999677671374058, 4.278182045991534, 1.003093158099261, 3.567077162501066]",2.010861763397302e-06,0.29742479995246657
12,85c604e092be1c4bdca2,601,0.12,512,"[0.018878852856357015, 0.02654476396973804, 0.028462011815713617, 0.022504854178954925, 0.026863556681513506, 0.03452492702660098, 0.025940556443788492, 0.04288164420534572, 0.02993934304893776, 0.034390197947883436, 0.03263576997703984, 0.03237552099331747]","[0.001972805632994429, 0.019581486268325603, -0.0019301082599972505, 0.00681364056695187, 0.00254423956681527, -0.007977608301852162, 0.0009407554390175021, -0.0022927942870522534, 0.004592862864653015, 0.010827452448024417, 0.00902149545463811, 0.0023725906558491375]",67,"[0.017401702903627504, -0.019888775373742146, 0.005350657619222303, -0.01757838571070855, 0.02728757043123353, -0.022799700917551558, -0.040989585544900196, -0.002128356274145252, -0.034455842677595605, -0.04233673201294415, -0.0028582110139849007, -0.007013209722118736]",0.024190363386883258,gaussian_anchored_edm,diffusion_gaussian_anchored,6001,-0.16840538360846172,0.8763581517042215,0.18568930526444793,"[0.016446901345934517, -0.021886882983033578, -0.018340250558222342, -0.0035362219422056347, -0.024006535261765032, -0.008081983421894442, 0.0068893274439596475, -0.027212206548824874, -0.016051945302410685, -0.00405069344571185, 0.003582185923678427, -0.03051629897502147]",0.017668603747085725,-2.9999980705638603,7.582956818553889,"[0.986744693675151, 1.1063226604128147, 1.186248080995134, 1.0297289834280656, 1.0149085880814348, 0.9253666702069536, 1.130162928057893, 1.1490188323943886, 1.0561452062404952, 1.1199280968636205, 0.8959828351243048, 0.8688849095361885]",1.0429370948342804,0.9989329651293468,3.210038080233364,3.2134669615370157,0.48677066701930016,history_tangent_benchmark/results/stable_sid_core_20260713/run_manifest.json,ok,"[0.28728294840353563, 0.17657707316284418, 0.2886592929901904, 0.22499733008220837, 0.25132119599275, 0.17565790789668273, 0.1971484157849256, 0.11260293963143014, 0.07912268234215306, 0.2820919430481082, 0.06614129435927318, 0.23520357875263012]","[4.356908384901711, 2.6779526418809563, 4.377781908037817, 3.412290076606604, 3.811515553600684, 2.6640126608361228, 2.9899358474867976, 1.7077264577347304, 1.1999677671374058, 4.278182045991534, 1.003093158099261, 3.567077162501066]",0.0010694477581661421,0.12620252313008307
12,8725f79d4e788958b624,601,0.12,512,"[0.07069349849525934, 0.0630212495898487, 0.06310892721584592, 0.07325025301491475, 0.07843557103995961, 0.07209535694548709, 0.05876721356021566, 0.06577762880727497, 0.07059344591246834, 0.07173397643256696, 0.06565443639295158, 0.06619904494775952]","[0.0014163963138601621, 0.0004136038582366972, 8.830177281645563e-07, -0.0004401632692326568, -0.00025588158380919056, -0.0003731861866239564, -0.001667937237043865, 0.0023177386395047852, -0.0005362017227545132, -0.0008264416401712171, 0.0008758249937159136, 0.00036421162328237756]",61,"[-0.01585855796537398, -0.007757656452480645, -0.018917243359969728, 0.008144647062674395, -0.001762530346025648, -0.017430889034844, -0.002420093536497035, -0.004252117297641236, 0.008865322288607161, -0.028222980413163703, 0.004687472477442637, -0.01860520343889274]",0.013874463300153742,mean_mlp,mean,6001,-0.15740576134263426,0.7141286942134675,0.16486031272950044,"[0.009429375872588297, 0.000457453160792228, 0.0013200846227171918, 0.0015846011710044887, -0.002226221296466417, -0.0063180420102809665, 0.0011962615900843836, -0.0038844281561404665, 0.00016120679851757322, -0.0006721696438112084, 0.0004865640352018826, -0.0017527300902870728]",0.0036349704722722686,-3.8900047279525274,8.61851969764162,"[0.09037301371411398, 0.04952089931542752, 0.06561126623401162, 0.0842558151584991, 0.09941750336059217, 0.07891532388695748, 0.0840870997197867, 0.045251463434458496, 0.07872956300423521, 0.08410025512913132, 0.06548913967762952, 0.05776782282524325]",0.07882244344559634,0.9999944281240633,3.979237768545933,3.979259940488642,0.09787320898612961,history_tangent_benchmark/results/stable_sid_core_20260713/run_manifest.json,ok,"[0.20039032980570712, 0.22232036328497057, 0.20918932723152744, 0.12267249285769037, 0.23501840571326418, 0.2428268467223239, 0.24932834696235104, 0.1902818958071825, 0.29801937385149685, 0.2787783287998507, 0.17257941476251232, 0.2867946126672863]","[3.454136009294775, 3.832144860316719, 3.6058046745626355, 2.114510592105611, 4.051021517896195, 4.185615923185102, 4.297682538950893, 3.2798965342375856, 5.136971687635895, 4.80531303607425, 2.974758171076351, 4.943490036901012]",5.605015579824341e-06,0.2890032044414377
12,8cd50eabba96d0b415e6,607,0.12,512,"[0.11497652371864528, 0.07533006151601065, 0.0820833441069875, -0.003934072174342311, 0.03454108805966509, 0.01864996547661461, 0.07239789193901244, 0.07286989050258505, 0.07425350148057078, 0.08393908654694693, 0.06081047585784205, 0.0876868096294614]","[0.4124893347483491, 0.27847994369843976, -0.14096259383019988, 0.29845234737845194, 0.0971710783723286, 0.26095936171225, 0.29756592662316905, 0.6020279344198717, 0.5669769065605221, 1.0293913547151257, 0.0499345347408015, -0.5551734759381888]",61,"[0.007816923015742903, -0.04521472074731596, -0.042056024704102926, -0.03908200199716627, -0.10850706825907877, 0.02008073927783991, 0.027267092342101937, -0.05048576260366855, 0.05091364095311039, -0.08593779720640701, 0.12138764525898132, -0.05809369397155919]",0.06387373963458126,autoregressive_mdn,autoregressive_mdn,6001,-0.1680806120507133,0.7455083676577989,0.181301536324766,"[0.1195780437420709, 0.012703551793308288, -0.03632253381424626, 0.22725479124609355, 0.11028199579515656, -0.08120347754522565, -0.11811929536971189, 0.09592948488547452, -0.09002721715964206, -0.06552046269138931, 0.07101495085571156, -0.021625727808185134]",0.10297400115257453,-3.74199044305884,8.61851969764162,"[1.5637547373741285, 1.7160432171778301, 1.6666906778465682, 1.7996172232525003, 1.795797815927888, 1.7267946562966712, 1.4109844700770893, 1.5577795417873284, 1.762751614060733, 2.0683108780830994, 1.5669470721260033, 1.5869685454987943]",1.6913669475121993,0.9458698456671404,3.964998400639268,4.1919069719816235,0.2557249170204159,history_tangent_benchmark/results/stable_sid_core_20260713/run_manifest.json,ok,"[0.20485623368434575, 0.29805214453044554, 0.1890290596138764, 0.0877183690309477, 0.19985684209513668, 0.2813851838229858, 0.12069018696265893, 0.29901875577462594, 0.29618534633719823, 0.22029904756930851, 0.29412927316890825, 0.29935146867812157]","[3.531114970386417, 5.137536557119944, 3.2583013474177314, 1.5120049826764388, 3.444940260610773, 4.850247498805822, 2.0803415072994516, 5.154198073215806, 5.105358483119897, 3.7973033616955476, 5.069917868918497, 5.159933058640679]",0.058775634260703015,0.2655674071398323
12,8d0e2965f26b2f6a35b2,607,0.12,512,"[0.0777425985397017, 0.06153974829842997, 0.03581012653656457, 0.02326821658523298, 0.0428432607047007, 0.031879485488588155, 0.006550720520356879, 0.029546795917151834, 0.03213345982641762, 0.10214733960053762, 0.0004375111743333086, 0.019835767690853472]","[0.4898650075411917, 0.15672575385637702, 0.09040167322371256, 0.057232157889689175, 0.2463818704764605, -0.05861211624708177, -0.2303531974392911, 0.12933871346593023, -0.05856494446681397, 0.4149879873566969, -0.02890683131340314, 0.032617681698798195]",67,"[-0.03163663851990812, -0.030696964881686897, -0.01754121012612272, -0.032512768960701766, -0.0040078349824622505, 0.009004531267439546, -0.0465065363439714, 0.001375751698308563, -0.03890840153434816, -0.025265072697097803, -0.006540182908124198, -0.012854979352039966]",0.025706778909738135,autoregressive_transformer,autoregressive_transformer,6007,-0.19237554348036423,0.8429528217734708,0.20011136063374224,"[0.03999166710537313, -0.010828736790530202, 0.028423502311732594, -0.07706753392072904, -0.02284804528996746, -0.007780083839026286, 0.00833573435431075, 0.004331241045374412, -0.023916847865930922, 0.0027949855097131326, 0.032820974875217665, -0.03591428721586021]",0.03173008852649612,-3.400205184383946,7.582956818553889,"[1.2440186602471475, 1.3275043755086116, 1.3505904811724092, 1.2332870317399716, 1.3149549634119833, 1.2770732555267696, 1.4008702859055948, 1.3992389778529588, 1.1828480342885415, 1.2463445564492581, 1.4261407189613033, 1.5081751343808252]",1.3212296694602974,0.9694976737167116,3.490469327586152,3.600286439270066,29.40663908299757,history_tangent_benchmark/results/stable_sid_core_20260713/run_manifest.json,ok,"[0.25659534253806526, 0.21164162065597283, 0.22744836543426342, 0.19055276663421522, 0.29650300263612195, 0.27647023511393015, 0.11670111967887661, 0.2934125513795377, 0.2994791313191322, 0.2019813703343985, 0.16563570189876559, 0.23582034502396035]","[3.891502804616385, 3.2097385408860095, 3.449462267077369, 2.8899068020864607, 4.496738931122565, 4.192923708968747, 1.7698791024036216, 4.4498694142655175, 4.541874641702017, 3.06323201879617, 2.512016750218408, 3.5764309865063413]",0.03192550514559249,0.16488695242391302
12,938cf1b6bb175046efab,601,0.12,512,"[0.07766380201317628, 0.05475198535054432, 0.07750075238644415, 0.061096885100677775, 0.06888841306099402, 0.06649832660766664, 0.07498161498686688, 0.06780523816244319, 0.07568535536249393, 0.0669668983765255, 0.06491695766589756, 0.06741196507561813]","[-0.0007377938476088335, 0.00029209798954039017, 0.0008835224104822343, -0.001119124751797487, 0.0005207120636756861, 0.0010162517796285064, 3.4236965200818564e-06, 0.0007450420055057081, 0.002869632397417511, 0.0010123462761947913, 1.5146618546348859e-05, -0.0006467385812551051]",61,"[-0.022287249137463584, -0.0135950920960634, 0.003408906307052351, 0.0009316126469817501, 0.005004867905637178, -0.008424456586216005, 0.01613940253998459, -0.029662239204403626, -0.016426696272327006, -0.006557994981648725, -0.013216124970113636, 0.011005205981458545]",0.01454593194724197,mean_mlp,mean,6007,-0.19291438842953457,0.7391941832743233,0.1940155141036067,"[0.003726069798569894, -0.012319383165372566, 0.0032879828924350005, 0.0007945975548572423, 0.00255903559194202, -0.004520503935456314, -0.0010040075698700135, -0.00547940797527106, -0.004328247708904979, -0.001985787449802305, 0.0018394702329768697, -0.0007882797651690792]",0.00467074844285286,-4.508720006013103,8.61851969764162,"[0.05155315537531357, 0.07030235851688946, 0.06337059214672063, 0.06626333306629918, 0.07844318807234092, 0.07419252827692048, 0.06607097498548027, 0.08196929778670652, 0.07252617630585073, 0.06387888118729701, 0.07332131352196937, 0.06441112871589409]",0.06828284579159433,0.9999134500844933,4.523795899296531,4.524187467339566,0.10167783399811015,history_tangent_benchmark/results/stable_sid_core_20260713/run_manifest.json,ok,"[0.26632463688482705, 0.21012876958644278, 0.27274862592980614, 0.2882636225762486, 0.25164097587359, 0.2640998399282414, 0.2381599705522065, 0.28179910906302824, 0.25767439059009073, 0.2769832526272442, 0.24775858813959328, 0.28355907355244414]","[4.590648257918267, 3.621997879443909, 4.701378810161439, 4.968811418573856, 4.33754541460059, 4.552299345131094, 4.1051727947878796, 4.857382344475137, 4.441543621756995, 4.774371237369499, 4.270624544281925, 4.887718921713497]",8.65750762976499e-05,0.2613483727709703
12,956d137a979b69bb3f65,607,0.12,512,"[0.0704296379847924, 0.07302841512522631, 0.07608847933699889, 0.06890871477529029, 0.06738354862398563, 0.0804781318859633, 0.07674659139940652, 0.07451842927206284, 0.058370042360700314, 0.06909682955635044, 0.06531199012850311, 0.07468967995299022]","[-0.0030365487728218643, 0.0001494899680793999, -0.0008950851527826686, 0.0015296264980895194, 0.0015067048510161972, -0.00046900073646542355, 0.0006860218292901106, -0.0003795018123168995, 2.2452223339251093e-05, 0.000494566584260947, -7.334349968360904e-05, 0.0013222238009730973]",67,"[-0.0080770117285438, 0.016893815488988377, 0.003267721855542121, 0.003479605488052445, 0.012880862331165685, 0.0016394191451710692, 0.004156813571751731, 0.009922875965123786, 0.008146554689902538, 0.012566169454723483, 5.101385365640273e-07, 0.014254313806063835]",0.009509784816863626,constrained_gaussian_dsm,gaussian_dsm,6007,-0.15976592185374747,0.713025573235775,0.16926750102891164,"[-0.0020489633084264103, 0.0020907343861370498, 0.0016742367148533943, -0.0033309054828151163, -0.004668093948427543, -0.00443795666081187, 0.0035147814516717224, -0.00041008872486749304, -0.001881075820596434, -0.006260190357878596, -0.00023115553618678158, -0.0028168184936348357]",0.0032556639305349514,-3.503559863572386,7.582956818553889,"[0.0965994066205823, 0.057261146538500646, 0.05268317066922923, 0.04735983004826668, 0.06686607642411911, 0.07323376595869176, 0.04849871832682626, 0.0685231104620968, 0.05702636648896314, 0.12055368231414414, 0.059681258028100516, 0.05888975483836766]",0.05928550643323409,0.9999968946303778,3.6002752590499267,3.600286439270066,0.09873495798092335,history_tangent_benchmark/results/stable_sid_core_20260713/run_manifest.json,ok,"[0.25659534253806526, 0.21164162065597283, 0.22744836543426342, 0.19055276663421522, 0.29650300263612195, 0.27647023511393015, 0.11670111967887661, 0.2934125513795377, 0.2994791313191322, 0.2019813703343985, 0.16563570189876559, 0.23582034502396035]","[3.891502804616385, 3.2097385408860095, 3.449462267077369, 2.8899068020864607, 4.496738931122565, 4.192923708968747, 1.7698791024036216, 4.4498694142655175, 4.541874641702017, 3.06323201879617, 2.512016750218408, 3.5764309865063413]",3.1615783161591664e-06,0.29113238993150803
12,957cce774ca7fcd5bbed,601,0.12,512,"[0.06666974627025322, 0.0670731200193194, 0.06162228256949241, 0.06455724137529664, 0.054229326344839665, 0.06637803882356987, 0.0521540054621771, 0.05869804993258107, 0.06876777594817715, 0.06810346796354746, 0.07630308035415506, 0.07014232960963022]","[-0.0005228464334119031, -0.00016466366008267814, -0.0003253737183332182, -0.00010215224081169759, -0.0003205386957067565, 0.001118817818040671, -0.001847548498687481, -0.002106850567479294, -0.0008983527151478742, -0.0004238954668916091, 0.0007552577248473493, -0.00014662258939811718]",67,"[-0.034902623058766236, -0.015018389110895217, -0.018780993194716284, -0.002208859114183742, 0.010071338021846201, 0.000942333903064356, -0.010552837785740695, -0.02559263610005166, -0.0007900733442798929, -0.004840652787298546, -0.03427677179208526, 0.005470337979773954]",0.01802519750203405,heteroscedastic_gaussian,gaussian_nll,6007,-0.17326379875295536,0.7515969231545786,0.1858098498017079,"[-0.017857680496923455, -0.009669022757160622, -0.0075071069413730025, -0.005147062248947454, -0.004354481930343712, -0.014387855797063736, -0.00844455471961797, -0.020152393119298822, -0.004686866897150403, -0.006439175911103953, -0.009969296489358015, -0.004186072588142446]",0.010719828987792846,-3.607203373247407,7.582956818553889,"[0.07126690558357353, 0.05298983850201107, 0.05546732849837093, 0.08207044208044346, 0.07066535050773914, 0.08591895079962672, 0.06546450754975128, 0.07658812071920275, 0.06275563305626829, 0.06468458001257651, 0.07763516929414216, 0.08517943507579541]",0.07096612804565633,1.0001140949499565,3.7497461272644697,3.7493183489750725,0.09237779199611396,history_tangent_benchmark/results/stable_sid_core_20260713/run_manifest.json,ok,"[0.2695283326005544, 0.2524473369340805, 0.05623726573776875, 0.2862892945143414, 0.17979148016371943, 0.28972182222126996, 0.25712908807498197, 0.27121872340829295, 0.24682609640553033, 0.28076232365150805, 0.16631603021933286, 0.29759625577712306]","[4.087643414973669, 3.8285945098601135, 0.8528895153660812, 4.341838715833015, 2.726702060850745, 4.393896134593273, 3.8995975433334555, 4.113279735976792, 3.743343261470711, 4.2580171530524735, 2.5223345507730093, 4.513319113842486]",-0.0001140682550821276,0.25199966431922466
12,95b9dc33f277ec60c6ff,607,0.12,512,"[0.08297786823858687, 0.048480975257156333, 0.001447358694195433, -0.014097371712695761, -0.01437637025140659, -0.06605170626835521, 0.07912300772186151, 0.1356839365652611, -0.058157027024278996, 0.01973805517486808, 0.12523029482164422, 0.021932404365297236]","[0.0970647649490625, 0.9646425143849598, -0.4398012076461735, -0.4076711459346951, 0.5844662274655822, -2.1347036566477833, 0.5697253165490139, 0.48197867381063336, -0.07888763127114803, -0.004627016312745587, 0.5455235881345065, 0.34286397216250397]",67,"[-0.09924532630375543, -0.011184183509350503, 0.058713839695300786, -0.03234163185438568, -0.011037691423309431, 0.007100724810798926, -0.056816686126325594, -0.041258006501065, 0.08198736616667443, -0.06742379573307151, -0.006100516675661485, 0.04070293332877363]",0.05206763890330054,autoregressive_mdn,autoregressive_mdn,6007,-0.20085917725542546,0.9407293355511547,0.22332285089118187,"[-0.13255873348935374, 0.09507319886196501, -0.1461475331602143, -0.07144504035605145, 0.13603836120628285, -0.07907656289310265, -0.28501217794184575, -0.15287098226273907, 0.03206166125245824, 0.056252873249390545, -0.054911397192569655, -0.17014390929181075]",0.13496659796657975,-3.4602501307504916,7.582956818553889,"[1.09767329812447, 1.4022944236667918, 1.311712636098383, 1.434631360287148, 1.5175326856925564, 1.5311773878171728, 1.3740823254446004, 1.6035789869089017, 1.4639111202393686, 1.3367909278746712, 1.3508622412521158, 1.3918186474625276]",1.3970565355646598,1.0238544630646167,3.686169339157675,3.600286439270066,0.26246645901119336,history_tangent_benchmark/results/stable_sid_core_20260713/run_manifest.json,ok,"[0.25659534253806526, 0.21164162065597283, 0.22744836543426342, 0.19055276663421522, 0.29650300263612195, 0.27647023511393015, 0.11670111967887661, 0.2934125513795377, 0.2994791313191322, 0.2019813703343985, 0.16563570189876559, 0.23582034502396035]","[3.891502804616385, 3.2097385408860095, 3.449462267077369, 2.8899068020864607, 4.496738931122565, 4.192923708968747, 1.7698791024036216, 4.4498694142655175, 4.541874641702017, 3.06323201879617, 2.512016750218408, 3.5764309865063413]",-0.0010702984359680233,0.10084921605585319
12,9f408298e341fe0a714e,601,0.12,512,"[0.024215247137949574, 0.026898195024053127, 0.02077756305471542, 0.031536076910688535, 0.02317331751800304, 0.030005386097942816, 0.032880496125167746, 0.020242022680445892, 0.025988454714249064, 0.026987279315847844, 0.026301307118724998, 0.019708630375211054]","[-0.028957963577684338, 0.008169164579451573, 0.008948088358069357, -0.0020683323341664137, -0.01255114251323732, 0.007829527722929993, 0.004279580543377348, -0.007105787454491502, -0.004504391449494776, 0.016994730734140713, 0.0402976119738339, 0.0012271252985400032]",67,"[-0.04795731866827034, -0.031548261832447674, -0.058930209052212676, -0.0016169914730926327, -0.0006739105356023494, -0.008756160962987194, -0.010788219318404933, -0.04136404629788831, -0.012253003350623645, -0.0371301181488382, -0.05173242480301955, -0.02588653849833767]",0.033603341063500054,gaussian_anchored_edm,diffusion_gaussian_anchored,6007,-0.21209583946962537,0.8987857732000208,0.2221978887583348,"[-0.009734154383979806, 0.014529628614512458, -0.028116060287175504, -0.008336988170439449, 0.017401746818581275, -0.019857245927370114, 0.022548020494702246, -0.0135607872063274, 0.014957880703138823, -0.0010482986914176855, -0.0322017292634554, 0.021688322857997083]",0.018902145192061254,-3.604074791503713,7.582956818553889,"[1.1718909363134462, 1.1152348608379294, 1.1707355907973456, 1.249379534933541, 1.1821140178843141, 1.1568929409695539, 1.0775357279990128, 1.1951127055051838, 1.0861211004925382, 1.1347200674126074, 1.2917335963643062, 1.2744187627495884]",1.1713132635553958,0.9996426130609573,3.7479783915668357,3.7493183489750725,0.48852541600354016,history_tangent_benchmark/results/stable_sid_core_20260713/run_manifest.json,ok,"[0.2695283326005544, 0.2524473369340805, 0.05623726573776875, 0.2862892945143414, 0.17979148016371943, 0.28972182222126996, 0.25712908807498197, 0.27121872340829295, 0.24682609640553033, 0.28076232365150805, 0.16631603021933286, 0.29759625577712306]","[4.087643414973669, 3.8285945098601135, 0.8528895153660812, 4.341838715833015, 2.726702060850745, 4.393896134593273, 3.8995975433334555, 4.113279735976792, 3.743343261470711, 4.2580171530524735, 2.5223345507730093, 4.513319113842486]",0.0003668429774784499,0.10164706416747851
12,a3404eda08b343e3d156,601,0.12,512,"[0.02440478863691605, 0.024158949866634936, 0.017097321280274323, 0.022841398797021167, 0.017962951836435204, 0.031171245048474776, 0.030156316929884353, 0.03208636097319316, 0.01653565253913747, 0.027203188962881635, 0.020789212706417752, 0.03032614991118991]","[-0.0794042074280455, -0.00048389695742057093, -0.011197034774050943, 0.002611166558488809, -0.046369316386138046, -0.009815437828345857, -0.03372619306169246, -0.034494596454384685, -0.042563462959273324, 0.00712821913410004, -0.0002198067283124226, 0.003983029808396257]",67,"[-0.11258182676897692, -0.07832154780297915, -0.10064960509397139, -0.008813268089543497, 0.03977642740390439, -0.010362059440142495, -0.04519090731600004, -0.08185049353233922, -0.012614041300692871, -0.03604553424190864, -0.13287040782774093, -0.009330628797256033]",0.06990958899658505,gaussian_source_flow_matching,flow_matching_gaussian_source,6007,-0.2132608760183369,0.9005666244419265,0.22263815094087386,"[-0.07828555491929587, -0.013028156345566238, -0.006817491327809622, 0.0011128575742850682, 0.004890182710435657, -0.01348116383438162, -0.0256371869778634, -0.03482435993912662, -0.002172100160868773, 0.00989254364423357, -0.019987411135128735, -0.0015652627876598195]",0.027273707979926513,-3.627167270583542,7.582956818553889,"[1.7344007152862204, 1.4910540858944732, 1.4330364421919732, 1.8150242839579795, 1.5710741997850997, 1.6867366066336673, 1.642194515453907, 1.6506980630745356, 1.6229255215191156, 1.4375153757798114, 1.8184099996948713, 1.7499691191830256]",1.6464462892642213,1.0052362540849202,3.7689507324955596,3.7493183489750725,0.270759334001923,history_tangent_benchmark/results/stable_sid_core_20260713/run_manifest.json,ok,"[0.2695283326005544, 0.2524473369340805, 0.05623726573776875, 0.2862892945143414, 0.17979148016371943, 0.28972182222126996, 0.25712908807498197, 0.27121872340829295, 0.24682609640553033, 0.28076232365150805, 0.16631603021933286, 0.29759625577712306]","[4.087643414973669, 3.8285945098601135, 0.8528895153660812, 4.341838715833015, 2.726702060850745, 4.393896134593273, 3.8995975433334555, 4.113279735976792, 3.743343261470711, 4.2580171530524735, 2.5223345507730093, 4.513319113842486]",-0.005211757919081432,0.09966557967586677
12,a3596f0de95085406a47,607,0.12,512,"[0.021239940405349638, 0.01814195921916497, 0.02106883040440729, 0.02263774529001894, 0.017362083484239826, 0.026463802367600785, 0.01888699040135019, 0.022992895510830225, 0.018450222715897524, 0.020351224388622895, 0.023611445954014692, 0.021651393673986774]","[-0.0012540476356746415, 1.2057241305374333e-05, -0.00040388640700217415, 0.0014152994166516386, 4.86494237760445e-05, 0.0002025725294433715, -0.0005334979182073745, 3.6293782869808076e-05, -0.0012575441444525235, -0.0002494180308287852, -0.0014359283981591384, -0.0009206860655683324]",67,"[-0.0002835859204188343, -0.0002609449425493987, -0.0002646735006209498, -0.00030294829941873486, -0.00024947295932126884, -0.0002580714613340437, -0.0003350646362238888, -0.00026514966809133383, -0.0002944874894662599, -0.00034184037227801467, -0.0003122531160931868, -0.0003305961827934171]",0.00029327558584556966,conditional_vector_diffusion,diffusion_legacy,6007,-0.2099485849026463,0.9138339545424693,0.21693806736665705,"[-0.0002821479930359416, -7.581078886875758e-05, -0.00023559647775635759, -0.00024783657227948436, 0.0001067992666377767, 0.0001350485801854262, -0.0002779670249678882, 6.53619353974122e-05, -0.0001634368082351993, -0.0005590484626042762, -8.448425832992731e-05, -0.00040992157806692597]",0.0002626603555295905,-3.5039930087379543,7.582956818553889,"[21.308624991089413, 10.561651317614556, 9.934830404780522, 10.060062334929077, 12.057982408885165, 17.350652018300178, 10.800506746652022, 13.853886010872243, 12.03567332093472, 17.38414973918383, 12.258805174659622, 9.33078203836586]",12.046827864909943,1.0000979664696579,3.600639146622279,3.600286439270066,0.6223427499935497,history_tangent_benchmark/results/stable_sid_core_20260713/run_manifest.json,ok,"[0.25659534253806526, 0.21164162065597283, 0.22744836543426342, 0.19055276663421522, 0.29650300263612195, 0.27647023511393015, 0.11670111967887661, 0.2934125513795377, 0.2994791313191322, 0.2019813703343985, 0.16563570189876559, 0.23582034502396035]","[3.891502804616385, 3.2097385408860095, 3.449462267077369, 2.8899068020864607, 4.496738931122565, 4.192923708968747, 1.7698791024036216, 4.4498694142655175, 4.541874641702017, 3.06323201879617, 2.512016750218408, 3.5764309865063413]",-9.794355449262168e-05,0.08644970421528803
12,a9b4c7485bb6aca42581,607,0.12,512,"[0.01896982974388025, 0.024993341282002667, 0.020529614168566617, 0.018838518314525515, 0.02211455536808895, 0.014132037395074109, 0.017197641381250933, 0.016468009965471774, 0.02053198198420786, 0.02208246708484916, 0.021918130002151343, 0.016235557919486165]","[-0.00011495999929500567, 0.001353430213916577, 0.0011009893649096178, 0.001737902713020804, 0.0006937310411070374, -0.0002528061846344502, -0.0008259623157350997, -0.00027317949190530655, -0.0010729962204913956, -0.0002762667921124562, 0.00044560873544245244, 0.001993365632504962]",61,"[-8.74668532071093e-05, -0.00016633042102346768, -0.00010109604730590879, -0.00013162506326339085, -0.00010148370626986611, -6.293163086548703e-05, -0.00012260947814095777, -0.00012432485395954634, -9.677153912374346e-05, -0.00011174917302937681, -0.00017064619710234025, -7.558164047911353e-05]",0.00011701005337563224,conditional_vector_diffusion,diffusion_legacy,6007,-0.21016561750459725,0.9242692858845343,0.22159296329686853,"[-0.00012820838273993237, -6.557113254590519e-05, -0.00020757091161449637, -4.059267557643409e-05, -0.00028864409942948777, -0.0002562821171281371, -0.0002089632795021501, -0.00012916669711593443, -8.807210242582168e-05, -0.0002110215162905623, -0.00017500510927822197, -0.00025502813295978183]",0.00018769855075005437,-3.958396342617002,8.61851969764162,"[16.51551618902899, 24.16037277414659, 18.072277710011463, 17.59471953895161, 14.133285051624643, 14.55691634596526, 14.809512086267578, 11.743153302031446, 20.594855552454277, 13.302309420371355, 13.220887412625348, 16.651215390044104]",15.662514137648284,0.9999158805082677,4.132221413201644,4.132569042809074,0.6426992499909829,history_tangent_benchmark/results/stable_sid_core_20260713/run_manifest.json,ok,"[0.24008259640618165, 0.2145766879493837, 0.2876200250020884, 0.22654498904312464, 0.07625856905294984, 0.24436571655935224, 0.27112627005969153, 0.29739684253041515, 0.19498120549319847, 0.29721313050843823, 0.11392651291673514, 0.2919065491431628]","[4.1383131723752395, 3.698666823492925, 4.957717701833348, 3.90496490094035, 1.3144719589936238, 4.212141483190172, 4.673414198115106, 5.126241090729612, 3.3608987204260794, 5.123074439369408, 1.9637557913130086, 5.03160468732188]",8.41471319824917e-05,0.07624824432125818
12,ad4bffa97cf5109483e8,601,0.12,512,"[0.037781931885334796, 0.03649126927129122, 0.030257289352989457, 0.01734319561211099, 0.03103364695101705, 0.01566584449381042, 0.01967460144698304, 0.016809181055054783, 0.024879412926161658, 0.023659230860816755, 0.0081467165012436, 0.025363576425557754]","[0.031232348543557924, -0.0064659908519342415, 0.0332807237318572, -0.023841651219672196, 0.003115030249234314, 0.042777973767870486, -0.003377813252434271, -0.023175863853433162, 0.018547308076853158, 0.042586181033775136, 0.031013405498147087, -0.05358087079442205]",61,"[-0.042282213373857847, -0.031093054544080255, -0.012502323742449608, -4.105014524344308e-05, -0.00624786336808648, -0.039766272349254485, -0.008931239100815672, -0.02796397837170222, -0.024640066301183726, -0.019633555016538927, -0.026097953951610225, 0.015080668880455521]",0.024654539555755688,gaussian_anchored_edm,diffusion_gaussian_anchored,6007,-0.2376695798767826,0.9105291745133972,0.23898562772373716,"[0.0009715206251389071, -0.03877463639217112, -0.021858499177155693, -0.02448702344699516, -0.018057635140637334, -0.017281441772865058, -0.010308009547022046, -0.027405794823457768, -0.012405805042362921, 0.0037854547886813825, -0.0005428020675731412, -0.046703134925663026]",0.02311852569417245,-4.501448650773724,8.61851969764162,"[1.3115051671157323, 1.4362962697516597, 1.7602956939216794, 1.4344912544660873, 1.4847544713077918, 1.5213254039395856, 1.6120005715774417, 1.5156675404128774, 1.5134318177348234, 1.4677232567998701, 1.7968717431428798, 1.4940847458332958]",1.5037582817840596,0.9984089154865357,4.516989102724272,4.524187467339566,0.4901384999975562,history_tangent_benchmark/results/stable_sid_core_20260713/run_manifest.json,ok,"[0.26632463688482705, 0.21012876958644278, 0.27274862592980614, 0.2882636225762486, 0.25164097587359, 0.2640998399282414, 0.2381599705522065, 0.28179910906302824, 0.25767439059009073, 0.2769832526272442, 0.24775858813959328, 0.28355907355244414]","[4.590648257918267, 3.621997879443909, 4.701378810161439, 4.968811418573856, 4.33754541460059, 4.552299345131094, 4.1051727947878796, 4.857382344475137, 4.441543621756995, 4.774371237369499, 4.270624544281925, 4.887718921713497]",0.0016123573098985322,0.09015086799939871
12,ae0c2b7cfcfb10af413f,607,0.12,512,"[0.03326907769910237, 0.019631960168548884, 0.023982552713729587, 0.021386803496520335, 0.028637140585482484, 0.03618087783197217, 0.024194852538622635, 0.03428441546449284, 0.026272541438382424, 0.01838741335895474, 0.024996795467416753, 0.028713605279104736]","[-0.0016376573816460442, 0.002359690536579117, -0.00038223119749209816, 0.025281841480931724, 0.020371229371391374, 0.00792457536113502, 0.014656984057873022, 0.01209387230450415, 7.370327254803874e-05, 0.013158631398475553, 0.0027318366511837797, -0.0019071554223854446]",67,"[-0.0036400052768672626, -0.005728791828406762, -0.0031563267590592123, -0.005708371428483731, -0.008176473311965795, -0.009774541162748361, -0.008170982054304192, -0.007457813147265675, -0.008275863791605092, -0.0006335985040602579, -0.005588896595784369, -0.0040236735091657315]",0.00638823120320644,conditional_flow_matching,flow_matching,6007,-0.20435862638374247,0.8877572481625455,0.21074763172216326,"[0.03023763098911984, 0.03705091836590328, 0.030091976834071648, 0.03857747009407368, 0.03822215694001911, 0.036831359009037445, 0.034773867428256056, 0.03430193555393757, 0.03274624820372256, 0.03359586539333215, 0.03576564564431821, 0.035954226168688486]",0.03494882783583708,-3.4957375540180426,7.582956818553889,"[1.5918651190334692, 1.5972576998078678, 1.6590289355206058, 1.5724549710854165, 1.6775890971067926, 1.7475780893942585, 1.5108348595040721, 1.627136238832496, 1.642765977731694, 2.0331563731792404, 1.689764060750722, 1.5370784255196674]",1.634951108282095,0.9979574584418529,3.592932704596624,3.600286439270066,0.27877008300856687,history_tangent_benchmark/results/stable_sid_core_20260713/run_manifest.json,ok,"[0.25659534253806526, 0.21164162065597283, 0.22744836543426342, 0.19055276663421522, 0.29650300263612195, 0.27647023511393015, 0.11670111967887661, 0.2934125513795377, 0.2994791313191322, 0.2019813703343985, 0.16563570189876559, 0.23582034502396035]","[3.891502804616385, 3.2097385408860095, 3.449462267077369, 2.8899068020864607, 4.496738931122565, 4.192923708968747, 1.7698791024036216, 4.4498694142655175, 4.541874641702017, 3.06323201879617, 2.512016750218408, 3.5764309865063413]",0.0020458260428581165,0.11251816491502274
12,b1c6635cb83a3d3f0d93,601,0.12,512,"[0.044200112048453644, 0.049027566583812375, 0.04423523325987426, 0.05665712938755137, 0.04065944248333268, 0.031239737425381907, 0.03885360702596726, 0.048152873174130834, 0.03803537922942256, 0.029729640249703586, 0.029485635904869894, 0.041833699002952196]","[0.21971745492426709, 0.2827934984127476, 0.23576711018626872, 0.2829352399934142, 0.1941389908757541, 0.18596570159183645, 0.2002286716521261, 0.21868348641237736, 0.25354053024693934, 0.3000393933025206, 0.16281078711308378, 0.21277935053896843]",67,"[-0.00232244342095074, -0.010594463968356671, 0.004903477340559524, 0.00784599180335202, 0.006098948281892924, 0.007598706305687181, 0.011462490574824733, 0.0034023764888658267, 0.008932228936680647, -0.00893925739781164, 0.004984427135972259, 0.010039880168993126]",0.007780751867730841,conditional_affine_flow,affine_flow,6007,-0.1968128328277543,0.8415019996276019,0.20803618980021235,"[-0.0060349552060505, 0.001865603160640846, 0.02544149946947886, -0.05018403929550885, -0.05000537351071421, -0.02594843768994881, -0.019413210790597546, -0.004734161450812661, -0.03879593340660459, -0.033971456331841995, 0.0015991229981545305, -0.02789632247865992]",0.029181470986870798,-3.37767129122296,7.582956818553889,"[1.459508409419988, 1.382202794697479, 1.3719977679876822, 1.3626777851970353, 1.29929132789639, 1.4993431224853184, 1.3240965031592868, 1.481593379318734, 1.2710347709885874, 1.472768018550101, 1.3556709134173783, 1.420665447388244]",1.3771002813425808,0.9406804303189664,3.5269103979166676,3.7493183489750725,0.1367390420055017,history_tangent_benchmark/results/stable_sid_core_20260713/run_manifest.json,ok,"[0.2695283326005544, 0.2524473369340805, 0.05623726573776875, 0.2862892945143414, 0.17979148016371943, 0.28972182222126996, 0.25712908807498197, 0.27121872340829295, 0.24682609640553033, 0.28076232365150805, 0.16631603021933286, 0.29759625577712306]","[4.087643414973669, 3.8285945098601135, 0.8528895153660812, 4.341838715833015, 2.726702060850745, 4.393896134593273, 3.8995975433334555, 4.113279735976792, 3.743343261470711, 4.2580171530524735, 2.5223345507730093, 4.513319113842486]",0.059487271719385434,0.16020715255179263
12,b2428f32330a2b80193b,601,0.12,512,"[0.01839670523467683, 0.0266798800542691, 0.02060174084712226, 0.019296125791787765, 0.026755438787757584, 0.019378100234223688, 0.01749833683768141, 0.00601516743761373, 0.03000322967613526, 0.025449558336922605, 0.015077890247380127, 0.01883380863867875]","[0.009298943078574439, 0.01014352855344634, 0.025671575915763255, 0.01143027744230409, 0.04564117508234356, 0.04219420926725344, 0.02738089140396187, 0.007463804268056698, 0.03525819796542928, 0.0347493802184063, 0.06330153712019437, 0.0261363161405385]",67,"[-0.007642164180815536, -0.008496256432925672, -0.0132407527179388, 0.0026942730666878563, -0.005400063871684845, -0.007491553268129092, 0.0004495047731273988, -0.004781916218412249, -0.0011959778057879164, -0.0011717284229095042, -0.012244968087414746, -0.002705245139194487]",0.0069616774153124445,conditional_edm_diffusion,diffusion_edm,6007,-0.21748983896535456,0.922125895587594,0.22796803563039228,"[-0.005484417521119575, -0.008571188933204077, 0.006864268349380624, -0.016935058916552524, -0.012073758275362353, -0.006806361705763431, -0.01656685713899616, -0.005663746245437862, -0.015864018245252225, -0.014473398700339443, -0.007967962980950002, -0.01930391117778337]",0.012360472135543145,-3.578565489455796,7.582956818553889,"[1.1800648314760218, 1.4635154433051185, 1.3926718184596751, 1.591428462252113, 1.4689089890637725, 1.3762692367641958, 1.3636507964091475, 1.5035068818784956, 1.431817448010557, 1.512383790774529, 1.5447644176028543, 1.432146935206758]",1.4478311892559383,0.9931779712076582,3.723740391246709,3.7493183489750725,0.29633641699911095,history_tangent_benchmark/results/stable_sid_core_20260713/run_manifest.json,ok,"[0.2695283326005544, 0.2524473369340805, 0.05623726573776875, 0.2862892945143414, 0.17979148016371943, 0.28972182222126996, 0.25712908807498197, 0.27121872340829295, 0.24682609640553033, 0.28076232365150805, 0.16631603021933286, 0.29759625577712306]","[4.087643414973669, 3.8285945098601135, 0.8528895153660812, 4.341838715833015, 2.726702060850745, 4.393896134593273, 3.8995975433334555, 4.113279735976792, 3.743343261470711, 4.2580171530524735, 2.5223345507730093, 4.513319113842486]",0.0068366652264545795,0.07853062427793994
12,b48f4ddaa64ff08bebdc,607,0.12,512,"[0.07699515582587589, 0.06393340466848418, 0.07126921244068815, 0.05805860067920448, 0.05890142208935199, 0.06689666436042926, 0.07472344191753652, 0.06455286899174097, 0.059846647503581284, 0.06869279290343903, 0.06994982416986424, 0.07170850744253379]","[-0.001005126399464931, -0.0004132213820819926, 0.0009767007144713359, 0.0033017938756724325, 0.002044195863042644, 0.0007378692145151971, 0.0003042551703923443, -0.0012628005805865434, 1.0067644824816695e-05, -9.515678608941697e-05, -0.0003009759885018188, 0.001235925054701378]",61,"[0.0554075192604136, 0.017936680787328414, -0.0016869649714360813, -0.014922706714961924, 0.015409137653667656, 0.012565997832491432, 0.007293255150162571, -0.03645021152708569, -0.004583509832692806, 0.02472322538792984, -0.016109349736733586, -0.010164702502168943]",0.023075031261178772,mean_mlp,mean,6007,-0.16253921263933266,0.7323849456901727,0.17558881688271957,"[0.007975021101956175, 0.011138664395661987, 0.0015919867902521498, 0.004910117739778212, -0.0013450307313931746, 0.024051167818161617, -0.007619074877719216, 0.0036984120187525766, -0.0017876915505231814, -0.004010033698978918, 0.00014348397013539776, -0.0018488728648115758]",0.008607293170425532,-3.9583109534749883,8.61851969764162,"[0.07443265180683376, 0.10275622142850636, 0.0683832711347908, 0.07619200545263924, 0.06534432230576567, 0.07435726301086931, 0.06961670495072575, 0.05455506469145451, 0.07520006045269294, 0.06144891117492361, 0.061714735471418154, 0.07251544716285159]",0.07106607605678866,0.9999123856356673,4.132206970399327,4.132569042809074,0.09642620800877921,history_tangent_benchmark/results/stable_sid_core_20260713/run_manifest.json,ok,"[0.24008259640618165, 0.2145766879493837, 0.2876200250020884, 0.22654498904312464, 0.07625856905294984, 0.24436571655935224, 0.27112627005969153, 0.29739684253041515, 0.19498120549319847, 0.29721313050843823, 0.11392651291673514, 0.2919065491431628]","[4.1383131723752395, 3.698666823492925, 4.957717701833348, 3.90496490094035, 1.3144719589936238, 4.212141483190172, 4.673414198115106, 5.126241090729612, 3.3608987204260794, 5.123074439369408, 1.9637557913130086, 5.03160468732188]",8.766194307343978e-05,0.2713102389210448
12,b5626a5f72c113314fcc,607,0.12,512,"[0.06601232722077596, 0.07409754322333559, 0.07060071424327848, 0.05760373518714362, 0.05776277611788325, 0.06796617724258067, 0.06773951627849681, 0.06652981305452291, 0.06553969460516193, 0.06724806777275971, 0.06717802286068664, 0.05964743477769388]","[-0.0009719160163260956, -0.0042580865409382, 0.0013834871526140647, 0.0027158056262265753, 0.0008576016982525497, -0.0002121835544137317, 1.0550954836674366e-05, -0.0009382835579635159, -0.0009603704817363499, 0.00017061091390726803, 0.00038534162946391197, 0.001831264268917727]",61,"[0.058727471028951546, 0.005039791615578093, 0.0057734888747213815, -0.027313224054526398, 0.02407162106250471, 0.021402965611767393, 0.0035205719011470694, -0.04360265917226178, 0.0037921016450210773, 0.03087400374375363, -0.019195886009157684, -0.013078044591822586]",0.026944199063466852,heteroscedastic_gaussian,gaussian_nll,6007,-0.16400610600670018,0.7398587599371617,0.1773806590129443,"[0.0005853553297306229, 0.021642631372989496, -0.002374935944771117, -0.004174244143859604, -0.0016608016332108253, 0.017825528211275664, -0.008314907943723915, -0.00429840285289714, -0.003170072677977087, -0.006855050914123899, -0.009606968711333338, -0.006184227386471508]",0.009519769113992613,-3.9587709288339923,8.61851969764162,"[0.07460417549808485, 0.11343644043794303, 0.05953923383206179, 0.07143448841630126, 0.06235906949402929, 0.07528442480192571, 0.0672113632901581, 0.051621907362600104, 0.0772007738923258, 0.06423587552758829, 0.05675480808951291, 0.07558654310796714]",0.06932292585322969,0.9999962635623804,4.132553601722637,4.132569042809074,0.1008692909963429,history_tangent_benchmark/results/stable_sid_core_20260713/run_manifest.json,ok,"[0.24008259640618165, 0.2145766879493837, 0.2876200250020884, 0.22654498904312464, 0.07625856905294984, 0.24436571655935224, 0.27112627005969153, 0.29739684253041515, 0.19498120549319847, 0.29721313050843823, 0.11392651291673514, 0.2919065491431628]","[4.1383131723752395, 3.698666823492925, 4.957717701833348, 3.90496490094035, 1.3144719589936238, 4.212141483190172, 4.673414198115106, 5.126241090729612, 3.3608987204260794, 5.123074439369408, 1.9637557913130086, 5.03160468732188]",3.820553801644095e-06,0.26400617465578846
12,b64d1c5bda447116014a,607,0.12,512,"[0.04483074265734267, 0.02221913695961142, 0.02523854152847264, 0.023769878858778914, 0.019509283691900026, 0.02089439057316178, 0.010146735642007725, 0.01923074912806485, 0.032428888455256676, 0.002395506152070894, 0.02586265650512352, 0.021302895767928248]","[-0.0019894435914206976, -0.005465135013305497, 0.07933525032462752, 0.00712480974606796, -0.03068810000708827, -0.009369448055787424, 0.02069376052017009, -0.019092690816956717, -0.02909495302416132, -0.008333371716119874, 0.16862830510440002, -0.05973087078050231]",61,"[-0.025200078700710987, -0.03105114911038209, -0.056696509315977764, -0.028928096392776225, -0.01483559989394814, 0.019394425818147303, -0.02419129991882522, -0.005022110700651552, 0.03432126019009043, -0.05552476930867807, -0.11855668423230784, -0.030701627656568784]",0.0466515919222345,gaussian_source_flow_matching,flow_matching_gaussian_source,6001,-0.2102285421124033,0.9116317444944643,0.2217013825861434,"[-0.03641938949788259, -0.0214924362762677, 0.008033337915584287, -0.052597468080265816, -0.011084236352417362, 0.004530948136486727, 0.0007806727268818333, 0.018785457521625082, 0.004837716507336924, -0.02171263645084724, -0.051288856656232326, -0.037498961151135234]",0.028354568345790757,-3.9990983214347566,8.61851969764162,"[1.6260999277346784, 1.3730628399176756, 1.7247767477982805, 1.6736064640478034, 1.683410064801408, 1.5234415255676947, 1.660308948328476, 1.644951153163259, 1.552510103997507, 1.577903225040636, 1.8687961491494705, 1.8203213566795804]",1.6526300507458676,0.9982265444152252,4.1844728111513065,4.1919069719816235,0.2804531670117285,history_tangent_benchmark/results/stable_sid_core_20260713/run_manifest.json,ok,"[0.20485623368434575, 0.29805214453044554, 0.1890290596138764, 0.0877183690309477, 0.19985684209513668, 0.2813851838229858, 0.12069018696265893, 0.29901875577462594, 0.29618534633719823, 0.22029904756930851, 0.29412927316890825, 0.29935146867812157]","[3.531114970386417, 5.137536557119944, 3.2583013474177314, 1.5120049826764388, 3.444940260610773, 4.850247498805822, 2.0803415072994516, 5.154198073215806, 5.105358483119897, 3.7973033616955476, 5.069917868918497, 5.159933058640679]",0.001869386678101624,0.08951903824697476
12,b8bdf3c04d0fe4b2695f,607,0.12,512,"[0.06740232508613253, 0.0733537810443811, 0.07183615650734379, 0.07703541815100023, 0.06472059765388431, 0.07241738964776367, 0.07115248412922447, 0.0766579072217446, 0.05784585845879052, 0.06004029300464194, 0.06950669524502194, 0.07289152935772009]","[-0.0040054716608244985, -0.0001492709918716316, -0.0015538732773118207, 0.002304348190309361, 0.002041489703490895, -0.0009971165570120371, 0.0006181114747420401, 0.00030677539726541025, -0.0003674944047874909, 0.0015929037154325798, -0.0004711660354868568, 0.0012917556698118198]",67,"[-0.01715328700778061, 0.016333335100117998, -0.0016095387470419868, -0.005403727671304584, 0.0016255851172584125, -0.011919132753917646, -0.004294419722006629, 0.001470588842982127, -0.006226101584301926, 0.007251778904027867, -0.0025804267988589298, 0.009340863511460585]",0.008866509436618208,heteroscedastic_gaussian,gaussian_nll,6007,-0.1614484264282992,0.7201852777750549,0.17096716698895503,"[0.010537438487018269, 0.005849608917943283, 0.009702127399816945, 0.0010721747640468626, 0.0014918326074318349, -0.0018035622276748229, 0.006449376706446168, -0.0015026057354936932, 0.0034429288402105613, 0.009137245461966297, -8.185759271620945e-05, -0.0006478298785893751]",0.005668895043357583,-3.503580414785487,7.582956818553889,"[0.08606524870154944, 0.06472612384194895, 0.06624407307555676, 0.0506315696866352, 0.07942504080680851, 0.08682294297816037, 0.05483063106511003, 0.07710809975151146, 0.06543894253960485, 0.12098933151690179, 0.06297131135844779, 0.05812187913231324]",0.0658415078075808,1.0000043664050906,3.6003021595791025,3.600286439270066,0.10117295899544843,history_tangent_benchmark/results/stable_sid_core_20260713/run_manifest.json,ok,"[0.25659534253806526, 0.21164162065597283, 0.22744836543426342, 0.19055276663421522, 0.29650300263612195, 0.27647023511393015, 0.11670111967887661, 0.2934125513795377, 0.2994791313191322, 0.2019813703343985, 0.16563570189876559, 0.23582034502396035]","[3.891502804616385, 3.2097385408860095, 3.449462267077369, 2.8899068020864607, 4.496738931122565, 4.192923708968747, 1.7698791024036216, 4.4498694142655175, 4.541874641702017, 3.06323201879617, 2.512016750218408, 3.5764309865063413]",-4.2571478464212985e-06,0.2839085419796594
12,b94de1973a480b639490,607,0.12,512,"[0.011088459222154123, 0.01265610167806806, 0.009715349120141086, 0.06344980515268264, 0.027587875185418796, 0.037235223205794636, 0.05978524839471561, 0.00663709598997253, 0.0029673190046787075, 0.07859169234004765, 0.00013164326877479482, 0.004447817202426578]","[-0.07828989576411002, -0.02498242954064034, -0.11062867684609133, 0.3696637841171649, -0.16808691699045042, 0.28186322294709243, 0.4017972966357047, -0.1024625447147228, -0.14569192585756527, 0.3490663116950101, -0.01525282188199519, 0.06331662090318126]",67,"[-0.024075287832372255, -0.030049722698201924, -0.0006193369964481979, -0.0016560523492878919, -0.0008417435386048687, 0.02990042713959708, 0.010132212188615833, 0.0004712107377266977, 0.0025337877879661316, 0.018631277489712487, 0.014292972361911599, 0.04456433873824504]",0.020467806372503027,autoregressive_transformer,autoregressive_transformer,6001,-0.1659344577882835,0.9132006470272902,0.18993964047094727,"[0.021968097507181948, 0.08029776364933591, -0.013540640000642146, -0.013186378084171595, 0.014665260672735991, 0.023814140194305944, 0.03529793626407448, 0.023564266527120736, 0.0175891882997233, -0.05793013211273605, -0.046617812208525164, 0.006003380789622778]",0.036223266586879035,-2.8454008246544675,7.582956818553889,"[1.3587372765101322, 1.4329177534493553, 1.2923351968814234, 1.3670878970031257, 1.442714910776379, 1.4539732539076575, 1.3851144920332865, 1.2145014548013788, 1.2623651728892007, 1.399440051704949, 1.2513357314387934, 1.1977568412015196]",1.362912586756629,0.9874886233152955,3.1149428319382766,3.154408829015649,30.59929191597621,history_tangent_benchmark/results/stable_sid_core_20260713/run_manifest.json,ok,"[0.25148408548562734, 0.2716955737609966, 0.11821464766262521, 0.0777083961507663, 0.09055745987737868, 0.06364035630594421, 0.24043433763650074, 0.27454510147811445, 0.1814702064014434, 0.20703813011238223, 0.2873398899766032, 0.24137893837589502]","[3.813985921582054, 4.120511607243721, 1.7928331370924986, 1.1785188249006802, 1.3733866156961778, 0.9651641475707172, 3.6464063999903824, 4.163727298508075, 2.7521614779924137, 3.1399224008726723, 4.357771955881216, 3.660732133225584]",0.014872728213736338,0.09880327900784562
12,bd26d43d99543f277502,601,0.12,512,"[0.01674015875057777, 0.023386945200205383, 0.019183666109520253, 0.02244246852623431, 0.02150315937197676, 0.02251311481259825, 0.021978057577040404, 0.01973895741601145, 0.017664292414200367, 0.01839567445533185, 0.02028608099556989, 0.01872985223871637]","[-0.0015591829333990357, -0.0005735138873798803, 0.00020370399506826806, 0.00017335892926924798, 0.0009535299267615649, 0.0010668476237415958, -0.000861934518194459, -0.0006799186115411897, -0.00022652954180431747, -0.0008936073922346152, -0.00013666880688267824, 0.00011364506983940759]",67,"[0.0002141223610854579, 0.0002100054356834388, 0.00017052850599721486, 0.00019086153620941534, 0.00017898932993627367, 0.00021485417393291711, 0.00019957279749725546, 0.00017047109629713075, 0.00019223228019865068, 0.00020805787537154602, 0.00019936652061736115, 0.00018122863074825486]",0.00019480334390455914,conditional_vector_diffusion,diffusion_legacy,6001,-0.17785368121489573,0.9120549056405328,0.19325299988603545,"[-0.000123899303202298, -0.0001605635513657333, 0.00013294495218770427, -0.00023455696774495513, 0.00018751228065087372, -0.00021687293258280488, -4.849830187817854e-05, 0.00021720877631340824, 9.226895099819407e-06, -0.00021108667173456536, -5.3650919359012526e-05, -6.503821939525997e-05]",0.00015740091978051245,-3.0040719945801206,7.582956818553889,"[10.41448581815658, 10.18557176166209, 12.219496467393663, 11.15920232235126, 12.995389068722654, 11.346813960310772, 12.892695382611587, 12.487099372221216, 14.089392750598277, 17.838272300612697, 12.435611474043267, 10.121513110130154]",12.327553970718466,1.0000640534420377,3.2136727951567767,3.2134669615370157,0.6188028329925146,history_tangent_benchmark/results/stable_sid_core_20260713/run_manifest.json,ok,"[0.28728294840353563, 0.17657707316284418, 0.2886592929901904, 0.22499733008220837, 0.25132119599275, 0.17565790789668273, 0.1971484157849256, 0.11260293963143014, 0.07912268234215306, 0.2820919430481082, 0.06614129435927318, 0.23520357875263012]","[4.356908384901711, 2.6779526418809563, 4.377781908037817, 3.412290076606604, 3.811515553600684, 2.6640126608361228, 2.9899358474867976, 1.7077264577347304, 1.1999677671374058, 4.278182045991534, 1.003093158099261, 3.567077162501066]",-6.402738756283378e-05,0.0886751000315961
12,c054bab30d4cecf30b6c,601,0.12,512,"[0.07403143022254774, 0.06754231513252176, 0.05911376757715877, 0.06426666742678176, 0.07777310448996155, 0.06831920637814053, 0.06075906323129501, 0.06561294578033422, 0.06659629810245686, 0.07281734107482674, 0.0661608901621281, 0.07572792473115228]","[0.00046822497572477907, -0.0003051906824290219, 0.00029699360232760506, 8.962520840309629e-05, -0.0005139231625189151, -0.0005155801295627684, -0.0010898368894789931, 0.0013668941338682234, 0.00028496260976419295, -0.00022747738748836167, -7.933177361126842e-05, 0.00015889247713293144]",61,"[-0.009981921110583462, -0.01687906748717236, -0.014851526455969544, 0.004268649372382872, -0.018699433010147034, -0.024306406296016547, -0.006379006965313155, -0.005973185473669903, 0.0038749295757755306, -0.025948170100056497, 0.0017493249983007466, -0.01844422943160703]",0.014921304898141583,heteroscedastic_gaussian,gaussian_nll,6001,-0.15745656534640481,0.7117600053306451,0.16431348861622055,"[0.004610567205830715, 0.0023278276366287915, 9.357693591949268e-05, -8.008149472993331e-05, -0.003973232156759729, -0.00784264549108099, -0.0020568383196547155, -0.004900439023958666, -0.001061167383150282, 9.538469465201576e-06, -0.00014278723072062388, -0.005344459828467615]",0.0036735500084376935,-3.890117610771241,8.61851969764162,"[0.08964564967314838, 0.05550546536042642, 0.066067872274167, 0.07867972052933742, 0.08947893619932423, 0.08773419966010675, 0.08446829755050385, 0.04937543972789346, 0.07547129677510232, 0.08663751561276797, 0.07195882914698325, 0.05851723890265756]",0.07707550865221988,1.0000095470759993,3.9792979307857146,3.979259940488642,0.09790854097809643,history_tangent_benchmark/results/stable_sid_core_20260713/run_manifest.json,ok,"[0.20039032980570712, 0.22232036328497057, 0.20918932723152744, 0.12267249285769037, 0.23501840571326418, 0.2428268467223239, 0.24932834696235104, 0.1902818958071825, 0.29801937385149685, 0.2787783287998507, 0.17257941476251232, 0.2867946126672863]","[3.454136009294775, 3.832144860316719, 3.6058046745626355, 2.114510592105611, 4.051021517896195, 4.185615923185102, 4.297682538950893, 3.2798965342375856, 5.136971687635895, 4.80531303607425, 2.974758171076351, 4.943490036901012]",-9.53617715474859e-06,0.2906605205381533
12,c563bd34192e6ed4aab2,601,0.12,512,"[0.06421197834072384, 0.06431480105232174, 0.060169781292085854, 0.0688349785056446, 0.07581114358703965, 0.0675062097968524, 0.06322050878042745, 0.06605722565086367, 0.06199794134768705, 0.0666019288406379, 0.06663561667161755, 0.06078798633483522]","[0.0014680184412239373, 0.00046347670132612423, 0.00025366504627262476, 2.8695590395901895e-05, -0.0009224050145378686, -0.0005604962921342977, -0.0011399796354593715, 0.001791294680500823, 0.0003177147241374986, -0.000198895923985758, 0.0006577057092360297, 0.000719355359144785]",61,"[-0.017475442642621297, -0.021993083694364198, -0.018346248612537433, 0.0017884187017661035, -0.028196538500697168, -0.03215519659966623, -0.012973501770514815, -0.016864782709342073, -0.006528055980987326, -0.033601809328085167, -0.007355740968854683, -0.022995729302880807]",0.02074691101051798,constrained_gaussian_dsm,gaussian_dsm,6001,-0.16017080318878552,0.7267697892676319,0.1677785750829943,"[0.006592165728858124, 0.0016218707213092043, 0.00034059794116793796, -0.00013201224355654148, -0.0030912693063304504, -0.008889016127067162, 6.474176673469205e-05, -0.004583977829597519, -0.0035233500766548853, 0.0027838500402911177, -0.0025491159131071917, -0.003858389318949866]",0.004055419445815748,-3.8898722860709083,8.61851969764162,"[0.08903390695278528, 0.05685480924931809, 0.06910168904452027, 0.07546268495930009, 0.10776850905262467, 0.09231419573721365, 0.08341768373948301, 0.0487057990036241, 0.07792452608553717, 0.0813808230368248, 0.07433562160547173, 0.06070088294754969]",0.07669360552241863,0.9999531610605784,3.9790735561733466,3.979259940488642,0.10188083400134929,history_tangent_benchmark/results/stable_sid_core_20260713/run_manifest.json,ok,"[0.20039032980570712, 0.22232036328497057, 0.20918932723152744, 0.12267249285769037, 0.23501840571326418, 0.2428268467223239, 0.24932834696235104, 0.1902818958071825, 0.29801937385149685, 0.2787783287998507, 0.17257941476251232, 0.2867946126672863]","[3.454136009294775, 3.832144860316719, 3.6058046745626355, 2.114510592105611, 4.051021517896195, 4.185615923185102, 4.297682538950893, 3.2798965342375856, 5.136971687635895, 4.80531303607425, 2.974758171076351, 4.943490036901012]",4.686204827660142e-05,0.276321683970455
12,c5c9cda724a7f33da864,601,0.12,512,"[0.026897007038350722, 0.02816651228606179, 0.02208245540120483, 0.021831788358594083, 0.03331583247470349, 0.013863026782968043, 0.0232423804266702, 0.02110483068150972, 0.031201365020552357, 0.012680054918187227, 0.02781646729276971, 0.025746666108246673]","[0.012931637496743642, -0.013902613353754662, -0.004806788446462078, -0.008921196356195584, -0.019780378446389187, -0.027053828239554576, 0.026996650740914823, -0.014398248184527979, -0.010964458574432909, -0.01352680034359723, -0.04327653425665416, -0.015664642029340065]",61,"[-0.00490652257304503, -0.00821056770533493, -0.006827234503785536, -0.00473686089290266, -0.0032566884659807295, -0.002056634654644396, -0.005426766259581234, -0.01042672102066665, -0.006647485734474941, -0.00471712051082022, -0.006046584791552049, -0.006645580881470964]",0.006196125553086962,conditional_flow_matching,flow_matching,6001,-0.20168761263969537,0.8990450133808778,0.20754920403683488,"[0.01920340574206314, 0.019136618428113504, 0.021580507380969394, 0.017362606544479853, 0.017750281743659595, 0.016815560578968086, 0.01792904052764962, 0.020044440585276213, 0.021643713725553553, 0.021258023232110606, 0.02142355411034099, 0.021769012193395554]",0.01974089978560712,-3.901142731852523,8.61851969764162,"[2.0745712528475737, 1.814024656900099, 2.2104888900061264, 2.1938340692249816, 2.267671779597457, 2.341461607369631, 2.2689493609801468, 1.761188375819452, 2.4280679113158063, 2.3025635017819606, 2.2244601041984486, 2.1686899345311033]",2.2174744971022875,1.0026245013769621,3.9897035136817447,3.979259940488642,0.28183416699175723,history_tangent_benchmark/results/stable_sid_core_20260713/run_manifest.json,ok,"[0.20039032980570712, 0.22232036328497057, 0.20918932723152744, 0.12267249285769037, 0.23501840571326418, 0.2428268467223239, 0.24932834696235104, 0.1902818958071825, 0.29801937385149685, 0.2787783287998507, 0.17257941476251232, 0.2867946126672863]","[3.454136009294775, 3.832144860316719, 3.6058046745626355, 2.114510592105611, 4.051021517896195, 4.185615923185102, 4.297682538950893, 3.2798965342375856, 5.136971687635895, 4.80531303607425, 2.974758171076351, 4.943490036901012]",-0.0026149359849512127,0.10159744612770802
12,c9831227a5e2b296718f,607,0.12,512,"[0.004524054312842382, 0.002692133884947083, 0.05655257359555762, -0.0020729253510610077, -0.05349561233016683, 0.007365856013183866, 0.03687265967104124, 0.05124576625756781, 0.017105506198421737, 0.040672687895031145, 0.038721940302785765, -0.01074271174030898]","[0.05168556139855003, -0.2939880303169664, 0.1633312421886992, -0.138357990023203, -0.7168198921258739, -0.016061743777757525, 0.09290664674666006, 0.2852986586873837, -0.1218233750000248, 0.14780918060062695, -0.08926804323686789, -0.12706237343215282]",61,"[0.020842681078715904, -0.05204675249037688, -0.022805774253507882, -0.017566386228656576, -0.04819019346608856, -0.022027914106887335, -0.0006904405992932845, -0.004386624890766594, 0.007904503818039385, -0.007374174323900723, -0.06617032190829066, -0.024440640272981966]",0.03148004926682613,autoregressive_transformer,autoregressive_transformer,6007,-0.21387976382957333,0.9242498087283879,0.221588293661284,"[0.03280160843928311, -0.017833806663199635, 0.03592007675494724, 0.007754817752558818, -0.1010601780306301, 0.09042690741426496, 0.051449899321426296, 0.0011163005690965437, -0.030992256593076473, 0.027696317883925868, -0.13679577152752773, -0.0791252755709034]",0.06486164831074345,-4.02230126053264,8.61851969764162,"[1.5314745840228454, 1.3863422373373233, 1.4700385431915992, 1.4523063336896433, 1.5172798958742275, 1.3702914462425797, 1.2986159743383696, 1.8899047236756856, 1.4173370104012228, 1.2189938601373806, 1.6270730520504766, 1.4244631334415276]",1.4383847335655855,1.0028453308918983,4.144327569169481,4.132569042809074,30.222991707996698,history_tangent_benchmark/results/stable_sid_core_20260713/run_manifest.json,ok,"[0.24008259640618165, 0.2145766879493837, 0.2876200250020884, 0.22654498904312464, 0.07625856905294984, 0.24436571655935224, 0.27112627005969153, 0.29739684253041515, 0.19498120549319847, 0.29721313050843823, 0.11392651291673514, 0.2919065491431628]","[4.1383131723752395, 3.698666823492925, 4.957717701833348, 3.90496490094035, 1.3144719589936238, 4.212141483190172, 4.673414198115106, 5.126241090729612, 3.3608987204260794, 5.123074439369408, 1.9637557913130086, 5.03160468732188]",-0.000897959206947005,0.08280755662746885
12,d966e84a1329b03b86fc,607,0.12,512,"[0.019758669680131995, 0.02668254363740718, 0.021829697409015553, 0.02264368805170077, 0.01975138307320906, 0.016478362221231578, 0.016711655775039636, 0.01748155210517776, 0.019870957290584378, 0.016689591446200407, 0.017697563467139004, 0.020981945688971354]","[0.0001271496688918609, -0.0005333753356910147, 0.000265642788152091, 0.0002730582757654032, 0.00016121582977572196, 5.9594508750038244e-05, 0.0006665229238200787, 0.00022741354281189768, -0.0007089441951727005, -0.00016042187982456824, 0.0011290689498085391, 0.0003467940798529412]",61,"[-0.0002242164738303539, -0.0002483545016383759, -0.00023406008873028591, -0.0002274828035858656, -0.0002473948511783527, -0.0002457686755392985, -0.0002579995205406749, -0.00024633861573474203, -0.00025758586877251227, -0.00024404815286219184, -0.0002496034342539209, -0.00024951653045969063]",0.0002445759614827666,conditional_vector_diffusion,diffusion_legacy,6001,-0.2128328584518959,0.9229020555500064,0.22444223003718863,"[-7.802764545594698e-05, 0.00028964172558154644, 7.700732015022046e-05, -0.0001058903314217948, 7.17196910378822e-05, 8.677798164491435e-05, 6.512474255426781e-05, 0.00022584089423016707, -6.648095196570836e-05, 9.948712879441028e-05, 3.585263762169907e-05, -2.4022052495335327e-05]",0.00012623486129681398,-4.008278687562505,8.61851969764162,"[16.220290347999914, 13.124542289626069, 19.013500105787568, 17.010253423570994, 15.146321428391015, 17.134375058253376, 15.809344406819658, 15.042649946145481, 15.376734505121311, 14.183602124300833, 15.540327626904396, 24.9424351139281]",15.674836016862027,0.9999730914265333,4.191794173744903,4.1919069719816235,0.6202752920216881,history_tangent_benchmark/results/stable_sid_core_20260713/run_manifest.json,ok,"[0.20485623368434575, 0.29805214453044554, 0.1890290596138764, 0.0877183690309477, 0.19985684209513668, 0.2813851838229858, 0.12069018696265893, 0.29901875577462594, 0.29618534633719823, 0.22029904756930851, 0.29412927316890825, 0.29935146867812157]","[3.531114970386417, 5.137536557119944, 3.2583013474177314, 1.5120049826764388, 3.444940260610773, 4.850247498805822, 2.0803415072994516, 5.154198073215806, 5.105358483119897, 3.7973033616955476, 5.069917868918497, 5.159933058640679]",2.6915075288876298e-05,0.07748292796746385
12,d9a8f07ce56173c53d9b,607,0.12,512,"[0.018857864685433344, 0.024781062711008717, 0.021565265335163807, 0.02069271558420132, 0.027241654912062385, 0.021231508140173255, 0.022896454786885956, 0.01992356988755028, 0.026670937834809977, 0.02165416320694206, 0.027978009441047974, 0.02810576374731195]","[-0.00024322777845512772, -0.002528452900629752, 0.0047552870041741675, 0.024604616182609396, 0.011101351893368113, -0.0005040253201943345, 0.004519057622880129, -0.006293076222930322, -0.009953996554933528, 0.009310796296904216, 0.022794786319902418, 0.023067555698495317]",61,"[-0.013319148813459232, -0.013060754647955738, -0.01410392695963154, -0.0131307926919597, -0.014962832118113844, -0.013789112551112979, -0.01325762072330039, -0.015145402988770453, -0.014057036358909245, -0.013321994308555738, -0.013657023047665988, -0.014348522085606368]",0.013862315182076602,conditional_flow_matching,flow_matching,6007,-0.20620001036601088,0.9091834057691499,0.21797613329963442,"[0.003395303139293778, 0.00042027127405604625, -0.0006890098885474021, 0.0030792161722007867, -0.005030501763225725, 0.0005246960070648399, -0.0024673253711730387, 0.001581522661612637, 0.00028408780405886347, -0.005120508642371865, -0.0016274253373249614, 0.0006353033496460844]",0.0026643263490497304,-3.952052857988297,8.61851969764162,"[2.3752379872245712, 2.274196751592099, 1.854077850587888, 2.3963615786585732, 2.1988354329762982, 2.004178235590795, 2.088769049610545, 1.949134606844233, 2.2856170382333785, 2.0094079021475624, 1.91840898457667, 2.110931747355338]",2.0998503984829417,0.9986099564874379,4.126824592020902,4.132569042809074,0.2842928330064751,history_tangent_benchmark/results/stable_sid_core_20260713/run_manifest.json,ok,"[0.24008259640618165, 0.2145766879493837, 0.2876200250020884, 0.22654498904312464, 0.07625856905294984, 0.24436571655935224, 0.27112627005969153, 0.29739684253041515, 0.19498120549319847, 0.29721313050843823, 0.11392651291673514, 0.2919065491431628]","[4.1383131723752395, 3.698666823492925, 4.957717701833348, 3.90496490094035, 1.3144719589936238, 4.212141483190172, 4.673414198115106, 5.126241090729612, 3.3608987204260794, 5.123074439369408, 1.9637557913130086, 5.03160468732188]",0.0013940922432566377,0.0915712931567086
12,de9d173970fa0aa43d5a,607,0.12,512,"[0.06890048540705643, 0.058979647077913915, 0.06626204958300741, 0.07382920048949564, 0.06958110939129977, 0.06028943754299183, 0.07662077989018709, 0.06876165019789604, 0.05794861874207543, 0.06956562705000327, 0.07058722344124649, 0.06866116155616123]","[-0.00020927286601646653, -0.0018816227755687814, 5.670386896813425e-05, 0.0001517036403589992, 0.001014402035960938, 0.0006151312880284374, -0.0013077760526849552, 0.001049669099961751, -0.0007773570920203745, 3.5625092121808804e-07, -0.0003295025291869891, 6.48299075186575e-05]",67,"[-0.0033292349078328687, -0.006044333337976957, 0.0018135169258993538, -0.003699927466685402, 0.008036448077490717, -0.009553797671523676, -0.013957014568286193, 0.00837413908663237, 0.0027617263578510326, -0.02985619125234577, -0.012492808855217644, -0.02022106199828453]",0.012745459963673895,heteroscedastic_gaussian,gaussian_nll,6001,-0.12462667773791192,0.7102787520660158,0.14773324048853903,"[0.0014790505262401998, 0.00875309241106607, -0.0016100742025302688, 0.0030233344122868972, 0.010263801186933635, 0.0009356026730749275, -0.005497230847068454, 0.0016233161768195818, 0.0021468941343263936, -0.0033253831112523002, 0.009723307765352926, 0.012524186492657297]",0.006433493511485386,-2.9138895546483297,7.582956818553889,"[0.0709424931632712, 0.056265307515668495, 0.05941157831511366, 0.059965048682465626, 0.07210920933572305, 0.059112535868751016, 0.06825929890802356, 0.058965271120549334, 0.0515700360778546, 0.056751298879103844, 0.0705326250658636, 0.07308868326570751]",0.05968831349878964,1.0000839419226375,3.1546736161575417,3.154408829015649,0.09726558299735188,history_tangent_benchmark/results/stable_sid_core_20260713/run_manifest.json,ok,"[0.25148408548562734, 0.2716955737609966, 0.11821464766262521, 0.0777083961507663, 0.09055745987737868, 0.06364035630594421, 0.24043433763650074, 0.27454510147811445, 0.1814702064014434, 0.20703813011238223, 0.2873398899766032, 0.24137893837589502]","[3.813985921582054, 4.120511607243721, 1.7928331370924986, 1.1785188249006802, 1.3733866156961778, 0.9651641475707172, 3.6464063999903824, 4.163727298508075, 2.7521614779924137, 3.1399224008726723, 4.357771955881216, 3.660732133225584]",-8.390965507521713e-05,0.3007603248919591
12,e23eead92bb25f885cbb,601,0.12,512,"[0.02673931095959342, 0.02234328909668353, 0.026989698742341483, 0.032272294664337696, 0.024435974530508574, 0.022738487995364414, 0.026740316466531782, 0.02295938251957545, 0.027173976251548826, 0.027712120511354243, 0.02258026308397295, 0.022784475043622725]","[0.0003075298017623842, 0.015764760518851888, 0.019108071594405956, 0.01947997286175484, 0.020609610025846815, 0.018254178833358378, -0.001613522331357642, -0.003958507119228988, 0.013998636674216608, 0.016138477966563352, 0.014905586408976712, 0.008636820484392987]",67,"[-0.01932147044104624, -0.019415503319698508, -0.018214150422330516, -0.018629423831035993, -0.019517980499676735, -0.020679804266896668, -0.019155650822742787, -0.02009708868718653, -0.01853006222430007, -0.020606819252198816, -0.020270882936645567, -0.019851394678959897]",0.01953953314853368,conditional_flow_matching,flow_matching,6007,-0.2123662049869224,0.9013623124923255,0.22283486100258232,"[-0.013776179339691774, -0.010136153745985792, -0.010106518834992103, -0.0046394116825424865, -0.005559879784833299, -0.0075925587386227456, -0.008794402324037906, -0.013676250024108327, -0.010228581134169579, -0.012666080902086948, -0.006820828084874719, -0.006932285837254101]",0.009698646349677216,-3.594985341183856,7.582956818553889,"[1.4890223547693948, 1.3962075095028843, 1.5715656226220869, 2.0563543607594403, 1.551642088740452, 1.6175036572538333, 1.6520096060086955, 1.8648718060584961, 1.4864380498369476, 1.54232207305607, 2.0098848899835033, 1.758840251252712]",1.59453463993796,0.9971935348452747,3.738796017674702,3.7493183489750725,0.2742392079962883,history_tangent_benchmark/results/stable_sid_core_20260713/run_manifest.json,ok,"[0.2695283326005544, 0.2524473369340805, 0.05623726573776875, 0.2862892945143414, 0.17979148016371943, 0.28972182222126996, 0.25712908807498197, 0.27121872340829295, 0.24682609640553033, 0.28076232365150805, 0.16631603021933286, 0.29759625577712306]","[4.087643414973669, 3.8285945098601135, 0.8528895153660812, 4.341838715833015, 2.726702060850745, 4.393896134593273, 3.8995975433334555, 4.113279735976792, 3.743343261470711, 4.2580171530524735, 2.5223345507730093, 4.513319113842486]",0.0028100042317394337,0.09914232339367969
12,e7de1aa09cde791c6740,607,0.12,512,"[0.057278531564256926, 0.07317259598177, 0.06130912234828974, 0.06395619426663238, 0.06707420259545692, 0.07108641647092287, 0.05483288369069472, 0.07770129124711408, 0.07499457896844633, 0.07007243432073906, 0.04784474027477448, 0.06027975561355194]","[0.0026381442052435078, -0.00021024724837783674, 0.0008901668629829488, 0.0015955546313132325, -0.00019877414115967008, -0.0002825381941737561, -0.00011145342234050003, 0.0009052206393899429, -0.002260843852824886, -0.0005070351030068542, 0.006369426789868413, 0.000513465139870692]",61,"[-0.009100698270250441, -0.013847129955990157, -0.011767757737768681, -0.032001198135163215, -0.015500778986863764, 0.019217747179049872, -0.016980555930672277, 0.0313436679261413, -0.0031455912030298183, -0.022962497269340996, -0.04503161183567288, -0.030019525180044138]",0.02377616498603255,mean_mlp,mean,6001,-0.1675807636604925,0.7448127010879636,0.18113235590593696,"[-0.0025549211261355342, 0.003280413807078368, -0.0011110045224823248, -0.019138818004723245, -0.008749840179672157, 0.0005585020950008013, -0.006165573027448283, 0.012439860194489913, -7.0078955855904885e-06, -0.009855960802661786, -0.025485108910412262, -0.012663262935228015]",0.01140702444163616,-4.007654740300018,8.61851969764162,"[0.06103653060955611, 0.050947369297964694, 0.07420638429254596, 0.07259827186056213, 0.0729392423677641, 0.06054993154947972, 0.07366394794245368, 0.06363992446068613, 0.07587434759130461, 0.06969773325011651, 0.0753656587732429, 0.07900335169230378]",0.07276875711416311,0.9998227504260903,4.191163958256971,4.1919069719816235,0.09521358300116844,history_tangent_benchmark/results/stable_sid_core_20260713/run_manifest.json,ok,"[0.20485623368434575, 0.29805214453044554, 0.1890290596138764, 0.0877183690309477, 0.19985684209513668, 0.2813851838229858, 0.12069018696265893, 0.29901875577462594, 0.29618534633719823, 0.22029904756930851, 0.29412927316890825, 0.29935146867812157]","[3.531114970386417, 5.137536557119944, 3.2583013474177314, 1.5120049826764388, 3.444940260610773, 4.850247498805822, 2.0803415072994516, 5.154198073215806, 5.105358483119897, 3.7973033616955476, 5.069917868918497, 5.159933058640679]",0.00017737019680692898,0.258936170773882
12,f3d5051645ef1ea9f8de,607,0.12,512,"[0.010751091311598146, 0.015343860399676576, 0.015286539716120179, 0.013743939810261879, 0.013691830712502656, 0.028790903942198708, 0.01403064904621637, 0.010883625121461498, 0.021776986659375008, 0.012978428449609189, 0.016731189511836934, 0.018881433277761116]","[0.020133831008580193, 0.0248209020389333, -0.0012453622983221956, 0.025426102862402544, 0.006932533698502294, 0.03466467748163583, 0.0012260386067205163, 0.02201004865018628, 0.017357592213792322, 0.011234745733936537, 0.017060627107655844, 0.003770522662653944]",61,"[-0.00475396784644667, -0.005239215744006875, -0.004833361415025952, -0.005958524261632202, 0.00022976195746620375, -0.0033553717441712344, 0.002159614129101147, -0.002104234006359655, 0.0010116901744647532, 5.309269106810548e-05, -0.0004605624485685504, 0.0012080601189281479]",0.0033168244444519044,conditional_edm_diffusion,diffusion_edm,6001,-0.21647345277582844,0.9346759859986328,0.22730555360473406,"[-0.0068222459518263445, -0.01793286581415754, -0.005343931049476651, -0.010609093113160089, -0.00015435903754449737, -0.005770543536172864, -0.005029402734209784, -0.0033068577591851187, 0.0007242754520871605, -0.0004535498807782072, -0.008826592834034383, -0.003026450635192542]",0.007453146976997282,-3.9931504758450274,8.61851969764162,"[1.6134850987351907, 1.654292595741446, 1.587566011488081, 1.6761306203222097, 1.7564805734508386, 1.6219408718544321, 1.6316900056795838, 1.591891856859285, 1.4734492653740507, 1.772653681674155, 1.7579946633386405, 1.6330864621157983]",1.6323882338976912,0.9963123143707499,4.176448536881893,4.1919069719816235,0.3195830000040587,history_tangent_benchmark/results/stable_sid_core_20260713/run_manifest.json,ok,"[0.20485623368434575, 0.29805214453044554, 0.1890290596138764, 0.0877183690309477, 0.19985684209513668, 0.2813851838229858, 0.12069018696265893, 0.29901875577462594, 0.29618534633719823, 0.22029904756930851, 0.29412927316890825, 0.29935146867812157]","[3.531114970386417, 5.137536557119944, 3.2583013474177314, 1.5120049826764388, 3.444940260610773, 4.850247498805822, 2.0803415072994516, 5.154198073215806, 5.105358483119897, 3.7973033616955476, 5.069917868918497, 5.159933058640679]",0.003690697888231006,0.0655747693083346
12,f59a41e6e750d2ab3cf9,601,0.12,512,"[0.060971097400279915, 0.055678563522150684, 0.06506865000748865, 0.06721625061512337, 0.07700802457770532, 0.05975288955283875, 0.0702555863196131, 0.06328673352464231, 0.05967470496392874, 0.054122073155229065, 0.06418575175068525, 0.05644984900191515]","[0.0018666195052899552, 0.001676505195989989, 0.0007896017421313815, 0.0002396465382769209, 0.002286139599028693, -0.0005747353371290123, -0.0006871544445296518, -0.0006333552462011256, -0.0027038930856229547, -0.0002647285120407905, 0.000400272493705214, -0.0008880437017149349]",67,"[0.012974748693323688, -0.02840055361275467, 0.026992021156533458, -0.011031810556994821, 0.020216759087809087, -0.014488156375077298, -0.03583659255874159, -0.003938415799719088, -0.050045766336346935, -0.027365245692730116, 0.04103512309300152, 0.039845697148730805]",0.029252632953268562,heteroscedastic_gaussian,gaussian_nll,6001,-0.13526136900459426,0.7303513692859711,0.15475229858696246,"[0.0027482188950013016, -0.02779355153976204, -0.008372714888180144, -0.0061347694322621184, -0.006041093843576577, -0.010930440397502461, -0.005690427275151696, -0.011466663978712082, -0.01866676096209478, -0.004956848112687429, -0.0029685154844583117, -0.0029818335519293804]",0.011540971853574108,-3.0037447325056252,7.582956818553889,"[0.05980214028580741, 0.06070049736619888, 0.07120693116691774, 0.06237860026720961, 0.07399377785795895, 0.06208025663677528, 0.06775441810470231, 0.07132094939686638, 0.0738062368458412, 0.10066648162877563, 0.06852871710602121, 0.0674394995683436]",0.06814156760536176,0.9998887177766269,3.2131093597888,3.2134669615370157,0.10502362498664297,history_tangent_benchmark/results/stable_sid_core_20260713/run_manifest.json,ok,"[0.28728294840353563, 0.17657707316284418, 0.2886592929901904, 0.22499733008220837, 0.25132119599275, 0.17565790789668273, 0.1971484157849256, 0.11260293963143014, 0.07912268234215306, 0.2820919430481082, 0.06614129435927318, 0.23520357875263012]","[4.356908384901711, 2.6779526418809563, 4.377781908037817, 3.412290076606604, 3.811515553600684, 2.6640126608361228, 2.9899358474867976, 1.7077264577347304, 1.1999677671374058, 4.278182045991534, 1.003093158099261, 3.567077162501066]",0.00011136373525821938,0.27766225929400923
12,f6ab3545aee36cf02532,607,0.12,512,"[0.06347384668871983, 0.05899454960260666, 0.06953505187573678, 0.060412071211253526, 0.062452709736089226, 0.05738794240432027, 0.0783583315249789, 0.07414652697557723, 0.060089244849922493, 0.07296607803108808, 0.06565794804343032, 0.06575390114595288]","[-0.0002140446149163199, -0.001676100500951175, 0.0008396354236672183, -0.0004388881633513436, 0.0011116229344039887, 0.00044549490103743537, -0.00018129517172083852, 0.00047210185809425505, -0.00023998279992235895, -0.00047156562176474664, -9.109394089351341e-05, -0.00082367215918913]",67,"[0.002068078024004292, -0.004539206078045292, 0.0069589547293598284, -0.0053290880266531945, 0.006077151489029155, -0.012401212953542495, -0.009819212280360987, 0.009542681802607355, -0.001946075082671049, -0.022773918056290025, -0.010719315351767449, -0.013943440612013195]",0.010454946743683656,constrained_gaussian_dsm,gaussian_dsm,6001,-0.12635657676121678,0.7120528987892439,0.14810225116746228,"[-0.0019815564767544647, 0.0048074168360746445, -0.0003324908919475715, 0.006994591154838489, 0.0009064780675342259, -0.0041208029345254, -0.001723443301461051, 0.005607830954389622, -0.0002983640288838537, 0.0022545784337020076, 0.0028531119912300618, 0.010822521641137839]",0.00464338947838962,-2.913865809034308,7.582956818553889,"[0.08864782266265735, 0.053227254194978514, 0.0635646102141119, 0.06463095569018419, 0.07347099498570803, 0.0637175159117906, 0.07757560218489007, 0.06437336169398644, 0.056039080348988864, 0.05884057814583355, 0.08257326782690752, 0.08334421221220369]",0.06450215869208531,1.0000756225403706,3.1546473734246674,3.154408829015649,0.09646087497822009,history_tangent_benchmark/results/stable_sid_core_20260713/run_manifest.json,ok,"[0.25148408548562734, 0.2716955737609966, 0.11821464766262521, 0.0777083961507663, 0.09055745987737868, 0.06364035630594421, 0.24043433763650074, 0.27454510147811445, 0.1814702064014434, 0.20703813011238223, 0.2873398899766032, 0.24137893837589502]","[3.813985921582054, 4.120511607243721, 1.7928331370924986, 1.1785188249006802, 1.3733866156961778, 0.9651641475707172, 3.6464063999903824, 4.163727298508075, 2.7521614779924137, 3.1399224008726723, 4.357771955881216, 3.660732133225584]",-7.559856069489912e-05,0.2969539129942885
12,f9eedaddf2b0b3707d4c,607,0.12,512,"[0.03463573049547105, 0.07309704244884141, 0.043176268057749934, 0.040994051403144924, 0.02904984422784085, 0.0686467989586342, 0.03831595161818829, 0.059710324562206596, 0.055769637894939376, 0.05003395340334865, 0.01500972079249476, 0.05975538855691881]","[0.17710228882226256, 0.21194727902652324, 0.20468733575020095, 0.2243771581009679, 0.20204992108168984, 0.23828966060220277, 0.23799613142540216, 0.24878021967874378, 0.2288397594104226, 0.1406483682661446, 0.17015427679142003, 0.22913288310713067]",67,"[-0.02068067181669444, -0.01567717559145266, -0.01789502754735529, -0.007037825251664763, -0.0224205267210255, -0.014603547088352787, -0.007597401900547088, -0.012206762359814247, -0.0242831466671841, -0.003844036694067689, -0.001687870419944121, -0.013033265298739195]",0.015119135024126321,conditional_affine_flow,affine_flow,6007,-0.18367057001895504,0.8033440630209235,0.19070850628382713,"[-0.022723004488452624, -0.020432681198728764, -0.024447755434509055, -0.04778913708676965, -0.02255362830534402, -0.03610719507571303, -0.037802701046762976, -0.02317688187433905, -0.017715294657309293, -0.04287090037493983, -0.04468576094787495, -0.024064008904728373]",0.032043682462206624,-3.2941308905488746,7.582956818553889,"[1.4901701251279402, 1.5179742415323614, 1.2917151487535121, 1.397746763586704, 1.4987388748449377, 1.3856706835125583, 1.495950032169879, 1.4681620034921856, 1.4830772132731427, 1.3576540850604608, 1.5932515164955439, 1.4517579883283451]",1.4756196083826643,0.9430371996594148,3.3952040416610094,3.600286439270066,0.13781549999839626,history_tangent_benchmark/results/stable_sid_core_20260713/run_manifest.json,ok,"[0.25659534253806526, 0.21164162065597283, 0.22744836543426342, 0.19055276663421522, 0.29650300263612195, 0.27647023511393015, 0.11670111967887661, 0.2934125513795377, 0.2994791313191322, 0.2019813703343985, 0.16563570189876559, 0.23582034502396035]","[3.891502804616385, 3.2097385408860095, 3.449462267077369, 2.8899068020864607, 4.496738931122565, 4.192923708968747, 1.7698791024036216, 4.4498694142655175, 4.541874641702017, 3.06323201879617, 2.512016750218408, 3.5764309865063413]",0.0570707025712006,0.19956397591300068
12,faba60012eada5491f36,607,0.12,512,"[0.016519171061630627, 0.01235372086231673, 0.02513453125924242, 0.023842226413236155, 0.02754785935557974, 0.0277268520626886, 0.018235560665763595, 0.02201644618828741, 0.02857473897507785, 0.014315010206923431, 0.022739140752989218, 0.026069694431107387]","[0.021021231549099805, -0.005873165764243987, -0.015046411716494273, 0.02166158969435089, 0.009520204278945973, 0.013713195364567384, 0.025177385495760846, 0.0024281762857426377, 0.015630464982464842, -0.023743672255130875, 0.014311145463102165, 0.009254935647940929]",61,"[-0.008596560726745889, -0.009269906506323249, -0.00824270018114608, -0.009038031501819657, -0.008561514013920591, -0.009056120706198503, -0.009405178009141054, -0.007834385717297391, -0.008097401986574665, -0.009047225899725132, -0.009214824640408487, -0.007133811219090768]",0.00864981903062871,conditional_flow_matching,flow_matching,6001,-0.21045807991947632,0.913066906897308,0.22205040234205647,"[-0.00039933740982878163, 0.002599412187968368, -0.0006538441809866846, -0.0013447329570981381, 0.0010853033726017833, -0.0009951515239340718, -0.004408430587099499, 0.0001399508153254736, -0.0016822172044387667, 0.001273023332859502, -0.0026366069947029542, -0.0027145491608093764]",0.002031936805669225,-4.001095240906742,8.61851969764162,"[2.1638696950568823, 2.152194132082268, 2.3510270524427983, 2.3220592853729443, 2.3198102092157464, 2.157695729278577, 2.5101106790542156, 2.2985473299785273, 2.141725032540665, 2.2540078779765964, 2.49127988671608, 2.236021470880161]",2.2762776039775616,0.9985746742892654,4.18593213919745,4.1919069719816235,0.27361783300875686,history_tangent_benchmark/results/stable_sid_core_20260713/run_manifest.json,ok,"[0.20485623368434575, 0.29805214453044554, 0.1890290596138764, 0.0877183690309477, 0.19985684209513668, 0.2813851838229858, 0.12069018696265893, 0.29901875577462594, 0.29618534633719823, 0.22029904756930851, 0.29412927316890825, 0.29935146867812157]","[3.531114970386417, 5.137536557119944, 3.2583013474177314, 1.5120049826764388, 3.444940260610773, 4.850247498805822, 2.0803415072994516, 5.154198073215806, 5.105358483119897, 3.7973033616955476, 5.069917868918497, 5.159933058640679]",0.0014318717010903738,0.08751448420964414
12,fba57269be99f42a4186,607,0.12,512,"[0.03874897187672773, 0.03737348512218297, 0.02502465978635645, 0.028261606906234787, 0.025327959370368323, 0.026014415502800353, 0.01519186520474077, 0.01932483911825933, 0.008725529250213037, 0.02150005474939413, 0.01731988812802565, 0.02278441042132262]","[0.03352822004031367, 0.03916014570252228, 0.02663206465758963, 0.04052216883337912, 0.022710349085481852, 0.0421937954038988, 0.023690613055160625, 0.026753606148727124, 0.022495679458093994, 0.015232680014671691, 0.017199693459563997, 0.0325347455439303]",67,"[-0.00332622702458064, 0.008574217431885542, 0.005933498719105634, 0.00815277497864068, 0.0019609730988267896, -0.0010312531867676517, 0.005764687951618705, 0.0025788733273576087, -0.0035731484769420284, 0.016184255936991614, 0.008053392088846803, 0.004522244420640878]",0.0070181407803097005,conditional_edm_diffusion,diffusion_edm,6007,-0.20722032226755113,0.90291097570738,0.21434502526465116,"[0.010287296626933692, 0.009327921521723459, 0.011463263959928435, 0.010342490520307928, 0.016040840982711746, 0.01996573080895736, 0.003409615731220228, 0.0156681529896896, 0.018083922122646978, 0.018911925550768593, 0.007528088333774718, 0.012626152433388901]",0.013677989048415726,-3.4750768506038567,7.582956818553889,"[1.335202088597186, 1.4611881410631895, 1.296050272188229, 1.5174503638010106, 1.4018785862795669, 1.4626404435784246, 1.3947968742828303, 1.5114260245236772, 1.496095854442085, 1.2883129125118182, 1.5029406604909374, 1.550742071350631]",1.461914292320807,0.9922019347789145,3.5722111708020488,3.600286439270066,0.3115664579963777,history_tangent_benchmark/results/stable_sid_core_20260713/run_manifest.json,ok,"[0.25659534253806526, 0.21164162065597283, 0.22744836543426342, 0.19055276663421522, 0.29650300263612195, 0.27647023511393015, 0.11670111967887661, 0.2934125513795377, 0.2994791313191322, 0.2019813703343985, 0.16563570189876559, 0.23582034502396035]","[3.891502804616385, 3.2097385408860095, 3.449462267077369, 2.8899068020864607, 4.496738931122565, 4.192923708968747, 1.7698791024036216, 4.4498694142655175, 4.541874641702017, 3.06323201879617, 2.512016750218408, 3.5764309865063413]",0.007801973515542282,0.09799733685515487
12,fd281c5648567783ca86,601,0.12,512,"[0.06709851874619455, 0.06557506782828917, 0.07144419862519097, 0.07136618155695769, 0.08170070052225763, 0.0649575881882386, 0.06527119606369222, 0.07757023853485664, 0.05407555653281146, 0.06025939036928575, 0.06606437839523638, 0.0666808276109839]","[0.0019273011747261573, 0.00184568914370534, -0.0002521457798956561, 0.00014136513352105425, 0.002565035269044062, -0.0012626158451936966, -0.0009582142352969929, -0.0010619625847659519, -0.002353303261866116, 0.0010675435491091026, -0.0010814316091186044, -0.001187727531849162]",67,"[0.010567865370303468, -0.032708264650883716, 0.02615580260267684, -0.01793381865161419, 0.03893297551175951, -0.022533600647536036, -0.028565882748934266, 0.006056168198808587, -0.07153541374325234, -0.04883366760772406, 0.04870700098270799, 0.05237437290625432]",0.038385081933490335,mean_mlp,mean,6001,-0.1303952299560614,0.7072266031444554,0.14985245056150567,"[0.0032277272856683545, -0.020693533228758703, -0.008357812575267761, -0.003772763970112207, -0.0066039209029630785, -0.0012645177788752258, 0.005332985526534477, -0.004558435737357647, -0.0173959163651094, 0.015386565718678951, -0.004083025305176569, -0.0054130274058927785]",0.010010388102608564,-3.0039211776160477,7.582956818553889,"[0.05347492955034057, 0.05542853700214669, 0.07650955242941515, 0.062446571858678086, 0.07297589062419939, 0.06140976613212039, 0.06502341118392127, 0.06633987215152959, 0.0697601462839864, 0.08738358313206912, 0.05998575799615554, 0.05306347521471446]",0.06373499152129967,0.9999123466652797,3.2131852904418237,3.2134669615370157,0.10076620799372904,history_tangent_benchmark/results/stable_sid_core_20260713/run_manifest.json,ok,"[0.28728294840353563, 0.17657707316284418, 0.2886592929901904, 0.22499733008220837, 0.25132119599275, 0.17565790789668273, 0.1971484157849256, 0.11260293963143014, 0.07912268234215306, 0.2820919430481082, 0.06614129435927318, 0.23520357875263012]","[4.356908384901711, 2.6779526418809563, 4.377781908037817, 3.412290076606604, 3.811515553600684, 2.6640126608361228, 2.9899358474867976, 1.7077264577347304, 1.1999677671374058, 4.278182045991534, 1.003093158099261, 3.567077162501066]",8.775715458882412e-05,0.30145799552776165
12,fd5c1371483f94e8db5e,601,0.12,512,"[0.02428649778940528, 0.018835443594995838, 0.0146743845849955, 0.027379532690009756, 0.015802037005180347, 0.0377232067604108, 0.024929984039085328, 0.018447326190107704, 0.02760166043855594, 0.05150146244725281, 0.029468582025475126, 0.01760362742124766]","[0.02413301933357331, 0.052015443673805846, 0.0356551328643077, 0.05150171960270981, -0.031440835052522556, 0.019911578964333886, -0.06434018924032735, -0.0027857578507495726, 0.01818949993986884, -0.036123331056087005, 0.005438785219472516, -0.0010856119370711292]",61,"[-0.0027632695818840284, -0.010371236371163838, 0.009549738321792955, 0.022836074997554384, -0.047455108141179994, -0.028100318285754815, 0.008300566261659759, -0.0026319033344918605, 0.01835274861739858, -0.062238165600469735, 0.025716789435014747, -0.0036531291065888356]",0.02697287953988028,gaussian_source_flow_matching,flow_matching_gaussian_source,6001,-0.1999954994566201,0.8904341292123897,0.20556133676809563,"[0.006405279186102083, -0.0011159682007710892, 0.028386660962946102, 0.022107066421702314, 0.013960320071341552, -0.008060167079356381, 0.008375021311098537, -0.0007073070564208214, 0.011603104334863742, -0.0112473808494995, 0.0023511149302916463, 0.004999948578891337]",0.012776798051341378,-3.8841896773146423,8.61851969764162,"[1.876720518619774, 1.6605592485658889, 2.024142840709025, 1.7770468248060984, 1.7591797467004457, 1.7756821952293156, 1.9991993774982502, 1.5753399777664936, 1.790892585493029, 1.8498536331268085, 1.6354453364607984, 1.7344715958011314]",1.776364510017707,0.999400170419643,3.976873062668407,3.979259940488642,0.29250979199423455,history_tangent_benchmark/results/stable_sid_core_20260713/run_manifest.json,ok,"[0.20039032980570712, 0.22232036328497057, 0.20918932723152744, 0.12267249285769037, 0.23501840571326418, 0.2428268467223239, 0.24932834696235104, 0.1902818958071825, 0.29801937385149685, 0.2787783287998507, 0.17257941476251232, 0.2867946126672863]","[3.454136009294775, 3.832144860316719, 3.6058046745626355, 2.114510592105611, 4.051021517896195, 4.185615923185102, 4.297682538950893, 3.2798965342375856, 5.136971687635895, 4.80531303607425, 2.974758171076351, 4.943490036901012]",0.000637569639010111,0.11070681001932639
12,oracle_61_601_6001,601,0.12,2048,"[0.19118034019420344, 0.16105038356206483, 0.19460934790673143, 0.10804283675396598, 0.22044502585649994, 0.2660407676430841, 0.24613773211358178, 0.21144995861917792, 0.27503242863579774, 0.2639864755498267, 0.16687504612712772, 0.2677094906754214]","[3.7614022552670656, 3.1183182040188773, 3.524295093388012, 1.9176302602691617, 4.007838507661118, 4.507807168818631, 4.377435226877073, 3.780217723362078, 5.180229908777106, 4.1537108561649125, 2.8840737333651187, 4.912563612901343]",61,"[0.08006238990773881, -0.02358889671168239, 0.010923686893192624, -0.07772483525911306, -0.08407926778832249, -0.031272054809447704, 0.14579055316542805, -0.11544653072046522, 0.004676318181588918, -0.012111056984025934, -0.0655861554705902, -0.08647396330059917]",0.07511368416165368,,oracle_predictive_law,6001,-0.011303325402390027,0.10173359973245005,0.023485729117021164,"[-0.003712107905277466, -0.05871287825126211, 0.019705546318530647, -0.08447554449031078, 0.05650515625272856, 0.01178130944981352, 0.050499474460348935, 0.04685387963924148, 0.04592592020717934, 0.021331605429601257, -0.023079942266553598, -0.1625668354121368]",0.06363136682737289,-0.04631858594721061,8.61851969764162,"[1.0197021057715492, 1.0672940226693917, 1.0549675224867279, 0.9053818244802282, 1.097862694008036, 1.1253981502710169, 1.1294075629975693, 1.0433706459255483, 1.2200723268340283, 1.1701163855200722, 0.9598304923476506, 1.2046672801184217]",1.0825783583387139,0.08727602113843298,0.34729397468140627,3.979259940488642,0.3957177499833051,,ok,"[0.20039032980570712, 0.22232036328497057, 0.20918932723152744, 0.12267249285769037, 0.23501840571326418, 0.2428268467223239, 0.24932834696235104, 0.1902818958071825, 0.29801937385149685, 0.2787783287998507, 0.17257941476251232, 0.2867946126672863]","[3.454136009294775, 3.832144860316719, 3.6058046745626355, 2.114510592105611, 4.051021517896195, 4.185615923185102, 4.297682538950893, 3.2798965342375856, 5.136971687635895, 4.80531303607425, 2.974758171076351, 4.943490036901012]",0.9865349010049917,0.9494947065140215
12,oracle_61_601_6007,601,0.12,2048,"[0.2438003488701777, 0.2322880258214824, 0.31085243656078604, 0.28102299295909666, 0.2770143410610308, 0.2704789146262707, 0.22386692417375548, 0.32174504047749997, 0.25234008442809414, 0.2732575533581916, 0.2770743124874478, 0.33619055785494895]","[4.05520934891031, 4.031404944756053, 5.77949376860684, 4.589779771378387, 4.600893627386192, 4.597729550135887, 3.901422645940996, 5.392210723942581, 4.2466140473186105, 4.634932190156112, 5.20626315461407, 5.809121376298561]",61,"[-0.03641610852963085, -0.0762125645886185, -0.003706603508833381, 0.15736651433975354, -0.11790625193962627, -0.08064495878143148, -0.029306516054033803, -0.02690703653050921, -0.05667001618696139, -0.17179694679921445, 0.05430207995735867, -0.06352384437828068]",0.08832255147303106,,oracle_predictive_law,6007,0.013399223114584927,0.10234464979365859,0.02686229179660807,"[-0.07022001349098103, -0.045574195800002215, 0.04484158703337293, -0.0023787008419503173, -0.06193532101081238, -0.09321620152481133, 0.029239730257738888, 0.11482013644555182, -0.050084234819151405, 0.00881381191482807, -0.02558406921307673, 0.008570008136491818]",0.056937287893533604,0.22796504660254277,8.61851969764162,"[1.1560614571161565, 1.0485916471761418, 1.1775339064914228, 1.20761123047776, 1.1368931314276245, 1.1509503112223156, 1.1295680884990662, 1.18844995364463, 1.1471541790207536, 1.2048079981363462, 1.153285240700111, 1.1828438280281026]",1.1546733489081338,0.12667141919012295,0.5730852471700708,4.524187467339566,0.3914704169728793,,ok,"[0.26632463688482705, 0.21012876958644278, 0.27274862592980614, 0.2882636225762486, 0.25164097587359, 0.2640998399282414, 0.2381599705522065, 0.28179910906302824, 0.25767439059009073, 0.2769832526272442, 0.24775858813959328, 0.28355907355244414]","[4.590648257918267, 3.621997879443909, 4.701378810161439, 4.968811418573856, 4.33754541460059, 4.552299345131094, 4.1051727947878796, 4.857382344475137, 4.441543621756995, 4.774371237369499, 4.270624544281925, 4.887718921713497]",1.0500305963539356,1.0516117299303702
12,oracle_61_607_6001,607,0.12,2048,"[0.22194440704954949, 0.26390631537951564, 0.20656356206507157, 0.08044470105922613, 0.22541395618634424, 0.28350326241888896, 0.08533792605322314, 0.333044421338403, 0.2840391969895086, 0.2010758468149125, 0.2622142323966697, 0.2781597264891996]","[3.8699957875400224, 4.166186736056455, 3.682062443983869, 1.6493510800510536, 4.174032194479886, 4.72647266147176, 1.7800138948955935, 5.68714754921994, 4.918783710314261, 3.9151009046158536, 4.645753946430273, 4.570088275239035]",61,"[-0.04237253772417006, -0.06368169044848762, 0.011516644936491542, -0.06736030467693707, -0.07457722450052136, 0.1116779492808924, -0.08999783005555884, -0.040449849648144305, -0.05215759936490624, -0.029754051902542804, -0.013301079887625742, -0.11561443216476505]",0.06797039450897417,,oracle_predictive_law,6001,-0.005410363085670558,0.09837441651031432,0.023923853335686744,"[-0.1263466466996932, 0.0734948224561253, 0.06537776233755585, 0.009623300802545181, -0.02068283192088923, 0.11984434827364554, 0.08316648510483157, 0.044588638654737466, 0.16515254907590501, -0.02539082330837994, 0.05531841046004053, -0.01519785451247202]",0.08197471244742113,-0.02635073213408347,8.61851969764162,"[1.0548410099026178, 1.22072381788127, 1.0222588536193074, 0.7735853807657445, 1.0112550352721839, 1.1707517406145957, 0.845487896891912, 1.209612469158747, 1.2016747122346771, 1.0750399285922798, 1.210912775323739, 1.2159647739390569]",1.1228958346034377,0.11429169511966623,0.479100153611727,4.1919069719816235,0.3886713329993654,,ok,"[0.20485623368434575, 0.29805214453044554, 0.1890290596138764, 0.0877183690309477, 0.19985684209513668, 0.2813851838229858, 0.12069018696265893, 0.29901875577462594, 0.29618534633719823, 0.22029904756930851, 0.29412927316890825, 0.29935146867812157]","[3.531114970386417, 5.137536557119944, 3.2583013474177314, 1.5120049826764388, 3.444940260610773, 4.850247498805822, 2.0803415072994516, 5.154198073215806, 5.105358483119897, 3.7973033616955476, 5.069917868918497, 5.159933058640679]",0.9816419045001338,0.9775231053314676
12,oracle_61_607_6007,607,0.12,2048,"[0.20820408551616665, 0.2113105076836629, 0.26707835606325553, 0.2168838166819495, 0.06366617137589485, 0.2514149411796951, 0.2779588859876732, 0.29342516703672006, 0.16709037342485106, 0.24949926475725803, 0.10411456340537224, 0.29959789688397737]","[3.692450572791726, 4.286942755882384, 4.506349391018191, 3.899517166266242, 0.8321601757469876, 5.076189636546158, 4.660399841026645, 5.318714579141359, 2.9836914849170726, 4.1454960498383056, 1.673962061457953, 5.154765500782683]",61,"[0.17545759819807868, -0.05575929046056339, 0.13896907673937875, 0.027508685195359452, 0.015491739017150999, 0.02374203505063824, -0.08416646368707133, -0.07248870497346946, -0.002389761058952629, -0.17389089163184174, -0.08175635292406844, -0.007867943583573043]",0.09313773062138969,,oracle_predictive_law,6007,-0.012146255389020436,0.08533511711821422,0.020459039118035496,"[0.0848882064807562, -0.013450534436731942, 0.08290596929364513, 0.05751487089300511, 0.0046855980624815885, -0.06129465023681317, -0.008720999685814709, -0.03462313846632389, 0.011511609020190921, 0.2130679933009305, -0.01020114565352485, -0.08485523278213651]",0.07929746314711661,-0.10621881272375376,8.61851969764162,"[1.115774900814005, 1.0438408959836138, 1.2034809852501287, 1.0578917334946194, 0.729090149630254, 1.1090358675360832, 1.172359918881727, 1.2142360371641552, 1.0395019945325188, 1.2080433685489542, 0.818003897743425, 1.215179201234834]",1.112405384175044,0.12022420479433567,0.49683482692940983,4.132569042809074,0.38297066700761206,,ok,"[0.24008259640618165, 0.2145766879493837, 0.2876200250020884, 0.22654498904312464, 0.07625856905294984, 0.24436571655935224, 0.27112627005969153, 0.29739684253041515, 0.19498120549319847, 0.29721313050843823, 0.11392651291673514, 0.2919065491431628]","[4.1383131723752395, 3.698666823492925, 4.957717701833348, 3.90496490094035, 1.3144719589936238, 4.212141483190172, 4.673414198115106, 5.126241090729612, 3.3608987204260794, 5.123074439369408, 1.9637557913130086, 5.03160468732188]",0.9793970855102477,0.95141822501096
12,oracle_67_601_6001,601,0.12,2048,"[0.30719347119355367, 0.14610531179144576, 0.2540254997716415, 0.2642733547544267, 0.2220213256407926, 0.21492680121672075, 0.19950743366036358, 0.11926763565924259, 0.09199721099734069, 0.2699028361415959, 0.04999797836178812, 0.2319835513016233]","[3.7472338256774385, 2.2954684345447083, 4.00512505975543, 3.8526050398005682, 3.4011095375216, 3.4611686812572025, 3.0598381215683887, 1.958520931792159, 1.5279761614106122, 4.739273151139265, 0.875540586037656, 3.2454441311112694]",67,"[0.009901894222305665, -0.0009642438447065502, 0.09958595676294457, -0.08710937394109715, 0.04662903338823983, -0.01162656783942397, -0.050302061466518985, -0.00762825314992698, 0.004795702828410519, -0.012564136282218214, -0.09299251783162728, -0.0773132067171296]",0.055758490495631835,,oracle_predictive_law,6001,-0.00046701599634970244,0.11482098755749089,0.02432912772918935,"[0.05541599330881238, -0.03902249207685301, -0.0969670612976333, 0.02348415941728632, -0.03822461924223308, 0.012010846232313188, -0.062308413430782014, 0.06274321469449026, 0.0030308752422196035, 0.08096360801521282, 0.009522381714018499, -0.006324823287910212]",0.050552947829579066,0.010238333066800656,7.582956818553889,"[1.087270829937932, 0.8972376045893551, 1.0688612919090594, 0.9893058850156903, 1.051694777480485, 0.9104353668191311, 0.9155417948046712, 0.8006788335615567, 0.6888790146962644, 1.0714868203886903, 0.6980560845820406, 1.0125668803372119]",0.9524238399101808,0.13209822714742062,0.42449328861584834,3.2134669615370157,0.4106742499861866,,ok,"[0.28728294840353563, 0.17657707316284418, 0.2886592929901904, 0.22499733008220837, 0.25132119599275, 0.17565790789668273, 0.1971484157849256, 0.11260293963143014, 0.07912268234215306, 0.2820919430481082, 0.06614129435927318, 0.23520357875263012]","[4.356908384901711, 2.6779526418809563, 4.377781908037817, 3.412290076606604, 3.811515553600684, 2.6640126608361228, 2.9899358474867976, 1.7077264577347304, 1.1999677671374058, 4.278182045991534, 1.003093158099261, 3.567077162501066]",0.9877187554116141,0.9919886571225146
12,oracle_67_601_6007,601,0.12,2048,"[0.28918214241182666, 0.20435236882854227, 0.07334710644590073, 0.3091059220838105, 0.16653170698502595, 0.3198081590339824, 0.28896356753758773, 0.2451172467644478, 0.21533824596059553, 0.3057638305115402, 0.15952408878809887, 0.27754981092021813]","[4.523798549806368, 3.1391207523261153, 1.1034678760853955, 4.573146019673367, 2.4021935402589496, 4.529190012215445, 4.0701302488004965, 3.6162087625054604, 3.0293500214042277, 4.289277311527085, 2.6552131057105597, 4.482009284390959]",67,"[-0.04923231191048155, 0.04469715862747137, -0.05047128658196215, 0.07588495681507113, -0.0558070542485569, -0.0681293853878043, -0.029707387074365304, -0.0029060054623065426, 0.0007286026559976163, 0.010021484111115782, 0.05176009644763872, 0.026566049917086724]",0.0455159054025112,,oracle_predictive_law,6007,6.001221358942615e-05,0.1067204159334916,0.02638342952782359,"[0.10594344441952805, -0.04092726604283392, 0.04478207495606605, -0.013793429834803769, 0.04729136996169577, -0.00953848706176652, -0.10060664931318779, -0.04375254758497797, -0.08442283096471068, 0.037138000503874245, -0.08490547916636024, 0.011576315713105838]",0.06144617165126285,-0.0723625187684495,7.582956818553889,"[1.0632939750386212, 1.0230280736555746, 0.6471797297902683, 1.0782477735134992, 0.925873998394845, 1.077987113640888, 1.0300678736719475, 1.0648552714722006, 1.0270857196311574, 1.0672822176724654, 0.8978111196164605, 1.0994644563596514]",1.0466809243552844,0.10071424634567205,0.3776097718270239,3.7493183489750725,0.41286458299146034,,ok,"[0.2695283326005544, 0.2524473369340805, 0.05623726573776875, 0.2862892945143414, 0.17979148016371943, 0.28972182222126996, 0.25712908807498197, 0.27121872340829295, 0.24682609640553033, 0.28076232365150805, 0.16631603021933286, 0.29759625577712306]","[4.087643414973669, 3.8285945098601135, 0.8528895153660812, 4.341838715833015, 2.726702060850745, 4.393896134593273, 3.8995975433334555, 4.113279735976792, 3.743343261470711, 4.2580171530524735, 2.5223345507730093, 4.513319113842486]",0.9783354103157796,1.0003290323918475
12,oracle_67_607_6001,607,0.12,2048,"[0.24455059090783687, 0.2613656658150545, 0.11080835792443428, 0.08324665270455547, 0.10505887965753524, 0.07013055003264702, 0.23647078741388106, 0.2605387824121152, 0.20776584101162104, 0.17810395072418048, 0.28847018699065785, 0.2511166548276255]","[3.2579320867616186, 3.878962559416018, 1.9174860734801606, 1.3627506096135797, 1.4598881254321665, 0.7530434555234241, 3.5890840503201074, 3.716682585469344, 3.8503918712676484, 2.8002479181560145, 5.011140303273316, 3.3710821433428704]",67,"[-0.04346543267768516, 0.07589869903085421, 0.03474390815072909, 0.01662263965391095, 0.0014837679599291921, 0.01933837449509048, 0.03862971783419659, -0.036809388018111934, 0.06208515668910804, 0.04876229969153043, -0.042917444165806305, -0.023290538411544777]",0.041806451697391514,,oracle_predictive_law,6001,-0.0006566852335110734,0.06698502610707105,0.013932438415512722,"[-0.04642196114419776, 0.059476677548923426, 0.015673430740252108, 0.02458966681326835, 0.0362909057509279, 0.04602553065101711, 0.037365999720073706, -0.11481350792013438, -0.011781418939068219, -0.07321893132015886, -0.058086894086284424, -0.04883706793000024]",0.05463170694622726,0.0002974884583397304,7.582956818553889,"[1.0210584973250783, 1.053265850487904, 0.7920723825176096, 0.6923490801805618, 0.7439269938624331, 0.6873032093150818, 1.0196199884635628, 1.083258695609097, 0.9217441987144319, 0.9658926463856269, 1.0873890891700018, 0.9805316456977184]",0.9732121460416727,0.14483965103981786,0.4568834740315471,3.154408829015649,0.34984495901153423,,ok,"[0.25148408548562734, 0.2716955737609966, 0.11821464766262521, 0.0777083961507663, 0.09055745987737868, 0.06364035630594421, 0.24043433763650074, 0.27454510147811445, 0.1814702064014434, 0.20703813011238223, 0.2873398899766032, 0.24137893837589502]","[3.813985921582054, 4.120511607243721, 1.7928331370924986, 1.1785188249006802, 1.3733866156961778, 0.9651641475707172, 3.6464063999903824, 4.163727298508075, 2.7521614779924137, 3.1399224008726723, 4.357771955881216, 3.660732133225584]",0.9908800557059139,0.9872656329293307
12,oracle_67_607_6007,607,0.12,2048,"[0.25140232308024646, 0.20604458852677698, 0.2137104424370202, 0.17283755665895897, 0.295000695300302, 0.24677425532320987, 0.10144592387479612, 0.2982509223301233, 0.271083797125711, 0.23524358795278627, 0.19054631683513754, 0.2385214609993062]","[3.718544216470793, 3.4129337386856475, 2.973473885130068, 2.873971977447306, 4.381151002183693, 3.95995983793933, 1.1960856978316947, 4.781135109513381, 4.042088628266463, 3.4354199996209682, 2.8973144361186143, 3.508559992476085]",67,"[0.1795755330544682, 0.02762921759952816, -0.024460124238304185, 0.09923025374560117, 0.01594680052021294, -0.051240035106066575, -0.002928295382033476, 0.15905634489946613, -0.09100327786721839, -0.02902594398069333, -0.0023003635439317006, 0.04204389669974047]",0.0829357718422988,,oracle_predictive_law,6007,-0.0042816401835720705,0.07919643212419901,0.018800703171464303,"[0.16786510202089583, -0.07907888376898672, -0.05439072048024259, 0.050081023917725176, -0.03762668361230552, 0.06546996919880219, -0.026601826540943268, -0.11899128768275702, 0.035579312962622886, 0.1793551469326397, 0.027104118647206892, -0.025637897503653456]",0.08911293441006979,-0.07191145391379732,7.582956818553889,"[1.038073024150637, 0.9794673433788399, 1.0007229017274835, 0.9201231802710693, 1.1127953483637834, 1.0964720423078944, 0.787504190819149, 1.0823141954287192, 1.1198851101796343, 0.9677382771972921, 0.878125807390764, 0.9909776665649098]",0.9958502841461967,0.09302400480389784,0.3349130630220669,3.600286439270066,0.4639951249992009,,ok,"[0.25659534253806526, 0.21164162065597283, 0.22744836543426342, 0.19055276663421522, 0.29650300263612195, 0.27647023511393015, 0.11670111967887661, 0.2934125513795377, 0.2994791313191322, 0.2019813703343985, 0.16563570189876559, 0.23582034502396035]","[3.891502804616385, 3.2097385408860095, 3.449462267077369, 2.8899068020864607, 4.496738931122565, 4.192923708968747, 1.7698791024036216, 4.4498694142655175, 4.541874641702017, 3.06323201879617, 2.512016750218408, 3.5764309865063413]",0.979738481544942,0.9777366497057125
