cohort,channel,context,source_lag_frames,horizon_frames,source_to_endpoint_frames,scope,reference,method,n_edges,n_positive,prevalence,auroc,auprc,source_macro_auroc,n_macro_sources
clean54,endpoint_mean,state_average,1,1,2,all_common,randi_wild_type,flow,1349,257,0.1905114899925871,0.6714734681660751,0.3545690268378635,0.6651467832690147,40
clean54,endpoint_mean,state_average,1,1,2,all_common,cook_struct,flow,2862,758,0.26484975541579314,0.6142483973233546,0.38451311315747083,0.6027711852500461,54
clean54,endpoint_mean,state_average,1,1,2,all_common,cook_chem,flow,2862,699,0.24423480083857443,0.601492654786542,0.34968711837816085,0.590015684345389,54
clean54,endpoint_mean,state_average,1,1,2,all_common,cook_gap,flow,2862,169,0.05904961565338924,0.6779839030403172,0.13217963606796884,0.6959588421636455,45
clean54,endpoint_mean,state_average,1,1,2,strong_fixed_support,randi_wild_type,flow,824,133,0.16140776699029127,0.6505228338574365,0.3054372480813565,0.6318694373247863,24
clean54,endpoint_mean,state_average,1,1,2,strong_fixed_support,cook_struct,flow,1749,439,0.2510005717552887,0.6187205480881254,0.37855246022698674,0.6039405246949604,33
clean54,endpoint_mean,state_average,1,1,2,strong_fixed_support,cook_chem,flow,1749,405,0.23156089193825044,0.609893077601411,0.35085367459639827,0.594326615231043,33
clean54,endpoint_mean,state_average,1,1,2,strong_fixed_support,cook_gap,flow,1749,98,0.05603201829616924,0.6589883682122152,0.13931777522039465,0.6732220421255777,28
clean54,endpoint_mean,state_average,1,2,3,all_common,randi_wild_type,flow,1349,257,0.1905114899925871,0.6688010433146621,0.3487413201604746,0.6605083447254779,40
clean54,endpoint_mean,state_average,1,2,3,all_common,cook_struct,flow,2862,758,0.26484975541579314,0.6136270152592875,0.3821497550746318,0.5969221550407854,54
clean54,endpoint_mean,state_average,1,2,3,all_common,cook_chem,flow,2862,699,0.24423480083857443,0.6003768675546666,0.3470806108358089,0.5846979251351203,54
clean54,endpoint_mean,state_average,1,2,3,all_common,cook_gap,flow,2862,169,0.05904961565338924,0.6821740343691841,0.13256589209209585,0.686674933400023,45
clean54,endpoint_mean,state_average,1,2,3,strong_fixed_support,randi_wild_type,flow,824,133,0.16140776699029127,0.648531603973755,0.2996440976121747,0.6301380871743185,24
clean54,endpoint_mean,state_average,1,2,3,strong_fixed_support,cook_struct,flow,1749,439,0.2510005717552887,0.6176094176563669,0.37456430811219465,0.5989004300790366,33
clean54,endpoint_mean,state_average,1,2,3,strong_fixed_support,cook_chem,flow,1749,405,0.23156089193825044,0.6090057319223986,0.34778425197980134,0.5907285518527539,33
clean54,endpoint_mean,state_average,1,2,3,strong_fixed_support,cook_gap,flow,1749,98,0.05603201829616924,0.6570600378249423,0.1355677723131832,0.6559719942542813,28
clean54,endpoint_mean,state_average,1,4,5,all_common,randi_wild_type,flow,1349,257,0.1905114899925871,0.6646997619760266,0.3347431269983899,0.6536307124979333,40
clean54,endpoint_mean,state_average,1,4,5,all_common,cook_struct,flow,2862,758,0.26484975541579314,0.612829439088255,0.3788008975201824,0.5937624456360863,54
clean54,endpoint_mean,state_average,1,4,5,all_common,cook_chem,flow,2862,699,0.24423480083857443,0.5995057995141331,0.343549106000682,0.5820467098217647,54
clean54,endpoint_mean,state_average,1,4,5,all_common,cook_gap,flow,2862,169,0.05904961565338924,0.6851930382736746,0.13361952192966006,0.6862002019153762,45
clean54,endpoint_mean,state_average,1,4,5,strong_fixed_support,randi_wild_type,flow,824,133,0.16140776699029127,0.649173585193084,0.2936723178186976,0.6266163339807669,24
clean54,endpoint_mean,state_average,1,4,5,strong_fixed_support,cook_struct,flow,1749,439,0.2510005717552887,0.6154601888400076,0.3697506882960996,0.5969118095265649,33
clean54,endpoint_mean,state_average,1,4,5,strong_fixed_support,cook_chem,flow,1749,405,0.23156089193825044,0.60760949441505,0.3440334090890707,0.5906889641889159,33
clean54,endpoint_mean,state_average,1,4,5,strong_fixed_support,cook_gap,flow,1749,98,0.05603201829616924,0.6603604494493132,0.13443990828625574,0.6571740412709409,28
clean54,endpoint_mean,state_average,1,8,9,all_common,randi_wild_type,flow,1349,257,0.1905114899925871,0.653135288835678,0.3057764776671224,0.6374462413888367,40
clean54,endpoint_mean,state_average,1,8,9,all_common,cook_struct,flow,2862,758,0.26484975541579314,0.6115681777140163,0.374922443594031,0.5881156087500623,54
clean54,endpoint_mean,state_average,1,8,9,all_common,cook_chem,flow,2862,699,0.24423480083857443,0.59973034590727,0.3390759111155612,0.5775517650130378,54
clean54,endpoint_mean,state_average,1,8,9,all_common,cook_gap,flow,2862,169,0.05904961565338924,0.6747034279097464,0.13258949112866167,0.6739334396830625,45
clean54,endpoint_mean,state_average,1,8,9,strong_fixed_support,randi_wild_type,flow,824,133,0.16140776699029127,0.6523236455828428,0.27857174486827824,0.6283238669642206,24
clean54,endpoint_mean,state_average,1,8,9,strong_fixed_support,cook_struct,flow,1749,439,0.2510005717552887,0.603655949503556,0.3577592418532759,0.5908825425798987,33
clean54,endpoint_mean,state_average,1,8,9,strong_fixed_support,cook_chem,flow,1749,405,0.23156089193825044,0.5984448486184597,0.33293121432208667,0.5869894321979174,33
clean54,endpoint_mean,state_average,1,8,9,strong_fixed_support,cook_gap,flow,1749,98,0.05603201829616924,0.6451254032806338,0.13333202265843597,0.6489469995876899,28
clean54,endpoint_mean,state_average,1,16,17,all_common,randi_wild_type,flow,1349,257,0.1905114899925871,0.6212496971251834,0.27068137510949025,0.59478807368217,40
clean54,endpoint_mean,state_average,1,16,17,all_common,cook_struct,flow,2862,758,0.26484975541579314,0.6052662600198642,0.3694298954749176,0.5739887601868733,54
clean54,endpoint_mean,state_average,1,16,17,all_common,cook_chem,flow,2862,699,0.24423480083857443,0.5939605949189681,0.3339510792038355,0.565967886211599,54
clean54,endpoint_mean,state_average,1,16,17,all_common,cook_gap,flow,2862,169,0.05904961565338924,0.6598457100042407,0.12616906759499405,0.6400417461063532,45
clean54,endpoint_mean,state_average,1,16,17,strong_fixed_support,randi_wild_type,flow,824,133,0.16140776699029127,0.6425687953603254,0.2633711453330633,0.609038219652963,24
clean54,endpoint_mean,state_average,1,16,17,strong_fixed_support,cook_struct,flow,1749,439,0.2510005717552887,0.5967639847676016,0.3377772746162205,0.5827355115830561,33
clean54,endpoint_mean,state_average,1,16,17,strong_fixed_support,cook_chem,flow,1749,405,0.23156089193825044,0.5896549823633157,0.3112093910056052,0.5811167912349905,33
clean54,endpoint_mean,state_average,1,16,17,strong_fixed_support,cook_gap,flow,1749,98,0.05603201829616924,0.6496372019431638,0.1258047588695648,0.6323592640867383,28
clean54,endpoint_mean,state_average,1,32,33,all_common,randi_wild_type,flow,1349,257,0.1905114899925871,0.6019619161642509,0.2532883706165584,0.5643852746006209,40
clean54,endpoint_mean,state_average,1,32,33,all_common,cook_struct,flow,2862,758,0.26484975541579314,0.5831366564001725,0.3573020028849504,0.5505937257252357,54
clean54,endpoint_mean,state_average,1,32,33,all_common,cook_chem,flow,2862,699,0.24423480083857443,0.5758566659854214,0.3234055360934537,0.5467675958234267,54
clean54,endpoint_mean,state_average,1,32,33,all_common,cook_gap,flow,2862,169,0.05904961565338924,0.6434323481654168,0.12076563932376135,0.6063514024608693,45
clean54,endpoint_mean,state_average,1,32,33,strong_fixed_support,randi_wild_type,flow,824,133,0.16140776699029127,0.6207196718279056,0.25521097325663167,0.5811706621553788,24
clean54,endpoint_mean,state_average,1,32,33,strong_fixed_support,cook_struct,flow,1749,439,0.2510005717552887,0.5760733102644804,0.31156656060472526,0.5601788296511901,33
clean54,endpoint_mean,state_average,1,32,33,strong_fixed_support,cook_chem,flow,1749,405,0.23156089193825044,0.5702766754850088,0.2806494618767446,0.5602101495923223,33
clean54,endpoint_mean,state_average,1,32,33,strong_fixed_support,cook_gap,flow,1749,98,0.05603201829616924,0.6492972719069456,0.11602319140475933,0.6230857793457074,28
clean54,endpoint_mean,state_average,4,1,5,all_common,randi_wild_type,flow,1349,257,0.1905114899925871,0.6517117771981585,0.3290973192835096,0.6314354373453341,40
clean54,endpoint_mean,state_average,4,1,5,all_common,cook_struct,flow,2862,758,0.26484975541579314,0.6093939675150737,0.37742456310405614,0.5927276649716328,54
clean54,endpoint_mean,state_average,4,1,5,all_common,cook_chem,flow,2862,699,0.24423480083857443,0.5979786194795154,0.34328790184446895,0.5823297597571774,54
clean54,endpoint_mean,state_average,4,1,5,all_common,cook_gap,flow,2862,169,0.05904961565338924,0.6805480788456595,0.13296978208275273,0.6908574819598653,45
clean54,endpoint_mean,state_average,4,1,5,strong_fixed_support,randi_wild_type,flow,824,133,0.16140776699029127,0.6280426101433032,0.2858672062822418,0.6097736566219929,24
clean54,endpoint_mean,state_average,4,1,5,strong_fixed_support,cook_struct,flow,1749,439,0.2510005717552887,0.6076683649515728,0.3674902748859642,0.5965297246837985,33
clean54,endpoint_mean,state_average,4,1,5,strong_fixed_support,cook_chem,flow,1749,405,0.23156089193825044,0.5999853027630806,0.34169585317153073,0.5898376834952342,33
clean54,endpoint_mean,state_average,4,1,5,strong_fixed_support,cook_gap,flow,1749,98,0.05603201829616924,0.6654841221770356,0.13491813865644953,0.6690397575129859,28
clean54,endpoint_mean,state_average,4,2,6,all_common,randi_wild_type,flow,1349,257,0.1905114899925871,0.6501225752198515,0.3217315965653055,0.6331633342293606,40
clean54,endpoint_mean,state_average,4,2,6,all_common,cook_struct,flow,2862,758,0.26484975541579314,0.6089851470248904,0.3759879659819409,0.5910055783590148,54
clean54,endpoint_mean,state_average,4,2,6,all_common,cook_chem,flow,2862,699,0.24423480083857443,0.5977047985465003,0.3419385090036608,0.5797831821337063,54
clean54,endpoint_mean,state_average,4,2,6,all_common,cook_gap,flow,2862,169,0.05904961565338924,0.6798142016228794,0.1324271526525679,0.6920932721787623,45
clean54,endpoint_mean,state_average,4,2,6,strong_fixed_support,randi_wild_type,flow,824,133,0.16140776699029127,0.631578947368421,0.28281119432878454,0.6168519723438441,24
clean54,endpoint_mean,state_average,4,2,6,strong_fixed_support,cook_struct,flow,1749,439,0.2510005717552887,0.604893147159575,0.3649035803748001,0.5944516943472374,33
clean54,endpoint_mean,state_average,4,2,6,strong_fixed_support,cook_chem,flow,1749,405,0.23156089193825044,0.5975767930629041,0.3395162952901289,0.5873365344222146,33
clean54,endpoint_mean,state_average,4,2,6,strong_fixed_support,cook_gap,flow,1749,98,0.05603201829616924,0.6655644692765053,0.13480808079950707,0.6711799318437255,28
clean54,endpoint_mean,state_average,4,4,8,all_common,randi_wild_type,flow,1349,257,0.1905114899925871,0.6470118726928066,0.30747125792770025,0.6303820511249121,40
clean54,endpoint_mean,state_average,4,4,8,all_common,cook_struct,flow,2862,758,0.26484975541579314,0.6099263119877203,0.37441258450398035,0.5903667259634935,54
clean54,endpoint_mean,state_average,4,4,8,all_common,cook_chem,flow,2862,699,0.24423480083857443,0.5993285434512152,0.34018941913039347,0.5800946820663965,54
clean54,endpoint_mean,state_average,4,4,8,all_common,cook_gap,flow,2862,169,0.05904961565338924,0.6777597848465341,0.1316405341360682,0.6839361042486813,45
clean54,endpoint_mean,state_average,4,4,8,strong_fixed_support,randi_wild_type,flow,824,133,0.16140776699029127,0.6377376146589339,0.27763950767425627,0.6227929309636477,24
clean54,endpoint_mean,state_average,4,4,8,strong_fixed_support,cook_struct,flow,1749,439,0.2510005717552887,0.6020344641708254,0.36103762122483807,0.5939440458757489,33
clean54,endpoint_mean,state_average,4,4,8,strong_fixed_support,cook_chem,flow,1749,405,0.23156089193825044,0.5959894914756027,0.3361971507302502,0.5888568888167052,33
clean54,endpoint_mean,state_average,4,4,8,strong_fixed_support,cook_gap,flow,1749,98,0.05603201829616924,0.6599463528597387,0.13377358296376662,0.6626072976749187,28
clean54,endpoint_mean,state_average,4,8,12,all_common,randi_wild_type,flow,1349,257,0.1905114899925871,0.6437016291101895,0.28984734111107296,0.6262116102657738,40
clean54,endpoint_mean,state_average,4,8,12,all_common,cook_struct,flow,2862,758,0.26484975541579314,0.6106781153124592,0.37161414819487454,0.5844385511997162,54
clean54,endpoint_mean,state_average,4,8,12,all_common,cook_chem,flow,2862,699,0.24423480083857443,0.600345781603334,0.3375556875579018,0.5762531810977101,54
clean54,endpoint_mean,state_average,4,8,12,all_common,cook_gap,flow,2862,169,0.05904961565338924,0.6724424708371692,0.1280939940949179,0.6572769306516459,45
clean54,endpoint_mean,state_average,4,8,12,strong_fixed_support,randi_wild_type,flow,824,133,0.16140776699029127,0.6462901102249111,0.2723529119749745,0.6267728880622773,24
clean54,endpoint_mean,state_average,4,8,12,strong_fixed_support,cook_struct,flow,1749,439,0.2510005717552887,0.5990071119303065,0.3507298857575094,0.5873287373993349,33
clean54,endpoint_mean,state_average,4,8,12,strong_fixed_support,cook_chem,flow,1749,405,0.23156089193825044,0.5931804820693709,0.3266111775564953,0.5854503726582418,33
clean54,endpoint_mean,state_average,4,8,12,strong_fixed_support,cook_gap,flow,1749,98,0.05603201829616924,0.6486174118345098,0.1306789485714179,0.6370818958071511,28
clean54,endpoint_mean,state_average,4,16,20,all_common,randi_wild_type,flow,1349,257,0.1905114899925871,0.6193540570972478,0.26691173806890656,0.5873145211431696,40
clean54,endpoint_mean,state_average,4,16,20,all_common,cook_struct,flow,2862,758,0.26484975541579314,0.5998130210580175,0.36663497194493044,0.5697972422521705,54
clean54,endpoint_mean,state_average,4,16,20,all_common,cook_chem,flow,2862,699,0.24423480083857443,0.5905563525464355,0.33337532976326933,0.5642463835478128,54
clean54,endpoint_mean,state_average,4,16,20,all_common,cook_gap,flow,2862,169,0.05904961565338924,0.6519378533432063,0.12123615469811475,0.6296210761931416,45
clean54,endpoint_mean,state_average,4,16,20,strong_fixed_support,randi_wild_type,flow,824,133,0.16140776699029127,0.6337225117787232,0.2636668262362787,0.5910338834596959,24
clean54,endpoint_mean,state_average,4,16,20,strong_fixed_support,cook_struct,flow,1749,439,0.2510005717552887,0.5903910692239476,0.33045269573092895,0.5753374554550592,33
clean54,endpoint_mean,state_average,4,16,20,strong_fixed_support,cook_chem,flow,1749,405,0.23156089193825044,0.5836456496178719,0.30331892978547925,0.5755423008962546,33
clean54,endpoint_mean,state_average,4,16,20,strong_fixed_support,cook_gap,flow,1749,98,0.05603201829616924,0.647863385208717,0.12392150602564152,0.6280122223065526,28
clean54,endpoint_mean,state_average,4,32,36,all_common,randi_wild_type,flow,1349,257,0.1905114899925871,0.6005294964438933,0.2538483107406833,0.5699209960589101,40
clean54,endpoint_mean,state_average,4,32,36,all_common,cook_struct,flow,2862,758,0.26484975541579314,0.5784668855402951,0.35285874158924735,0.544947095124452,54
clean54,endpoint_mean,state_average,4,32,36,all_common,cook_chem,flow,2862,699,0.24423480083857443,0.5706054551214765,0.32076727476042094,0.5415138006789946,54
clean54,endpoint_mean,state_average,4,32,36,all_common,cook_gap,flow,2862,169,0.05904961565338924,0.6440354897751568,0.11620008841695989,0.6014360283297419,45
clean54,endpoint_mean,state_average,4,32,36,strong_fixed_support,randi_wild_type,flow,824,133,0.16140776699029127,0.6118298640958402,0.24279106831729674,0.5881438270334608,24
clean54,endpoint_mean,state_average,4,32,36,strong_fixed_support,cook_struct,flow,1749,439,0.2510005717552887,0.5714088229668399,0.30382555849012705,0.5546506238534842,33
clean54,endpoint_mean,state_average,4,32,36,strong_fixed_support,cook_chem,flow,1749,405,0.23156089193825044,0.565747170781893,0.2741962659323207,0.5567776017665327,33
clean54,endpoint_mean,state_average,4,32,36,strong_fixed_support,cook_gap,flow,1749,98,0.05603201829616924,0.6387316283266791,0.10603088670851879,0.609103919154338,28
clean54,endpoint_mean,state_average,8,1,9,all_common,randi_wild_type,flow,1349,257,0.1905114899925871,0.647332563674976,0.2975264056756316,0.6278791483967127,40
clean54,endpoint_mean,state_average,8,1,9,all_common,cook_struct,flow,2862,758,0.26484975541579314,0.611059346689808,0.3759202934558006,0.591359396149005,54
clean54,endpoint_mean,state_average,8,1,9,all_common,cook_chem,flow,2862,699,0.24423480083857443,0.6001050308313112,0.34176450974325634,0.5823041029424203,54
clean54,endpoint_mean,state_average,8,1,9,all_common,cook_gap,flow,2862,169,0.05904961565338924,0.6816554863914114,0.13379469410123498,0.6853617569548704,45
clean54,endpoint_mean,state_average,8,1,9,strong_fixed_support,randi_wild_type,flow,824,133,0.16140776699029127,0.6418288848024547,0.2786877321218317,0.6202765112830716,24
clean54,endpoint_mean,state_average,8,1,9,strong_fixed_support,cook_struct,flow,1749,439,0.2510005717552887,0.602403102123146,0.35935947039242916,0.594192232194875,33
clean54,endpoint_mean,state_average,8,1,9,strong_fixed_support,cook_chem,flow,1749,405,0.23156089193825044,0.5980856848912405,0.3358048905434713,0.5936917403194709,33
clean54,endpoint_mean,state_average,8,1,9,strong_fixed_support,cook_gap,flow,1749,98,0.05603201829616924,0.6595507979085032,0.13823463515111561,0.6569560504056232,28
clean54,endpoint_mean,state_average,8,2,10,all_common,randi_wild_type,flow,1349,257,0.1905114899925871,0.6429818560168755,0.29134869008336617,0.6207767024531573,40
clean54,endpoint_mean,state_average,8,2,10,all_common,cook_struct,flow,2862,758,0.26484975541579314,0.6110060495400143,0.374685337381627,0.5903898287310992,54
clean54,endpoint_mean,state_average,8,2,10,all_common,cook_chem,flow,2862,699,0.24423480083857443,0.6003041132004838,0.3405218192234551,0.5819103086870713,54
clean54,endpoint_mean,state_average,8,2,10,all_common,cook_gap,flow,2862,169,0.05904961565338924,0.679278075747555,0.13179170626273048,0.6762385340467088,45
clean54,endpoint_mean,state_average,8,2,10,strong_fixed_support,randi_wild_type,flow,824,133,0.16140776699029127,0.6414698105611352,0.2782677193326122,0.617655567505128,24
clean54,endpoint_mean,state_average,8,2,10,strong_fixed_support,cook_struct,flow,1749,439,0.2510005717552887,0.6000782486219549,0.3560736291474948,0.592989466399366,33
clean54,endpoint_mean,state_average,8,2,10,strong_fixed_support,cook_chem,flow,1749,405,0.23156089193825044,0.5961236037624926,0.33262006767252533,0.5934083090054647,33
clean54,endpoint_mean,state_average,8,2,10,strong_fixed_support,cook_gap,flow,1749,98,0.05603201829616924,0.6546001804719466,0.13625052566395843,0.6468657325631179,28
clean54,endpoint_mean,state_average,8,4,12,all_common,randi_wild_type,flow,1349,257,0.1905114899925871,0.6364041276492638,0.28239010589144453,0.6120675091836152,40
clean54,endpoint_mean,state_average,8,4,12,all_common,cook_struct,flow,2862,758,0.26484975541579314,0.610535780571245,0.3726899395528753,0.5873278327840897,54
clean54,endpoint_mean,state_average,8,4,12,all_common,cook_chem,flow,2862,699,0.24423480083857443,0.6001050308313112,0.33882055069791867,0.5799448772775528,54
clean54,endpoint_mean,state_average,8,4,12,all_common,cook_gap,flow,2862,169,0.05904961565338924,0.6743804340422354,0.12873007101060752,0.6628426569919885,45
clean54,endpoint_mean,state_average,8,4,12,strong_fixed_support,randi_wild_type,flow,824,133,0.16140776699029127,0.6432869438429647,0.2740679137534686,0.6162986888165526,24
clean54,endpoint_mean,state_average,8,4,12,strong_fixed_support,cook_struct,flow,1749,439,0.2510005717552887,0.5968787494131353,0.34904548002747354,0.589641249704292,33
clean54,endpoint_mean,state_average,8,4,12,strong_fixed_support,cook_chem,flow,1749,405,0.23156089193825044,0.5930261610817167,0.325328648381937,0.5910102300708254,33
clean54,endpoint_mean,state_average,8,4,12,strong_fixed_support,cook_gap,flow,1749,98,0.05603201829616924,0.6479251906698476,0.13703842964832694,0.6366550935335418,28
clean54,endpoint_mean,state_average,8,8,16,all_common,randi_wild_type,flow,1349,257,0.1905114899925871,0.6202163595159704,0.2682148564344206,0.5910516034158222,40
clean54,endpoint_mean,state_average,8,8,16,all_common,cook_struct,flow,2862,758,0.26484975541579314,0.6060958144807729,0.36979512842178486,0.5797122140953844,54
clean54,endpoint_mean,state_average,8,8,16,all_common,cook_chem,flow,2862,699,0.24423480083857443,0.5957291871288288,0.33638380953168523,0.5740788559415102,54
clean54,endpoint_mean,state_average,8,8,16,all_common,cook_gap,flow,2862,169,0.05904961565338924,0.6654113118165219,0.12393030827771986,0.6422570246597857,45
clean54,endpoint_mean,state_average,8,8,16,strong_fixed_support,randi_wild_type,flow,824,133,0.16140776699029127,0.6394568186022219,0.26776896513955195,0.5962208911057679,24
clean54,endpoint_mean,state_average,8,8,16,strong_fixed_support,cook_struct,flow,1749,439,0.2510005717552887,0.5917821558364778,0.3367807758028776,0.5838305355252706,33
clean54,endpoint_mean,state_average,8,8,16,strong_fixed_support,cook_chem,flow,1749,405,0.23156089193825044,0.5863628012933568,0.311952912515494,0.586533031485597,33
clean54,endpoint_mean,state_average,8,8,16,strong_fixed_support,cook_gap,flow,1749,98,0.05603201829616924,0.6481106070532392,0.1262787214407745,0.6238575897911229,28
clean54,endpoint_mean,state_average,8,16,24,all_common,randi_wild_type,flow,1349,257,0.1905114899925871,0.6082118270834225,0.2568070819894017,0.5684168594222966,40
clean54,endpoint_mean,state_average,8,16,24,all_common,cook_struct,flow,2862,758,0.26484975541579314,0.5974955355799231,0.36534177357633935,0.567305352020735,54
clean54,endpoint_mean,state_average,8,16,24,all_common,cook_chem,flow,2862,699,0.24423480083857443,0.5884087762916048,0.332713885708277,0.5624771940290251,54
clean54,endpoint_mean,state_average,8,16,24,all_common,cook_gap,flow,2862,169,0.05904961565338924,0.6524893598788883,0.11923230199815742,0.6230926673255107,45
clean54,endpoint_mean,state_average,8,16,24,strong_fixed_support,randi_wild_type,flow,824,133,0.16140776699029127,0.6313722076537219,0.2617900174206031,0.5815987065126568,24
clean54,endpoint_mean,state_average,8,16,24,strong_fixed_support,cook_struct,flow,1749,439,0.2510005717552887,0.5847519518684031,0.31931946511959813,0.5739642741947569,33
clean54,endpoint_mean,state_average,8,16,24,strong_fixed_support,cook_chem,flow,1749,405,0.23156089193825044,0.577772266313933,0.29179107811919336,0.5753588316389436,33
clean54,endpoint_mean,state_average,8,16,24,strong_fixed_support,cook_gap,flow,1749,98,0.05603201829616924,0.650799144612418,0.11981370355654146,0.6221017842203407,28
clean54,endpoint_mean,state_average,8,32,40,all_common,randi_wild_type,flow,1349,257,0.1905114899925871,0.5961538461538461,0.25138758317095994,0.544503300919304,40
clean54,endpoint_mean,state_average,8,32,40,all_common,cook_struct,flow,2862,758,0.26484975541579314,0.5738366172737943,0.3506456686830407,0.5401678175816766,54
clean54,endpoint_mean,state_average,8,32,40,all_common,cook_chem,flow,2862,699,0.24423480083857443,0.5663013736683473,0.31895424307479714,0.5381822303815627,54
clean54,endpoint_mean,state_average,8,32,40,all_common,cook_gap,flow,2862,169,0.05904961565338924,0.6356980732427046,0.113518562063713,0.5825416851078523,45
clean54,endpoint_mean,state_average,8,32,40,strong_fixed_support,randi_wild_type,flow,824,133,0.16140776699029127,0.6121236521114654,0.24132447920699535,0.5702040680435633,24
clean54,endpoint_mean,state_average,8,32,40,strong_fixed_support,cook_struct,flow,1749,439,0.2510005717552887,0.5625449929576241,0.2997828307951661,0.5492608458102134,33
clean54,endpoint_mean,state_average,8,32,40,strong_fixed_support,cook_chem,flow,1749,405,0.23156089193825044,0.5568930041152264,0.2702251089166952,0.5530322618258813,33
clean54,endpoint_mean,state_average,8,32,40,strong_fixed_support,cook_gap,flow,1749,98,0.05603201829616924,0.6353477793297816,0.10521628931744807,0.5925184095197114,28
clean54,endpoint_mean,state_average,16,1,17,all_common,randi_wild_type,flow,1349,257,0.1905114899925871,0.6186556634027451,0.2676552387148274,0.5903110324956939,40
clean54,endpoint_mean,state_average,16,1,17,all_common,cook_struct,flow,2862,758,0.26484975541579314,0.6089331039256798,0.3692632932031542,0.5813656487003013,54
clean54,endpoint_mean,state_average,16,1,17,all_common,cook_chem,flow,2862,699,0.24423480083857443,0.5975407705479793,0.3361751920745856,0.5733267928307734,54
clean54,endpoint_mean,state_average,16,1,17,all_common,cook_gap,flow,2862,169,0.05904961565338924,0.6652509135013633,0.12288150529792907,0.6489842706658879,45
clean54,endpoint_mean,state_average,16,1,17,strong_fixed_support,randi_wild_type,flow,824,133,0.16140776699029127,0.6385319304048834,0.2654618365706022,0.6083143273357562,24
clean54,endpoint_mean,state_average,16,1,17,strong_fixed_support,cook_struct,flow,1749,439,0.2510005717552887,0.597581248152463,0.3374402530849169,0.5881896036884857,33
clean54,endpoint_mean,state_average,16,1,17,strong_fixed_support,cook_chem,flow,1749,405,0.23156089193825044,0.5901124338624338,0.3110132591218855,0.5872366495243194,33
clean54,endpoint_mean,state_average,16,1,17,strong_fixed_support,cook_gap,flow,1749,98,0.05603201829616924,0.657381426222821,0.1287340742621055,0.6407395273548486,28
clean54,endpoint_mean,state_average,16,2,18,all_common,randi_wild_type,flow,1349,257,0.1905114899925871,0.6160010547170081,0.26533862416306886,0.5857248660769072,40
clean54,endpoint_mean,state_average,16,2,18,all_common,cook_struct,flow,2862,758,0.26484975541579314,0.608197603258525,0.36920925534082916,0.5808546818984627,54
clean54,endpoint_mean,state_average,16,2,18,all_common,cook_chem,flow,2862,699,0.24423480083857443,0.5969355866018227,0.3360998436495653,0.5730089087990047,54
clean54,endpoint_mean,state_average,16,2,18,all_common,cook_gap,flow,2862,169,0.05904961565338924,0.6625439172784141,0.1221579788566304,0.645485731486741,45
clean54,endpoint_mean,state_average,16,2,18,strong_fixed_support,randi_wild_type,flow,824,133,0.16140776699029127,0.6374764697561559,0.2629110002175846,0.6035726752365673,24
clean54,endpoint_mean,state_average,16,2,18,strong_fixed_support,cook_struct,flow,1749,439,0.2510005717552887,0.597226521066268,0.33590693241771274,0.5867835527863996,33
clean54,endpoint_mean,state_average,16,2,18,strong_fixed_support,cook_chem,flow,1749,405,0.23156089193825044,0.5895282186948854,0.3090519143510244,0.5856341079392181,33
clean54,endpoint_mean,state_average,16,2,18,strong_fixed_support,cook_gap,flow,1749,98,0.05603201829616924,0.6582157999480833,0.12848087443436007,0.6378084645663851,28
clean54,endpoint_mean,state_average,16,4,20,all_common,randi_wild_type,flow,1349,257,0.1905114899925871,0.6123701201522213,0.26197961866729313,0.5827723284422791,40
clean54,endpoint_mean,state_average,16,4,20,all_common,cook_struct,flow,2862,758,0.26484975541579314,0.6068281800214693,0.36883208979689674,0.5775253051387634,54
clean54,endpoint_mean,state_average,16,4,20,all_common,cook_chem,flow,2862,699,0.24423480083857443,0.5958925537241301,0.3357150735681467,0.5701660557474846,54
clean54,endpoint_mean,state_average,16,4,20,all_common,cook_gap,flow,2862,169,0.05904961565338924,0.6604411612838018,0.12191690436345656,0.6388492235502901,45
clean54,endpoint_mean,state_average,16,4,20,strong_fixed_support,randi_wild_type,flow,824,133,0.16140776699029127,0.6352240949696963,0.26164007248036564,0.6008770005260496,24
clean54,endpoint_mean,state_average,16,4,20,strong_fixed_support,cook_struct,flow,1749,439,0.2510005717552887,0.5956285103201238,0.3324210965086562,0.582619422648556,33
clean54,endpoint_mean,state_average,16,4,20,strong_fixed_support,cook_chem,flow,1749,405,0.23156089193825044,0.5877167842445621,0.304885875978697,0.5817803881733098,33
clean54,endpoint_mean,state_average,16,4,20,strong_fixed_support,cook_gap,flow,1749,98,0.05603201829616924,0.6588153129210499,0.12661126552174157,0.6340943068600754,28
clean54,endpoint_mean,state_average,16,8,24,all_common,randi_wild_type,flow,1349,257,0.1905114899925871,0.6082438961816393,0.25790737779049944,0.5787331662777819,40
clean54,endpoint_mean,state_average,16,8,24,all_common,cook_struct,flow,2862,758,0.26484975541579314,0.6026819752801549,0.36659987708927605,0.5728121264448325,54
clean54,endpoint_mean,state_average,16,8,24,all_common,cook_chem,flow,2862,699,0.24423480083857443,0.592421840328003,0.33372280389943376,0.5668340539341943,54
clean54,endpoint_mean,state_average,16,8,24,all_common,cook_gap,flow,2862,169,0.05904961565338924,0.6594458128349413,0.12109084049186512,0.6289045141577079,45
clean54,endpoint_mean,state_average,16,8,24,strong_fixed_support,randi_wild_type,flow,824,133,0.16140776699029127,0.6297182899361282,0.25643022901731993,0.6015037137553789,24
clean54,endpoint_mean,state_average,16,8,24,strong_fixed_support,cook_struct,flow,1749,439,0.2510005717552887,0.5916247891634353,0.32427818886744975,0.5767689593273964,33
clean54,endpoint_mean,state_average,16,8,24,strong_fixed_support,cook_chem,flow,1749,405,0.23156089193825044,0.5838027263374486,0.2953476990110786,0.5762259602920565,33
clean54,endpoint_mean,state_average,16,8,24,strong_fixed_support,cook_gap,flow,1749,98,0.05603201829616924,0.659643506100199,0.12353425265309992,0.6301778303191231,28
clean54,endpoint_mean,state_average,16,16,32,all_common,randi_wild_type,flow,1349,257,0.1905114899925871,0.5960148800615727,0.2527400175559735,0.5589475699277976,40
clean54,endpoint_mean,state_average,16,16,32,all_common,cook_struct,flow,2862,758,0.26484975541579314,0.5888626513639055,0.36014237028884644,0.5591014331901178,54
clean54,endpoint_mean,state_average,16,16,32,all_common,cook_chem,flow,2862,699,0.24423480083857443,0.5806710200226597,0.3275031234794188,0.5550069057740664,54
clean54,endpoint_mean,state_average,16,16,32,all_common,cook_gap,flow,2862,169,0.05904961565338924,0.6517027489634534,0.12008838767477131,0.6117254086529808,45
clean54,endpoint_mean,state_average,16,16,32,strong_fixed_support,randi_wild_type,flow,824,133,0.16140776699029127,0.6139516664309108,0.24690652689033316,0.5803242508405212,24
clean54,endpoint_mean,state_average,16,16,32,strong_fixed_support,cook_struct,flow,1749,439,0.2510005717552887,0.5805073988419204,0.31342783044581984,0.566186962914634,33
clean54,endpoint_mean,state_average,16,16,32,strong_fixed_support,cook_chem,flow,1749,405,0.23156089193825044,0.5732271457965902,0.28250119124955825,0.565854794535556,33
clean54,endpoint_mean,state_average,16,16,32,strong_fixed_support,cook_gap,flow,1749,98,0.05603201829616924,0.6558980951556879,0.11650277180126073,0.6202158011212892,28
clean54,endpoint_mean,state_average,16,32,48,all_common,randi_wild_type,flow,1349,257,0.1905114899925871,0.5802974587021279,0.24561415484906562,0.5429655620733408,40
clean54,endpoint_mean,state_average,16,32,48,all_common,cook_struct,flow,2862,758,0.26484975541579314,0.5692819055549425,0.3474198422461413,0.5324258600468591,54
clean54,endpoint_mean,state_average,16,32,48,all_common,cook_chem,flow,2862,699,0.24423480083857443,0.5600405307893119,0.3146783074214376,0.5287305735145827,54
clean54,endpoint_mean,state_average,16,32,48,all_common,cook_gap,flow,2862,169,0.05904961565338924,0.6413120142732529,0.11423315605501536,0.5843851123032506,45
clean54,endpoint_mean,state_average,16,32,48,strong_fixed_support,randi_wild_type,flow,824,133,0.16140776699029127,0.5945834194748811,0.22883658196545661,0.5732175821346538,24
clean54,endpoint_mean,state_average,16,32,48,strong_fixed_support,cook_struct,flow,1749,439,0.2510005717552887,0.5603592481176859,0.30259715302721457,0.5452125595484523,33
clean54,endpoint_mean,state_average,16,32,48,strong_fixed_support,cook_chem,flow,1749,405,0.23156089193825044,0.5536522633744857,0.2703813448826228,0.547490761289735,33
clean54,endpoint_mean,state_average,16,32,48,strong_fixed_support,cook_gap,flow,1749,98,0.05603201829616924,0.6427088097504295,0.10981725921819896,0.5946069953857575,28
clean54,endpoint_mean,baseline,1,1,2,all_common,randi_wild_type,flow,1349,257,0.1905114899925871,0.67130599620872,0.3452835785404831,0.6560195809915204,40
clean54,endpoint_mean,baseline,1,1,2,all_common,cook_struct,flow,2862,758,0.26484975541579314,0.6161006300350131,0.3823135923740721,0.6042115608379593,54
clean54,endpoint_mean,baseline,1,1,2,all_common,cook_chem,flow,2862,699,0.24423480083857443,0.6059657247623413,0.3494519802291608,0.5945281259123272,54
clean54,endpoint_mean,baseline,1,1,2,all_common,cook_gap,flow,2862,169,0.05904961565338924,0.6676107462476681,0.13009724381157906,0.6890012716451511,45
clean54,endpoint_mean,baseline,1,1,2,strong_fixed_support,randi_wild_type,flow,824,133,0.16140776699029127,0.6527969707191278,0.2979810351447687,0.6215760088303491,24
clean54,endpoint_mean,baseline,1,1,2,strong_fixed_support,cook_struct,flow,1749,439,0.2510005717552887,0.6191343963553531,0.38009342328096507,0.6055631982747187,33
clean54,endpoint_mean,baseline,1,1,2,strong_fixed_support,cook_chem,flow,1749,405,0.23156089193825044,0.6140248383303939,0.3544811664165713,0.6007763283880454,33
clean54,endpoint_mean,baseline,1,1,2,strong_fixed_support,cook_gap,flow,1749,98,0.05603201829616924,0.6520043511044635,0.13763028217810772,0.6623819482106822,28
clean54,endpoint_mean,baseline,1,2,3,all_common,randi_wild_type,flow,1349,257,0.1905114899925871,0.6698058750587934,0.3399613126085813,0.6581156400500039,40
clean54,endpoint_mean,baseline,1,2,3,all_common,cook_struct,flow,2862,758,0.26484975541579314,0.6181340730559708,0.38079506765448967,0.6013846654057023,54
clean54,endpoint_mean,baseline,1,2,3,all_common,cook_chem,flow,2862,699,0.24423480083857443,0.6084387114013349,0.34813708533800025,0.592837112086637,54
clean54,endpoint_mean,baseline,1,2,3,all_common,cook_gap,flow,2862,169,0.05904961565338924,0.6704078291955695,0.13087682570964812,0.6879051378729283,45
clean54,endpoint_mean,baseline,1,2,3,strong_fixed_support,randi_wild_type,flow,824,133,0.16140776699029127,0.6530581156219057,0.29664234370754156,0.6254918562392267,24
clean54,endpoint_mean,baseline,1,2,3,strong_fixed_support,cook_struct,flow,1749,439,0.2510005717552887,0.6190787528908519,0.37434180452438776,0.600606966421801,33
clean54,endpoint_mean,baseline,1,2,3,strong_fixed_support,cook_chem,flow,1749,405,0.23156089193825044,0.6147743974132862,0.3495791803842019,0.5979068485018967,33
clean54,endpoint_mean,baseline,1,2,3,strong_fixed_support,cook_gap,flow,1749,98,0.05603201829616924,0.650347964746165,0.13789848969384538,0.6604988819787961,28
clean54,endpoint_mean,baseline,1,4,5,all_common,randi_wild_type,flow,1349,257,0.1905114899925871,0.666655976967261,0.3292481412285885,0.6509516436297051,40
clean54,endpoint_mean,baseline,1,4,5,all_common,cook_struct,flow,2862,758,0.26484975541579314,0.618009295022924,0.3776672244909799,0.597493191085516,54
clean54,endpoint_mean,baseline,1,4,5,all_common,cook_chem,flow,2862,699,0.24423480083857443,0.6088673006877933,0.34461323119997017,0.5899313587405965,54
clean54,endpoint_mean,baseline,1,4,5,all_common,cook_gap,flow,2862,169,0.05904961565338924,0.6694915812856914,0.1317385026793263,0.6843431744928707,45
clean54,endpoint_mean,baseline,1,4,5,strong_fixed_support,randi_wild_type,flow,824,133,0.16140776699029127,0.6563333079442455,0.2912561429961129,0.6336459282098742,24
clean54,endpoint_mean,baseline,1,4,5,strong_fixed_support,cook_struct,flow,1749,439,0.2510005717552887,0.6155471317532908,0.36877917964645923,0.5954829074289664,33
clean54,endpoint_mean,baseline,1,4,5,strong_fixed_support,cook_chem,flow,1749,405,0.23156089193825044,0.6133873456790123,0.3450645627681942,0.5959616737080283,33
clean54,endpoint_mean,baseline,1,4,5,strong_fixed_support,cook_gap,flow,1749,98,0.05603201829616924,0.641627214180645,0.13670934831770673,0.6516449974654582,28
clean54,endpoint_mean,baseline,1,8,9,all_common,randi_wild_type,flow,1349,257,0.1905114899925871,0.6462920995994926,0.3041929492699353,0.6411461222987633,40
clean54,endpoint_mean,baseline,1,8,9,all_common,cook_struct,flow,2862,758,0.26484975541579314,0.6149199414107567,0.3728463391760345,0.5902447660291757,54
clean54,endpoint_mean,baseline,1,8,9,all_common,cook_chem,flow,2862,699,0.24423480083857443,0.6046316744679177,0.33893237223293216,0.5810391749669238,54
clean54,endpoint_mean,baseline,1,8,9,all_common,cook_gap,flow,2862,169,0.05904961565338924,0.6754307134209445,0.130435201752639,0.6811121494122165,45
clean54,endpoint_mean,baseline,1,8,9,strong_fixed_support,randi_wild_type,flow,824,133,0.16140776699029127,0.6417527175391444,0.27666793148345364,0.6357376471901985,24
clean54,endpoint_mean,baseline,1,8,9,strong_fixed_support,cook_struct,flow,1749,439,0.2510005717552887,0.6008363908257839,0.35670953836947417,0.58488991804975,33
clean54,endpoint_mean,baseline,1,8,9,strong_fixed_support,cook_chem,flow,1749,405,0.23156089193825044,0.5967500734861846,0.3326053545200618,0.583154632666076,33
clean54,endpoint_mean,baseline,1,8,9,strong_fixed_support,cook_gap,flow,1749,98,0.05603201829616924,0.6436915165824052,0.1394543637360604,0.6494547550113449,28
clean54,endpoint_mean,baseline,1,16,17,all_common,randi_wild_type,flow,1349,257,0.1905114899925871,0.6240397086700589,0.2748699231527832,0.6014290799471491,40
clean54,endpoint_mean,baseline,1,16,17,all_common,cook_struct,flow,2862,758,0.26484975541579314,0.604254241199073,0.3644510360369095,0.5740935464437703,54
clean54,endpoint_mean,baseline,1,16,17,all_common,cook_chem,flow,2862,699,0.24423480083857443,0.5932297443610415,0.3310564886866571,0.565683671327428,54
clean54,endpoint_mean,baseline,1,16,17,all_common,cook_gap,flow,2862,169,0.05904961565338924,0.6555764781363913,0.12275933040268214,0.6443698447541713,45
clean54,endpoint_mean,baseline,1,16,17,strong_fixed_support,randi_wild_type,flow,824,133,0.16140776699029127,0.6337660359291862,0.2636169521695369,0.6094958064487354,24
clean54,endpoint_mean,baseline,1,16,17,strong_fixed_support,cook_struct,flow,1749,439,0.2510005717552887,0.5840407588377471,0.32999745032007677,0.5702785449469641,33
clean54,endpoint_mean,baseline,1,16,17,strong_fixed_support,cook_chem,flow,1749,405,0.23156089193825044,0.5753049676660789,0.3028470075374684,0.5675666696771894,33
clean54,endpoint_mean,baseline,1,16,17,strong_fixed_support,cook_gap,flow,1749,98,0.05603201829616924,0.6400388138295899,0.12894225083398692,0.6240569764329541,28
clean54,endpoint_mean,baseline,1,32,33,all_common,randi_wild_type,flow,1349,257,0.1905114899925871,0.5964032724733114,0.25445165309283524,0.5650411991319493,40
clean54,endpoint_mean,baseline,1,32,33,all_common,cook_struct,flow,2862,758,0.26484975541579314,0.5815295905775655,0.3518412273487635,0.5512310747463395,54
clean54,endpoint_mean,baseline,1,32,33,all_common,cook_chem,flow,2862,699,0.24423480083857443,0.5730126321400957,0.3202845147462764,0.5442389612787677,54
clean54,endpoint_mean,baseline,1,32,33,all_common,cook_gap,flow,2862,169,0.05904961565338924,0.6452384771388456,0.11548188749946162,0.6156426658626988,45
clean54,endpoint_mean,baseline,1,32,33,strong_fixed_support,randi_wild_type,flow,824,133,0.16140776699029127,0.622982927651981,0.2547391542946646,0.5905641067097669,24
clean54,endpoint_mean,baseline,1,32,33,strong_fixed_support,cook_struct,flow,1749,439,0.2510005717552887,0.5729085882209741,0.3053400340821273,0.558985833804038,33
clean54,endpoint_mean,baseline,1,32,33,strong_fixed_support,cook_chem,flow,1749,405,0.23156089193825044,0.5641662992357437,0.2735677389661069,0.5562326092774377,33
clean54,endpoint_mean,baseline,1,32,33,strong_fixed_support,cook_gap,flow,1749,98,0.05603201829616924,0.6496495630353899,0.11144618867780866,0.6146490117550438,28
clean54,endpoint_mean,baseline,4,1,5,all_common,randi_wild_type,flow,1349,257,0.1905114899925871,0.6507888998161372,0.32199847084258043,0.6528898441051407,40
clean54,endpoint_mean,baseline,4,1,5,all_common,cook_struct,flow,2862,758,0.26484975541579314,0.6139298684751747,0.37364505451459484,0.5928581954087953,54
clean54,endpoint_mean,baseline,4,1,5,all_common,cook_chem,flow,2862,699,0.24423480083857443,0.60331482065721,0.3385675129059458,0.5836082152966038,54
clean54,endpoint_mean,baseline,4,1,5,all_common,cook_gap,flow,2862,169,0.05904961565338924,0.6822795017544938,0.12931362024659168,0.6758054051618753,45
clean54,endpoint_mean,baseline,4,1,5,strong_fixed_support,randi_wild_type,flow,824,133,0.16140776699029127,0.6204911700379748,0.2790608489132489,0.6203759041576326,24
clean54,endpoint_mean,baseline,4,1,5,strong_fixed_support,cook_struct,flow,1749,439,0.2510005717552887,0.6024344015719278,0.3671005609531959,0.5844187357359394,33
clean54,endpoint_mean,baseline,4,1,5,strong_fixed_support,cook_chem,flow,1749,405,0.23156089193825044,0.5962687389770722,0.34191055981673485,0.579350060466563,33
clean54,endpoint_mean,baseline,4,1,5,strong_fixed_support,cook_gap,flow,1749,98,0.05603201829616924,0.6709168222104106,0.1332975351159326,0.6591896733215054,28
clean54,endpoint_mean,baseline,4,2,6,all_common,randi_wild_type,flow,1349,257,0.1905114899925871,0.6528555750345633,0.3164100819674502,0.6448809464303896,40
clean54,endpoint_mean,baseline,4,2,6,all_common,cook_struct,flow,2862,758,0.26484975541579314,0.6145443532610331,0.3729769210983106,0.5918584653330486,54
clean54,endpoint_mean,baseline,4,2,6,all_common,cook_chem,flow,2862,699,0.24423480083857443,0.6038968554906718,0.3379156410584627,0.5832403245940875,54
clean54,endpoint_mean,baseline,4,2,6,all_common,cook_gap,flow,2862,169,0.05904961565338924,0.6817411786419755,0.12903939332622755,0.6711198510677835,45
clean54,endpoint_mean,baseline,4,2,6,strong_fixed_support,randi_wild_type,flow,824,133,0.16140776699029127,0.6261057854477003,0.2766403273404088,0.6204099697596362,24
clean54,endpoint_mean,baseline,4,2,6,strong_fixed_support,cook_struct,flow,1749,439,0.2510005717552887,0.6009546331878488,0.36497846445795523,0.582868840854309,33
clean54,endpoint_mean,baseline,4,2,6,strong_fixed_support,cook_chem,flow,1749,405,0.23156089193825044,0.5944352586713698,0.3395912535751964,0.578651159663073,33
clean54,endpoint_mean,baseline,4,2,6,strong_fixed_support,cook_gap,flow,1749,98,0.05603201829616924,0.6692171720293204,0.1334535981056083,0.6555646541714287,28
clean54,endpoint_mean,baseline,4,4,8,all_common,randi_wild_type,flow,1349,257,0.1905114899925871,0.6537535097846383,0.3071511613173476,0.6390552845399247,40
clean54,endpoint_mean,baseline,4,4,8,all_common,cook_struct,flow,2862,758,0.26484975541579314,0.6141016734050985,0.37179672244997375,0.5892855400723822,54
clean54,endpoint_mean,baseline,4,4,8,all_common,cook_chem,flow,2862,699,0.24423480083857443,0.6035033205748652,0.3367278810979998,0.5798182205477524,54
clean54,endpoint_mean,baseline,4,4,8,all_common,cook_gap,flow,2862,169,0.05904961565338924,0.676470006613684,0.12847235567075382,0.6626335843241121,45
clean54,endpoint_mean,baseline,4,4,8,strong_fixed_support,randi_wild_type,flow,824,133,0.16140776699029127,0.6348650207283767,0.27482554509849577,0.6185380264702162,24
clean54,endpoint_mean,baseline,4,4,8,strong_fixed_support,cook_struct,flow,1749,439,0.2510005717552887,0.6001321532281904,0.3605187177886958,0.5817672536964259,33
clean54,endpoint_mean,baseline,4,4,8,strong_fixed_support,cook_chem,flow,1749,405,0.23156089193825044,0.5928057025279247,0.3345398236390704,0.5774600567954081,33
clean54,endpoint_mean,baseline,4,4,8,strong_fixed_support,cook_gap,flow,1749,98,0.05603201829616924,0.663055167554605,0.13570511840586238,0.6423846652920185,28
clean54,endpoint_mean,baseline,4,8,12,all_common,randi_wild_type,flow,1349,257,0.1905114899925871,0.6506321175581876,0.29159285345039426,0.6312061453709188,40
clean54,endpoint_mean,baseline,4,8,12,all_common,cook_struct,flow,2862,758,0.26484975541579314,0.6118751065942996,0.36832944465566303,0.5858340367715522,54
clean54,endpoint_mean,baseline,4,8,12,all_common,cook_chem,flow,2862,699,0.24423480083857443,0.6007995042121463,0.33361191071849383,0.5779932899017397,54
clean54,endpoint_mean,baseline,4,8,12,all_common,cook_gap,flow,2862,169,0.05904961565338924,0.6726116581011037,0.12506652457606157,0.6475003996125511,45
clean54,endpoint_mean,baseline,4,8,12,strong_fixed_support,randi_wild_type,flow,824,133,0.16140776699029127,0.6464968499396102,0.26809726624369745,0.6284897779261963,24
clean54,endpoint_mean,baseline,4,8,12,strong_fixed_support,cook_struct,flow,1749,439,0.2510005717552887,0.5997895981498549,0.35126744594511666,0.5860220117592432,33
clean54,endpoint_mean,baseline,4,8,12,strong_fixed_support,cook_chem,flow,1749,405,0.23156089193825044,0.5909115961199294,0.3242252670062451,0.5833721508558884,33
clean54,endpoint_mean,baseline,4,8,12,strong_fixed_support,cook_gap,flow,1749,98,0.05603201829616924,0.6612566286357064,0.1342197411458128,0.6331147858365016,28
clean54,endpoint_mean,baseline,4,16,20,all_common,randi_wild_type,flow,1349,257,0.1905114899925871,0.62929904077764,0.2713799271101862,0.6055846886674205,40
clean54,endpoint_mean,baseline,4,16,20,all_common,cook_struct,flow,2862,758,0.26484975541579314,0.6034366002187065,0.3643954017248086,0.5759873148458802,54
clean54,endpoint_mean,baseline,4,16,20,all_common,cook_chem,flow,2862,699,0.24423480083857443,0.5931159830072285,0.33101634708267613,0.5686652473606993,54
clean54,endpoint_mean,baseline,4,16,20,all_common,cook_gap,flow,2862,169,0.05904961565338924,0.6621088643140116,0.12338216310888774,0.6266307381170597,45
clean54,endpoint_mean,baseline,4,16,20,strong_fixed_support,randi_wild_type,flow,824,133,0.16140776699029127,0.6391303874737495,0.2550161336407021,0.6076362269387902,24
clean54,endpoint_mean,baseline,4,16,20,strong_fixed_support,cook_struct,flow,1749,439,0.2510005717552887,0.591043141073571,0.3295540550166381,0.5814099523490942,33
clean54,endpoint_mean,baseline,4,16,20,strong_fixed_support,cook_chem,flow,1749,405,0.23156089193825044,0.5811618165784833,0.29966671583761717,0.5769920390333143,33
clean54,endpoint_mean,baseline,4,16,20,strong_fixed_support,cook_gap,flow,1749,98,0.05603201829616924,0.6634198197752752,0.1286645302659886,0.6312175923865363,28
clean54,endpoint_mean,baseline,4,32,36,all_common,randi_wild_type,flow,1349,257,0.1905114899925871,0.6033872094183378,0.25793499290655114,0.5772072119241904,40
clean54,endpoint_mean,baseline,4,32,36,all_common,cook_struct,flow,2862,758,0.26484975541579314,0.5822726155482207,0.3542743913266827,0.5517297934644982,54
clean54,endpoint_mean,baseline,4,32,36,all_common,cook_chem,flow,2862,699,0.24423480083857443,0.5726561358046004,0.32231575754603936,0.5472812806000352,54
clean54,endpoint_mean,baseline,4,32,36,all_common,cook_gap,flow,2862,169,0.05904961565338924,0.6535747950527007,0.1172053241741655,0.6033159584494598,45
clean54,endpoint_mean,baseline,4,32,36,strong_fixed_support,randi_wild_type,flow,824,133,0.16140776699029127,0.6235813847208469,0.2524977735533196,0.5944947318345597,24
clean54,endpoint_mean,baseline,4,32,36,strong_fixed_support,cook_struct,flow,1749,439,0.2510005717552887,0.5724547462136361,0.3080564815596665,0.5627701282320665,33
clean54,endpoint_mean,baseline,4,32,36,strong_fixed_support,cook_chem,flow,1749,405,0.23156089193825044,0.563828262786596,0.2745322395181024,0.5623099509762534,33
clean54,endpoint_mean,baseline,4,32,36,strong_fixed_support,cook_gap,flow,1749,98,0.05603201829616924,0.6492725497224935,0.11762032994803183,0.6156745496484614,28
clean54,endpoint_mean,baseline,8,1,9,all_common,randi_wild_type,flow,1349,257,0.1905114899925871,0.6338671056569889,0.2896591076137991,0.6064062734771372,40
clean54,endpoint_mean,baseline,8,1,9,all_common,cook_struct,flow,2862,758,0.26484975541579314,0.6124883373295745,0.3733734744192454,0.5881209886685718,54
clean54,endpoint_mean,baseline,8,1,9,all_common,cook_chem,flow,2862,699,0.24423480083857443,0.6035165486392622,0.34125600686216,0.5807121239961619,54
clean54,endpoint_mean,baseline,8,1,9,all_common,cook_gap,flow,2862,169,0.05904961565338924,0.6697640386977415,0.12353491284818119,0.6660940947372763,45
clean54,endpoint_mean,baseline,8,1,9,strong_fixed_support,randi_wild_type,flow,824,133,0.16140776699029127,0.626638956290872,0.26908786268799073,0.5950906749876613,24
clean54,endpoint_mean,baseline,8,1,9,strong_fixed_support,cook_struct,flow,1749,439,0.2510005717552887,0.6012206785024953,0.3542573508328508,0.5905744609002689,33
clean54,endpoint_mean,baseline,8,1,9,strong_fixed_support,cook_chem,flow,1749,405,0.23156089193825044,0.5970329952968841,0.3309921113141534,0.5886916333537169,33
clean54,endpoint_mean,baseline,8,1,9,strong_fixed_support,cook_gap,flow,1749,98,0.05603201829616924,0.6546434442947379,0.12712005590860853,0.6415685470432014,28
clean54,endpoint_mean,baseline,8,2,10,all_common,randi_wild_type,flow,1349,257,0.1905114899925871,0.6308846795228118,0.2859692613199403,0.6031374761850072,40
clean54,endpoint_mean,baseline,8,2,10,all_common,cook_struct,flow,2862,758,0.26484975541579314,0.6122820460086078,0.3726324888690067,0.5866042048302971,54
clean54,endpoint_mean,baseline,8,2,10,all_common,cook_chem,flow,2862,699,0.24423480083857443,0.6034041100918888,0.3408255788935682,0.5799142860050497,54
clean54,endpoint_mean,baseline,8,2,10,all_common,cook_gap,flow,2862,169,0.05904961565338924,0.6691180509627194,0.12190360083270714,0.6597574490719514,45
clean54,endpoint_mean,baseline,8,2,10,strong_fixed_support,randi_wild_type,flow,824,133,0.16140776699029127,0.6255290904540658,0.268094092237095,0.5949907262881577,24
clean54,endpoint_mean,baseline,8,2,10,strong_fixed_support,cook_struct,flow,1749,439,0.2510005717552887,0.5996122346067572,0.35096201668420857,0.5873365221706504,33
clean54,endpoint_mean,baseline,8,2,10,strong_fixed_support,cook_chem,flow,1749,405,0.23156089193825044,0.5948835243974133,0.3276024312726281,0.5859136739987476,33
clean54,endpoint_mean,baseline,8,2,10,strong_fixed_support,cook_gap,flow,1749,98,0.05603201829616924,0.6547052497558684,0.12488449224129454,0.6349260672399452,28
clean54,endpoint_mean,baseline,8,4,12,all_common,randi_wild_type,flow,1349,257,0.1905114899925871,0.6269651230740725,0.2777361539937496,0.59819680501581,40
clean54,endpoint_mean,baseline,8,4,12,all_common,cook_struct,flow,2862,758,0.26484975541579314,0.6124394293568225,0.3708889777777618,0.5868131641829878,54
clean54,endpoint_mean,baseline,8,4,12,all_common,cook_chem,flow,2862,699,0.24423480083857443,0.6034570223494762,0.3394158084596399,0.5802812534591577,54
clean54,endpoint_mean,baseline,8,4,12,all_common,cook_gap,flow,2862,169,0.05904961565338924,0.6677469749536933,0.11970958719745758,0.6558167814242972,45
clean54,endpoint_mean,baseline,8,4,12,strong_fixed_support,randi_wild_type,flow,824,133,0.16140776699029127,0.6283363981589284,0.2601210805286358,0.5928148538199427,24
clean54,endpoint_mean,baseline,8,4,12,strong_fixed_support,cook_struct,flow,1749,439,0.2510005717552887,0.5981846319706481,0.344061071824392,0.5892833449915085,33
clean54,endpoint_mean,baseline,8,4,12,strong_fixed_support,cook_chem,flow,1749,405,0.23156089193825044,0.59225639329806,0.32030791642310796,0.5875393508660591,33
clean54,endpoint_mean,baseline,8,4,12,strong_fixed_support,cook_gap,flow,1749,98,0.05603201829616924,0.6555210818427917,0.12424738074009169,0.6341177956243035,28
clean54,endpoint_mean,baseline,8,8,16,all_common,randi_wild_type,flow,1349,257,0.1905114899925871,0.614935648009578,0.26590869647603654,0.5911754542748417,40
clean54,endpoint_mean,baseline,8,8,16,all_common,cook_struct,flow,2862,758,0.26484975541579314,0.6084540566028271,0.36862298417847306,0.5805301832846018,54
clean54,endpoint_mean,baseline,8,8,16,all_common,cook_chem,flow,2862,699,0.24423480083857443,0.5992088294684236,0.33761082557991995,0.572766558729533,54
clean54,endpoint_mean,baseline,8,8,16,all_common,cook_gap,flow,2862,169,0.05904961565338924,0.6630932265769022,0.11578995766737138,0.6478732560672552,45
clean54,endpoint_mean,baseline,8,8,16,strong_fixed_support,randi_wild_type,flow,824,133,0.16140776699029127,0.6301970555912213,0.2569521531463221,0.5995764856429094,24
clean54,endpoint_mean,baseline,8,8,16,strong_fixed_support,cook_struct,flow,1749,439,0.2510005717552887,0.595138152289207,0.33327251786892154,0.5858802241222337,33
clean54,endpoint_mean,baseline,8,8,16,strong_fixed_support,cook_chem,flow,1749,405,0.23156089193825044,0.5875018371546149,0.30864298411248514,0.5820252726675827,33
clean54,endpoint_mean,baseline,8,8,16,strong_fixed_support,cook_gap,flow,1749,98,0.05603201829616924,0.6600081583208693,0.11790194548270208,0.6332238375304948,28
clean54,endpoint_mean,baseline,8,16,24,all_common,randi_wild_type,flow,1349,257,0.1905114899925871,0.5976967261013955,0.2526025221905634,0.5719228460482502,40
clean54,endpoint_mean,baseline,8,16,24,all_common,cook_struct,flow,2862,758,0.26484975541579314,0.5995352488537978,0.3640759842349088,0.5684185579029482,54
clean54,endpoint_mean,baseline,8,16,24,all_common,cook_chem,flow,2862,699,0.24423480083857443,0.5910636488160551,0.33399442456696793,0.5604501584507937,54
clean54,endpoint_mean,baseline,8,16,24,all_common,cook_gap,flow,2862,169,0.05904961565338924,0.6489671886569828,0.11090202663401065,0.624759621777102,45
clean54,endpoint_mean,baseline,8,16,24,strong_fixed_support,randi_wild_type,flow,824,133,0.16140776699029127,0.6287172344754796,0.25889726189163964,0.5978000222657157,24
clean54,endpoint_mean,baseline,8,16,24,strong_fixed_support,cook_struct,flow,1749,439,0.2510005717552887,0.5856787633240015,0.3191569758313192,0.5767227311294744,33
clean54,endpoint_mean,baseline,8,16,24,strong_fixed_support,cook_chem,flow,1749,405,0.23156089193825044,0.5751653439153439,0.2915186381973876,0.5698741274149415,33
clean54,endpoint_mean,baseline,8,16,24,strong_fixed_support,cook_gap,flow,1749,98,0.05603201829616924,0.6643036378694421,0.11958498348687516,0.6296206699746502,28
clean54,endpoint_mean,baseline,8,32,40,all_common,randi_wild_type,flow,1349,257,0.1905114899925871,0.589369450264392,0.24669340181024735,0.5476333532117006,40
clean54,endpoint_mean,baseline,8,32,40,all_common,cook_struct,flow,2862,758,0.26484975541579314,0.57692534386067,0.35057206762742643,0.5500457607781846,54
clean54,endpoint_mean,baseline,8,32,40,all_common,cook_chem,flow,2862,699,0.24423480083857443,0.5696573336058314,0.3205692599204568,0.5447682049473613,54
clean54,endpoint_mean,baseline,8,32,40,all_common,cook_gap,flow,2862,169,0.05904961565338924,0.635638747838468,0.10958509039438352,0.603604550914683,45
clean54,endpoint_mean,baseline,8,32,40,strong_fixed_support,randi_wild_type,flow,824,133,0.16140776699029127,0.6127982764436416,0.2426307700191193,0.5815766174972113,24
clean54,endpoint_mean,baseline,8,32,40,strong_fixed_support,cook_struct,flow,1749,439,0.2510005717552887,0.5668973551965779,0.302770972430893,0.563376476911247,33
clean54,endpoint_mean,baseline,8,32,40,strong_fixed_support,cook_chem,flow,1749,405,0.23156089193825044,0.5559376837154615,0.27136155893704145,0.5582879076739156,33
clean54,endpoint_mean,baseline,8,32,40,strong_fixed_support,cook_gap,flow,1749,98,0.05603201829616924,0.6477150521020039,0.1064519129537248,0.619013715729442,28
clean54,endpoint_mean,baseline,16,1,17,all_common,randi_wild_type,flow,1349,257,0.1905114899925871,0.6123523039865453,0.2648655050020196,0.5940259796610572,40
clean54,endpoint_mean,baseline,16,1,17,all_common,cook_struct,flow,2862,758,0.26484975541579314,0.6041043821543586,0.3631146370872537,0.5722755760284028,54
clean54,endpoint_mean,baseline,16,1,17,all_common,cook_chem,flow,2862,699,0.24423480083857443,0.5938699826778496,0.33206064612453556,0.5657009669946199,54
clean54,endpoint_mean,baseline,16,1,17,all_common,cook_gap,flow,2862,169,0.05904961565338924,0.6696805436843714,0.1214679074114137,0.6454939762689852,45
clean54,endpoint_mean,baseline,16,1,17,strong_fixed_support,randi_wild_type,flow,824,133,0.16140776699029127,0.6299359106884432,0.2531039450185522,0.6172934893853558,24
clean54,endpoint_mean,baseline,16,1,17,strong_fixed_support,cook_struct,flow,1749,439,0.2510005717552887,0.5928393816620008,0.3373312783483132,0.5735431357976182,33
clean54,endpoint_mean,baseline,16,1,17,strong_fixed_support,cook_chem,flow,1749,405,0.23156089193825044,0.5846707818930041,0.31075881736621175,0.5721765118284625,33
clean54,endpoint_mean,baseline,16,1,17,strong_fixed_support,cook_gap,flow,1749,98,0.05603201829616924,0.6659538436816278,0.1313473654307343,0.6439345098207216,28
clean54,endpoint_mean,baseline,16,2,18,all_common,randi_wild_type,flow,1349,257,0.1905114899925871,0.6100753980131413,0.26331834089097617,0.5913518506193659,40
clean54,endpoint_mean,baseline,16,2,18,all_common,cook_struct,flow,2862,758,0.26484975541579314,0.603516859456043,0.36291596936787135,0.5692512218457321,54
clean54,endpoint_mean,baseline,16,2,18,all_common,cook_chem,flow,2862,699,0.24423480083857443,0.593113998797569,0.33174570728790276,0.562812273128614,54
clean54,endpoint_mean,baseline,16,2,18,all_common,cook_gap,flow,2862,169,0.05904961565338924,0.6694718061509458,0.12157051361634891,0.6426909399495366,45
clean54,endpoint_mean,baseline,16,2,18,strong_fixed_support,randi_wild_type,flow,824,133,0.16140776699029127,0.6275203203377474,0.251083370031977,0.6143502534614979,24
clean54,endpoint_mean,baseline,16,2,18,strong_fixed_support,cook_struct,flow,1749,439,0.2510005717552887,0.5917595506790242,0.33532678255773096,0.570708463551751,33
clean54,endpoint_mean,baseline,16,2,18,strong_fixed_support,cook_chem,flow,1749,405,0.23156089193825044,0.5831992210464433,0.30842305003832615,0.5693045684397439,33
clean54,endpoint_mean,baseline,16,2,18,strong_fixed_support,cook_gap,flow,1749,98,0.05603201829616924,0.6685558535952237,0.13124114548370455,0.6431214889811347,28
clean54,endpoint_mean,baseline,16,4,20,all_common,randi_wild_type,flow,1349,257,0.1905114899925871,0.6056284830603897,0.259395504818105,0.5839796694109365,40
clean54,endpoint_mean,baseline,16,4,20,all_common,cook_struct,flow,2862,758,0.26484975541579314,0.6009817962017315,0.3615328529801103,0.5651879991540265,54
clean54,endpoint_mean,baseline,16,4,20,all_common,cook_chem,flow,2862,699,0.24423480083857443,0.5904763227568345,0.33024486838157796,0.5582506454445794,54
clean54,endpoint_mean,baseline,16,4,20,all_common,cook_gap,flow,2862,169,0.05904961565338924,0.6663517293355337,0.11952183231406643,0.6369704412828997,45
clean54,endpoint_mean,baseline,16,4,20,strong_fixed_support,randi_wild_type,flow,824,133,0.16140776699029127,0.6248762281971207,0.24784924738412045,0.6080111410963411,24
clean54,endpoint_mean,baseline,16,4,20,strong_fixed_support,cook_struct,flow,1749,439,0.2510005717552887,0.5891721295797179,0.3321202700581229,0.5669284361062688,33
clean54,endpoint_mean,baseline,16,4,20,strong_fixed_support,cook_chem,flow,1749,405,0.23156089193825044,0.5799676660787773,0.3043128339468174,0.5641774910909677,33
clean54,endpoint_mean,baseline,16,4,20,strong_fixed_support,cook_gap,flow,1749,98,0.05603201829616924,0.6708982805720713,0.13536868924313208,0.6432104564350299,28
clean54,endpoint_mean,baseline,16,8,24,all_common,randi_wild_type,flow,1349,257,0.1905114899925871,0.6052543435811919,0.257022908163408,0.5772296670230105,40
clean54,endpoint_mean,baseline,16,8,24,all_common,cook_struct,flow,2862,758,0.26484975541579314,0.5966910621306821,0.35986172884140066,0.561736604840093,54
clean54,endpoint_mean,baseline,16,8,24,all_common,cook_chem,flow,2862,699,0.24423480083857443,0.586417952599877,0.3282084205961073,0.5541854033706224,54
clean54,endpoint_mean,baseline,16,8,24,all_common,cook_gap,flow,2862,169,0.05904961565338924,0.6652091659946783,0.11818168861347264,0.6328841231678779,45
clean54,endpoint_mean,baseline,16,8,24,strong_fixed_support,randi_wild_type,flow,824,133,0.16140776699029127,0.6274985582625159,0.24969517448267917,0.6060409713580163,24
clean54,endpoint_mean,baseline,16,8,24,strong_fixed_support,cook_struct,flow,1749,439,0.2510005717552887,0.5858891651741467,0.3244411997896566,0.5676690827831844,33
clean54,endpoint_mean,baseline,16,8,24,strong_fixed_support,cook_chem,flow,1749,405,0.23156089193825044,0.5764090975896531,0.2950019872443077,0.5637919615085721,33
clean54,endpoint_mean,baseline,16,8,24,strong_fixed_support,cook_gap,flow,1749,98,0.05603201829616924,0.6723692505469783,0.12740046619147738,0.6472900876887137,28
clean54,endpoint_mean,baseline,16,16,32,all_common,randi_wild_type,flow,1349,257,0.1905114899925871,0.5993500662761364,0.25312992927928546,0.5624928403121982,40
clean54,endpoint_mean,baseline,16,16,32,all_common,cook_struct,flow,2862,758,0.26484975541579314,0.5832244399410095,0.3541030945736008,0.5541569109840376,54
clean54,endpoint_mean,baseline,16,16,32,all_common,cook_chem,flow,2862,699,0.24423480083857443,0.5738539370357363,0.3225335806015014,0.5484128271803628,54
clean54,endpoint_mean,baseline,16,16,32,all_common,cook_gap,flow,2862,169,0.05904961565338924,0.6568332978113319,0.1169491854093493,0.6198958778762306,45
clean54,endpoint_mean,baseline,16,16,32,strong_fixed_support,randi_wild_type,flow,824,133,0.16140776699029127,0.622808831050129,0.24539870320486723,0.5927097492905017,24
clean54,endpoint_mean,baseline,16,16,32,strong_fixed_support,cook_struct,flow,1749,439,0.2510005717552887,0.5740284129440609,0.3147773006966665,0.5608730508416812,33
clean54,endpoint_mean,baseline,16,16,32,strong_fixed_support,cook_chem,flow,1749,405,0.23156089193825044,0.5656158142269253,0.28269453480253337,0.5593818932241307,33
clean54,endpoint_mean,baseline,16,16,32,strong_fixed_support,cook_gap,flow,1749,98,0.05603201829616924,0.6618561416086727,0.12112567368018196,0.6338541612834947,28
clean54,endpoint_mean,baseline,16,32,48,all_common,randi_wild_type,flow,1349,257,0.1905114899925871,0.5814626359373442,0.24788941365928865,0.525941321692426,40
clean54,endpoint_mean,baseline,16,32,48,all_common,cook_struct,flow,2862,758,0.26484975541579314,0.5656395156355027,0.3425803833658198,0.5349839138241128,54
clean54,endpoint_mean,baseline,16,32,48,all_common,cook_chem,flow,2862,699,0.24423480083857443,0.5569418567043468,0.31193806041174843,0.5311107141886582,54
clean54,endpoint_mean,baseline,16,32,48,all_common,cook_gap,flow,2862,169,0.05904961565338924,0.6392597947341014,0.10988764723168955,0.5860234486082392,45
clean54,endpoint_mean,baseline,16,32,48,strong_fixed_support,randi_wild_type,flow,824,133,0.16140776699029127,0.6001980348846065,0.23839108155730793,0.5525091859964318,24
clean54,endpoint_mean,baseline,16,32,48,strong_fixed_support,cook_struct,flow,1749,439,0.2510005717552887,0.5563598741066615,0.3022922694043715,0.5476070652871742,33
clean54,endpoint_mean,baseline,16,32,48,strong_fixed_support,cook_chem,flow,1749,405,0.23156089193825044,0.5486055996472663,0.26920424044730723,0.5479539416006421,33
clean54,endpoint_mean,baseline,16,32,48,strong_fixed_support,cook_gap,flow,1749,98,0.05603201829616924,0.6424059629908898,0.11326832120602644,0.6059824968529994,28
clean54,endpoint_mean,onset_minus_baseline,1,1,2,all_common,randi_wild_type,flow,1349,257,0.1905114899925871,0.5110103903878223,0.222113582265138,0.4883880469750304,40
clean54,endpoint_mean,onset_minus_baseline,1,1,2,all_common,cook_struct,flow,2862,758,0.26484975541579314,0.4857006882229602,0.25866544982801687,0.47751410541298794,54
clean54,endpoint_mean,onset_minus_baseline,1,1,2,all_common,cook_chem,flow,2862,699,0.24423480083857443,0.4902366963702852,0.23940172167933882,0.48158923760179717,54
clean54,endpoint_mean,onset_minus_baseline,1,1,2,all_common,cook_gap,flow,2862,169,0.05904961565338924,0.4668294087014987,0.05853219933401123,0.46333272262670133,45
clean54,endpoint_mean,onset_minus_baseline,1,1,2,strong_fixed_support,randi_wild_type,flow,824,133,0.16140776699029127,0.4955550961339673,0.18521960019705574,0.46282503816422205,24
clean54,endpoint_mean,onset_minus_baseline,1,1,2,strong_fixed_support,cook_struct,flow,1749,439,0.2510005717552887,0.4791736945521571,0.24685953680645867,0.47619548839881026,33
clean54,endpoint_mean,onset_minus_baseline,1,1,2,strong_fixed_support,cook_chem,flow,1749,405,0.23156089193825044,0.48263888888888884,0.2305917927616932,0.4785439354116488,33
clean54,endpoint_mean,onset_minus_baseline,1,1,2,strong_fixed_support,cook_gap,flow,1749,98,0.05603201829616924,0.4842828712345023,0.06521702849954297,0.4991047685771556,28
clean54,endpoint_mean,onset_minus_baseline,1,2,3,all_common,randi_wild_type,flow,1349,257,0.1905114899925871,0.5131233876370063,0.22452212936857036,0.4848085230280666,40
clean54,endpoint_mean,onset_minus_baseline,1,2,3,all_common,cook_struct,flow,2862,758,0.26484975541579314,0.4877466717497517,0.25820145163512204,0.47999807917535836,54
clean54,endpoint_mean,onset_minus_baseline,1,2,3,all_common,cook_chem,flow,2862,699,0.24423480083857443,0.49274870579924956,0.23896916943602436,0.4851514274504635,54
clean54,endpoint_mean,onset_minus_baseline,1,2,3,all_common,cook_gap,flow,2862,169,0.05904961565338924,0.46250744314099446,0.057853955417255326,0.4567170626915867,45
clean54,endpoint_mean,onset_minus_baseline,1,2,3,strong_fixed_support,randi_wild_type,flow,824,133,0.16140776699029127,0.49712196555063487,0.19361952377172476,0.45522353634530194,24
clean54,endpoint_mean,onset_minus_baseline,1,2,3,strong_fixed_support,cook_struct,flow,1749,439,0.2510005717552887,0.48116816498287224,0.24561517560852797,0.4785259705514189,33
clean54,endpoint_mean,onset_minus_baseline,1,2,3,strong_fixed_support,cook_chem,flow,1749,405,0.23156089193825044,0.4837889476778366,0.22862533055355574,0.4810719985175578,33
clean54,endpoint_mean,onset_minus_baseline,1,2,3,strong_fixed_support,cook_gap,flow,1749,98,0.05603201829616924,0.4828489845362737,0.05852401170714795,0.4911192854851188,28
clean54,endpoint_mean,onset_minus_baseline,1,4,5,all_common,randi_wild_type,flow,1349,257,0.1905114899925871,0.5111137241487436,0.22885184235436978,0.4777140365794274,40
clean54,endpoint_mean,onset_minus_baseline,1,4,5,all_common,cook_struct,flow,2862,758,0.26484975541579314,0.49324819165905875,0.2586850382724448,0.4871321908122057,54
clean54,endpoint_mean,onset_minus_baseline,1,4,5,all_common,cook_chem,flow,2862,699,0.24423480083857443,0.49306221092545527,0.2378550701672337,0.4859565459507382,54
clean54,endpoint_mean,onset_minus_baseline,1,4,5,all_common,cook_gap,flow,2862,169,0.05904961565338924,0.48134216036755384,0.057793290333018776,0.48371589797498327,45
clean54,endpoint_mean,onset_minus_baseline,1,4,5,strong_fixed_support,randi_wild_type,flow,824,133,0.16140776699029127,0.49624060150375937,0.20664660478560898,0.45741603000233,24
clean54,endpoint_mean,onset_minus_baseline,1,4,5,strong_fixed_support,cook_struct,flow,1749,439,0.2510005717552887,0.48134031195117283,0.24552225103405723,0.4739045318632955,33
clean54,endpoint_mean,onset_minus_baseline,1,4,5,strong_fixed_support,cook_chem,flow,1749,405,0.23156089193825044,0.4797545561434451,0.22651302070846724,0.47046005205733515,33
clean54,endpoint_mean,onset_minus_baseline,1,4,5,strong_fixed_support,cook_gap,flow,1749,98,0.05603201829616924,0.4903521675175219,0.05800251320640558,0.505403987728396,28
clean54,endpoint_mean,onset_minus_baseline,1,8,9,all_common,randi_wild_type,flow,1349,257,0.1905114899925871,0.5094140619432448,0.24001023750813852,0.4894206116786413,40
clean54,endpoint_mean,onset_minus_baseline,1,8,9,all_common,cook_struct,flow,2862,758,0.26484975541579314,0.49993478936966407,0.2634848750300214,0.49673713284679266,54
clean54,endpoint_mean,onset_minus_baseline,1,8,9,all_common,cook_chem,flow,2862,699,0.24423480083857443,0.49587912723876715,0.24092982238705807,0.49279298646691816,54
clean54,endpoint_mean,onset_minus_baseline,1,8,9,all_common,cook_gap,flow,2862,169,0.05904961565338924,0.5044373205131867,0.0599635973278575,0.5087326207504721,45
clean54,endpoint_mean,onset_minus_baseline,1,8,9,strong_fixed_support,randi_wild_type,flow,824,133,0.16140776699029127,0.5109626453978651,0.22038482931735995,0.4822652270719698,24
clean54,endpoint_mean,onset_minus_baseline,1,8,9,strong_fixed_support,cook_struct,flow,1749,439,0.2510005717552887,0.4927837381974996,0.24503470433823374,0.48255157367916957,33
clean54,endpoint_mean,onset_minus_baseline,1,8,9,strong_fixed_support,cook_chem,flow,1749,405,0.23156089193825044,0.49007017930629043,0.22490013694252048,0.47885098126913384,33
clean54,endpoint_mean,onset_minus_baseline,1,8,9,strong_fixed_support,cook_gap,flow,1749,98,0.05603201829616924,0.4983312525494753,0.05632242702438659,0.5075585413090234,28
clean54,endpoint_mean,onset_minus_baseline,1,16,17,all_common,randi_wild_type,flow,1349,257,0.1905114899925871,0.5263465458017987,0.24731669930308398,0.5211274028133637,40
clean54,endpoint_mean,onset_minus_baseline,1,16,17,all_common,cook_struct,flow,2862,758,0.26484975541579314,0.5121047232561173,0.27013312925430766,0.5080638323639365,54
clean54,endpoint_mean,onset_minus_baseline,1,16,17,all_common,cook_chem,flow,2862,699,0.24423480083857443,0.5084074270290362,0.24798404763787946,0.5031086548871307,54
clean54,endpoint_mean,onset_minus_baseline,1,16,17,all_common,cook_gap,flow,2862,169,0.05904961565338924,0.5063489168719253,0.05978254754936188,0.5222174854752428,45
clean54,endpoint_mean,onset_minus_baseline,1,16,17,strong_fixed_support,randi_wild_type,flow,824,133,0.16140776699029127,0.5334428691119986,0.21514493733636286,0.5161246141371459,24
clean54,endpoint_mean,onset_minus_baseline,1,16,17,strong_fixed_support,cook_struct,flow,1749,439,0.2510005717552887,0.510069728216453,0.24839156258740958,0.5014810503962105,33
clean54,endpoint_mean,onset_minus_baseline,1,16,17,strong_fixed_support,cook_chem,flow,1749,405,0.23156089193825044,0.5110229276895945,0.22999874185112207,0.49930153809782785,33
clean54,endpoint_mean,onset_minus_baseline,1,16,17,strong_fixed_support,cook_gap,flow,1749,98,0.05603201829616924,0.4969035463973597,0.05437889323303778,0.5030194604959617,28
clean54,endpoint_mean,onset_minus_baseline,1,32,33,all_common,randi_wild_type,flow,1349,257,0.1905114899925871,0.5631796867205427,0.23639019336653025,0.5616987458963937,40
clean54,endpoint_mean,onset_minus_baseline,1,32,33,all_common,cook_struct,flow,2862,758,0.26484975541579314,0.5253337028602385,0.2789436228846254,0.5149083788068791,54
clean54,endpoint_mean,onset_minus_baseline,1,32,33,all_common,cook_chem,flow,2862,699,0.24423480083857443,0.5258215124042867,0.25626503457660654,0.5133260927806996,54
clean54,endpoint_mean,onset_minus_baseline,1,32,33,all_common,cook_gap,flow,2862,169,0.05904961565338924,0.49120995260559375,0.05843063189541256,0.49958487092784987,45
clean54,endpoint_mean,onset_minus_baseline,1,32,33,strong_fixed_support,randi_wild_type,flow,824,133,0.16140776699029127,0.5520168003220787,0.2010874369648667,0.5640383687611259,24
clean54,endpoint_mean,onset_minus_baseline,1,32,33,strong_fixed_support,cook_struct,flow,1749,439,0.2510005717552887,0.5057625762924064,0.25133926594069866,0.49851356953930903,33
clean54,endpoint_mean,onset_minus_baseline,1,32,33,strong_fixed_support,cook_chem,flow,1749,405,0.23156089193825044,0.5140395355673133,0.23617221677437356,0.5016930744470116,33
clean54,endpoint_mean,onset_minus_baseline,1,32,33,strong_fixed_support,cook_gap,flow,1749,98,0.05603201829616924,0.46799095168049054,0.051050525322010605,0.4758633712404197,28
clean54,endpoint_mean,onset_minus_baseline,4,1,5,all_common,randi_wild_type,flow,1349,257,0.1905114899925871,0.53152392354727,0.20581372295710298,0.5032817581243245,40
clean54,endpoint_mean,onset_minus_baseline,4,1,5,all_common,cook_struct,flow,2862,758,0.26484975541579314,0.49177405519829054,0.26058551366967647,0.47821370425446147,54
clean54,endpoint_mean,onset_minus_baseline,4,1,5,all_common,cook_chem,flow,2862,699,0.24423480083857443,0.4836854974777388,0.23592985557552953,0.4676727690340306,54
clean54,endpoint_mean,onset_minus_baseline,4,1,5,all_common,cook_gap,flow,2862,169,0.05904961565338924,0.5508188004403264,0.07120356919473704,0.5524908349653255,45
clean54,endpoint_mean,onset_minus_baseline,4,1,5,strong_fixed_support,randi_wild_type,flow,824,133,0.16140776699029127,0.5343351141964897,0.1764377507177543,0.5035665545305105,24
clean54,endpoint_mean,onset_minus_baseline,4,1,5,strong_fixed_support,cook_struct,flow,1749,439,0.2510005717552887,0.4823523274617886,0.2519276177945359,0.468958701206649,33
clean54,endpoint_mean,onset_minus_baseline,4,1,5,strong_fixed_support,cook_chem,flow,1749,405,0.23156089193825044,0.4740060993533216,0.2279475415223081,0.4557116803543292,33
clean54,endpoint_mean,onset_minus_baseline,4,1,5,strong_fixed_support,cook_gap,flow,1749,98,0.05603201829616924,0.5589500488263143,0.07379426289941773,0.5205738914190954,28
clean54,endpoint_mean,onset_minus_baseline,4,2,6,all_common,randi_wild_type,flow,1349,257,0.1905114899925871,0.53488405239378,0.20834283818678934,0.5184432294457426,40
clean54,endpoint_mean,onset_minus_baseline,4,2,6,all_common,cook_struct,flow,2862,758,0.26484975541579314,0.4910617544669282,0.26070229292935554,0.4795911448352301,54
clean54,endpoint_mean,onset_minus_baseline,4,2,6,all_common,cook_chem,flow,2862,699,0.24423480083857443,0.48307171528972437,0.235834606165642,0.47001237231497417,54
clean54,endpoint_mean,onset_minus_baseline,4,2,6,all_common,cook_gap,flow,2862,169,0.05904961565338924,0.5494235548221666,0.07111078069784424,0.5473059213078101,45
clean54,endpoint_mean,onset_minus_baseline,4,2,6,strong_fixed_support,randi_wild_type,flow,824,133,0.16140776699029127,0.5352055972057496,0.17789184860520868,0.5210676426602886,24
clean54,endpoint_mean,onset_minus_baseline,4,2,6,strong_fixed_support,cook_struct,flow,1749,439,0.2510005717552887,0.4848093341911701,0.25252042878121184,0.4735882989016532,33
clean54,endpoint_mean,onset_minus_baseline,4,2,6,strong_fixed_support,cook_chem,flow,1749,405,0.23156089193825044,0.4760692239858907,0.22790832877091885,0.4617360430596964,33
clean54,endpoint_mean,onset_minus_baseline,4,2,6,strong_fixed_support,cook_gap,flow,1749,98,0.05603201829616924,0.5619661553294849,0.07439544858142959,0.5165546751071026,28
clean54,endpoint_mean,onset_minus_baseline,4,4,8,all_common,randi_wild_type,flow,1349,257,0.1905114899925871,0.5442232864411852,0.21826860133436576,0.5222644453272008,40
clean54,endpoint_mean,onset_minus_baseline,4,4,8,all_common,cook_struct,flow,2862,758,0.26484975541579314,0.4835195807458089,0.2599567321716192,0.47482284751604475,54
clean54,endpoint_mean,onset_minus_baseline,4,4,8,all_common,cook_chem,flow,2862,699,0.24423480083857443,0.47621792442409966,0.23505018776767309,0.4660924841455724,54
clean54,endpoint_mean,onset_minus_baseline,4,4,8,all_common,cook_gap,flow,2862,169,0.05904961565338924,0.5390624828340844,0.06978155188165888,0.5359425597177565,45
clean54,endpoint_mean,onset_minus_baseline,4,4,8,strong_fixed_support,randi_wild_type,flow,824,133,0.16140776699029127,0.542452368257837,0.18562048254990654,0.5325937144277079,24
clean54,endpoint_mean,onset_minus_baseline,4,4,8,strong_fixed_support,cook_struct,flow,1749,439,0.2510005717552887,0.47866420908031787,0.2501120874977678,0.4685982532337498,33
clean54,endpoint_mean,onset_minus_baseline,4,4,8,strong_fixed_support,cook_chem,flow,1749,405,0.23156089193825044,0.4693727954144621,0.22469591021944063,0.457140005756146,33
clean54,endpoint_mean,onset_minus_baseline,4,4,8,strong_fixed_support,cook_gap,flow,1749,98,0.05603201829616924,0.5520154760874671,0.07277570892042605,0.5017215437106943,28
clean54,endpoint_mean,onset_minus_baseline,4,8,12,all_common,randi_wild_type,flow,1349,257,0.1905114899925871,0.5535553940223201,0.23386812185602263,0.5392026735334344,40
clean54,endpoint_mean,onset_minus_baseline,4,8,12,all_common,cook_struct,flow,2862,758,0.26484975541579314,0.49293342496262926,0.26525792038834684,0.4891035922782805,54
clean54,endpoint_mean,onset_minus_baseline,4,8,12,all_common,cook_chem,flow,2862,699,0.24423480083857443,0.4854230037362668,0.23926932329755785,0.4822096353400377,54
clean54,endpoint_mean,onset_minus_baseline,4,8,12,all_common,cook_gap,flow,2862,169,0.05904961565338924,0.5344142275502783,0.0696011765067208,0.5282915116839282,45
clean54,endpoint_mean,onset_minus_baseline,4,8,12,strong_fixed_support,randi_wild_type,flow,824,133,0.16140776699029127,0.5451943897370053,0.19087547508504304,0.539356517860004,24
clean54,endpoint_mean,onset_minus_baseline,4,8,12,strong_fixed_support,cook_struct,flow,1749,439,0.2510005717552887,0.4836912483263489,0.252562100141249,0.4800222759863147,33
clean54,endpoint_mean,onset_minus_baseline,4,8,12,strong_fixed_support,cook_chem,flow,1749,405,0.23156089193825044,0.474917328042328,0.22646017122643436,0.46971457225297764,33
clean54,endpoint_mean,onset_minus_baseline,4,8,12,strong_fixed_support,cook_gap,flow,1749,98,0.05603201829616924,0.537163623777797,0.07046013495684933,0.49321541020811976,28
clean54,endpoint_mean,onset_minus_baseline,4,16,20,all_common,randi_wild_type,flow,1349,257,0.1905114899925871,0.5392205071193399,0.2277546765405831,0.5341343758760193,40
clean54,endpoint_mean,onset_minus_baseline,4,16,20,all_common,cook_struct,flow,2862,758,0.26484975541579314,0.5057865029043812,0.27194990136986735,0.49914385258191063,54
clean54,endpoint_mean,onset_minus_baseline,4,16,20,all_common,cook_chem,flow,2862,699,0.24423480083857443,0.49579347552179753,0.24329901269919482,0.49176764445548443,54
clean54,endpoint_mean,onset_minus_baseline,4,16,20,all_common,cook_gap,flow,2862,169,0.05904961565338924,0.5467143613620233,0.07136564371290312,0.4992542164563626,45
clean54,endpoint_mean,onset_minus_baseline,4,16,20,strong_fixed_support,randi_wild_type,flow,824,133,0.16140776699029127,0.5128885890558523,0.17910013043731177,0.501345722072331,24
clean54,endpoint_mean,onset_minus_baseline,4,16,20,strong_fixed_support,cook_struct,flow,1749,439,0.2510005717552887,0.4987306334660662,0.2574371231854321,0.486198110789091,33
clean54,endpoint_mean,onset_minus_baseline,4,16,20,strong_fixed_support,cook_chem,flow,1749,405,0.23156089193825044,0.488723544973545,0.2302053100646257,0.47605469911043713,33
clean54,endpoint_mean,onset_minus_baseline,4,16,20,strong_fixed_support,cook_gap,flow,1749,98,0.05603201829616924,0.5524110310387026,0.07173288119801512,0.4643293511968443,28
clean54,endpoint_mean,onset_minus_baseline,4,32,36,all_common,randi_wild_type,flow,1349,257,0.1905114899925871,0.5319301321246847,0.2155434390483819,0.5062685629843795,40
clean54,endpoint_mean,onset_minus_baseline,4,32,36,all_common,cook_struct,flow,2862,758,0.26484975541579314,0.5089081483190706,0.2775516561948824,0.4938217136851871,54
clean54,endpoint_mean,onset_minus_baseline,4,32,36,all_common,cook_chem,flow,2862,699,0.24423480083857443,0.4988045136801335,0.24531576239576722,0.4873311667560583,54
clean54,endpoint_mean,onset_minus_baseline,4,32,36,all_common,cook_gap,flow,2862,169,0.05904961565338924,0.5374486121151264,0.07423938736253101,0.47220174741290766,45
clean54,endpoint_mean,onset_minus_baseline,4,32,36,strong_fixed_support,randi_wild_type,flow,824,133,0.16140776699029127,0.5139984548926585,0.18255127795995443,0.48713807907726653,24
clean54,endpoint_mean,onset_minus_baseline,4,32,36,strong_fixed_support,cook_struct,flow,1749,439,0.2510005717552887,0.5013754368881392,0.2539907772184461,0.48271664935558267,33
clean54,endpoint_mean,onset_minus_baseline,4,32,36,strong_fixed_support,cook_chem,flow,1749,405,0.23156089193825044,0.49143334803057026,0.22539175316756577,0.47442102851627965,33
clean54,endpoint_mean,onset_minus_baseline,4,32,36,strong_fixed_support,cook_gap,flow,1749,98,0.05603201829616924,0.5579920641787909,0.07540023645239857,0.45640330594387474,28
clean54,endpoint_mean,onset_minus_baseline,8,1,9,all_common,randi_wild_type,flow,1349,257,0.1905114899925871,0.5371395789683727,0.22304861701858134,0.5259558955230548,40
clean54,endpoint_mean,onset_minus_baseline,8,1,9,all_common,cook_struct,flow,2862,758,0.26484975541579314,0.5137588159756012,0.28175092388365897,0.48952368577298633,54
clean54,endpoint_mean,onset_minus_baseline,8,1,9,all_common,cook_chem,flow,2862,699,0.24423480083857443,0.5039661044077894,0.24697324591635955,0.4853489773265413,54
clean54,endpoint_mean,onset_minus_baseline,8,1,9,all_common,cook_gap,flow,2862,169,0.05904961565338924,0.5275830171142806,0.07776862946306641,0.4883639696787618,45
clean54,endpoint_mean,onset_minus_baseline,8,1,9,strong_fixed_support,randi_wild_type,flow,824,133,0.16140776699029127,0.5178394611710172,0.18277225651810336,0.5308642933381419,24
clean54,endpoint_mean,onset_minus_baseline,8,1,9,strong_fixed_support,cook_struct,flow,1749,439,0.2510005717552887,0.49589629449303585,0.2569019480316549,0.4690977950626999,33
clean54,endpoint_mean,onset_minus_baseline,8,1,9,strong_fixed_support,cook_chem,flow,1749,405,0.23156089193825044,0.4930886243386244,0.23140369417845774,0.47285478438962525,33
clean54,endpoint_mean,onset_minus_baseline,8,1,9,strong_fixed_support,cook_gap,flow,1749,98,0.05603201829616924,0.521743161225726,0.07725782036607734,0.48559892657874537,28
clean54,endpoint_mean,onset_minus_baseline,8,2,10,all_common,randi_wild_type,flow,1349,257,0.1905114899925871,0.5492118128304899,0.23497865983725172,0.5291315008820734,40
clean54,endpoint_mean,onset_minus_baseline,8,2,10,all_common,cook_struct,flow,2862,758,0.26484975541579314,0.5160907230354044,0.280536161190857,0.49810036069724717,54
clean54,endpoint_mean,onset_minus_baseline,8,2,10,all_common,cook_chem,flow,2862,699,0.24423480083857443,0.5057406492466288,0.24653353172054188,0.49338668043162115,54
clean54,endpoint_mean,onset_minus_baseline,8,2,10,all_common,cook_gap,flow,2862,169,0.05904961565338924,0.5294199074084247,0.07728846342363788,0.49410039759059365,45
clean54,endpoint_mean,onset_minus_baseline,8,2,10,strong_fixed_support,randi_wild_type,flow,824,133,0.16140776699029127,0.5241939871386135,0.19236655593784635,0.5325400429299375,24
clean54,endpoint_mean,onset_minus_baseline,8,2,10,strong_fixed_support,cook_struct,flow,1749,439,0.2510005717552887,0.4931228155593038,0.25280630848435853,0.4706529566178641,33
clean54,endpoint_mean,onset_minus_baseline,8,2,10,strong_fixed_support,cook_chem,flow,1749,405,0.23156089193825044,0.4900591563786008,0.22800467755423826,0.47386243082776636,33
clean54,endpoint_mean,onset_minus_baseline,8,2,10,strong_fixed_support,cook_gap,flow,1749,98,0.05603201829616924,0.5227938540649452,0.07476509267631949,0.4871675003167041,28
clean54,endpoint_mean,onset_minus_baseline,8,4,12,all_common,randi_wild_type,flow,1349,257,0.1905114899925871,0.566589700830946,0.2552177134714539,0.5480888912120176,40
clean54,endpoint_mean,onset_minus_baseline,8,4,12,all_common,cook_struct,flow,2862,758,0.26484975541579314,0.5142384903237457,0.27953961083310813,0.5005404380991367,54
clean54,endpoint_mean,onset_minus_baseline,8,4,12,all_common,cook_chem,flow,2862,699,0.24423480083857443,0.5042822551468744,0.2472082471888459,0.49546512379700186,54
clean54,endpoint_mean,onset_minus_baseline,8,4,12,all_common,cook_gap,flow,2862,169,0.05904961565338924,0.5296703924485352,0.07448141028940297,0.5073525365221637,45
clean54,endpoint_mean,onset_minus_baseline,8,4,12,strong_fixed_support,randi_wild_type,flow,824,133,0.16140776699029127,0.5359019836131573,0.21112403692868636,0.5419292964710805,24
clean54,endpoint_mean,onset_minus_baseline,8,4,12,strong_fixed_support,cook_struct,flow,1749,439,0.2510005717552887,0.48869742127319205,0.24809489738327078,0.46961804200427937,33
clean54,endpoint_mean,onset_minus_baseline,8,4,12,strong_fixed_support,cook_chem,flow,1749,405,0.23156089193825044,0.48589983833039385,0.22552148750184073,0.4733135616252387,33
clean54,endpoint_mean,onset_minus_baseline,8,4,12,strong_fixed_support,cook_gap,flow,1749,98,0.05603201829616924,0.5231894090161807,0.0688447410086773,0.4954757487315167,28
clean54,endpoint_mean,onset_minus_baseline,8,8,16,all_common,randi_wild_type,flow,1349,257,0.1905114899925871,0.5799518250880118,0.2737597363686816,0.5649670993050763,40
clean54,endpoint_mean,onset_minus_baseline,8,8,16,all_common,cook_struct,flow,2862,758,0.26484975541579314,0.5099960372001565,0.27794897612156216,0.49623646547149886,54
clean54,endpoint_mean,onset_minus_baseline,8,8,16,all_common,cook_chem,flow,2862,699,0.24423480083857443,0.5019276596842329,0.24796885266357782,0.49066816876277985,54
clean54,endpoint_mean,onset_minus_baseline,8,8,16,all_common,cook_gap,flow,2862,169,0.05904961565338924,0.5183634098484566,0.07083814400945611,0.5029927619463614,45
clean54,endpoint_mean,onset_minus_baseline,8,8,16,strong_fixed_support,randi_wild_type,flow,824,133,0.16140776699029127,0.554932918403099,0.22559590917920969,0.5567147952068285,24
clean54,endpoint_mean,onset_minus_baseline,8,8,16,strong_fixed_support,cook_struct,flow,1749,439,0.2510005717552887,0.4865812307638805,0.24345053267696154,0.4634723250724641,33
clean54,endpoint_mean,onset_minus_baseline,8,8,16,strong_fixed_support,cook_chem,flow,1749,405,0.23156089193825044,0.4843566284538507,0.22202687852863773,0.4646541524968548,33
clean54,endpoint_mean,onset_minus_baseline,8,8,16,strong_fixed_support,cook_gap,flow,1749,98,0.05603201829616924,0.5202289274280275,0.0667334805572958,0.49474074970840476,28
clean54,endpoint_mean,onset_minus_baseline,8,16,24,all_common,randi_wild_type,flow,1349,257,0.1905114899925871,0.5869892105300666,0.2668823562069312,0.5478561237880415,40
clean54,endpoint_mean,onset_minus_baseline,8,16,24,all_common,cook_struct,flow,2862,758,0.26484975541579314,0.5018246435988242,0.2729407933914092,0.4895655087314473,54
clean54,endpoint_mean,onset_minus_baseline,8,16,24,all_common,cook_chem,flow,2862,699,0.24423480083857443,0.49577197991715266,0.24567586737042535,0.4851636065586358,54
clean54,endpoint_mean,onset_minus_baseline,8,16,24,all_common,cook_gap,flow,2862,169,0.05904961565338924,0.5137030697600836,0.06699519513119334,0.5128058590462482,45
clean54,endpoint_mean,onset_minus_baseline,8,16,24,strong_fixed_support,randi_wild_type,flow,824,133,0.16140776699029127,0.5523976366386298,0.21824794174453518,0.5157170116777183,24
clean54,endpoint_mean,onset_minus_baseline,8,16,24,strong_fixed_support,cook_struct,flow,1749,439,0.2510005717552887,0.48183762541515246,0.24012946663405593,0.466341392252894,33
clean54,endpoint_mean,onset_minus_baseline,8,16,24,strong_fixed_support,cook_chem,flow,1749,405,0.23156089193825044,0.47712926219870666,0.21805657071115211,0.46546735829013675,33
clean54,endpoint_mean,onset_minus_baseline,8,16,24,strong_fixed_support,cook_gap,flow,1749,98,0.05603201829616924,0.5484122177035563,0.07514723198443882,0.5246293632168482,28
clean54,endpoint_mean,onset_minus_baseline,8,32,40,all_common,randi_wild_type,flow,1349,257,0.1905114899925871,0.5455203033024044,0.23617868249888155,0.5485871479660298,40
clean54,endpoint_mean,onset_minus_baseline,8,32,40,all_common,cook_struct,flow,2862,758,0.26484975541579314,0.5099634318849886,0.2757886395501431,0.486540184653611,54
clean54,endpoint_mean,onset_minus_baseline,8,32,40,all_common,cook_chem,flow,2862,699,0.24423480083857443,0.501905833377978,0.24484293042741784,0.4824035594160972,54
clean54,endpoint_mean,onset_minus_baseline,8,32,40,all_common,cook_gap,flow,2862,169,0.05904961565338924,0.542539610693514,0.07819273132903348,0.5104706692800149,45
clean54,endpoint_mean,onset_minus_baseline,8,32,40,strong_fixed_support,randi_wild_type,flow,824,133,0.16140776699029127,0.5113652437896479,0.1784696394912587,0.5313081652632458,24
clean54,endpoint_mean,onset_minus_baseline,8,32,40,strong_fixed_support,cook_struct,flow,1749,439,0.2510005717552887,0.497169138743501,0.24414006230432295,0.4765269862296611,33
clean54,endpoint_mean,onset_minus_baseline,8,32,40,strong_fixed_support,cook_chem,flow,1749,405,0.23156089193825044,0.487419165196943,0.21933449612788458,0.47199192682799096,33
clean54,endpoint_mean,onset_minus_baseline,8,32,40,strong_fixed_support,cook_gap,flow,1749,98,0.05603201829616924,0.5648030259953769,0.07869442299231741,0.5411835901178808,28
clean54,endpoint_mean,onset_minus_baseline,16,1,17,all_common,randi_wild_type,flow,1349,257,0.1905114899925871,0.5595701315545674,0.21765782789766408,0.5548466876049126,40
clean54,endpoint_mean,onset_minus_baseline,16,1,17,all_common,cook_struct,flow,2862,758,0.26484975541579314,0.5226331049289203,0.29948491403685595,0.4917937196932596,54
clean54,endpoint_mean,onset_minus_baseline,16,1,17,all_common,cook_chem,flow,2862,699,0.24423480083857443,0.5155717467063773,0.26579769842456547,0.4922736612233606,54
clean54,endpoint_mean,onset_minus_baseline,16,1,17,all_common,cook_gap,flow,2862,169,0.05904961565338924,0.5271194000663565,0.08488459319117256,0.472042565773775,45
clean54,endpoint_mean,onset_minus_baseline,16,1,17,strong_fixed_support,randi_wild_type,flow,824,133,0.16140776699029127,0.5792520374742935,0.19224242768954,0.5714338930388884,24
clean54,endpoint_mean,onset_minus_baseline,16,1,17,strong_fixed_support,cook_struct,flow,1749,439,0.2510005717552887,0.5174807421447079,0.2764716889945871,0.49072567720989974,33
clean54,endpoint_mean,onset_minus_baseline,16,1,17,strong_fixed_support,cook_chem,flow,1749,405,0.23156089193825044,0.5149029982363316,0.2545132932692877,0.49578358744252166,33
clean54,endpoint_mean,onset_minus_baseline,16,1,17,strong_fixed_support,cook_gap,flow,1749,98,0.05603201829616924,0.501131039938689,0.06587382831925603,0.45585793678311975,28
clean54,endpoint_mean,onset_minus_baseline,16,2,18,all_common,randi_wild_type,flow,1349,257,0.1905114899925871,0.571421444962301,0.22532538853598377,0.5679604073109215,40
clean54,endpoint_mean,onset_minus_baseline,16,2,18,all_common,cook_struct,flow,2862,758,0.26484975541579314,0.5276342586554571,0.30102701569033463,0.4973754491623494,54
clean54,endpoint_mean,onset_minus_baseline,16,2,18,all_common,cook_chem,flow,2862,699,0.24423480083857443,0.5210064969638285,0.2674334818509771,0.49815280438854304,54
clean54,endpoint_mean,onset_minus_baseline,16,2,18,all_common,cook_gap,flow,2862,169,0.05904961565338924,0.5300395282971192,0.08595879379916593,0.48243384552536533,45
clean54,endpoint_mean,onset_minus_baseline,16,2,18,strong_fixed_support,randi_wild_type,flow,824,133,0.16140776699029127,0.5874345777613352,0.1973182145451774,0.5844613644211392,24
clean54,endpoint_mean,onset_minus_baseline,16,2,18,strong_fixed_support,cook_struct,flow,1749,439,0.2510005717552887,0.5195691109217688,0.2759956516600225,0.4958698137422007,33
clean54,endpoint_mean,onset_minus_baseline,16,2,18,strong_fixed_support,cook_chem,flow,1749,405,0.23156089193825044,0.5178644914756027,0.2548242127284732,0.5009436811086119,33
clean54,endpoint_mean,onset_minus_baseline,16,2,18,strong_fixed_support,cook_gap,flow,1749,98,0.05603201829616924,0.49749069827809983,0.06408172188013303,0.4624541856868581,28
clean54,endpoint_mean,onset_minus_baseline,16,4,20,all_common,randi_wild_type,flow,1349,257,0.1905114899925871,0.5790218212397201,0.23898845726984913,0.5672888904437334,40
clean54,endpoint_mean,onset_minus_baseline,16,4,20,all_common,cook_struct,flow,2862,758,0.26484975541579314,0.531245924335604,0.30276756606936756,0.5036718368987798,54
clean54,endpoint_mean,onset_minus_baseline,16,4,20,all_common,cook_chem,flow,2862,699,0.24423480083857443,0.5249021619287048,0.269828549298889,0.5047504773958161,54
clean54,endpoint_mean,onset_minus_baseline,16,4,20,all_common,cook_gap,flow,2862,169,0.05904961565338924,0.525482458356862,0.0861034998474339,0.4712480733535541,45
clean54,endpoint_mean,onset_minus_baseline,16,4,20,strong_fixed_support,randi_wild_type,flow,824,133,0.16140776699029127,0.5896107852844847,0.20390926262213183,0.5839176318513728,24
clean54,endpoint_mean,onset_minus_baseline,16,4,20,strong_fixed_support,cook_struct,flow,1749,439,0.2510005717552887,0.5201359787163748,0.27282627932219256,0.5002337307053284,33
clean54,endpoint_mean,onset_minus_baseline,16,4,20,strong_fixed_support,cook_chem,flow,1749,405,0.23156089193825044,0.5184395208700764,0.25229961435605075,0.5052268289885924,33
clean54,endpoint_mean,onset_minus_baseline,16,4,20,strong_fixed_support,cook_gap,flow,1749,98,0.05603201829616924,0.4811616954474097,0.060462251520231235,0.4447971524521511,28
clean54,endpoint_mean,onset_minus_baseline,16,8,24,all_common,randi_wild_type,flow,1349,257,0.1905114899925871,0.5821895354969284,0.24927182548867194,0.5674616705968406,40
clean54,endpoint_mean,onset_minus_baseline,16,8,24,all_common,cook_struct,flow,2862,758,0.26484975541579314,0.5365819095679043,0.3041149135280838,0.5152116150313821,54
clean54,endpoint_mean,onset_minus_baseline,16,8,24,all_common,cook_chem,flow,2862,699,0.24423480083857443,0.5319150202687017,0.27333363315971104,0.5180060102029227,54
clean54,endpoint_mean,onset_minus_baseline,16,8,24,all_common,cook_gap,flow,2862,169,0.05904961565338924,0.5262624775607152,0.08459396679540535,0.47288028608349053,45
clean54,endpoint_mean,onset_minus_baseline,16,8,24,strong_fixed_support,randi_wild_type,flow,824,133,0.16140776699029127,0.5889361609523084,0.2118712590562515,0.5883701665725249,24
clean54,endpoint_mean,onset_minus_baseline,16,8,24,strong_fixed_support,cook_struct,flow,1749,439,0.2510005717552887,0.5229929228468587,0.2717890384374075,0.5128431247060746,33
clean54,endpoint_mean,onset_minus_baseline,16,8,24,strong_fixed_support,cook_chem,flow,1749,405,0.23156089193825044,0.5224390064667843,0.25264800992624636,0.5183105358294406,33
clean54,endpoint_mean,onset_minus_baseline,16,8,24,strong_fixed_support,cook_gap,flow,1749,98,0.05603201829616924,0.47750899269459446,0.0580326021631673,0.44930744827018904,28
clean54,endpoint_mean,onset_minus_baseline,16,16,32,all_common,randi_wild_type,flow,1349,257,0.1905114899925871,0.5748385855389746,0.23801862330252327,0.5523950477873877,40
clean54,endpoint_mean,onset_minus_baseline,16,16,32,all_common,cook_struct,flow,2862,758,0.26484975541579314,0.5458060786339878,0.3118973003503123,0.518339924140501,54
clean54,endpoint_mean,onset_minus_baseline,16,16,32,all_common,cook_chem,flow,2862,699,0.24423480083857443,0.5434201292778733,0.2837809336819235,0.523830510324763,54
clean54,endpoint_mean,onset_minus_baseline,16,16,32,all_common,cook_gap,flow,2862,169,0.05904961565338924,0.5334254708129997,0.08705932209751875,0.4745599883197871,45
clean54,endpoint_mean,onset_minus_baseline,16,16,32,strong_fixed_support,randi_wild_type,flow,824,133,0.16140776699029127,0.5600252440072686,0.1918693916714475,0.5623922074874013,24
clean54,endpoint_mean,onset_minus_baseline,16,16,32,strong_fixed_support,cook_struct,flow,1749,439,0.2510005717552887,0.5297883809490689,0.2802469234658345,0.5158845724421668,33
clean54,endpoint_mean,onset_minus_baseline,16,16,32,strong_fixed_support,cook_chem,flow,1749,405,0.23156089193825044,0.5324037330981776,0.26290523912325997,0.523143830827451,33
clean54,endpoint_mean,onset_minus_baseline,16,16,32,strong_fixed_support,cook_gap,flow,1749,98,0.05603201829616924,0.48407891321277147,0.060147642322125175,0.44965920914969965,28
clean54,endpoint_mean,onset_minus_baseline,16,32,48,all_common,randi_wild_type,flow,1349,257,0.1905114899925871,0.5625703738544205,0.22907476201807347,0.5295448140672437,40
clean54,endpoint_mean,onset_minus_baseline,16,32,48,all_common,cook_struct,flow,2862,758,0.26484975541579314,0.5511922258896236,0.3287031702197697,0.5180015089432088,54
clean54,endpoint_mean,onset_minus_baseline,16,32,48,all_common,cook_chem,flow,2862,699,0.24423480083857443,0.5512227030623631,0.3030052760737747,0.5255402758479812,54
clean54,endpoint_mean,onset_minus_baseline,16,32,48,all_common,cook_gap,flow,2862,169,0.05904961565338924,0.552998459736727,0.09484073487028025,0.4922870336781973,45
clean54,endpoint_mean,onset_minus_baseline,16,32,48,strong_fixed_support,randi_wild_type,flow,824,133,0.16140776699029127,0.5203420998226391,0.16863943261575304,0.5284170198522876,24
clean54,endpoint_mean,onset_minus_baseline,16,32,48,strong_fixed_support,cook_struct,flow,1749,439,0.2510005717552887,0.5309516771287972,0.30211668586309337,0.5165902944640829,33
clean54,endpoint_mean,onset_minus_baseline,16,32,48,strong_fixed_support,cook_chem,flow,1749,405,0.23156089193825044,0.5323541299235743,0.2836925042717382,0.5218233362916495,33
clean54,endpoint_mean,onset_minus_baseline,16,32,48,strong_fixed_support,cook_gap,flow,1749,98,0.05603201829616924,0.5095983881135737,0.06984058514087983,0.47773242142245864,28
clean54,endpoint_mean,active_minus_baseline,1,1,2,all_common,randi_wild_type,flow,1349,257,0.1905114899925871,0.5524579182166731,0.22732625863233863,0.5462770812293997,40
clean54,endpoint_mean,active_minus_baseline,1,1,2,all_common,cook_struct,flow,2862,758,0.26484975541579314,0.5044800957091405,0.26606195840010827,0.49926319233145905,54
clean54,endpoint_mean,active_minus_baseline,1,1,2,all_common,cook_chem,flow,2862,699,0.24423480083857443,0.5064913419011506,0.2442467689814834,0.4976942639843333,54
clean54,endpoint_mean,active_minus_baseline,1,1,2,all_common,cook_gap,flow,2862,169,0.05904961565338924,0.4986234308979889,0.06434506403735975,0.5148655298937667,45
clean54,endpoint_mean,active_minus_baseline,1,1,2,strong_fixed_support,randi_wild_type,flow,824,133,0.16140776699029127,0.5926030706288151,0.23223642262878708,0.5836964202723741,24
clean54,endpoint_mean,active_minus_baseline,1,1,2,strong_fixed_support,cook_struct,flow,1749,439,0.2510005717552887,0.4983306960649637,0.2513356830347535,0.49112642980776433,33
clean54,endpoint_mean,active_minus_baseline,1,1,2,strong_fixed_support,cook_chem,flow,1749,405,0.23156089193825044,0.5025187389770723,0.23318875771520317,0.4899486292932896,33
clean54,endpoint_mean,active_minus_baseline,1,1,2,strong_fixed_support,cook_gap,flow,1749,98,0.05603201829616924,0.49988256962385197,0.06268605247823586,0.5102362356929511,28
clean54,endpoint_mean,active_minus_baseline,1,2,3,all_common,randi_wild_type,flow,1349,257,0.1905114899925871,0.5488733056826443,0.22614907372883059,0.539362316573323,40
clean54,endpoint_mean,active_minus_baseline,1,2,3,all_common,cook_struct,flow,2862,758,0.26484975541579314,0.5064614956308878,0.26652419150975964,0.5020388316318838,54
clean54,endpoint_mean,active_minus_baseline,1,2,3,all_common,cook_chem,flow,2862,699,0.24423480083857443,0.5066282523676582,0.24417689432976508,0.49909624119206375,54
clean54,endpoint_mean,active_minus_baseline,1,2,3,all_common,cook_gap,flow,2862,169,0.05904961565338924,0.5053535684230649,0.0644933191220937,0.5145613324238731,45
clean54,endpoint_mean,active_minus_baseline,1,2,3,strong_fixed_support,randi_wild_type,flow,824,133,0.16140776699029127,0.5881853693568219,0.23006752646613055,0.5750832206563139,24
clean54,endpoint_mean,active_minus_baseline,1,2,3,strong_fixed_support,cook_struct,flow,1749,439,0.2510005717552887,0.5033281747204785,0.2530911876029266,0.49881158004357745,33
clean54,endpoint_mean,active_minus_baseline,1,2,3,strong_fixed_support,cook_chem,flow,1749,405,0.23156089193825044,0.5052377278071722,0.23402702111894141,0.4952590490578726,33
clean54,endpoint_mean,active_minus_baseline,1,2,3,strong_fixed_support,cook_gap,flow,1749,98,0.05603201829616924,0.5030099259570575,0.06305101293906284,0.515098825849005,28
clean54,endpoint_mean,active_minus_baseline,1,4,5,all_common,randi_wild_type,flow,1349,257,0.1905114899925871,0.5546314904291558,0.22648927805038535,0.5449561027557006,40
clean54,endpoint_mean,active_minus_baseline,1,4,5,all_common,cook_struct,flow,2862,758,0.26484975541579314,0.5120777611685745,0.2678708061024633,0.5086431637755203,54
clean54,endpoint_mean,active_minus_baseline,1,4,5,all_common,cook_chem,flow,2862,699,0.24423480083857443,0.5089054636535781,0.24404071268242256,0.5044139395422109,54
clean54,endpoint_mean,active_minus_baseline,1,4,5,all_common,cook_gap,flow,2862,169,0.05904961565338924,0.5147928994082841,0.06480628079364277,0.5235271447173155,45
clean54,endpoint_mean,active_minus_baseline,1,4,5,strong_fixed_support,randi_wild_type,flow,824,133,0.16140776699029127,0.5969337235998824,0.23074372720700112,0.5845608785214429,24
clean54,endpoint_mean,active_minus_baseline,1,4,5,strong_fixed_support,cook_struct,flow,1749,439,0.2510005717552887,0.5133370428976334,0.2567965651524619,0.5109804985773105,33
clean54,endpoint_mean,active_minus_baseline,1,4,5,strong_fixed_support,cook_chem,flow,1749,405,0.23156089193825044,0.5121601263962375,0.23610858393063583,0.5067607026812915,33
clean54,endpoint_mean,active_minus_baseline,1,4,5,strong_fixed_support,cook_gap,flow,1749,98,0.05603201829616924,0.5091224860628685,0.06375759670257156,0.5275310939424984,28
clean54,endpoint_mean,active_minus_baseline,1,8,9,all_common,randi_wild_type,flow,1349,257,0.1905114899925871,0.5533059677028549,0.22463047558575633,0.5361143351927481,40
clean54,endpoint_mean,active_minus_baseline,1,8,9,all_common,cook_struct,flow,2862,758,0.26484975541579314,0.5159816206346499,0.2698689113867278,0.508332615569145,54
clean54,endpoint_mean,active_minus_baseline,1,8,9,all_common,cook_chem,flow,2862,699,0.24423480083857443,0.5092718810373712,0.2441439117768293,0.5043152623361438,54
clean54,endpoint_mean,active_minus_baseline,1,8,9,all_common,cook_gap,flow,2862,169,0.05904961565338924,0.5252034092332302,0.06708715877233015,0.5019169012834188,45
clean54,endpoint_mean,active_minus_baseline,1,8,9,strong_fixed_support,randi_wild_type,flow,824,133,0.16140776699029127,0.5908403425350641,0.22617097236026107,0.5577502723267721,24
clean54,endpoint_mean,active_minus_baseline,1,8,9,strong_fixed_support,cook_struct,flow,1749,439,0.2510005717552887,0.5250013041436993,0.26090832572347716,0.5181649864777472,33
clean54,endpoint_mean,active_minus_baseline,1,8,9,strong_fixed_support,cook_chem,flow,1749,405,0.23156089193825044,0.5213661081716637,0.23772489600479743,0.5147124266413228,33
clean54,endpoint_mean,active_minus_baseline,1,8,9,strong_fixed_support,cook_gap,flow,1749,98,0.05603201829616924,0.5183314997713199,0.06625477416204938,0.5183696387697898,28
clean54,endpoint_mean,active_minus_baseline,1,16,17,all_common,randi_wild_type,flow,1349,257,0.1905114899925871,0.5462953065093143,0.22662459176832908,0.5090060300400229,40
clean54,endpoint_mean,active_minus_baseline,1,16,17,all_common,cook_struct,flow,2862,758,0.26484975541579314,0.5185298514200869,0.2768818368986632,0.5021499681654673,54
clean54,endpoint_mean,active_minus_baseline,1,16,17,all_common,cook_chem,flow,2862,699,0.24423480083857443,0.5100523368367862,0.24690737372199517,0.49525780756075805,54
clean54,endpoint_mean,active_minus_baseline,1,16,17,all_common,cook_gap,flow,2862,169,0.05904961565338924,0.5290573632714225,0.0737920876929231,0.49642186487602513,45
clean54,endpoint_mean,active_minus_baseline,1,16,17,strong_fixed_support,randi_wild_type,flow,824,133,0.16140776699029127,0.5806230482138777,0.22437555418989158,0.5227374104371822,24
clean54,endpoint_mean,active_minus_baseline,1,16,17,strong_fixed_support,cook_struct,flow,1749,439,0.2510005717552887,0.5319758646472726,0.26392608006757423,0.514364736372218,33
clean54,endpoint_mean,active_minus_baseline,1,16,17,strong_fixed_support,cook_chem,flow,1749,405,0.23156089193825044,0.5275462962962962,0.2393742205204831,0.5093632195396265,33
clean54,endpoint_mean,active_minus_baseline,1,16,17,strong_fixed_support,cook_gap,flow,1749,98,0.05603201829616924,0.5286962756029123,0.06607397260478878,0.5176686566203091,28
clean54,endpoint_mean,active_minus_baseline,1,32,33,all_common,randi_wild_type,flow,1349,257,0.1905114899925871,0.5642771625261898,0.22812697062119336,0.5457019249229024,40
clean54,endpoint_mean,active_minus_baseline,1,32,33,all_common,cook_struct,flow,2862,758,0.26484975541579314,0.5321977487283927,0.2962450221924996,0.5085159263687642,54
clean54,endpoint_mean,active_minus_baseline,1,32,33,all_common,cook_chem,flow,2862,699,0.24423480083857443,0.5224318209025905,0.25763405246291926,0.5001066729783171,54
clean54,endpoint_mean,active_minus_baseline,1,32,33,all_common,cook_gap,flow,2862,169,0.05904961565338924,0.5453696521993245,0.0992166531763696,0.494818017680136,45
clean54,endpoint_mean,active_minus_baseline,1,32,33,strong_fixed_support,randi_wild_type,flow,824,133,0.16140776699029127,0.5884900384100628,0.22412077944545683,0.5688368054386189,24
clean54,endpoint_mean,active_minus_baseline,1,32,33,strong_fixed_support,cook_struct,flow,1749,439,0.2510005717552887,0.5271592272513868,0.26618941153699466,0.5078688633068071,33
clean54,endpoint_mean,active_minus_baseline,1,32,33,strong_fixed_support,cook_chem,flow,1749,405,0.23156089193825044,0.5234384185773076,0.24114752160529984,0.5009867595495094,33
clean54,endpoint_mean,active_minus_baseline,1,32,33,strong_fixed_support,cook_gap,flow,1749,98,0.05603201829616924,0.5213599673667165,0.06806689006922745,0.5023313810776597,28
clean54,endpoint_mean,active_minus_baseline,4,1,5,all_common,randi_wild_type,flow,1349,257,0.1905114899925871,0.5309858753438521,0.20801297472975158,0.5369143177044501,40
clean54,endpoint_mean,active_minus_baseline,4,1,5,all_common,cook_struct,flow,2862,758,0.26484975541579314,0.48511473308787384,0.2689682371946034,0.4741579277802084,54
clean54,endpoint_mean,active_minus_baseline,4,1,5,all_common,cook_chem,flow,2862,699,0.24423480083857443,0.48570906062884894,0.24341014237542388,0.47640489297695915,54
clean54,endpoint_mean,active_minus_baseline,4,1,5,all_common,cook_gap,flow,2862,169,0.05904961565338924,0.4859717391352114,0.07525743658988487,0.4799642475975015,45
clean54,endpoint_mean,active_minus_baseline,4,1,5,strong_fixed_support,randi_wild_type,flow,824,133,0.16140776699029127,0.538970436220798,0.19116589043015456,0.5503939694916419,24
clean54,endpoint_mean,active_minus_baseline,4,1,5,strong_fixed_support,cook_struct,flow,1749,439,0.2510005717552887,0.47535516180076165,0.24933594098010803,0.4660834541600078,33
clean54,endpoint_mean,active_minus_baseline,4,1,5,strong_fixed_support,cook_chem,flow,1749,405,0.23156089193825044,0.480217519106408,0.23303030590310406,0.470386411324022,33
clean54,endpoint_mean,active_minus_baseline,4,1,5,strong_fixed_support,cook_gap,flow,1749,98,0.05603201829616924,0.4581700639068468,0.0588082915369903,0.46860631065983993,28
clean54,endpoint_mean,active_minus_baseline,4,2,6,all_common,randi_wild_type,flow,1349,257,0.1905114899925871,0.5288693148615328,0.20730567415305842,0.5353773066687889,40
clean54,endpoint_mean,active_minus_baseline,4,2,6,all_common,cook_struct,flow,2862,758,0.26484975541579314,0.4824671187937037,0.26882750644561715,0.4731292024973661,54
clean54,endpoint_mean,active_minus_baseline,4,2,6,all_common,cook_chem,flow,2862,699,0.24423480083857443,0.4828990890493453,0.24310100261370315,0.4749022793837564,54
clean54,endpoint_mean,active_minus_baseline,4,2,6,all_common,cook_gap,flow,2862,169,0.05904961565338924,0.4854905441897359,0.07568516201251427,0.4785174982794858,45
clean54,endpoint_mean,active_minus_baseline,4,2,6,strong_fixed_support,randi_wild_type,flow,824,133,0.16140776699029127,0.5312557805512333,0.18967776756887322,0.5474544215643489,24
clean54,endpoint_mean,active_minus_baseline,4,2,6,strong_fixed_support,cook_struct,flow,1749,439,0.2510005717552887,0.47140447582117584,0.24898342553497438,0.46325431795419714,33
clean54,endpoint_mean,active_minus_baseline,4,2,6,strong_fixed_support,cook_chem,flow,1749,405,0.23156089193825044,0.4756338183421517,0.23244450095280822,0.4666363884937851,33
clean54,endpoint_mean,active_minus_baseline,4,2,6,strong_fixed_support,cook_gap,flow,1749,98,0.05603201829616924,0.4604939492453553,0.05914173868514317,0.47000409547012495,28
clean54,endpoint_mean,active_minus_baseline,4,4,8,all_common,randi_wild_type,flow,1349,257,0.1905114899925871,0.525648152107296,0.20523643738485522,0.5296779497402688,40
clean54,endpoint_mean,active_minus_baseline,4,4,8,all_common,cook_struct,flow,2862,758,0.26484975541579314,0.48273673966913133,0.26968568952087113,0.47274574185292656,54
clean54,endpoint_mean,active_minus_baseline,4,4,8,all_common,cook_chem,flow,2862,699,0.24423480083857443,0.4826847944061161,0.2429487882792504,0.47261893090195256,54
clean54,endpoint_mean,active_minus_baseline,4,4,8,all_common,cook_gap,flow,2862,169,0.05904961565338924,0.493873004084664,0.07859684352585387,0.48362349195996135,45
clean54,endpoint_mean,active_minus_baseline,4,4,8,strong_fixed_support,randi_wild_type,flow,824,133,0.16140776699029127,0.5215281329227555,0.18631253218640947,0.5370242954234384,24
clean54,endpoint_mean,active_minus_baseline,4,4,8,strong_fixed_support,cook_struct,flow,1749,439,0.2510005717552887,0.4735554434958007,0.25101867118854604,0.4653745935919642,33
clean54,endpoint_mean,active_minus_baseline,4,4,8,strong_fixed_support,cook_chem,flow,1749,405,0.23156089193825044,0.47672141387419165,0.23376543291922058,0.4661644811509527,33
clean54,endpoint_mean,active_minus_baseline,4,4,8,strong_fixed_support,cook_gap,flow,1749,98,0.05603201829616924,0.4763223278408879,0.062350903397405434,0.4897615096896702,28
clean54,endpoint_mean,active_minus_baseline,4,8,12,all_common,randi_wild_type,flow,1349,257,0.1905114899925871,0.5282706916948162,0.20389860153921213,0.5288568913169448,40
clean54,endpoint_mean,active_minus_baseline,4,8,12,all_common,cook_struct,flow,2862,758,0.26484975541579314,0.4866826098297501,0.27207620045431447,0.47711780942073795,54
clean54,endpoint_mean,active_minus_baseline,4,8,12,all_common,cook_chem,flow,2862,699,0.24423480083857443,0.48846215153144606,0.24504301107258836,0.4802441309881336,54
clean54,endpoint_mean,active_minus_baseline,4,8,12,all_common,cook_gap,flow,2862,169,0.05904961565338924,0.4940399941114043,0.08415962556882764,0.4660280222939978,45
clean54,endpoint_mean,active_minus_baseline,4,8,12,strong_fixed_support,randi_wild_type,flow,824,133,0.16140776699029127,0.5101900917271471,0.18479303243184952,0.5184480204781403,24
clean54,endpoint_mean,active_minus_baseline,4,8,12,strong_fixed_support,cook_struct,flow,1749,439,0.2510005717552887,0.47588899128832013,0.2518189503432447,0.4698532365072461,33
clean54,endpoint_mean,active_minus_baseline,4,8,12,strong_fixed_support,cook_chem,flow,1749,405,0.23156089193825044,0.4792254556143445,0.23329287672657006,0.4736563670973136,33
clean54,endpoint_mean,active_minus_baseline,4,8,12,strong_fixed_support,cook_gap,flow,1749,98,0.05603201829616924,0.48715682517707265,0.06523063844927754,0.4798248494375625,28
clean54,endpoint_mean,active_minus_baseline,4,16,20,all_common,randi_wild_type,flow,1349,257,0.1905114899925871,0.5284844856829293,0.2084038891052138,0.5161956685457455,40
clean54,endpoint_mean,active_minus_baseline,4,16,20,all_common,cook_struct,flow,2862,758,0.26484975541579314,0.49764426597911254,0.2756500325055158,0.48117465071536186,54
clean54,endpoint_mean,active_minus_baseline,4,16,20,all_common,cook_chem,flow,2862,699,0.24423480083857443,0.4970663460183856,0.24836095571569727,0.48221506030284866,54
clean54,endpoint_mean,active_minus_baseline,4,16,20,all_common,cook_gap,flow,2862,169,0.05904961565338924,0.5094470213153981,0.08704560798234834,0.47176012231576153,45
clean54,endpoint_mean,active_minus_baseline,4,16,20,strong_fixed_support,randi_wild_type,flow,824,133,0.16140776699029127,0.5132803064100193,0.19267328710996545,0.5044291844058423,24
clean54,endpoint_mean,active_minus_baseline,4,16,20,strong_fixed_support,cook_struct,flow,1749,439,0.2510005717552887,0.48380601297188264,0.25498615853889417,0.4747107157357737,33
clean54,endpoint_mean,active_minus_baseline,4,16,20,strong_fixed_support,cook_chem,flow,1749,405,0.23156089193825044,0.4830651087595532,0.2325333822038248,0.4760291867498571,33
clean54,endpoint_mean,active_minus_baseline,4,16,20,strong_fixed_support,cook_gap,flow,1749,98,0.05603201829616924,0.510871580612863,0.078828459344032,0.4772539789744402,28
clean54,endpoint_mean,active_minus_baseline,4,32,36,all_common,randi_wild_type,flow,1349,257,0.1905114899925871,0.5265532133236414,0.20740076154699114,0.5115449831435005,40
clean54,endpoint_mean,active_minus_baseline,4,32,36,all_common,cook_struct,flow,2862,758,0.26484975541579314,0.5116200327056393,0.27982811709801436,0.49529667549591233,54
clean54,endpoint_mean,active_minus_baseline,4,32,36,all_common,cook_chem,flow,2862,699,0.24423480083857443,0.5102322385125835,0.2533437209640236,0.4979233204940129,54
clean54,endpoint_mean,active_minus_baseline,4,32,36,all_common,cook_gap,flow,2862,169,0.05904961565338924,0.5171219708338736,0.08352793664902325,0.4728315260326188,45
clean54,endpoint_mean,active_minus_baseline,4,32,36,strong_fixed_support,randi_wild_type,flow,824,133,0.16140776699029127,0.5294495283070193,0.21685466164456507,0.5225657124521071,24
clean54,endpoint_mean,active_minus_baseline,4,32,36,strong_fixed_support,cook_struct,flow,1749,439,0.2510005717552887,0.491399607018032,0.25178278244342217,0.4893924348258306,33
clean54,endpoint_mean,active_minus_baseline,4,32,36,strong_fixed_support,cook_chem,flow,1749,405,0.23156089193825044,0.48916078777189886,0.22785968938179427,0.4920736120760328,33
clean54,endpoint_mean,active_minus_baseline,4,32,36,strong_fixed_support,cook_gap,flow,1749,98,0.05603201829616924,0.5119284539981953,0.07177790402974936,0.4348063408227087,28
clean54,endpoint_mean,active_minus_baseline,8,1,9,all_common,randi_wild_type,flow,1349,257,0.1905114899925871,0.5104901583500805,0.20277136212671357,0.507670823703702,40
clean54,endpoint_mean,active_minus_baseline,8,1,9,all_common,cook_struct,flow,2862,758,0.26484975541579314,0.5176357133541338,0.2786225518031745,0.49808703736141485,54
clean54,endpoint_mean,active_minus_baseline,8,1,9,all_common,cook_chem,flow,2862,699,0.24423480083857443,0.51539184503058,0.25357984851340704,0.49936785734929434,54
clean54,endpoint_mean,active_minus_baseline,8,1,9,all_common,cook_gap,flow,2862,169,0.05904961565338924,0.49960779316087955,0.06313299362726466,0.499853050412132,45
clean54,endpoint_mean,active_minus_baseline,8,1,9,strong_fixed_support,randi_wild_type,flow,824,133,0.16140776699029127,0.4901581014765568,0.16825762987166543,0.5032579213131555,24
clean54,endpoint_mean,active_minus_baseline,8,1,9,strong_fixed_support,cook_struct,flow,1749,439,0.2510005717552887,0.5095689370359422,0.26107289499360964,0.49713780323033774,33
clean54,endpoint_mean,active_minus_baseline,8,1,9,strong_fixed_support,cook_chem,flow,1749,405,0.23156089193825044,0.5114491475602587,0.2428504374063148,0.5005103124465771,33
clean54,endpoint_mean,active_minus_baseline,8,1,9,strong_fixed_support,cook_gap,flow,1749,98,0.05603201829616924,0.5184056663246763,0.06442346509862784,0.5208986269754182,28
clean54,endpoint_mean,active_minus_baseline,8,2,10,all_common,randi_wild_type,flow,1349,257,0.1905114899925871,0.5129416627471102,0.20292019547138215,0.5120984393906157,40
clean54,endpoint_mean,active_minus_baseline,8,2,10,all_common,cook_struct,flow,2862,758,0.26484975541579314,0.5189988663382726,0.27889125334719056,0.5011478751393097,54
clean54,endpoint_mean,active_minus_baseline,8,2,10,all_common,cook_chem,flow,2862,699,0.24423480083857443,0.517209381078709,0.25456884117999845,0.502311732107818,54
clean54,endpoint_mean,active_minus_baseline,8,2,10,all_common,cook_gap,flow,2862,169,0.05904961565338924,0.5028157594640499,0.06247539408928986,0.5066271559490808,45
clean54,endpoint_mean,active_minus_baseline,8,2,10,strong_fixed_support,randi_wild_type,flow,824,133,0.16140776699029127,0.492258141736396,0.16839073818914582,0.5082128236082819,24
clean54,endpoint_mean,active_minus_baseline,8,2,10,strong_fixed_support,cook_struct,flow,1749,439,0.2510005717552887,0.5098367212088543,0.26070350868972053,0.49816779386814514,33
clean54,endpoint_mean,active_minus_baseline,8,2,10,strong_fixed_support,cook_chem,flow,1749,405,0.23156089193825044,0.5112929894179894,0.2426632479098845,0.5011222649705801,33
clean54,endpoint_mean,active_minus_baseline,8,2,10,strong_fixed_support,cook_gap,flow,1749,98,0.05603201829616924,0.5231461451933893,0.07145465125448323,0.5291178433960309,28
clean54,endpoint_mean,active_minus_baseline,8,4,12,all_common,randi_wild_type,flow,1349,257,0.1905114899925871,0.5114736106954005,0.20267187700792005,0.5082741602907861,40
clean54,endpoint_mean,active_minus_baseline,8,4,12,all_common,cook_struct,flow,2862,758,0.26484975541579314,0.5206115753885049,0.27882422354371683,0.49948997094860637,54
clean54,endpoint_mean,active_minus_baseline,8,4,12,all_common,cook_chem,flow,2862,699,0.24423480083857443,0.5182358788759055,0.25512614943161455,0.49913665561243303,54
clean54,endpoint_mean,active_minus_baseline,8,4,12,all_common,cook_gap,flow,2862,169,0.05904961565338924,0.5089218816260435,0.06206703444579979,0.5107793545322941,45
clean54,endpoint_mean,active_minus_baseline,8,4,12,strong_fixed_support,randi_wild_type,flow,824,133,0.16140776699029127,0.4891461649782923,0.16690180645979721,0.5029863919514129,24
clean54,endpoint_mean,active_minus_baseline,8,4,12,strong_fixed_support,cook_struct,flow,1749,439,0.2510005717552887,0.5088247056982385,0.25888483160989706,0.4923757026609962,33
clean54,endpoint_mean,active_minus_baseline,8,4,12,strong_fixed_support,cook_chem,flow,1749,405,0.23156089193825044,0.5092849794238683,0.241022186623917,0.49323634829716095,33
clean54,endpoint_mean,active_minus_baseline,8,4,12,strong_fixed_support,cook_gap,flow,1749,98,0.05603201829616924,0.5267185008467348,0.07102542045850181,0.5279680696948278,28
clean54,endpoint_mean,active_minus_baseline,8,8,16,all_common,randi_wild_type,flow,1349,257,0.1905114899925871,0.5103119966933196,0.20352882882041606,0.492371703488408,40
clean54,endpoint_mean,active_minus_baseline,8,8,16,all_common,cook_struct,flow,2862,758,0.26484975541579314,0.5231159144035233,0.27965392894434526,0.5015318055642981,54
clean54,endpoint_mean,active_minus_baseline,8,8,16,all_common,cook_chem,flow,2862,699,0.24423480083857443,0.5199337009412429,0.25650319498542895,0.49898166214048706,54
clean54,endpoint_mean,active_minus_baseline,8,8,16,all_common,cook_gap,flow,2862,169,0.05904961565338924,0.5248826126029131,0.062380207681919056,0.5308458233199477,45
clean54,endpoint_mean,active_minus_baseline,8,8,16,strong_fixed_support,randi_wild_type,flow,824,133,0.16140776699029127,0.4867414556652122,0.16607064982960057,0.4766887427610668,24
clean54,endpoint_mean,active_minus_baseline,8,8,16,strong_fixed_support,cook_struct,flow,1749,439,0.2510005717552887,0.5065607122363457,0.25507881322002424,0.49101863182063343,33
clean54,endpoint_mean,active_minus_baseline,8,8,16,strong_fixed_support,cook_chem,flow,1749,405,0.23156089193825044,0.5051146384479718,0.23703844889145181,0.48811407880964947,33
clean54,endpoint_mean,active_minus_baseline,8,8,16,strong_fixed_support,cook_gap,flow,1749,98,0.05603201829616924,0.5339682814373478,0.0702594061224473,0.5361939834184014,28
clean54,endpoint_mean,active_minus_baseline,8,16,24,all_common,randi_wild_type,flow,1349,257,0.1905114899925871,0.5380054446202306,0.2130898347842357,0.5075571113873723,40
clean54,endpoint_mean,active_minus_baseline,8,16,24,all_common,cook_struct,flow,2862,758,0.26484975541579314,0.5240106794947681,0.28398034308209386,0.5059141466333761,54
clean54,endpoint_mean,active_minus_baseline,8,16,24,all_common,cook_chem,flow,2862,699,0.24423480083857443,0.5206076708222631,0.2593997770014502,0.5024452641711586,54
clean54,endpoint_mean,active_minus_baseline,8,16,24,all_common,cook_gap,flow,2862,169,0.05904961565338924,0.5438249944519761,0.0657091907884993,0.5354207077303779,45
clean54,endpoint_mean,active_minus_baseline,8,16,24,strong_fixed_support,randi_wild_type,flow,824,133,0.16140776699029127,0.5043687366027224,0.16655871540489553,0.48347222870325224,24
clean54,endpoint_mean,active_minus_baseline,8,16,24,strong_fixed_support,cook_struct,flow,1749,439,0.2510005717552887,0.5069797770783703,0.25097762685535757,0.4947965073226847,33
clean54,endpoint_mean,active_minus_baseline,8,16,24,strong_fixed_support,cook_chem,flow,1749,405,0.23156089193825044,0.5047600676072899,0.23163735247080416,0.49269771620473446,33
clean54,endpoint_mean,active_minus_baseline,8,16,24,strong_fixed_support,cook_gap,flow,1749,98,0.05603201829616924,0.544765695496854,0.07111668524936543,0.5298171742593766,28
clean54,endpoint_mean,active_minus_baseline,8,32,40,all_common,randi_wild_type,flow,1349,257,0.1905114899925871,0.5415829306879891,0.21280123503693094,0.5074767676358928,40
clean54,endpoint_mean,active_minus_baseline,8,32,40,all_common,cook_struct,flow,2862,758,0.26484975541579314,0.5329464169266732,0.2900348954244308,0.5110007962425601,54
clean54,endpoint_mean,active_minus_baseline,8,32,40,all_common,cook_chem,flow,2862,699,0.24423480083857443,0.5280127412716271,0.25913835603074264,0.510074946048479,54
clean54,endpoint_mean,active_minus_baseline,8,32,40,all_common,cook_gap,flow,2862,169,0.05904961565338924,0.5612600715859878,0.07866556562622647,0.5300420562059516,45
clean54,endpoint_mean,active_minus_baseline,8,32,40,strong_fixed_support,randi_wild_type,flow,824,133,0.16140776699029127,0.505717985267075,0.16453132746085297,0.4978209830759666,24
clean54,endpoint_mean,active_minus_baseline,8,32,40,strong_fixed_support,cook_struct,flow,1749,439,0.2510005717552887,0.49520075118677076,0.2411792013252984,0.4915457105608723,33
clean54,endpoint_mean,active_minus_baseline,8,32,40,strong_fixed_support,cook_chem,flow,1749,405,0.23156089193825044,0.49478248089359195,0.22093448537532367,0.49473585845103923,33
clean54,endpoint_mean,active_minus_baseline,8,32,40,strong_fixed_support,cook_gap,flow,1749,98,0.05603201829616924,0.5467805535297099,0.06287571453909124,0.5206076476852008,28
clean54,endpoint_mean,active_minus_baseline,16,1,17,all_common,randi_wild_type,flow,1349,257,0.1905114899925871,0.5505052664585739,0.23732537228112383,0.5319403990345805,40
clean54,endpoint_mean,active_minus_baseline,16,1,17,all_common,cook_struct,flow,2862,758,0.26484975541579314,0.5109785858322382,0.2793104163612484,0.5010197734664079,54
clean54,endpoint_mean,active_minus_baseline,16,1,17,all_common,cook_chem,flow,2862,699,0.24423480083857443,0.5148858715674,0.2594150130650022,0.5106190161739467,54
clean54,endpoint_mean,active_minus_baseline,16,1,17,all_common,cook_gap,flow,2862,169,0.05904961565338924,0.4801512578084317,0.059465447787760604,0.45813155268468475,45
clean54,endpoint_mean,active_minus_baseline,16,1,17,strong_fixed_support,randi_wild_type,flow,824,133,0.16140776699029127,0.5033459190668421,0.17085505080039404,0.5131833962871107,24
clean54,endpoint_mean,active_minus_baseline,16,1,17,strong_fixed_support,cook_struct,flow,1749,439,0.2510005717552887,0.5134292023857135,0.265276697568978,0.4944534075164808,33
clean54,endpoint_mean,active_minus_baseline,16,1,17,strong_fixed_support,cook_chem,flow,1749,405,0.23156089193825044,0.5202160493827162,0.2456762074005742,0.5052911026769378,33
clean54,endpoint_mean,active_minus_baseline,16,1,17,strong_fixed_support,cook_gap,flow,1749,98,0.05603201829616924,0.46958553257765856,0.05409272464728731,0.4565653891402855,28
clean54,endpoint_mean,active_minus_baseline,16,2,18,all_common,randi_wild_type,flow,1349,257,0.1905114899925871,0.5517595245221705,0.2373974064171364,0.5339121050617188,40
clean54,endpoint_mean,active_minus_baseline,16,2,18,all_common,cook_struct,flow,2862,758,0.26484975541579314,0.5140259287498621,0.279854316017433,0.5029051651584361,54
clean54,endpoint_mean,active_minus_baseline,16,2,18,all_common,cook_chem,flow,2862,699,0.24423480083857443,0.5176082072202745,0.2599781767503346,0.5121143971464086,54
clean54,endpoint_mean,active_minus_baseline,16,2,18,all_common,cook_gap,flow,2862,169,0.05904961565338924,0.4821309685201828,0.0596851922934676,0.4586689393265475,45
clean54,endpoint_mean,active_minus_baseline,16,2,18,strong_fixed_support,randi_wild_type,flow,824,133,0.16140776699029127,0.5098418985234432,0.17231581049737615,0.5196116088925787,24
clean54,endpoint_mean,active_minus_baseline,16,2,18,strong_fixed_support,cook_struct,flow,1749,439,0.2510005717552887,0.5156132083673859,0.2652484672058979,0.4963285060082449,33
clean54,endpoint_mean,active_minus_baseline,16,2,18,strong_fixed_support,cook_chem,flow,1749,405,0.23156089193825044,0.521601263962375,0.24559915487275003,0.5064741386977839,33
clean54,endpoint_mean,active_minus_baseline,16,2,18,strong_fixed_support,cook_gap,flow,1749,98,0.05603201829616924,0.4724038616052114,0.05399140034533531,0.45549624518918946,28
clean54,endpoint_mean,active_minus_baseline,16,4,20,all_common,randi_wild_type,flow,1349,257,0.1905114899925871,0.5494362965180086,0.2353042869684556,0.5335112098722307,40
clean54,endpoint_mean,active_minus_baseline,16,4,20,all_common,cook_struct,flow,2862,758,0.26484975541579314,0.5187994722955145,0.28103743076216076,0.5045471058752798,54
clean54,endpoint_mean,active_minus_baseline,16,4,20,all_common,cook_chem,flow,2862,699,0.24423480083857443,0.5227373891901581,0.2613329887378924,0.5129486576176889,54
clean54,endpoint_mean,active_minus_baseline,16,4,20,all_common,cook_gap,flow,2862,169,0.05904961565338924,0.48255064082422766,0.05986104160671825,0.4594810964935271,45
clean54,endpoint_mean,active_minus_baseline,16,4,20,strong_fixed_support,randi_wild_type,flow,824,133,0.16140776699029127,0.5182855837132629,0.17418477969646076,0.528546437408905,24
clean54,endpoint_mean,active_minus_baseline,16,4,20,strong_fixed_support,cook_struct,flow,1749,439,0.2510005717552887,0.5194734737171572,0.26595351966240566,0.49832837996225404,33
clean54,endpoint_mean,active_minus_baseline,16,4,20,strong_fixed_support,cook_chem,flow,1749,405,0.23156089193825044,0.5253398736037624,0.24645371359581475,0.5074094216899481,33
clean54,endpoint_mean,active_minus_baseline,16,4,20,strong_fixed_support,cook_gap,flow,1749,98,0.05603201829616924,0.4720886537534456,0.0537614810840132,0.4565807811220168,28
clean54,endpoint_mean,active_minus_baseline,16,8,24,all_common,randi_wild_type,flow,1349,257,0.1905114899925871,0.55109676315902,0.23573806310490938,0.5284560764829783,40
clean54,endpoint_mean,active_minus_baseline,16,8,24,all_common,cook_struct,flow,2862,758,0.26484975541579314,0.5220794415963562,0.2822822959128821,0.503193659220185,54
clean54,endpoint_mean,active_minus_baseline,16,8,24,all_common,cook_chem,flow,2862,699,0.24423480083857443,0.525756694888742,0.26228091962353484,0.5109904936799962,54
clean54,endpoint_mean,active_minus_baseline,16,8,24,all_common,cook_gap,flow,2862,169,0.05904961565338924,0.488709496678876,0.061097763259801444,0.45441551262959323,45
clean54,endpoint_mean,active_minus_baseline,16,8,24,strong_fixed_support,randi_wild_type,flow,824,133,0.16140776699029127,0.5272515587086385,0.17810887925429217,0.5285865197262826,24
clean54,endpoint_mean,active_minus_baseline,16,8,24,strong_fixed_support,cook_struct,flow,1749,439,0.2510005717552887,0.5229181519414352,0.26555247386560626,0.49823856593647553,33
clean54,endpoint_mean,active_minus_baseline,16,8,24,strong_fixed_support,cook_chem,flow,1749,405,0.23156089193825044,0.5278273809523809,0.24587796974907483,0.5061336171433252,33
clean54,endpoint_mean,active_minus_baseline,16,8,24,strong_fixed_support,cook_gap,flow,1749,98,0.05603201829616924,0.4795176701813372,0.05444893046924246,0.45477740638362235,28
clean54,endpoint_mean,active_minus_baseline,16,16,32,all_common,randi_wild_type,flow,1349,257,0.1905114899925871,0.5472128390416328,0.22639295932208436,0.5241720722222574,40
clean54,endpoint_mean,active_minus_baseline,16,16,32,all_common,cook_struct,flow,2862,758,0.26484975541579314,0.5335609017125316,0.2892409459755557,0.5123215735294472,54
clean54,endpoint_mean,active_minus_baseline,16,16,32,all_common,cook_chem,flow,2862,699,0.24423480083857443,0.5355910993645899,0.2677552847016048,0.5161588242144907,54
clean54,endpoint_mean,active_minus_baseline,16,16,32,all_common,cook_gap,flow,2862,169,0.05904961565338924,0.511710175625169,0.06707778620178,0.48012508692354966,45
clean54,endpoint_mean,active_minus_baseline,16,16,32,strong_fixed_support,randi_wild_type,flow,824,133,0.16140776699029127,0.5259893583452118,0.1796192167603582,0.5276788852437614,24
clean54,endpoint_mean,active_minus_baseline,16,16,32,strong_fixed_support,cook_struct,flow,1749,439,0.2510005717552887,0.5275522092194265,0.2635845768073862,0.5109155243686643,33
clean54,endpoint_mean,active_minus_baseline,16,16,32,strong_fixed_support,cook_chem,flow,1749,405,0.23156089193825044,0.5293981481481482,0.24225041291988916,0.5124135106841181,33
clean54,endpoint_mean,active_minus_baseline,16,16,32,strong_fixed_support,cook_gap,flow,1749,98,0.05603201829616924,0.49084661120656625,0.056027247375534245,0.4805975440426557,28
clean54,endpoint_mean,active_minus_baseline,16,32,48,all_common,randi_wild_type,flow,1349,257,0.1905114899925871,0.525516312481293,0.2142395837512014,0.49527249483770464,40
clean54,endpoint_mean,active_minus_baseline,16,32,48,all_common,cook_struct,flow,2862,758,0.26484975541579314,0.5289710765773448,0.3026678916362928,0.504905232310171,54
clean54,endpoint_mean,active_minus_baseline,16,32,48,all_common,cook_chem,flow,2862,699,0.24423480083857443,0.5281364236737377,0.27740187578533176,0.5068756857527082,54
clean54,endpoint_mean,active_minus_baseline,16,32,48,all_common,cook_gap,flow,2862,169,0.05904961565338924,0.537747436373504,0.07802344658097032,0.5116922800477333,45
clean54,endpoint_mean,active_minus_baseline,16,32,48,strong_fixed_support,randi_wild_type,flow,824,133,0.16140776699029127,0.5041946400008704,0.1710280576723229,0.4898406350226007,24
clean54,endpoint_mean,active_minus_baseline,16,32,48,strong_fixed_support,cook_struct,flow,1749,439,0.2510005717552887,0.5114747256951085,0.2576492171851462,0.5030219108286548,33
clean54,endpoint_mean,active_minus_baseline,16,32,48,strong_fixed_support,cook_chem,flow,1749,405,0.23156089193825044,0.5082488242210464,0.23492429472304382,0.4996681958209229,33
clean54,endpoint_mean,active_minus_baseline,16,32,48,strong_fixed_support,cook_gap,flow,1749,98,0.05603201829616924,0.5122745645805263,0.05920088991816712,0.514259046437474,28
clean54,cumulative_mean,state_average,1,1,2,all_common,randi_wild_type,flow,1349,257,0.1905114899925871,0.6714734681660751,0.3545690268378635,0.6651467832690147,40
clean54,cumulative_mean,state_average,1,1,2,all_common,cook_struct,flow,2862,758,0.26484975541579314,0.6142483973233546,0.38451311315747083,0.6027711852500461,54
clean54,cumulative_mean,state_average,1,1,2,all_common,cook_chem,flow,2862,699,0.24423480083857443,0.601492654786542,0.34968711837816085,0.590015684345389,54
clean54,cumulative_mean,state_average,1,1,2,all_common,cook_gap,flow,2862,169,0.05904961565338924,0.6779839030403172,0.13217963606796884,0.6959588421636455,45
clean54,cumulative_mean,state_average,1,1,2,strong_fixed_support,randi_wild_type,flow,824,133,0.16140776699029127,0.6505228338574365,0.3054372480813565,0.6318694373247863,24
clean54,cumulative_mean,state_average,1,1,2,strong_fixed_support,cook_struct,flow,1749,439,0.2510005717552887,0.6187205480881254,0.37855246022698674,0.6039405246949604,33
clean54,cumulative_mean,state_average,1,1,2,strong_fixed_support,cook_chem,flow,1749,405,0.23156089193825044,0.609893077601411,0.35085367459639827,0.594326615231043,33
clean54,cumulative_mean,state_average,1,1,2,strong_fixed_support,cook_gap,flow,1749,98,0.05603201829616924,0.6589883682122152,0.13931777522039465,0.6732220421255777,28
clean54,cumulative_mean,state_average,1,2,3,all_common,randi_wild_type,flow,1349,257,0.1905114899925871,0.6703866820598339,0.35216082067856525,0.662137083532728,40
clean54,cumulative_mean,state_average,1,2,3,all_common,cook_struct,flow,2862,758,0.26484975541579314,0.6139439765442378,0.3837783711692563,0.5998478110691744,54
clean54,cumulative_mean,state_average,1,2,3,all_common,cook_chem,flow,2862,699,0.24423480083857443,0.6008487787520247,0.34880940591965587,0.5873158876999284,54
clean54,cumulative_mean,state_average,1,2,3,all_common,cook_gap,flow,2862,169,0.05904961565338924,0.680710674398012,0.13233299075491653,0.6927324101287632,45
clean54,cumulative_mean,state_average,1,2,3,strong_fixed_support,randi_wild_type,flow,824,133,0.16140776699029127,0.6492279903811626,0.30061291291137904,0.6308620215153637,24
clean54,cumulative_mean,state_average,1,2,3,strong_fixed_support,cook_struct,flow,1749,439,0.2510005717552887,0.6183501712775392,0.37656248967136724,0.6022597860693555,33
clean54,cumulative_mean,state_average,1,2,3,strong_fixed_support,cook_chem,flow,1749,405,0.23156089193825044,0.609566064079953,0.34940367288470897,0.5933890548767632,33
clean54,cumulative_mean,state_average,1,2,3,strong_fixed_support,cook_gap,flow,1749,98,0.05603201829616924,0.658283785955327,0.13734141897664434,0.6667413107239817,28
clean54,cumulative_mean,state_average,1,4,5,all_common,randi_wild_type,flow,1349,257,0.1905114899925871,0.6669481620843489,0.34523788777262443,0.6609964035915875,40
clean54,cumulative_mean,state_average,1,4,5,all_common,cook_struct,flow,2862,758,0.26484975541579314,0.6137931769615859,0.38167226828141576,0.595582351555572,54
clean54,cumulative_mean,state_average,1,4,5,all_common,cook_chem,flow,2862,699,0.24423480083857443,0.6005098096018551,0.34659075197484146,0.5836600862584631,54
clean54,cumulative_mean,state_average,1,4,5,all_common,cook_gap,flow,2862,169,0.05904961565338924,0.683424262332543,0.13292399700292357,0.685909327031353,45
clean54,cumulative_mean,state_average,1,4,5,strong_fixed_support,randi_wild_type,flow,824,133,0.16140776699029127,0.6473890950241016,0.29915050023245543,0.6309148788200593,24
clean54,cumulative_mean,state_average,1,4,5,strong_fixed_support,cook_struct,flow,1749,439,0.2510005717552887,0.617851118955294,0.37414899597610934,0.5979486085318411,33
clean54,cumulative_mean,state_average,1,4,5,strong_fixed_support,cook_chem,flow,1749,405,0.23156089193825044,0.6096101557907114,0.3476930128049218,0.5904740088488509,33
clean54,cumulative_mean,state_average,1,4,5,strong_fixed_support,cook_gap,flow,1749,98,0.05603201829616924,0.6572269125699947,0.13525363334837828,0.6552379663299697,28
clean54,cumulative_mean,state_average,1,8,9,all_common,randi_wild_type,flow,1349,257,0.1905114899925871,0.6643576915950458,0.3314331596193457,0.6429679463675397,40
clean54,cumulative_mean,state_average,1,8,9,all_common,cook_struct,flow,2862,758,0.26484975541579314,0.6145462343369082,0.3794405595300307,0.5949838262553254,54
clean54,cumulative_mean,state_average,1,8,9,all_common,cook_chem,flow,2862,699,0.24423480083857443,0.6011520321283228,0.3439604973004013,0.5827884787392031,54
clean54,cumulative_mean,state_average,1,8,9,all_common,cook_gap,flow,2862,169,0.05904961565338924,0.6852875194730146,0.1340812648276615,0.683184260922001,45
clean54,cumulative_mean,state_average,1,8,9,strong_fixed_support,randi_wild_type,flow,824,133,0.16140776699029127,0.6504249045188949,0.292166725266628,0.6205435202765356,24
clean54,cumulative_mean,state_average,1,8,9,strong_fixed_support,cook_struct,flow,1749,439,0.2510005717552887,0.6155610426194161,0.3691888305862987,0.5992821233883946,33
clean54,cumulative_mean,state_average,1,8,9,strong_fixed_support,cook_chem,flow,1749,405,0.23156089193825044,0.6077895355673133,0.3435961449800772,0.5929131791120222,33
clean54,cumulative_mean,state_average,1,8,9,strong_fixed_support,cook_gap,flow,1749,98,0.05603201829616924,0.6601503108814695,0.13467877473844866,0.6519368073681918,28
clean54,cumulative_mean,state_average,1,16,17,all_common,randi_wild_type,flow,1349,257,0.1905114899925871,0.6528128162369409,0.30654517160559525,0.6348309332671693,40
clean54,cumulative_mean,state_average,1,16,17,all_common,cook_struct,flow,2862,758,0.26484975541579314,0.6129084442750083,0.3767836469285916,0.5905510638966311,54
clean54,cumulative_mean,state_average,1,16,17,all_common,cook_chem,flow,2862,699,0.24423480083857443,0.6008795340017474,0.34068412669294135,0.5791717810376873,54
clean54,cumulative_mean,state_average,1,16,17,all_common,cook_gap,flow,2862,169,0.05904961565338924,0.676878692731759,0.13316760520299922,0.6758181656238776,45
clean54,cumulative_mean,state_average,1,16,17,strong_fixed_support,randi_wild_type,flow,824,133,0.16140776699029127,0.6520788222364884,0.2808317228861562,0.6247123208419515,24
clean54,cumulative_mean,state_average,1,16,17,strong_fixed_support,cook_struct,flow,1749,439,0.2510005717552887,0.6051835364899407,0.3579823594808963,0.5947980483058187,33
clean54,cumulative_mean,state_average,1,16,17,strong_fixed_support,cook_chem,flow,1749,405,0.23156089193825044,0.599836493239271,0.3330595547645383,0.5899975368979697,33
clean54,cumulative_mean,state_average,1,16,17,strong_fixed_support,cook_gap,flow,1749,98,0.05603201829616924,0.6478263019320388,0.1328931433509234,0.6530702447503887,28
clean54,cumulative_mean,state_average,1,32,33,all_common,randi_wild_type,flow,1349,257,0.1905114899925871,0.6284117957269708,0.2776497946468058,0.6079102840034356,40
clean54,cumulative_mean,state_average,1,32,33,all_common,cook_struct,flow,2862,758,0.26484975541579314,0.6083562406573232,0.374472883365652,0.5784096845325544,54
clean54,cumulative_mean,state_average,1,32,33,all_common,cook_chem,flow,2862,699,0.24423480083857443,0.5965790902663272,0.3382838263945056,0.5690569118967704,54
clean54,cumulative_mean,state_average,1,32,33,all_common,cook_gap,flow,2862,169,0.05904961565338924,0.6647499434211424,0.12959269131337392,0.6485503623443266,45
clean54,cumulative_mean,state_average,1,32,33,strong_fixed_support,randi_wild_type,flow,824,133,0.16140776699029127,0.6496305887729454,0.2727672474514342,0.6217258645251652,24
clean54,cumulative_mean,state_average,1,32,33,strong_fixed_support,cook_struct,flow,1749,439,0.2510005717552887,0.6024987393277573,0.34354854825552933,0.587500904222021,33
clean54,cumulative_mean,state_average,1,32,33,strong_fixed_support,cook_chem,flow,1749,405,0.23156089193825044,0.5949698706643151,0.31622205799844816,0.5844969110167632,33
clean54,cumulative_mean,state_average,1,32,33,strong_fixed_support,cook_gap,flow,1749,98,0.05603201829616924,0.6588771183821803,0.1284236658063338,0.640499188182789,28
clean54,cumulative_mean,state_average,4,1,5,all_common,randi_wild_type,flow,1349,257,0.1905114899925871,0.6517117771981585,0.3290973192835096,0.6314354373453341,40
clean54,cumulative_mean,state_average,4,1,5,all_common,cook_struct,flow,2862,758,0.26484975541579314,0.6093939675150737,0.37742456310405614,0.5927276649716328,54
clean54,cumulative_mean,state_average,4,1,5,all_common,cook_chem,flow,2862,699,0.24423480083857443,0.5979786194795154,0.34328790184446895,0.5823297597571774,54
clean54,cumulative_mean,state_average,4,1,5,all_common,cook_gap,flow,2862,169,0.05904961565338924,0.6805480788456595,0.13296978208275273,0.6908574819598653,45
clean54,cumulative_mean,state_average,4,1,5,strong_fixed_support,randi_wild_type,flow,824,133,0.16140776699029127,0.6280426101433032,0.2858672062822418,0.6097736566219929,24
clean54,cumulative_mean,state_average,4,1,5,strong_fixed_support,cook_struct,flow,1749,439,0.2510005717552887,0.6076683649515728,0.3674902748859642,0.5965297246837985,33
clean54,cumulative_mean,state_average,4,1,5,strong_fixed_support,cook_chem,flow,1749,405,0.23156089193825044,0.5999853027630806,0.34169585317153073,0.5898376834952342,33
clean54,cumulative_mean,state_average,4,1,5,strong_fixed_support,cook_gap,flow,1749,98,0.05603201829616924,0.6654841221770356,0.13491813865644953,0.6690397575129859,28
clean54,cumulative_mean,state_average,4,2,6,all_common,randi_wild_type,flow,1349,257,0.1905114899925871,0.6513198215532846,0.32588734720505064,0.6324603182195718,40
clean54,cumulative_mean,state_average,4,2,6,all_common,cook_struct,flow,2862,758,0.26484975541579314,0.6094409944119507,0.3766455528853782,0.5932524115369028,54
clean54,cumulative_mean,state_average,4,2,6,all_common,cook_chem,flow,2862,699,0.24423480083857443,0.5980447598014997,0.34262394170935967,0.5824018572355141,54
clean54,cumulative_mean,state_average,4,2,6,all_common,cook_gap,flow,2862,169,0.05904961565338924,0.6807348440071453,0.1327648947407549,0.6924906430608894,45
clean54,cumulative_mean,state_average,4,2,6,strong_fixed_support,randi_wild_type,flow,824,133,0.16140776699029127,0.6304146763435361,0.2849427457664237,0.6144887221029898,24
clean54,cumulative_mean,state_average,4,2,6,strong_fixed_support,cook_struct,flow,1749,439,0.2510005717552887,0.6065363682206264,0.36597181713179305,0.5970958953809495,33
clean54,cumulative_mean,state_average,4,2,6,strong_fixed_support,cook_chem,flow,1749,405,0.23156089193825044,0.5989638447971781,0.3404168111381165,0.5903119135294318,33
clean54,cumulative_mean,state_average,4,2,6,strong_fixed_support,cook_gap,flow,1749,98,0.05603201829616924,0.6660898156961149,0.13528225366369556,0.6706402639956403,28
clean54,cumulative_mean,state_average,4,4,8,all_common,randi_wild_type,flow,1349,257,0.1905114899925871,0.6497377460412481,0.3174537925847771,0.6340689283064348,40
clean54,cumulative_mean,state_average,4,4,8,all_common,cook_struct,flow,2862,758,0.26484975541579314,0.6092378382174424,0.3758023359704929,0.5913265544229317,54
clean54,cumulative_mean,state_average,4,4,8,all_common,cook_chem,flow,2862,699,0.24423480083857443,0.5981532299295539,0.3417158947408308,0.5800891233688725,54
clean54,cumulative_mean,state_average,4,4,8,all_common,cook_gap,flow,2862,169,0.05904961565338924,0.678682624467994,0.1322807890789608,0.6918670913367571,45
clean54,cumulative_mean,state_average,4,4,8,strong_fixed_support,randi_wild_type,flow,824,133,0.16140776699029127,0.6325800028290698,0.2812346212591334,0.6204030245874516,24
clean54,cumulative_mean,state_average,4,4,8,strong_fixed_support,cook_struct,flow,1749,439,0.2510005717552887,0.6039889408614304,0.3639422786283688,0.5948212026316976,33
clean54,cumulative_mean,state_average,4,4,8,strong_fixed_support,cook_chem,flow,1749,405,0.23156089193825044,0.597066064079953,0.33874042206203525,0.5879908271473506,33
clean54,cumulative_mean,state_average,4,4,8,strong_fixed_support,cook_gap,flow,1749,98,0.05603201829616924,0.6642665545927637,0.1346832687357137,0.67198578755561,28
clean54,cumulative_mean,state_average,4,8,12,all_common,randi_wild_type,flow,1349,257,0.1905114899925871,0.6464631347899831,0.30567294789951394,0.6319907780152316,40
clean54,cumulative_mean,state_average,4,8,12,all_common,cook_struct,flow,2862,758,0.26484975541579314,0.6107765582832549,0.3746500618061809,0.5903926074922232,54
clean54,cumulative_mean,state_average,4,8,12,all_common,cook_chem,flow,2862,699,0.24423480083857443,0.600147360637381,0.34049927618668474,0.5804079496121443,54
clean54,cumulative_mean,state_average,4,8,12,all_common,cook_gap,flow,2862,169,0.05904961565338924,0.6783354609913494,0.13123272234411204,0.6822871327410389,45
clean54,cumulative_mean,state_average,4,8,12,strong_fixed_support,randi_wild_type,flow,824,133,0.16140776699029127,0.6397397255802313,0.2761889866476286,0.6246704835156028,24
clean54,cumulative_mean,state_average,4,8,12,strong_fixed_support,cook_struct,flow,1749,439,0.2510005717552887,0.6023405032255822,0.3598904458601366,0.5926994713483899,33
clean54,cumulative_mean,state_average,4,8,12,strong_fixed_support,cook_chem,flow,1749,405,0.23156089193825044,0.5963367136978248,0.33511957387823615,0.5884086068335126,33
clean54,cumulative_mean,state_average,4,8,12,strong_fixed_support,cook_gap,flow,1749,98,0.05603201829616924,0.6590501736733458,0.1332573980098554,0.6598120546758447,28
clean54,cumulative_mean,state_average,4,16,20,all_common,randi_wild_type,flow,1349,257,0.1905114899925871,0.6431030059434729,0.2906536441450303,0.6249185022951532,40
clean54,cumulative_mean,state_average,4,16,20,all_common,cook_struct,flow,2862,758,0.26484975541579314,0.6114524915476991,0.3733139016883458,0.5858897338888249,54
clean54,cumulative_mean,state_average,4,16,20,all_common,cook_chem,flow,2862,699,0.24423480083857443,0.6010845689998987,0.33909644886977686,0.5778232153843904,54
clean54,cumulative_mean,state_average,4,16,20,all_common,cook_gap,flow,2862,169,0.05904961565338924,0.6733719021702113,0.12888112702492635,0.6610752870410701,45
clean54,cumulative_mean,state_average,4,16,20,strong_fixed_support,randi_wild_type,flow,824,133,0.16140776699029127,0.6458439876826655,0.27375144514717153,0.6266314497927752,24
clean54,cumulative_mean,state_average,4,16,20,strong_fixed_support,cook_struct,flow,1749,439,0.2510005717552887,0.6006520718496235,0.35076791845931554,0.5896867245272697,33
clean54,cumulative_mean,state_average,4,16,20,strong_fixed_support,cook_chem,flow,1749,405,0.23156089193825044,0.5948063639035861,0.32635862633884605,0.5879715924256351,33
clean54,cumulative_mean,state_average,4,16,20,strong_fixed_support,cook_gap,flow,1749,98,0.05603201829616924,0.6507682418818527,0.12839631142283123,0.6420835015005277,28
clean54,cumulative_mean,state_average,4,32,36,all_common,randi_wild_type,flow,1349,257,0.1905114899925871,0.623665569190861,0.27054570671158484,0.5953374674466441,40
clean54,cumulative_mean,state_average,4,32,36,all_common,cook_struct,flow,2862,758,0.26484975541579314,0.6016708969973013,0.36960036943791763,0.5721889317604052,54
clean54,cumulative_mean,state_average,4,32,36,all_common,cook_chem,flow,2862,699,0.24423480083857443,0.5914869468767547,0.336038967932075,0.5652706235813054,54
clean54,cumulative_mean,state_average,4,32,36,all_common,cook_gap,flow,2862,169,0.05904961565338924,0.6583757583214865,0.12430566159394883,0.6379073020285936,45
clean54,cumulative_mean,state_average,4,32,36,strong_fixed_support,randi_wild_type,flow,824,133,0.16140776699029127,0.6401858481224769,0.2669181207763558,0.6001779634056642,24
clean54,cumulative_mean,state_average,4,32,36,strong_fixed_support,cook_struct,flow,1749,439,0.2510005717552887,0.5959206385087551,0.3360865752132165,0.580786574140439,33
clean54,cumulative_mean,state_average,4,32,36,strong_fixed_support,cook_chem,flow,1749,405,0.23156089193825044,0.5885104350382129,0.30884177299261883,0.5797528036377217,33
clean54,cumulative_mean,state_average,4,32,36,strong_fixed_support,cook_gap,flow,1749,98,0.05603201829616924,0.6523566422329077,0.12595979894077947,0.6334348538206099,28
clean54,cumulative_mean,state_average,8,1,9,all_common,randi_wild_type,flow,1349,257,0.1905114899925871,0.647332563674976,0.2975264056756316,0.6278791483967127,40
clean54,cumulative_mean,state_average,8,1,9,all_common,cook_struct,flow,2862,758,0.26484975541579314,0.611059346689808,0.3759202934558006,0.591359396149005,54
clean54,cumulative_mean,state_average,8,1,9,all_common,cook_chem,flow,2862,699,0.24423480083857443,0.6001050308313112,0.34176450974325634,0.5823041029424203,54
clean54,cumulative_mean,state_average,8,1,9,all_common,cook_gap,flow,2862,169,0.05904961565338924,0.6816554863914114,0.13379469410123498,0.6853617569548704,45
clean54,cumulative_mean,state_average,8,1,9,strong_fixed_support,randi_wild_type,flow,824,133,0.16140776699029127,0.6418288848024547,0.2786877321218317,0.6202765112830716,24
clean54,cumulative_mean,state_average,8,1,9,strong_fixed_support,cook_struct,flow,1749,439,0.2510005717552887,0.602403102123146,0.35935947039242916,0.594192232194875,33
clean54,cumulative_mean,state_average,8,1,9,strong_fixed_support,cook_chem,flow,1749,405,0.23156089193825044,0.5980856848912405,0.3358048905434713,0.5936917403194709,33
clean54,cumulative_mean,state_average,8,1,9,strong_fixed_support,cook_gap,flow,1749,98,0.05603201829616924,0.6595507979085032,0.13823463515111561,0.6569560504056232,28
clean54,cumulative_mean,state_average,8,2,10,all_common,randi_wild_type,flow,1349,257,0.1905114899925871,0.6453335898861191,0.29478557822749457,0.6255730054298926,40
clean54,cumulative_mean,state_average,8,2,10,all_common,cook_struct,flow,2862,758,0.26484975541579314,0.6111828706722714,0.375549312802295,0.59211378206982,54
clean54,cumulative_mean,state_average,8,2,10,all_common,cook_chem,flow,2862,699,0.24423480083857443,0.6004436692798709,0.34140128795159347,0.583390476634818,54
clean54,cumulative_mean,state_average,8,2,10,all_common,cook_gap,flow,2862,169,0.05904961565338924,0.6804799644926469,0.13271701889752407,0.682040962175144,45
clean54,cumulative_mean,state_average,8,2,10,strong_fixed_support,randi_wild_type,flow,824,133,0.16140776699029127,0.6410780932069683,0.2786653354709324,0.6211125050364376,24
clean54,cumulative_mean,state_average,8,2,10,strong_fixed_support,cook_struct,flow,1749,439,0.2510005717552887,0.6011685127545253,0.35772938618822037,0.5948012698751804,33
clean54,cumulative_mean,state_average,8,2,10,strong_fixed_support,cook_chem,flow,1749,405,0.23156089193825044,0.5972093621399177,0.3343028687447296,0.5948609887786335,33
clean54,cumulative_mean,state_average,8,2,10,strong_fixed_support,cook_gap,flow,1749,98,0.05603201829616924,0.6568004548881939,0.13748092307517978,0.6534766143443616,28
clean54,cumulative_mean,state_average,8,4,12,all_common,randi_wild_type,flow,1349,257,0.1905114899925871,0.6412928835107823,0.28972806526503303,0.6203499487973922,40
clean54,cumulative_mean,state_average,8,4,12,all_common,cook_struct,flow,2862,758,0.26484975541579314,0.6109910009330136,0.3743959716166668,0.590101568537443,54
clean54,cumulative_mean,state_average,8,4,12,all_common,cook_chem,flow,2862,699,0.24423480083857443,0.6003643008934896,0.3402651351907669,0.5819613286565638,54
clean54,cumulative_mean,state_average,8,4,12,all_common,cook_gap,flow,2862,169,0.05904961565338924,0.6782849245358886,0.13120070366275985,0.6725925034091691,45
clean54,cumulative_mean,state_average,8,4,12,strong_fixed_support,randi_wild_type,flow,824,133,0.16140776699029127,0.6421770780061586,0.27827247897351554,0.6193438460233375,24
clean54,cumulative_mean,state_average,8,4,12,strong_fixed_support,cook_struct,flow,1749,439,0.2510005717552887,0.5993948773235493,0.3549193105140207,0.5931842432425898,33
clean54,cumulative_mean,state_average,8,4,12,strong_fixed_support,cook_chem,flow,1749,405,0.23156089193825044,0.5955651087595533,0.33139257242526116,0.5940237526501941,33
clean54,cumulative_mean,state_average,8,4,12,strong_fixed_support,cook_gap,flow,1749,98,0.05603201829616924,0.6529190719291956,0.1412985037948322,0.6440403489497176,28
clean54,cumulative_mean,state_average,8,8,16,all_common,randi_wild_type,flow,1349,257,0.1905114899925871,0.6348897535667963,0.2807134037599858,0.6086263758331938,40
clean54,cumulative_mean,state_average,8,8,16,all_common,cook_struct,flow,2862,758,0.26484975541579314,0.6104410997521995,0.3730270015527389,0.5863184578129439,54
clean54,cumulative_mean,state_average,8,8,16,all_common,cook_chem,flow,2862,699,0.24423480083857443,0.5999138853007765,0.3390784228974144,0.5789358832834712,54
clean54,cumulative_mean,state_average,8,8,16,all_common,cook_gap,flow,2862,169,0.05904961565338924,0.6737827855254803,0.12864532898128328,0.660724291139844,45
clean54,cumulative_mean,state_average,8,8,16,strong_fixed_support,randi_wild_type,flow,824,133,0.16140776699029127,0.643406635256738,0.2736421091173165,0.6124895976265637,24
clean54,cumulative_mean,state_average,8,8,16,strong_fixed_support,cook_struct,flow,1749,439,0.2510005717552887,0.5966196595315516,0.3478357190461906,0.5887958865283127,33
clean54,cumulative_mean,state_average,8,8,16,strong_fixed_support,cook_chem,flow,1749,405,0.23156089193825044,0.5924529688418577,0.3238647779056466,0.5900302278040426,33
clean54,cumulative_mean,state_average,8,8,16,strong_fixed_support,cook_gap,flow,1749,98,0.05603201829616924,0.6479066490315083,0.13629600955076207,0.6360294773645556,28
clean54,cumulative_mean,state_average,8,16,24,all_common,randi_wild_type,flow,1349,257,0.1905114899925871,0.6212710765239948,0.26841609039577724,0.595224623785977,40
clean54,cumulative_mean,state_average,8,16,24,all_common,cook_struct,flow,2862,758,0.26484975541579314,0.6060531767609378,0.3707514797990627,0.5790590213210443,54
clean54,cumulative_mean,state_average,8,16,24,all_common,cook_chem,flow,2862,699,0.24423480083857443,0.5955519310659108,0.33722767488013033,0.5733352080087523,54
clean54,cumulative_mean,state_average,8,16,24,all_common,cook_gap,flow,2862,169,0.05904961565338924,0.6657936310882696,0.12456647944845296,0.6426056026417934,45
clean54,cumulative_mean,state_average,8,16,24,strong_fixed_support,randi_wild_type,flow,824,133,0.16140776699029127,0.6416765502758343,0.2698952764219886,0.6037902525500366,24
clean54,cumulative_mean,state_average,8,16,24,strong_fixed_support,cook_struct,flow,1749,439,0.2510005717552887,0.5925159540245876,0.3379122519095528,0.5838240205933096,33
clean54,cumulative_mean,state_average,8,16,24,strong_fixed_support,cook_chem,flow,1749,405,0.23156089193825044,0.5867577895355673,0.31283481691427795,0.5862623888233571,33
clean54,cumulative_mean,state_average,8,16,24,strong_fixed_support,cook_gap,flow,1749,98,0.05603201829616924,0.6497051879504072,0.1320006747204959,0.6249498604851801,28
clean54,cumulative_mean,state_average,8,32,40,all_common,randi_wild_type,flow,1349,257,0.1905114899925871,0.6099827539516256,0.2588918927784708,0.573894793343863,40
clean54,cumulative_mean,state_average,8,32,40,all_common,cook_struct,flow,2862,758,0.26484975541579314,0.597279838879581,0.3671440910188687,0.5671303165937734,54
clean54,cumulative_mean,state_average,8,32,40,all_common,cook_chem,flow,2862,699,0.24423480083857443,0.5879014800219851,0.33423068321760335,0.5622531227344626,54
clean54,cumulative_mean,state_average,8,32,40,all_common,cook_gap,flow,2862,169,0.05904961565338924,0.6585625234829726,0.1224500123803699,0.6311460301874784,45
clean54,cumulative_mean,state_average,8,32,40,strong_fixed_support,randi_wild_type,flow,824,133,0.16140776699029127,0.634331849885205,0.26455734961846383,0.5856335306575504,24
clean54,cumulative_mean,state_average,8,32,40,strong_fixed_support,cook_struct,flow,1749,439,0.2510005717552887,0.5872072197395191,0.32444600940948104,0.5759358677624773,33
clean54,cumulative_mean,state_average,8,32,40,strong_fixed_support,cook_chem,flow,1749,405,0.23156089193825044,0.5803681657848325,0.2969391006669756,0.5777001263442597,33
clean54,cumulative_mean,state_average,8,32,40,strong_fixed_support,cook_gap,flow,1749,98,0.05603201829616924,0.6535680292710664,0.1271154259941964,0.6245389141039009,28
clean54,cumulative_mean,state_average,16,1,17,all_common,randi_wild_type,flow,1349,257,0.1905114899925871,0.6186556634027451,0.2676552387148274,0.5903110324956939,40
clean54,cumulative_mean,state_average,16,1,17,all_common,cook_struct,flow,2862,758,0.26484975541579314,0.6089331039256798,0.3692632932031542,0.5813656487003013,54
clean54,cumulative_mean,state_average,16,1,17,all_common,cook_chem,flow,2862,699,0.24423480083857443,0.5975407705479793,0.3361751920745856,0.5733267928307734,54
clean54,cumulative_mean,state_average,16,1,17,all_common,cook_gap,flow,2862,169,0.05904961565338924,0.6652509135013633,0.12288150529792907,0.6489842706658879,45
clean54,cumulative_mean,state_average,16,1,17,strong_fixed_support,randi_wild_type,flow,824,133,0.16140776699029127,0.6385319304048834,0.2654618365706022,0.6083143273357562,24
clean54,cumulative_mean,state_average,16,1,17,strong_fixed_support,cook_struct,flow,1749,439,0.2510005717552887,0.597581248152463,0.3374402530849169,0.5881896036884857,33
clean54,cumulative_mean,state_average,16,1,17,strong_fixed_support,cook_chem,flow,1749,405,0.23156089193825044,0.5901124338624338,0.3110132591218855,0.5872366495243194,33
clean54,cumulative_mean,state_average,16,1,17,strong_fixed_support,cook_gap,flow,1749,98,0.05603201829616924,0.657381426222821,0.1287340742621055,0.6407395273548486,28
clean54,cumulative_mean,state_average,16,2,18,all_common,randi_wild_type,flow,1349,257,0.1905114899925871,0.6173693362409316,0.26627288669958793,0.5868083887035924,40
clean54,cumulative_mean,state_average,16,2,18,all_common,cook_struct,flow,2862,758,0.26484975541579314,0.6085593968518315,0.3690857647516409,0.5808082853818413,54
clean54,cumulative_mean,state_average,16,2,18,all_common,cook_chem,flow,2862,699,0.24423480083857443,0.5972299110346528,0.335993006445749,0.5728348980082102,54
clean54,cumulative_mean,state_average,16,2,18,all_common,cook_gap,flow,2862,169,0.05904961565338924,0.6638798374923371,0.12250695039044489,0.6469877924290748,45
clean54,cumulative_mean,state_average,16,2,18,strong_fixed_support,randi_wild_type,flow,824,133,0.16140776699029127,0.6378681871103228,0.2639714411646409,0.6035401059002296,24
clean54,cumulative_mean,state_average,16,2,18,strong_fixed_support,cook_struct,flow,1749,439,0.2510005717552887,0.5973030308299571,0.3364975689619092,0.5868360463348545,33
clean54,cumulative_mean,state_average,16,2,18,strong_fixed_support,cook_chem,flow,1749,405,0.23156089193825044,0.5897156084656084,0.3098391673711236,0.5860441278179459,33
clean54,cumulative_mean,state_average,16,2,18,strong_fixed_support,cook_gap,flow,1749,98,0.05603201829616924,0.6576719118901345,0.12843712288716622,0.6380912175216157,28
clean54,cumulative_mean,state_average,16,4,20,all_common,randi_wild_type,flow,1349,257,0.1905114899925871,0.6143975998061602,0.2645174579354418,0.5841334237976425,40
clean54,cumulative_mean,state_average,16,4,20,all_common,cook_struct,flow,2862,758,0.26484975541579314,0.6078163718811762,0.36930304541403547,0.5801463027188676,54
clean54,cumulative_mean,state_average,16,4,20,all_common,cook_chem,flow,2862,699,0.24423480083857443,0.5966544902333893,0.33619771692072786,0.5723949474244169,54
clean54,cumulative_mean,state_average,16,4,20,all_common,cook_gap,flow,2862,169,0.05904961565338924,0.6613288451101585,0.12220553567859103,0.6452073584482362,45
clean54,cumulative_mean,state_average,16,4,20,strong_fixed_support,randi_wild_type,flow,824,133,0.16140776699029127,0.6367583212735166,0.2630349904622411,0.6026389651721289,24
clean54,cumulative_mean,state_average,16,4,20,strong_fixed_support,cook_struct,flow,1749,439,0.2510005717552887,0.5970282912239823,0.3351184876335452,0.5849074254158497,33
clean54,cumulative_mean,state_average,16,4,20,strong_fixed_support,cook_chem,flow,1749,405,0.23156089193825044,0.5892434597295708,0.3081385849451265,0.583905675673332,33
clean54,cumulative_mean,state_average,16,4,20,strong_fixed_support,cook_gap,flow,1749,98,0.05603201829616924,0.6585495494381884,0.1279138337918775,0.6376614343275191,28
clean54,cumulative_mean,state_average,16,8,24,all_common,randi_wild_type,flow,1349,257,0.1905114899925871,0.6123629936859508,0.26149125836589066,0.5816113308781098,40
clean54,cumulative_mean,state_average,16,8,24,all_common,cook_struct,flow,2862,758,0.26484975541579314,0.6065767428795008,0.3687102606170012,0.5773677088351078,54
clean54,cumulative_mean,state_average,16,8,24,all_common,cook_chem,flow,2862,699,0.24423480083857443,0.5956670152261635,0.3356368551666754,0.5704078890425675,54
clean54,cumulative_mean,state_average,16,8,24,all_common,cook_gap,flow,2862,169,0.05904961565338924,0.66097948439632,0.12237106982969939,0.6384511889009561,45
clean54,cumulative_mean,state_average,16,8,24,strong_fixed_support,randi_wild_type,flow,824,133,0.16140776699029127,0.6350826414806916,0.2601782900697164,0.6009691283851046,24
clean54,cumulative_mean,state_average,16,8,24,strong_fixed_support,cook_struct,flow,1749,439,0.2510005717552887,0.5956389434697178,0.3318972189621491,0.5826271779677167,33
clean54,cumulative_mean,state_average,16,8,24,strong_fixed_support,cook_chem,flow,1749,405,0.23156089193825044,0.5876873897707231,0.3041157369464256,0.5821851566019615,33
clean54,cumulative_mean,state_average,16,8,24,strong_fixed_support,cook_gap,flow,1749,98,0.05603201829616924,0.6592973955178679,0.12637055413807627,0.634415077209101,28
clean54,cumulative_mean,state_average,16,16,32,all_common,randi_wild_type,flow,1349,257,0.1905114899925871,0.6076452730149228,0.25783535922528955,0.5784466234656278,40
clean54,cumulative_mean,state_average,16,16,32,all_common,cook_struct,flow,2862,758,0.26484975541579314,0.6019762583143553,0.36625431127121644,0.5724554804860588,54
clean54,cumulative_mean,state_average,16,16,32,all_common,cook_chem,flow,2862,699,0.24423480083857443,0.5916397310205386,0.3332187075283366,0.566378076145056,54
clean54,cumulative_mean,state_average,16,16,32,all_common,cook_gap,flow,2862,169,0.05904961565338924,0.660614743022124,0.12133751539159372,0.6317680163527705,45
clean54,cumulative_mean,state_average,16,16,32,strong_fixed_support,randi_wild_type,flow,824,133,0.16140776699029127,0.628913093152563,0.25733025945445376,0.5999010876858412,24
clean54,cumulative_mean,state_average,16,16,32,strong_fixed_support,cook_struct,flow,1749,439,0.2510005717552887,0.5917212957971796,0.3246863152702084,0.5775621443118455,33
clean54,cumulative_mean,state_average,16,16,32,strong_fixed_support,cook_chem,flow,1749,405,0.23156089193825044,0.5838569223985891,0.29556518925903646,0.5769073195274829,33
clean54,cumulative_mean,state_average,16,16,32,strong_fixed_support,cook_gap,flow,1749,98,0.05603201829616924,0.6605396852865919,0.12399670381250834,0.6337660738162754,28
clean54,cumulative_mean,state_average,16,32,48,all_common,randi_wild_type,flow,1349,257,0.1905114899925871,0.5973475292541441,0.25290563127584004,0.5622325597613244,40
clean54,cumulative_mean,state_average,16,32,48,all_common,cook_struct,flow,2862,758,0.26484975541579314,0.5892501529941712,0.36118752991911846,0.5596806480319273,54
clean54,cumulative_mean,state_average,16,32,48,all_common,cook_chem,flow,2862,699,0.24423480083857443,0.5804679692341679,0.32832410594170924,0.55520116231806,54
clean54,cumulative_mean,state_average,16,32,48,all_common,cook_gap,flow,2862,169,0.05904961565338924,0.655310612435923,0.12086749043696177,0.6167907232097737,45
clean54,cumulative_mean,state_average,16,32,48,strong_fixed_support,randi_wild_type,flow,824,133,0.16140776699029127,0.6151159374557957,0.2485702360979573,0.5819379736265812,24
clean54,cumulative_mean,state_average,16,32,48,strong_fixed_support,cook_struct,flow,1749,439,0.2510005717552887,0.5825522961623398,0.31643376884264574,0.5678478012875293,33
clean54,cumulative_mean,state_average,16,32,48,strong_fixed_support,cook_chem,flow,1749,405,0.23156089193825044,0.5747868900646678,0.2850928927441666,0.5674314127658199,33
clean54,cumulative_mean,state_average,16,32,48,strong_fixed_support,cook_gap,flow,1749,98,0.05603201829616924,0.6604469770948962,0.11890359289029165,0.6253145287759904,28
clean54,cumulative_mean,baseline,1,1,2,all_common,randi_wild_type,flow,1349,257,0.1905114899925871,0.67130599620872,0.3452835785404831,0.6560195809915204,40
clean54,cumulative_mean,baseline,1,1,2,all_common,cook_struct,flow,2862,758,0.26484975541579314,0.6161006300350131,0.3823135923740721,0.6042115608379593,54
clean54,cumulative_mean,baseline,1,1,2,all_common,cook_chem,flow,2862,699,0.24423480083857443,0.6059657247623413,0.3494519802291608,0.5945281259123272,54
clean54,cumulative_mean,baseline,1,1,2,all_common,cook_gap,flow,2862,169,0.05904961565338924,0.6676107462476681,0.13009724381157906,0.6890012716451511,45
clean54,cumulative_mean,baseline,1,1,2,strong_fixed_support,randi_wild_type,flow,824,133,0.16140776699029127,0.6527969707191278,0.2979810351447687,0.6215760088303491,24
clean54,cumulative_mean,baseline,1,1,2,strong_fixed_support,cook_struct,flow,1749,439,0.2510005717552887,0.6191343963553531,0.38009342328096507,0.6055631982747187,33
clean54,cumulative_mean,baseline,1,1,2,strong_fixed_support,cook_chem,flow,1749,405,0.23156089193825044,0.6140248383303939,0.3544811664165713,0.6007763283880454,33
clean54,cumulative_mean,baseline,1,1,2,strong_fixed_support,cook_gap,flow,1749,98,0.05603201829616924,0.6520043511044635,0.13763028217810772,0.6623819482106822,28
clean54,cumulative_mean,baseline,1,2,3,all_common,randi_wild_type,flow,1349,257,0.1905114899925871,0.671095765453742,0.34255109943161355,0.6558866333920259,40
clean54,cumulative_mean,baseline,1,2,3,all_common,cook_struct,flow,2862,758,0.26484975541579314,0.6176725824412854,0.3819748357174191,0.6043378224275898,54
clean54,cumulative_mean,baseline,1,2,3,all_common,cook_chem,flow,2862,699,0.24423480083857443,0.6078322046487387,0.3492100809370354,0.5952517353487672,54
clean54,cumulative_mean,baseline,1,2,3,all_common,cook_gap,flow,2862,169,0.05904961565338924,0.6694476365418123,0.13047716380573818,0.6890843142459938,45
clean54,cumulative_mean,baseline,1,2,3,strong_fixed_support,randi_wild_type,flow,824,133,0.16140776699029127,0.6524814206282711,0.29685726624831055,0.6211061234547338,24
clean54,cumulative_mean,baseline,1,2,3,strong_fixed_support,cook_struct,flow,1749,439,0.2510005717552887,0.6193291484811073,0.3774734190667016,0.6040729790381656,33
clean54,cumulative_mean,baseline,1,2,3,strong_fixed_support,cook_chem,flow,1749,405,0.23156089193825044,0.614618239271017,0.35230185023553096,0.6002086196357556,33
clean54,cumulative_mean,baseline,1,2,3,strong_fixed_support,cook_gap,flow,1749,98,0.05603201829616924,0.65149136577708,0.13700117498272782,0.6622491103827783,28
clean54,cumulative_mean,baseline,1,4,5,all_common,randi_wild_type,flow,1349,257,0.1905114899925871,0.6696918515984664,0.3380772917866773,0.6534911379207038,40
clean54,cumulative_mean,baseline,1,4,5,all_common,cook_struct,flow,2862,758,0.26484975541579314,0.6194056803475224,0.38065298022932675,0.60138105901931,54
clean54,cumulative_mean,baseline,1,4,5,all_common,cook_chem,flow,2862,699,0.24423480083857443,0.6097886353730348,0.3477866370708027,0.5927530575219447,54
clean54,cumulative_mean,baseline,1,4,5,all_common,cook_gap,flow,2862,169,0.05904961565338924,0.6714251500163694,0.13158278548804586,0.688120702098771,45
clean54,cumulative_mean,baseline,1,4,5,strong_fixed_support,randi_wild_type,flow,824,133,0.16140776699029127,0.6558218991763054,0.29736437672922655,0.6199014447614836,24
clean54,cumulative_mean,baseline,1,4,5,strong_fixed_support,cook_struct,flow,1749,439,0.2510005717552887,0.6197395190318037,0.3741262945958992,0.6007927615463452,33
clean54,cumulative_mean,baseline,1,4,5,strong_fixed_support,cook_chem,flow,1749,405,0.23156089193825044,0.6157940182245738,0.34950364870655426,0.5985051456025775,33
clean54,cumulative_mean,baseline,1,4,5,strong_fixed_support,cook_gap,flow,1749,98,0.05603201829616924,0.6495135910209026,0.13808326374970134,0.6591342084316467,28
clean54,cumulative_mean,baseline,1,8,9,all_common,randi_wild_type,flow,1349,257,0.1905114899925871,0.6667913798263994,0.3268204898725574,0.6529069316182067,40
clean54,cumulative_mean,baseline,1,8,9,all_common,cook_struct,flow,2862,758,0.26484975541579314,0.6180625921727179,0.37792821027279744,0.5979624773807596,54
clean54,cumulative_mean,baseline,1,8,9,all_common,cook_chem,flow,2862,699,0.24423480083857443,0.6089334410097775,0.34461176291968726,0.5903483109618219,54
clean54,cumulative_mean,baseline,1,8,9,all_common,cook_gap,flow,2862,169,0.05904961565338924,0.6696651630240136,0.13223235844207548,0.6823719598027461,45
clean54,cumulative_mean,baseline,1,8,9,strong_fixed_support,randi_wild_type,flow,824,133,0.16140776699029127,0.6576716755709824,0.2921230086195368,0.6357322000054749,24
clean54,cumulative_mean,baseline,1,8,9,strong_fixed_support,cook_struct,flow,1749,439,0.2510005717552887,0.6140830130936028,0.36822571451562564,0.5955966297087086,33
clean54,cumulative_mean,baseline,1,8,9,strong_fixed_support,cook_chem,flow,1749,405,0.23156089193825044,0.6120664315108759,0.3443290427432709,0.5961827747434874,33
clean54,cumulative_mean,baseline,1,8,9,strong_fixed_support,cook_gap,flow,1749,98,0.05603201829616924,0.6418373527484889,0.13744164909856782,0.647298951712392,28
clean54,cumulative_mean,baseline,1,16,17,all_common,randi_wild_type,flow,1349,257,0.1905114899925871,0.6447670358176195,0.3049985776619958,0.6318364146118183,40
clean54,cumulative_mean,baseline,1,16,17,all_common,cook_struct,flow,2862,758,0.26484975541579314,0.6163611590437112,0.37464367909705154,0.5911618825689334,54
clean54,cumulative_mean,baseline,1,16,17,all_common,cook_chem,flow,2862,699,0.24423480083857443,0.6065097289106622,0.34083624779433846,0.582867626092281,54
clean54,cumulative_mean,baseline,1,16,17,all_common,cook_gap,flow,2862,169,0.05904961565338924,0.6750461969120028,0.13061153400273584,0.6784716293301043,45
clean54,cumulative_mean,baseline,1,16,17,strong_fixed_support,randi_wild_type,flow,824,133,0.16140776699029127,0.6419050520657649,0.27971898365775816,0.6328860294481089,24
clean54,cumulative_mean,baseline,1,16,17,strong_fixed_support,cook_struct,flow,1749,439,0.2510005717552887,0.6023352866507851,0.3546095226305658,0.5861153939867056,33
clean54,cumulative_mean,baseline,1,16,17,strong_fixed_support,cook_chem,flow,1749,405,0.23156089193825044,0.5987415490887713,0.33023370603692415,0.5855791000583563,33
clean54,cumulative_mean,baseline,1,16,17,strong_fixed_support,cook_gap,flow,1749,98,0.05603201829616924,0.6441735991792235,0.13297607126189342,0.6473771422047704,28
clean54,cumulative_mean,baseline,1,32,33,all_common,randi_wild_type,flow,1349,257,0.1905114899925871,0.6283227148985905,0.2819213660317784,0.6037335839094473,40
clean54,cumulative_mean,baseline,1,32,33,all_common,cook_struct,flow,2862,758,0.26484975541579314,0.608564413054165,0.3693048569952639,0.5793555799733163,54
clean54,cumulative_mean,baseline,1,32,33,all_common,cook_chem,flow,2862,699,0.24423480083857443,0.5973297829208493,0.33559165718166123,0.5704263554556279,54
clean54,cumulative_mean,baseline,1,32,33,all_common,cook_gap,flow,2862,169,0.05904961565338924,0.6624472388418802,0.1264611869881957,0.6547447068871387,45
clean54,cumulative_mean,baseline,1,32,33,strong_fixed_support,randi_wild_type,flow,824,133,0.16140776699029127,0.6335810582897184,0.2767167338897634,0.6072135270341407,24
clean54,cumulative_mean,baseline,1,32,33,strong_fixed_support,cook_struct,flow,1749,439,0.2510005717552887,0.5896659653271662,0.3364469799538819,0.5760143359586886,33
clean54,cumulative_mean,baseline,1,32,33,strong_fixed_support,cook_chem,flow,1749,405,0.23156089193825044,0.5807392710170488,0.30889897820039347,0.5729811803842484,33
clean54,cumulative_mean,baseline,1,32,33,strong_fixed_support,cook_gap,flow,1749,98,0.05603201829616924,0.6515222685076454,0.1317792257788582,0.636433749393058,28
clean54,cumulative_mean,baseline,4,1,5,all_common,randi_wild_type,flow,1349,257,0.1905114899925871,0.6507888998161372,0.32199847084258043,0.6528898441051407,40
clean54,cumulative_mean,baseline,4,1,5,all_common,cook_struct,flow,2862,758,0.26484975541579314,0.6139298684751747,0.37364505451459484,0.5928581954087953,54
clean54,cumulative_mean,baseline,4,1,5,all_common,cook_chem,flow,2862,699,0.24423480083857443,0.60331482065721,0.3385675129059458,0.5836082152966038,54
clean54,cumulative_mean,baseline,4,1,5,all_common,cook_gap,flow,2862,169,0.05904961565338924,0.6822795017544938,0.12931362024659168,0.6758054051618753,45
clean54,cumulative_mean,baseline,4,1,5,strong_fixed_support,randi_wild_type,flow,824,133,0.16140776699029127,0.6204911700379748,0.2790608489132489,0.6203759041576326,24
clean54,cumulative_mean,baseline,4,1,5,strong_fixed_support,cook_struct,flow,1749,439,0.2510005717552887,0.6024344015719278,0.3671005609531959,0.5844187357359394,33
clean54,cumulative_mean,baseline,4,1,5,strong_fixed_support,cook_chem,flow,1749,405,0.23156089193825044,0.5962687389770722,0.34191055981673485,0.579350060466563,33
clean54,cumulative_mean,baseline,4,1,5,strong_fixed_support,cook_gap,flow,1749,98,0.05603201829616924,0.6709168222104106,0.1332975351159326,0.6591896733215054,28
clean54,cumulative_mean,baseline,4,2,6,all_common,randi_wild_type,flow,1349,257,0.1905114899925871,0.6518293638916207,0.3196054005440649,0.6467957432152801,40
clean54,cumulative_mean,baseline,4,2,6,all_common,cook_struct,flow,2862,758,0.26484975541579314,0.6144365049108621,0.3733016314222567,0.5930151163789539,54
clean54,cumulative_mean,baseline,4,2,6,all_common,cook_chem,flow,2862,699,0.24423480083857443,0.6037943379915962,0.3382703397777167,0.5841365098766033,54
clean54,cumulative_mean,baseline,4,2,6,all_common,cook_gap,flow,2862,169,0.05904961565338924,0.6824069415117432,0.12899660269704846,0.674433016985395,45
clean54,cumulative_mean,baseline,4,2,6,strong_fixed_support,randi_wild_type,flow,824,133,0.16140776699029127,0.6228197120877447,0.2769037885202528,0.6221696787524182,24
clean54,cumulative_mean,baseline,4,2,6,strong_fixed_support,cook_struct,flow,1749,439,0.2510005717552887,0.6019092663756977,0.3659856631248881,0.5842856925609816,33
clean54,cumulative_mean,baseline,4,2,6,strong_fixed_support,cook_chem,flow,1749,405,0.23156089193825044,0.595596340388007,0.3407616244508531,0.5797624599378901,33
clean54,cumulative_mean,baseline,4,2,6,strong_fixed_support,cook_gap,flow,1749,98,0.05603201829616924,0.670181337222957,0.13307507953406425,0.6589352967950343,28
clean54,cumulative_mean,baseline,4,4,8,all_common,randi_wild_type,flow,1349,257,0.1905114899925871,0.653600290759824,0.31367121168691064,0.6434846206758676,40
clean54,cumulative_mean,baseline,4,4,8,all_common,cook_struct,flow,2862,758,0.26484975541579314,0.6151488056422244,0.37283558602082817,0.5927183472379617,54
clean54,cumulative_mean,baseline,4,4,8,all_common,cook_chem,flow,2862,699,0.24423480083857443,0.6045020394368283,0.33771764161742635,0.5839838760839259,54
clean54,cumulative_mean,baseline,4,4,8,all_common,cook_gap,flow,2862,169,0.05904961565338924,0.6809765400984802,0.12908041344390264,0.6679965143397162,45
clean54,cumulative_mean,baseline,4,4,8,strong_fixed_support,randi_wild_type,flow,824,133,0.16140776699029127,0.6288586879644843,0.2754066401627934,0.6198570471574039,24
clean54,cumulative_mean,baseline,4,4,8,strong_fixed_support,cook_struct,flow,1749,439,0.2510005717552887,0.6010867864160392,0.3641261778966506,0.5835909033986398,33
clean54,cumulative_mean,baseline,4,4,8,strong_fixed_support,cook_chem,flow,1749,405,0.23156089193825044,0.5942717519106407,0.3385632492594707,0.5795498766938911,33
clean54,cumulative_mean,baseline,4,4,8,strong_fixed_support,cook_gap,flow,1749,98,0.05603201829616924,0.6678512713383354,0.13516012325194254,0.6515926010101565,28
clean54,cumulative_mean,baseline,4,8,12,all_common,randi_wild_type,flow,1349,257,0.1905114899925871,0.6542915579880562,0.30599195358380726,0.6312291533273279,40
clean54,cumulative_mean,baseline,4,8,12,all_common,cook_struct,flow,2862,758,0.26484975541579314,0.6133649186873602,0.37150281887235614,0.5889263405375796,54
clean54,cumulative_mean,baseline,4,8,12,all_common,cook_chem,flow,2862,699,0.24423480083857443,0.6026421735826295,0.33645721944964374,0.5792722932672292,54
clean54,cumulative_mean,baseline,4,8,12,all_common,cook_gap,flow,2862,169,0.05904961565338924,0.6752856957661436,0.12778710828523926,0.6584784579858393,45
clean54,cumulative_mean,baseline,4,8,12,strong_fixed_support,randi_wild_type,flow,824,133,0.16140776699029127,0.6361816262798821,0.27641153749776,0.6174496809498087,24
clean54,cumulative_mean,baseline,4,8,12,strong_fixed_support,cook_struct,flow,1749,439,0.2510005717552887,0.6000539046062355,0.35928974492575555,0.5834508340172962,33
clean54,cumulative_mean,baseline,4,8,12,strong_fixed_support,cook_chem,flow,1749,405,0.23156089193825044,0.592421737213404,0.33323590947683057,0.5788320554157312,33
clean54,cumulative_mean,baseline,4,8,12,strong_fixed_support,cook_gap,flow,1749,98,0.05603201829616924,0.6624741962199779,0.13495149212398241,0.6393239043376484,28
clean54,cumulative_mean,baseline,4,16,20,all_common,randi_wild_type,flow,1349,257,0.1905114899925871,0.6501154487535812,0.29286958238404703,0.6321471926957629,40
clean54,cumulative_mean,baseline,4,16,20,all_common,cook_struct,flow,2862,758,0.26484975541579314,0.6122030408218545,0.36972301081547454,0.5869943150532682,54
clean54,cumulative_mean,baseline,4,16,20,all_common,cook_chem,flow,2862,699,0.24423480083857443,0.6012545496273984,0.3350265561831326,0.5790430500929424,54
clean54,cumulative_mean,baseline,4,16,20,all_common,cook_gap,flow,2862,169,0.05904961565338924,0.6720931101233311,0.12599834076337046,0.647864903115074,45
clean54,cumulative_mean,baseline,4,16,20,strong_fixed_support,randi_wild_type,flow,824,133,0.16140776699029127,0.6470735449332448,0.2709360516209651,0.6279310722522179,24
clean54,cumulative_mean,baseline,4,16,20,strong_fixed_support,cook_struct,flow,1749,439,0.2510005717552887,0.5998469804726216,0.3517068806622115,0.588350109350018,33
clean54,cumulative_mean,baseline,4,16,20,strong_fixed_support,cook_chem,flow,1749,405,0.23156089193825044,0.5912900499706055,0.3244227638837615,0.5857944509727048,33
clean54,cumulative_mean,baseline,4,16,20,strong_fixed_support,cook_gap,flow,1749,98,0.05603201829616924,0.6601564914275825,0.1341042399582226,0.6346089054764164,28
clean54,cumulative_mean,baseline,4,32,36,all_common,randi_wild_type,flow,1349,257,0.1905114899925871,0.6367747038953265,0.27692033830392515,0.6132156955106188,40
clean54,cumulative_mean,baseline,4,32,36,all_common,cook_struct,flow,2862,758,0.26484975541579314,0.6055051566559989,0.36726998760939733,0.5754653782531647,54
clean54,cumulative_mean,baseline,4,32,36,all_common,cook_chem,flow,2862,699,0.24423480083857443,0.5950499260220499,0.33336761517645974,0.5682916283692013,54
clean54,cumulative_mean,baseline,4,32,36,all_common,cook_gap,flow,2862,169,0.05904961565338924,0.6673382888356181,0.12487714232083881,0.6289567588552253,45
clean54,cumulative_mean,baseline,4,32,36,strong_fixed_support,randi_wild_type,flow,824,133,0.16140776699029127,0.6465403740900733,0.2627715341494474,0.6177468220103227,24
clean54,cumulative_mean,baseline,4,32,36,strong_fixed_support,cook_struct,flow,1749,439,0.2510005717552887,0.5948842789824201,0.33645096593411794,0.5813620426347094,33
clean54,cumulative_mean,baseline,4,32,36,strong_fixed_support,cook_chem,flow,1749,405,0.23156089193825044,0.5852954144620811,0.30629562687452083,0.5776645263799085,33
clean54,cumulative_mean,baseline,4,32,36,strong_fixed_support,cook_gap,flow,1749,98,0.05603201829616924,0.6650391228568956,0.1360457929318782,0.6277674269495817,28
clean54,cumulative_mean,baseline,8,1,9,all_common,randi_wild_type,flow,1349,257,0.1905114899925871,0.6338671056569889,0.2896591076137991,0.6064062734771372,40
clean54,cumulative_mean,baseline,8,1,9,all_common,cook_struct,flow,2862,758,0.26484975541579314,0.6124883373295745,0.3733734744192454,0.5881209886685718,54
clean54,cumulative_mean,baseline,8,1,9,all_common,cook_chem,flow,2862,699,0.24423480083857443,0.6035165486392622,0.34125600686216,0.5807121239961619,54
clean54,cumulative_mean,baseline,8,1,9,all_common,cook_gap,flow,2862,169,0.05904961565338924,0.6697640386977415,0.12353491284818119,0.6660940947372763,45
clean54,cumulative_mean,baseline,8,1,9,strong_fixed_support,randi_wild_type,flow,824,133,0.16140776699029127,0.626638956290872,0.26908786268799073,0.5950906749876613,24
clean54,cumulative_mean,baseline,8,1,9,strong_fixed_support,cook_struct,flow,1749,439,0.2510005717552887,0.6012206785024953,0.3542573508328508,0.5905744609002689,33
clean54,cumulative_mean,baseline,8,1,9,strong_fixed_support,cook_chem,flow,1749,405,0.23156089193825044,0.5970329952968841,0.3309921113141534,0.5886916333537169,33
clean54,cumulative_mean,baseline,8,1,9,strong_fixed_support,cook_gap,flow,1749,98,0.05603201829616924,0.6546434442947379,0.12712005590860853,0.6415685470432014,28
clean54,cumulative_mean,baseline,8,2,10,all_common,randi_wild_type,flow,1349,257,0.1905114899925871,0.6323848006727384,0.28805048712147574,0.60427076119332,40
clean54,cumulative_mean,baseline,8,2,10,all_common,cook_struct,flow,2862,758,0.26484975541579314,0.6123723376506115,0.3731473071249958,0.5873486035335694,54
clean54,cumulative_mean,baseline,8,2,10,all_common,cook_chem,flow,2862,699,0.24423480083857443,0.6034510697204978,0.34118592458839836,0.580146621618582,54
clean54,cumulative_mean,baseline,8,2,10,all_common,cook_gap,flow,2862,169,0.05904961565338924,0.6694498337790064,0.12306408334906566,0.6640406209189414,45
clean54,cumulative_mean,baseline,8,2,10,strong_fixed_support,randi_wild_type,flow,824,133,0.16140776699029127,0.625768473281612,0.2685788159451482,0.5937048642995537,24
clean54,cumulative_mean,baseline,8,2,10,strong_fixed_support,cook_struct,flow,1749,439,0.2510005717552887,0.6001165035037994,0.35247001612224993,0.5889511753518297,33
clean54,cumulative_mean,baseline,8,2,10,strong_fixed_support,cook_chem,flow,1749,405,0.23156089193825044,0.5956496178718401,0.3291489700005373,0.5870122508531469,33
clean54,cumulative_mean,baseline,8,2,10,strong_fixed_support,cook_gap,flow,1749,98,0.05603201829616924,0.6547176108480945,0.12614213934284654,0.6398084909155385,28
clean54,cumulative_mean,baseline,8,4,12,all_common,randi_wild_type,flow,1349,257,0.1905114899925871,0.6292990407776399,0.28388899544766644,0.602848147611449,40
clean54,cumulative_mean,baseline,8,4,12,all_common,cook_struct,flow,2862,758,0.26484975541579314,0.6121905003160207,0.3722840411853928,0.5875054662742853,54
clean54,cumulative_mean,baseline,8,4,12,all_common,cook_chem,flow,2862,699,0.24423480083857443,0.6033154820604297,0.3405915658899461,0.5805383246394494,54
clean54,cumulative_mean,baseline,8,4,12,all_common,cook_gap,flow,2862,169,0.05904961565338924,0.6688873410573546,0.12164570688930632,0.6608103861948159,45
clean54,cumulative_mean,baseline,8,4,12,strong_fixed_support,randi_wild_type,flow,824,133,0.16140776699029127,0.6257358301687649,0.2621930575946715,0.5953633691339929,24
clean54,cumulative_mean,baseline,8,4,12,strong_fixed_support,cook_struct,flow,1749,439,0.2510005717552887,0.5992557686622964,0.34932316002540265,0.5891072082594914,33
clean54,cumulative_mean,baseline,8,4,12,strong_fixed_support,cook_chem,flow,1749,405,0.23156089193825044,0.5943525867136978,0.3258961402390326,0.5871970399614213,33
clean54,cumulative_mean,baseline,8,4,12,strong_fixed_support,cook_gap,flow,1749,98,0.05603201829616924,0.6549833743309559,0.12624244893676728,0.6365782653862844,28
clean54,cumulative_mean,baseline,8,8,16,all_common,randi_wild_type,flow,1349,257,0.1905114899925871,0.6264413278031955,0.27666676526258904,0.5997483061031634,40
clean54,cumulative_mean,baseline,8,8,16,all_common,cook_struct,flow,2862,758,0.26484975541579314,0.6125159264424089,0.37089377206054364,0.5869965274945829,54
clean54,cumulative_mean,baseline,8,8,16,all_common,cook_chem,flow,2862,699,0.24423480083857443,0.6034166767530658,0.3393740782993443,0.5801621975986654,54
clean54,cumulative_mean,baseline,8,8,16,all_common,cook_gap,flow,2862,169,0.05904961565338924,0.6677250025817536,0.11936765146696063,0.6556950791296514,45
clean54,cumulative_mean,baseline,8,8,16,strong_fixed_support,randi_wild_type,flow,824,133,0.16140776699029127,0.628956617303026,0.2625367190245176,0.5970188615675925,24
clean54,cumulative_mean,baseline,8,8,16,strong_fixed_support,cook_struct,flow,1749,439,0.2510005717552887,0.5980542176007234,0.34313206654379935,0.5898350802724498,33
clean54,cumulative_mean,baseline,8,8,16,strong_fixed_support,cook_chem,flow,1749,405,0.23156089193825044,0.5918595679012346,0.3192500096382402,0.5876319977291983,33
clean54,cumulative_mean,baseline,8,8,16,strong_fixed_support,cook_gap,flow,1749,98,0.05603201829616924,0.6561144142696449,0.1243408526530955,0.635239520684299,28
clean54,cumulative_mean,baseline,8,16,24,all_common,randi_wild_type,flow,1349,257,0.1905114899925871,0.6145508188309744,0.26626992183851744,0.586770166087027,40
clean54,cumulative_mean,baseline,8,16,24,all_common,cook_struct,flow,2862,758,0.26484975541579314,0.6082433761048185,0.36982609746986783,0.5800660273097733,54
clean54,cumulative_mean,baseline,8,16,24,all_common,cook_chem,flow,2862,699,0.24423480083857443,0.598705501618123,0.33865340952516076,0.5719647102283978,54
clean54,cumulative_mean,baseline,8,16,24,all_common,cook_gap,flow,2862,169,0.05904961565338924,0.6628581221971493,0.11682982281411827,0.6477857203024237,45
clean54,cumulative_mean,baseline,8,16,24,strong_fixed_support,randi_wild_type,flow,824,133,0.16140776699029127,0.6327649804685375,0.2592612154318585,0.5926884173897514,24
clean54,cumulative_mean,baseline,8,16,24,strong_fixed_support,cook_struct,flow,1749,439,0.2510005717552887,0.5958945556347702,0.3355552307398021,0.5858906717318915,33
clean54,cumulative_mean,baseline,8,16,24,strong_fixed_support,cook_chem,flow,1749,405,0.23156089193825044,0.5879464285714285,0.3105607140478778,0.5817422431498915,33
clean54,cumulative_mean,baseline,8,16,24,strong_fixed_support,cook_gap,flow,1749,98,0.05603201829616924,0.6610835733445408,0.12160733949278144,0.6348749789854,28
clean54,cumulative_mean,baseline,8,32,40,all_common,randi_wild_type,flow,1349,257,0.1905114899925871,0.5994854691352746,0.25522869393240477,0.5732056993484619,40
clean54,cumulative_mean,baseline,8,32,40,all_common,cook_struct,flow,2862,758,0.26484975541579314,0.6005886513438407,0.3656826470637624,0.5702886141642105,54
clean54,cumulative_mean,baseline,8,32,40,all_common,cook_chem,flow,2862,699,0.24423480083857443,0.5913626030714243,0.3351451875611598,0.5622563195157846,54
clean54,cumulative_mean,baseline,8,32,40,all_common,cook_gap,flow,2862,169,0.05904961565338924,0.6552996262499533,0.11373987725686938,0.6330537233685956,45
clean54,cumulative_mean,baseline,8,32,40,strong_fixed_support,randi_wild_type,flow,824,133,0.16140776699029127,0.632569121791454,0.26368186981160896,0.5962661335056662,24
clean54,cumulative_mean,baseline,8,32,40,strong_fixed_support,cook_struct,flow,1749,439,0.2510005717552887,0.5882261906831974,0.3243567304028774,0.5778603983798581,33
clean54,cumulative_mean,baseline,8,32,40,strong_fixed_support,cook_chem,flow,1749,405,0.23156089193825044,0.5776161081716638,0.29638067683934366,0.5712208425154822,33
clean54,cumulative_mean,baseline,8,32,40,strong_fixed_support,cook_gap,flow,1749,98,0.05603201829616924,0.6662752320795066,0.12237304088188938,0.6334626996997776,28
clean54,cumulative_mean,baseline,16,1,17,all_common,randi_wild_type,flow,1349,257,0.1905114899925871,0.6123523039865453,0.2648655050020196,0.5940259796610572,40
clean54,cumulative_mean,baseline,16,1,17,all_common,cook_struct,flow,2862,758,0.26484975541579314,0.6041043821543586,0.3631146370872537,0.5722755760284028,54
clean54,cumulative_mean,baseline,16,1,17,all_common,cook_chem,flow,2862,699,0.24423480083857443,0.5938699826778496,0.33206064612453556,0.5657009669946199,54
clean54,cumulative_mean,baseline,16,1,17,all_common,cook_gap,flow,2862,169,0.05904961565338924,0.6696805436843714,0.1214679074114137,0.6454939762689852,45
clean54,cumulative_mean,baseline,16,1,17,strong_fixed_support,randi_wild_type,flow,824,133,0.16140776699029127,0.6299359106884432,0.2531039450185522,0.6172934893853558,24
clean54,cumulative_mean,baseline,16,1,17,strong_fixed_support,cook_struct,flow,1749,439,0.2510005717552887,0.5928393816620008,0.3373312783483132,0.5735431357976182,33
clean54,cumulative_mean,baseline,16,1,17,strong_fixed_support,cook_chem,flow,1749,405,0.23156089193825044,0.5846707818930041,0.31075881736621175,0.5721765118284625,33
clean54,cumulative_mean,baseline,16,1,17,strong_fixed_support,cook_gap,flow,1749,98,0.05603201829616924,0.6659538436816278,0.1313473654307343,0.6439345098207216,28
clean54,cumulative_mean,baseline,16,2,18,all_common,randi_wild_type,flow,1349,257,0.1905114899925871,0.6113759781074957,0.26407585513174214,0.592640323472201,40
clean54,cumulative_mean,baseline,16,2,18,all_common,cook_struct,flow,2862,758,0.26484975541579314,0.6039708257672282,0.3631170714298986,0.5710414225541609,54
clean54,cumulative_mean,baseline,16,2,18,all_common,cook_chem,flow,2862,699,0.24423480083857443,0.5936107126156711,0.33195175602063537,0.5644838735506061,54
clean54,cumulative_mean,baseline,16,2,18,all_common,cook_gap,flow,2862,169,0.05904961565338924,0.669880492269021,0.12178299147643865,0.6451387164346158,45
clean54,cumulative_mean,baseline,16,2,18,strong_fixed_support,randi_wild_type,flow,824,133,0.16140776699029127,0.6292612863562669,0.2523867941934664,0.6166000925017014,24
clean54,cumulative_mean,baseline,16,2,18,strong_fixed_support,cook_struct,flow,1749,439,0.2510005717552887,0.592580291780417,0.3364221157550836,0.572479732086687,33
clean54,cumulative_mean,baseline,16,2,18,strong_fixed_support,cook_chem,flow,1749,405,0.23156089193825044,0.5841600529100529,0.30961013261437076,0.5711350562211001,33
clean54,cumulative_mean,baseline,16,2,18,strong_fixed_support,cook_gap,flow,1749,98,0.05603201829616924,0.6677647436927526,0.13149734688353287,0.6442708523978566,28
clean54,cumulative_mean,baseline,16,4,20,all_common,randi_wild_type,flow,1349,257,0.1905114899925871,0.6087463120537051,0.2619785388854223,0.5885940533285652,40
clean54,cumulative_mean,baseline,16,4,20,all_common,cook_struct,flow,2862,758,0.26484975541579314,0.603121833522277,0.3626863354992864,0.5686935051714881,54
clean54,cumulative_mean,baseline,16,4,20,all_common,cook_chem,flow,2862,699,0.24423480083857443,0.592708558623805,0.33152834902902045,0.5619140067555919,54
clean54,cumulative_mean,baseline,16,4,20,all_common,cook_gap,flow,2862,169,0.05904961565338924,0.6687357316909718,0.12110017909784451,0.6423489674721357,45
clean54,cumulative_mean,baseline,16,4,20,strong_fixed_support,randi_wild_type,flow,824,133,0.16140776699029127,0.626334287237631,0.2491503447207994,0.6103873233576526,24
clean54,cumulative_mean,baseline,16,4,20,strong_fixed_support,cook_struct,flow,1749,439,0.2510005717552887,0.5911335617033855,0.3349903793004452,0.5698818237380766,33
clean54,cumulative_mean,baseline,16,4,20,strong_fixed_support,cook_chem,flow,1749,405,0.23156089193825044,0.582447824808936,0.3079300885814214,0.5679741546667197,33
clean54,cumulative_mean,baseline,16,4,20,strong_fixed_support,cook_gap,flow,1749,98,0.05603201829616924,0.6690255750998158,0.13087036905210164,0.6444663426800277,28
clean54,cumulative_mean,baseline,16,8,24,all_common,randi_wild_type,flow,1349,257,0.1905114899925871,0.6058351505822323,0.25948783784618845,0.581577882261497,40
clean54,cumulative_mean,baseline,16,8,24,all_common,cook_struct,flow,2862,758,0.26484975541579314,0.6006908564663864,0.36143413721673784,0.5647594512411032,54
clean54,cumulative_mean,baseline,16,8,24,all_common,cook_chem,flow,2862,699,0.24423480083857443,0.5901760456950256,0.3301248706687271,0.5576230174671989,54
clean54,cumulative_mean,baseline,16,8,24,all_common,cook_gap,flow,2862,169,0.05904961565338924,0.6661495835136899,0.11995192565272236,0.6366785105767186,45
clean54,cumulative_mean,baseline,16,8,24,strong_fixed_support,randi_wild_type,flow,824,133,0.16140776699029127,0.6256814249806861,0.24854116160537637,0.6084544320953154,24
clean54,cumulative_mean,baseline,16,8,24,strong_fixed_support,cook_struct,flow,1749,439,0.2510005717552887,0.5892538559182041,0.3316296971441447,0.5677761505061162,33
clean54,cumulative_mean,baseline,16,8,24,strong_fixed_support,cook_chem,flow,1749,405,0.23156089193825044,0.5800393151087595,0.3036007012879839,0.5649507048076363,33
clean54,cumulative_mean,baseline,16,8,24,strong_fixed_support,cook_gap,flow,1749,98,0.05603201829616924,0.671775918120125,0.13501571491111025,0.644099799185117,28
clean54,cumulative_mean,baseline,16,16,32,all_common,randi_wild_type,flow,1349,257,0.1905114899925871,0.605175952452217,0.25747278704323695,0.5748643840468075,40
clean54,cumulative_mean,baseline,16,16,32,all_common,cook_struct,flow,2862,758,0.26484975541579314,0.5961994743019954,0.35999225290349013,0.5627103263285042,54
clean54,cumulative_mean,baseline,16,16,32,all_common,cook_chem,flow,2862,699,0.24423480083857443,0.5858465002179323,0.32821464638698383,0.5551444242145029,54
clean54,cumulative_mean,baseline,16,16,32,all_common,cook_gap,flow,2862,169,0.05904961565338924,0.6662176978667024,0.11860664350612915,0.6352618875092423,45
clean54,cumulative_mean,baseline,16,16,32,strong_fixed_support,randi_wild_type,flow,824,133,0.16140776699029127,0.6280317291056874,0.249828888435836,0.6050772594843778,24
clean54,cumulative_mean,baseline,16,16,32,strong_fixed_support,cook_struct,flow,1749,439,0.2510005717552887,0.5856665913161418,0.3248827326786583,0.5687541074541771,33
clean54,cumulative_mean,baseline,16,16,32,strong_fixed_support,cook_chem,flow,1749,405,0.23156089193825044,0.5763098912404468,0.2952808138275902,0.5651420850458546,33
clean54,cumulative_mean,baseline,16,16,32,strong_fixed_support,cook_gap,flow,1749,98,0.05603201829616924,0.6718933484962731,0.12750328814662487,0.6480455051860342,28
clean54,cumulative_mean,baseline,16,32,48,all_common,randi_wild_type,flow,1349,257,0.1905114899925871,0.5969413206767292,0.2536685788770746,0.5645731182834813,40
clean54,cumulative_mean,baseline,16,32,48,all_common,cook_struct,flow,2862,758,0.26484975541579314,0.5842079291110286,0.35505005112465154,0.5546003867002692,54
clean54,cumulative_mean,baseline,16,32,48,all_common,cook_chem,flow,2862,699,0.24423480083857443,0.5742874868463435,0.3231858038677521,0.5479099078137916,54
clean54,cumulative_mean,baseline,16,32,48,all_common,cook_gap,flow,2862,169,0.05904961565338924,0.6625625937945627,0.11793482989155434,0.6298286930337234,45
clean54,cumulative_mean,baseline,16,32,48,strong_fixed_support,randi_wild_type,flow,824,133,0.16140776699029127,0.6226020913354298,0.24765133782166693,0.5921842974808866,24
clean54,cumulative_mean,baseline,16,32,48,strong_fixed_support,cook_struct,flow,1749,439,0.2510005717552887,0.5763706550279086,0.3171243947160095,0.5617130061910084,33
clean54,cumulative_mean,baseline,16,32,48,strong_fixed_support,cook_chem,flow,1749,405,0.23156089193825044,0.5676881246325691,0.28504043823850433,0.5596022028774121,33
clean54,cumulative_mean,baseline,16,32,48,strong_fixed_support,cook_gap,flow,1749,98,0.05603201829616924,0.6659043993127234,0.12197156726340681,0.6418672957098953,28
clean54,cumulative_mean,onset_minus_baseline,1,1,2,all_common,randi_wild_type,flow,1349,257,0.1905114899925871,0.5110103903878223,0.222113582265138,0.4883880469750304,40
clean54,cumulative_mean,onset_minus_baseline,1,1,2,all_common,cook_struct,flow,2862,758,0.26484975541579314,0.4857006882229602,0.25866544982801687,0.47751410541298794,54
clean54,cumulative_mean,onset_minus_baseline,1,1,2,all_common,cook_chem,flow,2862,699,0.24423480083857443,0.4902366963702852,0.23940172167933882,0.48158923760179717,54
clean54,cumulative_mean,onset_minus_baseline,1,1,2,all_common,cook_gap,flow,2862,169,0.05904961565338924,0.4668294087014987,0.05853219933401123,0.46333272262670133,45
clean54,cumulative_mean,onset_minus_baseline,1,1,2,strong_fixed_support,randi_wild_type,flow,824,133,0.16140776699029127,0.4955550961339673,0.18521960019705574,0.46282503816422205,24
clean54,cumulative_mean,onset_minus_baseline,1,1,2,strong_fixed_support,cook_struct,flow,1749,439,0.2510005717552887,0.4791736945521571,0.24685953680645867,0.47619548839881026,33
clean54,cumulative_mean,onset_minus_baseline,1,1,2,strong_fixed_support,cook_chem,flow,1749,405,0.23156089193825044,0.48263888888888884,0.2305917927616932,0.4785439354116488,33
clean54,cumulative_mean,onset_minus_baseline,1,1,2,strong_fixed_support,cook_gap,flow,1749,98,0.05603201829616924,0.4842828712345023,0.06521702849954297,0.4991047685771556,28
clean54,cumulative_mean,onset_minus_baseline,1,2,3,all_common,randi_wild_type,flow,1349,257,0.1905114899925871,0.5117622325793533,0.22330771835078184,0.49030059099476053,40
clean54,cumulative_mean,onset_minus_baseline,1,2,3,all_common,cook_struct,flow,2862,758,0.26484975541579314,0.48636596205744553,0.25826586902407433,0.4780416378985199,54
clean54,cumulative_mean,onset_minus_baseline,1,2,3,all_common,cook_chem,flow,2862,699,0.24423480083857443,0.49151055897170315,0.23908341286981322,0.4832208336310397,54
clean54,cumulative_mean,onset_minus_baseline,1,2,3,all_common,cook_gap,flow,2862,169,0.05904961565338924,0.4634127048649028,0.05814969980517763,0.4565019126630191,45
clean54,cumulative_mean,onset_minus_baseline,1,2,3,strong_fixed_support,randi_wild_type,flow,824,133,0.16140776699029127,0.49578359792389803,0.18922809569766263,0.465472819859951,24
clean54,cumulative_mean,onset_minus_baseline,1,2,3,strong_fixed_support,cook_struct,flow,1749,439,0.2510005717552887,0.47992662018118903,0.24721138830059936,0.4770888163442534,33
clean54,cumulative_mean,onset_minus_baseline,1,2,3,strong_fixed_support,cook_chem,flow,1749,405,0.23156089193825044,0.4830779688418577,0.23069881401104847,0.4800401069925574,33
clean54,cumulative_mean,onset_minus_baseline,1,2,3,strong_fixed_support,cook_gap,flow,1749,98,0.05603201829616924,0.4828242623518214,0.06531452694471647,0.49172904099422027,28
clean54,cumulative_mean,onset_minus_baseline,1,4,5,all_common,randi_wild_type,flow,1349,257,0.1905114899925871,0.5157922492552843,0.2250292225380202,0.4816373283129744,40
clean54,cumulative_mean,onset_minus_baseline,1,4,5,all_common,cook_struct,flow,2862,758,0.26484975541579314,0.489228959539312,0.25822918533318245,0.4829278613010685,54
clean54,cumulative_mean,onset_minus_baseline,1,4,5,all_common,cook_chem,flow,2862,699,0.24423480083857443,0.4925635128976935,0.238518171029593,0.4859735809023031,54
clean54,cumulative_mean,onset_minus_baseline,1,4,5,all_common,cook_gap,flow,2862,169,0.05904961565338924,0.46672174407899514,0.057774781308917826,0.4647121443757258,45
clean54,cumulative_mean,onset_minus_baseline,1,4,5,strong_fixed_support,randi_wild_type,flow,824,133,0.16140776699029127,0.4992655299609371,0.1957645864011916,0.44843421601975564,24
clean54,cumulative_mean,onset_minus_baseline,1,4,5,strong_fixed_support,cook_struct,flow,1749,439,0.2510005717552887,0.48145333773844096,0.2454570299769694,0.47799664171546496,33
clean54,cumulative_mean,onset_minus_baseline,1,4,5,strong_fixed_support,cook_chem,flow,1749,405,0.23156089193825044,0.48241475602586714,0.22781806207941335,0.4785774354917804,33
clean54,cumulative_mean,onset_minus_baseline,1,4,5,strong_fixed_support,cook_gap,flow,1749,98,0.05603201829616924,0.48606286851506203,0.05884282246286432,0.49724084292425175,28
clean54,cumulative_mean,onset_minus_baseline,1,8,9,all_common,randi_wild_type,flow,1349,257,0.1905114899925871,0.5125639600347771,0.23117162830282867,0.4823031824222146,40
clean54,cumulative_mean,onset_minus_baseline,1,8,9,all_common,cook_struct,flow,2862,758,0.26484975541579314,0.4954565747363986,0.259674197342469,0.4901907003729021,54
clean54,cumulative_mean,onset_minus_baseline,1,8,9,all_common,cook_chem,flow,2862,699,0.24423480083857443,0.49504840479464424,0.2387400847697676,0.4887392373435393,54
clean54,cumulative_mean,onset_minus_baseline,1,8,9,all_common,cook_gap,flow,2862,169,0.05904961565338924,0.48417659634775234,0.057913639445583504,0.48790287074364497,45
clean54,cumulative_mean,onset_minus_baseline,1,8,9,strong_fixed_support,randi_wild_type,flow,824,133,0.16140776699029127,0.4978292329956584,0.2083198939130973,0.4631518528652236,24
clean54,cumulative_mean,onset_minus_baseline,1,8,9,strong_fixed_support,cook_struct,flow,1749,439,0.2510005717552887,0.4830965587994922,0.2461359000849107,0.4751524981701625,33
clean54,cumulative_mean,onset_minus_baseline,1,8,9,strong_fixed_support,cook_chem,flow,1749,405,0.23156089193825044,0.4819370958259847,0.22735403171786103,0.47201760643355734,33
clean54,cumulative_mean,onset_minus_baseline,1,8,9,strong_fixed_support,cook_gap,flow,1749,98,0.05603201829616924,0.4890727944721196,0.05816160918606783,0.5041095198369958,28
clean54,cumulative_mean,onset_minus_baseline,1,16,17,all_common,randi_wild_type,flow,1349,257,0.1905114899925871,0.5130770656062484,0.23848360766212154,0.49690146374861144,40
clean54,cumulative_mean,onset_minus_baseline,1,16,17,all_common,cook_struct,flow,2862,758,0.26484975541579314,0.4994638933756032,0.26319240112019554,0.4963202260738886,54
clean54,cumulative_mean,onset_minus_baseline,1,16,17,all_common,cook_chem,flow,2862,699,0.24423480083857443,0.49622768673562456,0.24134388799479103,0.4931210553960923,54
clean54,cumulative_mean,onset_minus_baseline,1,16,17,all_common,cook_gap,flow,2862,169,0.05904961565338924,0.5003987985507024,0.05895476000593025,0.5037491263532103,45
clean54,cumulative_mean,onset_minus_baseline,1,16,17,strong_fixed_support,randi_wild_type,flow,824,133,0.16140776699029127,0.5121377974603658,0.21525669165160272,0.4909934160680332,24
clean54,cumulative_mean,onset_minus_baseline,1,16,17,strong_fixed_support,cook_struct,flow,1749,439,0.2510005717552887,0.4932028030395243,0.2466505916949837,0.48255427900797404,33
clean54,cumulative_mean,onset_minus_baseline,1,16,17,strong_fixed_support,cook_chem,flow,1749,405,0.23156089193825044,0.4911651234567901,0.22747975168306556,0.4795628694987414,33
clean54,cumulative_mean,onset_minus_baseline,1,16,17,strong_fixed_support,cook_gap,flow,1749,98,0.05603201829616924,0.49646472762333277,0.05578218244768136,0.5088856523757198,28
clean54,cumulative_mean,onset_minus_baseline,1,32,33,all_common,randi_wild_type,flow,1349,257,0.1905114899925871,0.5248749305169539,0.24180521781322245,0.5172401643873517,40
clean54,cumulative_mean,onset_minus_baseline,1,32,33,all_common,cook_struct,flow,2862,758,0.26484975541579314,0.5105352789510118,0.26861571200523926,0.5032243343692806,54
clean54,cumulative_mean,onset_minus_baseline,1,32,33,all_common,cook_chem,flow,2862,699,0.24423480083857443,0.5063868401924154,0.2468840156091201,0.49799720307460177,54
clean54,cumulative_mean,onset_minus_baseline,1,32,33,all_common,cook_gap,flow,2862,169,0.05904961565338924,0.5043010918071618,0.058388539978633774,0.5157520151829111,45
clean54,cumulative_mean,onset_minus_baseline,1,32,33,strong_fixed_support,randi_wild_type,flow,824,133,0.16140776699029127,0.529808602548339,0.21338804119237453,0.5183284036007971,24
clean54,cumulative_mean,onset_minus_baseline,1,32,33,strong_fixed_support,cook_struct,flow,1749,439,0.2510005717552887,0.5096610965240223,0.24991287608280124,0.49907979472515024,33
clean54,cumulative_mean,onset_minus_baseline,1,32,33,strong_fixed_support,cook_chem,flow,1749,405,0.23156089193825044,0.5095550411522634,0.23181909643420717,0.4962259802549685,33
clean54,cumulative_mean,onset_minus_baseline,1,32,33,strong_fixed_support,cook_gap,flow,1749,98,0.05603201829616924,0.4981149334355184,0.053982269301311586,0.5006252773859065,28
clean54,cumulative_mean,onset_minus_baseline,4,1,5,all_common,randi_wild_type,flow,1349,257,0.1905114899925871,0.53152392354727,0.20581372295710298,0.5032817581243245,40
clean54,cumulative_mean,onset_minus_baseline,4,1,5,all_common,cook_struct,flow,2862,758,0.26484975541579314,0.49177405519829054,0.26058551366967647,0.47821370425446147,54
clean54,cumulative_mean,onset_minus_baseline,4,1,5,all_common,cook_chem,flow,2862,699,0.24423480083857443,0.4836854974777388,0.23592985557552953,0.4676727690340306,54
clean54,cumulative_mean,onset_minus_baseline,4,1,5,all_common,cook_gap,flow,2862,169,0.05904961565338924,0.5508188004403264,0.07120356919473704,0.5524908349653255,45
clean54,cumulative_mean,onset_minus_baseline,4,1,5,strong_fixed_support,randi_wild_type,flow,824,133,0.16140776699029127,0.5343351141964897,0.1764377507177543,0.5035665545305105,24
clean54,cumulative_mean,onset_minus_baseline,4,1,5,strong_fixed_support,cook_struct,flow,1749,439,0.2510005717552887,0.4823523274617886,0.2519276177945359,0.468958701206649,33
clean54,cumulative_mean,onset_minus_baseline,4,1,5,strong_fixed_support,cook_chem,flow,1749,405,0.23156089193825044,0.4740060993533216,0.2279475415223081,0.4557116803543292,33
clean54,cumulative_mean,onset_minus_baseline,4,1,5,strong_fixed_support,cook_gap,flow,1749,98,0.05603201829616924,0.5589500488263143,0.07379426289941773,0.5205738914190954,28
clean54,cumulative_mean,onset_minus_baseline,4,2,6,all_common,randi_wild_type,flow,1349,257,0.1905114899925871,0.5325358817576717,0.20661910214778886,0.5086641690558185,40
clean54,cumulative_mean,onset_minus_baseline,4,2,6,all_common,cook_struct,flow,2862,758,0.26484975541579314,0.49212989205132573,0.2608381894240165,0.479797384290518,54
clean54,cumulative_mean,onset_minus_baseline,4,2,6,all_common,cook_chem,flow,2862,699,0.24423480083857443,0.48405687538568076,0.23607308522931797,0.46980949280337403,54
clean54,cumulative_mean,onset_minus_baseline,4,2,6,all_common,cook_gap,flow,2862,169,0.05904961565338924,0.5505078913773821,0.07117584266677773,0.5492553153196855,45
clean54,cumulative_mean,onset_minus_baseline,4,2,6,strong_fixed_support,randi_wild_type,flow,824,133,0.16140776699029127,0.5332687725101466,0.17642028948739272,0.5102717714760902,24
clean54,cumulative_mean,onset_minus_baseline,4,2,6,strong_fixed_support,cook_struct,flow,1749,439,0.2510005717552887,0.4839399050583386,0.2525739257224411,0.47197480690709614,33
clean54,cumulative_mean,onset_minus_baseline,4,2,6,strong_fixed_support,cook_chem,flow,1749,405,0.23156089193825044,0.4753766166960611,0.22818669938622224,0.4596238177015998,33
clean54,cumulative_mean,onset_minus_baseline,4,2,6,strong_fixed_support,cook_gap,flow,1749,98,0.05603201829616924,0.5610699761430921,0.07438138561545524,0.5173627583285473,28
clean54,cumulative_mean,onset_minus_baseline,4,4,8,all_common,randi_wild_type,flow,1349,257,0.1905114899925871,0.53545773292855,0.2105769719268759,0.5206702536328601,40
clean54,cumulative_mean,onset_minus_baseline,4,4,8,all_common,cook_struct,flow,2862,758,0.26484975541579314,0.4875228237206176,0.26002618610141015,0.4760438612153189,54
clean54,cumulative_mean,onset_minus_baseline,4,4,8,all_common,cook_chem,flow,2862,699,0.24423480083857443,0.47938373093587894,0.23511258984208333,0.4661944577566603,54
clean54,cumulative_mean,onset_minus_baseline,4,4,8,all_common,cook_gap,flow,2862,169,0.05904961565338924,0.5466440497718169,0.070619416499769,0.5445796845951876,45
clean54,cumulative_mean,onset_minus_baseline,4,4,8,strong_fixed_support,randi_wild_type,flow,824,133,0.16140776699029127,0.5346071401368835,0.17947352521340124,0.525680163860263,24
clean54,cumulative_mean,onset_minus_baseline,4,4,8,strong_fixed_support,cook_struct,flow,1749,439,0.2510005717552887,0.4822619068319741,0.25114805518796923,0.4719753724002664,33
clean54,cumulative_mean,onset_minus_baseline,4,4,8,strong_fixed_support,cook_chem,flow,1749,405,0.23156089193825044,0.4733869782480894,0.22631359480545205,0.45965616077419247,33
clean54,cumulative_mean,onset_minus_baseline,4,4,8,strong_fixed_support,cook_gap,flow,1749,98,0.05603201829616924,0.5580971334627127,0.0736258912686475,0.5141770531353875,28
clean54,cumulative_mean,onset_minus_baseline,4,8,12,all_common,randi_wild_type,flow,1349,257,0.1905114899925871,0.5454027166089424,0.21889784365928816,0.5294384572549365,40
clean54,cumulative_mean,onset_minus_baseline,4,8,12,all_common,cook_struct,flow,2862,758,0.26484975541579314,0.4863634539562788,0.2608928995199953,0.4794828290500081,54
clean54,cumulative_mean,onset_minus_baseline,4,8,12,all_common,cook_chem,flow,2862,699,0.24423480083857443,0.4788704820372806,0.23572279107304853,0.47078836709188066,54
clean54,cumulative_mean,onset_minus_baseline,4,8,12,all_common,cook_gap,flow,2862,169,0.05904961565338924,0.5406038447256419,0.07013182522393324,0.537578764047618,45
clean54,cumulative_mean,onset_minus_baseline,4,8,12,strong_fixed_support,randi_wild_type,flow,824,133,0.16140776699029127,0.5453140811507785,0.18658052432700076,0.5431544369660465,24
clean54,cumulative_mean,onset_minus_baseline,4,8,12,strong_fixed_support,cook_struct,flow,1749,439,0.2510005717552887,0.48004138482672276,0.2508585287175952,0.4733690123259553,33
clean54,cumulative_mean,onset_minus_baseline,4,8,12,strong_fixed_support,cook_chem,flow,1749,405,0.23156089193825044,0.4705816431510876,0.22528351399699703,0.46201763757077763,33
clean54,cumulative_mean,onset_minus_baseline,4,8,12,strong_fixed_support,cook_gap,flow,1749,98,0.05603201829616924,0.5516446433206837,0.07274218643781014,0.5016933071985711,28
clean54,cumulative_mean,onset_minus_baseline,4,16,20,all_common,randi_wild_type,flow,1349,257,0.1905114899925871,0.5517238921908183,0.22667371166517425,0.5436534855069646,40
clean54,cumulative_mean,onset_minus_baseline,4,16,20,all_common,cook_struct,flow,2862,758,0.26484975541579314,0.49572180643478436,0.26568217265790206,0.489124447412486,54
clean54,cumulative_mean,onset_minus_baseline,4,16,20,all_common,cook_chem,flow,2862,699,0.24423480083857443,0.48692108202921147,0.239110051497452,0.48122345426385393,54
clean54,cumulative_mean,onset_minus_baseline,4,16,20,all_common,cook_gap,flow,2862,169,0.05904961565338924,0.5445149269308771,0.0707429396053896,0.5319834334518865,45
clean54,cumulative_mean,onset_minus_baseline,4,16,20,strong_fixed_support,randi_wild_type,flow,824,133,0.16140776699029127,0.5461083968967281,0.18614327615965826,0.540312373497798,24
clean54,cumulative_mean,onset_minus_baseline,4,16,20,strong_fixed_support,cook_struct,flow,1749,439,0.2510005717552887,0.4859917578118208,0.25509500796735457,0.47882853328495795,33
clean54,cumulative_mean,onset_minus_baseline,4,16,20,strong_fixed_support,cook_chem,flow,1749,405,0.23156089193825044,0.4768904320987654,0.22877323888343404,0.46857946643752946,33
clean54,cumulative_mean,onset_minus_baseline,4,16,20,strong_fixed_support,cook_gap,flow,1749,98,0.05603201829616924,0.5459709019888997,0.0724403204111262,0.49494430773825515,28
clean54,cumulative_mean,onset_minus_baseline,4,32,36,all_common,randi_wild_type,flow,1349,257,0.1905114899925871,0.5431614429668905,0.22426857314876417,0.5346493153998504,40
clean54,cumulative_mean,onset_minus_baseline,4,32,36,all_common,cook_struct,flow,2862,758,0.26484975541579314,0.5065298413876822,0.27178598810075166,0.5000256544281387,54
clean54,cumulative_mean,onset_minus_baseline,4,32,36,all_common,cook_chem,flow,2862,699,0.24423480083857443,0.4957256816917636,0.24187715942883617,0.4924995972628664,54
clean54,cumulative_mean,onset_minus_baseline,4,32,36,all_common,cook_gap,flow,2862,169,0.05904961565338924,0.5479404197162487,0.07355557537966903,0.503605251824177,45
clean54,cumulative_mean,onset_minus_baseline,4,32,36,strong_fixed_support,randi_wild_type,flow,824,133,0.16140776699029127,0.5226271177219459,0.18057778692192572,0.5098051047534065,24
clean54,cumulative_mean,onset_minus_baseline,4,32,36,strong_fixed_support,cook_struct,flow,1749,439,0.2510005717552887,0.4977725225616859,0.2576676667121007,0.4858677368689745,33
clean54,cumulative_mean,onset_minus_baseline,4,32,36,strong_fixed_support,cook_chem,flow,1749,405,0.23156089193825044,0.48847736625514404,0.22942932065511454,0.47698413378276183,33
clean54,cumulative_mean,onset_minus_baseline,4,32,36,strong_fixed_support,cook_gap,flow,1749,98,0.05603201829616924,0.551317074376692,0.0751821017127273,0.4604839490036578,28
clean54,cumulative_mean,onset_minus_baseline,8,1,9,all_common,randi_wild_type,flow,1349,257,0.1905114899925871,0.5371395789683727,0.22304861701858134,0.5259558955230548,40
clean54,cumulative_mean,onset_minus_baseline,8,1,9,all_common,cook_struct,flow,2862,758,0.26484975541579314,0.5137588159756012,0.28175092388365897,0.48952368577298633,54
clean54,cumulative_mean,onset_minus_baseline,8,1,9,all_common,cook_chem,flow,2862,699,0.24423480083857443,0.5039661044077894,0.24697324591635955,0.4853489773265413,54
clean54,cumulative_mean,onset_minus_baseline,8,1,9,all_common,cook_gap,flow,2862,169,0.05904961565338924,0.5275830171142806,0.07776862946306641,0.4883639696787618,45
clean54,cumulative_mean,onset_minus_baseline,8,1,9,strong_fixed_support,randi_wild_type,flow,824,133,0.16140776699029127,0.5178394611710172,0.18277225651810336,0.5308642933381419,24
clean54,cumulative_mean,onset_minus_baseline,8,1,9,strong_fixed_support,cook_struct,flow,1749,439,0.2510005717552887,0.49589629449303585,0.2569019480316549,0.4690977950626999,33
clean54,cumulative_mean,onset_minus_baseline,8,1,9,strong_fixed_support,cook_chem,flow,1749,405,0.23156089193825044,0.4930886243386244,0.23140369417845774,0.47285478438962525,33
clean54,cumulative_mean,onset_minus_baseline,8,1,9,strong_fixed_support,cook_gap,flow,1749,98,0.05603201829616924,0.521743161225726,0.07725782036607734,0.48559892657874537,28
clean54,cumulative_mean,onset_minus_baseline,8,2,10,all_common,randi_wild_type,flow,1349,257,0.1905114899925871,0.5435819044768461,0.22890244846112423,0.5281262944880714,40
clean54,cumulative_mean,onset_minus_baseline,8,2,10,all_common,cook_struct,flow,2862,758,0.26484975541579314,0.5154198059732937,0.28114437893119204,0.4952837312020448,54
clean54,cumulative_mean,onset_minus_baseline,8,2,10,all_common,cook_chem,flow,2862,699,0.24423480083857443,0.5053120599601703,0.24678814207989974,0.49080833810834334,54
clean54,cumulative_mean,onset_minus_baseline,8,2,10,all_common,cook_gap,flow,2862,169,0.05904961565338924,0.5288991621934579,0.07767506312090285,0.493082202084529,45
clean54,cumulative_mean,onset_minus_baseline,8,2,10,strong_fixed_support,randi_wild_type,flow,824,133,0.16140776699029127,0.5216913484869917,0.18748015179334682,0.5294879247135269,24
clean54,cumulative_mean,onset_minus_baseline,8,2,10,strong_fixed_support,cook_struct,flow,1749,439,0.2510005717552887,0.4946408388252274,0.2549722936778188,0.47140725620689705,33
clean54,cumulative_mean,onset_minus_baseline,8,2,10,strong_fixed_support,cook_chem,flow,1749,405,0.23156089193825044,0.4916519694297472,0.22987532491511428,0.4748070842492401,33
clean54,cumulative_mean,onset_minus_baseline,8,2,10,strong_fixed_support,cook_gap,flow,1749,98,0.05603201829616924,0.5227258680577016,0.07674091756316015,0.4870667069165307,28
clean54,cumulative_mean,onset_minus_baseline,8,4,12,all_common,randi_wild_type,flow,1349,257,0.1905114899925871,0.5537798777098388,0.24058755480356536,0.5330470602497226,40
clean54,cumulative_mean,onset_minus_baseline,8,4,12,all_common,cook_struct,flow,2862,758,0.26484975541579314,0.5153163468001645,0.28035605567497,0.4976258294116506,54
clean54,cumulative_mean,onset_minus_baseline,8,4,12,all_common,cook_chem,flow,2862,699,0.24423480083857443,0.504811377722749,0.24658748130633437,0.4919383167030125,54
clean54,cumulative_mean,onset_minus_baseline,8,4,12,all_common,cook_gap,flow,2862,169,0.05904961565338924,0.5300680923806406,0.07718395279419805,0.5004239456531543,45
clean54,cumulative_mean,onset_minus_baseline,8,4,12,strong_fixed_support,randi_wild_type,flow,824,133,0.16140776699029127,0.5280241123793564,0.1972093045064388,0.5379986248791803,24
clean54,cumulative_mean,onset_minus_baseline,8,4,12,strong_fixed_support,cook_struct,flow,1749,439,0.2510005717552887,0.4921490549305326,0.25165042562713513,0.4698767234253057,33
clean54,cumulative_mean,onset_minus_baseline,8,4,12,strong_fixed_support,cook_chem,flow,1749,405,0.23156089193825044,0.48890726043503824,0.22736566294334964,0.47255527998193525,33
clean54,cumulative_mean,onset_minus_baseline,8,4,12,strong_fixed_support,cook_gap,flow,1749,98,0.05603201829616924,0.5248272537361401,0.07336003132676124,0.49269621814743975,28
clean54,cumulative_mean,onset_minus_baseline,8,8,16,all_common,randi_wild_type,flow,1349,257,0.1905114899925871,0.5678297059620017,0.2559045835991013,0.5484522196370566,40
clean54,cumulative_mean,onset_minus_baseline,8,8,16,all_common,cook_struct,flow,2862,758,0.26484975541579314,0.5137099080028492,0.27928372197156326,0.4989454600193111,54
clean54,cumulative_mean,onset_minus_baseline,8,8,16,all_common,cook_chem,flow,2862,699,0.24423480083857443,0.5040064500042,0.24722453449080772,0.49367467559074274,54
clean54,cumulative_mean,onset_minus_baseline,8,8,16,all_common,cook_gap,flow,2862,169,0.05904961565338924,0.5272776011443212,0.07412944670092883,0.5008092863924404,45
clean54,cumulative_mean,onset_minus_baseline,8,8,16,strong_fixed_support,randi_wild_type,flow,824,133,0.16140776699029127,0.5385351947161681,0.21197434672763185,0.5450584371152359,24
clean54,cumulative_mean,onset_minus_baseline,8,8,16,strong_fixed_support,cook_struct,flow,1749,439,0.2510005717552887,0.48929037194178304,0.24853129921877765,0.46904518939387274,33
clean54,cumulative_mean,onset_minus_baseline,8,8,16,strong_fixed_support,cook_chem,flow,1749,405,0.23156089193825044,0.48622868900646676,0.22603398744090303,0.4717104613296903,33
clean54,cumulative_mean,onset_minus_baseline,8,8,16,strong_fixed_support,cook_gap,flow,1749,98,0.05603201829616924,0.5232264922928589,0.06935502894218473,0.4952729456919752,28
clean54,cumulative_mean,onset_minus_baseline,8,16,24,all_common,randi_wild_type,flow,1349,257,0.1905114899925871,0.5766985932355582,0.2667414026424926,0.5624951252750519,40
clean54,cumulative_mean,onset_minus_baseline,8,16,24,all_common,cook_struct,flow,2862,758,0.26484975541579314,0.5102393230133331,0.2772818374363232,0.4940084466893719,54
clean54,cumulative_mean,onset_minus_baseline,8,16,24,all_common,cook_chem,flow,2862,699,0.24423480083857443,0.5028900013691047,0.24745306869159348,0.48919818561663325,54
clean54,cumulative_mean,onset_minus_baseline,8,16,24,all_common,cook_gap,flow,2862,169,0.05904961565338924,0.5197872195501376,0.07128279605203028,0.4996907137718041,45
clean54,cumulative_mean,onset_minus_baseline,8,16,24,strong_fixed_support,randi_wild_type,flow,824,133,0.16140776699029127,0.5509178155228882,0.21994237230577823,0.5599413674484923,24
clean54,cumulative_mean,onset_minus_baseline,8,16,24,strong_fixed_support,cook_struct,flow,1749,439,0.2510005717552887,0.4871341876923612,0.24513113445858073,0.4645005595569077,33
clean54,cumulative_mean,onset_minus_baseline,8,16,24,strong_fixed_support,cook_chem,flow,1749,405,0.23156089193825044,0.48498126102292766,0.2232224066905772,0.4661047725456196,33
clean54,cumulative_mean,onset_minus_baseline,8,16,24,strong_fixed_support,cook_gap,flow,1749,98,0.05603201829616924,0.5243266295009827,0.07019630760962445,0.49734217325645735,28
clean54,cumulative_mean,onset_minus_baseline,8,32,40,all_common,randi_wild_type,flow,1349,257,0.1905114899925871,0.5800836647140148,0.2609216602082534,0.5456715304902937,40
clean54,cumulative_mean,onset_minus_baseline,8,32,40,all_common,cook_struct,flow,2862,758,0.26484975541579314,0.5027570302075705,0.27246882960128727,0.48991712876064575,54
clean54,cumulative_mean,onset_minus_baseline,8,32,40,all_common,cook_chem,flow,2862,699,0.24423480083857443,0.49770989135129307,0.24446476689062419,0.4875248697955763,54
clean54,cumulative_mean,onset_minus_baseline,8,32,40,all_common,cook_gap,flow,2862,169,0.05904961565338924,0.5146346983303195,0.06954555051604525,0.5020169747080475,45
clean54,cumulative_mean,onset_minus_baseline,8,32,40,strong_fixed_support,randi_wild_type,flow,824,133,0.16140776699029127,0.5507872430714993,0.2127844490376185,0.5186730006929111,24
clean54,cumulative_mean,onset_minus_baseline,8,32,40,strong_fixed_support,cook_struct,flow,1749,439,0.2510005717552887,0.48524230989932016,0.2405643045158219,0.46874721468932795,33
clean54,cumulative_mean,onset_minus_baseline,8,32,40,strong_fixed_support,cook_chem,flow,1749,405,0.23156089193825044,0.4817423574368019,0.2181905786818196,0.47001443605538634,33
clean54,cumulative_mean,onset_minus_baseline,8,32,40,strong_fixed_support,cook_gap,flow,1749,98,0.05603201829616924,0.5401611886426284,0.07601761264654841,0.5216734079453808,28
clean54,cumulative_mean,onset_minus_baseline,16,1,17,all_common,randi_wild_type,flow,1349,257,0.1905114899925871,0.5595701315545674,0.21765782789766408,0.5548466876049126,40
clean54,cumulative_mean,onset_minus_baseline,16,1,17,all_common,cook_struct,flow,2862,758,0.26484975541579314,0.5226331049289203,0.29948491403685595,0.4917937196932596,54
clean54,cumulative_mean,onset_minus_baseline,16,1,17,all_common,cook_chem,flow,2862,699,0.24423480083857443,0.5155717467063773,0.26579769842456547,0.4922736612233606,54
clean54,cumulative_mean,onset_minus_baseline,16,1,17,all_common,cook_gap,flow,2862,169,0.05904961565338924,0.5271194000663565,0.08488459319117256,0.472042565773775,45
clean54,cumulative_mean,onset_minus_baseline,16,1,17,strong_fixed_support,randi_wild_type,flow,824,133,0.16140776699029127,0.5792520374742935,0.19224242768954,0.5714338930388884,24
clean54,cumulative_mean,onset_minus_baseline,16,1,17,strong_fixed_support,cook_struct,flow,1749,439,0.2510005717552887,0.5174807421447079,0.2764716889945871,0.49072567720989974,33
clean54,cumulative_mean,onset_minus_baseline,16,1,17,strong_fixed_support,cook_chem,flow,1749,405,0.23156089193825044,0.5149029982363316,0.2545132932692877,0.49578358744252166,33
clean54,cumulative_mean,onset_minus_baseline,16,1,17,strong_fixed_support,cook_gap,flow,1749,98,0.05603201829616924,0.501131039938689,0.06587382831925603,0.45585793678311975,28
clean54,cumulative_mean,onset_minus_baseline,16,2,18,all_common,randi_wild_type,flow,1349,257,0.1905114899925871,0.5662547569162355,0.22138023563501913,0.5652982581694895,40
clean54,cumulative_mean,onset_minus_baseline,16,2,18,all_common,cook_struct,flow,2862,758,0.26484975541579314,0.5251502979624186,0.300395822059877,0.4946155959627443,54
clean54,cumulative_mean,onset_minus_baseline,16,2,18,all_common,cook_chem,flow,2862,699,0.24423480083857443,0.5182904446415426,0.2667166113454312,0.49546833530066503,54
clean54,cumulative_mean,onset_minus_baseline,16,2,18,all_common,cook_gap,flow,2862,169,0.05904961565338924,0.5291979864518355,0.08564546346201887,0.47948288024190255,45
clean54,cumulative_mean,onset_minus_baseline,16,2,18,strong_fixed_support,randi_wild_type,flow,824,133,0.16140776699029127,0.5843226010032316,0.19488652970448156,0.5834408703779762,24
clean54,cumulative_mean,onset_minus_baseline,16,2,18,strong_fixed_support,cook_struct,flow,1749,439,0.2510005717552887,0.5184092924585717,0.276850816226563,0.49397247095039276,33
clean54,cumulative_mean,onset_minus_baseline,16,2,18,strong_fixed_support,cook_chem,flow,1749,405,0.23156089193825044,0.5163029100529101,0.2554200181771822,0.49915900604846647,33
clean54,cumulative_mean,onset_minus_baseline,16,2,18,strong_fixed_support,cook_gap,flow,1749,98,0.05603201829616924,0.4999505556310956,0.06506385654252927,0.46249452321998547,28
clean54,cumulative_mean,onset_minus_baseline,16,4,20,all_common,randi_wild_type,flow,1349,257,0.1905114899925871,0.573516626045809,0.2283140809843262,0.567231130664229,40
clean54,cumulative_mean,onset_minus_baseline,16,4,20,all_common,cook_struct,flow,2862,758,0.26484975541579314,0.5287265367135848,0.3013020662206497,0.4979815537099186,54
clean54,cumulative_mean,onset_minus_baseline,16,4,20,all_common,cook_chem,flow,2862,699,0.24423480083857443,0.5219311386651692,0.26784009318258734,0.499001964001819,54
clean54,cumulative_mean,onset_minus_baseline,16,4,20,all_common,cook_gap,flow,2862,169,0.05904961565338924,0.5289409097001431,0.08613612515147345,0.47726813353449454,45
clean54,cumulative_mean,onset_minus_baseline,16,4,20,strong_fixed_support,randi_wild_type,flow,824,133,0.16140776699029127,0.5883812280339054,0.19943736272289253,0.5813914946077058,24
clean54,cumulative_mean,onset_minus_baseline,16,4,20,strong_fixed_support,cook_struct,flow,1749,439,0.2510005717552887,0.5202542210784399,0.27525047486956034,0.49628270191546425,33
clean54,cumulative_mean,onset_minus_baseline,16,4,20,strong_fixed_support,cook_chem,flow,1749,405,0.23156089193825044,0.5182043650793651,0.2540952850289516,0.5014573439825458,33
clean54,cumulative_mean,onset_minus_baseline,16,4,20,strong_fixed_support,cook_gap,flow,1749,98,0.05603201829616924,0.4936340375035537,0.06319410256963029,0.4536490760121673,28
clean54,cumulative_mean,onset_minus_baseline,16,8,24,all_common,randi_wild_type,flow,1349,257,0.1905114899925871,0.579085959436154,0.238018755552433,0.5650558196349329,40
clean54,cumulative_mean,onset_minus_baseline,16,8,24,all_common,cook_struct,flow,2862,758,0.26484975541579314,0.5311092328220152,0.3024888827694918,0.506072956440968,54
clean54,cumulative_mean,onset_minus_baseline,16,8,24,all_common,cook_chem,flow,2862,699,0.24423480083857443,0.5248029514457282,0.2698946605095181,0.507229043677231,54
clean54,cumulative_mean,onset_minus_baseline,16,8,24,all_common,cook_gap,flow,2862,169,0.05904961565338924,0.5276423425185173,0.08636007686517566,0.4745383266600446,45
clean54,cumulative_mean,onset_minus_baseline,16,8,24,strong_fixed_support,randi_wild_type,flow,824,133,0.16140776699029127,0.5908294614974483,0.20463385838695472,0.5801198923711092,24
clean54,cumulative_mean,onset_minus_baseline,16,8,24,strong_fixed_support,cook_struct,flow,1749,439,0.2510005717552887,0.5212801474551809,0.27326337274133106,0.5049529391790385,33
clean54,cumulative_mean,onset_minus_baseline,16,8,24,strong_fixed_support,cook_chem,flow,1749,405,0.23156089193825044,0.5194462815990594,0.25288984697450123,0.5094941574544909,33
clean54,cumulative_mean,onset_minus_baseline,16,8,24,strong_fixed_support,cook_gap,flow,1749,98,0.05603201829616924,0.4838255108221362,0.060673293805039746,0.45052645260942886,28
clean54,cumulative_mean,onset_minus_baseline,16,16,32,all_common,randi_wild_type,flow,1349,257,0.1905114899925871,0.5819899944413562,0.24151177841644192,0.5638501043545627,40
clean54,cumulative_mean,onset_minus_baseline,16,16,32,all_common,cook_struct,flow,2862,758,0.26484975541579314,0.5369800706281289,0.30579244784182347,0.5152823035350217,54
clean54,cumulative_mean,onset_minus_baseline,16,16,32,all_common,cook_chem,flow,2862,699,0.24423480083857443,0.5324441428445763,0.27505243777298904,0.5188703551894619,54
clean54,cumulative_mean,onset_minus_baseline,16,16,32,all_common,cook_gap,flow,2862,169,0.05904961565338924,0.5252605374002729,0.08459143902445625,0.4688503964194407,45
clean54,cumulative_mean,onset_minus_baseline,16,16,32,strong_fixed_support,randi_wild_type,flow,824,133,0.16140776699029127,0.5885444435981415,0.205648136756366,0.5921293841082275,24
clean54,cumulative_mean,onset_minus_baseline,16,16,32,strong_fixed_support,cook_struct,flow,1749,439,0.2510005717552887,0.5252030117025162,0.2749835241375991,0.5138539871802738,33
clean54,cumulative_mean,onset_minus_baseline,16,16,32,strong_fixed_support,cook_chem,flow,1749,405,0.23156089193825044,0.5245829659024104,0.2557421289592759,0.5201230277256973,33
clean54,cumulative_mean,onset_minus_baseline,16,16,32,strong_fixed_support,cook_gap,flow,1749,98,0.05603201829616924,0.47842371351932655,0.05971465401430424,0.4460692782128514,28
clean54,cumulative_mean,onset_minus_baseline,16,32,48,all_common,randi_wild_type,flow,1349,257,0.1905114899925871,0.5765061786462564,0.23493128472014144,0.5597052383113083,40
clean54,cumulative_mean,onset_minus_baseline,16,32,48,all_common,cook_struct,flow,2862,758,0.26484975541579314,0.5471617073146262,0.3158914552129857,0.5165748335241318,54
clean54,cumulative_mean,onset_minus_baseline,16,32,48,all_common,cook_chem,flow,2862,699,0.24423480083857443,0.5441443658036016,0.28720005220316347,0.521797168556713,54
clean54,cumulative_mean,onset_minus_baseline,16,32,48,all_common,cook_gap,flow,2862,169,0.05904961565338924,0.5351085545035672,0.08881977513105037,0.47530736880579333,45
clean54,cumulative_mean,onset_minus_baseline,16,32,48,strong_fixed_support,randi_wild_type,flow,824,133,0.16140776699029127,0.5601449354210418,0.1893220476877654,0.5709496294121424,24
clean54,cumulative_mean,onset_minus_baseline,16,32,48,strong_fixed_support,cook_struct,flow,1749,439,0.2510005717552887,0.5304926185466623,0.284842829224585,0.5151545455618689,33
clean54,cumulative_mean,onset_minus_baseline,16,32,48,strong_fixed_support,cook_chem,flow,1749,405,0.23156089193825044,0.531332671957672,0.26692396111906946,0.5208673154113148,33
clean54,cumulative_mean,onset_minus_baseline,16,32,48,strong_fixed_support,cook_gap,flow,1749,98,0.05603201829616924,0.48755856067442116,0.06257002037007058,0.46030673512244774,28
clean54,cumulative_mean,active_minus_baseline,1,1,2,all_common,randi_wild_type,flow,1349,257,0.1905114899925871,0.5524579182166731,0.22732625863233863,0.5462770812293997,40
clean54,cumulative_mean,active_minus_baseline,1,1,2,all_common,cook_struct,flow,2862,758,0.26484975541579314,0.5044800957091405,0.26606195840010827,0.49926319233145905,54
clean54,cumulative_mean,active_minus_baseline,1,1,2,all_common,cook_chem,flow,2862,699,0.24423480083857443,0.5064913419011506,0.2442467689814834,0.4976942639843333,54
clean54,cumulative_mean,active_minus_baseline,1,1,2,all_common,cook_gap,flow,2862,169,0.05904961565338924,0.4986234308979889,0.06434506403735975,0.5148655298937667,45
clean54,cumulative_mean,active_minus_baseline,1,1,2,strong_fixed_support,randi_wild_type,flow,824,133,0.16140776699029127,0.5926030706288151,0.23223642262878708,0.5836964202723741,24
clean54,cumulative_mean,active_minus_baseline,1,1,2,strong_fixed_support,cook_struct,flow,1749,439,0.2510005717552887,0.4983306960649637,0.2513356830347535,0.49112642980776433,33
clean54,cumulative_mean,active_minus_baseline,1,1,2,strong_fixed_support,cook_chem,flow,1749,405,0.23156089193825044,0.5025187389770723,0.23318875771520317,0.4899486292932896,33
clean54,cumulative_mean,active_minus_baseline,1,1,2,strong_fixed_support,cook_gap,flow,1749,98,0.05603201829616924,0.49988256962385197,0.06268605247823586,0.5102362356929511,28
clean54,cumulative_mean,active_minus_baseline,1,2,3,all_common,randi_wild_type,flow,1349,257,0.1905114899925871,0.5504340017958695,0.22661071492128876,0.5464525839178507,40
clean54,cumulative_mean,active_minus_baseline,1,2,3,all_common,cook_struct,flow,2862,758,0.26484975541579314,0.5053974337108862,0.26630802417942157,0.5002273330824565,54
clean54,cumulative_mean,active_minus_baseline,1,2,3,all_common,cook_chem,flow,2862,699,0.24423480083857443,0.5065654190617731,0.2441577759128042,0.4977549605486806,54
clean54,cumulative_mean,active_minus_baseline,1,2,3,all_common,cook_gap,flow,2862,169,0.05904961565338924,0.5017676773225346,0.06471384054894862,0.5120553906628282,45
clean54,cumulative_mean,active_minus_baseline,1,2,3,strong_fixed_support,randi_wild_type,flow,824,133,0.16140776699029127,0.5907424131965224,0.23106028016737343,0.5835765079460985,24
clean54,cumulative_mean,active_minus_baseline,1,2,3,strong_fixed_support,cook_struct,flow,1749,439,0.2510005717552887,0.5004486254325409,0.2520613143663072,0.49377810015333967,33
clean54,cumulative_mean,active_minus_baseline,1,2,3,strong_fixed_support,cook_chem,flow,1749,405,0.23156089193825044,0.5034207818930041,0.23348391833297852,0.49096683017097725,33
clean54,cumulative_mean,active_minus_baseline,1,2,3,strong_fixed_support,cook_gap,flow,1749,98,0.05603201829616924,0.5013597201448721,0.06284456274564418,0.5092967069781651,28
clean54,cumulative_mean,active_minus_baseline,1,4,5,all_common,randi_wild_type,flow,1349,257,0.1905114899925871,0.5516775701600605,0.22670321054509213,0.5465472510811356,40
clean54,cumulative_mean,active_minus_baseline,1,4,5,all_common,cook_struct,flow,2862,758,0.26484975541579314,0.5082297069534597,0.26660531066783166,0.5054443691422921,54
clean54,cumulative_mean,active_minus_baseline,1,4,5,all_common,cook_chem,flow,2862,699,0.24423480083857443,0.5074768326987169,0.24396557023369528,0.5018518403473338,54
clean54,cumulative_mean,active_minus_baseline,1,4,5,all_common,cook_gap,flow,2862,169,0.05904961565338924,0.5084428839177618,0.06432749554273685,0.5208024926674152,45
clean54,cumulative_mean,active_minus_baseline,1,4,5,strong_fixed_support,randi_wild_type,flow,824,133,0.16140776699029127,0.5925377844031207,0.23209253331136287,0.5895014042846581,24
clean54,cumulative_mean,active_minus_baseline,1,4,5,strong_fixed_support,cook_struct,flow,1749,439,0.2510005717552887,0.5063172720791529,0.25395709261530347,0.5028923858417846,33
clean54,cumulative_mean,active_minus_baseline,1,4,5,strong_fixed_support,cook_chem,flow,1749,405,0.23156089193825044,0.507389035861258,0.2344449652499884,0.4988061496515894,33
clean54,cumulative_mean,active_minus_baseline,1,4,5,strong_fixed_support,cook_gap,flow,1749,98,0.05603201829616924,0.5051669365505136,0.06330609178443561,0.5208886451429215,28
clean54,cumulative_mean,active_minus_baseline,1,8,9,all_common,randi_wild_type,flow,1349,257,0.1905114899925871,0.5547597668220237,0.22597663746429852,0.5417066661643368,40
clean54,cumulative_mean,active_minus_baseline,1,8,9,all_common,cook_struct,flow,2862,758,0.26484975541579314,0.5119203778203598,0.26783719809666007,0.5076370803932335,54
clean54,cumulative_mean,active_minus_baseline,1,8,9,all_common,cook_chem,flow,2862,699,0.24423480083857443,0.5083637744165266,0.24390417823835633,0.5036859180793681,54
clean54,cumulative_mean,active_minus_baseline,1,8,9,all_common,cook_gap,flow,2862,169,0.05904961565338924,0.5167638211712593,0.06506627681882768,0.5201457253104291,45
clean54,cumulative_mean,active_minus_baseline,1,8,9,strong_fixed_support,randi_wild_type,flow,824,133,0.16140776699029127,0.5959979543649282,0.23026184507161274,0.5804803913485078,24
clean54,cumulative_mean,active_minus_baseline,1,8,9,strong_fixed_support,cook_struct,flow,1749,439,0.2510005717552887,0.5140621467944148,0.2567804117596296,0.5107248668485631,33
clean54,cumulative_mean,active_minus_baseline,1,8,9,strong_fixed_support,cook_chem,flow,1749,405,0.23156089193825044,0.5127204585537919,0.23591205115124786,0.5070951248343185,33
clean54,cumulative_mean,active_minus_baseline,1,8,9,strong_fixed_support,cook_gap,flow,1749,98,0.05603201829616924,0.5111991495568549,0.06412850504801672,0.5262263719399193,28
clean54,cumulative_mean,active_minus_baseline,1,16,17,all_common,randi_wild_type,flow,1349,257,0.1905114899925871,0.5537406821453514,0.2254564093435779,0.5400606216576319,40
clean54,cumulative_mean,active_minus_baseline,1,16,17,all_common,cook_struct,flow,2862,758,0.26484975541579314,0.5164393490975852,0.270484767913864,0.5076970088767087,54
clean54,cumulative_mean,active_minus_baseline,1,16,17,all_common,cook_chem,flow,2862,699,0.24423480083857443,0.5096634317435184,0.24441683392954328,0.5034193604531686,54
clean54,cumulative_mean,active_minus_baseline,1,16,17,all_common,cook_gap,flow,2862,169,0.05904961565338924,0.5277763739873483,0.06776942448582633,0.4997500524336563,45
clean54,cumulative_mean,active_minus_baseline,1,16,17,strong_fixed_support,randi_wild_type,flow,824,133,0.16140776699029127,0.5937782226913159,0.22884504643689255,0.5693745762367549,24
clean54,cumulative_mean,active_minus_baseline,1,16,17,strong_fixed_support,cook_struct,flow,1749,439,0.2510005717552887,0.5256412039854631,0.26052860509657033,0.5176486194327984,33
clean54,cumulative_mean,active_minus_baseline,1,16,17,strong_fixed_support,cook_chem,flow,1749,405,0.23156089193825044,0.5227311140505585,0.2376985339024879,0.5139515181863398,33
clean54,cumulative_mean,active_minus_baseline,1,16,17,strong_fixed_support,cook_gap,flow,1749,98,0.05603201829616924,0.5209087875004635,0.06641879227762221,0.5219240663266491,28
clean54,cumulative_mean,active_minus_baseline,1,32,33,all_common,randi_wild_type,flow,1349,257,0.1905114899925871,0.5459746155271448,0.22858890585246006,0.5110129994520788,40
clean54,cumulative_mean,active_minus_baseline,1,32,33,all_common,cook_struct,flow,2862,758,0.26484975541579314,0.5190552986145249,0.2788449362124477,0.5055720390725184,54
clean54,cumulative_mean,active_minus_baseline,1,32,33,all_common,cook_chem,flow,2862,699,0.24423480083857443,0.5115484309200714,0.24791908573060709,0.4996291057785318,54
clean54,cumulative_mean,active_minus_baseline,1,32,33,all_common,cook_gap,flow,2862,169,0.05904961565338924,0.5279631391488342,0.07644120926138179,0.495534515090448,45
clean54,cumulative_mean,active_minus_baseline,1,32,33,strong_fixed_support,randi_wild_type,flow,824,133,0.16140776699029127,0.5769561385373709,0.23054632914481316,0.5278080355579572,24
clean54,cumulative_mean,active_minus_baseline,1,32,33,strong_fixed_support,cook_struct,flow,1749,439,0.2510005717552887,0.5332765306299883,0.26447343067845386,0.5198832070520812,33
clean54,cumulative_mean,active_minus_baseline,1,32,33,strong_fixed_support,cook_chem,flow,1749,405,0.23156089193825044,0.5297563932980599,0.2406040153439303,0.5159476648319471,33
clean54,cumulative_mean,active_minus_baseline,1,32,33,strong_fixed_support,cook_gap,flow,1749,98,0.05603201829616924,0.5270398892446136,0.06594745712034288,0.5233879605926145,28
clean54,cumulative_mean,active_minus_baseline,4,1,5,all_common,randi_wild_type,flow,1349,257,0.1905114899925871,0.5309858753438521,0.20801297472975158,0.5369143177044501,40
clean54,cumulative_mean,active_minus_baseline,4,1,5,all_common,cook_struct,flow,2862,758,0.26484975541579314,0.48511473308787384,0.2689682371946034,0.4741579277802084,54
clean54,cumulative_mean,active_minus_baseline,4,1,5,all_common,cook_chem,flow,2862,699,0.24423480083857443,0.48570906062884894,0.24341014237542388,0.47640489297695915,54
clean54,cumulative_mean,active_minus_baseline,4,1,5,all_common,cook_gap,flow,2862,169,0.05904961565338924,0.4859717391352114,0.07525743658988487,0.4799642475975015,45
clean54,cumulative_mean,active_minus_baseline,4,1,5,strong_fixed_support,randi_wild_type,flow,824,133,0.16140776699029127,0.538970436220798,0.19116589043015456,0.5503939694916419,24
clean54,cumulative_mean,active_minus_baseline,4,1,5,strong_fixed_support,cook_struct,flow,1749,439,0.2510005717552887,0.47535516180076165,0.24933594098010803,0.4660834541600078,33
clean54,cumulative_mean,active_minus_baseline,4,1,5,strong_fixed_support,cook_chem,flow,1749,405,0.23156089193825044,0.480217519106408,0.23303030590310406,0.470386411324022,33
clean54,cumulative_mean,active_minus_baseline,4,1,5,strong_fixed_support,cook_gap,flow,1749,98,0.05603201829616924,0.4581700639068468,0.0588082915369903,0.46860631065983993,28
clean54,cumulative_mean,active_minus_baseline,4,2,6,all_common,randi_wild_type,flow,1349,257,0.1905114899925871,0.5300772508943715,0.20766842416794887,0.5384550140000752,40
clean54,cumulative_mean,active_minus_baseline,4,2,6,all_common,cook_struct,flow,2862,758,0.26484975541579314,0.48354372121953915,0.268711485455546,0.47242325378313205,54
clean54,cumulative_mean,active_minus_baseline,4,2,6,all_common,cook_chem,flow,2862,699,0.24423480083857443,0.4840929218611622,0.24304561648287426,0.4743727070047189,54
clean54,cumulative_mean,active_minus_baseline,4,2,6,all_common,cook_gap,flow,2862,169,0.05904961565338924,0.4853938657532019,0.07539260584158218,0.47779987018089415,45
clean54,cumulative_mean,active_minus_baseline,4,2,6,strong_fixed_support,randi_wild_type,flow,824,133,0.16140776699029127,0.5353252886195227,0.19031113907680142,0.5537680608597589,24
clean54,cumulative_mean,active_minus_baseline,4,2,6,strong_fixed_support,cook_struct,flow,1749,439,0.2510005717552887,0.47332591420473313,0.24900036023520317,0.4639014382947275,33
clean54,cumulative_mean,active_minus_baseline,4,2,6,strong_fixed_support,cook_chem,flow,1749,405,0.23156089193825044,0.4779559817754262,0.2326153943749123,0.46770640165845556,33
clean54,cumulative_mean,active_minus_baseline,4,2,6,strong_fixed_support,cook_gap,flow,1749,98,0.05603201829616924,0.4590538820010136,0.058907074251285774,0.46828224963093673,28
clean54,cumulative_mean,active_minus_baseline,4,4,8,all_common,randi_wild_type,flow,1349,257,0.1905114899925871,0.5273727569447414,0.20639560922394734,0.5357181889163696,40
clean54,cumulative_mean,active_minus_baseline,4,4,8,all_common,cook_struct,flow,2862,758,0.26484975541579314,0.4828395718169688,0.2688574074630579,0.4733360566960583,54
clean54,cumulative_mean,active_minus_baseline,4,4,8,all_common,cook_chem,flow,2862,699,0.24423480083857443,0.4830260784675552,0.2428764477136997,0.4737607866188724,54
clean54,cumulative_mean,active_minus_baseline,4,4,8,all_common,cook_gap,flow,2862,169,0.05904961565338924,0.48884792262209503,0.0763016965466442,0.4838060007514466,45
clean54,cumulative_mean,active_minus_baseline,4,4,8,strong_fixed_support,randi_wild_type,flow,824,133,0.16140776699029127,0.5288945953886162,0.18852768895959998,0.5488461400493577,24
clean54,cumulative_mean,active_minus_baseline,4,4,8,strong_fixed_support,cook_struct,flow,1749,439,0.2510005717552887,0.4734319845589386,0.24968242030007126,0.46497126427431523,33
clean54,cumulative_mean,active_minus_baseline,4,4,8,strong_fixed_support,cook_chem,flow,1749,405,0.23156089193825044,0.47724500293944744,0.23292180198357404,0.466296760590304,33
clean54,cumulative_mean,active_minus_baseline,4,4,8,strong_fixed_support,cook_gap,flow,1749,98,0.05603201829616924,0.4667486619117665,0.05976632604634973,0.4816872402467078,28
clean54,cumulative_mean,active_minus_baseline,4,8,12,all_common,randi_wild_type,flow,1349,257,0.1905114899925871,0.5280105756759453,0.2052494526571021,0.5301615249960825,40
clean54,cumulative_mean,active_minus_baseline,4,8,12,all_common,cook_struct,flow,2862,758,0.26484975541579314,0.4833408785376767,0.26974769557495915,0.47348793662504274,54
clean54,cumulative_mean,active_minus_baseline,4,8,12,all_common,cook_chem,flow,2862,699,0.24423480083857443,0.4837704877914887,0.24326101057447747,0.4739247821566015,54
clean54,cumulative_mean,active_minus_baseline,4,8,12,all_common,cook_gap,flow,2862,169,0.05904961565338924,0.4926293678328869,0.07871778722681473,0.4808178716019168,45
clean54,cumulative_mean,active_minus_baseline,4,8,12,strong_fixed_support,randi_wild_type,flow,824,133,0.16140776699029127,0.5214519656594452,0.1859699662164923,0.5329682730685495,24
clean54,cumulative_mean,active_minus_baseline,4,8,12,strong_fixed_support,cook_struct,flow,1749,439,0.2510005717552887,0.4734563285746579,0.25095000578589605,0.4658326671034555,33
clean54,cumulative_mean,active_minus_baseline,4,8,12,strong_fixed_support,cook_chem,flow,1749,405,0.23156089193825044,0.47678571428571426,0.2336344984556585,0.46699744540923854,33
clean54,cumulative_mean,active_minus_baseline,4,8,12,strong_fixed_support,cook_gap,flow,1749,98,0.05603201829616924,0.4762358001953052,0.062324563019113315,0.48861636079231713,28
clean54,cumulative_mean,active_minus_baseline,4,16,20,all_common,randi_wild_type,flow,1349,257,0.1905114899925871,0.5305262182694088,0.20480396747472496,0.5308895616673642,40
clean54,cumulative_mean,active_minus_baseline,4,16,20,all_common,cook_struct,flow,2862,758,0.26484975541579314,0.48665125856516545,0.2727150182970379,0.47629046357479266,54
clean54,cumulative_mean,active_minus_baseline,4,16,20,all_common,cook_chem,flow,2862,699,0.24423480083857443,0.48837352349998714,0.24523651524316054,0.4799402374249373,54
clean54,cumulative_mean,active_minus_baseline,4,16,20,all_common,cook_gap,flow,2862,169,0.05904961565338924,0.49365547760246264,0.0860009353662395,0.46373092303802593,45
clean54,cumulative_mean,active_minus_baseline,4,16,20,strong_fixed_support,randi_wild_type,flow,824,133,0.16140776699029127,0.5125839200026114,0.18528419057612747,0.5216886684664139,24
clean54,cumulative_mean,active_minus_baseline,4,16,20,strong_fixed_support,cook_struct,flow,1749,439,0.2510005717552887,0.4753099514858544,0.25157541726088606,0.4685029598635308,33
clean54,cumulative_mean,active_minus_baseline,4,16,20,strong_fixed_support,cook_chem,flow,1749,405,0.23156089193825044,0.4791207378012933,0.23315015871839975,0.4733027022064592,33
clean54,cumulative_mean,active_minus_baseline,4,16,20,strong_fixed_support,cook_gap,flow,1749,98,0.05603201829616924,0.48605668796894896,0.06565503918432146,0.4775011145257918,28
clean54,cumulative_mean,active_minus_baseline,4,32,36,all_common,randi_wild_type,flow,1349,257,0.1905114899925871,0.5238843517053633,0.20647888257302782,0.5189632815979193,40
clean54,cumulative_mean,active_minus_baseline,4,32,36,all_common,cook_struct,flow,2862,758,0.26484975541579314,0.5003423558092639,0.2759643744503184,0.4848681703229334,54
clean54,cumulative_mean,active_minus_baseline,4,32,36,all_common,cook_chem,flow,2862,699,0.24423480083857443,0.4997357694136727,0.24884086199051475,0.48594999274095013,54
clean54,cumulative_mean,active_minus_baseline,4,32,36,all_common,cook_gap,flow,2862,169,0.05904961565338924,0.5093854986739674,0.08472894348964266,0.47148370026012376,45
clean54,cumulative_mean,active_minus_baseline,4,32,36,strong_fixed_support,randi_wild_type,flow,824,133,0.16140776699029127,0.5059138439441585,0.1921184271942592,0.5091525123033481,24
clean54,cumulative_mean,active_minus_baseline,4,32,36,strong_fixed_support,cook_struct,flow,1749,439,0.2510005717552887,0.4847919456085134,0.25462909139709705,0.4776372114950719,33
clean54,cumulative_mean,active_minus_baseline,4,32,36,strong_fixed_support,cook_chem,flow,1749,405,0.23156089193825044,0.484891240446796,0.23310589610996046,0.47962727549773654,33
clean54,cumulative_mean,active_minus_baseline,4,32,36,strong_fixed_support,cook_gap,flow,1749,98,0.05603201829616924,0.5073177665978565,0.07790264763696196,0.47503587461603836,28
clean54,cumulative_mean,active_minus_baseline,8,1,9,all_common,randi_wild_type,flow,1349,257,0.1905114899925871,0.5104901583500805,0.20277136212671357,0.507670823703702,40
clean54,cumulative_mean,active_minus_baseline,8,1,9,all_common,cook_struct,flow,2862,758,0.26484975541579314,0.5176357133541338,0.2786225518031745,0.49808703736141485,54
clean54,cumulative_mean,active_minus_baseline,8,1,9,all_common,cook_chem,flow,2862,699,0.24423480083857443,0.51539184503058,0.25357984851340704,0.49936785734929434,54
clean54,cumulative_mean,active_minus_baseline,8,1,9,all_common,cook_gap,flow,2862,169,0.05904961565338924,0.49960779316087955,0.06313299362726466,0.499853050412132,45
clean54,cumulative_mean,active_minus_baseline,8,1,9,strong_fixed_support,randi_wild_type,flow,824,133,0.16140776699029127,0.4901581014765568,0.16825762987166543,0.5032579213131555,24
clean54,cumulative_mean,active_minus_baseline,8,1,9,strong_fixed_support,cook_struct,flow,1749,439,0.2510005717552887,0.5095689370359422,0.26107289499360964,0.49713780323033774,33
clean54,cumulative_mean,active_minus_baseline,8,1,9,strong_fixed_support,cook_chem,flow,1749,405,0.23156089193825044,0.5114491475602587,0.2428504374063148,0.5005103124465771,33
clean54,cumulative_mean,active_minus_baseline,8,1,9,strong_fixed_support,cook_gap,flow,1749,98,0.05603201829616924,0.5184056663246763,0.06442346509862784,0.5208986269754182,28
clean54,cumulative_mean,active_minus_baseline,8,2,10,all_common,randi_wild_type,flow,1349,257,0.1905114899925871,0.5117159105485953,0.20279321405406073,0.5097867812957495,40
clean54,cumulative_mean,active_minus_baseline,8,2,10,all_common,cook_struct,flow,2862,758,0.26484975541579314,0.518376857248914,0.2787491826263654,0.5003041119191486,54
clean54,cumulative_mean,active_minus_baseline,8,2,10,all_common,cook_chem,flow,2862,699,0.24423480083857443,0.5163502182961327,0.2539762458240964,0.5017945675586762,54
clean54,cumulative_mean,active_minus_baseline,8,2,10,all_common,cook_gap,flow,2862,169,0.05904961565338924,0.5011107034015428,0.06327682095416445,0.5023572352194233,45
clean54,cumulative_mean,active_minus_baseline,8,2,10,strong_fixed_support,randi_wild_type,flow,824,133,0.16140776699029127,0.4914747070280622,0.16855697906735456,0.5052205739290684,24
clean54,cumulative_mean,active_minus_baseline,8,2,10,strong_fixed_support,cook_struct,flow,1749,439,0.2510005717552887,0.5099932184527639,0.2614090852242643,0.49877982656407904,33
clean54,cumulative_mean,active_minus_baseline,8,2,10,strong_fixed_support,cook_chem,flow,1749,405,0.23156089193825044,0.5116181657848324,0.2432810402144108,0.5024497515457379,33
clean54,cumulative_mean,active_minus_baseline,8,2,10,strong_fixed_support,cook_gap,flow,1749,98,0.05603201829616924,0.5213414257283774,0.06628004840308382,0.5245724782299113,28
clean54,cumulative_mean,active_minus_baseline,8,4,12,all_common,randi_wild_type,flow,1349,257,0.1905114899925871,0.5128739613175411,0.2027004747585197,0.509418698718432,40
clean54,cumulative_mean,active_minus_baseline,8,4,12,all_common,cook_struct,flow,2862,758,0.26484975541579314,0.5188439910912247,0.27881069427427363,0.5002740951708339,54
clean54,cumulative_mean,active_minus_baseline,8,4,12,all_common,cook_chem,flow,2862,699,0.24423480083857443,0.51707842324118,0.254656771161464,0.5010167515231863,54
clean54,cumulative_mean,active_minus_baseline,8,4,12,all_common,cook_gap,flow,2862,169,0.05904961565338924,0.5027344616878737,0.06224501296577033,0.505584716362564,45
clean54,cumulative_mean,active_minus_baseline,8,4,12,strong_fixed_support,randi_wild_type,flow,824,133,0.16140776699029127,0.4909850603353536,0.16811006277981336,0.5041339153163681,24
clean54,cumulative_mean,active_minus_baseline,8,4,12,strong_fixed_support,cook_struct,flow,1749,439,0.2510005717552887,0.5091429167608548,0.2602379890462056,0.4958602235011493,33
clean54,cumulative_mean,active_minus_baseline,8,4,12,strong_fixed_support,cook_chem,flow,1749,405,0.23156089193825044,0.5105066872427984,0.24227019769255909,0.49812182220930484,33
clean54,cumulative_mean,active_minus_baseline,8,4,12,strong_fixed_support,cook_gap,flow,1749,98,0.05603201829616924,0.522657882050458,0.07119998777318298,0.5275164363033291,28
clean54,cumulative_mean,active_minus_baseline,8,8,16,all_common,randi_wild_type,flow,1349,257,0.1905114899925871,0.5103476290246718,0.2024587335457722,0.5042805261852822,40
clean54,cumulative_mean,active_minus_baseline,8,8,16,all_common,cook_struct,flow,2862,758,0.26484975541579314,0.5214624487093311,0.2789199950212078,0.49958264153349063,54
clean54,cumulative_mean,active_minus_baseline,8,8,16,all_common,cook_chem,flow,2862,699,0.24423480083857443,0.5189878943368672,0.255367963454347,0.49953429225783286,54
clean54,cumulative_mean,active_minus_baseline,8,8,16,all_common,cook_gap,flow,2862,169,0.05904961565338924,0.511105935396832,0.06191557684820588,0.5144022305952625,45
clean54,cumulative_mean,active_minus_baseline,8,8,16,strong_fixed_support,randi_wild_type,flow,824,133,0.16140776699029127,0.4864367866119713,0.1665573204921496,0.49390559331332257,24
clean54,cumulative_mean,active_minus_baseline,8,8,16,strong_fixed_support,cook_struct,flow,1749,439,0.2510005717552887,0.5086960301865795,0.25830821820623023,0.49162974482106353,33
clean54,cumulative_mean,active_minus_baseline,8,8,16,strong_fixed_support,cook_chem,flow,1749,405,0.23156089193825044,0.5090149176954732,0.24052392299379305,0.4927418906491238,33
clean54,cumulative_mean,active_minus_baseline,8,8,16,strong_fixed_support,cook_gap,flow,1749,98,0.05603201829616924,0.5263105848032732,0.07059199568553698,0.5290194317488295,28
clean54,cumulative_mean,active_minus_baseline,8,16,24,all_common,randi_wild_type,flow,1349,257,0.1905114899925871,0.5104972848163509,0.20384843783815862,0.4926152921303249,40
clean54,cumulative_mean,active_minus_baseline,8,16,24,all_common,cook_struct,flow,2862,758,0.26484975541579314,0.5240953279091466,0.27993853250867895,0.5017892563338725,54
clean54,cumulative_mean,active_minus_baseline,8,16,24,all_common,cook_chem,flow,2862,699,0.24423480083857443,0.5210984320113867,0.2566772629813764,0.49993643521004577,54
clean54,cumulative_mean,active_minus_baseline,8,16,24,all_common,cook_gap,flow,2862,169,0.05904961565338924,0.5282180186633327,0.06286158061527422,0.5287170637026092,45
clean54,cumulative_mean,active_minus_baseline,8,16,24,strong_fixed_support,randi_wild_type,flow,824,133,0.16140776699029127,0.4843585084273636,0.16441906280973606,0.4735625842626657,24
clean54,cumulative_mean,active_minus_baseline,8,16,24,strong_fixed_support,cook_struct,flow,1749,439,0.2510005717552887,0.5082560990453668,0.2552577910745697,0.4913799192902597,33
clean54,cumulative_mean,active_minus_baseline,8,16,24,strong_fixed_support,cook_chem,flow,1749,405,0.23156089193825044,0.507256760728983,0.237255226267428,0.49006497059263376,33
clean54,cumulative_mean,active_minus_baseline,8,16,24,strong_fixed_support,cook_gap,flow,1749,98,0.05603201829616924,0.5385913299299127,0.07082614433295414,0.5354070257241521,28
clean54,cumulative_mean,active_minus_baseline,8,32,40,all_common,randi_wild_type,flow,1349,257,0.1905114899925871,0.5298741466056641,0.20853986488907222,0.5140051312257181,40
clean54,cumulative_mean,active_minus_baseline,8,32,40,all_common,cook_struct,flow,2862,758,0.26484975541579314,0.523383654203076,0.2816376525754781,0.5045943056321777,54
clean54,cumulative_mean,active_minus_baseline,8,32,40,all_common,cook_chem,flow,2862,699,0.24423480083857443,0.5203999902112323,0.2570073138812581,0.5018096821099222,54
clean54,cumulative_mean,active_minus_baseline,8,32,40,all_common,cook_gap,flow,2862,169,0.05904961565338924,0.543044975248123,0.06572589673482795,0.5310639578562151,45
clean54,cumulative_mean,active_minus_baseline,8,32,40,strong_fixed_support,randi_wild_type,flow,824,133,0.16140776699029127,0.49311774370803996,0.16292022748348897,0.4926521762109283,24
clean54,cumulative_mean,active_minus_baseline,8,32,40,strong_fixed_support,cook_struct,flow,1749,439,0.2510005717552887,0.5029508424768298,0.24892045470754587,0.49286182090070063,33
clean54,cumulative_mean,active_minus_baseline,8,32,40,strong_fixed_support,cook_chem,flow,1749,405,0.23156089193825044,0.5030019106407996,0.2304414115559461,0.4927954508793501,33
clean54,cumulative_mean,active_minus_baseline,8,32,40,strong_fixed_support,cook_gap,flow,1749,98,0.05603201829616924,0.5389312599661306,0.07031298532121402,0.5185692929039366,28
clean54,cumulative_mean,active_minus_baseline,16,1,17,all_common,randi_wild_type,flow,1349,257,0.1905114899925871,0.5505052664585739,0.23732537228112383,0.5319403990345805,40
clean54,cumulative_mean,active_minus_baseline,16,1,17,all_common,cook_struct,flow,2862,758,0.26484975541579314,0.5109785858322382,0.2793104163612484,0.5010197734664079,54
clean54,cumulative_mean,active_minus_baseline,16,1,17,all_common,cook_chem,flow,2862,699,0.24423480083857443,0.5148858715674,0.2594150130650022,0.5106190161739467,54
clean54,cumulative_mean,active_minus_baseline,16,1,17,all_common,cook_gap,flow,2862,169,0.05904961565338924,0.4801512578084317,0.059465447787760604,0.45813155268468475,45
clean54,cumulative_mean,active_minus_baseline,16,1,17,strong_fixed_support,randi_wild_type,flow,824,133,0.16140776699029127,0.5033459190668421,0.17085505080039404,0.5131833962871107,24
clean54,cumulative_mean,active_minus_baseline,16,1,17,strong_fixed_support,cook_struct,flow,1749,439,0.2510005717552887,0.5134292023857135,0.265276697568978,0.4944534075164808,33
clean54,cumulative_mean,active_minus_baseline,16,1,17,strong_fixed_support,cook_chem,flow,1749,405,0.23156089193825044,0.5202160493827162,0.2456762074005742,0.5052911026769378,33
clean54,cumulative_mean,active_minus_baseline,16,1,17,strong_fixed_support,cook_gap,flow,1749,98,0.05603201829616924,0.46958553257765856,0.05409272464728731,0.4565653891402855,28
clean54,cumulative_mean,active_minus_baseline,16,2,18,all_common,randi_wild_type,flow,1349,257,0.1905114899925871,0.5514602129388122,0.23738337956243016,0.5317002787391745,40
clean54,cumulative_mean,active_minus_baseline,16,2,18,all_common,cook_struct,flow,2862,758,0.26484975541579314,0.5124307764077972,0.2794459802342617,0.5007416022495269,54
clean54,cumulative_mean,active_minus_baseline,16,2,18,all_common,cook_chem,flow,2862,699,0.24423480083857443,0.5161861902976116,0.25960143956904297,0.5104009012314559,54
clean54,cumulative_mean,active_minus_baseline,16,2,18,all_common,cook_gap,flow,2862,169,0.05904961565338924,0.48102136373723675,0.05940378121939359,0.4580875499630647,45
clean54,cumulative_mean,active_minus_baseline,16,2,18,strong_fixed_support,randi_wild_type,flow,824,133,0.16140776699029127,0.5068060890286498,0.1714064073799622,0.5136238588319698,24
clean54,cumulative_mean,active_minus_baseline,16,2,18,strong_fixed_support,cook_struct,flow,1749,439,0.2510005717552887,0.5143368864003894,0.26527241601661267,0.49424650140594617,33
clean54,cumulative_mean,active_minus_baseline,16,2,18,strong_fixed_support,cook_chem,flow,1749,405,0.23156089193825044,0.5207524985302763,0.2457033159555933,0.505121688235839,33
clean54,cumulative_mean,active_minus_baseline,16,2,18,strong_fixed_support,cook_gap,flow,1749,98,0.05603201829616924,0.47071039197023445,0.05397268622173265,0.4557710281239335,28
clean54,cumulative_mean,active_minus_baseline,16,4,20,all_common,randi_wild_type,flow,1349,257,0.1905114899925871,0.5508223942076083,0.23719399254889056,0.531778183479749,40
clean54,cumulative_mean,active_minus_baseline,16,4,20,all_common,cook_struct,flow,2862,758,0.26484975541579314,0.515170876932492,0.28025402702091107,0.5027706401497872,54
clean54,cumulative_mean,active_minus_baseline,16,4,20,all_common,cook_chem,flow,2862,699,0.24423480083857443,0.5189918627561863,0.2604595552844171,0.5117898286371874,54
clean54,cumulative_mean,active_minus_baseline,16,4,20,all_common,cook_gap,flow,2862,169,0.05904961565338924,0.4819464005958907,0.059803006595820704,0.4581943020206894,45
clean54,cumulative_mean,active_minus_baseline,16,4,20,strong_fixed_support,randi_wild_type,flow,824,133,0.16140776699029127,0.5118004852942777,0.17284275068397326,0.5203006680149251,24
clean54,cumulative_mean,active_minus_baseline,16,4,20,strong_fixed_support,cook_struct,flow,1749,439,0.2510005717552887,0.516639134744127,0.2655255948285689,0.49633264490131856,33
clean54,cumulative_mean,active_minus_baseline,16,4,20,strong_fixed_support,cook_chem,flow,1749,405,0.23156089193825044,0.5228303203997648,0.24599601274420313,0.5062533236161568,33
clean54,cumulative_mean,active_minus_baseline,16,4,20,strong_fixed_support,cook_gap,flow,1749,98,0.05603201829616924,0.4710935858292439,0.053924634839287444,0.4549696346296636,28
clean54,cumulative_mean,active_minus_baseline,16,8,24,all_common,randi_wild_type,flow,1349,257,0.1905114899925871,0.5496785963712034,0.2357295757846196,0.5304637815283103,40
clean54,cumulative_mean,active_minus_baseline,16,8,24,all_common,cook_struct,flow,2862,758,0.26484975541579314,0.5188333316612659,0.2812325116912222,0.5041824072884573,54
clean54,cumulative_mean,active_minus_baseline,16,8,24,all_common,cook_chem,flow,2862,699,0.24423480083857443,0.5227149014806834,0.26140823576788363,0.5126776124356544,54
clean54,cumulative_mean,active_minus_baseline,16,8,24,all_common,cook_gap,flow,2862,169,0.05904961565338924,0.48382503839672,0.06021635789035556,0.46075434584089997,45
clean54,cumulative_mean,active_minus_baseline,16,8,24,strong_fixed_support,randi_wild_type,flow,824,133,0.16140776699029127,0.5185576096536566,0.17458729693584002,0.5241380569508155,24
clean54,cumulative_mean,active_minus_baseline,16,8,24,strong_fixed_support,cook_struct,flow,1749,439,0.2510005717552887,0.5200977238345302,0.2660987083179409,0.4977586863579236,33
clean54,cumulative_mean,active_minus_baseline,16,8,24,strong_fixed_support,cook_chem,flow,1749,405,0.23156089193825044,0.5261776161081716,0.2465414314044541,0.5071692346462439,33
clean54,cumulative_mean,active_minus_baseline,16,8,24,strong_fixed_support,cook_gap,flow,1749,98,0.05603201829616924,0.4738130261189879,0.05410257481816602,0.4575535865108325,28
clean54,cumulative_mean,active_minus_baseline,16,16,32,all_common,randi_wild_type,flow,1349,257,0.1905114899925871,0.5488804321489147,0.23492313230088557,0.53159252665334,40
clean54,cumulative_mean,active_minus_baseline,16,16,32,all_common,cook_struct,flow,2862,758,0.26484975541579314,0.522367246205243,0.2834706444864331,0.5034320334109685,54
clean54,cumulative_mean,active_minus_baseline,16,16,32,all_common,cook_chem,flow,2862,699,0.24423480083857443,0.5266065980262405,0.2634181632089048,0.5119657019284257,54
clean54,cumulative_mean,active_minus_baseline,16,16,32,all_common,cook_gap,flow,2862,169,0.05904961565338924,0.4876372449282273,0.06268630600928071,0.4579166346424902,45
clean54,cumulative_mean,active_minus_baseline,16,16,32,strong_fixed_support,randi_wild_type,flow,824,133,0.16140776699029127,0.5228012143237979,0.1762827914034209,0.532104248652636,24
clean54,cumulative_mean,active_minus_baseline,16,16,32,strong_fixed_support,cook_struct,flow,1749,439,0.2510005717552887,0.5214488167069502,0.26545138148833913,0.4973147711812708,33
clean54,cumulative_mean,active_minus_baseline,16,16,32,strong_fixed_support,cook_chem,flow,1749,405,0.23156089193825044,0.5268004115226338,0.24566187380583865,0.506343101615364,33
clean54,cumulative_mean,active_minus_baseline,16,16,32,strong_fixed_support,cook_gap,flow,1749,98,0.05603201829616924,0.4761678141880617,0.054289022787402434,0.45611088356188334,28
clean54,cumulative_mean,active_minus_baseline,16,32,48,all_common,randi_wild_type,flow,1349,257,0.1905114899925871,0.5441555850116162,0.2255266245084575,0.5190825929424928,40
clean54,cumulative_mean,active_minus_baseline,16,32,48,all_common,cook_struct,flow,2862,758,0.26484975541579314,0.5332398647631851,0.2915408170905841,0.5113893410588466,54
clean54,cumulative_mean,active_minus_baseline,16,32,48,all_common,cook_chem,flow,2862,699,0.24423480083857443,0.5342352227639114,0.2695759853786386,0.5147145690615089,54
clean54,cumulative_mean,active_minus_baseline,16,32,48,all_common,cook_gap,flow,2862,169,0.05904961565338924,0.5166891151066649,0.06779358271706412,0.4814574326482828,45
clean54,cumulative_mean,active_minus_baseline,16,32,48,strong_fixed_support,randi_wild_type,flow,824,133,0.16140776699029127,0.5211255345309729,0.1764597668111291,0.5205906941003654,24
clean54,cumulative_mean,active_minus_baseline,16,32,48,strong_fixed_support,cook_struct,flow,1749,439,0.2510005717552887,0.5265523657166704,0.2634559590719706,0.507527231870194,33
clean54,cumulative_mean,active_minus_baseline,16,32,48,strong_fixed_support,cook_chem,flow,1749,405,0.23156089193825044,0.5275885508524397,0.2424114160999481,0.5094766330252622,33
clean54,cumulative_mean,active_minus_baseline,16,32,48,strong_fixed_support,cook_gap,flow,1749,98,0.05603201829616924,0.4946970914349992,0.055983873741497325,0.47865761077595304,28
clean54,peak_mean,state_average,1,1,2,all_common,randi_wild_type,flow,1349,257,0.1905114899925871,0.6714734681660751,0.3545690268378635,0.6651467832690147,40
clean54,peak_mean,state_average,1,1,2,all_common,cook_struct,flow,2862,758,0.26484975541579314,0.6142483973233546,0.38451311315747083,0.6027711852500461,54
clean54,peak_mean,state_average,1,1,2,all_common,cook_chem,flow,2862,699,0.24423480083857443,0.601492654786542,0.34968711837816085,0.590015684345389,54
clean54,peak_mean,state_average,1,1,2,all_common,cook_gap,flow,2862,169,0.05904961565338924,0.6779839030403172,0.13217963606796884,0.6959588421636455,45
clean54,peak_mean,state_average,1,1,2,strong_fixed_support,randi_wild_type,flow,824,133,0.16140776699029127,0.6505228338574365,0.3054372480813565,0.6318694373247863,24
clean54,peak_mean,state_average,1,1,2,strong_fixed_support,cook_struct,flow,1749,439,0.2510005717552887,0.6187205480881254,0.37855246022698674,0.6039405246949604,33
clean54,peak_mean,state_average,1,1,2,strong_fixed_support,cook_chem,flow,1749,405,0.23156089193825044,0.609893077601411,0.35085367459639827,0.594326615231043,33
clean54,peak_mean,state_average,1,1,2,strong_fixed_support,cook_gap,flow,1749,98,0.05603201829616924,0.6589883682122152,0.13931777522039465,0.6732220421255777,28
clean54,peak_mean,state_average,1,2,3,all_common,randi_wild_type,flow,1349,257,0.1905114899925871,0.6693854135488376,0.3514149883653066,0.6632870750368112,40
clean54,peak_mean,state_average,1,2,3,all_common,cook_struct,flow,2862,758,0.26484975541579314,0.6132144326173541,0.3832442740022465,0.5989253766120298,54
clean54,peak_mean,state_average,1,2,3,all_common,cook_chem,flow,2862,699,0.24423480083857443,0.6002174693786844,0.34837358279276437,0.5864598567829821,54
clean54,peak_mean,state_average,1,2,3,all_common,cook_gap,flow,2862,169,0.05904961565338924,0.6806315738590297,0.1320454666291432,0.6954765337356501,45
clean54,peak_mean,state_average,1,2,3,strong_fixed_support,randi_wild_type,flow,824,133,0.16140776699029127,0.6490647748169265,0.3004568886983115,0.6309727538607008,24
clean54,peak_mean,state_average,1,2,3,strong_fixed_support,cook_struct,flow,1749,439,0.2510005717552887,0.6191343963553531,0.3768853809792736,0.6013395101520675,33
clean54,peak_mean,state_average,1,2,3,strong_fixed_support,cook_chem,flow,1749,405,0.23156089193825044,0.6104828042328042,0.34970168362806986,0.5925164204310228,33
clean54,peak_mean,state_average,1,2,3,strong_fixed_support,cook_gap,flow,1749,98,0.05603201829616924,0.6591305207728155,0.1372169920598863,0.6704898273268414,28
clean54,peak_mean,state_average,1,4,5,all_common,randi_wild_type,flow,1349,257,0.1905114899925871,0.6646961987428914,0.34341584793344027,0.656792394759788,40
clean54,peak_mean,state_average,1,4,5,all_common,cook_struct,flow,2862,758,0.26484975541579314,0.6130075142710956,0.38085496933983176,0.5950904157221637,54
clean54,peak_mean,state_average,1,4,5,all_common,cook_chem,flow,2862,699,0.24423480083857443,0.6000507957672839,0.3459890979903621,0.5835207335683735,54
clean54,peak_mean,state_average,1,4,5,all_common,cook_gap,flow,2862,169,0.05904961565338924,0.6823256437355669,0.1322167258790192,0.6892879371015194,45
clean54,peak_mean,state_average,1,4,5,strong_fixed_support,randi_wild_type,flow,824,133,0.16140776699029127,0.6462139429616006,0.29652349531736716,0.6246302701116607,24
clean54,peak_mean,state_average,1,4,5,strong_fixed_support,cook_struct,flow,1749,439,0.2510005717552887,0.6184788467891983,0.3744819392653836,0.5978717613523881,33
clean54,peak_mean,state_average,1,4,5,strong_fixed_support,cook_chem,flow,1749,405,0.23156089193825044,0.6104938271604938,0.34823783198169417,0.5904614455569688,33
clean54,peak_mean,state_average,1,4,5,strong_fixed_support,cook_gap,flow,1749,98,0.05603201829616924,0.6579191337346568,0.13434183186650972,0.6610008391979835,28
clean54,peak_mean,state_average,1,8,9,all_common,randi_wild_type,flow,1349,257,0.1905114899925871,0.6609334245521016,0.32922365708124196,0.6436159002677566,40
clean54,peak_mean,state_average,1,8,9,all_common,cook_struct,flow,2862,758,0.26484975541579314,0.6136000531717447,0.3782089799374484,0.5951243182718668,54
clean54,peak_mean,state_average,1,8,9,all_common,cook_chem,flow,2862,699,0.24423480083857443,0.6008954076790236,0.34324339637463985,0.5833668111586819,54
clean54,peak_mean,state_average,1,8,9,all_common,cook_gap,flow,2862,169,0.05904961565338924,0.6821674426576023,0.13260860724779724,0.6843896810090628,45
clean54,peak_mean,state_average,1,8,9,strong_fixed_support,randi_wild_type,flow,824,133,0.16140776699029127,0.6531886880732946,0.2942226672976379,0.6241879056164309,24
clean54,peak_mean,state_average,1,8,9,strong_fixed_support,cook_struct,flow,1749,439,0.2510005717552887,0.6174894364360362,0.3712175710898467,0.5999599357941894,33
clean54,peak_mean,state_average,1,8,9,strong_fixed_support,cook_chem,flow,1749,405,0.23156089193825044,0.6100970017636684,0.34599814534210205,0.5932466395577932,33
clean54,peak_mean,state_average,1,8,9,strong_fixed_support,cook_gap,flow,1749,98,0.05603201829616924,0.6595384368162771,0.1335756685577945,0.6580303316721962,28
clean54,peak_mean,state_average,1,16,17,all_common,randi_wild_type,flow,1349,257,0.1905114899925871,0.6478136001482306,0.30548697084342896,0.6317021436081837,40
clean54,peak_mean,state_average,1,16,17,all_common,cook_struct,flow,2862,758,0.26484975541579314,0.6116105019212055,0.37624533365143165,0.5901178024443063,54
clean54,peak_mean,state_average,1,16,17,all_common,cook_chem,flow,2862,699,0.24423480083857443,0.6014271758677775,0.3412318401491057,0.5811033778212067,54
clean54,peak_mean,state_average,1,16,17,all_common,cook_gap,flow,2862,169,0.05904961565338924,0.6688082405183722,0.13104782145990543,0.6666276040047998,45
clean54,peak_mean,state_average,1,16,17,strong_fixed_support,randi_wild_type,flow,824,133,0.16140776699029127,0.6543638401357953,0.2843767102143374,0.6205295200002038,24
clean54,peak_mean,state_average,1,16,17,strong_fixed_support,cook_struct,flow,1749,439,0.2510005717552887,0.6104401050270392,0.3614082867165713,0.59901422687831,33
clean54,peak_mean,state_average,1,16,17,strong_fixed_support,cook_chem,flow,1749,405,0.23156089193825044,0.605788874191652,0.3366615805957385,0.5953147156247993,33
clean54,peak_mean,state_average,1,16,17,strong_fixed_support,cook_gap,flow,1749,98,0.05603201829616924,0.6507682418818527,0.13128374966240097,0.6555990884350368,28
clean54,peak_mean,state_average,1,32,33,all_common,randi_wild_type,flow,1349,257,0.1905114899925871,0.6259317854648594,0.2823124463573835,0.6116389231958758,40
clean54,peak_mean,state_average,1,32,33,all_common,cook_struct,flow,2862,758,0.26484975541579314,0.610910741695677,0.3747365441271094,0.5844788754564333,54
clean54,peak_mean,state_average,1,32,33,all_common,cook_chem,flow,2862,699,0.24423480083857443,0.6011500479186633,0.3403661798867257,0.5773395390310255,54
clean54,peak_mean,state_average,1,32,33,all_common,cook_gap,flow,2862,169,0.05904961565338924,0.6614980323740928,0.12894264014214835,0.6512903247254275,45
clean54,peak_mean,state_average,1,32,33,strong_fixed_support,randi_wild_type,flow,824,133,0.16140776699029127,0.6483031021838244,0.2803393620169285,0.6253956985926384,24
clean54,peak_mean,state_average,1,32,33,strong_fixed_support,cook_struct,flow,1749,439,0.2510005717552887,0.6118816185292737,0.3516911885081322,0.596995138536703,33
clean54,peak_mean,state_average,1,32,33,strong_fixed_support,cook_chem,flow,1749,405,0.23156089193825044,0.6048078336272781,0.3248792221715506,0.5940120133797407,33
clean54,peak_mean,state_average,1,32,33,strong_fixed_support,cook_gap,flow,1749,98,0.05603201829616924,0.6676102300399264,0.13215920538453244,0.6563089681495903,28
clean54,peak_mean,state_average,4,1,5,all_common,randi_wild_type,flow,1349,257,0.1905114899925871,0.6517117771981585,0.3290973192835096,0.6314354373453341,40
clean54,peak_mean,state_average,4,1,5,all_common,cook_struct,flow,2862,758,0.26484975541579314,0.6093939675150737,0.37742456310405614,0.5927276649716328,54
clean54,peak_mean,state_average,4,1,5,all_common,cook_chem,flow,2862,699,0.24423480083857443,0.5979786194795154,0.34328790184446895,0.5823297597571774,54
clean54,peak_mean,state_average,4,1,5,all_common,cook_gap,flow,2862,169,0.05904961565338924,0.6805480788456595,0.13296978208275273,0.6908574819598653,45
clean54,peak_mean,state_average,4,1,5,strong_fixed_support,randi_wild_type,flow,824,133,0.16140776699029127,0.6280426101433032,0.2858672062822418,0.6097736566219929,24
clean54,peak_mean,state_average,4,1,5,strong_fixed_support,cook_struct,flow,1749,439,0.2510005717552887,0.6076683649515728,0.3674902748859642,0.5965297246837985,33
clean54,peak_mean,state_average,4,1,5,strong_fixed_support,cook_chem,flow,1749,405,0.23156089193825044,0.5999853027630806,0.34169585317153073,0.5898376834952342,33
clean54,peak_mean,state_average,4,1,5,strong_fixed_support,cook_gap,flow,1749,98,0.05603201829616924,0.6654841221770356,0.13491813865644953,0.6690397575129859,28
clean54,peak_mean,state_average,4,2,6,all_common,randi_wild_type,flow,1349,257,0.1905114899925871,0.6510882113994956,0.3253004800063517,0.6320677003922123,40
clean54,peak_mean,state_average,4,2,6,all_common,cook_struct,flow,2862,758,0.26484975541579314,0.6090447144276012,0.376439410256336,0.593896116653774,54
clean54,peak_mean,state_average,4,2,6,all_common,cook_chem,flow,2862,699,0.24423480083857443,0.5977848283361012,0.342475113175103,0.5831563400911335,54
clean54,peak_mean,state_average,4,2,6,all_common,cook_gap,flow,2862,169,0.05904961565338924,0.6804931479158107,0.13270726985914913,0.6925307423766025,45
clean54,peak_mean,state_average,4,2,6,strong_fixed_support,randi_wild_type,flow,824,133,0.16140776699029127,0.6317748060455045,0.2843870705700391,0.6135031044702367,24
clean54,peak_mean,state_average,4,2,6,strong_fixed_support,cook_struct,flow,1749,439,0.2510005717552887,0.6068667512911022,0.3663216445621512,0.5981564022559893,33
clean54,peak_mean,state_average,4,2,6,strong_fixed_support,cook_chem,flow,1749,405,0.23156089193825044,0.5993147413286302,0.34076570761933883,0.5913688076514843,33
clean54,peak_mean,state_average,4,2,6,strong_fixed_support,cook_gap,flow,1749,98,0.05603201829616924,0.6658611354899319,0.134744657631833,0.6699735591580117,28
clean54,peak_mean,state_average,4,4,8,all_common,randi_wild_type,flow,1349,257,0.1905114899925871,0.64936360656205,0.3160536991210451,0.6344532884229788,40
clean54,peak_mean,state_average,4,4,8,all_common,cook_struct,flow,2862,758,0.26484975541579314,0.6087926502603409,0.3750462060678214,0.5920475151345813,54
clean54,peak_mean,state_average,4,4,8,all_common,cook_chem,flow,2862,699,0.24423480083857443,0.5981327264297389,0.34119073534197475,0.5814592334818283,54
clean54,peak_mean,state_average,4,4,8,all_common,cook_gap,flow,2862,169,0.05904961565338924,0.6773071539845799,0.1315548033645041,0.6904860500794873,45
clean54,peak_mean,state_average,4,4,8,strong_fixed_support,randi_wild_type,flow,824,133,0.16140776699029127,0.6352240949696963,0.2799555858887512,0.6205850912102351,24
clean54,peak_mean,state_average,4,4,8,strong_fixed_support,cook_struct,flow,1749,439,0.2510005717552887,0.6051783199151437,0.3646212796523922,0.597239679402943,33
clean54,peak_mean,state_average,4,4,8,strong_fixed_support,cook_chem,flow,1749,405,0.23156089193825044,0.5984604644326866,0.3395655438173293,0.5909056830468487,33
clean54,peak_mean,state_average,4,4,8,strong_fixed_support,cook_gap,flow,1749,98,0.05603201829616924,0.6639204440104327,0.13395530563451447,0.6697942824516355,28
clean54,peak_mean,state_average,4,8,12,all_common,randi_wild_type,flow,1349,257,0.1905114899925871,0.6469904932939953,0.30451862498937005,0.6343795201294923,40
clean54,peak_mean,state_average,4,8,12,all_common,cook_struct,flow,2862,758,0.26484975541579314,0.6101746140032304,0.373829886958588,0.5911267442943635,54
clean54,peak_mean,state_average,4,8,12,all_common,cook_chem,flow,2862,699,0.24423480083857443,0.6003021289908244,0.3400651383218545,0.5818252244130179,54
clean54,peak_mean,state_average,4,8,12,all_common,cook_gap,flow,2862,169,0.05904961565338924,0.6756504371403398,0.13001208910595832,0.6794652461668288,45
clean54,peak_mean,state_average,4,8,12,strong_fixed_support,randi_wild_type,flow,824,133,0.16140776699029127,0.6411760225455099,0.2748897388646046,0.6262208539627097,24
clean54,peak_mean,state_average,4,8,12,strong_fixed_support,cook_struct,flow,1749,439,0.2510005717552887,0.6035159714131701,0.36041002282125617,0.5936493051688624,33
clean54,peak_mean,state_average,4,8,12,strong_fixed_support,cook_chem,flow,1749,405,0.23156089193825044,0.5977366255144032,0.3360020851596701,0.5889656613260774,33
clean54,peak_mean,state_average,4,8,12,strong_fixed_support,cook_gap,flow,1749,98,0.05603201829616924,0.6599401723136256,0.13237984726441637,0.6620884110334421,28
clean54,peak_mean,state_average,4,16,20,all_common,randi_wild_type,flow,1349,257,0.1905114899925871,0.6373662005957726,0.29028141044097894,0.6194555995949692,40
clean54,peak_mean,state_average,4,16,20,all_common,cook_struct,flow,2862,758,0.26484975541579314,0.6103238460226532,0.37256261916488803,0.5870939146740298,54
clean54,peak_mean,state_average,4,16,20,all_common,cook_chem,flow,2862,699,0.24423480083857443,0.6009880041298017,0.3392213827840028,0.5797792444712709,54
clean54,peak_mean,state_average,4,16,20,all_common,cook_gap,flow,2862,169,0.05904961565338924,0.6680875467187558,0.12726852411142725,0.6555552832805376,45
clean54,peak_mean,state_average,4,16,20,strong_fixed_support,randi_wild_type,flow,824,133,0.16140776699029127,0.6450714340119474,0.2750962427660878,0.620316795542427,24
clean54,peak_mean,state_average,4,16,20,strong_fixed_support,cook_struct,flow,1749,439,0.2510005717552887,0.6028760715714063,0.35184507220246874,0.5918624336530921,33
clean54,peak_mean,state_average,4,16,20,strong_fixed_support,cook_chem,flow,1749,405,0.23156089193825044,0.5968143738977072,0.32728014564667307,0.5890671564683132,33
clean54,peak_mean,state_average,4,16,20,strong_fixed_support,cook_gap,flow,1749,98,0.05603201829616924,0.6577213562590389,0.12761352972018045,0.6521794470447503,28
clean54,peak_mean,state_average,4,32,36,all_common,randi_wild_type,flow,1349,257,0.1905114899925871,0.6222117700716923,0.2720417420294783,0.5951485415139877,40
clean54,peak_mean,state_average,4,32,36,all_common,cook_struct,flow,2862,758,0.26484975541579314,0.6056575238018801,0.3693977553249252,0.5844261384101498,54
clean54,peak_mean,state_average,4,32,36,all_common,cook_chem,flow,2862,699,0.24423480083857443,0.5972173443734758,0.33697214358534083,0.5779859352036283,54
clean54,peak_mean,state_average,4,32,36,all_common,cook_gap,flow,2862,169,0.05904961565338924,0.655268864929238,0.12409883380574899,0.6445002882418351,45
clean54,peak_mean,state_average,4,32,36,strong_fixed_support,randi_wild_type,flow,824,133,0.16140776699029127,0.6432869438429648,0.27022678596801347,0.6083592648073832,24
clean54,peak_mean,state_average,4,32,36,strong_fixed_support,cook_struct,flow,1749,439,0.2510005717552887,0.6030673459806292,0.34134326107004187,0.5937581858427627,33
clean54,peak_mean,state_average,4,32,36,strong_fixed_support,cook_chem,flow,1749,405,0.23156089193825044,0.5960923721340388,0.3148936618625855,0.5911402955334821,33
clean54,peak_mean,state_average,4,32,36,strong_fixed_support,cook_gap,flow,1749,98,0.05603201829616924,0.6591552429572676,0.12563008002351556,0.6489472989249093,28
clean54,peak_mean,state_average,8,1,9,all_common,randi_wild_type,flow,1349,257,0.1905114899925871,0.647332563674976,0.2975264056756316,0.6278791483967127,40
clean54,peak_mean,state_average,8,1,9,all_common,cook_struct,flow,2862,758,0.26484975541579314,0.611059346689808,0.3759202934558006,0.591359396149005,54
clean54,peak_mean,state_average,8,1,9,all_common,cook_chem,flow,2862,699,0.24423480083857443,0.6001050308313112,0.34176450974325634,0.5823041029424203,54
clean54,peak_mean,state_average,8,1,9,all_common,cook_gap,flow,2862,169,0.05904961565338924,0.6816554863914114,0.13379469410123498,0.6853617569548704,45
clean54,peak_mean,state_average,8,1,9,strong_fixed_support,randi_wild_type,flow,824,133,0.16140776699029127,0.6418288848024547,0.2786877321218317,0.6202765112830716,24
clean54,peak_mean,state_average,8,1,9,strong_fixed_support,cook_struct,flow,1749,439,0.2510005717552887,0.602403102123146,0.35935947039242916,0.594192232194875,33
clean54,peak_mean,state_average,8,1,9,strong_fixed_support,cook_chem,flow,1749,405,0.23156089193825044,0.5980856848912405,0.3358048905434713,0.5936917403194709,33
clean54,peak_mean,state_average,8,1,9,strong_fixed_support,cook_gap,flow,1749,98,0.05603201829616924,0.6595507979085032,0.13823463515111561,0.6569560504056232,28
clean54,peak_mean,state_average,8,2,10,all_common,randi_wild_type,flow,1349,257,0.1905114899925871,0.6451589914624934,0.2944336542217615,0.6252270405639185,40
clean54,peak_mean,state_average,8,2,10,all_common,cook_struct,flow,2862,758,0.26484975541579314,0.6105759101899134,0.3751330034514589,0.5913528273492638,54
clean54,peak_mean,state_average,8,2,10,all_common,cook_chem,flow,2862,699,0.24423480083857443,0.5999059484621383,0.34103128052660836,0.5827962484526608,54
clean54,peak_mean,state_average,8,2,10,all_common,cook_gap,flow,2862,169,0.05904961565338924,0.6801108286440629,0.13257090336677133,0.6806608672254494,45
clean54,peak_mean,state_average,8,2,10,strong_fixed_support,randi_wild_type,flow,824,133,0.16140776699029127,0.6405993275518753,0.2777600764971865,0.6213757114034114,24
clean54,peak_mean,state_average,8,2,10,strong_fixed_support,cook_struct,flow,1749,439,0.2510005717552887,0.6008416074005808,0.35797882267312076,0.5937812519862409,33
clean54,peak_mean,state_average,8,2,10,strong_fixed_support,cook_chem,flow,1749,405,0.23156089193825044,0.5969264403292182,0.3345340210245216,0.5939254819642651,33
clean54,peak_mean,state_average,8,2,10,strong_fixed_support,cook_gap,flow,1749,98,0.05603201829616924,0.656244205738019,0.13706198409244555,0.6514470008372059,28
clean54,peak_mean,state_average,8,4,12,all_common,randi_wild_type,flow,1349,257,0.1905114899925871,0.6384886190333662,0.2881600564718736,0.6165438753269796,40
clean54,peak_mean,state_average,8,4,12,all_common,cook_struct,flow,2862,758,0.26484975541579314,0.610106268246436,0.37372107486642553,0.5904613895619855,54
clean54,peak_mean,state_average,8,4,12,all_common,cook_chem,flow,2862,699,0.24423480083857443,0.5996546152385979,0.33975337118628096,0.5821551884554564,54
clean54,peak_mean,state_average,8,4,12,all_common,cook_gap,flow,2862,169,0.05904961565338924,0.6773708738632045,0.1306893465768293,0.6734672803656925,45
clean54,peak_mean,state_average,8,4,12,strong_fixed_support,randi_wild_type,flow,824,133,0.16140776699029127,0.6404143499124075,0.2775280783470566,0.6130822179612668,24
clean54,peak_mean,state_average,8,4,12,strong_fixed_support,cook_struct,flow,1749,439,0.2510005717552887,0.5990697108278704,0.35510538164378536,0.5941136448798512,33
clean54,peak_mean,state_average,8,4,12,strong_fixed_support,cook_chem,flow,1749,405,0.23156089193825044,0.595326278659612,0.33166380145034746,0.5944565194858719,33
clean54,peak_mean,state_average,8,4,12,strong_fixed_support,cook_gap,flow,1749,98,0.05603201829616924,0.6521341425728377,0.14090068652532223,0.6448941801772964,28
clean54,peak_mean,state_average,8,8,16,all_common,randi_wild_type,flow,1349,257,0.1905114899925871,0.6291529482190961,0.27963448211555003,0.605257821959394,40
clean54,peak_mean,state_average,8,8,16,all_common,cook_struct,flow,2862,758,0.26484975541579314,0.609039071199976,0.37256555115769185,0.5871054218083365,54
clean54,peak_mean,state_average,8,8,16,all_common,cook_chem,flow,2862,699,0.24423480083857443,0.598785531407724,0.33898528893536445,0.5800799840414113,54
clean54,peak_mean,state_average,8,8,16,all_common,cook_gap,flow,2862,169,0.05904961565338924,0.671352641188969,0.1280864281924833,0.6590708863222218,45
clean54,peak_mean,state_average,8,8,16,strong_fixed_support,randi_wild_type,flow,824,133,0.16140776699029127,0.6414045243354407,0.27230174044373157,0.6121844798687524,24
clean54,peak_mean,state_average,8,8,16,strong_fixed_support,cook_struct,flow,1749,439,0.2510005717552887,0.5974543114990697,0.34930308759536904,0.591240000718609,33
clean54,peak_mean,state_average,8,8,16,strong_fixed_support,cook_chem,flow,1749,405,0.23156089193825044,0.5929949294532627,0.32533807984671037,0.5921958963726702,33
clean54,peak_mean,state_average,8,8,16,strong_fixed_support,cook_gap,flow,1749,98,0.05603201829616924,0.6503603258383911,0.13693295125657137,0.6380231907206128,28
clean54,peak_mean,state_average,8,16,24,all_common,randi_wild_type,flow,1349,257,0.1905114899925871,0.6143477145422671,0.26940336731057873,0.5888679242219055,40
clean54,peak_mean,state_average,8,16,24,all_common,cook_struct,flow,2862,758,0.26484975541579314,0.6061622791616923,0.3707957277340849,0.5831014357935204,54
clean54,peak_mean,state_average,8,16,24,all_common,cook_chem,flow,2862,699,0.24423480083857443,0.5963125447687305,0.3377527288772888,0.5776562919659685,54
clean54,peak_mean,state_average,8,16,24,all_common,cook_gap,flow,2862,169,0.05904961565338924,0.6599314022548048,0.12435597178706016,0.6385290559488109,45
clean54,peak_mean,state_average,8,16,24,strong_fixed_support,randi_wild_type,flow,824,133,0.16140776699029127,0.6397614876554628,0.27306671693715434,0.5987226946271296,24
clean54,peak_mean,state_average,8,16,24,strong_fixed_support,cook_struct,flow,1749,439,0.2510005717552887,0.596715296736163,0.3408515455210055,0.589749069211133,33
clean54,peak_mean,state_average,8,16,24,strong_fixed_support,cook_chem,flow,1749,405,0.23156089193825044,0.5904174015285126,0.31541593977277327,0.5912952564538962,33
clean54,peak_mean,state_average,8,16,24,strong_fixed_support,cook_gap,flow,1749,98,0.05603201829616924,0.655100804707104,0.1333247512966536,0.6307941206697427,28
clean54,peak_mean,state_average,8,32,40,all_common,randi_wild_type,flow,1349,257,0.1905114899925871,0.6057567594532575,0.2603086462712479,0.5689383119940133,40
clean54,peak_mean,state_average,8,32,40,all_common,cook_struct,flow,2862,758,0.26484975541579314,0.5979739558774843,0.36681070306502184,0.5729296392161236,54
clean54,peak_mean,state_average,8,32,40,all_common,cook_chem,flow,2862,699,0.24423480083857443,0.5887765164818376,0.3347948997419099,0.5676522698227031,54
clean54,peak_mean,state_average,8,32,40,all_common,cook_gap,flow,2862,169,0.05904961565338924,0.6567476055607679,0.12355138122513296,0.6364597608053126,45
clean54,peak_mean,state_average,8,32,40,strong_fixed_support,randi_wild_type,flow,824,133,0.16140776699029127,0.6327540994309218,0.2639543119041541,0.582455766524396,24
clean54,peak_mean,state_average,8,32,40,strong_fixed_support,cook_struct,flow,1749,439,0.2510005717552887,0.5933714722912935,0.33149397530523483,0.5821600334498344,33
clean54,peak_mean,state_average,8,32,40,strong_fixed_support,cook_chem,flow,1749,405,0.23156089193825044,0.5853597148736037,0.30409775479528145,0.5817739572966529,33
clean54,peak_mean,state_average,8,32,40,strong_fixed_support,cook_gap,flow,1749,98,0.05603201829616924,0.6630798897390573,0.12974663265779945,0.6370675027206498,28
clean54,peak_mean,state_average,16,1,17,all_common,randi_wild_type,flow,1349,257,0.1905114899925871,0.6186556634027451,0.2676552387148274,0.5903110324956939,40
clean54,peak_mean,state_average,16,1,17,all_common,cook_struct,flow,2862,758,0.26484975541579314,0.6089331039256798,0.3692632932031542,0.5813656487003013,54
clean54,peak_mean,state_average,16,1,17,all_common,cook_chem,flow,2862,699,0.24423480083857443,0.5975407705479793,0.3361751920745856,0.5733267928307734,54
clean54,peak_mean,state_average,16,1,17,all_common,cook_gap,flow,2862,169,0.05904961565338924,0.6652509135013633,0.12288150529792907,0.6489842706658879,45
clean54,peak_mean,state_average,16,1,17,strong_fixed_support,randi_wild_type,flow,824,133,0.16140776699029127,0.6385319304048834,0.2654618365706022,0.6083143273357562,24
clean54,peak_mean,state_average,16,1,17,strong_fixed_support,cook_struct,flow,1749,439,0.2510005717552887,0.597581248152463,0.3374402530849169,0.5881896036884857,33
clean54,peak_mean,state_average,16,1,17,strong_fixed_support,cook_chem,flow,1749,405,0.23156089193825044,0.5901124338624338,0.3110132591218855,0.5872366495243194,33
clean54,peak_mean,state_average,16,1,17,strong_fixed_support,cook_gap,flow,1749,98,0.05603201829616924,0.657381426222821,0.1287340742621055,0.6407395273548486,28
clean54,peak_mean,state_average,16,2,18,all_common,randi_wild_type,flow,1349,257,0.1905114899925871,0.6178076139165632,0.26693230051934935,0.5892222500181317,40
clean54,peak_mean,state_average,16,2,18,all_common,cook_struct,flow,2862,758,0.26484975541579314,0.6086854289354615,0.369069186973334,0.5818174143891884,54
clean54,peak_mean,state_average,16,2,18,all_common,cook_chem,flow,2862,699,0.24423480083857443,0.5974045214846916,0.33606191699754745,0.5739881381126565,54
clean54,peak_mean,state_average,16,2,18,all_common,cook_gap,flow,2862,169,0.05904961565338924,0.6619023240177799,0.12239218411059205,0.6454593439652606,45
clean54,peak_mean,state_average,16,2,18,strong_fixed_support,randi_wild_type,flow,824,133,0.16140776699029127,0.6380531647497906,0.2643778361868966,0.6065864492399246,24
clean54,peak_mean,state_average,16,2,18,strong_fixed_support,cook_struct,flow,1749,439,0.2510005717552887,0.5982315811438209,0.3370580440516583,0.5877036534579515,33
clean54,peak_mean,state_average,16,2,18,strong_fixed_support,cook_chem,flow,1749,405,0.23156089193825044,0.5906029541446208,0.3104170109880104,0.5866855682247802,33
clean54,peak_mean,state_average,16,2,18,strong_fixed_support,cook_gap,flow,1749,98,0.05603201829616924,0.6572516347544468,0.128680268685886,0.6374687774866604,28
clean54,peak_mean,state_average,16,4,20,all_common,randi_wild_type,flow,1349,257,0.1905114899925871,0.6146684055244366,0.26508136360655665,0.586940606523001,40
clean54,peak_mean,state_average,16,4,20,all_common,cook_struct,flow,2862,758,0.26484975541579314,0.6083612568596567,0.3691108567285426,0.5821472445650255,54
clean54,peak_mean,state_average,16,4,20,all_common,cook_chem,flow,2862,699,0.24423480083857443,0.597465370580917,0.3362435054005828,0.5746245092673784,54
clean54,peak_mean,state_average,16,4,20,all_common,cook_gap,flow,2862,169,0.05904961565338924,0.6580395810308118,0.12154724836114293,0.6419071750967397,45
clean54,peak_mean,state_average,16,4,20,strong_fixed_support,randi_wild_type,flow,824,133,0.16140776699029127,0.6374438266433086,0.26430863576849517,0.6050742157228658,24
clean54,peak_mean,state_average,16,4,20,strong_fixed_support,cook_struct,flow,1749,439,0.2510005717552887,0.5981150776400216,0.3359501011450252,0.5870354487248665,33
clean54,peak_mean,state_average,16,4,20,strong_fixed_support,cook_chem,flow,1749,405,0.23156089193825044,0.590242871840094,0.308894761847446,0.5857983202799151,33
clean54,peak_mean,state_average,16,4,20,strong_fixed_support,cook_gap,flow,1749,98,0.05603201829616924,0.6575050371450821,0.12849066162653053,0.6370707509360631,28
clean54,peak_mean,state_average,16,8,24,all_common,randi_wild_type,flow,1349,257,0.1905114899925871,0.6102891920012543,0.2620673161297305,0.5808357849331534,40
clean54,peak_mean,state_average,16,8,24,all_common,cook_struct,flow,2862,758,0.26484975541579314,0.607347983988282,0.36801513491725013,0.5814929371856736,54
clean54,peak_mean,state_average,16,8,24,all_common,cook_chem,flow,2862,699,0.24423480083857443,0.5970169391978634,0.3354767530515264,0.5750051379383299,54
clean54,peak_mean,state_average,16,8,24,all_common,cook_gap,flow,2862,169,0.05904961565338924,0.6556314090662402,0.1208489042433174,0.6360297619005402,45
clean54,peak_mean,state_average,16,8,24,strong_fixed_support,randi_wild_type,flow,824,133,0.16140776699029127,0.6351370466687704,0.2604570333995487,0.599667884864192,24
clean54,peak_mean,state_average,16,8,24,strong_fixed_support,cook_struct,flow,1749,439,0.2510005717552887,0.5968613608304787,0.3325955263726247,0.5853217364604607,33
clean54,peak_mean,state_average,16,8,24,strong_fixed_support,cook_chem,flow,1749,405,0.23156089193825044,0.5889146090534979,0.30507708037585834,0.5842859695723092,33
clean54,peak_mean,state_average,16,8,24,strong_fixed_support,cook_gap,flow,1749,98,0.05603201829616924,0.6564481637597499,0.12645306938148704,0.6360552464404591,28
clean54,peak_mean,state_average,16,16,32,all_common,randi_wild_type,flow,1349,257,0.1905114899925871,0.602881230313137,0.2582920805382037,0.5745034959747031,40
clean54,peak_mean,state_average,16,16,32,all_common,cook_struct,flow,2862,758,0.26484975541579314,0.6033801679424541,0.366247208786181,0.5781984241484133,54
clean54,peak_mean,state_average,16,16,32,all_common,cook_chem,flow,2862,699,0.24423480083857443,0.5942350772552031,0.3341844438166737,0.5725638136301511,54
clean54,peak_mean,state_average,16,16,32,all_common,cook_gap,flow,2862,169,0.05904961565338924,0.6510150137217463,0.12051505521642317,0.6281274597164337,45
clean54,peak_mean,state_average,16,16,32,strong_fixed_support,randi_wild_type,flow,824,133,0.16140776699029127,0.6276508927891364,0.25492440999670435,0.593211089011782,24
clean54,peak_mean,state_average,16,16,32,strong_fixed_support,cook_struct,flow,1749,439,0.2510005717552887,0.594183519101358,0.3265605700433861,0.5825772114262739,33
clean54,peak_mean,state_average,16,16,32,strong_fixed_support,cook_chem,flow,1749,405,0.23156089193825044,0.5861441798941799,0.2975434182810322,0.5812154383651917,33
clean54,peak_mean,state_average,16,16,32,strong_fixed_support,cook_gap,flow,1749,98,0.05603201829616924,0.6563430944758278,0.12429923387558015,0.6345739938458033,28
clean54,peak_mean,state_average,16,32,48,all_common,randi_wild_type,flow,1349,257,0.1905114899925871,0.6003228289220508,0.25308204105160825,0.567026202381306,40
clean54,peak_mean,state_average,16,32,48,all_common,cook_struct,flow,2862,758,0.26484975541579314,0.5929828345556146,0.36111417000326407,0.5651546435904407,54
clean54,peak_mean,state_average,16,32,48,all_common,cook_chem,flow,2862,699,0.24423480083857443,0.5844912850204738,0.3296485960845901,0.5602074523751748,54
clean54,peak_mean,state_average,16,32,48,all_common,cook_gap,flow,2862,169,0.05904961565338924,0.6481629998439962,0.12122952970950086,0.6249445419859992,45
clean54,peak_mean,state_average,16,32,48,strong_fixed_support,randi_wild_type,flow,824,133,0.16140776699029127,0.6148765546282494,0.24770151530202494,0.5856822066425545,24
clean54,peak_mean,state_average,16,32,48,strong_fixed_support,cook_struct,flow,1749,439,0.2510005717552887,0.5899789598149855,0.32142629824157887,0.5758665930059502,33
clean54,peak_mean,state_average,16,32,48,strong_fixed_support,cook_chem,flow,1749,405,0.23156089193825044,0.5812591857730747,0.2908396085071723,0.5728551252687116,33
clean54,peak_mean,state_average,16,32,48,strong_fixed_support,cook_gap,flow,1749,98,0.05603201829616924,0.6622084327371166,0.12163877114723075,0.6388587414987564,28
clean54,peak_mean,baseline,1,1,2,all_common,randi_wild_type,flow,1349,257,0.1905114899925871,0.67130599620872,0.3452835785404831,0.6560195809915204,40
clean54,peak_mean,baseline,1,1,2,all_common,cook_struct,flow,2862,758,0.26484975541579314,0.6161006300350131,0.3823135923740721,0.6042115608379593,54
clean54,peak_mean,baseline,1,1,2,all_common,cook_chem,flow,2862,699,0.24423480083857443,0.6059657247623413,0.3494519802291608,0.5945281259123272,54
clean54,peak_mean,baseline,1,1,2,all_common,cook_gap,flow,2862,169,0.05904961565338924,0.6676107462476681,0.13009724381157906,0.6890012716451511,45
clean54,peak_mean,baseline,1,1,2,strong_fixed_support,randi_wild_type,flow,824,133,0.16140776699029127,0.6527969707191278,0.2979810351447687,0.6215760088303491,24
clean54,peak_mean,baseline,1,1,2,strong_fixed_support,cook_struct,flow,1749,439,0.2510005717552887,0.6191343963553531,0.38009342328096507,0.6055631982747187,33
clean54,peak_mean,baseline,1,1,2,strong_fixed_support,cook_chem,flow,1749,405,0.23156089193825044,0.6140248383303939,0.3544811664165713,0.6007763283880454,33
clean54,peak_mean,baseline,1,1,2,strong_fixed_support,cook_gap,flow,1749,98,0.05603201829616924,0.6520043511044635,0.13763028217810772,0.6623819482106822,28
clean54,peak_mean,baseline,1,2,3,all_common,randi_wild_type,flow,1349,257,0.1905114899925871,0.6695493222730577,0.3422115782157156,0.653675243925619,40
clean54,peak_mean,baseline,1,2,3,all_common,cook_struct,flow,2862,758,0.26484975541579314,0.6172242593577254,0.3816662957508256,0.6038291764719147,54
clean54,peak_mean,baseline,1,2,3,all_common,cook_chem,flow,2862,699,0.24423480083857443,0.6073976627333018,0.34893395378255115,0.5948566014012912,54
clean54,peak_mean,baseline,1,2,3,all_common,cook_gap,flow,2862,169,0.05904961565338924,0.6695750762990615,0.13033823655407017,0.6884192986327535,45
clean54,peak_mean,baseline,1,2,3,strong_fixed_support,randi_wild_type,flow,824,133,0.16140776699029127,0.6528187327943593,0.2965547611452816,0.6192702803704226,24
clean54,peak_mean,baseline,1,2,3,strong_fixed_support,cook_struct,flow,1749,439,0.2510005717552887,0.6201359787163748,0.378380187872302,0.6040639411504392,33
clean54,peak_mean,baseline,1,2,3,strong_fixed_support,cook_chem,flow,1749,405,0.23156089193825044,0.6155074221046444,0.3533224567472627,0.6004494193723897,33
clean54,peak_mean,baseline,1,2,3,strong_fixed_support,cook_gap,flow,1749,98,0.05603201829616924,0.65193636509722,0.13800689759902549,0.6613688635099273,28
clean54,peak_mean,baseline,1,4,5,all_common,randi_wild_type,flow,1349,257,0.1905114899925871,0.6675646014167416,0.3368092232404978,0.6517462513198218,40
clean54,peak_mean,baseline,1,4,5,all_common,cook_struct,flow,2862,758,0.26484975541579314,0.6187542010694543,0.3802602489049763,0.6043217292748241,54
clean54,peak_mean,baseline,1,4,5,all_common,cook_chem,flow,2862,699,0.24423480083857443,0.6092694338454578,0.3474632056654323,0.596000017006053,54
clean54,peak_mean,baseline,1,4,5,all_common,cook_gap,flow,2862,169,0.05904961565338924,0.6724710349206908,0.13165879072476255,0.6906307498653571,45
clean54,peak_mean,baseline,1,4,5,strong_fixed_support,randi_wild_type,flow,824,133,0.16140776699029127,0.656093925116699,0.29677998227226393,0.6195617556373275,24
clean54,peak_mean,baseline,1,4,5,strong_fixed_support,cook_struct,flow,1749,439,0.2510005717552887,0.6205463492670713,0.3752736909550222,0.6045283954487852,33
clean54,peak_mean,baseline,1,4,5,strong_fixed_support,cook_chem,flow,1749,405,0.23156089193825044,0.6168871252204586,0.3509517713910222,0.6026424630877311,33
clean54,peak_mean,baseline,1,4,5,strong_fixed_support,cook_gap,flow,1749,98,0.05603201829616924,0.6498164377804423,0.1386046667498111,0.6593781941298688,28
clean54,peak_mean,baseline,1,8,9,all_common,randi_wild_type,flow,1349,257,0.1905114899925871,0.6653874659711235,0.3242476150150173,0.6524445045700487,40
clean54,peak_mean,baseline,1,8,9,all_common,cook_struct,flow,2862,758,0.26484975541579314,0.6186952606920353,0.37728628421017096,0.6012787419929579,54
clean54,peak_mean,baseline,1,8,9,all_common,cook_chem,flow,2862,699,0.24423480083857443,0.6099023967268478,0.3442329958128387,0.5941293705861392,54
clean54,peak_mean,baseline,1,8,9,all_common,cook_gap,flow,2862,169,0.05904961565338924,0.6706253556777708,0.13094611127322764,0.6818521334144407,45
clean54,peak_mean,baseline,1,8,9,strong_fixed_support,randi_wild_type,flow,824,133,0.16140776699029127,0.659630262341817,0.2896798072914167,0.6363541464787542,24
clean54,peak_mean,baseline,1,8,9,strong_fixed_support,cook_struct,flow,1749,439,0.2510005717552887,0.6155679980524787,0.3687696011133749,0.598734030789925,33
clean54,peak_mean,baseline,1,8,9,strong_fixed_support,cook_chem,flow,1749,405,0.23156089193825044,0.6140376984126984,0.3452989178729239,0.5993467164000016,33
clean54,peak_mean,baseline,1,8,9,strong_fixed_support,cook_gap,flow,1749,98,0.05603201829616924,0.6432465172622653,0.1360935852159454,0.6470401020747854,28
clean54,peak_mean,baseline,1,16,17,all_common,randi_wild_type,flow,1349,257,0.1905114899925871,0.6430317412807687,0.30245458129384784,0.6348863355846545,40
clean54,peak_mean,baseline,1,16,17,all_common,cook_struct,flow,2862,758,0.26484975541579314,0.6162460999026856,0.37443920981631734,0.5947914570705138,54
clean54,peak_mean,baseline,1,16,17,all_common,cook_chem,flow,2862,699,0.24423480083857443,0.606949231350248,0.34057898258944197,0.5876702932513864,54
clean54,peak_mean,baseline,1,16,17,all_common,cook_gap,flow,2862,169,0.05904961565338924,0.6731609673995919,0.13032426867746888,0.6731158488133147,45
clean54,peak_mean,baseline,1,16,17,strong_fixed_support,randi_wild_type,flow,824,133,0.16140776699029127,0.6429822747897239,0.280387480072753,0.6352714015162443,24
clean54,peak_mean,baseline,1,16,17,strong_fixed_support,cook_struct,flow,1749,439,0.2510005717552887,0.6073971030621294,0.3575689631551352,0.5928365062873541,33
clean54,peak_mean,baseline,1,16,17,strong_fixed_support,cook_chem,flow,1749,405,0.23156089193825044,0.603424456202234,0.33328920366585135,0.5917307382839032,33
clean54,peak_mean,baseline,1,16,17,strong_fixed_support,cook_gap,flow,1749,98,0.05603201829616924,0.6494950493825633,0.13214548080969102,0.6501939822452447,28
clean54,peak_mean,baseline,1,32,33,all_common,randi_wild_type,flow,1349,257,0.1905114899925871,0.6276599535354399,0.2832749626294292,0.6081765236413532,40
clean54,peak_mean,baseline,1,32,33,all_common,cook_struct,flow,2862,758,0.26484975541579314,0.6100993709682273,0.3698676019677184,0.5854561218611868,54
clean54,peak_mean,baseline,1,32,33,all_common,cook_chem,flow,2862,699,0.24423480083857443,0.5998808151397843,0.3369378014596788,0.5773946658855345,54
clean54,peak_mean,baseline,1,32,33,all_common,cook_gap,flow,2862,169,0.05904961565338924,0.6593579233471832,0.12754224498811656,0.656212552543898,45
clean54,peak_mean,baseline,1,32,33,strong_fixed_support,randi_wild_type,flow,824,133,0.16140776699029127,0.6299467917260589,0.2769849261322416,0.6173055780010666,24
clean54,peak_mean,baseline,1,32,33,strong_fixed_support,cook_struct,flow,1749,439,0.2510005717552887,0.598803665513224,0.34334924875785316,0.5876569340627124,33
clean54,peak_mean,baseline,1,32,33,strong_fixed_support,cook_chem,flow,1749,405,0.23156089193825044,0.5899893445032334,0.3164902849110166,0.583493685940061,33
clean54,peak_mean,baseline,1,32,33,strong_fixed_support,cook_gap,flow,1749,98,0.05603201829616924,0.6608301709539055,0.13502706610688756,0.645868437368199,28
clean54,peak_mean,baseline,4,1,5,all_common,randi_wild_type,flow,1349,257,0.1905114899925871,0.6507888998161372,0.32199847084258043,0.6528898441051407,40
clean54,peak_mean,baseline,4,1,5,all_common,cook_struct,flow,2862,758,0.26484975541579314,0.6139298684751747,0.37364505451459484,0.5928581954087953,54
clean54,peak_mean,baseline,4,1,5,all_common,cook_chem,flow,2862,699,0.24423480083857443,0.60331482065721,0.3385675129059458,0.5836082152966038,54
clean54,peak_mean,baseline,4,1,5,all_common,cook_gap,flow,2862,169,0.05904961565338924,0.6822795017544938,0.12931362024659168,0.6758054051618753,45
clean54,peak_mean,baseline,4,1,5,strong_fixed_support,randi_wild_type,flow,824,133,0.16140776699029127,0.6204911700379748,0.2790608489132489,0.6203759041576326,24
clean54,peak_mean,baseline,4,1,5,strong_fixed_support,cook_struct,flow,1749,439,0.2510005717552887,0.6024344015719278,0.3671005609531959,0.5844187357359394,33
clean54,peak_mean,baseline,4,1,5,strong_fixed_support,cook_chem,flow,1749,405,0.23156089193825044,0.5962687389770722,0.34191055981673485,0.579350060466563,33
clean54,peak_mean,baseline,4,1,5,strong_fixed_support,cook_gap,flow,1749,98,0.05603201829616924,0.6709168222104106,0.1332975351159326,0.6591896733215054,28
clean54,peak_mean,baseline,4,2,6,all_common,randi_wild_type,flow,1349,257,0.1905114899925871,0.6515799375721555,0.3190773019955913,0.6458793344170284,40
clean54,peak_mean,baseline,4,2,6,all_common,cook_struct,flow,2862,758,0.26484975541579314,0.6141844407436018,0.37322723908175554,0.5931518037127793,54
clean54,peak_mean,baseline,4,2,6,all_common,cook_chem,flow,2862,699,0.24423480083857443,0.6036620573476276,0.33811075749110253,0.5847902693695141,54
clean54,peak_mean,baseline,4,2,6,all_common,cook_gap,flow,2862,169,0.05904961565338924,0.681996058156474,0.12906455120916815,0.6728995037091055,45
clean54,peak_mean,baseline,4,2,6,strong_fixed_support,randi_wild_type,flow,824,133,0.16140776699029127,0.6230699759529068,0.2762556368424175,0.6205419572035876,24
clean54,peak_mean,baseline,4,2,6,strong_fixed_support,cook_struct,flow,1749,439,0.2510005717552887,0.6018362343285398,0.36645326655468147,0.5850291035822199,33
clean54,peak_mean,baseline,4,2,6,strong_fixed_support,cook_chem,flow,1749,405,0.23156089193825044,0.5956202233980012,0.3412608797793635,0.580804839482411,33
clean54,peak_mean,baseline,4,2,6,strong_fixed_support,cook_gap,flow,1749,98,0.05603201829616924,0.6693407829515816,0.13289240165330085,0.656359225943702,28
clean54,peak_mean,baseline,4,4,8,all_common,randi_wild_type,flow,1349,257,0.1905114899925871,0.6513305112526903,0.3124873328857185,0.6440986718337209,40
clean54,peak_mean,baseline,4,4,8,all_common,cook_struct,flow,2862,758,0.26484975541579314,0.6143712942805262,0.3724767328874963,0.5922710210874669,54
clean54,peak_mean,baseline,4,4,8,all_common,cook_chem,flow,2862,699,0.24423480083857443,0.6039147133776077,0.33731289315419477,0.5840649446247681,54
clean54,peak_mean,baseline,4,4,8,all_common,cook_gap,flow,2862,169,0.05904961565338924,0.6797307066095093,0.1290554512563209,0.6634548941607712,45
clean54,peak_mean,baseline,4,4,8,strong_fixed_support,randi_wild_type,flow,824,133,0.16140776699029127,0.6287825207011741,0.2747773731783209,0.6209599702391106,24
clean54,peak_mean,baseline,4,4,8,strong_fixed_support,cook_struct,flow,1749,439,0.2510005717552887,0.6006659827157488,0.36450716008711903,0.5850386694481657,33
clean54,peak_mean,baseline,4,4,8,strong_fixed_support,cook_chem,flow,1749,405,0.23156089193825044,0.5938620664315108,0.3390703002286546,0.5811972949262153,33
clean54,peak_mean,baseline,4,4,8,strong_fixed_support,cook_gap,flow,1749,98,0.05603201829616924,0.6671034252586558,0.13470575305561064,0.6467883888755616,28
clean54,peak_mean,baseline,4,8,12,all_common,randi_wild_type,flow,1349,257,0.1905114899925871,0.6525633899174755,0.30403011632421384,0.6300883577228736,40
clean54,peak_mean,baseline,4,8,12,all_common,cook_struct,flow,2862,758,0.26484975541579314,0.6114117349037391,0.3701558824526523,0.5885177040934283,54
clean54,peak_mean,baseline,4,8,12,all_common,cook_chem,flow,2862,699,0.24423480083857443,0.600560737649783,0.33498534480990133,0.579592887683222,54
clean54,peak_mean,baseline,4,8,12,all_common,cook_gap,flow,2862,169,0.05904961565338924,0.6745650019665272,0.12743867771379003,0.6570687431040014,45
clean54,peak_mean,baseline,4,8,12,strong_fixed_support,randi_wild_type,flow,824,133,0.16140776699029127,0.6365951057092805,0.2714705581927557,0.6173069877120473,24
clean54,peak_mean,baseline,4,8,12,strong_fixed_support,cook_struct,flow,1749,439,0.2510005717552887,0.5992244692135145,0.35910332387892213,0.5830212781264482,33
clean54,peak_mean,baseline,4,8,12,strong_fixed_support,cook_chem,flow,1749,405,0.23156089193825044,0.5910677542621987,0.33300078236310426,0.5785318872537304,33
clean54,peak_mean,baseline,4,8,12,strong_fixed_support,cook_gap,flow,1749,98,0.05603201829616924,0.6642480129544246,0.13473889460937036,0.6408539724917629,28
clean54,peak_mean,baseline,4,16,20,all_common,randi_wild_type,flow,1349,257,0.1905114899925871,0.649172973589316,0.29116537762322153,0.6370868051738968,40
clean54,peak_mean,baseline,4,16,20,all_common,cook_struct,flow,2862,758,0.26484975541579314,0.6080104362089549,0.36836090505176666,0.5841488250129648,54
clean54,peak_mean,baseline,4,16,20,all_common,cook_chem,flow,2862,699,0.24423480083857443,0.5970152856898139,0.3335530239359033,0.5763049474624169,54
clean54,peak_mean,baseline,4,16,20,all_common,cook_gap,flow,2862,169,0.05904961565338924,0.6668065574346815,0.1255208972874487,0.6444649421713923,45
clean54,peak_mean,baseline,4,16,20,strong_fixed_support,randi_wild_type,flow,824,133,0.16140776699029127,0.6508057408354462,0.27126884435862225,0.6399576763826152,24
clean54,peak_mean,baseline,4,16,20,strong_fixed_support,cook_struct,flow,1749,439,0.2510005717552887,0.5981011667738962,0.35161662601448557,0.5841261011838074,33
clean54,peak_mean,baseline,4,16,20,strong_fixed_support,cook_chem,flow,1749,405,0.23156089193825044,0.5892214138741917,0.3244023602959919,0.5813881385472798,33
clean54,peak_mean,baseline,4,16,20,strong_fixed_support,cook_gap,flow,1749,98,0.05603201829616924,0.6624000296666214,0.13293451267226988,0.6341044527712848,28
clean54,peak_mean,baseline,4,32,36,all_common,randi_wild_type,flow,1349,257,0.1905114899925871,0.6310770941121135,0.2751703243144106,0.6117747432524935,40
clean54,peak_mean,baseline,4,32,36,all_common,cook_struct,flow,2862,758,0.26484975541579314,0.6052800545762814,0.36578008987124594,0.5811013668393321,54
clean54,peak_mean,baseline,4,32,36,all_common,cook_chem,flow,2862,699,0.24423480083857443,0.5956273310329729,0.3328518562488504,0.5738223225901742,54
clean54,peak_mean,baseline,4,32,36,all_common,cook_gap,flow,2862,169,0.05904961565338924,0.6620341582494172,0.1240376458053426,0.6366473289160953,45
clean54,peak_mean,baseline,4,32,36,strong_fixed_support,randi_wild_type,flow,824,133,0.16140776699029127,0.6464315637139156,0.2660300776022102,0.6299877631043219,24
clean54,peak_mean,baseline,4,32,36,strong_fixed_support,cook_struct,flow,1749,439,0.2510005717552887,0.5988610478359909,0.33985700645262423,0.5838042641842321,33
clean54,peak_mean,baseline,4,32,36,strong_fixed_support,cook_chem,flow,1749,405,0.23156089193825044,0.5899544385655497,0.31091227961155776,0.5799501503321927,33
clean54,peak_mean,baseline,4,32,36,strong_fixed_support,cook_gap,flow,1749,98,0.05603201829616924,0.6646930122745646,0.13247380558717226,0.631696547455077,28
clean54,peak_mean,baseline,8,1,9,all_common,randi_wild_type,flow,1349,257,0.1905114899925871,0.6338671056569889,0.2896591076137991,0.6064062734771372,40
clean54,peak_mean,baseline,8,1,9,all_common,cook_struct,flow,2862,758,0.26484975541579314,0.6124883373295745,0.3733734744192454,0.5881209886685718,54
clean54,peak_mean,baseline,8,1,9,all_common,cook_chem,flow,2862,699,0.24423480083857443,0.6035165486392622,0.34125600686216,0.5807121239961619,54
clean54,peak_mean,baseline,8,1,9,all_common,cook_gap,flow,2862,169,0.05904961565338924,0.6697640386977415,0.12353491284818119,0.6660940947372763,45
clean54,peak_mean,baseline,8,1,9,strong_fixed_support,randi_wild_type,flow,824,133,0.16140776699029127,0.626638956290872,0.26908786268799073,0.5950906749876613,24
clean54,peak_mean,baseline,8,1,9,strong_fixed_support,cook_struct,flow,1749,439,0.2510005717552887,0.6012206785024953,0.3542573508328508,0.5905744609002689,33
clean54,peak_mean,baseline,8,1,9,strong_fixed_support,cook_chem,flow,1749,405,0.23156089193825044,0.5970329952968841,0.3309921113141534,0.5886916333537169,33
clean54,peak_mean,baseline,8,1,9,strong_fixed_support,cook_gap,flow,1749,98,0.05603201829616924,0.6546434442947379,0.12712005590860853,0.6415685470432014,28
clean54,peak_mean,baseline,8,2,10,all_common,randi_wild_type,flow,1349,257,0.1905114899925871,0.632919285643021,0.2877192678599778,0.6044796065462924,40
clean54,peak_mean,baseline,8,2,10,all_common,cook_struct,flow,2862,758,0.26484975541579314,0.6127272339657093,0.3730681440978583,0.5892894989325378,54
clean54,peak_mean,baseline,8,2,10,all_common,cook_chem,flow,2862,699,0.24423480083857443,0.603828730959028,0.3411830304346991,0.5822354567046936,54
clean54,peak_mean,baseline,8,2,10,all_common,cook_gap,flow,2862,169,0.05904961565338924,0.6692652658547142,0.12271909064831675,0.6619299417290868,45
clean54,peak_mean,baseline,8,2,10,strong_fixed_support,randi_wild_type,flow,824,133,0.16140776699029127,0.6256052577173761,0.2642221698346686,0.5936204158101573,24
clean54,peak_mean,baseline,8,2,10,strong_fixed_support,cook_struct,flow,1749,439,0.2510005717552887,0.6005720843694031,0.3524870718261715,0.5903223475288782,33
clean54,peak_mean,baseline,8,2,10,strong_fixed_support,cook_chem,flow,1749,405,0.23156089193825044,0.5961070693709583,0.3292047680360473,0.5884659206710223,33
clean54,peak_mean,baseline,8,2,10,strong_fixed_support,cook_gap,flow,1749,98,0.05603201829616924,0.6538399733000408,0.125696099251427,0.6358546508800702,28
clean54,peak_mean,baseline,8,4,12,all_common,randi_wild_type,flow,1349,257,0.1905114899925871,0.6290781203232565,0.28318660417137675,0.6054870759937339,40
clean54,peak_mean,baseline,8,4,12,all_common,cook_struct,flow,2862,758,0.26484975541579314,0.6121039708257673,0.3716059873944405,0.5869257658241739,54
clean54,peak_mean,baseline,8,4,12,all_common,cook_chem,flow,2862,699,0.24423480083857443,0.6034332118335618,0.3399948839506811,0.5801650622201795,54
clean54,peak_mean,baseline,8,4,12,all_common,cook_gap,flow,2862,169,0.05904961565338924,0.6676305213824137,0.12123346557877776,0.6589334486258223,45
clean54,peak_mean,baseline,8,4,12,strong_fixed_support,randi_wild_type,flow,824,133,0.16140776699029127,0.6242995332034864,0.26023995589006454,0.5970061549576152,24
clean54,peak_mean,baseline,8,4,12,strong_fixed_support,cook_struct,flow,1749,439,0.2510005717552887,0.5991357874419656,0.34856881607446816,0.587387099352572,33
clean54,peak_mean,baseline,8,4,12,strong_fixed_support,cook_chem,flow,1749,405,0.23156089193825044,0.5942882863021752,0.3250982725566853,0.5854956068552247,33
clean54,peak_mean,baseline,8,4,12,strong_fixed_support,cook_gap,flow,1749,98,0.05603201829616924,0.6536792791011014,0.12505359313466352,0.633332725661903,28
clean54,peak_mean,baseline,8,8,16,all_common,randi_wild_type,flow,1349,257,0.1905114899925871,0.6253794843289007,0.27498430613270114,0.6010040651451691,40
clean54,peak_mean,baseline,8,8,16,all_common,cook_struct,flow,2862,758,0.26484975541579314,0.6117942203316713,0.37016745734600753,0.5860138432996748,54
clean54,peak_mean,baseline,8,8,16,all_common,cook_chem,flow,2862,699,0.24423480083857443,0.602787020887775,0.33879695253182984,0.5793594660139578,54
clean54,peak_mean,baseline,8,8,16,all_common,cook_gap,flow,2862,169,0.05904961565338924,0.6643610324378127,0.11910843632265361,0.652177197239667,45
clean54,peak_mean,baseline,8,8,16,strong_fixed_support,randi_wild_type,flow,824,133,0.16140776699029127,0.6293809777700403,0.25935289391700156,0.600661522935881,24
clean54,peak_mean,baseline,8,8,16,strong_fixed_support,cook_struct,flow,1749,439,0.2510005717552887,0.5989132135839608,0.3429176649048393,0.58889628182925,33
clean54,peak_mean,baseline,8,8,16,strong_fixed_support,cook_chem,flow,1749,405,0.23156089193825044,0.5930206496178718,0.3190889534915848,0.5869708312750757,33
clean54,peak_mean,baseline,8,8,16,strong_fixed_support,cook_gap,flow,1749,98,0.05603201829616924,0.654192264428485,0.12339064455695685,0.6310815158240132,28
clean54,peak_mean,baseline,8,16,24,all_common,randi_wild_type,flow,1349,257,0.1905114899925871,0.6124057524835734,0.2644443798815589,0.5901765905083762,40
clean54,peak_mean,baseline,8,16,24,all_common,cook_struct,flow,2862,758,0.26484975541579314,0.6080778414278118,0.36879245036853886,0.5833561530781676,54
clean54,peak_mean,baseline,8,16,24,all_common,cook_chem,flow,2862,699,0.24423480083857443,0.5983873666693784,0.3378432609128914,0.5750772229370976,54
clean54,peak_mean,baseline,8,16,24,all_common,cook_gap,flow,2862,169,0.05904961565338924,0.6581604290764793,0.1166592555609305,0.6466213563971365,45
clean54,peak_mean,baseline,8,16,24,strong_fixed_support,randi_wild_type,flow,824,133,0.16140776699029127,0.6352676191201593,0.2570174430273979,0.6046417080532366,24
clean54,peak_mean,baseline,8,16,24,strong_fixed_support,cook_struct,flow,1749,439,0.2510005717552887,0.5988958250013042,0.338174477287277,0.5909650283576958,33
clean54,peak_mean,baseline,8,16,24,strong_fixed_support,cook_chem,flow,1749,405,0.23156089193825044,0.5903365667254556,0.31287406794565653,0.585744990409072,33
clean54,peak_mean,baseline,8,16,24,strong_fixed_support,cook_gap,flow,1749,98,0.05603201829616924,0.6637597498114933,0.12797496462282434,0.6403898850549846,28
clean54,peak_mean,baseline,8,32,40,all_common,randi_wild_type,flow,1349,257,0.1905114899925871,0.5917176209005003,0.25213767134951065,0.5667231425523771,40
clean54,peak_mean,baseline,8,32,40,all_common,cook_struct,flow,2862,758,0.26484975541579314,0.6022628088726587,0.36542962226962994,0.5792508900988756,54
clean54,peak_mean,baseline,8,32,40,all_common,cook_chem,flow,2862,699,0.24423480083857443,0.5933322618601171,0.3355384438289266,0.5711603469725518,54
clean54,peak_mean,baseline,8,32,40,all_common,cook_gap,flow,2862,169,0.05904961565338924,0.6551831726786738,0.11536096280768529,0.6447931699983437,45
clean54,peak_mean,baseline,8,32,40,strong_fixed_support,randi_wild_type,flow,824,133,0.16140776699029127,0.6239404589621667,0.2489939364802882,0.5904054010147335,24
clean54,peak_mean,baseline,8,32,40,strong_fixed_support,cook_struct,flow,1749,439,0.2510005717552887,0.5964753342955016,0.33001160079819625,0.590708221295755,33
clean54,peak_mean,baseline,8,32,40,strong_fixed_support,cook_chem,flow,1749,405,0.23156089193825044,0.5853780864197531,0.30190614079128425,0.582206615457632,33
clean54,peak_mean,baseline,8,32,40,strong_fixed_support,cook_gap,flow,1749,98,0.05603201829616924,0.6730429300733014,0.12593147345993222,0.6567467109420025,28
clean54,peak_mean,baseline,16,1,17,all_common,randi_wild_type,flow,1349,257,0.1905114899925871,0.6123523039865453,0.2648655050020196,0.5940259796610572,40
clean54,peak_mean,baseline,16,1,17,all_common,cook_struct,flow,2862,758,0.26484975541579314,0.6041043821543586,0.3631146370872537,0.5722755760284028,54
clean54,peak_mean,baseline,16,1,17,all_common,cook_chem,flow,2862,699,0.24423480083857443,0.5938699826778496,0.33206064612453556,0.5657009669946199,54
clean54,peak_mean,baseline,16,1,17,all_common,cook_gap,flow,2862,169,0.05904961565338924,0.6696805436843714,0.1214679074114137,0.6454939762689852,45
clean54,peak_mean,baseline,16,1,17,strong_fixed_support,randi_wild_type,flow,824,133,0.16140776699029127,0.6299359106884432,0.2531039450185522,0.6172934893853558,24
clean54,peak_mean,baseline,16,1,17,strong_fixed_support,cook_struct,flow,1749,439,0.2510005717552887,0.5928393816620008,0.3373312783483132,0.5735431357976182,33
clean54,peak_mean,baseline,16,1,17,strong_fixed_support,cook_chem,flow,1749,405,0.23156089193825044,0.5846707818930041,0.31075881736621175,0.5721765118284625,33
clean54,peak_mean,baseline,16,1,17,strong_fixed_support,cook_gap,flow,1749,98,0.05603201829616924,0.6659538436816278,0.1313473654307343,0.6439345098207216,28
clean54,peak_mean,baseline,16,2,18,all_common,randi_wild_type,flow,1349,257,0.1905114899925871,0.6119532218754009,0.263919016152711,0.5921600167701095,40
clean54,peak_mean,baseline,16,2,18,all_common,cook_struct,flow,2862,758,0.26484975541579314,0.6037670425474282,0.3628276459754399,0.5717445712603781,54
clean54,peak_mean,baseline,16,2,18,all_common,cook_chem,flow,2862,699,0.24423480083857443,0.5933845127144848,0.331683824587659,0.564884543008621,54
clean54,peak_mean,baseline,16,2,18,all_common,cook_gap,flow,2862,169,0.05904961565338924,0.6688499880250572,0.12160800821360157,0.6452592122100236,45
clean54,peak_mean,baseline,16,2,18,strong_fixed_support,randi_wild_type,flow,824,133,0.16140776699029127,0.6288804500397157,0.2517432947951739,0.6136691169316489,24
clean54,peak_mean,baseline,16,2,18,strong_fixed_support,cook_struct,flow,1749,439,0.2510005717552887,0.5930845606774592,0.33735282578368464,0.5740240668505132,33
clean54,peak_mean,baseline,16,2,18,strong_fixed_support,cook_chem,flow,1749,405,0.23156089193825044,0.5845660640799529,0.3105363069293969,0.5720398966226334,33
clean54,peak_mean,baseline,16,2,18,strong_fixed_support,cook_gap,flow,1749,98,0.05603201829616924,0.6678512713383353,0.13214337821150018,0.6461404755486447,28
clean54,peak_mean,baseline,16,4,20,all_common,randi_wild_type,flow,1349,257,0.1905114899925871,0.6089351634098715,0.26164018499252417,0.585212518091818,40
clean54,peak_mean,baseline,16,4,20,all_common,cook_struct,flow,2862,758,0.26484975541579314,0.6025186351916691,0.36209904960827594,0.570231131406917,54
clean54,peak_mean,baseline,16,4,20,all_common,cook_chem,flow,2862,699,0.24423480083857443,0.5921741448221718,0.3309999662205598,0.5635244947452702,54
clean54,peak_mean,baseline,16,4,20,all_common,cook_gap,flow,2862,169,0.05904961565338924,0.6660441161283801,0.12125247121692226,0.6405363560269797,45
clean54,peak_mean,baseline,16,4,20,strong_fixed_support,randi_wild_type,flow,824,133,0.16140776699029127,0.626203714786242,0.24872604264993292,0.6076437018474842,24
clean54,peak_mean,baseline,16,4,20,strong_fixed_support,cook_struct,flow,1749,439,0.2510005717552887,0.5919003981985429,0.33532136965446946,0.572778670982272,33
clean54,peak_mean,baseline,16,4,20,strong_fixed_support,cook_chem,flow,1749,405,0.23156089193825044,0.5830559229864785,0.30819096287120296,0.5705251286924418,33
clean54,peak_mean,baseline,16,4,20,strong_fixed_support,cook_gap,flow,1749,98,0.05603201829616924,0.6688277976241981,0.13123626046720632,0.6455366358876817,28
clean54,peak_mean,baseline,16,8,24,all_common,randi_wild_type,flow,1349,257,0.1905114899925871,0.6025213437664799,0.2580875985053326,0.5786198121430841,40
clean54,peak_mean,baseline,16,8,24,all_common,cook_struct,flow,2862,758,0.26484975541579314,0.600974898923523,0.36072583403505504,0.5684796417528302,54
clean54,peak_mean,baseline,16,8,24,all_common,cook_chem,flow,2862,699,0.24423480083857443,0.5908804401241586,0.3296602724872559,0.5615414483741877,54
clean54,peak_mean,baseline,16,8,24,all_common,cook_gap,flow,2862,169,0.05904961565338924,0.663150354743945,0.11943588870577741,0.6354684326500313,45
clean54,peak_mean,baseline,16,8,24,strong_fixed_support,randi_wild_type,flow,824,133,0.16140776699029127,0.6227653068996659,0.24637926689998463,0.6053846736235883,24
clean54,peak_mean,baseline,16,8,24,strong_fixed_support,cook_struct,flow,1749,439,0.2510005717552887,0.5906710254047193,0.3326151266296128,0.5714593614815461,33
clean54,peak_mean,baseline,16,8,24,strong_fixed_support,cook_chem,flow,1749,405,0.23156089193825044,0.5813657407407407,0.30486286726628553,0.5681078149063612,33
clean54,peak_mean,baseline,16,8,24,strong_fixed_support,cook_gap,flow,1749,98,0.05603201829616924,0.6707870307420364,0.13550862173877332,0.6459774514770933,28
clean54,peak_mean,baseline,16,16,32,all_common,randi_wild_type,flow,1349,257,0.1905114899925871,0.5971943102293297,0.2555584632705483,0.5676127839408689,40
clean54,peak_mean,baseline,16,16,32,all_common,cook_struct,flow,2862,758,0.26484975541579314,0.5969067588310243,0.3578541955991222,0.5667432614601835,54
clean54,peak_mean,baseline,16,16,32,all_common,cook_chem,flow,2862,699,0.24423480083857443,0.5872665329309356,0.3267643962107595,0.5605637367398357,54
clean54,peak_mean,baseline,16,16,32,all_common,cook_gap,flow,2862,169,0.05904961565338924,0.663427206630383,0.11849140670141836,0.6336104281158471,45
clean54,peak_mean,baseline,16,16,32,strong_fixed_support,randi_wild_type,flow,824,133,0.16140776699029127,0.621046102956378,0.24806406938559358,0.5951754584585176,24
clean54,peak_mean,baseline,16,16,32,strong_fixed_support,cook_struct,flow,1749,439,0.2510005717552887,0.5875010867864161,0.32467060810981707,0.5735188042485065,33
clean54,peak_mean,baseline,16,16,32,strong_fixed_support,cook_chem,flow,1749,405,0.23156089193825044,0.5776491769547325,0.2954180034061772,0.5700120166531905,33
clean54,peak_mean,baseline,16,16,32,strong_fixed_support,cook_gap,flow,1749,98,0.05603201829616924,0.6712196689699501,0.12697358812959758,0.6451917478678512,28
clean54,peak_mean,baseline,16,32,48,all_common,randi_wild_type,flow,1349,257,0.1905114899925871,0.5866863357135731,0.2494835612997494,0.5535669877579064,40
clean54,peak_mean,baseline,16,32,48,all_common,cook_struct,flow,2862,758,0.26484975541579314,0.5821240105540897,0.3505760281328378,0.5544716291623092,54
clean54,peak_mean,baseline,16,32,48,all_common,cook_chem,flow,2862,699,0.24423480083857443,0.572071455358259,0.32003732046648453,0.5479881877539016,54
clean54,peak_mean,baseline,16,32,48,all_common,cook_gap,flow,2862,169,0.05904961565338924,0.659366712295959,0.11829660617916041,0.6279452858244691,45
clean54,peak_mean,baseline,16,32,48,strong_fixed_support,randi_wild_type,flow,824,133,0.16140776699029127,0.6101215411901679,0.23957565206466921,0.5831123741772773,24
clean54,peak_mean,baseline,16,32,48,strong_fixed_support,cook_struct,flow,1749,439,0.2510005717552887,0.576935783964249,0.31758899121807044,0.5681232540467986,33
clean54,peak_mean,baseline,16,32,48,strong_fixed_support,cook_chem,flow,1749,405,0.23156089193825044,0.5663745590828924,0.28720480166840295,0.5633047133442814,33
clean54,peak_mean,baseline,16,32,48,strong_fixed_support,cook_gap,flow,1749,98,0.05603201829616924,0.6677152993238483,0.12182220954677245,0.6462080671302234,28
clean54,peak_mean,onset_minus_baseline,1,1,2,all_common,randi_wild_type,flow,1349,257,0.1905114899925871,0.5110103903878223,0.222113582265138,0.4883880469750304,40
clean54,peak_mean,onset_minus_baseline,1,1,2,all_common,cook_struct,flow,2862,758,0.26484975541579314,0.4857006882229602,0.25866544982801687,0.47751410541298794,54
clean54,peak_mean,onset_minus_baseline,1,1,2,all_common,cook_chem,flow,2862,699,0.24423480083857443,0.4902366963702852,0.23940172167933882,0.48158923760179717,54
clean54,peak_mean,onset_minus_baseline,1,1,2,all_common,cook_gap,flow,2862,169,0.05904961565338924,0.4668294087014987,0.05853219933401123,0.46333272262670133,45
clean54,peak_mean,onset_minus_baseline,1,1,2,strong_fixed_support,randi_wild_type,flow,824,133,0.16140776699029127,0.4955550961339673,0.18521960019705574,0.46282503816422205,24
clean54,peak_mean,onset_minus_baseline,1,1,2,strong_fixed_support,cook_struct,flow,1749,439,0.2510005717552887,0.4791736945521571,0.24685953680645867,0.47619548839881026,33
clean54,peak_mean,onset_minus_baseline,1,1,2,strong_fixed_support,cook_chem,flow,1749,405,0.23156089193825044,0.48263888888888884,0.2305917927616932,0.4785439354116488,33
clean54,peak_mean,onset_minus_baseline,1,1,2,strong_fixed_support,cook_gap,flow,1749,98,0.05603201829616924,0.4842828712345023,0.06521702849954297,0.4991047685771556,28
clean54,peak_mean,onset_minus_baseline,1,2,3,all_common,randi_wild_type,flow,1349,257,0.1905114899925871,0.5135153432818802,0.2239060396672624,0.487354267472844,40
clean54,peak_mean,onset_minus_baseline,1,2,3,all_common,cook_struct,flow,2862,758,0.26484975541579314,0.4860079306158893,0.2580450107307167,0.47836514032408045,54
clean54,peak_mean,onset_minus_baseline,1,2,3,all_common,cook_chem,flow,2862,699,0.24423480083857443,0.4904271804976001,0.2385816695322108,0.4822555157164403,54
clean54,peak_mean,onset_minus_baseline,1,2,3,all_common,cook_gap,flow,2862,169,0.05904961565338924,0.46574177629049235,0.058213124740216435,0.46360554818902266,45
clean54,peak_mean,onset_minus_baseline,1,2,3,strong_fixed_support,randi_wild_type,flow,824,133,0.16140776699029127,0.49795980544704743,0.19183997439556277,0.4607258264521094,24
clean54,peak_mean,onset_minus_baseline,1,2,3,strong_fixed_support,cook_struct,flow,1749,439,0.2510005717552887,0.4813142290771879,0.2457075496342445,0.47875722024253975,33
clean54,peak_mean,onset_minus_baseline,1,2,3,strong_fixed_support,cook_chem,flow,1749,405,0.23156089193825044,0.48317166372721926,0.2285343808864373,0.4799460353944584,33
clean54,peak_mean,onset_minus_baseline,1,2,3,strong_fixed_support,cook_gap,flow,1749,98,0.05603201829616924,0.48605050742283584,0.05882613528773194,0.49961147385449733,28
clean54,peak_mean,onset_minus_baseline,1,4,5,all_common,randi_wild_type,flow,1349,257,0.1905114899925871,0.5149620159347786,0.22881191052039707,0.48427494751285954,40
clean54,peak_mean,onset_minus_baseline,1,4,5,all_common,cook_struct,flow,2862,758,0.26484975541579314,0.4924292966281088,0.259023842152183,0.48571619378697,54
clean54,peak_mean,onset_minus_baseline,1,4,5,all_common,cook_chem,flow,2862,699,0.24423480083857443,0.4927010847674208,0.23815381302693295,0.485777931750938,54
clean54,peak_mean,onset_minus_baseline,1,4,5,all_common,cook_gap,flow,2862,169,0.05904961565338924,0.4829988772117939,0.058476065689649075,0.4812716948198299,45
clean54,peak_mean,onset_minus_baseline,1,4,5,strong_fixed_support,randi_wild_type,flow,824,133,0.16140776699029127,0.4979598054470474,0.2087700487965567,0.4569269522827017,24
clean54,peak_mean,onset_minus_baseline,1,4,5,strong_fixed_support,cook_struct,flow,1749,439,0.2510005717552887,0.4829157175398634,0.24780432796643487,0.47603189597935647,33
clean54,peak_mean,onset_minus_baseline,1,4,5,strong_fixed_support,cook_chem,flow,1749,405,0.23156089193825044,0.48166335978835984,0.22871540459795833,0.47435503663391493,33
clean54,peak_mean,onset_minus_baseline,1,4,5,strong_fixed_support,cook_gap,flow,1749,98,0.05603201829616924,0.4961247975871148,0.06004710318414076,0.5056765987655159,28
clean54,peak_mean,onset_minus_baseline,1,8,9,all_common,randi_wild_type,flow,1349,257,0.1905114899925871,0.5050633542851442,0.23649942870330665,0.48173963300628075,40
clean54,peak_mean,onset_minus_baseline,1,8,9,all_common,cook_struct,flow,2862,758,0.26484975541579314,0.5020522537797085,0.26484148173656225,0.4958066261475312,54
clean54,peak_mean,onset_minus_baseline,1,8,9,all_common,cook_chem,flow,2862,699,0.24423480083857443,0.4980273648968178,0.24154549051019847,0.4922460415907268,54
clean54,peak_mean,onset_minus_baseline,1,8,9,all_common,cook_gap,flow,2862,169,0.05904961565338924,0.509304200897791,0.06230017196426398,0.5112633079597049,45
clean54,peak_mean,onset_minus_baseline,1,8,9,strong_fixed_support,randi_wild_type,flow,824,133,0.16140776699029127,0.5009629718289936,0.2088521341439287,0.4657853647320381,24
clean54,peak_mean,onset_minus_baseline,1,8,9,strong_fixed_support,cook_struct,flow,1749,439,0.2510005717552887,0.49404441044010505,0.2489388733716532,0.48185339382052716,33
clean54,peak_mean,onset_minus_baseline,1,8,9,strong_fixed_support,cook_chem,flow,1749,405,0.23156089193825044,0.4906525573192241,0.22714831457756768,0.4780698196781175,33
clean54,peak_mean,onset_minus_baseline,1,8,9,strong_fixed_support,cook_gap,flow,1749,98,0.05603201829616924,0.5096540130285913,0.06206513775050582,0.5183136728418065,28
clean54,peak_mean,onset_minus_baseline,1,16,17,all_common,randi_wild_type,flow,1349,257,0.1905114899925871,0.5125069483046136,0.2411285564494826,0.4830324159651612,40
clean54,peak_mean,onset_minus_baseline,1,16,17,all_common,cook_struct,flow,2862,758,0.26484975541579314,0.5103528145911294,0.272133677434886,0.5057513787660654,54
clean54,peak_mean,onset_minus_baseline,1,16,17,all_common,cook_chem,flow,2862,699,0.24423480083857443,0.5050084758822624,0.24775113186868863,0.5006733218356426,54
clean54,peak_mean,onset_minus_baseline,1,16,17,all_common,cook_gap,flow,2862,169,0.05904961565338924,0.519266474335171,0.06420197453592646,0.5244794754234948,45
clean54,peak_mean,onset_minus_baseline,1,16,17,strong_fixed_support,randi_wild_type,flow,824,133,0.16140776699029127,0.5121486784979815,0.20579867566952392,0.4742168411144972,24
clean54,peak_mean,onset_minus_baseline,1,16,17,strong_fixed_support,cook_struct,flow,1749,439,0.2510005717552887,0.5003599436609922,0.24864226295043046,0.4873356691103834,33
clean54,peak_mean,onset_minus_baseline,1,16,17,strong_fixed_support,cook_chem,flow,1749,405,0.23156089193825044,0.49795708406819517,0.2270303649167453,0.48392259023917755,33
clean54,peak_mean,onset_minus_baseline,1,16,17,strong_fixed_support,cook_gap,flow,1749,98,0.05603201829616924,0.5044685348397384,0.05948669660821312,0.5147051574591146,28
clean54,peak_mean,onset_minus_baseline,1,32,33,all_common,randi_wild_type,flow,1349,257,0.1905114899925871,0.5477580137113212,0.2433627640226067,0.5193937197421491,40
clean54,peak_mean,onset_minus_baseline,1,32,33,all_common,cook_struct,flow,2862,758,0.26484975541579314,0.5177360374008046,0.27895796340757734,0.5127440200262536,54
clean54,peak_mean,onset_minus_baseline,1,32,33,all_common,cook_chem,flow,2862,699,0.24423480083857443,0.5113056959383889,0.25419487127164697,0.5066412780958909,54
clean54,peak_mean,onset_minus_baseline,1,32,33,all_common,cook_gap,flow,2862,169,0.05904961565338924,0.5073157012372642,0.06233676009908454,0.533418542257697,45
clean54,peak_mean,onset_minus_baseline,1,32,33,strong_fixed_support,randi_wild_type,flow,824,133,0.16140776699029127,0.539960610643831,0.20546319903560833,0.5004243815414862,24
clean54,peak_mean,onset_minus_baseline,1,32,33,strong_fixed_support,cook_struct,flow,1749,439,0.2510005717552887,0.4990992714183866,0.24899373189242374,0.48989506609475103,33
clean54,peak_mean,onset_minus_baseline,1,32,33,strong_fixed_support,cook_chem,flow,1749,405,0.23156089193825044,0.49669128453850675,0.22821386514632305,0.48604670398654615,33
clean54,peak_mean,onset_minus_baseline,1,32,33,strong_fixed_support,cook_gap,flow,1749,98,0.05603201829616924,0.48415926031224116,0.05516739891620706,0.5141939913193903,28
clean54,peak_mean,onset_minus_baseline,4,1,5,all_common,randi_wild_type,flow,1349,257,0.1905114899925871,0.53152392354727,0.20581372295710298,0.5032817581243245,40
clean54,peak_mean,onset_minus_baseline,4,1,5,all_common,cook_struct,flow,2862,758,0.26484975541579314,0.49177405519829054,0.26058551366967647,0.47821370425446147,54
clean54,peak_mean,onset_minus_baseline,4,1,5,all_common,cook_chem,flow,2862,699,0.24423480083857443,0.4836854974777388,0.23592985557552953,0.4676727690340306,54
clean54,peak_mean,onset_minus_baseline,4,1,5,all_common,cook_gap,flow,2862,169,0.05904961565338924,0.5508188004403264,0.07120356919473704,0.5524908349653255,45
clean54,peak_mean,onset_minus_baseline,4,1,5,strong_fixed_support,randi_wild_type,flow,824,133,0.16140776699029127,0.5343351141964897,0.1764377507177543,0.5035665545305105,24
clean54,peak_mean,onset_minus_baseline,4,1,5,strong_fixed_support,cook_struct,flow,1749,439,0.2510005717552887,0.4823523274617886,0.2519276177945359,0.468958701206649,33
clean54,peak_mean,onset_minus_baseline,4,1,5,strong_fixed_support,cook_chem,flow,1749,405,0.23156089193825044,0.4740060993533216,0.2279475415223081,0.4557116803543292,33
clean54,peak_mean,onset_minus_baseline,4,1,5,strong_fixed_support,cook_gap,flow,1749,98,0.05603201829616924,0.5589500488263143,0.07379426289941773,0.5205738914190954,28
clean54,peak_mean,onset_minus_baseline,4,2,6,all_common,randi_wild_type,flow,1349,257,0.1905114899925871,0.5337473810236456,0.2087204570460918,0.5146983726338832,40
clean54,peak_mean,onset_minus_baseline,4,2,6,all_common,cook_struct,flow,2862,758,0.26484975541579314,0.4908999819416716,0.26004243280127065,0.47812923750736114,54
clean54,peak_mean,onset_minus_baseline,4,2,6,all_common,cook_chem,flow,2862,699,0.24423480083857443,0.48280781540500695,0.23535393515949304,0.46823508738942043,54
clean54,peak_mean,onset_minus_baseline,4,2,6,all_common,cook_gap,flow,2862,169,0.05904961565338924,0.5488874289468422,0.07074717087511281,0.5467007545186686,45
clean54,peak_mean,onset_minus_baseline,4,2,6,strong_fixed_support,randi_wild_type,flow,824,133,0.16140776699029127,0.5355211472966062,0.1794584662482283,0.5176035989657599,24
clean54,peak_mean,onset_minus_baseline,4,2,6,strong_fixed_support,cook_struct,flow,1749,439,0.2510005717552887,0.4833939035629206,0.2509515280014444,0.47292732832534057,33
clean54,peak_mean,onset_minus_baseline,4,2,6,strong_fixed_support,cook_chem,flow,1749,405,0.23156089193825044,0.47500183715461497,0.22664071354037,0.46126129444924985,33
clean54,peak_mean,onset_minus_baseline,4,2,6,strong_fixed_support,cook_gap,flow,1749,98,0.05603201829616924,0.5567559549561799,0.07364156795394701,0.5126014135034389,28
clean54,peak_mean,onset_minus_baseline,4,4,8,all_common,randi_wild_type,flow,1349,257,0.1905114899925871,0.5457412237567879,0.2216245098958926,0.523956127840121,40
clean54,peak_mean,onset_minus_baseline,4,4,8,all_common,cook_struct,flow,2862,758,0.26484975541579314,0.4850843223612267,0.2603082923378822,0.47571704571834156,54
clean54,peak_mean,onset_minus_baseline,4,4,8,all_common,cook_chem,flow,2862,699,0.24423480083857443,0.47821569284963594,0.23572735473926848,0.46763328235931784,54
clean54,peak_mean,onset_minus_baseline,4,4,8,all_common,cook_gap,flow,2862,169,0.05904961565338924,0.5378968485026927,0.06985644603076066,0.5386082844468136,45
clean54,peak_mean,onset_minus_baseline,4,4,8,strong_fixed_support,randi_wild_type,flow,824,133,0.16140776699029127,0.5475773369748539,0.1877586558926536,0.5371365084274378,24
clean54,peak_mean,onset_minus_baseline,4,4,8,strong_fixed_support,cook_struct,flow,1749,439,0.2510005717552887,0.47973882348849745,0.24926100688700345,0.4703500332584598,33
clean54,peak_mean,onset_minus_baseline,4,4,8,strong_fixed_support,cook_chem,flow,1749,405,0.23156089193825044,0.4726998824221047,0.2246901610385611,0.4607124615814688,33
clean54,peak_mean,onset_minus_baseline,4,4,8,strong_fixed_support,cook_gap,flow,1749,98,0.05603201829616924,0.5422316715905018,0.07301577863442502,0.5022538460170459,28
clean54,peak_mean,onset_minus_baseline,4,8,12,all_common,randi_wild_type,flow,1349,257,0.1905114899925871,0.5592351876398569,0.238812796981045,0.5403883159297562,40
clean54,peak_mean,onset_minus_baseline,4,8,12,all_common,cook_struct,flow,2862,758,0.26484975541579314,0.48566870993308386,0.26353937780003245,0.4822125982686412,54
clean54,peak_mean,onset_minus_baseline,4,8,12,all_common,cook_chem,flow,2862,699,0.24423480083857443,0.4805067936031726,0.23857913546041315,0.47609486090640696,54
clean54,peak_mean,onset_minus_baseline,4,8,12,all_common,cook_gap,flow,2862,169,0.05904961565338924,0.5284333479083401,0.07057794439871112,0.5306057382451298,45
clean54,peak_mean,onset_minus_baseline,4,8,12,strong_fixed_support,randi_wild_type,flow,824,133,0.16140776699029127,0.552734948804718,0.19453944624497507,0.5480208433581694,24
clean54,peak_mean,onset_minus_baseline,4,8,12,strong_fixed_support,cook_struct,flow,1749,439,0.2510005717552887,0.4802448312438053,0.2506066684668601,0.47597002322044585,33
clean54,peak_mean,onset_minus_baseline,4,8,12,strong_fixed_support,cook_chem,flow,1749,405,0.23156089193825044,0.4738664756025867,0.2263066555724612,0.46703157175163895,33
clean54,peak_mean,onset_minus_baseline,4,8,12,strong_fixed_support,cook_gap,flow,1749,98,0.05603201829616924,0.529685162981001,0.07135439430981366,0.4902774957606787,28
clean54,peak_mean,onset_minus_baseline,4,16,20,all_common,randi_wild_type,flow,1349,257,0.1905114899925871,0.5625418679893388,0.2397701263610079,0.5439773180523957,40
clean54,peak_mean,onset_minus_baseline,4,16,20,all_common,cook_struct,flow,2862,758,0.26484975541579314,0.4929302898361708,0.2677119550316652,0.49477096207991,54
clean54,peak_mean,onset_minus_baseline,4,16,20,all_common,cook_chem,flow,2862,699,0.24423480083857443,0.48436211297163834,0.2403701617527032,0.4869205830070346,54
clean54,peak_mean,onset_minus_baseline,4,16,20,all_common,cook_gap,flow,2862,169,0.05904961565338924,0.5432427265955788,0.0727989153037109,0.5349402345978351,45
clean54,peak_mean,onset_minus_baseline,4,16,20,strong_fixed_support,randi_wild_type,flow,824,133,0.16140776699029127,0.5560754273527523,0.18887194823364273,0.5455197851990178,24
clean54,peak_mean,onset_minus_baseline,4,16,20,strong_fixed_support,cook_struct,flow,1749,439,0.2510005717552887,0.48580222226086345,0.25591075873868135,0.4859424229831891,33
clean54,peak_mean,onset_minus_baseline,4,16,20,strong_fixed_support,cook_chem,flow,1749,405,0.23156089193825044,0.47888925631981194,0.230066633242133,0.47658155132186414,33
clean54,peak_mean,onset_minus_baseline,4,16,20,strong_fixed_support,cook_gap,flow,1749,98,0.05603201829616924,0.532522033646893,0.07362402568927914,0.48279504188318373,28
clean54,peak_mean,onset_minus_baseline,4,32,36,all_common,randi_wild_type,flow,1349,257,0.1905114899925871,0.5660623423269338,0.23506865990305661,0.5778758852354045,40
clean54,peak_mean,onset_minus_baseline,4,32,36,all_common,cook_struct,flow,2862,758,0.26484975541579314,0.508917553698446,0.27552508520018065,0.5131209783665379,54
clean54,peak_mean,onset_minus_baseline,4,32,36,all_common,cook_chem,flow,2862,699,0.24423480083857443,0.4961397201073854,0.2438758939878866,0.5018898783096368,54
clean54,peak_mean,onset_minus_baseline,4,32,36,all_common,cook_gap,flow,2862,169,0.05904961565338924,0.569407427101163,0.07868269067419631,0.5513625852550605,45
clean54,peak_mean,onset_minus_baseline,4,32,36,strong_fixed_support,randi_wild_type,flow,824,133,0.16140776699029127,0.559448549013634,0.1943497959922309,0.5731168904128294,24
clean54,peak_mean,onset_minus_baseline,4,32,36,strong_fixed_support,cook_struct,flow,1749,439,0.2510005717552887,0.5038185327513954,0.2617853296305555,0.5041265678038394,33
clean54,peak_mean,onset_minus_baseline,4,32,36,strong_fixed_support,cook_chem,flow,1749,405,0.23156089193825044,0.49669679600235156,0.23217214133698932,0.4943545227632615,33
clean54,peak_mean,onset_minus_baseline,4,32,36,strong_fixed_support,cook_gap,flow,1749,98,0.05603201829616924,0.5733321796313923,0.08708958161516576,0.5170778004403576,28
clean54,peak_mean,onset_minus_baseline,8,1,9,all_common,randi_wild_type,flow,1349,257,0.1905114899925871,0.5371395789683727,0.22304861701858134,0.5259558955230548,40
clean54,peak_mean,onset_minus_baseline,8,1,9,all_common,cook_struct,flow,2862,758,0.26484975541579314,0.5137588159756012,0.28175092388365897,0.48952368577298633,54
clean54,peak_mean,onset_minus_baseline,8,1,9,all_common,cook_chem,flow,2862,699,0.24423480083857443,0.5039661044077894,0.24697324591635955,0.4853489773265413,54
clean54,peak_mean,onset_minus_baseline,8,1,9,all_common,cook_gap,flow,2862,169,0.05904961565338924,0.5275830171142806,0.07776862946306641,0.4883639696787618,45
clean54,peak_mean,onset_minus_baseline,8,1,9,strong_fixed_support,randi_wild_type,flow,824,133,0.16140776699029127,0.5178394611710172,0.18277225651810336,0.5308642933381419,24
clean54,peak_mean,onset_minus_baseline,8,1,9,strong_fixed_support,cook_struct,flow,1749,439,0.2510005717552887,0.49589629449303585,0.2569019480316549,0.4690977950626999,33
clean54,peak_mean,onset_minus_baseline,8,1,9,strong_fixed_support,cook_chem,flow,1749,405,0.23156089193825044,0.4930886243386244,0.23140369417845774,0.47285478438962525,33
clean54,peak_mean,onset_minus_baseline,8,1,9,strong_fixed_support,cook_gap,flow,1749,98,0.05603201829616924,0.521743161225726,0.07725782036607734,0.48559892657874537,28
clean54,peak_mean,onset_minus_baseline,8,2,10,all_common,randi_wild_type,flow,1349,257,0.1905114899925871,0.5486595116945312,0.2338853850319346,0.5324252556646638,40
clean54,peak_mean,onset_minus_baseline,8,2,10,all_common,cook_struct,flow,2862,758,0.26484975541579314,0.5159624963632533,0.2816137517881677,0.49670167983274566,54
clean54,peak_mean,onset_minus_baseline,8,2,10,all_common,cook_chem,flow,2862,699,0.24423480083857443,0.5056738475214245,0.24734609879647146,0.4922911231805101,54
clean54,peak_mean,onset_minus_baseline,8,2,10,all_common,cook_gap,flow,2862,169,0.05904961565338924,0.5279005178888067,0.07712043475669889,0.4950495766579631,45
clean54,peak_mean,onset_minus_baseline,8,2,10,strong_fixed_support,randi_wild_type,flow,824,133,0.16140776699029127,0.5267292689030826,0.19178948156405123,0.5378448901647072,24
clean54,peak_mean,onset_minus_baseline,8,2,10,strong_fixed_support,cook_struct,flow,1749,439,0.2510005717552887,0.49536855100940724,0.2545677641129095,0.4724560226621273,33
clean54,peak_mean,onset_minus_baseline,8,2,10,strong_fixed_support,cook_chem,flow,1749,405,0.23156089193825044,0.49234090241034684,0.2296278634755597,0.4760140754825049,33
clean54,peak_mean,onset_minus_baseline,8,2,10,strong_fixed_support,cook_gap,flow,1749,98,0.05603201829616924,0.5233408323959504,0.07494291001626668,0.48623962336446064,28
clean54,peak_mean,onset_minus_baseline,8,4,12,all_common,randi_wild_type,flow,1349,257,0.1905114899925871,0.5641880816978093,0.2541624138966294,0.5491578852630812,40
clean54,peak_mean,onset_minus_baseline,8,4,12,all_common,cook_struct,flow,2862,758,0.26484975541579314,0.5165208623855052,0.2823655526716412,0.5037017882994917,54
clean54,peak_mean,onset_minus_baseline,8,4,12,all_common,cook_chem,flow,2862,699,0.24423480083857443,0.5058669772616187,0.24881750787420182,0.49848767446782827,54
clean54,peak_mean,onset_minus_baseline,8,4,12,all_common,cook_gap,flow,2862,169,0.05904961565338924,0.5314589435244124,0.0756721181523574,0.5074596498180829,45
clean54,peak_mean,onset_minus_baseline,8,4,12,strong_fixed_support,randi_wild_type,flow,824,133,0.16140776699029127,0.5410160712925585,0.21266958535806219,0.5561676779059286,24
clean54,peak_mean,onset_minus_baseline,8,4,12,strong_fixed_support,cook_struct,flow,1749,439,0.2510005717552887,0.4948964509902798,0.2511345392184026,0.47513968191189154,33
clean54,peak_mean,onset_minus_baseline,8,4,12,strong_fixed_support,cook_chem,flow,1749,405,0.23156089193825044,0.49210942092886534,0.22785892390263357,0.47881889509374065,33
clean54,peak_mean,onset_minus_baseline,8,4,12,strong_fixed_support,cook_gap,flow,1749,98,0.05603201829616924,0.5268606534073351,0.07062705555704837,0.49270825867475815,28
clean54,peak_mean,onset_minus_baseline,8,8,16,all_common,randi_wild_type,flow,1349,257,0.1905114899925871,0.5768161799290203,0.27139379944514375,0.5684146954465089,40
clean54,peak_mean,onset_minus_baseline,8,8,16,all_common,cook_struct,flow,2862,758,0.26484975541579314,0.5148191157438526,0.2822928532177049,0.505394422379315,54
clean54,peak_mean,onset_minus_baseline,8,8,16,all_common,cook_chem,flow,2862,699,0.24423480083857443,0.505802159746074,0.25016655745635485,0.5002294139231568,54
clean54,peak_mean,onset_minus_baseline,8,8,16,all_common,cook_gap,flow,2862,169,0.05904961565338924,0.5270688636108957,0.07353041243761797,0.515440612731278,45
clean54,peak_mean,onset_minus_baseline,8,8,16,strong_fixed_support,randi_wild_type,flow,824,133,0.16140776699029127,0.554715297650784,0.22406407264060343,0.5743950343965357,24
clean54,peak_mean,onset_minus_baseline,8,8,16,strong_fixed_support,cook_struct,flow,1749,439,0.2510005717552887,0.4942982837468919,0.2489652121053562,0.4766641693053392,33
clean54,peak_mean,onset_minus_baseline,8,8,16,strong_fixed_support,cook_chem,flow,1749,405,0.23156089193825044,0.49277263374485597,0.2268759382696962,0.48040618344617686,33
clean54,peak_mean,onset_minus_baseline,8,8,16,strong_fixed_support,cook_gap,flow,1749,98,0.05603201829616924,0.5221201745386223,0.06749313202064838,0.4962327231733422,28
clean54,peak_mean,onset_minus_baseline,8,16,24,all_common,randi_wild_type,flow,1349,257,0.1905114899925871,0.5844628782371973,0.27481056912889296,0.5739682770468807,40
clean54,peak_mean,onset_minus_baseline,8,16,24,all_common,cook_struct,flow,2862,758,0.26484975541579314,0.511956745287278,0.28081437255890235,0.5027276878891601,54
clean54,peak_mean,onset_minus_baseline,8,16,24,all_common,cook_chem,flow,2862,699,0.24423480083857443,0.5044978725965433,0.2500571765367221,0.49972472649863575,54
clean54,peak_mean,onset_minus_baseline,8,16,24,all_common,cook_gap,flow,2862,169,0.05904961565338924,0.5271633448102356,0.07290005251402508,0.5158774994393966,45
clean54,peak_mean,onset_minus_baseline,8,16,24,strong_fixed_support,randi_wild_type,flow,824,133,0.16140776699029127,0.555357278870113,0.22025526027221767,0.5713763771834569,24
clean54,peak_mean,onset_minus_baseline,8,16,24,strong_fixed_support,cook_struct,flow,1749,439,0.2510005717552887,0.4929019805595645,0.246754548488094,0.47190928617823774,33
clean54,peak_mean,onset_minus_baseline,8,16,24,strong_fixed_support,cook_chem,flow,1749,405,0.23156089193825044,0.49260361552028226,0.2248406108525815,0.4782462275809547,33
clean54,peak_mean,onset_minus_baseline,8,16,24,strong_fixed_support,cook_gap,flow,1749,98,0.05603201829616924,0.52335010321512,0.06954524861147891,0.48609801541044767,28
clean54,peak_mean,onset_minus_baseline,8,32,40,all_common,randi_wild_type,flow,1349,257,0.1905114899925871,0.5737838685309502,0.2548821658870074,0.540959705979977,40
clean54,peak_mean,onset_minus_baseline,8,32,40,all_common,cook_struct,flow,2862,758,0.26484975541579314,0.5017368600579873,0.275207736972826,0.4901511253513636,54
clean54,peak_mean,onset_minus_baseline,8,32,40,all_common,cook_chem,flow,2862,699,0.24423480083857443,0.4958110027071234,0.24605816825879004,0.4877228250547176,54
clean54,peak_mean,onset_minus_baseline,8,32,40,all_common,cook_gap,flow,2862,169,0.05904961565338924,0.535163485433416,0.0720687790411865,0.5128896341841096,45
clean54,peak_mean,onset_minus_baseline,8,32,40,strong_fixed_support,randi_wild_type,flow,824,133,0.16140776699029127,0.5245095372294701,0.20057955232119024,0.5083267169590903,24
clean54,peak_mean,onset_minus_baseline,8,32,40,strong_fixed_support,cook_struct,flow,1749,439,0.2510005717552887,0.4841659566328748,0.24066176317103394,0.46653219334572,33
clean54,peak_mean,onset_minus_baseline,8,32,40,strong_fixed_support,cook_chem,flow,1749,405,0.23156089193825044,0.4799639917695473,0.21807042715243996,0.46793269225134126,33
clean54,peak_mean,onset_minus_baseline,8,32,40,strong_fixed_support,cook_gap,flow,1749,98,0.05603201829616924,0.54249125452725,0.07059605621372085,0.49053037017535556,28
clean54,peak_mean,onset_minus_baseline,16,1,17,all_common,randi_wild_type,flow,1349,257,0.1905114899925871,0.5595701315545674,0.21765782789766408,0.5548466876049126,40
clean54,peak_mean,onset_minus_baseline,16,1,17,all_common,cook_struct,flow,2862,758,0.26484975541579314,0.5226331049289203,0.29948491403685595,0.4917937196932596,54
clean54,peak_mean,onset_minus_baseline,16,1,17,all_common,cook_chem,flow,2862,699,0.24423480083857443,0.5155717467063773,0.26579769842456547,0.4922736612233606,54
clean54,peak_mean,onset_minus_baseline,16,1,17,all_common,cook_gap,flow,2862,169,0.05904961565338924,0.5271194000663565,0.08488459319117256,0.472042565773775,45
clean54,peak_mean,onset_minus_baseline,16,1,17,strong_fixed_support,randi_wild_type,flow,824,133,0.16140776699029127,0.5792520374742935,0.19224242768954,0.5714338930388884,24
clean54,peak_mean,onset_minus_baseline,16,1,17,strong_fixed_support,cook_struct,flow,1749,439,0.2510005717552887,0.5174807421447079,0.2764716889945871,0.49072567720989974,33
clean54,peak_mean,onset_minus_baseline,16,1,17,strong_fixed_support,cook_chem,flow,1749,405,0.23156089193825044,0.5149029982363316,0.2545132932692877,0.49578358744252166,33
clean54,peak_mean,onset_minus_baseline,16,1,17,strong_fixed_support,cook_gap,flow,1749,98,0.05603201829616924,0.501131039938689,0.06587382831925603,0.45585793678311975,28
clean54,peak_mean,onset_minus_baseline,16,2,18,all_common,randi_wild_type,flow,1349,257,0.1905114899925871,0.5699783355425379,0.22434295965094034,0.5667930665198949,40
clean54,peak_mean,onset_minus_baseline,16,2,18,all_common,cook_struct,flow,2862,758,0.26484975541579314,0.5260359711869338,0.29984042897925134,0.49462738923931265,54
clean54,peak_mean,onset_minus_baseline,16,2,18,all_common,cook_chem,flow,2862,699,0.24423480083857443,0.5194409555424597,0.2663144384845304,0.4955419239663114,54
clean54,peak_mean,onset_minus_baseline,16,2,18,all_common,cook_gap,flow,2862,169,0.05904961565338924,0.5288662036355486,0.0855309432826047,0.48205809313772535,45
clean54,peak_mean,onset_minus_baseline,16,2,18,strong_fixed_support,randi_wild_type,flow,824,133,0.16140776699029127,0.5858241841942048,0.19666992298533292,0.5827963202873397,24
clean54,peak_mean,onset_minus_baseline,16,2,18,strong_fixed_support,cook_struct,flow,1749,439,0.2510005717552887,0.5190074597019597,0.2748701404221676,0.4941678791779131,33
clean54,peak_mean,onset_minus_baseline,16,2,18,strong_fixed_support,cook_chem,flow,1749,405,0.23156089193825044,0.5174731775426219,0.253446289784381,0.4996553892700397,33
clean54,peak_mean,onset_minus_baseline,16,2,18,strong_fixed_support,cook_gap,flow,1749,98,0.05603201829616924,0.4974968788242129,0.06448346453748369,0.4631825797935544,28
clean54,peak_mean,onset_minus_baseline,16,4,20,all_common,randi_wild_type,flow,1349,257,0.1905114899925871,0.5784481407049501,0.23629521622368707,0.5705853517376769,40
clean54,peak_mean,onset_minus_baseline,16,4,20,all_common,cook_struct,flow,2862,758,0.26484975541579314,0.5300307493203046,0.30179576449434753,0.5018161360569683,54
clean54,peak_mean,onset_minus_baseline,16,4,20,all_common,cook_chem,flow,2862,699,0.24423480083857443,0.523441783619291,0.268399274671441,0.5028863594309373,54
clean54,peak_mean,onset_minus_baseline,16,4,20,all_common,cook_gap,flow,2862,169,0.05904961565338924,0.5293188344975028,0.0859629026945136,0.4837215404061759,45
clean54,peak_mean,onset_minus_baseline,16,4,20,strong_fixed_support,randi_wild_type,flow,824,133,0.16140776699029127,0.5884573952972155,0.20183572693839186,0.5850537816814512,24
clean54,peak_mean,onset_minus_baseline,16,4,20,strong_fixed_support,cook_struct,flow,1749,439,0.2510005717552887,0.5225982020205533,0.2734236122963486,0.5024345810124284,33
clean54,peak_mean,onset_minus_baseline,16,4,20,strong_fixed_support,cook_chem,flow,1749,405,0.23156089193825044,0.521006025867137,0.2522837229993402,0.5076213148175237,33
clean54,peak_mean,onset_minus_baseline,16,4,20,strong_fixed_support,cook_gap,flow,1749,98,0.05603201829616924,0.4892087664866067,0.06134932170126686,0.4587813348497471,28
clean54,peak_mean,onset_minus_baseline,16,8,24,all_common,randi_wild_type,flow,1349,257,0.1905114899925871,0.5807963113410584,0.24787163170166127,0.5524318672967763,40
clean54,peak_mean,onset_minus_baseline,16,8,24,all_common,cook_struct,flow,2862,758,0.26484975541579314,0.53192624677709,0.3020243269349362,0.5055452071073243,54
clean54,peak_mean,onset_minus_baseline,16,8,24,all_common,cook_chem,flow,2862,699,0.24423480083857443,0.5272382381011907,0.27012732829760455,0.5082549476802275,54
clean54,peak_mean,onset_minus_baseline,16,8,24,all_common,cook_gap,flow,2862,169,0.05904961565338924,0.5259988090974409,0.08742471630461232,0.48372175477518614,45
clean54,peak_mean,onset_minus_baseline,16,8,24,strong_fixed_support,randi_wild_type,flow,824,133,0.16140776699029127,0.5909926770616845,0.20864561842919954,0.5857302469038589,24
clean54,peak_mean,onset_minus_baseline,16,8,24,strong_fixed_support,cook_struct,flow,1749,439,0.2510005717552887,0.5218226712340677,0.2710012366946428,0.5047480315889877,33
clean54,peak_mean,onset_minus_baseline,16,8,24,strong_fixed_support,cook_chem,flow,1749,405,0.23156089193825044,0.5222920340975896,0.25098268457707196,0.5119534418859404,33
clean54,peak_mean,onset_minus_baseline,16,8,24,strong_fixed_support,cook_gap,flow,1749,98,0.05603201829616924,0.4774719094179162,0.05893069572202524,0.4523139750079765,28
clean54,peak_mean,onset_minus_baseline,16,16,32,all_common,randi_wild_type,flow,1349,257,0.1905114899925871,0.5726935191915737,0.23913140111894338,0.5534697903001555,40
clean54,peak_mean,onset_minus_baseline,16,16,32,all_common,cook_struct,flow,2862,758,0.26484975541579314,0.5329439088255064,0.3045829072106131,0.5066279890086968,54
clean54,peak_mean,onset_minus_baseline,16,16,32,all_common,cook_chem,flow,2862,699,0.24423480083857443,0.5312397275812418,0.2744423901888555,0.5130822466288636,54
clean54,peak_mean,onset_minus_baseline,16,16,32,all_common,cook_gap,flow,2862,169,0.05904961565338924,0.520510110586948,0.08916267019789959,0.47789513395792327,45
clean54,peak_mean,onset_minus_baseline,16,16,32,strong_fixed_support,randi_wild_type,flow,824,133,0.16140776699029127,0.5777069301328575,0.20015792038093977,0.5684743462887228,24
clean54,peak_mean,onset_minus_baseline,16,16,32,strong_fixed_support,cook_struct,flow,1749,439,0.2510005717552887,0.5178615521048879,0.2729401202051031,0.5031290598125522,33
clean54,peak_mean,onset_minus_baseline,16,16,32,strong_fixed_support,cook_chem,flow,1749,405,0.23156089193825044,0.5218915343915345,0.25432099984704304,0.5144176971293786,33
clean54,peak_mean,onset_minus_baseline,16,16,32,strong_fixed_support,cook_gap,flow,1749,98,0.05603201829616924,0.46326901445011687,0.058455355865304925,0.44739064321507904,28
clean54,peak_mean,onset_minus_baseline,16,32,48,all_common,randi_wild_type,flow,1349,257,0.1905114899925871,0.5591532332777469,0.22634624306301593,0.5510136450642223,40
clean54,peak_mean,onset_minus_baseline,16,32,48,all_common,cook_struct,flow,2862,758,0.26484975541579314,0.537024589423839,0.31142404174603433,0.5079394186986353,54
clean54,peak_mean,onset_minus_baseline,16,32,48,all_common,cook_chem,flow,2862,699,0.24423480083857443,0.5346684418729087,0.28319537625888724,0.5137466601673943,54
clean54,peak_mean,onset_minus_baseline,16,32,48,all_common,cook_gap,flow,2862,169,0.05904961565338924,0.535251374921174,0.09497616353549762,0.5013093301754445,45
clean54,peak_mean,onset_minus_baseline,16,32,48,strong_fixed_support,randi_wild_type,flow,824,133,0.16140776699029127,0.5485675113978868,0.18227469739169244,0.5540300271694248,24
clean54,peak_mean,onset_minus_baseline,16,32,48,strong_fixed_support,cook_struct,flow,1749,439,0.2510005717552887,0.5154010676589751,0.2779025318252126,0.4963580280872026,33
clean54,peak_mean,onset_minus_baseline,16,32,48,strong_fixed_support,cook_chem,flow,1749,405,0.23156089193825044,0.5165399029982363,0.25899090055996715,0.5039258901032669,33
clean54,peak_mean,onset_minus_baseline,16,32,48,strong_fixed_support,cook_gap,flow,1749,98,0.05603201829616924,0.4831271091113611,0.06347113856002368,0.48607736223311726,28
clean54,peak_mean,active_minus_baseline,1,1,2,all_common,randi_wild_type,flow,1349,257,0.1905114899925871,0.5524579182166731,0.22732625863233863,0.5462770812293997,40
clean54,peak_mean,active_minus_baseline,1,1,2,all_common,cook_struct,flow,2862,758,0.26484975541579314,0.5044800957091405,0.26606195840010827,0.49926319233145905,54
clean54,peak_mean,active_minus_baseline,1,1,2,all_common,cook_chem,flow,2862,699,0.24423480083857443,0.5064913419011506,0.2442467689814834,0.4976942639843333,54
clean54,peak_mean,active_minus_baseline,1,1,2,all_common,cook_gap,flow,2862,169,0.05904961565338924,0.4986234308979889,0.06434506403735975,0.5148655298937667,45
clean54,peak_mean,active_minus_baseline,1,1,2,strong_fixed_support,randi_wild_type,flow,824,133,0.16140776699029127,0.5926030706288151,0.23223642262878708,0.5836964202723741,24
clean54,peak_mean,active_minus_baseline,1,1,2,strong_fixed_support,cook_struct,flow,1749,439,0.2510005717552887,0.4983306960649637,0.2513356830347535,0.49112642980776433,33
clean54,peak_mean,active_minus_baseline,1,1,2,strong_fixed_support,cook_chem,flow,1749,405,0.23156089193825044,0.5025187389770723,0.23318875771520317,0.4899486292932896,33
clean54,peak_mean,active_minus_baseline,1,1,2,strong_fixed_support,cook_gap,flow,1749,98,0.05603201829616924,0.49988256962385197,0.06268605247823586,0.5102362356929511,28
clean54,peak_mean,active_minus_baseline,1,2,3,all_common,randi_wild_type,flow,1349,257,0.1905114899925871,0.5500776784823478,0.22676881090070597,0.5441107333854603,40
clean54,peak_mean,active_minus_baseline,1,2,3,all_common,cook_struct,flow,2862,758,0.26484975541579314,0.506947753744595,0.2668580575818925,0.5020698051756765,54
clean54,peak_mean,active_minus_baseline,1,2,3,all_common,cook_chem,flow,2862,699,0.24423480083857443,0.508375348972874,0.24480954267228688,0.4999306378871423,54
clean54,peak_mean,active_minus_baseline,1,2,3,all_common,cook_gap,flow,2862,169,0.05904961565338924,0.5013084547489985,0.06431309883004169,0.5119496966245317,45
clean54,peak_mean,active_minus_baseline,1,2,3,strong_fixed_support,randi_wild_type,flow,824,133,0.16140776699029127,0.5914279185663145,0.231577342925959,0.5857047347890951,24
clean54,peak_mean,active_minus_baseline,1,2,3,strong_fixed_support,cook_struct,flow,1749,439,0.2510005717552887,0.5027447877723488,0.2526706320153489,0.49623718571186926,33
clean54,peak_mean,active_minus_baseline,1,2,3,strong_fixed_support,cook_chem,flow,1749,405,0.23156089193825044,0.505828373015873,0.2340569496275235,0.4937535137626849,33
clean54,peak_mean,active_minus_baseline,1,2,3,strong_fixed_support,cook_gap,flow,1749,98,0.05603201829616924,0.5021570105934561,0.06247155454924293,0.5097191740783446,28
clean54,peak_mean,active_minus_baseline,1,4,5,all_common,randi_wild_type,flow,1349,257,0.1905114899925871,0.5524864240817549,0.2268255447388874,0.5448396641679192,40
clean54,peak_mean,active_minus_baseline,1,4,5,all_common,cook_struct,flow,2862,758,0.26484975541579314,0.5100973017847648,0.2671651631487187,0.5076601822496236,54
clean54,peak_mean,active_minus_baseline,1,4,5,all_common,cook_chem,flow,2862,699,0.24423480083857443,0.5102147113272576,0.2447982349647657,0.5052684133150481,54
clean54,peak_mean,active_minus_baseline,1,4,5,all_common,cook_gap,flow,2862,169,0.05904961565338924,0.5037407963227039,0.06373839906896889,0.5138732464643073,45
clean54,peak_mean,active_minus_baseline,1,4,5,strong_fixed_support,randi_wild_type,flow,824,133,0.16140776699029127,0.5943113935344875,0.2310283947943132,0.5867785414240069,24
clean54,peak_mean,active_minus_baseline,1,4,5,strong_fixed_support,cook_struct,flow,1749,439,0.2510005717552887,0.5088299222730355,0.2544810011078425,0.5056345982352493,33
clean54,peak_mean,active_minus_baseline,1,4,5,strong_fixed_support,cook_chem,flow,1749,405,0.23156089193825044,0.5106205908289242,0.23512158574422964,0.5028519005819968,33
clean54,peak_mean,active_minus_baseline,1,4,5,strong_fixed_support,cook_gap,flow,1749,98,0.05603201829616924,0.5032324256171276,0.06317883144172783,0.5164665510833301,28
clean54,peak_mean,active_minus_baseline,1,8,9,all_common,randi_wild_type,flow,1349,257,0.1905114899925871,0.5546956286255897,0.22511450033035227,0.5393955992286689,40
clean54,peak_mean,active_minus_baseline,1,8,9,all_common,cook_struct,flow,2862,758,0.26484975541579314,0.51524423889162,0.269099506765169,0.5114243792238907,54
clean54,peak_mean,active_minus_baseline,1,8,9,all_common,cook_chem,flow,2862,699,0.24423480083857443,0.5136748422718671,0.2457328002220367,0.5090063235170184,54
clean54,peak_mean,active_minus_baseline,1,8,9,all_common,cook_gap,flow,2862,169,0.05904961565338924,0.5095041494824408,0.06420147617392395,0.5067545143897229,45
clean54,peak_mean,active_minus_baseline,1,8,9,strong_fixed_support,randi_wild_type,flow,824,133,0.16140776699029127,0.5956388801236085,0.22745192730497474,0.573226138997352,24
clean54,peak_mean,active_minus_baseline,1,8,9,strong_fixed_support,cook_struct,flow,1749,439,0.2510005717552887,0.5159296805717366,0.2565151491187454,0.5133299451904836,33
clean54,peak_mean,active_minus_baseline,1,8,9,strong_fixed_support,cook_chem,flow,1749,405,0.23156089193825044,0.516086125808348,0.2358901607249535,0.5103033060501231,33
clean54,peak_mean,active_minus_baseline,1,8,9,strong_fixed_support,cook_gap,flow,1749,98,0.05603201829616924,0.506792420178247,0.0649314437833788,0.5198172198728009,28
clean54,peak_mean,active_minus_baseline,1,16,17,all_common,randi_wild_type,flow,1349,257,0.1905114899925871,0.5530529781502544,0.22513116257170684,0.5297566114941907,40
clean54,peak_mean,active_minus_baseline,1,16,17,all_common,cook_struct,flow,2862,758,0.26484975541579314,0.5204617163437905,0.27246110940584184,0.5164803596335389,54
clean54,peak_mean,active_minus_baseline,1,16,17,all_common,cook_chem,flow,2862,699,0.24423480083857443,0.5152648556123701,0.24652010811579964,0.5121356126402846,54
clean54,peak_mean,active_minus_baseline,1,16,17,all_common,cook_gap,flow,2862,169,0.05904961565338924,0.5184271297270812,0.0668572343886091,0.5096910252992163,45
clean54,peak_mean,active_minus_baseline,1,16,17,strong_fixed_support,randi_wild_type,flow,824,133,0.16140776699029127,0.5951274713556685,0.227982640314392,0.5589033462354029,24
clean54,peak_mean,active_minus_baseline,1,16,17,strong_fixed_support,cook_struct,flow,1749,439,0.2510005717552887,0.5281938479194561,0.2607973163187015,0.523947755297402,33
clean54,peak_mean,active_minus_baseline,1,16,17,strong_fixed_support,cook_chem,flow,1749,405,0.23156089193825044,0.5249228395061729,0.237906438544626,0.520209784180761,33
clean54,peak_mean,active_minus_baseline,1,16,17,strong_fixed_support,cook_gap,flow,1749,98,0.05603201829616924,0.5197839281078875,0.06551153020168389,0.522033609949966,28
clean54,peak_mean,active_minus_baseline,1,32,33,all_common,randi_wild_type,flow,1349,257,0.1905114899925871,0.553733555679081,0.2301831321024802,0.5132510579799487,40
clean54,peak_mean,active_minus_baseline,1,32,33,all_common,cook_struct,flow,2862,758,0.26484975541579314,0.5282612839471493,0.28686642568218207,0.5177303471309439,54
clean54,peak_mean,active_minus_baseline,1,32,33,all_common,cook_chem,flow,2862,699,0.24423480083857443,0.5192656836892013,0.25429729362193576,0.5070211244116588,54
clean54,peak_mean,active_minus_baseline,1,32,33,all_common,cook_gap,flow,2862,169,0.05904961565338924,0.5355260295704182,0.07699776729698798,0.5145464200123547,45
clean54,peak_mean,active_minus_baseline,1,32,33,strong_fixed_support,randi_wild_type,flow,824,133,0.16140776699029127,0.594072010706941,0.2316459459703853,0.5243064620117177,24
clean54,peak_mean,active_minus_baseline,1,32,33,strong_fixed_support,cook_struct,flow,1749,439,0.2510005717552887,0.531756768505799,0.2646693777315784,0.5203831894974676,33
clean54,peak_mean,active_minus_baseline,1,32,33,strong_fixed_support,cook_chem,flow,1749,405,0.23156089193825044,0.5267250881834216,0.2397754694029744,0.5116320029458058,33
clean54,peak_mean,active_minus_baseline,1,32,33,strong_fixed_support,cook_gap,flow,1749,98,0.05603201829616924,0.512008801097665,0.06551526045966374,0.49556991474015044,28
clean54,peak_mean,active_minus_baseline,4,1,5,all_common,randi_wild_type,flow,1349,257,0.1905114899925871,0.5309858753438521,0.20801297472975158,0.5369143177044501,40
clean54,peak_mean,active_minus_baseline,4,1,5,all_common,cook_struct,flow,2862,758,0.26484975541579314,0.48511473308787384,0.2689682371946034,0.4741579277802084,54
clean54,peak_mean,active_minus_baseline,4,1,5,all_common,cook_chem,flow,2862,699,0.24423480083857443,0.48570906062884894,0.24341014237542388,0.47640489297695915,54
clean54,peak_mean,active_minus_baseline,4,1,5,all_common,cook_gap,flow,2862,169,0.05904961565338924,0.4859717391352114,0.07525743658988487,0.4799642475975015,45
clean54,peak_mean,active_minus_baseline,4,1,5,strong_fixed_support,randi_wild_type,flow,824,133,0.16140776699029127,0.538970436220798,0.19116589043015456,0.5503939694916419,24
clean54,peak_mean,active_minus_baseline,4,1,5,strong_fixed_support,cook_struct,flow,1749,439,0.2510005717552887,0.47535516180076165,0.24933594098010803,0.4660834541600078,33
clean54,peak_mean,active_minus_baseline,4,1,5,strong_fixed_support,cook_chem,flow,1749,405,0.23156089193825044,0.480217519106408,0.23303030590310406,0.470386411324022,33
clean54,peak_mean,active_minus_baseline,4,1,5,strong_fixed_support,cook_gap,flow,1749,98,0.05603201829616924,0.4581700639068468,0.0588082915369903,0.46860631065983993,28
clean54,peak_mean,active_minus_baseline,4,2,6,all_common,randi_wild_type,flow,1349,257,0.1905114899925871,0.530871851883525,0.20764473373043874,0.5357859547126563,40
clean54,peak_mean,active_minus_baseline,4,2,6,all_common,cook_struct,flow,2862,758,0.26484975541579314,0.4831762843986075,0.2687147801711034,0.47286334531584545,54
clean54,peak_mean,active_minus_baseline,4,2,6,all_common,cook_chem,flow,2862,699,0.24423480083857443,0.48368020625198005,0.24300228756353337,0.47531385868217163,54
clean54,peak_mean,active_minus_baseline,4,2,6,all_common,cook_gap,flow,2862,169,0.05904961565338924,0.4863474666953772,0.0756464031082365,0.4757556627999986,45
clean54,peak_mean,active_minus_baseline,4,2,6,strong_fixed_support,randi_wild_type,flow,824,133,0.16140776699029127,0.5374035668041305,0.18749996371367822,0.5482392688174865,24
clean54,peak_mean,active_minus_baseline,4,2,6,strong_fixed_support,cook_struct,flow,1749,439,0.2510005717552887,0.47289119963831744,0.24792225354940622,0.46393942446926245,33
clean54,peak_mean,active_minus_baseline,4,2,6,strong_fixed_support,cook_chem,flow,1749,405,0.23156089193825044,0.47761794532627866,0.23151708511830651,0.46841483073582363,33
clean54,peak_mean,active_minus_baseline,4,2,6,strong_fixed_support,cook_gap,flow,1749,98,0.05603201829616924,0.45935672876055333,0.05890500236979755,0.46448159359522906,28
clean54,peak_mean,active_minus_baseline,4,4,8,all_common,randi_wild_type,flow,1349,257,0.1905114899925871,0.5304513903735694,0.20684458425609392,0.5355124529545481,40
clean54,peak_mean,active_minus_baseline,4,4,8,all_common,cook_struct,flow,2862,758,0.26484975541579314,0.48230283816728026,0.26881310714964385,0.47083382035856225,54
clean54,peak_mean,active_minus_baseline,4,4,8,all_common,cook_chem,flow,2862,699,0.24423480083857443,0.4822833226516713,0.24261743336805794,0.47180617958790805,54
clean54,peak_mean,active_minus_baseline,4,4,8,all_common,cook_gap,flow,2862,169,0.05904961565338924,0.4907199687113424,0.07706556586023822,0.4856878123915736,45
clean54,peak_mean,active_minus_baseline,4,4,8,strong_fixed_support,randi_wild_type,flow,824,133,0.16140776699029127,0.5349226902277401,0.18660309367960276,0.5476211308452585,24
clean54,peak_mean,active_minus_baseline,4,4,8,strong_fixed_support,cook_struct,flow,1749,439,0.2510005717552887,0.47273818011093927,0.24848247653204064,0.4626544292142705,33
clean54,peak_mean,active_minus_baseline,4,4,8,strong_fixed_support,cook_chem,flow,1749,405,0.23156089193825044,0.47695840681951795,0.2317345660347188,0.46554591216377134,33
clean54,peak_mean,active_minus_baseline,4,4,8,strong_fixed_support,cook_gap,flow,1749,98,0.05603201829616924,0.46620477385381776,0.05916077685926356,0.4807898099546066,28
clean54,peak_mean,active_minus_baseline,4,8,12,all_common,randi_wild_type,flow,1349,257,0.1905114899925871,0.528954832456778,0.20501149356161175,0.5337293928217599,40
clean54,peak_mean,active_minus_baseline,4,8,12,all_common,cook_struct,flow,2862,758,0.26484975541579314,0.4803609408389097,0.26850926915230366,0.46783083747397725,54
clean54,peak_mean,active_minus_baseline,4,8,12,all_common,cook_chem,flow,2862,699,0.24423480083857443,0.4796582132721138,0.24135672005307285,0.46788895418436605,54
clean54,peak_mean,active_minus_baseline,4,8,12,all_common,cook_gap,flow,2862,169,0.05904961565338924,0.49484198568719695,0.08015273100278147,0.477080534778505,45
clean54,peak_mean,active_minus_baseline,4,8,12,strong_fixed_support,randi_wild_type,flow,824,133,0.16140776699029127,0.5286225694482225,0.1850237008469665,0.5429607609415601,24
clean54,peak_mean,active_minus_baseline,4,8,12,strong_fixed_support,cook_struct,flow,1749,439,0.2510005717552887,0.47105670416804324,0.24970597306649836,0.46096495162441503,33
clean54,peak_mean,active_minus_baseline,4,8,12,strong_fixed_support,cook_chem,flow,1749,405,0.23156089193825044,0.47409428277483834,0.2322129959584945,0.46319736981631526,33
clean54,peak_mean,active_minus_baseline,4,8,12,strong_fixed_support,cook_gap,flow,1749,98,0.05603201829616924,0.47670552169989744,0.06272161287736008,0.4756693613073758,28
clean54,peak_mean,active_minus_baseline,4,16,20,all_common,randi_wild_type,flow,1349,257,0.1905114899925871,0.5233961887658386,0.20467297525042558,0.5185051897718995,40
clean54,peak_mean,active_minus_baseline,4,16,20,all_common,cook_struct,flow,2862,758,0.26484975541579314,0.48119801960331876,0.27176073757231656,0.46927442288880095,54
clean54,peak_mean,active_minus_baseline,4,16,20,all_common,cook_chem,flow,2862,699,0.24423480083857443,0.4811212371944069,0.24376437707886012,0.4710527160976726,54
clean54,peak_mean,active_minus_baseline,4,16,20,all_common,cook_gap,flow,2862,169,0.05904961565338924,0.49624602025413245,0.08748933581875296,0.46708949583893866,45
clean54,peak_mean,active_minus_baseline,4,16,20,strong_fixed_support,randi_wild_type,flow,824,133,0.16140776699029127,0.5136829048018018,0.18374207996227626,0.5164082419793418,24
clean54,peak_mean,active_minus_baseline,4,16,20,strong_fixed_support,cook_struct,flow,1749,439,0.2510005717552887,0.4730059642838512,0.2514302850957275,0.46573404439196964,33
clean54,peak_mean,active_minus_baseline,4,16,20,strong_fixed_support,cook_chem,flow,1749,405,0.23156089193825044,0.4752039241622575,0.23235678172035107,0.4694027969905961,33
clean54,peak_mean,active_minus_baseline,4,16,20,strong_fixed_support,cook_gap,flow,1749,98,0.05603201829616924,0.4922001508053252,0.06943587012062954,0.481196361051627,28
clean54,peak_mean,active_minus_baseline,4,32,36,all_common,randi_wild_type,flow,1349,257,0.1905114899925871,0.520734453613831,0.20185061016747813,0.507631995441027,40
clean54,peak_mean,active_minus_baseline,4,32,36,all_common,cook_struct,flow,2862,758,0.26484975541579314,0.4982562426638041,0.2761089260602866,0.4811440399589673,54
clean54,peak_mean,active_minus_baseline,4,32,36,all_common,cook_chem,flow,2862,699,0.24423480083857443,0.49846719803801354,0.24889469823309446,0.4842450959456914,54
clean54,peak_mean,active_minus_baseline,4,32,36,all_common,cook_gap,flow,2862,169,0.05904961565338924,0.5131120129549105,0.0854802343070456,0.48011649541867907,45
clean54,peak_mean,active_minus_baseline,4,32,36,strong_fixed_support,randi_wild_type,flow,824,133,0.16140776699029127,0.5135305702751815,0.18628543814884657,0.5167251377259195,24
clean54,peak_mean,active_minus_baseline,4,32,36,strong_fixed_support,cook_struct,flow,1749,439,0.2510005717552887,0.4862038985202316,0.2533841110866344,0.47773343333672635,33
clean54,peak_mean,active_minus_baseline,4,32,36,strong_fixed_support,cook_chem,flow,1749,405,0.23156089193825044,0.48759185773074665,0.23194556542512962,0.48309727768039096,33
clean54,peak_mean,active_minus_baseline,4,32,36,strong_fixed_support,cook_gap,flow,1749,98,0.05603201829616924,0.5071941556755954,0.07302400428349842,0.4828386251562736,28
clean54,peak_mean,active_minus_baseline,8,1,9,all_common,randi_wild_type,flow,1349,257,0.1905114899925871,0.5104901583500805,0.20277136212671357,0.507670823703702,40
clean54,peak_mean,active_minus_baseline,8,1,9,all_common,cook_struct,flow,2862,758,0.26484975541579314,0.5176357133541338,0.2786225518031745,0.49808703736141485,54
clean54,peak_mean,active_minus_baseline,8,1,9,all_common,cook_chem,flow,2862,699,0.24423480083857443,0.51539184503058,0.25357984851340704,0.49936785734929434,54
clean54,peak_mean,active_minus_baseline,8,1,9,all_common,cook_gap,flow,2862,169,0.05904961565338924,0.49960779316087955,0.06313299362726466,0.499853050412132,45
clean54,peak_mean,active_minus_baseline,8,1,9,strong_fixed_support,randi_wild_type,flow,824,133,0.16140776699029127,0.4901581014765568,0.16825762987166543,0.5032579213131555,24
clean54,peak_mean,active_minus_baseline,8,1,9,strong_fixed_support,cook_struct,flow,1749,439,0.2510005717552887,0.5095689370359422,0.26107289499360964,0.49713780323033774,33
clean54,peak_mean,active_minus_baseline,8,1,9,strong_fixed_support,cook_chem,flow,1749,405,0.23156089193825044,0.5114491475602587,0.2428504374063148,0.5005103124465771,33
clean54,peak_mean,active_minus_baseline,8,1,9,strong_fixed_support,cook_gap,flow,1749,98,0.05603201829616924,0.5184056663246763,0.06442346509862784,0.5208986269754182,28
clean54,peak_mean,active_minus_baseline,8,2,10,all_common,randi_wild_type,flow,1349,257,0.1905114899925871,0.5136186770428015,0.2039333807547008,0.5110231728874727,40
clean54,peak_mean,active_minus_baseline,8,2,10,all_common,cook_struct,flow,2862,758,0.26484975541579314,0.5172181145098669,0.27809563249964986,0.49797342018662644,54
clean54,peak_mean,active_minus_baseline,8,2,10,all_common,cook_chem,flow,2862,699,0.24423480083857443,0.5149520118893842,0.25359683307432024,0.49931347039947827,54
clean54,peak_mean,active_minus_baseline,8,2,10,all_common,cook_gap,flow,2862,169,0.05904961565338924,0.5014886281989027,0.062246421962357204,0.5019672670696024,45
clean54,peak_mean,active_minus_baseline,8,2,10,strong_fixed_support,randi_wild_type,flow,824,133,0.16140776699029127,0.49229078484924327,0.17243456319658723,0.5072168391924139,24
clean54,peak_mean,active_minus_baseline,8,2,10,strong_fixed_support,cook_struct,flow,1749,439,0.2510005717552887,0.5078005181797631,0.25878898973812575,0.4950147913793693,33
clean54,peak_mean,active_minus_baseline,8,2,10,strong_fixed_support,cook_chem,flow,1749,405,0.23156089193825044,0.509183935920047,0.24058440120627578,0.49807371916760057,33
clean54,peak_mean,active_minus_baseline,8,2,10,strong_fixed_support,cook_gap,flow,1749,98,0.05603201829616924,0.5208717042237853,0.0645021798870962,0.5245807940571029,28
clean54,peak_mean,active_minus_baseline,8,4,12,all_common,randi_wild_type,flow,1349,257,0.1905114899925871,0.5150617864625646,0.2043803389647811,0.5157653623143638,40
clean54,peak_mean,active_minus_baseline,8,4,12,all_common,cook_struct,flow,2862,758,0.26484975541579314,0.5164268085917514,0.2773068470121647,0.49722003134606857,54
clean54,peak_mean,active_minus_baseline,8,4,12,all_common,cook_chem,flow,2862,699,0.24423480083857443,0.5146193260698031,0.2532583108055919,0.4987483096763114,54
clean54,peak_mean,active_minus_baseline,8,4,12,all_common,cook_gap,flow,2862,169,0.05904961565338924,0.5032134593961552,0.06224103356311819,0.5033442742330524,45
clean54,peak_mean,active_minus_baseline,8,4,12,strong_fixed_support,randi_wild_type,flow,824,133,0.16140776699029127,0.49266074012817856,0.17239203313775775,0.5175014342208049,24
clean54,peak_mean,active_minus_baseline,8,4,12,strong_fixed_support,cook_struct,flow,1749,439,0.2510005717552887,0.5048670642855901,0.25679532097451985,0.49166029183298104,33
clean54,peak_mean,active_minus_baseline,8,4,12,strong_fixed_support,cook_chem,flow,1749,405,0.23156089193825044,0.5064171810699589,0.2390082703161746,0.49504961482861554,33
clean54,peak_mean,active_minus_baseline,8,4,12,strong_fixed_support,cook_gap,flow,1749,98,0.05603201829616924,0.521193092621664,0.06576336286544329,0.5217715153767926,28
clean54,peak_mean,active_minus_baseline,8,8,16,all_common,randi_wild_type,flow,1349,257,0.1905114899925871,0.5080671598181326,0.2031272938141854,0.5059725574588041,40
clean54,peak_mean,active_minus_baseline,8,8,16,all_common,cook_struct,flow,2862,758,0.26484975541579314,0.5141199825436159,0.27624176079206986,0.495749979610953,54
clean54,peak_mean,active_minus_baseline,8,8,16,all_common,cook_chem,flow,2862,699,0.24423480083857443,0.5125068041856242,0.25318809533810993,0.4964080482094618,54
clean54,peak_mean,active_minus_baseline,8,8,16,all_common,cook_gap,flow,2862,169,0.05904961565338924,0.5084428839177618,0.061586263728017634,0.5162169649666393,45
clean54,peak_mean,active_minus_baseline,8,8,16,strong_fixed_support,randi_wild_type,flow,824,133,0.16140776699029127,0.4851963483237761,0.1716155470608316,0.5057033440113411,24
clean54,peak_mean,active_minus_baseline,8,8,16,strong_fixed_support,cook_struct,flow,1749,439,0.2510005717552887,0.5011024361404303,0.25392810078792094,0.4895088177402999,33
clean54,peak_mean,active_minus_baseline,8,8,16,strong_fixed_support,cook_chem,flow,1749,405,0.23156089193825044,0.5028016607877719,0.2369173584732257,0.49180900804877914,33
clean54,peak_mean,active_minus_baseline,8,8,16,strong_fixed_support,cook_gap,flow,1749,98,0.05603201829616924,0.5228062151571713,0.06982800108278447,0.5302207165978825,28
clean54,peak_mean,active_minus_baseline,8,16,24,all_common,randi_wild_type,flow,1349,257,0.1905114899925871,0.5106398141417596,0.2027381113790266,0.5055195740926088,40
clean54,peak_mean,active_minus_baseline,8,16,24,all_common,cook_struct,flow,2862,758,0.26484975541579314,0.5125448950108852,0.27537388290084647,0.49469412766657195,54
clean54,peak_mean,active_minus_baseline,8,16,24,all_common,cook_chem,flow,2862,699,0.24423480083857443,0.5099981017727591,0.2521088197819825,0.49383229729195377,54
clean54,peak_mean,active_minus_baseline,8,16,24,all_common,cook_gap,flow,2862,169,0.05904961565338924,0.5164276438805846,0.062339190243439056,0.5250331225285518,45
clean54,peak_mean,active_minus_baseline,8,16,24,strong_fixed_support,randi_wild_type,flow,824,133,0.16140776699029127,0.49229078484924316,0.16648504147792306,0.5069824830046746,24
clean54,peak_mean,active_minus_baseline,8,16,24,strong_fixed_support,cook_struct,flow,1749,439,0.2510005717552887,0.4988453981115999,0.2505514235880132,0.4878910554878826,33
clean54,peak_mean,active_minus_baseline,8,16,24,strong_fixed_support,cook_chem,flow,1749,405,0.23156089193825044,0.5018610376249265,0.23365477794785378,0.4911763691615559,33
clean54,peak_mean,active_minus_baseline,8,16,24,strong_fixed_support,cook_gap,flow,1749,98,0.05603201829616924,0.5178246949900494,0.0686340515788057,0.5241690763710656,28
clean54,peak_mean,active_minus_baseline,8,32,40,all_common,randi_wild_type,flow,1349,257,0.1905114899925871,0.5143028178047634,0.20189505790295528,0.4939753770407915,40
clean54,peak_mean,active_minus_baseline,8,32,40,all_common,cook_struct,flow,2862,758,0.26484975541579314,0.5107095919821023,0.27687906584574695,0.4929910771450898,54
clean54,peak_mean,active_minus_baseline,8,32,40,all_common,cook_chem,flow,2862,699,0.24423480083857443,0.5093287617142778,0.2524972945455326,0.4948821755688592,54
clean54,peak_mean,active_minus_baseline,8,32,40,all_common,cook_gap,flow,2862,169,0.05904961565338924,0.5266206272233294,0.0684636619684269,0.49631942579241717,45
clean54,peak_mean,active_minus_baseline,8,32,40,strong_fixed_support,randi_wild_type,flow,824,133,0.16140776699029127,0.4697670369846469,0.15623838082456554,0.4673672499095318,24
clean54,peak_mean,active_minus_baseline,8,32,40,strong_fixed_support,cook_struct,flow,1749,439,0.2510005717552887,0.49522509520249003,0.24377618822793928,0.48754005772012754,33
clean54,peak_mean,active_minus_baseline,8,32,40,strong_fixed_support,cook_chem,flow,1749,405,0.23156089193825044,0.4974041005291005,0.22601529641177398,0.49293133553356056,33
clean54,peak_mean,active_minus_baseline,8,32,40,strong_fixed_support,cook_gap,flow,1749,98,0.05603201829616924,0.5173796956699094,0.059083030520784806,0.4871574451154211,28
clean54,peak_mean,active_minus_baseline,16,1,17,all_common,randi_wild_type,flow,1349,257,0.1905114899925871,0.5505052664585739,0.23732537228112383,0.5319403990345805,40
clean54,peak_mean,active_minus_baseline,16,1,17,all_common,cook_struct,flow,2862,758,0.26484975541579314,0.5109785858322382,0.2793104163612484,0.5010197734664079,54
clean54,peak_mean,active_minus_baseline,16,1,17,all_common,cook_chem,flow,2862,699,0.24423480083857443,0.5148858715674,0.2594150130650022,0.5106190161739467,54
clean54,peak_mean,active_minus_baseline,16,1,17,all_common,cook_gap,flow,2862,169,0.05904961565338924,0.4801512578084317,0.059465447787760604,0.45813155268468475,45
clean54,peak_mean,active_minus_baseline,16,1,17,strong_fixed_support,randi_wild_type,flow,824,133,0.16140776699029127,0.5033459190668421,0.17085505080039404,0.5131833962871107,24
clean54,peak_mean,active_minus_baseline,16,1,17,strong_fixed_support,cook_struct,flow,1749,439,0.2510005717552887,0.5134292023857135,0.265276697568978,0.4944534075164808,33
clean54,peak_mean,active_minus_baseline,16,1,17,strong_fixed_support,cook_chem,flow,1749,405,0.23156089193825044,0.5202160493827162,0.2456762074005742,0.5052911026769378,33
clean54,peak_mean,active_minus_baseline,16,1,17,strong_fixed_support,cook_gap,flow,1749,98,0.05603201829616924,0.46958553257765856,0.05409272464728731,0.4565653891402855,28
clean54,peak_mean,active_minus_baseline,16,2,18,all_common,randi_wild_type,flow,1349,257,0.1905114899925871,0.5512749248157809,0.23735077829903511,0.5323683540963634,40
clean54,peak_mean,active_minus_baseline,16,2,18,all_common,cook_struct,flow,2862,758,0.26484975541579314,0.5124116521364006,0.2791500337267855,0.5013683291870139,54
clean54,peak_mean,active_minus_baseline,16,2,18,all_common,cook_chem,flow,2862,699,0.24423480083857443,0.5162367876439296,0.25934246834973945,0.5112536177079213,54
clean54,peak_mean,active_minus_baseline,16,2,18,all_common,cook_gap,flow,2862,169,0.05904961565338924,0.4808961212171815,0.05941055771806858,0.4583860389025862,45
clean54,peak_mean,active_minus_baseline,16,2,18,strong_fixed_support,randi_wild_type,flow,824,133,0.16140776699029127,0.5076439289250623,0.17187266637358928,0.5164137362453919,24
clean54,peak_mean,active_minus_baseline,16,2,18,strong_fixed_support,cook_struct,flow,1749,439,0.2510005717552887,0.5153715070684588,0.2653871255899996,0.4948796742667947,33
clean54,peak_mean,active_minus_baseline,16,2,18,strong_fixed_support,cook_chem,flow,1749,405,0.23156089193825044,0.5220164609053498,0.24588503674013706,0.506228247214404,33
clean54,peak_mean,active_minus_baseline,16,2,18,strong_fixed_support,cook_gap,flow,1749,98,0.05603201829616924,0.46987601824497216,0.053886805280305136,0.4557042794982123,28
clean54,peak_mean,active_minus_baseline,16,4,20,all_common,randi_wild_type,flow,1349,257,0.1905114899925871,0.5488020410199399,0.23529472739185123,0.5325558676262523,40
clean54,peak_mean,active_minus_baseline,16,4,20,all_common,cook_struct,flow,2862,758,0.26484975541579314,0.5139707505241932,0.2790071308031194,0.5011185648410524,54
clean54,peak_mean,active_minus_baseline,16,4,20,all_common,cook_chem,flow,2862,699,0.24423480083857443,0.5179931438942231,0.25928002451219606,0.5104633339164463,54
clean54,peak_mean,active_minus_baseline,16,4,20,all_common,cook_gap,flow,2862,169,0.05904961565338924,0.48057752182405844,0.059636178661722244,0.4581731006372106,45
clean54,peak_mean,active_minus_baseline,16,4,20,strong_fixed_support,randi_wild_type,flow,824,133,0.16140776699029127,0.5104294745546936,0.1727587716146164,0.5226194880528016,24
clean54,peak_mean,active_minus_baseline,16,4,20,strong_fixed_support,cook_struct,flow,1749,439,0.2510005717552887,0.5158879479733606,0.26520122769198257,0.4940042093559874,33
clean54,peak_mean,active_minus_baseline,16,4,20,strong_fixed_support,cook_chem,flow,1749,405,0.23156089193825044,0.5226135361552028,0.24580523404170113,0.5047418006413519,33
clean54,peak_mean,active_minus_baseline,16,4,20,strong_fixed_support,cook_gap,flow,1749,98,0.05603201829616924,0.46839268717783905,0.05371102897431164,0.4550242899789418,28
clean54,peak_mean,active_minus_baseline,16,8,24,all_common,randi_wild_type,flow,1349,257,0.1905114899925871,0.5450998417924489,0.23365604193914458,0.5311059688170122,40
clean54,peak_mean,active_minus_baseline,16,8,24,all_common,cook_struct,flow,2862,758,0.26484975541579314,0.514516889553257,0.2786555039981873,0.5002003670692253,54
clean54,peak_mean,active_minus_baseline,16,8,24,all_common,cook_chem,flow,2862,699,0.24423480083857443,0.517925680765799,0.25868433164867566,0.5087893887454504,54
clean54,peak_mean,active_minus_baseline,16,8,24,all_common,cook_gap,flow,2862,169,0.05904961565338924,0.48378109365284094,0.06037232382048091,0.4599236829695288,45
clean54,peak_mean,active_minus_baseline,16,8,24,strong_fixed_support,randi_wild_type,flow,824,133,0.16140776699029127,0.5111149799244856,0.1732715046682265,0.5284279267278968,24
clean54,peak_mean,active_minus_baseline,16,8,24,strong_fixed_support,cook_struct,flow,1749,439,0.2510005717552887,0.5165487141143126,0.26457080889427864,0.49301881029742844,33
clean54,peak_mean,active_minus_baseline,16,8,24,strong_fixed_support,cook_chem,flow,1749,405,0.23156089193825044,0.5219374632569077,0.2450533259936464,0.5031794713715291,33
clean54,peak_mean,active_minus_baseline,16,8,24,strong_fixed_support,cook_gap,flow,1749,98,0.05603201829616924,0.4740973312401884,0.05404854767022234,0.4560285681777316,28
clean54,peak_mean,active_minus_baseline,16,16,32,all_common,randi_wild_type,flow,1349,257,0.1905114899925871,0.5424808654380638,0.22988436389127276,0.5284894537319973,40
clean54,peak_mean,active_minus_baseline,16,16,32,all_common,cook_struct,flow,2862,758,0.26484975541579314,0.5157590266560992,0.27906764431869513,0.5006763839558923,54
clean54,peak_mean,active_minus_baseline,16,16,32,all_common,cook_chem,flow,2862,699,0.24423480083857443,0.5179580895235715,0.2585372003057784,0.5071460365770454,54
clean54,peak_mean,active_minus_baseline,16,16,32,all_common,cook_gap,flow,2862,169,0.05904961565338924,0.4919064767960767,0.06341975442984193,0.4704252687906776,45
clean54,peak_mean,active_minus_baseline,16,16,32,strong_fixed_support,randi_wild_type,flow,824,133,0.16140776699029127,0.5159352795882615,0.1761092312855172,0.5317117875434875,24
clean54,peak_mean,active_minus_baseline,16,16,32,strong_fixed_support,cook_struct,flow,1749,439,0.2510005717552887,0.5164043888782626,0.2616840132545805,0.491967389792146,33
clean54,peak_mean,active_minus_baseline,16,16,32,strong_fixed_support,cook_chem,flow,1749,405,0.23156089193825044,0.5182355967078189,0.24151587690264226,0.49809254491017874,33
clean54,peak_mean,active_minus_baseline,16,16,32,strong_fixed_support,cook_gap,flow,1749,98,0.05603201829616924,0.4845733569018159,0.054606994775586906,0.4710597571820009,28
clean54,peak_mean,active_minus_baseline,16,32,48,all_common,randi_wild_type,flow,1349,257,0.1905114899925871,0.5281317256025426,0.2172160327165496,0.5140335072828759,40
clean54,peak_mean,active_minus_baseline,16,32,48,all_common,cook_struct,flow,2862,758,0.26484975541579314,0.5242006681581508,0.28394587728483545,0.509357800932245,54
clean54,peak_mean,active_minus_baseline,16,32,48,all_common,cook_chem,flow,2862,699,0.24423480083857443,0.5230429574777256,0.2625651735794051,0.5116979123603401,54
clean54,peak_mean,active_minus_baseline,16,32,48,all_common,cook_gap,flow,2862,169,0.05904961565338924,0.5141403199616802,0.07123878607586867,0.501963251000314,45
clean54,peak_mean,active_minus_baseline,16,32,48,strong_fixed_support,randi_wild_type,flow,824,133,0.16140776699029127,0.5098636605986747,0.1719573308427011,0.5288090854246369,24
clean54,peak_mean,active_minus_baseline,16,32,48,strong_fixed_support,cook_struct,flow,1749,439,0.2510005717552887,0.517567685057991,0.25872738750461377,0.5055711340135156,33
clean54,peak_mean,active_minus_baseline,16,32,48,strong_fixed_support,cook_chem,flow,1749,405,0.23156089193825044,0.517067166372722,0.2378166769206232,0.5067754962041309,33
clean54,peak_mean,active_minus_baseline,16,32,48,strong_fixed_support,cook_gap,flow,1749,98,0.05603201829616924,0.4894127245083376,0.05540708444507052,0.5085451785720629,28
clean54,event_probability,state_average,1,1,2,all_common,randi_wild_type,flow,1349,257,0.1905114899925871,0.6652199940137683,0.35251203776962126,0.6579804385792295,40
clean54,event_probability,state_average,1,1,2,all_common,cook_struct,flow,2862,758,0.26484975541579314,0.5828488517912859,0.3496590885261309,0.5762958876542997,54
clean54,event_probability,state_average,1,1,2,all_common,cook_chem,flow,2862,699,0.24423480083857443,0.5761906746114421,0.31957429467938747,0.5707301197170763,54
clean54,event_probability,state_average,1,1,2,all_common,cook_gap,flow,2862,169,0.05904961565338924,0.6317276656332328,0.11179774969590817,0.6520758836413694,45
clean54,event_probability,state_average,1,1,2,strong_fixed_support,randi_wild_type,flow,824,133,0.16140776699029127,0.6556804456873008,0.3131249009699067,0.6333694903749016,24
clean54,event_probability,state_average,1,1,2,strong_fixed_support,cook_struct,flow,1749,439,0.2510005717552887,0.5904397572553861,0.34652490164466565,0.5799822500945949,33
clean54,event_probability,state_average,1,1,2,strong_fixed_support,cook_chem,flow,1749,405,0.23156089193825044,0.591820987654321,0.32449422024500707,0.5805891340110646,33
clean54,event_probability,state_average,1,1,2,strong_fixed_support,cook_gap,flow,1749,98,0.05603201829616924,0.6116453849862173,0.11877243860172215,0.6359018964069019,28
clean54,event_probability,state_average,1,2,3,all_common,randi_wild_type,flow,1349,257,0.1905114899925871,0.6642650475335301,0.35193277512329857,0.6563897110811368,40
clean54,event_probability,state_average,1,2,3,all_common,cook_struct,flow,2862,758,0.26484975541579314,0.5911864070949165,0.3579687054587226,0.5812922148639299,54
clean54,event_probability,state_average,1,2,3,all_common,cook_chem,flow,2862,699,0.24423480083857443,0.5852499145136338,0.3281714562593762,0.5759645526509874,54
clean54,event_probability,state_average,1,2,3,all_common,cook_gap,flow,2862,169,0.05904961565338924,0.6402749183177072,0.11216654474466396,0.6577167474415774,45
clean54,event_probability,state_average,1,2,3,strong_fixed_support,randi_wild_type,flow,824,133,0.16140776699029127,0.6543094349477165,0.30813241106256745,0.6374746246467052,24
clean54,event_probability,state_average,1,2,3,strong_fixed_support,cook_struct,flow,1749,439,0.2510005717552887,0.5926602792606375,0.348285620826654,0.5813848598536601,33
clean54,event_probability,state_average,1,2,3,strong_fixed_support,cook_chem,flow,1749,405,0.23156089193825044,0.5945399764844209,0.32655677359563007,0.5824731453545775,33
clean54,event_probability,state_average,1,2,3,strong_fixed_support,cook_gap,flow,1749,98,0.05603201829616924,0.6231226591181597,0.11817385701350593,0.6424757212097366,28
clean54,event_probability,state_average,1,4,5,all_common,randi_wild_type,flow,1349,257,0.1905114899925871,0.6579153660865723,0.3412949837794968,0.6502890673663406,40
clean54,event_probability,state_average,1,4,5,all_common,cook_struct,flow,2862,758,0.26484975541579314,0.5952351094033729,0.3602403353583311,0.5856054070126391,54
clean54,event_probability,state_average,1,4,5,all_common,cook_chem,flow,2862,699,0.24423480083857443,0.5886614323215849,0.3298535481255009,0.5789857737988535,54
clean54,event_probability,state_average,1,4,5,all_common,cook_gap,flow,2862,169,0.05904961565338924,0.6495670344109317,0.11423484841145641,0.6616136879437599,45
clean54,event_probability,state_average,1,4,5,strong_fixed_support,randi_wild_type,flow,824,133,0.16140776699029127,0.6485207229361393,0.3017094121421643,0.6334684261509813,24
clean54,event_probability,state_average,1,4,5,strong_fixed_support,cook_struct,flow,1749,439,0.2510005717552887,0.6012571945260741,0.353167760446397,0.5931091473205516,33
clean54,event_probability,state_average,1,4,5,strong_fixed_support,cook_chem,flow,1749,405,0.23156089193825044,0.6037643298059965,0.33162365290982365,0.5938995775389055,33
clean54,event_probability,state_average,1,4,5,strong_fixed_support,cook_gap,flow,1749,98,0.05603201829616924,0.6282277902075428,0.11800083417894627,0.6381893308204001,28
clean54,event_probability,state_average,1,8,9,all_common,randi_wild_type,flow,1349,257,0.1905114899925871,0.6437301349752711,0.3178650642022506,0.6295167448433387,40
clean54,event_probability,state_average,1,8,9,all_common,cook_struct,flow,2862,758,0.26484975541579314,0.6052863248291983,0.3652165655190862,0.5899991453086226,54
clean54,event_probability,state_average,1,8,9,all_common,cook_chem,flow,2862,699,0.24423480083857443,0.5963899289454521,0.3330989730397764,0.5810898631463256,54
clean54,event_probability,state_average,1,8,9,all_common,cook_gap,flow,2862,169,0.05904961565338924,0.6682523395083022,0.11880010292213326,0.6626089548424468,45
clean54,event_probability,state_average,1,8,9,strong_fixed_support,randi_wild_type,flow,824,133,0.16140776699029127,0.6231352621786014,0.2799448402331116,0.6002441675528877,24
clean54,event_probability,state_average,1,8,9,strong_fixed_support,cook_struct,flow,1749,439,0.2510005717552887,0.6067867638108817,0.35524088826101075,0.5982942444577324,33
clean54,event_probability,state_average,1,8,9,strong_fixed_support,cook_chem,flow,1749,405,0.23156089193825044,0.6052560993533216,0.33294160233594505,0.5965328949910523,33
clean54,event_probability,state_average,1,8,9,strong_fixed_support,cook_gap,flow,1749,98,0.05603201829616924,0.6484567176355703,0.1220365852504648,0.6431802744875871,28
clean54,event_probability,state_average,1,16,17,all_common,randi_wild_type,flow,1349,257,0.1905114899925871,0.6239684440073545,0.2874361808374876,0.6267627263716151,40
clean54,event_probability,state_average,1,16,17,all_common,cook_struct,flow,2862,758,0.26484975541579314,0.6071266440603148,0.3657308609469825,0.5872405493992079,54
clean54,event_probability,state_average,1,16,17,all_common,cook_chem,flow,2862,699,0.24423480083857443,0.5992590961131317,0.3343470833175386,0.5800322794665931,54
clean54,event_probability,state_average,1,16,17,all_common,cook_gap,flow,2862,169,0.05904961565338924,0.6635041099321712,0.11946498783868888,0.6587549389775609,45
clean54,event_probability,state_average,1,16,17,strong_fixed_support,randi_wild_type,flow,824,133,0.16140776699029127,0.6245062729181854,0.2565639232089547,0.6220669447731834,24
clean54,event_probability,state_average,1,16,17,strong_fixed_support,cook_struct,flow,1749,439,0.2510005717552887,0.6055817350327775,0.3517401251490633,0.5957842426069033,33
clean54,event_probability,state_average,1,16,17,strong_fixed_support,cook_chem,flow,1749,405,0.23156089193825044,0.6035108024691358,0.329161568642461,0.5941603815619161,33
clean54,event_probability,state_average,1,16,17,strong_fixed_support,cook_gap,flow,1749,98,0.05603201829616924,0.6495321326592417,0.12087268033236595,0.6539540629996049,28
clean54,event_probability,state_average,1,32,33,all_common,randi_wild_type,flow,1349,257,0.1905114899925871,0.6021151351890652,0.2568141902015738,0.5875989954164677,40
clean54,event_probability,state_average,1,32,33,all_common,cook_struct,flow,2862,758,0.26484975541579314,0.604044187726356,0.36825561298998233,0.5767833975070705,54
clean54,event_probability,state_average,1,32,33,all_common,cook_chem,flow,2862,699,0.24423480083857443,0.5995970731584715,0.3390324690050118,0.5749373507902076,54
clean54,event_probability,state_average,1,32,33,all_common,cook_gap,flow,2862,169,0.05904961565338924,0.6422524317922644,0.11742529417228163,0.6338045163571193,45
clean54,event_probability,state_average,1,32,33,strong_fixed_support,randi_wild_type,flow,824,133,0.16140776699029127,0.6264104545009411,0.24223727862563552,0.5955024228614123,24
clean54,event_probability,state_average,1,32,33,strong_fixed_support,cook_struct,flow,1749,439,0.2510005717552887,0.6055052252690883,0.3458772642807438,0.5901396776385357,33
clean54,event_probability,state_average,1,32,33,strong_fixed_support,cook_chem,flow,1749,405,0.23156089193825044,0.6040582745443857,0.3218166180349075,0.5926994859779394,33
clean54,event_probability,state_average,1,32,33,strong_fixed_support,cook_gap,flow,1749,98,0.05603201829616924,0.6433145032695089,0.12294479700422495,0.6368442232350315,28
clean54,event_probability,state_average,4,1,5,all_common,randi_wild_type,flow,1349,257,0.1905114899925871,0.6615854962158465,0.340168249868508,0.6448994504164152,40
clean54,event_probability,state_average,4,1,5,all_common,cook_struct,flow,2862,758,0.26484975541579314,0.5886858302316482,0.3523808321612279,0.5801114233943442,54
clean54,event_probability,state_average,4,1,5,all_common,cook_chem,flow,2862,699,0.24423480083857443,0.5791153996495886,0.3201883214210047,0.5740946280628313,54
clean54,event_probability,state_average,4,1,5,all_common,cook_gap,flow,2862,169,0.05904961565338924,0.6549656461964726,0.11634541206055073,0.6663271630418086,45
clean54,event_probability,state_average,4,1,5,strong_fixed_support,randi_wild_type,flow,824,133,0.16140776699029127,0.649859090562876,0.31173652574572375,0.6127663040109237,24
clean54,event_probability,state_average,4,1,5,strong_fixed_support,cook_struct,flow,1749,439,0.2510005717552887,0.5862717139925924,0.3440833284568551,0.5781212438893326,33
clean54,event_probability,state_average,4,1,5,strong_fixed_support,cook_chem,flow,1749,405,0.23156089193825044,0.5815274103468548,0.3178412620633501,0.5768718303074698,33
clean54,event_probability,state_average,4,1,5,strong_fixed_support,cook_gap,flow,1749,98,0.05603201829616924,0.6450017923583728,0.12642137219531255,0.6511702881253038,28
clean54,event_probability,state_average,4,2,6,all_common,randi_wild_type,flow,1349,257,0.1905114899925871,0.6546407548353075,0.32629985273007167,0.6337555233740229,40
clean54,event_probability,state_average,4,2,6,all_common,cook_struct,flow,2862,758,0.26484975541579314,0.590556246676766,0.35423325716674314,0.5808049534759823,54
clean54,event_probability,state_average,4,2,6,all_common,cook_chem,flow,2862,699,0.24423480083857443,0.5801934868979328,0.32236076862537943,0.5733093864395677,54
clean54,event_probability,state_average,4,2,6,all_common,cook_gap,flow,2862,169,0.05904961565338924,0.6618825488830345,0.1170500069681113,0.6661788921551239,45
clean54,event_probability,state_average,4,2,6,strong_fixed_support,randi_wild_type,flow,824,133,0.16140776699029127,0.6486730574627596,0.29482309666063433,0.6169354463059529,24
clean54,event_probability,state_average,4,2,6,strong_fixed_support,cook_struct,flow,1749,439,0.2510005717552887,0.5944217426837538,0.348629017033961,0.58794036728965,33
clean54,event_probability,state_average,4,2,6,strong_fixed_support,cook_chem,flow,1749,405,0.23156089193825044,0.5883542768959436,0.32235697608912306,0.5855359007084848,33
clean54,event_probability,state_average,4,2,6,strong_fixed_support,cook_gap,flow,1749,98,0.05603201829616924,0.6535803903632924,0.13155380691387833,0.6510334337913279,28
clean54,event_probability,state_average,4,4,8,all_common,randi_wild_type,flow,1349,257,0.1905114899925871,0.6498446430353045,0.31625091827737695,0.6338379741970657,40
clean54,event_probability,state_average,4,4,8,all_common,cook_struct,flow,2862,758,0.26484975541579314,0.592674338112102,0.35726652714389506,0.5793515325850306,54
clean54,event_probability,state_average,4,4,8,all_common,cook_chem,flow,2862,699,0.24423480083857443,0.5824462262647186,0.3259391920506694,0.5714714928122088,54
clean54,event_probability,state_average,4,4,8,all_common,cook_gap,flow,2862,169,0.05904961565338924,0.6704122236699573,0.11943363441768196,0.6668683959440365,45
clean54,event_probability,state_average,4,4,8,strong_fixed_support,randi_wild_type,flow,824,133,0.16140776699029127,0.6429387506392609,0.28419701893307586,0.6114574864488409,24
clean54,event_probability,state_average,4,4,8,strong_fixed_support,cook_struct,flow,1749,439,0.2510005717552887,0.5975221269714306,0.35379715876909457,0.5895066456395791,33
clean54,event_probability,state_average,4,4,8,strong_fixed_support,cook_chem,flow,1749,405,0.23156089193825044,0.5904725161669606,0.3280477726957437,0.5867129873979293,33
clean54,event_probability,state_average,4,4,8,strong_fixed_support,cook_gap,flow,1749,98,0.05603201829616924,0.6619550303464814,0.13015788272117504,0.6508190729201974,28
clean54,event_probability,state_average,4,8,12,all_common,randi_wild_type,flow,1349,257,0.1905114899925871,0.6387950570829949,0.2996936810840499,0.6168103948237514,40
clean54,event_probability,state_average,4,8,12,all_common,cook_struct,flow,2862,758,0.26484975541579314,0.5907167651514391,0.3559243525057819,0.5747775075479655,54
clean54,event_probability,state_average,4,8,12,all_common,cook_chem,flow,2862,699,0.24423480083857443,0.5820176369782604,0.32491768679482047,0.5676754679018914,54
clean54,event_probability,state_average,4,8,12,all_common,cook_gap,flow,2862,169,0.05904961565338924,0.6525245156739915,0.11680922100717192,0.6528528373789055,45
clean54,event_probability,state_average,4,8,12,strong_fixed_support,randi_wild_type,flow,824,133,0.16140776699029127,0.6422097211190059,0.27122631447887824,0.6145788024799302,24
clean54,event_probability,state_average,4,8,12,strong_fixed_support,cook_struct,flow,1749,439,0.2510005717552887,0.5961345180754316,0.35146544227801807,0.5879188144494178,33
clean54,event_probability,state_average,4,8,12,strong_fixed_support,cook_chem,flow,1749,405,0.23156089193825044,0.5897743974132863,0.3259088154850711,0.5845405245365198,33
clean54,event_probability,state_average,4,8,12,strong_fixed_support,cook_gap,flow,1749,98,0.05603201829616924,0.6501131039938689,0.1271556502921362,0.6425374976643327,28
clean54,event_probability,state_average,4,16,20,all_common,randi_wild_type,flow,1349,257,0.1905114899925871,0.6208898105785264,0.2750766604780277,0.595742984736049,40
clean54,event_probability,state_average,4,16,20,all_common,cook_struct,flow,2862,758,0.26484975541579314,0.5937753945243136,0.36154953175000537,0.5670603430310326,54
clean54,event_probability,state_average,4,16,20,all_common,cook_chem,flow,2862,699,0.24423480083857443,0.585894121249761,0.33048110580333645,0.5610350075264415,54
clean54,event_probability,state_average,4,16,20,all_common,cook_gap,flow,2862,169,0.05904961565338924,0.6529639631127819,0.1195875297865342,0.6428744221172736,45
clean54,event_probability,state_average,4,16,20,strong_fixed_support,randi_wild_type,flow,824,133,0.16140776699029127,0.6330805305593942,0.2538482267986245,0.6041703679989782,24
clean54,event_probability,state_average,4,16,20,strong_fixed_support,cook_struct,flow,1749,439,0.2510005717552887,0.5884487645412023,0.3419561501536297,0.5690892025576898,33
clean54,event_probability,state_average,4,16,20,strong_fixed_support,cook_chem,flow,1749,405,0.23156089193825044,0.5825892857142857,0.3166292825360817,0.5673559854008565,33
clean54,event_probability,state_average,4,16,20,strong_fixed_support,cook_gap,flow,1749,98,0.05603201829616924,0.650026576348286,0.12734489358655834,0.632749535316853,28
clean54,event_probability,state_average,4,32,36,all_common,randi_wild_type,flow,1349,257,0.1905114899925871,0.6004047832841608,0.2521514434710271,0.5713029872498472,40
clean54,event_probability,state_average,4,32,36,all_common,cook_struct,flow,2862,758,0.26484975541579314,0.591641627456685,0.36295748257352856,0.5677313473057809,54
clean54,event_probability,state_average,4,32,36,all_common,cook_chem,flow,2862,699,0.24423480083857443,0.5872969574790484,0.334143061549928,0.5644665067102331,54
clean54,event_probability,state_average,4,32,36,all_common,cook_gap,flow,2862,169,0.05904961565338924,0.6464689299674589,0.11823471399766297,0.6391981925213956,45
clean54,event_probability,state_average,4,32,36,strong_fixed_support,randi_wild_type,flow,824,133,0.16140776699029127,0.6187610850570711,0.23567756631922926,0.578140658254707,24
clean54,event_probability,state_average,4,32,36,strong_fixed_support,cook_struct,flow,1749,439,0.2510005717552887,0.588723504147177,0.33507325179725933,0.5730783615559865,33
clean54,event_probability,state_average,4,32,36,strong_fixed_support,cook_chem,flow,1749,405,0.23156089193825044,0.584158215755438,0.3104941745055597,0.5740685664426669,33
clean54,event_probability,state_average,4,32,36,strong_fixed_support,cook_gap,flow,1749,98,0.05603201829616924,0.6514666435926277,0.12252935636993398,0.636470681853074,28
clean54,event_probability,state_average,8,1,9,all_common,randi_wild_type,flow,1349,257,0.1905114899925871,0.6602314676244637,0.320306290806498,0.6306185760838465,40
clean54,event_probability,state_average,8,1,9,all_common,cook_struct,flow,2862,758,0.26484975541579314,0.5981062582140313,0.35811607344681806,0.5840664609187436,54
clean54,event_probability,state_average,8,1,9,all_common,cook_chem,flow,2862,699,0.24423480083857443,0.5871210242225702,0.32561988103843625,0.576053665326828,54
clean54,event_probability,state_average,8,1,9,all_common,cook_gap,flow,2862,169,0.05904961565338924,0.6625307338552504,0.1196948553356687,0.6695332351157025,45
clean54,event_probability,state_average,8,1,9,strong_fixed_support,randi_wild_type,flow,824,133,0.16140776699029127,0.6484771987856762,0.2906632366097296,0.6014103679384031,24
clean54,event_probability,state_average,8,1,9,strong_fixed_support,cook_struct,flow,1749,439,0.2510005717552887,0.5905666939087795,0.34451931506448213,0.5857217779673489,33
clean54,event_probability,state_average,8,1,9,strong_fixed_support,cook_chem,flow,1749,405,0.23156089193825044,0.585762051734274,0.31971118495586015,0.5848843406901293,33
clean54,event_probability,state_average,8,1,9,strong_fixed_support,cook_gap,flow,1749,98,0.05603201829616924,0.662251696559908,0.13094575535362507,0.6676171446293804,28
clean54,event_probability,state_average,8,2,10,all_common,randi_wild_type,flow,1349,257,0.1905114899925871,0.6452551987571443,0.3051851840767206,0.6242077872645526,40
clean54,event_probability,state_average,8,2,10,all_common,cook_struct,flow,2862,758,0.26484975541579314,0.5988210670465604,0.3615969416543112,0.5782853587962345,54
clean54,event_probability,state_average,8,2,10,all_common,cook_chem,flow,2862,699,0.24423480083857443,0.5890701795114479,0.32937679379929363,0.5739033168281297,54
clean54,event_probability,state_average,8,2,10,all_common,cook_gap,flow,2862,169,0.05904961565338924,0.66485980528084,0.12079849102849378,0.6592245292113934,45
clean54,event_probability,state_average,8,2,10,strong_fixed_support,randi_wild_type,flow,824,133,0.16140776699029127,0.6298271003122857,0.27579454557862737,0.5990998914087783,24
clean54,event_probability,state_average,8,2,10,strong_fixed_support,cook_struct,flow,1749,439,0.2510005717552887,0.5887774087534124,0.3474558179809818,0.577770637272986,33
clean54,event_probability,state_average,8,2,10,strong_fixed_support,cook_chem,flow,1749,405,0.23156089193825044,0.584837962962963,0.3219563560739843,0.5820182257992881,33
clean54,event_probability,state_average,8,2,10,strong_fixed_support,cook_gap,flow,1749,98,0.05603201829616924,0.6659414825894017,0.13089656708683925,0.6560174027677925,28
clean54,event_probability,state_average,8,4,12,all_common,randi_wild_type,flow,1349,257,0.1905114899925871,0.631821809837374,0.29340551458908143,0.6141273286578024,40
clean54,event_probability,state_average,8,4,12,all_common,cook_struct,flow,2862,758,0.26484975541579314,0.6035689025552535,0.3651125644759867,0.5829441412639237,54
clean54,event_probability,state_average,8,4,12,all_common,cook_chem,flow,2862,699,0.24423480083857443,0.5952020487626138,0.3338063134517787,0.5779170573779684,54
clean54,event_probability,state_average,8,4,12,all_common,cook_gap,flow,2862,169,0.05904961565338924,0.6604169916746683,0.11876991023428335,0.6492930442524116,45
clean54,event_probability,state_average,8,4,12,strong_fixed_support,randi_wild_type,flow,824,133,0.16140776699029127,0.6273571047735111,0.2729501051409358,0.5974182267194595,24
clean54,event_probability,state_average,8,4,12,strong_fixed_support,cook_struct,flow,1749,439,0.2510005717552887,0.5908918604044585,0.34951600912472935,0.5799100868545801,33
clean54,event_probability,state_average,8,4,12,strong_fixed_support,cook_chem,flow,1749,405,0.23156089193825044,0.5888797031158142,0.3249937617952217,0.5827996530246391,33
clean54,event_probability,state_average,8,4,12,strong_fixed_support,cook_gap,flow,1749,98,0.05603201829616924,0.6521032398422726,0.13107994264805078,0.6415280854418354,28
clean54,event_probability,state_average,8,8,16,all_common,randi_wild_type,flow,1349,257,0.1905114899925871,0.6048766408688587,0.2723941487413496,0.5920225678136398,40
clean54,event_probability,state_average,8,8,16,all_common,cook_struct,flow,2862,758,0.26484975541579314,0.5997835508693079,0.3643248484604481,0.5777175306495557,54
clean54,event_probability,state_average,8,8,16,all_common,cook_chem,flow,2862,699,0.24423480083857443,0.5918110344544778,0.334251609321374,0.5741684294135506,54
clean54,event_probability,state_average,8,8,16,all_common,cook_gap,flow,2862,169,0.05904961565338924,0.6598171459207193,0.11877203358886876,0.6500226581476012,45
clean54,event_probability,state_average,8,8,16,strong_fixed_support,randi_wild_type,flow,824,133,0.16140776699029127,0.6172921449789451,0.26329515048024676,0.5991927609231452,24
clean54,event_probability,state_average,8,8,16,strong_fixed_support,cook_struct,flow,1749,439,0.2510005717552887,0.5859691526543671,0.3443788880230056,0.5754617734769497,33
clean54,event_probability,state_average,8,8,16,strong_fixed_support,cook_chem,flow,1749,405,0.23156089193825044,0.5834178424456201,0.3203588310852079,0.5788750462976625,33
clean54,event_probability,state_average,8,8,16,strong_fixed_support,cook_gap,flow,1749,98,0.05603201829616924,0.6517756708982807,0.13300110943761387,0.6510418753498647,28
clean54,event_probability,state_average,8,16,24,all_common,randi_wild_type,flow,1349,257,0.1905114899925871,0.5930324539273956,0.2553432136305333,0.5559419432901741,40
clean54,event_probability,state_average,8,16,24,all_common,cook_struct,flow,2862,758,0.26484975541579314,0.5976378703211372,0.3657370530831858,0.5687810393967979,54
clean54,event_probability,state_average,8,16,24,all_common,cook_chem,flow,2862,699,0.24423480083857443,0.5888453024167012,0.3360462636825489,0.5650619236137635,54
clean54,event_probability,state_average,8,16,24,all_common,cook_gap,flow,2862,169,0.05904961565338924,0.6624955780601472,0.11815818730783136,0.6466955743792532,45
clean54,event_probability,state_average,8,16,24,strong_fixed_support,randi_wild_type,flow,824,133,0.16140776699029127,0.6179341261982743,0.2442232180718043,0.5725553763282618,24
clean54,event_probability,state_average,8,16,24,strong_fixed_support,cook_struct,flow,1749,439,0.2510005717552887,0.5840407588377472,0.33656223731420126,0.570494162417411,33
clean54,event_probability,state_average,8,16,24,strong_fixed_support,cook_chem,flow,1749,405,0.23156089193825044,0.5783803644914756,0.3111745493744404,0.5724031457449824,33
clean54,event_probability,state_average,8,16,24,strong_fixed_support,cook_gap,flow,1749,98,0.05603201829616924,0.653518584902162,0.13050026999239467,0.6482763050516162,28
clean54,event_probability,state_average,8,32,40,all_common,randi_wild_type,flow,1349,257,0.1905114899925871,0.5768625019597782,0.2404745101753619,0.5413768572324559,40
clean54,event_probability,state_average,8,32,40,all_common,cook_struct,flow,2862,758,0.26484975541579314,0.5969638181325683,0.36654454586550755,0.5686599553429967,54
clean54,event_probability,state_average,8,32,40,all_common,cook_chem,flow,2862,699,0.24423480083857443,0.5908930067853356,0.33978758607981063,0.568201552701996,54
clean54,event_probability,state_average,8,32,40,all_common,cook_gap,flow,2862,169,0.05904961565338924,0.6528606929646663,0.11473143110074553,0.632779146813751,45
clean54,event_probability,state_average,8,32,40,strong_fixed_support,randi_wild_type,flow,824,133,0.16140776699029127,0.6049639293603039,0.2282258370199634,0.5663931985142404,24
clean54,event_probability,state_average,8,32,40,strong_fixed_support,cook_struct,flow,1749,439,0.2510005717552887,0.5905910379244989,0.33315884157717535,0.5759186086023954,33
clean54,event_probability,state_average,8,32,40,strong_fixed_support,cook_chem,flow,1749,405,0.23156089193825044,0.5850510728982952,0.3084956099726392,0.5800373394795262,33
clean54,event_probability,state_average,8,32,40,strong_fixed_support,cook_gap,flow,1749,98,0.05603201829616924,0.6633456532219186,0.12035844554128791,0.6440221464879861,28
clean54,event_probability,state_average,16,1,17,all_common,randi_wild_type,flow,1349,257,0.1905114899925871,0.6137775972406323,0.2741364755077391,0.5929683983608486,40
clean54,event_probability,state_average,16,1,17,all_common,cook_struct,flow,2862,758,0.26484975541579314,0.5966045326404286,0.3529911541519265,0.5718277153896558,54
clean54,event_probability,state_average,16,1,17,all_common,cook_chem,flow,2862,699,0.24423480083857443,0.5870681119649827,0.3197457034139275,0.5644446084629152,54
clean54,event_probability,state_average,16,1,17,all_common,cook_gap,flow,2862,169,0.05904961565338924,0.6517752577908538,0.11340207425574847,0.6355853237082147,45
clean54,event_probability,state_average,16,1,17,strong_fixed_support,randi_wild_type,flow,824,133,0.16140776699029127,0.637737614658934,0.26148795818510534,0.6166267289696609,24
clean54,event_probability,state_average,16,1,17,strong_fixed_support,cook_struct,flow,1749,439,0.2510005717552887,0.5810742666365265,0.32083671938919667,0.5661939615492567,33
clean54,event_probability,state_average,16,1,17,strong_fixed_support,cook_chem,flow,1749,405,0.23156089193825044,0.5736202968841858,0.29163803987149484,0.5645403898149496,33
clean54,event_probability,state_average,16,1,17,strong_fixed_support,cook_gap,flow,1749,98,0.05603201829616924,0.6474554691652554,0.11255706856184418,0.6278108072603272,28
clean54,event_probability,state_average,16,2,18,all_common,randi_wild_type,flow,1349,257,0.1905114899925871,0.6118926469121021,0.2703914181739301,0.5852471008181552,40
clean54,event_probability,state_average,16,2,18,all_common,cook_struct,flow,2862,758,0.26484975541579314,0.5972691794496222,0.35486579510988125,0.5717651161940149,54
clean54,event_probability,state_average,16,2,18,all_common,cook_chem,flow,2862,699,0.24423480083857443,0.5892143654133737,0.3233650020350546,0.5674071871150722,54
clean54,event_probability,state_average,16,2,18,all_common,cook_gap,flow,2862,169,0.05904961565338924,0.6512545125758871,0.11375763046695528,0.6375014424354705,45
clean54,event_probability,state_average,16,2,18,strong_fixed_support,randi_wild_type,flow,824,133,0.16140776699029127,0.630153531440758,0.25458948540507353,0.6052849831780137,24
clean54,event_probability,state_average,16,2,18,strong_fixed_support,cook_struct,flow,1749,439,0.2510005717552887,0.5811299101010277,0.32435301183074206,0.5676988828747995,33
clean54,event_probability,state_average,16,2,18,strong_fixed_support,cook_chem,flow,1749,405,0.23156089193825044,0.5748199588477366,0.2968160665423841,0.5692581096565184,33
clean54,event_probability,state_average,16,2,18,strong_fixed_support,cook_gap,flow,1749,98,0.05603201829616924,0.6492478275380413,0.11720341984062917,0.6377922655913267,28
clean54,event_probability,state_average,16,4,20,all_common,randi_wild_type,flow,1349,257,0.1905114899925871,0.6075882612847594,0.26564039512267795,0.5845326102358207,40
clean54,event_probability,state_average,16,4,20,all_common,cook_struct,flow,2862,758,0.26484975541579314,0.5988028833131014,0.3580410568399665,0.5712306126670997,54
clean54,event_probability,state_average,16,4,20,all_common,cook_chem,flow,2862,699,0.24423480083857443,0.5921384290483003,0.32804813429564483,0.5691740734887856,54
clean54,event_probability,state_average,16,4,20,all_common,cook_gap,flow,2862,169,0.05904961565338924,0.6500284542216617,0.11316858834469706,0.6379536491355692,45
clean54,event_probability,state_average,16,4,20,strong_fixed_support,randi_wild_type,flow,824,133,0.16140776699029127,0.6267912908174923,0.2481378958741507,0.6092733806522858,24
clean54,event_probability,state_average,16,4,20,strong_fixed_support,cook_struct,flow,1749,439,0.2510005717552887,0.5816898224625711,0.32837015136864467,0.5644191240085773,33
clean54,event_probability,state_average,16,4,20,strong_fixed_support,cook_chem,flow,1749,405,0.23156089193825044,0.5775058788947678,0.30335350615402906,0.5686564333835092,33
clean54,event_probability,state_average,16,4,20,strong_fixed_support,cook_gap,flow,1749,98,0.05603201829616924,0.6473380387891073,0.12050650803075501,0.6368957401145984,28
clean54,event_probability,state_average,16,8,24,all_common,randi_wild_type,flow,1349,257,0.1905114899925871,0.5951490144097148,0.2556799326175623,0.5731928599903144,40
clean54,event_probability,state_average,16,8,24,all_common,cook_struct,flow,2862,758,0.26484975541579314,0.5992706441807036,0.36034953228221817,0.5729620480129486,54
clean54,event_probability,state_average,16,8,24,all_common,cook_chem,flow,2862,699,0.24423480083857443,0.5908658892533221,0.3305652847451273,0.5678717958466674,54
clean54,event_probability,state_average,16,8,24,all_common,cook_gap,flow,2862,169,0.05904961565338924,0.655176580967092,0.11193473201811652,0.6422374512244983,45
clean54,event_probability,state_average,16,8,24,strong_fixed_support,randi_wild_type,flow,824,133,0.16140776699029127,0.6124936073904008,0.23657732467926815,0.5864496085435724,24
clean54,event_probability,state_average,16,8,24,strong_fixed_support,cook_struct,flow,1749,439,0.2510005717552887,0.5828618129336278,0.33011139671101936,0.5673689102308538,33
clean54,event_probability,state_average,16,8,24,strong_fixed_support,cook_chem,flow,1749,405,0.23156089193825044,0.5755033803644914,0.30377155959883856,0.5670933546332777,33
clean54,event_probability,state_average,16,8,24,strong_fixed_support,cook_gap,flow,1749,98,0.05603201829616924,0.6593406593406593,0.12137329255566734,0.6491976070212457,28
clean54,event_probability,state_average,16,16,32,all_common,randi_wild_type,flow,1349,257,0.1905114899925871,0.5881009392682545,0.2446019777081806,0.5662419245777934,40
clean54,event_probability,state_average,16,16,32,all_common,cook_struct,flow,2862,758,0.26484975541579314,0.5989238991943979,0.3621292908863394,0.5705493697364609,54
clean54,event_probability,state_average,16,16,32,all_common,cook_chem,flow,2862,699,0.24423480083857443,0.5927485735186055,0.3342314038696728,0.5686455759967174,54
clean54,event_probability,state_average,16,16,32,all_common,cook_gap,flow,2862,169,0.05904961565338924,0.6528090578906083,0.11132216894558881,0.6305981371990967,45
clean54,event_probability,state_average,16,16,32,strong_fixed_support,randi_wild_type,flow,824,133,0.16140776699029127,0.6006876815773152,0.2235946989966931,0.5838294842244526,24
clean54,event_probability,state_average,16,16,32,strong_fixed_support,cook_struct,flow,1749,439,0.2510005717552887,0.5878192978490324,0.3276571995566836,0.5749646205326924,33
clean54,event_probability,state_average,16,16,32,strong_fixed_support,cook_chem,flow,1749,405,0.23156089193825044,0.5817405202821869,0.301352636958391,0.5761423418788987,33
clean54,event_probability,state_average,16,16,32,strong_fixed_support,cook_gap,flow,1749,98,0.05603201829616924,0.6573010791233513,0.11602313378363231,0.6372507180646233,28
clean54,event_probability,state_average,16,32,48,all_common,randi_wild_type,flow,1349,257,0.1905114899925871,0.5789683727426919,0.2359992847488951,0.5492366830522843,40
clean54,event_probability,state_average,16,32,48,all_common,cook_struct,flow,2862,758,0.26484975541579314,0.5921990529409995,0.3587596899079219,0.5648164246644897,54
clean54,event_probability,state_average,16,32,48,all_common,cook_chem,flow,2862,699,0.24423480083857443,0.5876183994438922,0.3320988220298632,0.5634331591004696,54
clean54,event_probability,state_average,16,32,48,all_common,cook_gap,flow,2862,169,0.05904961565338924,0.6482421003829785,0.11287583101852408,0.6165662917696894,45
clean54,event_probability,state_average,16,32,48,strong_fixed_support,randi_wild_type,flow,824,133,0.16140776699029127,0.589425807645017,0.21354693392926666,0.5640386714277851,24
clean54,event_probability,state_average,16,32,48,strong_fixed_support,cook_struct,flow,1749,439,0.2510005717552887,0.589012154619277,0.32709774045241014,0.5787420000312472,33
clean54,event_probability,state_average,16,32,48,strong_fixed_support,cook_chem,flow,1749,405,0.23156089193825044,0.5825745884773663,0.29993875043132756,0.5777121375819821,33
clean54,event_probability,state_average,16,32,48,strong_fixed_support,cook_gap,flow,1749,98,0.05603201829616924,0.6618437805164464,0.11474600244057001,0.6307020074082775,28
clean54,event_probability,baseline,1,1,2,all_common,randi_wild_type,flow,1349,257,0.1905114899925871,0.5599620871994413,0.24684844060767971,0.5419453496651734,40
clean54,event_probability,baseline,1,1,2,all_common,cook_struct,flow,2862,758,0.26484975541579314,0.5341904351053904,0.303417497607012,0.5237075305807649,54
clean54,event_probability,baseline,1,1,2,all_common,cook_chem,flow,2862,699,0.24423480083857443,0.5293209968404768,0.27957798533013223,0.517715506372735,54
clean54,event_probability,baseline,1,1,2,all_common,cook_gap,flow,2862,169,0.05904961565338924,0.5667685452312263,0.07839909365820319,0.5658696803082666,45
clean54,event_probability,baseline,1,1,2,strong_fixed_support,randi_wild_type,flow,824,133,0.16140776699029127,0.5239219611982199,0.21017608345508482,0.5141219694877045,24
clean54,event_probability,baseline,1,1,2,strong_fixed_support,cook_struct,flow,1749,439,0.2510005717552887,0.539795510267958,0.29541283383910727,0.5289236286803721,33
clean54,event_probability,baseline,1,1,2,strong_fixed_support,cook_chem,flow,1749,405,0.23156089193825044,0.5392636684303351,0.2766793930613657,0.5239910345782328,33
clean54,event_probability,baseline,1,1,2,strong_fixed_support,cook_gap,flow,1749,98,0.05603201829616924,0.5556681788402823,0.07068433639728558,0.5541470013299538,28
clean54,event_probability,baseline,1,2,3,all_common,randi_wild_type,flow,1349,257,0.1905114899925871,0.5796133179401662,0.26220409671043216,0.5522355922230859,40
clean54,event_probability,baseline,1,2,3,all_common,cook_struct,flow,2862,758,0.26484975541579314,0.5435707334691052,0.3127357329472953,0.5311987418202355,54
clean54,event_probability,baseline,1,2,3,all_common,cook_chem,flow,2862,699,0.24423480083857443,0.5391408504454882,0.29029256001136433,0.5242302760776556,54
clean54,event_probability,baseline,1,2,3,all_common,cook_gap,flow,2862,169,0.05904961565338924,0.5858691281582538,0.08212556382062279,0.584917512734116,45
clean54,event_probability,baseline,1,2,3,strong_fixed_support,randi_wild_type,flow,824,133,0.16140776699029127,0.5384263843400107,0.2274452368546021,0.510980861301081,24
clean54,event_probability,baseline,1,2,3,strong_fixed_support,cook_struct,flow,1749,439,0.2510005717552887,0.5562781477681754,0.30864066532333356,0.5408851876893858,33
clean54,event_probability,baseline,1,2,3,strong_fixed_support,cook_chem,flow,1749,405,0.23156089193825044,0.5552597736625514,0.28924136108084875,0.5351414662892408,33
clean54,event_probability,baseline,1,2,3,strong_fixed_support,cook_gap,flow,1749,98,0.05603201829616924,0.5799700861568128,0.07833267756816256,0.5688281597971037,28
clean54,event_probability,baseline,1,4,5,all_common,randi_wild_type,flow,1349,257,0.1905114899925871,0.576662960904206,0.2671128921742487,0.5687723548464314,40
clean54,event_probability,baseline,1,4,5,all_common,cook_struct,flow,2862,758,0.26484975541579314,0.5654645755791206,0.33044089254462694,0.5486791053308515,54
clean54,event_probability,baseline,1,4,5,all_common,cook_chem,flow,2862,699,0.24423480083857443,0.5639560378507835,0.3071180765347403,0.5459683597940065,54
clean54,event_probability,baseline,1,4,5,all_common,cook_gap,flow,2862,169,0.05904961565338924,0.598534003344195,0.09035882380605542,0.5882006484703868,45
clean54,event_probability,baseline,1,4,5,strong_fixed_support,randi_wild_type,flow,824,133,0.16140776699029127,0.5510375069366615,0.24220890761828862,0.5340079473811091,24
clean54,event_probability,baseline,1,4,5,strong_fixed_support,cook_struct,flow,1749,439,0.2510005717552887,0.5745831087308073,0.32102613960883897,0.5553057160918654,33
clean54,event_probability,baseline,1,4,5,strong_fixed_support,cook_chem,flow,1749,405,0.23156089193825044,0.577145796590241,0.30171214482678216,0.5548756840357306,33
clean54,event_probability,baseline,1,4,5,strong_fixed_support,cook_gap,flow,1749,98,0.05603201829616924,0.5851308421612134,0.087006853216234,0.564225497619623,28
clean54,event_probability,baseline,1,8,9,all_common,randi_wild_type,flow,1349,257,0.1905114899925871,0.6019761690967917,0.2729943962790866,0.5882890744285705,40
clean54,event_probability,baseline,1,8,9,all_common,cook_struct,flow,2862,758,0.26484975541579314,0.585915946005598,0.3473546326931476,0.5651740825307008,54
clean54,event_probability,baseline,1,8,9,all_common,cook_chem,flow,2862,699,0.24423480083857443,0.58539244690751,0.3243324383520304,0.5641819822363866,54
clean54,event_probability,baseline,1,8,9,all_common,cook_gap,flow,2862,169,0.05904961565338924,0.6157889070283026,0.09673869807880722,0.6107653314278788,45
clean54,event_probability,baseline,1,8,9,strong_fixed_support,randi_wild_type,flow,824,133,0.16140776699029127,0.5798613755807753,0.24396110196581783,0.5635267359778373,24
clean54,event_probability,baseline,1,8,9,strong_fixed_support,cook_struct,flow,1749,439,0.2510005717552887,0.5883635604861848,0.3331635599956086,0.5689061429850837,33
clean54,event_probability,baseline,1,8,9,strong_fixed_support,cook_chem,flow,1749,405,0.23156089193825044,0.5916648295120517,0.3146984596278791,0.5705351208639033,33
clean54,event_probability,baseline,1,8,9,strong_fixed_support,cook_gap,flow,1749,98,0.05603201829616924,0.6100384429968232,0.09317984635121412,0.5876116484426565,28
clean54,event_probability,baseline,1,16,17,all_common,randi_wild_type,flow,1349,257,0.1905114899925871,0.5810350479611179,0.2564483796210343,0.5498998047744432,40
clean54,event_probability,baseline,1,16,17,all_common,cook_struct,flow,2862,758,0.26484975541579314,0.5943146362751688,0.3494615010224195,0.5714333579978049,54
clean54,event_probability,baseline,1,16,17,all_common,cook_chem,flow,2862,699,0.24423480083857443,0.5930835742494561,0.3250054572358908,0.5704632896946785,54
clean54,event_probability,baseline,1,16,17,all_common,cook_gap,flow,2862,169,0.05904961565338924,0.6173181841152934,0.10081695507077121,0.6094299161188645,45
clean54,event_probability,baseline,1,16,17,strong_fixed_support,randi_wild_type,flow,824,133,0.16140776699029127,0.5672067288336615,0.22980267874335236,0.5284587977276974,24
clean54,event_probability,baseline,1,16,17,strong_fixed_support,cook_struct,flow,1749,439,0.2510005717552887,0.585449234032934,0.3251989549573984,0.5644368962532027,33
clean54,event_probability,baseline,1,16,17,strong_fixed_support,cook_chem,flow,1749,405,0.23156089193825044,0.5886078042328042,0.3058395368411903,0.5679279147802697,33
clean54,event_probability,baseline,1,16,17,strong_fixed_support,cook_gap,flow,1749,98,0.05603201829616924,0.6081039320634372,0.09696310214124115,0.5745400921332383,28
clean54,event_probability,baseline,1,32,33,all_common,randi_wild_type,flow,1349,257,0.1905114899925871,0.5713359273670557,0.24423949890592253,0.5538343597999701,40
clean54,event_probability,baseline,1,32,33,all_common,cook_struct,flow,2862,758,0.26484975541579314,0.5851305968277536,0.3520904342682247,0.555805194588509,54
clean54,event_probability,baseline,1,32,33,all_common,cook_chem,flow,2862,699,0.24423480083857443,0.5828265331161285,0.32710297152075984,0.5553549774853979,54
clean54,event_probability,baseline,1,32,33,all_common,cook_gap,flow,2862,169,0.05904961565338924,0.6212424497436921,0.1092221799095004,0.6110716851656522,45
clean54,event_probability,baseline,1,32,33,strong_fixed_support,randi_wild_type,flow,824,133,0.16140776699029127,0.5747799310142215,0.21525981254708026,0.5610335124908783,24
clean54,event_probability,baseline,1,32,33,strong_fixed_support,cook_struct,flow,1749,439,0.2510005717552887,0.5748926255020953,0.32085125949096843,0.5570010256944931,33
clean54,event_probability,baseline,1,32,33,strong_fixed_support,cook_chem,flow,1749,405,0.23156089193825044,0.5722203850676073,0.2983421862763831,0.5586707508584244,33
clean54,event_probability,baseline,1,32,33,strong_fixed_support,cook_gap,flow,1749,98,0.05603201829616924,0.6238148802828218,0.108800750640971,0.5986290674597196,28
clean54,event_probability,baseline,4,1,5,all_common,randi_wild_type,flow,1349,257,0.1905114899925871,0.5948995880902497,0.2813011383947278,0.5767962513410345,40
clean54,event_probability,baseline,4,1,5,all_common,cook_struct,flow,2862,758,0.26484975541579314,0.5647886423146764,0.3278296212700061,0.5562072932231473,54
clean54,event_probability,baseline,4,1,5,all_common,cook_chem,flow,2862,699,0.24423480083857443,0.5587137559303066,0.29661549881864924,0.548717842997296,54
clean54,event_probability,baseline,4,1,5,all_common,cook_gap,flow,2862,169,0.05904961565338924,0.5718837134187473,0.09251032440816243,0.5842798536455238,45
clean54,event_probability,baseline,4,1,5,strong_fixed_support,randi_wild_type,flow,824,133,0.16140776699029127,0.5728539873562343,0.23654835926563345,0.5703652918942722,24
clean54,event_probability,baseline,4,1,5,strong_fixed_support,cook_struct,flow,1749,439,0.2510005717552887,0.5697490827522648,0.3084587754253476,0.5572730620775933,33
clean54,event_probability,baseline,4,1,5,strong_fixed_support,cook_chem,flow,1749,405,0.23156089193825044,0.5704475308641974,0.28430961685816564,0.5550630340436324,33
clean54,event_probability,baseline,4,1,5,strong_fixed_support,cook_gap,flow,1749,98,0.05603201829616924,0.5682579512725744,0.09055684918453052,0.556472078281947,28
clean54,event_probability,baseline,4,2,6,all_common,randi_wild_type,flow,1349,257,0.1905114899925871,0.5943793560525078,0.2773458850017738,0.586458495141742,40
clean54,event_probability,baseline,4,2,6,all_common,cook_struct,flow,2862,758,0.26484975541579314,0.5635088836943327,0.3343084131583075,0.5566769457351614,54
clean54,event_probability,baseline,4,2,6,all_common,cook_chem,flow,2862,699,0.24423480083857443,0.5582706157730117,0.30262310399726006,0.5496174221822576,54
clean54,event_probability,baseline,4,2,6,all_common,cook_gap,flow,2862,169,0.05904961565338924,0.5660236818224764,0.09660205645979687,0.5815076584683984,45
clean54,event_probability,baseline,4,2,6,strong_fixed_support,randi_wild_type,flow,824,133,0.16140776699029127,0.5779463129604039,0.23593992350904838,0.588981711616697,24
clean54,event_probability,baseline,4,2,6,strong_fixed_support,cook_struct,flow,1749,439,0.2510005717552887,0.5649915665374114,0.3157066705836723,0.5588512776099624,33
clean54,event_probability,baseline,4,2,6,strong_fixed_support,cook_chem,flow,1749,405,0.23156089193825044,0.5691064079952969,0.29252913583267437,0.5590566968928177,33
clean54,event_probability,baseline,4,2,6,strong_fixed_support,cook_gap,flow,1749,98,0.05603201829616924,0.5498770071323502,0.09800450044017224,0.5485354521648861,28
clean54,event_probability,baseline,4,4,8,all_common,randi_wild_type,flow,1349,257,0.1905114899925871,0.5631939396530836,0.255733779871344,0.5519032017611923,40
clean54,event_probability,baseline,4,4,8,all_common,cook_struct,flow,2862,758,0.26484975541579314,0.571065165484515,0.3447766887287305,0.5648085056304788,54
clean54,event_probability,baseline,4,4,8,all_common,cook_chem,flow,2862,699,0.24423480083857443,0.5689522777734786,0.3146696832162582,0.5638329774183776,54
clean54,event_probability,baseline,4,4,8,all_common,cook_gap,flow,2862,169,0.05904961565338924,0.5853286078085416,0.10292268445934731,0.5865538393602704,45
clean54,event_probability,baseline,4,4,8,strong_fixed_support,randi_wild_type,flow,824,133,0.16140776699029127,0.5511571983504348,0.21913196862196435,0.5497620741756543,24
clean54,event_probability,baseline,4,4,8,strong_fixed_support,cook_struct,flow,1749,439,0.2510005717552887,0.5695073814533378,0.32623115918418794,0.5656807759562417,33
clean54,event_probability,baseline,4,4,8,strong_fixed_support,cook_chem,flow,1749,405,0.23156089193825044,0.574921002351558,0.303648032538122,0.5712823785591856,33
clean54,event_probability,baseline,4,4,8,strong_fixed_support,cook_gap,flow,1749,98,0.05603201829616924,0.5714347519746845,0.10613058084544905,0.557128173157873,28
clean54,event_probability,baseline,4,8,12,all_common,randi_wild_type,flow,1349,257,0.1905114899925871,0.5773150325679509,0.2617825200316285,0.5515825357473055,40
clean54,event_probability,baseline,4,8,12,all_common,cook_struct,flow,2862,758,0.26484975541579314,0.5769228357595032,0.34938108205176566,0.5586973839181727,54
clean54,event_probability,baseline,4,8,12,all_common,cook_chem,flow,2862,699,0.24423480083857443,0.5697538984759285,0.3170919994098007,0.5522353073183636,54
clean54,event_probability,baseline,4,8,12,all_common,cook_gap,flow,2862,169,0.05904961565338924,0.6216862916568707,0.10799358882550124,0.6078776189253232,45
clean54,event_probability,baseline,4,8,12,strong_fixed_support,randi_wild_type,flow,824,133,0.16140776699029127,0.5900677888643461,0.23450598792640598,0.5480925230144397,24
clean54,event_probability,baseline,4,8,12,strong_fixed_support,cook_struct,flow,1749,439,0.2510005717552887,0.5794640838825227,0.3305501104697496,0.5677401321956228,33
clean54,event_probability,baseline,4,8,12,strong_fixed_support,cook_chem,flow,1749,405,0.23156089193825044,0.579677395649618,0.3071443205674008,0.5669364481749982,33
clean54,event_probability,baseline,4,8,12,strong_fixed_support,cook_gap,flow,1749,98,0.05603201829616924,0.6049456729996663,0.11112363854499241,0.5837438385345527,28
clean54,event_probability,baseline,4,16,20,all_common,randi_wild_type,flow,1349,257,0.1905114899925871,0.5865473696212996,0.2574618048151601,0.5732410730311426,40
clean54,event_probability,baseline,4,16,20,all_common,cook_struct,flow,2862,758,0.26484975541579314,0.5914528928438858,0.3606801555515875,0.5757006676102827,54
clean54,event_probability,baseline,4,16,20,all_common,cook_chem,flow,2862,699,0.24423480083857443,0.5817166985132317,0.32701644633683447,0.5684442862079111,54
clean54,event_probability,baseline,4,16,20,all_common,cook_gap,flow,2862,169,0.05904961565338924,0.6479147120410795,0.12058658218032645,0.6394305211861795,45
clean54,event_probability,baseline,4,16,20,strong_fixed_support,randi_wild_type,flow,824,133,0.16140776699029127,0.615529416885194,0.23651671257050577,0.5978689960835913,24
clean54,event_probability,baseline,4,16,20,strong_fixed_support,cook_struct,flow,1749,439,0.2510005717552887,0.5885061468639691,0.33615942350539296,0.5790478810868137,33
clean54,event_probability,baseline,4,16,20,strong_fixed_support,cook_chem,flow,1749,405,0.23156089193825044,0.5829732510288066,0.3105320747115396,0.5764228745866429,33
clean54,event_probability,baseline,4,16,20,strong_fixed_support,cook_gap,flow,1749,98,0.05603201829616924,0.6338273649859701,0.12928847543300143,0.6196338090309894,28
clean54,event_probability,baseline,4,32,36,all_common,randi_wild_type,flow,1349,257,0.1905114899925871,0.575925371645216,0.24130940423026578,0.5505340509000977,40
clean54,event_probability,baseline,4,32,36,all_common,cook_struct,flow,2862,758,0.26484975541579314,0.5897680758851089,0.3574458705963746,0.5623776225478055,54
clean54,event_probability,baseline,4,32,36,all_common,cook_chem,flow,2862,699,0.24423480083857443,0.5849688181452005,0.32684972710883486,0.557810839491432,54
clean54,event_probability,baseline,4,32,36,all_common,cook_gap,flow,2862,169,0.05904961565338924,0.6410065983032935,0.11716525071110218,0.6331499536228891,45
clean54,event_probability,baseline,4,32,36,strong_fixed_support,randi_wild_type,flow,824,133,0.16140776699029127,0.5991099311230319,0.21985735043782578,0.5755887651388827,24
clean54,event_probability,baseline,4,32,36,strong_fixed_support,cook_struct,flow,1749,439,0.2510005717552887,0.5778173851049402,0.3251641808773632,0.5618341628892227,33
clean54,event_probability,baseline,4,32,36,strong_fixed_support,cook_chem,flow,1749,405,0.23156089193825044,0.5731407995296884,0.30064195371578684,0.5608476925416559,33
clean54,event_probability,baseline,4,32,36,strong_fixed_support,cook_gap,flow,1749,98,0.05603201829616924,0.6484690787277965,0.11965440806523474,0.6328292680311217,28
clean54,event_probability,baseline,8,1,9,all_common,randi_wild_type,flow,1349,257,0.1905114899925871,0.5985625917532533,0.2748631487539719,0.6067079565041688,40
clean54,event_probability,baseline,8,1,9,all_common,cook_struct,flow,2862,758,0.26484975541579314,0.5573866087462505,0.3223145867642902,0.5368898556669149,54
clean54,event_probability,baseline,8,1,9,all_common,cook_chem,flow,2862,699,0.24423480083857443,0.5576627862139758,0.2974378442999518,0.5407059148954731,54
clean54,event_probability,baseline,8,1,9,all_common,cook_gap,flow,2862,169,0.05904961565338924,0.5874049969568265,0.09414562040572677,0.5752072917984911,45
clean54,event_probability,baseline,8,1,9,strong_fixed_support,randi_wild_type,flow,824,133,0.16140776699029127,0.6057582451062533,0.23501117113610423,0.6131110885622548,24
clean54,event_probability,baseline,8,1,9,strong_fixed_support,cook_struct,flow,1749,439,0.2510005717552887,0.5482637500217358,0.292913088146197,0.5399756506550911,33
clean54,event_probability,baseline,8,1,9,strong_fixed_support,cook_chem,flow,1749,405,0.23156089193825044,0.5554085831863609,0.27606635426516946,0.5506371387849093,33
clean54,event_probability,baseline,8,1,9,strong_fixed_support,cook_gap,flow,1749,98,0.05603201829616924,0.5582269249310868,0.09069140825534924,0.5423699015399105,28
clean54,event_probability,baseline,8,2,10,all_common,randi_wild_type,flow,1349,257,0.1905114899925871,0.5945646441755392,0.26885089993672107,0.6035893620263642,40
clean54,event_probability,baseline,8,2,10,all_common,cook_struct,flow,2862,758,0.26484975541579314,0.56737637569349,0.33291001722280716,0.5457982178100654,54
clean54,event_probability,baseline,8,2,10,all_common,cook_chem,flow,2862,699,0.24423480083857443,0.5654547775469481,0.3082964173508933,0.5438679568821663,54
clean54,event_probability,baseline,8,2,10,all_common,cook_gap,flow,2862,169,0.05904961565338924,0.5956490309085356,0.09432115399157714,0.5914211403269332,45
clean54,event_probability,baseline,8,2,10,strong_fixed_support,randi_wild_type,flow,824,133,0.16140776699029127,0.6126894660674841,0.23458811176678765,0.6284651010903191,24
clean54,event_probability,baseline,8,2,10,strong_fixed_support,cook_struct,flow,1749,439,0.2510005717552887,0.5649394007894417,0.3056560642196724,0.5585095127708498,33
clean54,event_probability,baseline,8,2,10,strong_fixed_support,cook_chem,flow,1749,405,0.23156089193825044,0.5686213991769548,0.28747240581321054,0.5605777432806547,33
clean54,event_probability,baseline,8,2,10,strong_fixed_support,cook_gap,flow,1749,98,0.05603201829616924,0.5730293328718525,0.09580828943905584,0.5693288457210304,28
clean54,event_probability,baseline,8,4,12,all_common,randi_wild_type,flow,1349,257,0.1905114899925871,0.5846267869614173,0.2610616858874598,0.5851184815112788,40
clean54,event_probability,baseline,8,4,12,all_common,cook_struct,flow,2862,758,0.26484975541579314,0.5739262818905063,0.33866217226258033,0.5486352733809438,54
clean54,event_probability,baseline,8,4,12,all_common,cook_chem,flow,2862,699,0.24423480083857443,0.573008002317557,0.3147633959500745,0.5480788210493643,54
clean54,event_probability,baseline,8,4,12,all_common,cook_gap,flow,2862,169,0.05904961565338924,0.5980022719432585,0.09246116776033546,0.5712881442009713,45
clean54,event_probability,baseline,8,4,12,strong_fixed_support,randi_wild_type,flow,824,133,0.16140776699029127,0.5893714024569382,0.22261804057534212,0.5944851422120664,24
clean54,event_probability,baseline,8,4,12,strong_fixed_support,cook_struct,flow,1749,439,0.2510005717552887,0.5693248013354432,0.3098474440912229,0.5587145732858547,33
clean54,event_probability,baseline,8,4,12,strong_fixed_support,cook_chem,flow,1749,405,0.23156089193825044,0.573208774250441,0.29117501349569613,0.5615039179628466,33
clean54,event_probability,baseline,8,4,12,strong_fixed_support,cook_gap,flow,1749,98,0.05603201829616924,0.5889627807513071,0.09835110042398751,0.5674195676447905,28
clean54,event_probability,baseline,8,8,16,all_common,randi_wild_type,flow,1349,257,0.1905114899925871,0.5722160459514546,0.24830192479036237,0.5860942510033051,40
clean54,event_probability,baseline,8,8,16,all_common,cook_struct,flow,2862,758,0.26484975541579314,0.5758512495360012,0.34523441452233816,0.5434549767707514,54
clean54,event_probability,baseline,8,8,16,all_common,cook_chem,flow,2862,699,0.24423480083857443,0.5739577773412516,0.32096758865014163,0.5427522333810505,54
clean54,event_probability,baseline,8,8,16,all_common,cook_gap,flow,2862,169,0.05904961565338924,0.6167666775796113,0.09934809398214631,0.6083575824145979,45
clean54,event_probability,baseline,8,8,16,strong_fixed_support,randi_wild_type,flow,824,133,0.16140776699029127,0.5917325876195554,0.21984173224300943,0.6073195668634256,24
clean54,event_probability,baseline,8,8,16,strong_fixed_support,cook_struct,flow,1749,439,0.2510005717552887,0.5698829748387209,0.31240135350104636,0.5459002929987767,33
clean54,event_probability,baseline,8,8,16,strong_fixed_support,cook_chem,flow,1749,405,0.23156089193825044,0.5701682833627277,0.29293461841314183,0.5463974117684927,33
clean54,event_probability,baseline,8,8,16,strong_fixed_support,cook_gap,flow,1749,98,0.05603201829616924,0.6199025945932582,0.10597961679767484,0.6240072705536726,28
clean54,event_probability,baseline,8,16,24,all_common,randi_wild_type,flow,1349,257,0.1905114899925871,0.5638673907156398,0.23849997325017125,0.5674971629967314,40
clean54,event_probability,baseline,8,16,24,all_common,cook_struct,flow,2862,758,0.26484975541579314,0.5871119967495009,0.358132321088208,0.5553401539674782,54
clean54,event_probability,baseline,8,16,24,all_common,cook_chem,flow,2862,699,0.24423480083857443,0.5818238458348463,0.3313412821504959,0.5514240669472664,54
clean54,event_probability,baseline,8,16,24,all_common,cook_gap,flow,2862,169,0.05904961565338924,0.6266740200871423,0.10883613428855743,0.6176424931122513,45
clean54,event_probability,baseline,8,16,24,strong_fixed_support,randi_wild_type,flow,824,133,0.16140776699029127,0.6048442379465305,0.22399345659540604,0.6094574333411759,24
clean54,event_probability,baseline,8,16,24,strong_fixed_support,cook_struct,flow,1749,439,0.2510005717552887,0.5765462797127406,0.3233062901894187,0.558530489160953,33
clean54,event_probability,baseline,8,16,24,strong_fixed_support,cook_chem,flow,1749,405,0.23156089193825044,0.5687591857730746,0.29916642081203887,0.5539669563221823,33
clean54,event_probability,baseline,8,16,24,strong_fixed_support,cook_gap,flow,1749,98,0.05603201829616924,0.6330980605446297,0.11910959551516634,0.6216722731441002,28
clean54,event_probability,baseline,8,32,40,all_common,randi_wild_type,flow,1349,257,0.1905114899925871,0.5503128518692721,0.2265229575111077,0.5281059783837356,40
clean54,event_probability,baseline,8,32,40,all_common,cook_struct,flow,2862,758,0.26484975541579314,0.5918635944099441,0.36012447139092707,0.5643966971941613,54
clean54,event_probability,baseline,8,32,40,all_common,cook_chem,flow,2862,699,0.24423480083857443,0.5892533882033444,0.3362481200378572,0.562965464803088,54
clean54,event_probability,baseline,8,32,40,all_common,cook_gap,flow,2862,169,0.05904961565338924,0.6286449418501177,0.10531808525030373,0.6124224140338115,45
clean54,event_probability,baseline,8,32,40,strong_fixed_support,randi_wild_type,flow,824,133,0.16140776699029127,0.5719182181212801,0.20309918317748457,0.5544129629345632,24
clean54,event_probability,baseline,8,32,40,strong_fixed_support,cook_struct,flow,1749,439,0.2510005717552887,0.5785772661670348,0.31551702754881916,0.5663779075969617,33
clean54,event_probability,baseline,8,32,40,strong_fixed_support,cook_chem,flow,1749,405,0.23156089193825044,0.5726447677836566,0.29228173529033896,0.5641191243745279,33
clean54,event_probability,baseline,8,32,40,strong_fixed_support,cook_gap,flow,1749,98,0.05603201829616924,0.6458732493603135,0.11224896601077954,0.6282284535328885,28
clean54,event_probability,baseline,16,1,17,all_common,randi_wild_type,flow,1349,257,0.1905114899925871,0.5566126480523368,0.2502156528684041,0.5501976179683409,40
clean54,event_probability,baseline,16,1,17,all_common,cook_struct,flow,2862,758,0.26484975541579314,0.5656128670606058,0.32922329451264165,0.5323657116798648,54
clean54,event_probability,baseline,16,1,17,all_common,cook_chem,flow,2862,699,0.24423480083857443,0.5587749357281421,0.2987977916261197,0.5267998216093831,54
clean54,event_probability,baseline,16,1,17,all_common,cook_gap,flow,2862,169,0.05904961565338924,0.6075976067692483,0.09908837600283275,0.5792112660960096,45
clean54,event_probability,baseline,16,1,17,strong_fixed_support,randi_wild_type,flow,824,133,0.16140776699029127,0.5564453826316877,0.22239854057805702,0.5638802906379675,24
clean54,event_probability,baseline,16,1,17,strong_fixed_support,cook_struct,flow,1749,439,0.2510005717552887,0.547123058999461,0.2964533810280718,0.5158419485394645,33
clean54,event_probability,baseline,16,1,17,strong_fixed_support,cook_chem,flow,1749,405,0.23156089193825044,0.544650205761317,0.2714761201159879,0.5151694669172018,33
clean54,event_probability,baseline,16,1,17,strong_fixed_support,cook_gap,flow,1749,98,0.05603201829616924,0.5771332154909208,0.0952448047333916,0.5460036015660578,28
clean54,event_probability,baseline,16,2,18,all_common,randi_wild_type,flow,1349,257,0.1905114899925871,0.5601758811875543,0.24457338225824524,0.5325524165631532,40
clean54,event_probability,baseline,16,2,18,all_common,cook_struct,flow,2862,758,0.26484975541579314,0.5685677237477051,0.332096196574973,0.5303063314464908,54
clean54,event_probability,baseline,16,2,18,all_common,cook_chem,flow,2862,699,0.24423480083857443,0.5632569346474092,0.3026879576117503,0.5243404693558725,54
clean54,event_probability,baseline,16,2,18,all_common,cook_gap,flow,2862,169,0.05904961565338924,0.6194341235330696,0.1018595736339494,0.5863072882097424,45
clean54,event_probability,baseline,16,2,18,strong_fixed_support,randi_wild_type,flow,824,133,0.16140776699029127,0.556608598195924,0.20989081929522257,0.5465839945071341,24
clean54,event_probability,baseline,16,2,18,strong_fixed_support,cook_struct,flow,1749,439,0.2510005717552887,0.5524196212766698,0.29917669816367065,0.5161476716587683,33
clean54,event_probability,baseline,16,2,18,strong_fixed_support,cook_chem,flow,1749,405,0.23156089193825044,0.5501818783068784,0.27478123281258626,0.5136250697383958,33
clean54,event_probability,baseline,16,2,18,strong_fixed_support,cook_gap,flow,1749,98,0.05603201829616924,0.6058789354627374,0.1012213572188882,0.5729254933503272,28
clean54,event_probability,baseline,16,4,20,all_common,randi_wild_type,flow,1349,257,0.1905114899925871,0.5640170465073189,0.2428634614755018,0.5398257526590047,40
clean54,event_probability,baseline,16,4,20,all_common,cook_struct,flow,2862,758,0.26484975541579314,0.5795688824904441,0.33797421760099305,0.542411380284048,54
clean54,event_probability,baseline,16,4,20,all_common,cook_chem,flow,2862,699,0.24423480083857443,0.5763758675129982,0.310097485075429,0.5404362451545613,54
clean54,event_probability,baseline,16,4,20,all_common,cook_gap,flow,2862,169,0.05904961565338924,0.6219411711713692,0.10222113420838796,0.5913688790120486,45
clean54,event_probability,baseline,16,4,20,strong_fixed_support,randi_wild_type,flow,824,133,0.16140776699029127,0.5615594703110889,0.20749275743470585,0.5542504865643075,24
clean54,event_probability,baseline,16,4,20,strong_fixed_support,cook_struct,flow,1749,439,0.2510005717552887,0.5620355074857848,0.30543656426451876,0.5273771861872374,33
clean54,event_probability,baseline,16,4,20,strong_fixed_support,cook_chem,flow,1749,405,0.23156089193825044,0.5616218400940624,0.282338196741964,0.5290938375930446,33
clean54,event_probability,baseline,16,4,20,strong_fixed_support,cook_gap,flow,1749,98,0.05603201829616924,0.6167134327989221,0.10572898474323071,0.5790524504007397,28
clean54,event_probability,baseline,16,8,24,all_common,randi_wild_type,flow,1349,257,0.1905114899925871,0.555846552928265,0.23409101342508437,0.5261481140720735,40
clean54,event_probability,baseline,16,8,24,all_common,cook_struct,flow,2862,758,0.26484975541579314,0.5840577565536683,0.3432971869530882,0.5568175253289575,54
clean54,event_probability,baseline,16,8,24,all_common,cook_chem,flow,2862,699,0.24423480083857443,0.57965708888664,0.3153877895360527,0.5523739842359203,54
clean54,event_probability,baseline,16,8,24,all_common,cook_gap,flow,2862,169,0.05904961565338924,0.637297661919902,0.10548227949595149,0.6137724521541804,45
clean54,event_probability,baseline,16,8,24,strong_fixed_support,randi_wild_type,flow,824,133,0.16140776699029127,0.550928696560504,0.197387803098852,0.5328206255751532,24
clean54,event_probability,baseline,16,8,24,strong_fixed_support,cook_struct,flow,1749,439,0.2510005717552887,0.5661113912604984,0.31420431564897855,0.5452533409348714,33
clean54,event_probability,baseline,16,8,24,strong_fixed_support,cook_chem,flow,1749,405,0.23156089193825044,0.5624375367430923,0.28938682343575184,0.5426611713472985,33
clean54,event_probability,baseline,16,8,24,strong_fixed_support,cook_gap,flow,1749,98,0.05603201829616924,0.6455951247852261,0.11459456290079831,0.609368283243433,28
clean54,event_probability,baseline,16,16,32,all_common,randi_wild_type,flow,1349,257,0.1905114899925871,0.5551374695343567,0.22653655976154194,0.5293759013776697,40
clean54,event_probability,baseline,16,16,32,all_common,cook_struct,flow,2862,758,0.26484975541579314,0.5845437011547298,0.3481741003126892,0.5618516613925764,54
clean54,event_probability,baseline,16,16,32,all_common,cook_chem,flow,2862,699,0.24423480083857443,0.579375331114987,0.3205495753757768,0.5580024555010608,54
clean54,event_probability,baseline,16,16,32,all_common,cook_gap,flow,2862,169,0.05904961565338924,0.6413208032220286,0.11027797179810755,0.6317366541131909,45
clean54,event_probability,baseline,16,16,32,strong_fixed_support,randi_wild_type,flow,824,133,0.16140776699029127,0.5687409551374819,0.19807435080914276,0.5466569854152245,24
clean54,event_probability,baseline,16,16,32,strong_fixed_support,cook_struct,flow,1749,439,0.2510005717552887,0.5748821923525013,0.31564288401573526,0.5622660287415562,33
clean54,event_probability,baseline,16,16,32,strong_fixed_support,cook_chem,flow,1749,405,0.23156089193825044,0.567853468547913,0.28929922426161614,0.5580951397809731,33
clean54,event_probability,baseline,16,16,32,strong_fixed_support,cook_gap,flow,1749,98,0.05603201829616924,0.6543591391735375,0.1143036889526765,0.6386697594221655,28
clean54,event_probability,baseline,16,32,48,all_common,randi_wild_type,flow,1349,257,0.1905114899925871,0.5583764484542695,0.22532350491426156,0.5087132446360294,40
clean54,event_probability,baseline,16,32,48,all_common,cook_struct,flow,2862,758,0.26484975541579314,0.57807405419505,0.34379087205498543,0.5506726181409852,54
clean54,event_probability,baseline,16,32,48,all_common,cook_chem,flow,2862,699,0.24423480083857443,0.5729531058503099,0.3171377272028718,0.5486124800922372,54
clean54,event_probability,baseline,16,32,48,all_common,cook_gap,flow,2862,169,0.05904961565338924,0.6341248514118349,0.10962037384666376,0.6081440051358435,45
clean54,event_probability,baseline,16,32,48,strong_fixed_support,randi_wild_type,flow,824,133,0.16140776699029127,0.5572723414904845,0.19489535126217167,0.5154895815215969,24
clean54,event_probability,baseline,16,32,48,strong_fixed_support,cook_struct,flow,1749,439,0.2510005717552887,0.5732720095984976,0.3158372368580059,0.5613461545155588,33
clean54,event_probability,baseline,16,32,48,strong_fixed_support,cook_chem,flow,1749,405,0.23156089193825044,0.5658234126984127,0.28875391936207795,0.5583667342907761,33
clean54,event_probability,baseline,16,32,48,strong_fixed_support,cook_gap,flow,1749,98,0.05603201829616924,0.6576286480673432,0.1143124693449729,0.6268061731429208,28
clean54,event_probability,onset_minus_baseline,1,1,2,all_common,randi_wild_type,flow,1349,257,0.1905114899925871,0.5413905160986873,0.23324286243124848,0.5311169003401869,40
clean54,event_probability,onset_minus_baseline,1,1,2,all_common,cook_struct,flow,2862,758,0.26484975541579314,0.51307285030649,0.2740406126494412,0.4979905551469486,54
clean54,event_probability,onset_minus_baseline,1,1,2,all_common,cook_chem,flow,2862,699,0.24423480083857443,0.5091872214252314,0.25192748377670754,0.49765671989933513,54
clean54,event_probability,onset_minus_baseline,1,1,2,all_common,cook_gap,flow,2862,169,0.05904961565338924,0.5328036526871112,0.06619914388421516,0.49665782113671425,45
clean54,event_probability,onset_minus_baseline,1,1,2,strong_fixed_support,randi_wild_type,flow,824,133,0.16140776699029127,0.5180788439985636,0.17984903630633958,0.5091243860533189,24
clean54,event_probability,onset_minus_baseline,1,1,2,strong_fixed_support,cook_struct,flow,1749,439,0.2510005717552887,0.5216331356831104,0.2664824276247446,0.5062321167762125,33
clean54,event_probability,onset_minus_baseline,1,1,2,strong_fixed_support,cook_chem,flow,1749,405,0.23156089193825044,0.5224684009406232,0.24718853049457978,0.5101023576302839,33
clean54,event_probability,onset_minus_baseline,1,1,2,strong_fixed_support,cook_gap,flow,1749,98,0.05603201829616924,0.5165576830368731,0.06682715426751704,0.48916014370482286,28
clean54,event_probability,onset_minus_baseline,1,2,3,all_common,randi_wild_type,flow,1349,257,0.1905114899925871,0.5523617109220222,0.25317833219270713,0.5490625020337061,40
clean54,event_probability,onset_minus_baseline,1,2,3,all_common,cook_struct,flow,2862,758,0.26484975541579314,0.5073813417338002,0.2739842194134101,0.49654104672665805,54
clean54,event_probability,onset_minus_baseline,1,2,3,all_common,cook_chem,flow,2862,699,0.24423480083857443,0.505026333769198,0.2527150965208571,0.4967115726663019,54
clean54,event_probability,onset_minus_baseline,1,2,3,all_common,cook_gap,flow,2862,169,0.05904961565338924,0.5029168323749718,0.0634812304764146,0.5035787310972801,45
clean54,event_probability,onset_minus_baseline,1,2,3,strong_fixed_support,randi_wild_type,flow,824,133,0.16140776699029127,0.5424741303330686,0.20580699406057196,0.5226986372520109,24
clean54,event_probability,onset_minus_baseline,1,2,3,strong_fixed_support,cook_struct,flow,1749,439,0.2510005717552887,0.5217722443443635,0.26892027061346385,0.5060356087850504,33
clean54,event_probability,onset_minus_baseline,1,2,3,strong_fixed_support,cook_chem,flow,1749,405,0.23156089193825044,0.5262823339212228,0.2512227395294322,0.512203263180053,33
clean54,event_probability,onset_minus_baseline,1,2,3,strong_fixed_support,cook_gap,flow,1749,98,0.05603201829616924,0.48017898861543407,0.06424968887865579,0.49690142162339523,28
clean54,event_probability,onset_minus_baseline,1,4,5,all_common,randi_wild_type,flow,1349,257,0.1905114899925871,0.5836148287510156,0.2745027308908051,0.5855190555998556,40
clean54,event_probability,onset_minus_baseline,1,4,5,all_common,cook_struct,flow,2862,758,0.26484975541579314,0.5186044674297983,0.28209508994728383,0.50566654144813,54
clean54,event_probability,onset_minus_baseline,1,4,5,all_common,cook_chem,flow,2862,699,0.24423480083857443,0.5179455228623944,0.260313601758924,0.509151876435284,54
clean54,event_probability,onset_minus_baseline,1,4,5,all_common,cook_gap,flow,2862,169,0.05904961565338924,0.5245947745305053,0.06824026476762493,0.5337426597234632,45
clean54,event_probability,onset_minus_baseline,1,4,5,strong_fixed_support,randi_wild_type,flow,824,133,0.16140776699029127,0.5614506599349314,0.23192633642426205,0.5535877019865224,24
clean54,event_probability,onset_minus_baseline,1,4,5,strong_fixed_support,cook_struct,flow,1749,439,0.2510005717552887,0.5337581943695769,0.2782614471005803,0.5162019955189998,33
clean54,event_probability,onset_minus_baseline,1,4,5,strong_fixed_support,cook_chem,flow,1749,405,0.23156089193825044,0.5396678424456203,0.2624877388703043,0.5272787463203764,33
clean54,event_probability,onset_minus_baseline,1,4,5,strong_fixed_support,cook_gap,flow,1749,98,0.05603201829616924,0.500346110582331,0.06402616692973623,0.521748664118174,28
clean54,event_probability,onset_minus_baseline,1,8,9,all_common,randi_wild_type,flow,1349,257,0.1905114899925871,0.5738515699605193,0.26413372817551317,0.580664706263671,40
clean54,event_probability,onset_minus_baseline,1,8,9,all_common,cook_struct,flow,2862,758,0.26484975541579314,0.5257908042978822,0.2859903954782372,0.5199522690735682,54
clean54,event_probability,onset_minus_baseline,1,8,9,all_common,cook_chem,flow,2862,699,0.24423480083857443,0.5221930543402271,0.26076891105125566,0.5207443572206149,54
clean54,event_probability,onset_minus_baseline,1,8,9,all_common,cook_gap,flow,2862,169,0.05904961565338924,0.5407598485664126,0.0721911623096947,0.5390811181160131,45
clean54,event_probability,onset_minus_baseline,1,8,9,strong_fixed_support,randi_wild_type,flow,824,133,0.16140776699029127,0.5336496088266978,0.21821524319947463,0.5378524801899442,24
clean54,event_probability,onset_minus_baseline,1,8,9,strong_fixed_support,cook_struct,flow,1749,439,0.2510005717552887,0.5258185675285607,0.27288403540128703,0.5183570910111753,33
clean54,event_probability,onset_minus_baseline,1,8,9,strong_fixed_support,cook_chem,flow,1749,405,0.23156089193825044,0.5293834509112287,0.2553007575405968,0.5255877373819338,33
clean54,event_probability,onset_minus_baseline,1,8,9,strong_fixed_support,cook_gap,flow,1749,98,0.05603201829616924,0.5107912335133932,0.0618601831707844,0.5287245065610516,28
clean54,event_probability,onset_minus_baseline,1,16,17,all_common,randi_wild_type,flow,1349,257,0.1905114899925871,0.5845341428999017,0.2485499617197076,0.5669173912004227,40
clean54,event_probability,onset_minus_baseline,1,16,17,all_common,cook_struct,flow,2862,758,0.26484975541579314,0.5342007810227034,0.29340400216950485,0.5235481022500056,54
clean54,event_probability,onset_minus_baseline,1,16,17,all_common,cook_chem,flow,2862,699,0.24423480083857443,0.5274713827361854,0.2662430225755355,0.5191113751284472,54
clean54,event_probability,onset_minus_baseline,1,16,17,all_common,cook_gap,flow,2862,169,0.05904961565338924,0.5532972839951045,0.07441796192167965,0.5523075178275397,45
clean54,event_probability,onset_minus_baseline,1,16,17,strong_fixed_support,randi_wild_type,flow,824,133,0.16140776699029127,0.5665212234638695,0.2030253708993552,0.5412683570321156,24
clean54,event_probability,onset_minus_baseline,1,16,17,strong_fixed_support,cook_struct,flow,1749,439,0.2510005717552887,0.5174355318298005,0.26536989591002064,0.514628793469345,33
clean54,event_probability,onset_minus_baseline,1,16,17,strong_fixed_support,cook_chem,flow,1749,405,0.23156089193825044,0.5150371105232217,0.24502249986604518,0.5136412833879898,33
clean54,event_probability,onset_minus_baseline,1,16,17,strong_fixed_support,cook_gap,flow,1749,98,0.05603201829616924,0.5089556113178161,0.059616360897510545,0.5228823440066079,28
clean54,event_probability,onset_minus_baseline,1,32,33,all_common,randi_wild_type,flow,1349,257,0.1905114899925871,0.5596378329841365,0.22289006307156367,0.5543252972886392,40
clean54,event_probability,onset_minus_baseline,1,32,33,all_common,cook_struct,flow,2862,758,0.26484975541579314,0.538666141637489,0.294895395025202,0.520712619553071,54
clean54,event_probability,onset_minus_baseline,1,32,33,all_common,cook_chem,flow,2862,699,0.24423480083857443,0.5347795576138424,0.26967670047447767,0.5214839980142285,54
clean54,event_probability,onset_minus_baseline,1,32,33,all_common,cook_gap,flow,2862,169,0.05904961565338924,0.5409883612345836,0.06872505332982631,0.5219590230807689,45
clean54,event_probability,onset_minus_baseline,1,32,33,strong_fixed_support,randi_wild_type,flow,824,133,0.16140776699029127,0.568349237783315,0.19744066474257266,0.5577878206373196,24
clean54,event_probability,onset_minus_baseline,1,32,33,strong_fixed_support,cook_struct,flow,1749,439,0.2510005717552887,0.5137022031334226,0.262437374213757,0.4960463810328926,33
clean54,event_probability,onset_minus_baseline,1,32,33,strong_fixed_support,cook_chem,flow,1749,405,0.23156089193825044,0.5103854350382129,0.24236463501692346,0.4977006102313438,33
clean54,event_probability,onset_minus_baseline,1,32,33,strong_fixed_support,cook_gap,flow,1749,98,0.05603201829616924,0.5151114352464183,0.05850079585250719,0.5127420936590408,28
clean54,event_probability,onset_minus_baseline,4,1,5,all_common,randi_wild_type,flow,1349,257,0.1905114899925871,0.5634433659725488,0.23628308452466107,0.542904319534791,40
clean54,event_probability,onset_minus_baseline,4,1,5,all_common,cook_struct,flow,2862,758,0.26484975541579314,0.5253280596326133,0.27894732871069333,0.5194352091211297,54
clean54,event_probability,onset_minus_baseline,4,1,5,all_common,cook_chem,flow,2862,699,0.24423480083857443,0.516702746212309,0.2523939335623966,0.5102190467477892,54
clean54,event_probability,onset_minus_baseline,4,1,5,all_common,cook_gap,flow,2862,169,0.05904961565338924,0.5526227321765611,0.07323865176714953,0.5414427547045637,45
clean54,event_probability,onset_minus_baseline,4,1,5,strong_fixed_support,randi_wild_type,flow,824,133,0.16140776699029127,0.5662056733730129,0.21666351141842027,0.5514911604407127,24
clean54,event_probability,onset_minus_baseline,4,1,5,strong_fixed_support,cook_struct,flow,1749,439,0.2510005717552887,0.5109530682154098,0.25746746307007845,0.506699237450074,33
clean54,event_probability,onset_minus_baseline,4,1,5,strong_fixed_support,cook_chem,flow,1749,405,0.23156089193825044,0.5068599353321576,0.2371976838549359,0.4979315912122843,33
clean54,event_probability,onset_minus_baseline,4,1,5,strong_fixed_support,cook_gap,flow,1749,98,0.05603201829616924,0.523115242462824,0.06843979335507726,0.5399189991219442,28
clean54,event_probability,onset_minus_baseline,4,2,6,all_common,randi_wild_type,flow,1349,257,0.1905114899925871,0.5500990578811591,0.23784994217234345,0.5451765256223947,40
clean54,event_probability,onset_minus_baseline,4,2,6,all_common,cook_struct,flow,2862,758,0.26484975541579314,0.5240934468332715,0.28037108233603375,0.5194590059830874,54
clean54,event_probability,onset_minus_baseline,4,2,6,all_common,cook_chem,flow,2862,699,0.24423480083857443,0.5183251683105844,0.2550321795788963,0.5183781164503949,54
clean54,event_probability,onset_minus_baseline,4,2,6,all_common,cook_gap,flow,2862,169,0.05904961565338924,0.528569576614365,0.07049293243296886,0.5146464825386083,45
clean54,event_probability,onset_minus_baseline,4,2,6,strong_fixed_support,randi_wild_type,flow,824,133,0.16140776699029127,0.5396885847034374,0.21341490849412778,0.5234159178722845,24
clean54,event_probability,onset_minus_baseline,4,2,6,strong_fixed_support,cook_struct,flow,1749,439,0.2510005717552887,0.5092559425481229,0.2602744333803242,0.5067162617504579,33
clean54,event_probability,onset_minus_baseline,4,2,6,strong_fixed_support,cook_chem,flow,1749,405,0.23156089193825044,0.5040913433274544,0.23839299784827217,0.5060381077372863,33
clean54,event_probability,onset_minus_baseline,4,2,6,strong_fixed_support,cook_gap,flow,1749,98,0.05603201829616924,0.5081768625075711,0.0683010255113151,0.5119194974100211,28
clean54,event_probability,onset_minus_baseline,4,4,8,all_common,randi_wild_type,flow,1349,257,0.1905114899925871,0.565673949915195,0.24963706336224173,0.5270013030941388,40
clean54,event_probability,onset_minus_baseline,4,4,8,all_common,cook_struct,flow,2862,758,0.26484975541579314,0.5289365901863017,0.28215512733909376,0.5232141737462607,54
clean54,event_probability,onset_minus_baseline,4,4,8,all_common,cook_chem,flow,2862,699,0.24423480083857443,0.5213663003154232,0.2559779945730153,0.517736173121539,54
clean54,event_probability,onset_minus_baseline,4,4,8,all_common,cook_gap,flow,2862,169,0.05904961565338924,0.5414168224874043,0.06840318517795656,0.5414035572408741,45
clean54,event_probability,onset_minus_baseline,4,4,8,strong_fixed_support,randi_wild_type,flow,824,133,0.16140776699029127,0.553039617857959,0.22713525419455755,0.48644918228635287,24
clean54,event_probability,onset_minus_baseline,4,4,8,strong_fixed_support,cook_struct,flow,1749,439,0.2510005717552887,0.5263176198508059,0.2698751966795528,0.5175211232667851,33
clean54,event_probability,onset_minus_baseline,4,4,8,strong_fixed_support,cook_chem,flow,1749,405,0.23156089193825044,0.5177854938271604,0.24391942640701306,0.5108040530330704,33
clean54,event_probability,onset_minus_baseline,4,4,8,strong_fixed_support,cook_gap,flow,1749,98,0.05603201829616924,0.5418979221003968,0.06730305391504446,0.5417529744949657,28
clean54,event_probability,onset_minus_baseline,4,8,12,all_common,randi_wild_type,flow,1349,257,0.1905114899925871,0.5561708071435698,0.24595786715410192,0.5408607380266502,40
clean54,event_probability,onset_minus_baseline,4,8,12,all_common,cook_struct,flow,2862,758,0.26484975541579314,0.5235868103975843,0.28288815852841076,0.5223327415164485,54
clean54,event_probability,onset_minus_baseline,4,8,12,all_common,cook_chem,flow,2862,699,0.24423480083857443,0.5129281180366642,0.25530098790117267,0.5129613847655046,54
clean54,event_probability,onset_minus_baseline,4,8,12,all_common,cook_gap,flow,2862,169,0.05904961565338924,0.5601372833798781,0.06866454840729837,0.5525703986045454,45
clean54,event_probability,onset_minus_baseline,4,8,12,strong_fixed_support,randi_wild_type,flow,824,133,0.16140776699029127,0.5627999085992841,0.21886934553760423,0.5227518500760842,24
clean54,event_probability,onset_minus_baseline,4,8,12,strong_fixed_support,cook_struct,flow,1749,439,0.2510005717552887,0.5193813142290772,0.269820394120741,0.5195125506350375,33
clean54,event_probability,onset_minus_baseline,4,8,12,strong_fixed_support,cook_chem,flow,1749,405,0.23156089193825044,0.5083186360964139,0.24469210324631818,0.5092290906849641,33
clean54,event_probability,onset_minus_baseline,4,8,12,strong_fixed_support,cook_gap,flow,1749,98,0.05603201829616924,0.5657424690045613,0.067645532253471,0.5660246931491308,28
clean54,event_probability,onset_minus_baseline,4,16,20,all_common,randi_wild_type,flow,1349,257,0.1905114899925871,0.5522726300936418,0.23740310979569984,0.5130266538115414,40
clean54,event_probability,onset_minus_baseline,4,16,20,all_common,cook_struct,flow,2862,758,0.26484975541579314,0.5225522186662921,0.2924151675616634,0.514102375665228,54
clean54,event_probability,onset_minus_baseline,4,16,20,all_common,cook_chem,flow,2862,699,0.24423480083857443,0.518909187353706,0.26735161554417175,0.5140508522142399,54
clean54,event_probability,onset_minus_baseline,4,16,20,all_common,cook_gap,flow,2862,169,0.05904961565338924,0.5380374716831057,0.06698215054180887,0.5168914889518016,45
clean54,event_probability,onset_minus_baseline,4,16,20,strong_fixed_support,randi_wild_type,flow,824,133,0.16140776699029127,0.5233343851669696,0.20613267311667652,0.4622923004812189,24
clean54,event_probability,onset_minus_baseline,4,16,20,strong_fixed_support,cook_struct,flow,1749,439,0.2510005717552887,0.4970213357909196,0.2637026778032866,0.4862551237112287,33
clean54,event_probability,onset_minus_baseline,4,16,20,strong_fixed_support,cook_chem,flow,1749,405,0.23156089193825044,0.4980562904174015,0.24571956691491764,0.4909307344974972,33
clean54,event_probability,onset_minus_baseline,4,16,20,strong_fixed_support,cook_gap,flow,1749,98,0.05603201829616924,0.5196355950011742,0.0614207363929709,0.5102447741578582,28
clean54,event_probability,onset_minus_baseline,4,32,36,all_common,randi_wild_type,flow,1349,257,0.1905114899925871,0.5521906757315318,0.23831950823217427,0.5262868795660376,40
clean54,event_probability,onset_minus_baseline,4,32,36,all_common,cook_struct,flow,2862,758,0.26484975541579314,0.5349936545040481,0.29425102002256126,0.5288139771464201,54
clean54,event_probability,onset_minus_baseline,4,32,36,all_common,cook_chem,flow,2862,699,0.24423480083857443,0.5338337510094666,0.2702823300950133,0.5268217408981714,54
clean54,event_probability,onset_minus_baseline,4,32,36,all_common,cook_gap,flow,2862,169,0.05904961565338924,0.5515175218680032,0.07230715023845347,0.5186088449692577,45
clean54,event_probability,onset_minus_baseline,4,32,36,strong_fixed_support,randi_wild_type,flow,824,133,0.16140776699029127,0.5546500114250894,0.2152546273390359,0.5329381567495836,24
clean54,event_probability,onset_minus_baseline,4,32,36,strong_fixed_support,cook_struct,flow,1749,439,0.2510005717552887,0.5191170077726964,0.26735940948099546,0.5139213994965682,33
clean54,event_probability,onset_minus_baseline,4,32,36,strong_fixed_support,cook_chem,flow,1749,405,0.23156089193825044,0.5202876984126984,0.2504308042365857,0.5111698870502184,33
clean54,event_probability,onset_minus_baseline,4,32,36,strong_fixed_support,cook_gap,flow,1749,98,0.05603201829616924,0.5447656954968542,0.06505836575151763,0.5348226261137217,28
clean54,event_probability,onset_minus_baseline,8,1,9,all_common,randi_wild_type,flow,1349,257,0.1905114899925871,0.5801371132110432,0.25284897809166595,0.5818269362745161,40
clean54,event_probability,onset_minus_baseline,8,1,9,all_common,cook_struct,flow,2862,758,0.26484975541579314,0.517755475184847,0.27759016439802064,0.5151259540502857,54
clean54,event_probability,onset_minus_baseline,8,1,9,all_common,cook_chem,flow,2862,699,0.24423480083857443,0.5112752713902762,0.252184631462989,0.5116917374010851,54
clean54,event_probability,onset_minus_baseline,8,1,9,all_common,cook_gap,flow,2862,169,0.05904961565338924,0.5638594031864335,0.07329238669911492,0.5513969632315056,45
clean54,event_probability,onset_minus_baseline,8,1,9,strong_fixed_support,randi_wild_type,flow,824,133,0.16140776699029127,0.5504390498677953,0.1975505275030071,0.5652175313739849,24
clean54,event_probability,onset_minus_baseline,8,1,9,strong_fixed_support,cook_struct,flow,1749,439,0.2510005717552887,0.5043645342468135,0.25820281868777983,0.5005468950682631,33
clean54,event_probability,onset_minus_baseline,8,1,9,strong_fixed_support,cook_chem,flow,1749,405,0.23156089193825044,0.5011225014697237,0.2375610316963049,0.5033212322619899,33
clean54,event_probability,onset_minus_baseline,8,1,9,strong_fixed_support,cook_gap,flow,1749,98,0.05603201829616924,0.5716634321808676,0.07539400003644463,0.5438321344920845,28
clean54,event_probability,onset_minus_baseline,8,2,10,all_common,randi_wild_type,flow,1349,257,0.1905114899925871,0.600180299596642,0.2747121790323261,0.6037072352872948,40
clean54,event_probability,onset_minus_baseline,8,2,10,all_common,cook_struct,flow,2862,758,0.26484975541579314,0.5231441305416495,0.28223857025758836,0.520549207108636,54
clean54,event_probability,onset_minus_baseline,8,2,10,all_common,cook_chem,flow,2862,699,0.24423480083857443,0.5170228653707132,0.2572299077847824,0.5172494745046807,54
clean54,event_probability,onset_minus_baseline,8,2,10,all_common,cook_gap,flow,2862,169,0.05904961565338924,0.5542794490208012,0.07262267795858454,0.5371020391304938,45
clean54,event_probability,onset_minus_baseline,8,2,10,strong_fixed_support,randi_wild_type,flow,824,133,0.16140776699029127,0.5759442020391063,0.22029591202326884,0.5783658529293811,24
clean54,event_probability,onset_minus_baseline,8,2,10,strong_fixed_support,cook_struct,flow,1749,439,0.2510005717552887,0.51542715053296,0.2682430061052681,0.5111807824299239,33
clean54,event_probability,onset_minus_baseline,8,2,10,strong_fixed_support,cook_chem,flow,1749,405,0.23156089193825044,0.5121491034685479,0.24791756944737045,0.5131431616793152,33
clean54,event_probability,onset_minus_baseline,8,2,10,strong_fixed_support,cook_gap,flow,1749,98,0.05603201829616924,0.5626830986785992,0.08098926526297984,0.5290351950929926,28
clean54,event_probability,onset_minus_baseline,8,4,12,all_common,randi_wild_type,flow,1349,257,0.1905114899925871,0.6051688259859467,0.2680684671690985,0.6031389607525345,40
clean54,event_probability,onset_minus_baseline,8,4,12,all_common,cook_struct,flow,2862,758,0.26484975541579314,0.5260058739729325,0.28587544771367845,0.524904579035892,54
clean54,event_probability,onset_minus_baseline,8,4,12,all_common,cook_chem,flow,2862,699,0.24423480083857443,0.5172318687881836,0.25747911218617103,0.5187295838380743,54
clean54,event_probability,onset_minus_baseline,8,4,12,all_common,cook_gap,flow,2862,169,0.05904961565338924,0.5645778997488559,0.07583631093971449,0.5498043485897564,45
clean54,event_probability,onset_minus_baseline,8,4,12,strong_fixed_support,randi_wild_type,flow,824,133,0.16140776699029127,0.580307498123021,0.23034407403341228,0.5868598221895007,24
clean54,event_probability,onset_minus_baseline,8,4,12,strong_fixed_support,cook_struct,flow,1749,439,0.2510005717552887,0.5296805717365978,0.28075242190346994,0.5249031096385143,33
clean54,event_probability,onset_minus_baseline,8,4,12,strong_fixed_support,cook_chem,flow,1749,405,0.23156089193825044,0.5293062904174015,0.25973308369457127,0.5271777027402254,33
clean54,event_probability,onset_minus_baseline,8,4,12,strong_fixed_support,cook_gap,flow,1749,98,0.05603201829616924,0.5622813631812508,0.07358663004951924,0.5373486992729383,28
clean54,event_probability,onset_minus_baseline,8,8,16,all_common,randi_wild_type,flow,1349,257,0.1905114899925871,0.583229999572412,0.2575993762171578,0.5903676379837443,40
clean54,event_probability,onset_minus_baseline,8,8,16,all_common,cook_struct,flow,2862,758,0.26484975541579314,0.5235121943878729,0.2870669000725642,0.5151445975115766,54
clean54,event_probability,onset_minus_baseline,8,8,16,all_common,cook_chem,flow,2862,699,0.24423480083857443,0.5143646858301636,0.2568301739852078,0.5093458901584657,54
clean54,event_probability,onset_minus_baseline,8,8,16,all_common,cook_gap,flow,2862,169,0.05904961565338924,0.5634243502220307,0.08049522091528707,0.5520923581014322,45
clean54,event_probability,onset_minus_baseline,8,8,16,strong_fixed_support,randi_wild_type,flow,824,133,0.16140776699029127,0.5851277977867969,0.23606841626674446,0.597665590507861,24
clean54,event_probability,onset_minus_baseline,8,8,16,strong_fixed_support,cook_struct,flow,1749,439,0.2510005717552887,0.5214401224156219,0.2820723976018896,0.508553819588698,33
clean54,event_probability,onset_minus_baseline,8,8,16,strong_fixed_support,cook_chem,flow,1749,405,0.23156089193825044,0.5215020576131688,0.26128575511645025,0.5130398745437424,33
clean54,event_probability,onset_minus_baseline,8,8,16,strong_fixed_support,cook_gap,flow,1749,98,0.05603201829616924,0.5465333316851877,0.07570901294312632,0.5461751453796491,28
clean54,event_probability,onset_minus_baseline,8,16,24,all_common,randi_wild_type,flow,1349,257,0.1905114899925871,0.5753623808098516,0.25322015358026806,0.5685462674343451,40
clean54,event_probability,onset_minus_baseline,8,16,24,all_common,cook_struct,flow,2862,758,0.26484975541579314,0.5366311310533022,0.29950821204542927,0.5277216276638046,54
clean54,event_probability,onset_minus_baseline,8,16,24,all_common,cook_chem,flow,2862,699,0.24423480083857443,0.5279204755224589,0.2663769333569846,0.5238589047598201,54
clean54,event_probability,onset_minus_baseline,8,16,24,all_common,cook_gap,flow,2862,169,0.05904961565338924,0.5717332026709615,0.08759606770280039,0.557012781944582,45
clean54,event_probability,onset_minus_baseline,8,16,24,strong_fixed_support,randi_wild_type,flow,824,133,0.16140776699029127,0.5685668585356299,0.22313664818745058,0.5791621375299809,24
clean54,event_probability,onset_minus_baseline,8,16,24,strong_fixed_support,cook_struct,flow,1749,439,0.2510005717552887,0.530911683388687,0.28110451807369496,0.5189207684480861,33
clean54,event_probability,onset_minus_baseline,8,16,24,strong_fixed_support,cook_chem,flow,1749,405,0.23156089193825044,0.5292860817166373,0.2586387176257656,0.5222105837732938,33
clean54,event_probability,onset_minus_baseline,8,16,24,strong_fixed_support,cook_gap,flow,1749,98,0.05603201829616924,0.5390054265194872,0.07883410817571655,0.549394460159631,28
clean54,event_probability,onset_minus_baseline,8,32,40,all_common,randi_wild_type,flow,1349,257,0.1905114899925871,0.5504482547284104,0.22876829153809017,0.5495064721369645,40
clean54,event_probability,onset_minus_baseline,8,32,40,all_common,cook_struct,flow,2862,758,0.26484975541579314,0.5059953023265147,0.2725044777879224,0.4882276978409652,54
clean54,event_probability,onset_minus_baseline,8,32,40,all_common,cook_chem,flow,2862,699,0.24423480083857443,0.4985465664243947,0.24460641527589672,0.4849505183354443,54
clean54,event_probability,onset_minus_baseline,8,32,40,all_common,cook_gap,flow,2862,169,0.05904961565338924,0.5417299287875426,0.06925384958372134,0.4973879659114576,45
clean54,event_probability,onset_minus_baseline,8,32,40,strong_fixed_support,randi_wild_type,flow,824,133,0.16140776699029127,0.5559230928261318,0.2191301920553796,0.567354809155436,24
clean54,event_probability,onset_minus_baseline,8,32,40,strong_fixed_support,cook_struct,flow,1749,439,0.2510005717552887,0.5018857917891113,0.2525141292708801,0.48771601882305127,33
clean54,event_probability,onset_minus_baseline,8,32,40,strong_fixed_support,cook_chem,flow,1749,405,0.23156089193825044,0.4968235596707819,0.2263884141341179,0.4871186964639926,33
clean54,event_probability,onset_minus_baseline,8,32,40,strong_fixed_support,cook_gap,flow,1749,98,0.05603201829616924,0.552519190595681,0.07824548430519117,0.5127245364098563,28
clean54,event_probability,onset_minus_baseline,16,1,17,all_common,randi_wild_type,flow,1349,257,0.1905114899925871,0.5546813756930489,0.22017851267616595,0.5488793530782834,40
clean54,event_probability,onset_minus_baseline,16,1,17,all_common,cook_struct,flow,2862,758,0.26484975541579314,0.5220305336236043,0.28326377452719254,0.5050533186040147,54
clean54,event_probability,onset_minus_baseline,16,1,17,all_common,cook_chem,flow,2862,699,0.24423480083857443,0.5209734268028363,0.257986986620487,0.5070351895531909,54
clean54,event_probability,onset_minus_baseline,16,1,17,all_common,cook_gap,flow,2862,169,0.05904961565338924,0.5470659193130558,0.08631614801734615,0.4963702404592571,45
clean54,event_probability,onset_minus_baseline,16,1,17,strong_fixed_support,randi_wild_type,flow,824,133,0.16140776699029127,0.5768582091988292,0.2115729681997521,0.5569911574191101,24
clean54,event_probability,onset_minus_baseline,16,1,17,strong_fixed_support,cook_struct,flow,1749,439,0.2510005717552887,0.527209654141091,0.27650201706939903,0.515404540656156,33
clean54,event_probability,onset_minus_baseline,16,1,17,strong_fixed_support,cook_chem,flow,1749,405,0.23156089193825044,0.5287404467960024,0.2511786739000409,0.518120915662958,33
clean54,event_probability,onset_minus_baseline,16,1,17,strong_fixed_support,cook_gap,flow,1749,98,0.05603201829616924,0.5453466668314813,0.09364090186922888,0.5151787289303688,28
clean54,event_probability,onset_minus_baseline,16,2,18,all_common,randi_wild_type,flow,1349,257,0.1905114899925871,0.5255127492481577,0.21233937924135762,0.5170373120558949,40
clean54,event_probability,onset_minus_baseline,16,2,18,all_common,cook_struct,flow,2862,758,0.26484975541579314,0.5121630366082447,0.28194839024647417,0.4992909533297276,54
clean54,event_probability,onset_minus_baseline,16,2,18,all_common,cook_chem,flow,2862,699,0.24423480083857443,0.5114478976306552,0.2567159794513468,0.5037580693009047,54
clean54,event_probability,onset_minus_baseline,16,2,18,all_common,cook_gap,flow,2862,169,0.05904961565338924,0.5475075639890402,0.08628412452689538,0.5099180209319314,45
clean54,event_probability,onset_minus_baseline,16,2,18,strong_fixed_support,randi_wild_type,flow,824,133,0.16140776699029127,0.5291775023666258,0.19177078954604349,0.521491481124135,24
clean54,event_probability,onset_minus_baseline,16,2,18,strong_fixed_support,cook_struct,flow,1749,439,0.2510005717552887,0.5163313568311046,0.2761791763963725,0.5066737237307051,33
clean54,event_probability,onset_minus_baseline,16,2,18,strong_fixed_support,cook_chem,flow,1749,405,0.23156089193825044,0.5152263374485597,0.25072322780020667,0.5114244644838978,33
clean54,event_probability,onset_minus_baseline,16,2,18,strong_fixed_support,cook_gap,flow,1749,98,0.05603201829616924,0.5642035130224106,0.09108673328425113,0.5428179856467819,28
clean54,event_probability,onset_minus_baseline,16,4,20,all_common,randi_wild_type,flow,1349,257,0.1905114899925871,0.5532738986046379,0.23080179137283163,0.5343550111868376,40
clean54,event_probability,onset_minus_baseline,16,4,20,all_common,cook_struct,flow,2862,758,0.26484975541579314,0.5211138226471503,0.28908011878396245,0.5151736497511403,54
clean54,event_probability,onset_minus_baseline,16,4,20,all_common,cook_chem,flow,2862,699,0.24423480083857443,0.520405942840211,0.2640348889662499,0.5164379907436762,54
clean54,event_probability,onset_minus_baseline,16,4,20,all_common,cook_gap,flow,2862,169,0.05904961565338924,0.5352403887352044,0.08211577817157287,0.49005096066782783,45
clean54,event_probability,onset_minus_baseline,16,4,20,strong_fixed_support,randi_wild_type,flow,824,133,0.16140776699029127,0.5527893539927967,0.21566467730787364,0.55298277953977,24
clean54,event_probability,onset_minus_baseline,16,4,20,strong_fixed_support,cook_struct,flow,1749,439,0.2510005717552887,0.5275887252430055,0.2795477408899225,0.5318473342825023,33
clean54,event_probability,onset_minus_baseline,16,4,20,strong_fixed_support,cook_chem,flow,1749,405,0.23156089193825044,0.5253545708406819,0.2556148862652837,0.5304979257511366,33
clean54,event_probability,onset_minus_baseline,16,4,20,strong_fixed_support,cook_gap,flow,1749,98,0.05603201829616924,0.5623926130112857,0.08486325210703011,0.5306742697370279,28
clean54,event_probability,onset_minus_baseline,16,8,24,all_common,randi_wild_type,flow,1349,257,0.1905114899925871,0.5393772893772893,0.23133314924203296,0.533151835739136,40
clean54,event_probability,onset_minus_baseline,16,8,24,all_common,cook_struct,flow,2862,758,0.26484975541579314,0.5304276563299457,0.2922858998869919,0.5197431994564584,54
clean54,event_probability,onset_minus_baseline,16,8,24,all_common,cook_chem,flow,2862,699,0.24423480083857443,0.5331842530475807,0.26907133335636507,0.5232746929629318,54
clean54,event_probability,onset_minus_baseline,16,8,24,all_common,cook_gap,flow,2862,169,0.05904961565338924,0.5387977157522131,0.07784301118470574,0.49550421625422103,45
clean54,event_probability,onset_minus_baseline,16,8,24,strong_fixed_support,randi_wild_type,flow,824,133,0.16140776699029127,0.5481975561189515,0.20451998297057658,0.5150221703111878,24
clean54,event_probability,onset_minus_baseline,16,8,24,strong_fixed_support,cook_struct,flow,1749,439,0.2510005717552887,0.5378532055852128,0.2758867168204908,0.5341014722685353,33
clean54,event_probability,onset_minus_baseline,16,8,24,strong_fixed_support,cook_chem,flow,1749,405,0.23156089193825044,0.5426844503233392,0.2583024248107224,0.5374708744086698,33
clean54,event_probability,onset_minus_baseline,16,8,24,strong_fixed_support,cook_gap,flow,1749,98,0.05603201829616924,0.5367000828193179,0.06732682583044594,0.5050887427715415,28
clean54,event_probability,onset_minus_baseline,16,16,32,all_common,randi_wild_type,flow,1349,257,0.1905114899925871,0.5370754407719388,0.21266307031260956,0.5485542104616832,40
clean54,event_probability,onset_minus_baseline,16,16,32,all_common,cook_struct,flow,2862,758,0.26484975541579314,0.5324836722614044,0.29760965501000997,0.524711456316579,54
clean54,event_probability,onset_minus_baseline,16,16,32,all_common,cook_chem,flow,2862,699,0.24423480083857443,0.5317582677055989,0.27428318050047873,0.5275949546236909,54
clean54,event_probability,onset_minus_baseline,16,16,32,all_common,cook_gap,flow,2862,169,0.05904961565338924,0.5281389181243504,0.07277965553699173,0.4960370198479237,45
clean54,event_probability,onset_minus_baseline,16,16,32,strong_fixed_support,randi_wild_type,flow,824,133,0.16140776699029127,0.560863083903681,0.19840775381388026,0.5518622440004416,24
clean54,event_probability,onset_minus_baseline,16,16,32,strong_fixed_support,cook_struct,flow,1749,439,0.2510005717552887,0.5429115442800257,0.2840091727047338,0.5447770998590302,33
clean54,event_probability,onset_minus_baseline,16,16,32,strong_fixed_support,cook_chem,flow,1749,405,0.23156089193825044,0.5443507495590829,0.26508645491783517,0.550061596687399,33
clean54,event_probability,onset_minus_baseline,16,16,32,strong_fixed_support,cook_gap,flow,1749,98,0.05603201829616924,0.5290732889158085,0.06498108164740304,0.5405648587388551,28
clean54,event_probability,onset_minus_baseline,16,32,48,all_common,randi_wild_type,flow,1349,257,0.1905114899925871,0.5145237382591468,0.21319269655902073,0.5135799958348016,40
clean54,event_probability,onset_minus_baseline,16,32,48,all_common,cook_struct,flow,2862,758,0.26484975541579314,0.534722779578037,0.3030672909208455,0.5152605738680044,54
clean54,event_probability,onset_minus_baseline,16,32,48,all_common,cook_chem,flow,2862,699,0.24423480083857443,0.5389331698344574,0.28207896817478106,0.5236371383145733,54
clean54,event_probability,onset_minus_baseline,16,32,48,all_common,cook_gap,flow,2862,169,0.05904961565338924,0.5627102481339963,0.0817018350576282,0.5193828865652883,45
clean54,event_probability,onset_minus_baseline,16,32,48,strong_fixed_support,randi_wild_type,flow,824,133,0.16140776699029127,0.5261525739094479,0.17177525542566546,0.554485606195981,24
clean54,event_probability,onset_minus_baseline,16,32,48,strong_fixed_support,cook_struct,flow,1749,439,0.2510005717552887,0.5415865342815906,0.3005458247407172,0.5280449321405407,33
clean54,event_probability,onset_minus_baseline,16,32,48,strong_fixed_support,cook_chem,flow,1749,405,0.23156089193825044,0.5516626249265137,0.2859236911748569,0.5397468897597986,33
clean54,event_probability,onset_minus_baseline,16,32,48,strong_fixed_support,cook_gap,flow,1749,98,0.05603201829616924,0.5307976612813508,0.07163692736167852,0.5137946727977006,28
clean54,event_probability,active_minus_baseline,1,1,2,all_common,randi_wild_type,flow,1349,257,0.1905114899925871,0.5812060831516084,0.28495531784289135,0.5729323155450825,40
clean54,event_probability,active_minus_baseline,1,1,2,all_common,cook_struct,flow,2862,758,0.26484975541579314,0.5419266731542883,0.30501732806450893,0.545048921133124,54
clean54,event_probability,active_minus_baseline,1,1,2,all_common,cook_chem,flow,2862,699,0.24423480083857443,0.5408968759941717,0.27724131862248685,0.5411523599467142,54
clean54,event_probability,active_minus_baseline,1,1,2,all_common,cook_gap,flow,2862,169,0.05904961565338924,0.5570413761735993,0.08131745177154395,0.5984088172298491,45
clean54,event_probability,active_minus_baseline,1,1,2,strong_fixed_support,randi_wild_type,flow,824,133,0.16140776699029127,0.5473161920720759,0.2130345224866837,0.5341738106271063,24
clean54,event_probability,active_minus_baseline,1,1,2,strong_fixed_support,cook_struct,flow,1749,439,0.2510005717552887,0.5504390617120799,0.30296183013917527,0.548867789403832,33
clean54,event_probability,active_minus_baseline,1,1,2,strong_fixed_support,cook_chem,flow,1749,405,0.23156089193825044,0.5474445179306291,0.2720681515431187,0.5412985946338251,33
clean54,event_probability,active_minus_baseline,1,1,2,strong_fixed_support,cook_gap,flow,1749,98,0.05603201829616924,0.5818798749057468,0.08806018918415476,0.6181098934242867,28
clean54,event_probability,active_minus_baseline,1,2,3,all_common,randi_wild_type,flow,1349,257,0.1905114899925871,0.5871424295548809,0.2877908244883674,0.5760342604654843,40
clean54,event_probability,active_minus_baseline,1,2,3,all_common,cook_struct,flow,2862,758,0.26484975541579314,0.5264103052860741,0.29619435460064003,0.5287081783884747,54
clean54,event_probability,active_minus_baseline,1,2,3,all_common,cook_chem,flow,2862,699,0.24423480083857443,0.5237447062939791,0.2682372962906559,0.5266029951273262,54
clean54,event_probability,active_minus_baseline,1,2,3,all_common,cook_gap,flow,2862,169,0.05904961565338924,0.5344098330758904,0.07724072214940565,0.5431118380859303,45
clean54,event_probability,active_minus_baseline,1,2,3,strong_fixed_support,randi_wild_type,flow,824,133,0.16140776699029127,0.5551723012306453,0.22128760890921895,0.5355741806545443,24
clean54,event_probability,active_minus_baseline,1,2,3,strong_fixed_support,cook_struct,flow,1749,439,0.2510005717552887,0.5387678450329514,0.2910492145171568,0.5372951612346828,33
clean54,event_probability,active_minus_baseline,1,2,3,strong_fixed_support,cook_chem,flow,1749,405,0.23156089193825044,0.5328391387419166,0.26046388063614756,0.5330564570781781,33
clean54,event_probability,active_minus_baseline,1,2,3,strong_fixed_support,cook_gap,flow,1749,98,0.05603201829616924,0.56865350622381,0.0821131257021301,0.5732196315592882,28
clean54,event_probability,active_minus_baseline,1,4,5,all_common,randi_wild_type,flow,1349,257,0.1905114899925871,0.6123558672196805,0.2925632586371528,0.6078766786542179,40
clean54,event_probability,active_minus_baseline,1,4,5,all_common,cook_struct,flow,2862,758,0.26484975541579314,0.5162876089769957,0.2892418286762306,0.5141444280366214,54
clean54,event_probability,active_minus_baseline,1,4,5,all_common,cook_chem,flow,2862,699,0.24423480083857443,0.5087057198811855,0.25947737227707357,0.5077394990847673,54
clean54,event_probability,active_minus_baseline,1,4,5,all_common,cook_gap,flow,2862,169,0.05904961565338924,0.527609383960608,0.07895222516065614,0.5447925153299485,45
clean54,event_probability,active_minus_baseline,1,4,5,strong_fixed_support,randi_wild_type,flow,824,133,0.16140776699029127,0.604866000021762,0.2463883120941429,0.593265658107378,24
clean54,event_probability,active_minus_baseline,1,4,5,strong_fixed_support,cook_struct,flow,1749,439,0.2510005717552887,0.5203168199760038,0.27864975903195366,0.5177558189554905,33
clean54,event_probability,active_minus_baseline,1,4,5,strong_fixed_support,cook_chem,flow,1749,405,0.23156089193825044,0.5138264256319811,0.24979560818133004,0.513459853487806,33
clean54,event_probability,active_minus_baseline,1,4,5,strong_fixed_support,cook_gap,flow,1749,98,0.05603201829616924,0.5216751752184824,0.07327206699755548,0.5349077627556108,28
clean54,event_probability,active_minus_baseline,1,8,9,all_common,randi_wild_type,flow,1349,257,0.1905114899925871,0.5954126936617209,0.27335466772584016,0.5876990538543271,40
clean54,event_probability,active_minus_baseline,1,8,9,all_common,cook_struct,flow,2862,758,0.26484975541579314,0.5140949015319481,0.29054992261314405,0.5003016898467328,54
clean54,event_probability,active_minus_baseline,1,8,9,all_common,cook_chem,flow,2862,699,0.24423480083857443,0.5081971008051261,0.26060068405064096,0.496421977240409,54
clean54,event_probability,active_minus_baseline,1,8,9,all_common,cook_gap,flow,2862,169,0.05904961565338924,0.5299186802514517,0.07779593437758903,0.5093477440601651,45
clean54,event_probability,active_minus_baseline,1,8,9,strong_fixed_support,randi_wild_type,flow,824,133,0.16140776699029127,0.5806012861386463,0.2297332315189205,0.5729567893986476,24
clean54,event_probability,active_minus_baseline,1,8,9,strong_fixed_support,cook_struct,flow,1749,439,0.2510005717552887,0.5177972143490583,0.28498603005550766,0.49960285908932256,33
clean54,event_probability,active_minus_baseline,1,8,9,strong_fixed_support,cook_chem,flow,1749,405,0.23156089193825044,0.5115171222810112,0.25550492908299666,0.49737034814625525,33
clean54,event_probability,active_minus_baseline,1,8,9,strong_fixed_support,cook_gap,flow,1749,98,0.05603201829616924,0.5429115316629377,0.08099821786912456,0.511763358039936,28
clean54,event_probability,active_minus_baseline,1,16,17,all_common,randi_wild_type,flow,1349,257,0.1905114899925871,0.5722980003135646,0.2462938314893679,0.5475030805266583,40
clean54,event_probability,active_minus_baseline,1,16,17,all_common,cook_struct,flow,2862,758,0.26484975541579314,0.5184013112352901,0.28539936456006426,0.5174032297844241,54
clean54,event_probability,active_minus_baseline,1,16,17,all_common,cook_chem,flow,2862,699,0.24423480083857443,0.5116714519189622,0.2575722131231275,0.5126241615960792,54
clean54,event_probability,active_minus_baseline,1,16,17,all_common,cook_gap,flow,2862,169,0.05904961565338924,0.554986959397254,0.07817727600131498,0.5538216776734188,45
clean54,event_probability,active_minus_baseline,1,16,17,strong_fixed_support,randi_wild_type,flow,824,133,0.16140776699029127,0.5514727484412913,0.20853117455188297,0.5176747963990849,24
clean54,event_probability,active_minus_baseline,1,16,17,strong_fixed_support,cook_struct,flow,1749,439,0.2510005717552887,0.524363143160201,0.2705560524828204,0.52243804856147,33
clean54,event_probability,active_minus_baseline,1,16,17,strong_fixed_support,cook_chem,flow,1749,405,0.23156089193825044,0.5243955761316873,0.2457781439487139,0.5237727247309205,33
clean54,event_probability,active_minus_baseline,1,16,17,strong_fixed_support,cook_gap,flow,1749,98,0.05603201829616924,0.5276950271325975,0.06989832144668098,0.5286678273642966,28
clean54,event_probability,active_minus_baseline,1,32,33,all_common,randi_wild_type,flow,1349,257,0.1905114899925871,0.5520730890380696,0.23356554573763905,0.5174586025096695,40
clean54,event_probability,active_minus_baseline,1,32,33,all_common,cook_struct,flow,2862,758,0.26484975541579314,0.5359899976925468,0.2941239023716395,0.5327920132774374,54
clean54,event_probability,active_minus_baseline,1,32,33,all_common,cook_chem,flow,2862,699,0.24423480083857443,0.5300042263665748,0.26826281708831967,0.5275462521060623,54
clean54,event_probability,active_minus_baseline,1,32,33,all_common,cook_gap,flow,2862,169,0.05904961565338924,0.5641406495472593,0.07206720563055771,0.5596515887423311,45
clean54,event_probability,active_minus_baseline,1,32,33,strong_fixed_support,randi_wild_type,flow,824,133,0.16140776699029127,0.5490571580905955,0.20990573483212066,0.5209675281787624,24
clean54,event_probability,active_minus_baseline,1,32,33,strong_fixed_support,cook_struct,flow,1749,439,0.2510005717552887,0.5271296666608706,0.2631406354632206,0.5227799852663243,33
clean54,event_probability,active_minus_baseline,1,32,33,strong_fixed_support,cook_chem,flow,1749,405,0.23156089193825044,0.5265799529688419,0.2412628090209719,0.5211413486678932,33
clean54,event_probability,active_minus_baseline,1,32,33,strong_fixed_support,cook_gap,flow,1749,98,0.05603201829616924,0.5570897044462849,0.06584111841041554,0.5465207881001952,28
clean54,event_probability,active_minus_baseline,4,1,5,all_common,randi_wild_type,flow,1349,257,0.1905114899925871,0.558729208534656,0.24039327595096321,0.5235751296862438,40
clean54,event_probability,active_minus_baseline,4,1,5,all_common,cook_struct,flow,2862,758,0.26484975541579314,0.5236946587477552,0.2953713712454714,0.5346309309300346,54
clean54,event_probability,active_minus_baseline,4,1,5,all_common,cook_chem,flow,2862,699,0.24423480083857443,0.5177874474928519,0.2645588932580315,0.5292029899641094,54
clean54,event_probability,active_minus_baseline,4,1,5,all_common,cook_gap,flow,2862,169,0.05904961565338924,0.5535170077144997,0.09700539143470452,0.5630400349967244,45
clean54,event_probability,active_minus_baseline,4,1,5,strong_fixed_support,randi_wild_type,flow,824,133,0.16140776699029127,0.5495576858209199,0.20955910969294742,0.5086479591415192,24
clean54,event_probability,active_minus_baseline,4,1,5,strong_fixed_support,cook_struct,flow,1749,439,0.2510005717552887,0.5319150046079744,0.2986661575515901,0.5366644798041358,33
clean54,event_probability,active_minus_baseline,4,1,5,strong_fixed_support,cook_chem,flow,1749,405,0.23156089193825044,0.5263411228689007,0.2693368164615466,0.5319256225422873,33
clean54,event_probability,active_minus_baseline,4,1,5,strong_fixed_support,cook_gap,flow,1749,98,0.05603201829616924,0.5478312463689291,0.08110578057963405,0.5672093365805668,28
clean54,event_probability,active_minus_baseline,4,2,6,all_common,randi_wild_type,flow,1349,257,0.1905114899925871,0.5604146178076139,0.24499586492970243,0.5230483423877674,40
clean54,event_probability,active_minus_baseline,4,2,6,all_common,cook_struct,flow,2862,758,0.26484975541579314,0.5313475024328582,0.29920922942127026,0.543908912881757,54
clean54,event_probability,active_minus_baseline,4,2,6,all_common,cook_chem,flow,2862,699,0.24423480083857443,0.5242857341278109,0.26742616786809575,0.5385347322833515,54
clean54,event_probability,active_minus_baseline,4,2,6,all_common,cook_gap,flow,2862,169,0.05904961565338924,0.5562921182904615,0.09689911663691114,0.5602572500927729,45
clean54,event_probability,active_minus_baseline,4,2,6,strong_fixed_support,randi_wild_type,flow,824,133,0.16140776699029127,0.5467721401912886,0.20827264168323917,0.5044883573825444,24
clean54,event_probability,active_minus_baseline,4,2,6,strong_fixed_support,cook_struct,flow,1749,439,0.2510005717552887,0.5354240205880819,0.2950126986636678,0.5389695946115602,33
clean54,event_probability,active_minus_baseline,4,2,6,strong_fixed_support,cook_chem,flow,1749,405,0.23156089193825044,0.5316137566137566,0.2656715470326331,0.5371048513138962,33
clean54,event_probability,active_minus_baseline,4,2,6,strong_fixed_support,cook_gap,flow,1749,98,0.05603201829616924,0.5421822272215974,0.08212653951005118,0.5506920195602997,28
clean54,event_probability,active_minus_baseline,4,4,8,all_common,randi_wild_type,flow,1349,257,0.1905114899925871,0.563838884850558,0.24241519377090914,0.5161718762411527,40
clean54,event_probability,active_minus_baseline,4,4,8,all_common,cook_struct,flow,2862,758,0.26484975541579314,0.5239655336737663,0.29199475269070724,0.5294988811104008,54
clean54,event_probability,active_minus_baseline,4,4,8,all_common,cook_chem,flow,2862,699,0.24423480083857443,0.5162066937974268,0.2613728148275236,0.5233353768021698,54
clean54,event_probability,active_minus_baseline,4,4,8,all_common,cook_gap,flow,2862,169,0.05904961565338924,0.5645383494793647,0.09234141667961182,0.5559734955149266,45
clean54,event_probability,active_minus_baseline,4,4,8,strong_fixed_support,randi_wild_type,flow,824,133,0.16140776699029127,0.566455937238175,0.2167613521254422,0.5123695357478159,24
clean54,event_probability,active_minus_baseline,4,4,8,strong_fixed_support,cook_struct,flow,1749,439,0.2510005717552887,0.5277139230381331,0.29034776983576505,0.5247596313965577,33
clean54,event_probability,active_minus_baseline,4,4,8,strong_fixed_support,cook_chem,flow,1749,405,0.23156089193825044,0.5225657701352145,0.2586745182026111,0.5214741298842612,33
clean54,event_probability,active_minus_baseline,4,4,8,strong_fixed_support,cook_gap,flow,1749,98,0.05603201829616924,0.564234415752976,0.09310334448270083,0.566706327041396,28
clean54,event_probability,active_minus_baseline,4,8,12,all_common,randi_wild_type,flow,1349,257,0.1905114899925871,0.5692656889154943,0.23795229149834402,0.5443181822217117,40
clean54,event_probability,active_minus_baseline,4,8,12,all_common,cook_struct,flow,2862,758,0.26484975541579314,0.5160367988603188,0.28460998101579005,0.5135392819848236,54
clean54,event_probability,active_minus_baseline,4,8,12,all_common,cook_chem,flow,2862,699,0.24423480083857443,0.5115900993229215,0.25700566475906417,0.5113051038532367,54
clean54,event_probability,active_minus_baseline,4,8,12,all_common,cook_gap,flow,2862,169,0.05904961565338924,0.5655051338447037,0.09023536203225431,0.5510458643659848,45
clean54,event_probability,active_minus_baseline,4,8,12,strong_fixed_support,randi_wild_type,flow,824,133,0.16140776699029127,0.5907532942341381,0.22899978824959746,0.5694322672152851,24
clean54,event_probability,active_minus_baseline,4,8,12,strong_fixed_support,cook_struct,flow,1749,439,0.2510005717552887,0.5093950512093759,0.28067210003432697,0.5031543255539366,33
clean54,event_probability,active_minus_baseline,4,8,12,strong_fixed_support,cook_chem,flow,1749,405,0.23156089193825044,0.5022725602586713,0.25038369458004,0.49634765454363405,33
clean54,event_probability,active_minus_baseline,4,8,12,strong_fixed_support,cook_gap,flow,1749,98,0.05603201829616924,0.5547163747388719,0.08498900430393319,0.5437412637464761,28
clean54,event_probability,active_minus_baseline,4,16,20,all_common,randi_wild_type,flow,1349,257,0.1905114899925871,0.5626345120508545,0.22845096250199123,0.5144809208821752,40
clean54,event_probability,active_minus_baseline,4,16,20,all_common,cook_struct,flow,2862,758,0.26484975541579314,0.5198346910520983,0.2873343517069474,0.5144386851770081,54
clean54,event_probability,active_minus_baseline,4,16,20,all_common,cook_chem,flow,2862,699,0.24423480083857443,0.516428925279294,0.2599415767088761,0.5130800569670926,54
clean54,event_probability,active_minus_baseline,4,16,20,all_common,cook_gap,flow,2862,169,0.05904961565338924,0.5601065220591628,0.08273783294287677,0.5542012470769233,45
clean54,event_probability,active_minus_baseline,4,16,20,strong_fixed_support,randi_wild_type,flow,824,133,0.16140776699029127,0.5632786742543769,0.20749726335711022,0.5331216325262398,24
clean54,event_probability,active_minus_baseline,4,16,20,strong_fixed_support,cook_struct,flow,1749,439,0.2510005717552887,0.5112104192387279,0.2725830812635671,0.5051961288533118,33
clean54,event_probability,active_minus_baseline,4,16,20,strong_fixed_support,cook_chem,flow,1749,405,0.23156089193825044,0.508314961787184,0.2457873474951366,0.5025507677794123,33
clean54,event_probability,active_minus_baseline,4,16,20,strong_fixed_support,cook_gap,flow,1749,98,0.05603201829616924,0.5514592269372921,0.07894942430544188,0.5561476619533562,28
clean54,event_probability,active_minus_baseline,4,32,36,all_common,randi_wild_type,flow,1349,257,0.1905114899925871,0.5065991077664229,0.1970585135731882,0.4753827445000923,40
clean54,event_probability,active_minus_baseline,4,32,36,all_common,cook_struct,flow,2862,758,0.26484975541579314,0.5117216108028934,0.28283307541901526,0.5038174478950928,54
clean54,event_probability,active_minus_baseline,4,32,36,all_common,cook_chem,flow,2862,699,0.24423480083857443,0.5066428032384948,0.25543377704397985,0.49645980712961846,54
clean54,event_probability,active_minus_baseline,4,32,36,all_common,cook_gap,flow,2862,169,0.05904961565338924,0.5713563764921987,0.08458285566360747,0.5315030393330505,45
clean54,event_probability,active_minus_baseline,4,32,36,strong_fixed_support,randi_wild_type,flow,824,133,0.16140776699029127,0.5214737277346768,0.1763629467293388,0.510929339951657,24
clean54,event_probability,active_minus_baseline,4,32,36,strong_fixed_support,cook_struct,flow,1749,439,0.2510005717552887,0.5162426750595559,0.26623878159638514,0.5090662584284213,33
clean54,event_probability,active_minus_baseline,4,32,36,strong_fixed_support,cook_chem,flow,1749,405,0.23156089193825044,0.5137915196942975,0.24395031639862552,0.499412641155173,33
clean54,event_probability,active_minus_baseline,4,32,36,strong_fixed_support,cook_gap,flow,1749,98,0.05603201829616924,0.5507979085031953,0.08413131978823854,0.5297781514538452,28
clean54,event_probability,active_minus_baseline,8,1,9,all_common,randi_wild_type,flow,1349,257,0.1905114899925871,0.6167457704422685,0.3124254490479843,0.5808639571190554,40
clean54,event_probability,active_minus_baseline,8,1,9,all_common,cook_struct,flow,2862,758,0.26484975541579314,0.5397289495069073,0.3046801014344538,0.5337426101559066,54
clean54,event_probability,active_minus_baseline,8,1,9,all_common,cook_chem,flow,2862,699,0.24423480083857443,0.5297138703530636,0.2723728927770387,0.5289053964021103,54
clean54,event_probability,active_minus_baseline,8,1,9,all_common,cook_gap,flow,2862,169,0.05904961565338924,0.6247843961003434,0.10861355394554209,0.6230653930507858,45
clean54,event_probability,active_minus_baseline,8,1,9,strong_fixed_support,randi_wild_type,flow,824,133,0.16140776699029127,0.5893061162312438,0.25638383193994246,0.5355863844516376,24
clean54,event_probability,active_minus_baseline,8,1,9,strong_fixed_support,cook_struct,flow,1749,439,0.2510005717552887,0.5485367507694447,0.29712219500997333,0.5386550996109621,33
clean54,event_probability,active_minus_baseline,8,1,9,strong_fixed_support,cook_chem,flow,1749,405,0.23156089193825044,0.5383359053497943,0.26479047199652944,0.5346225386442918,33
clean54,event_probability,active_minus_baseline,8,1,9,strong_fixed_support,cook_gap,flow,1749,98,0.05603201829616924,0.6407372155403651,0.1111697140726472,0.6421900449725764,28
clean54,event_probability,active_minus_baseline,8,2,10,all_common,randi_wild_type,flow,1349,257,0.1905114899925871,0.6159725488519263,0.2999772036121817,0.6070485397572563,40
clean54,event_probability,active_minus_baseline,8,2,10,all_common,cook_struct,flow,2862,758,0.26484975541579314,0.5437644842842381,0.3053370901073708,0.540627673788912,54
clean54,event_probability,active_minus_baseline,8,2,10,all_common,cook_chem,flow,2862,699,0.24423480083857443,0.5354158275113314,0.27387715684503994,0.5364209483942527,54
clean54,event_probability,active_minus_baseline,8,2,10,all_common,cook_gap,flow,2862,169,0.05904961565338924,0.605820041879341,0.10257555122068032,0.607135133203742,45
clean54,event_probability,active_minus_baseline,8,2,10,strong_fixed_support,randi_wild_type,flow,824,133,0.16140776699029127,0.6103718050553301,0.2620795340758057,0.5870631523228065,24
clean54,event_probability,active_minus_baseline,8,2,10,strong_fixed_support,cook_struct,flow,1749,439,0.2510005717552887,0.5513206628527709,0.30078910170340556,0.5450512091071026,33
clean54,event_probability,active_minus_baseline,8,2,10,strong_fixed_support,cook_chem,flow,1749,405,0.23156089193825044,0.5448982216343328,0.26907090989370097,0.5446957630558328,33
clean54,event_probability,active_minus_baseline,8,2,10,strong_fixed_support,cook_gap,flow,1749,98,0.05603201829616924,0.629402093969023,0.11652256670276162,0.6197356234292587,28
clean54,event_probability,active_minus_baseline,8,4,12,all_common,randi_wild_type,flow,1349,257,0.1905114899925871,0.5892625532703354,0.2868348906222169,0.5641695080586885,40
clean54,event_probability,active_minus_baseline,8,4,12,all_common,cook_struct,flow,2862,758,0.26484975541579314,0.5330410977457187,0.2988274991752634,0.5284415591518601,54
clean54,event_probability,active_minus_baseline,8,4,12,all_common,cook_chem,flow,2862,699,0.24423480083857443,0.5268003891696547,0.2690703364788516,0.5286154951754559,54
clean54,event_probability,active_minus_baseline,8,4,12,all_common,cook_gap,flow,2862,169,0.05904961565338924,0.582768826477587,0.09602898416144935,0.5833571500415624,45
clean54,event_probability,active_minus_baseline,8,4,12,strong_fixed_support,randi_wild_type,flow,824,133,0.16140776699029127,0.5684254050466252,0.2432142896089347,0.5492925327223164,24
clean54,event_probability,active_minus_baseline,8,4,12,strong_fixed_support,cook_struct,flow,1749,439,0.2510005717552887,0.5341372654714915,0.29460797035054315,0.5279000622592493,33
clean54,event_probability,active_minus_baseline,8,4,12,strong_fixed_support,cook_chem,flow,1749,405,0.23156089193825044,0.5283013668430335,0.2653942341944803,0.5309752804736148,33
clean54,event_probability,active_minus_baseline,8,4,12,strong_fixed_support,cook_gap,flow,1749,98,0.05603201829616924,0.6159037812581121,0.11603273179010491,0.6117611324759217,28
clean54,event_probability,active_minus_baseline,8,8,16,all_common,randi_wild_type,flow,1349,257,0.1905114899925871,0.5754550248713673,0.26624966547805795,0.5565287829121388,40
clean54,event_probability,active_minus_baseline,8,8,16,all_common,cook_struct,flow,2862,758,0.26484975541579314,0.5315863990689929,0.2954018772579548,0.5188724346315086,54
clean54,event_probability,active_minus_baseline,8,8,16,all_common,cook_chem,flow,2862,699,0.24423480083857443,0.5270146838128837,0.26769503804671374,0.519567342139051,54
clean54,event_probability,active_minus_baseline,8,8,16,all_common,cook_gap,flow,2862,169,0.05904961565338924,0.5536664198436886,0.08488923868224894,0.5430007071325686,45
clean54,event_probability,active_minus_baseline,8,8,16,strong_fixed_support,randi_wild_type,flow,824,133,0.16140776699029127,0.5687953603255607,0.2265253705476884,0.5360727127041556,24
clean54,event_probability,active_minus_baseline,8,8,16,strong_fixed_support,cook_struct,flow,1749,439,0.2510005717552887,0.5263906518979639,0.28991910030515095,0.5128898171934303,33
clean54,event_probability,active_minus_baseline,8,8,16,strong_fixed_support,cook_chem,flow,1749,405,0.23156089193825044,0.5203960905349795,0.261668924583796,0.5154822032439994,33
clean54,event_probability,active_minus_baseline,8,8,16,strong_fixed_support,cook_gap,flow,1749,98,0.05603201829616924,0.5656312191745263,0.10648540315091407,0.5501870153094168,28
clean54,event_probability,active_minus_baseline,8,16,24,all_common,randi_wild_type,flow,1349,257,0.1905114899925871,0.5705377631447671,0.249689853802331,0.5428306473331816,40
clean54,event_probability,active_minus_baseline,8,16,24,all_common,cook_struct,flow,2862,758,0.26484975541579314,0.5337521444264977,0.29355782355180227,0.518587794864918,54
clean54,event_probability,active_minus_baseline,8,16,24,all_common,cook_chem,flow,2862,699,0.24423480083857443,0.5275610028724742,0.26477040897002646,0.5157430051773952,54
clean54,event_probability,active_minus_baseline,8,16,24,all_common,cook_gap,flow,2862,169,0.05904961565338924,0.57037860594089,0.07859406910298122,0.5759527379912538,45
clean54,event_probability,active_minus_baseline,8,16,24,strong_fixed_support,randi_wild_type,flow,824,133,0.16140776699029127,0.5612003960697692,0.2032809172352776,0.5498503879309973,24
clean54,event_probability,active_minus_baseline,8,16,24,strong_fixed_support,cook_struct,flow,1749,439,0.2510005717552887,0.5266410474882193,0.2784829950485967,0.5150185786736274,33
clean54,event_probability,active_minus_baseline,8,16,24,strong_fixed_support,cook_chem,flow,1749,405,0.23156089193825044,0.525163506760729,0.25283293474142327,0.5173687421934868,33
clean54,event_probability,active_minus_baseline,8,16,24,strong_fixed_support,cook_gap,flow,1749,98,0.05603201829616924,0.5781344639612356,0.0974329322619364,0.5829156042718653,28
clean54,event_probability,active_minus_baseline,8,32,40,all_common,randi_wild_type,flow,1349,257,0.1905114899925871,0.5258156240646513,0.22198993813866758,0.5054682660931618,40
clean54,event_probability,active_minus_baseline,8,32,40,all_common,cook_struct,flow,2862,758,0.26484975541579314,0.515187179590076,0.2827224797154503,0.4947136817482327,54
clean54,event_probability,active_minus_baseline,8,32,40,all_common,cook_chem,flow,2862,699,0.24423480083857443,0.5112997433094104,0.2570758969870095,0.49477237905336696,54
clean54,event_probability,active_minus_baseline,8,32,40,all_common,cook_gap,flow,2862,169,0.05904961565338924,0.5320126472972884,0.06768189548894994,0.5091706044010815,45
clean54,event_probability,active_minus_baseline,8,32,40,strong_fixed_support,randi_wild_type,flow,824,133,0.16140776699029127,0.5190146132335179,0.17177608945095052,0.5035003700932398,24
clean54,event_probability,active_minus_baseline,8,32,40,strong_fixed_support,cook_struct,flow,1749,439,0.2510005717552887,0.4988262706706777,0.2499252837897356,0.4856624047139091,33
clean54,event_probability,active_minus_baseline,8,32,40,strong_fixed_support,cook_chem,flow,1749,405,0.23156089193825044,0.49727733686067016,0.22795926841192313,0.48799728736496756,33
clean54,event_probability,active_minus_baseline,8,32,40,strong_fixed_support,cook_gap,flow,1749,98,0.05603201829616924,0.5255812803619329,0.06923250962359277,0.5004395805884018,28
clean54,event_probability,active_minus_baseline,16,1,17,all_common,randi_wild_type,flow,1349,257,0.1905114899925871,0.5870034634626075,0.25081510714155875,0.5778437646812397,40
clean54,event_probability,active_minus_baseline,16,1,17,all_common,cook_struct,flow,2862,758,0.26484975541579314,0.5447457788657363,0.30658456146476915,0.528045335744728,54
clean54,event_probability,active_minus_baseline,16,1,17,all_common,cook_chem,flow,2862,699,0.24423480083857443,0.5367683970959107,0.2771613450180509,0.5264246107661319,54
clean54,event_probability,active_minus_baseline,16,1,17,all_common,cook_gap,flow,2862,169,0.05904961565338924,0.5922608911554611,0.09158778128939682,0.5779635054170151,45
clean54,event_probability,active_minus_baseline,16,1,17,strong_fixed_support,randi_wild_type,flow,824,133,0.16140776699029127,0.591232059889231,0.22772031443832863,0.5815416422096504,24
clean54,event_probability,active_minus_baseline,16,1,17,strong_fixed_support,cook_struct,flow,1749,439,0.2510005717552887,0.5396094524335322,0.2880086611356423,0.5271042331821988,33
clean54,event_probability,active_minus_baseline,16,1,17,strong_fixed_support,cook_chem,flow,1749,405,0.23156089193825044,0.5360137419165197,0.2616351548843589,0.5294596976214312,33
clean54,event_probability,active_minus_baseline,16,1,17,strong_fixed_support,cook_gap,flow,1749,98,0.05603201829616924,0.588480698154489,0.08514849336302516,0.584301771579818,28
clean54,event_probability,active_minus_baseline,16,2,18,all_common,randi_wild_type,flow,1349,257,0.1905114899925871,0.5805504482547283,0.24707477721139487,0.5526904501909105,40
clean54,event_probability,active_minus_baseline,16,2,18,all_common,cook_struct,flow,2862,758,0.26484975541579314,0.5483900498610512,0.30701041908322535,0.5336674561889847,54
clean54,event_probability,active_minus_baseline,16,2,18,all_common,cook_chem,flow,2862,699,0.24423480083857443,0.5399755413089302,0.27755617023216267,0.5311295793563031,54
clean54,event_probability,active_minus_baseline,16,2,18,all_common,cook_gap,flow,2862,169,0.05904961565338924,0.5822436867882325,0.09099534183430533,0.5645255390154632,45
clean54,event_probability,active_minus_baseline,16,2,18,strong_fixed_support,randi_wild_type,flow,824,133,0.16140776699029127,0.5759550830767222,0.2182863884906493,0.5485255585241539,24
clean54,event_probability,active_minus_baseline,16,2,18,strong_fixed_support,cook_struct,flow,1749,439,0.2510005717552887,0.542652454398442,0.2879910904502274,0.5357924228069042,33
clean54,event_probability,active_minus_baseline,16,2,18,strong_fixed_support,cook_chem,flow,1749,405,0.23156089193825044,0.5358245149911817,0.262443218952438,0.5356159050696461,33
clean54,event_probability,active_minus_baseline,16,2,18,strong_fixed_support,cook_gap,flow,1749,98,0.05603201829616924,0.5724174588066602,0.07877097001973984,0.5539894940449168,28
clean54,event_probability,active_minus_baseline,16,4,20,all_common,randi_wild_type,flow,1349,257,0.1905114899925871,0.5662119981186129,0.23828402688300743,0.5382242782072556,40
clean54,event_probability,active_minus_baseline,16,4,20,all_common,cook_struct,flow,2862,758,0.26484975541579314,0.542550563319522,0.3073548240234618,0.5250576235082863,54
clean54,event_probability,active_minus_baseline,16,4,20,all_common,cook_chem,flow,2862,699,0.24423480083857443,0.5389655785922296,0.28094270999639226,0.5239556371396147,54
clean54,event_probability,active_minus_baseline,16,4,20,all_common,cook_gap,flow,2862,169,0.05904961565338924,0.5606272672741295,0.08401923744178524,0.5242546384622744,45
clean54,event_probability,active_minus_baseline,16,4,20,strong_fixed_support,randi_wild_type,flow,824,133,0.16140776699029127,0.5600470060825,0.21485520988172704,0.5370792522099186,24
clean54,event_probability,active_minus_baseline,16,4,20,strong_fixed_support,cook_struct,flow,1749,439,0.2510005717552887,0.5303708984680658,0.28448017994858743,0.5169473509459886,33
clean54,event_probability,active_minus_baseline,16,4,20,strong_fixed_support,cook_chem,flow,1749,405,0.23156089193825044,0.5269859641387419,0.26108359451847934,0.5153418455734456,33
clean54,event_probability,active_minus_baseline,16,4,20,strong_fixed_support,cook_gap,flow,1749,98,0.05603201829616924,0.5419350053770751,0.06948055176448271,0.5138975012401229,28
clean54,event_probability,active_minus_baseline,16,8,24,all_common,randi_wild_type,flow,1349,257,0.1905114899925871,0.5415864939211242,0.23166565947472734,0.5434854196208385,40
clean54,event_probability,active_minus_baseline,16,8,24,all_common,cook_struct,flow,2862,758,0.26484975541579314,0.5433412422123459,0.30781178024935646,0.5231092814304381,54
clean54,event_probability,active_minus_baseline,16,8,24,all_common,cook_chem,flow,2862,699,0.24423480083857443,0.5420219228711249,0.28417093955264683,0.5213086023654397,54
clean54,event_probability,active_minus_baseline,16,8,24,all_common,cook_gap,flow,2862,169,0.05904961565338924,0.5587749963196278,0.08237090645172128,0.550229387541247,45
clean54,event_probability,active_minus_baseline,16,8,24,strong_fixed_support,randi_wild_type,flow,824,133,0.16140776699029127,0.5357822921993842,0.21605888800013806,0.5510489823081256,24
clean54,event_probability,active_minus_baseline,16,8,24,strong_fixed_support,cook_struct,flow,1749,439,0.2510005717552887,0.5185205793875741,0.2742882448250078,0.5057284932724225,33
clean54,event_probability,active_minus_baseline,16,8,24,strong_fixed_support,cook_chem,flow,1749,405,0.23156089193825044,0.5151050852439741,0.25370043702332706,0.5010268755009036,33
clean54,event_probability,active_minus_baseline,16,8,24,strong_fixed_support,cook_gap,flow,1749,98,0.05603201829616924,0.5279422489771196,0.06532731942830754,0.5383297829854516,28
clean54,event_probability,active_minus_baseline,16,16,32,all_common,randi_wild_type,flow,1349,257,0.1905114899925871,0.5587505879334673,0.23401857989832073,0.5380970871091766,40
clean54,event_probability,active_minus_baseline,16,16,32,all_common,cook_struct,flow,2862,758,0.26484975541579314,0.5499826941019493,0.3097692850386444,0.5327671358301712,54
clean54,event_probability,active_minus_baseline,16,16,32,all_common,cook_chem,flow,2862,699,0.24423480083857443,0.5488581865514238,0.285774163364632,0.533261856312604,54
clean54,event_probability,active_minus_baseline,16,16,32,all_common,cook_gap,flow,2862,169,0.05904961565338924,0.5414080335386285,0.07901981713855259,0.4968413460110505,45
clean54,event_probability,active_minus_baseline,16,16,32,strong_fixed_support,randi_wild_type,flow,824,133,0.16140776699029127,0.559274452411782,0.20735789546215802,0.5412234496655738,24
clean54,event_probability,active_minus_baseline,16,16,32,strong_fixed_support,cook_struct,flow,1749,439,0.2510005717552887,0.5363160548783669,0.2824867133098591,0.5297675725728828,33
clean54,event_probability,active_minus_baseline,16,16,32,strong_fixed_support,cook_chem,flow,1749,405,0.23156089193825044,0.535220091122869,0.26176938762460167,0.5303671926011551,33
clean54,event_probability,active_minus_baseline,16,16,32,strong_fixed_support,cook_gap,flow,1749,98,0.05603201829616924,0.5094067911840691,0.06338020414617909,0.48062322585857903,28
clean54,event_probability,active_minus_baseline,16,32,48,all_common,randi_wild_type,flow,1349,257,0.1905114899925871,0.5167578854349283,0.21241256343648074,0.5114512130498755,40
clean54,event_probability,active_minus_baseline,16,32,48,all_common,cook_struct,flow,2862,758,0.26484975541579314,0.5304144887988201,0.2992154168951595,0.5106275205819432,54
clean54,event_probability,active_minus_baseline,16,32,48,all_common,cook_chem,flow,2862,699,0.24423480083857443,0.5348609102098831,0.2800069915712086,0.5177262428548324,54
clean54,event_probability,active_minus_baseline,16,32,48,all_common,cook_gap,flow,2862,169,0.05904961565338924,0.5379627656185113,0.0743750811553974,0.4797583349862617,45
clean54,event_probability,active_minus_baseline,16,32,48,strong_fixed_support,randi_wild_type,flow,824,133,0.16140776699029127,0.5151192017670805,0.1777219857842651,0.5070454717068132,24
clean54,event_probability,active_minus_baseline,16,32,48,strong_fixed_support,cook_struct,flow,1749,439,0.2510005717552887,0.5075901163296179,0.2650429865287477,0.49752549747483865,33
clean54,event_probability,active_minus_baseline,16,32,48,strong_fixed_support,cook_chem,flow,1749,405,0.23156089193825044,0.5148478835978836,0.24781371315092637,0.5076418729789047,33
clean54,event_probability,active_minus_baseline,16,32,48,strong_fixed_support,cook_gap,flow,1749,98,0.05603201829616924,0.4828798872668389,0.060537319860171517,0.43051198968463306,28
clean54,endpoint_sd,state_average,1,1,2,all_common,randi_wild_type,flow,1349,257,0.1905114899925871,0.5268632146064053,0.21819923619580744,0.48990770434786113,40
clean54,endpoint_sd,state_average,1,1,2,all_common,cook_struct,flow,2862,758,0.26484975541579314,0.47874572368751067,0.25706994698428826,0.4920395677075359,54
clean54,endpoint_sd,state_average,1,1,2,all_common,cook_chem,flow,2862,699,0.24423480083857443,0.4812654230963327,0.2386206911967444,0.49782694443343317,54
clean54,endpoint_sd,state_average,1,1,2,all_common,cook_gap,flow,2862,169,0.05904961565338924,0.44031754471927,0.050804666277678996,0.45073457382455984,45
clean54,endpoint_sd,state_average,1,1,2,strong_fixed_support,randi_wild_type,flow,824,133,0.16140776699029127,0.5299500560373437,0.17480757057649438,0.5153586172537219,24
clean54,endpoint_sd,state_average,1,1,2,strong_fixed_support,cook_struct,flow,1749,439,0.2510005717552887,0.4773287659322889,0.2468862810035629,0.48081050126018343,33
clean54,endpoint_sd,state_average,1,1,2,strong_fixed_support,cook_chem,flow,1749,405,0.23156089193825044,0.4808641975308642,0.22851701061351173,0.4863586311788827,33
clean54,endpoint_sd,state_average,1,1,2,strong_fixed_support,cook_gap,flow,1749,98,0.05603201829616924,0.4557225676460772,0.05133003532405447,0.43692957598567705,28
clean54,endpoint_sd,state_average,1,2,3,all_common,randi_wild_type,flow,1349,257,0.1905114899925871,0.5253666566896139,0.22193856604361067,0.5212645300212828,40
clean54,endpoint_sd,state_average,1,2,3,all_common,cook_struct,flow,2862,758,0.26484975541579314,0.48333554882269736,0.26151932870636907,0.4965464642692145,54
clean54,endpoint_sd,state_average,1,2,3,all_common,cook_chem,flow,2862,699,0.24423480083857443,0.4834890607214454,0.24177363368548932,0.5016050923455467,54
clean54,endpoint_sd,state_average,1,2,3,all_common,cook_gap,flow,2862,169,0.05904961565338924,0.4603475589793393,0.0538319780760154,0.4748695482841748,45
clean54,endpoint_sd,state_average,1,2,3,strong_fixed_support,randi_wild_type,flow,824,133,0.16140776699029127,0.5140093359302742,0.16879422910733527,0.5374798261237898,24
clean54,endpoint_sd,state_average,1,2,3,strong_fixed_support,cook_struct,flow,1749,439,0.2510005717552887,0.48198368950946807,0.248275236771076,0.4822743198048725,33
clean54,endpoint_sd,state_average,1,2,3,strong_fixed_support,cook_chem,flow,1749,405,0.23156089193825044,0.48330393885949446,0.22796513458122364,0.48732849865525507,33
clean54,endpoint_sd,state_average,1,2,3,strong_fixed_support,cook_gap,flow,1749,98,0.05603201829616924,0.4707227530624606,0.055288677915336856,0.46231844407222805,28
clean54,endpoint_sd,state_average,1,4,5,all_common,randi_wild_type,flow,1349,257,0.1905114899925871,0.5333946209432592,0.23049626864331804,0.511990471833936,40
clean54,endpoint_sd,state_average,1,4,5,all_common,cook_struct,flow,2862,758,0.26484975541579314,0.4804230163427872,0.26080228581488824,0.4851084999028142,54
clean54,endpoint_sd,state_average,1,4,5,all_common,cook_chem,flow,2862,699,0.24423480083857443,0.47991483772141297,0.23959476676080643,0.4874119759085766,54
clean54,endpoint_sd,state_average,1,4,5,all_common,cook_gap,flow,2862,169,0.05904961565338924,0.4575790401149594,0.05667676293125745,0.45833007687998445,45
clean54,endpoint_sd,state_average,1,4,5,strong_fixed_support,randi_wild_type,flow,824,133,0.16140776699029127,0.5154891570460158,0.17054625456119432,0.49816180907767044,24
clean54,endpoint_sd,state_average,1,4,5,strong_fixed_support,cook_struct,flow,1749,439,0.2510005717552887,0.4793997461266932,0.24480826679753326,0.4723976219547663,33
clean54,endpoint_sd,state_average,1,4,5,strong_fixed_support,cook_chem,flow,1749,405,0.23156089193825044,0.47965167548500887,0.22354153407891658,0.4734810285580477,33
clean54,endpoint_sd,state_average,1,4,5,strong_fixed_support,cook_gap,flow,1749,98,0.05603201829616924,0.44755188568461907,0.05319323305300311,0.41159524703733136,28
clean54,endpoint_sd,state_average,1,8,9,all_common,randi_wild_type,flow,1349,257,0.1905114899925871,0.546674790838215,0.2298788982961766,0.5088844936704155,40
clean54,endpoint_sd,state_average,1,8,9,all_common,cook_struct,flow,2862,758,0.26484975541579314,0.49622844287047163,0.2655313962976038,0.49508417359179946,54
clean54,endpoint_sd,state_average,1,8,9,all_common,cook_chem,flow,2862,699,0.24423480083857443,0.4941330227383813,0.24214965515665215,0.4967599637726025,54
clean54,endpoint_sd,state_average,1,8,9,all_common,cook_gap,flow,2862,169,0.05904961565338924,0.5044856597314538,0.06227963151570151,0.47646247159403377,45
clean54,endpoint_sd,state_average,1,8,9,strong_fixed_support,randi_wild_type,flow,824,133,0.16140776699029127,0.5368051097352643,0.18453961450117023,0.5076577506427625,24
clean54,endpoint_sd,state_average,1,8,9,strong_fixed_support,cook_struct,flow,1749,439,0.2510005717552887,0.49226555843433206,0.2529430687711281,0.4784242182642478,33
clean54,endpoint_sd,state_average,1,8,9,strong_fixed_support,cook_chem,flow,1749,405,0.23156089193825044,0.48953924162257495,0.22999696766187966,0.4776590788335196,33
clean54,endpoint_sd,state_average,1,8,9,strong_fixed_support,cook_gap,flow,1749,98,0.05603201829616924,0.4895177937922595,0.05929104281907658,0.43207162582558334,28
clean54,endpoint_sd,state_average,1,16,17,all_common,randi_wild_type,flow,1349,257,0.1905114899925871,0.5634255498068728,0.24734729804879876,0.5390178726341676,40
clean54,endpoint_sd,state_average,1,16,17,all_common,cook_struct,flow,2862,758,0.26484975541579314,0.5037207680809013,0.27643393591874493,0.4944201045503848,54
clean54,endpoint_sd,state_average,1,16,17,all_common,cook_chem,flow,2862,699,0.24423480083857443,0.49926154330504513,0.25243453215107503,0.49265405881047913,54
clean54,endpoint_sd,state_average,1,16,17,all_common,cook_gap,flow,2862,169,0.05904961565338924,0.5091899445637056,0.06279337989098888,0.4707311058559028,45
clean54,endpoint_sd,state_average,1,16,17,strong_fixed_support,randi_wild_type,flow,824,133,0.16140776699029127,0.5706668987954692,0.21760981202848123,0.5637639549197718,24
clean54,endpoint_sd,state_average,1,16,17,strong_fixed_support,cook_struct,flow,1749,439,0.2510005717552887,0.49854631448990594,0.2524682624495447,0.48911986535203583,33
clean54,endpoint_sd,state_average,1,16,17,strong_fixed_support,cook_chem,flow,1749,405,0.23156089193825044,0.49503968253968256,0.23036520195840904,0.4890280822810745,33
clean54,endpoint_sd,state_average,1,16,17,strong_fixed_support,cook_gap,flow,1749,98,0.05603201829616924,0.4864337012818452,0.054721710458954305,0.43004338118720853,28
clean54,endpoint_sd,state_average,1,32,33,all_common,randi_wild_type,flow,1349,257,0.1905114899925871,0.5668961388805748,0.25134009911855,0.5409846256243886,40
clean54,endpoint_sd,state_average,1,32,33,all_common,cook_struct,flow,2862,758,0.26484975541579314,0.5108757536844006,0.2815539245331864,0.5065132982235442,54
clean54,endpoint_sd,state_average,1,32,33,all_common,cook_chem,flow,2862,699,0.24423480083857443,0.5034442572673332,0.25491618282707806,0.49775927802832887,54
clean54,endpoint_sd,state_average,1,32,33,all_common,cook_gap,flow,2862,169,0.05904961565338924,0.5291364638104048,0.06847583011607258,0.4961497717079012,45
clean54,endpoint_sd,state_average,1,32,33,strong_fixed_support,randi_wild_type,flow,824,133,0.16140776699029127,0.5471312144326083,0.1957614710873842,0.5629041811665471,24
clean54,endpoint_sd,state_average,1,32,33,strong_fixed_support,cook_struct,flow,1749,439,0.2510005717552887,0.5000834651967518,0.2518628698803842,0.5047218478451233,33
clean54,endpoint_sd,state_average,1,32,33,strong_fixed_support,cook_chem,flow,1749,405,0.23156089193825044,0.49305739271017046,0.22960269822561447,0.500079062378282,33
clean54,endpoint_sd,state_average,1,32,33,strong_fixed_support,cook_gap,flow,1749,98,0.05603201829616924,0.49970333378657344,0.05432719814898486,0.4592924171836768,28
clean54,endpoint_sd,state_average,4,1,5,all_common,randi_wild_type,flow,1349,257,0.1905114899925871,0.5822358575276863,0.24079117367786274,0.5615522706959697,40
clean54,endpoint_sd,state_average,4,1,5,all_common,cook_struct,flow,2862,758,0.26484975541579314,0.49633503717005933,0.26522585994412406,0.5073061196452723,54
clean54,endpoint_sd,state_average,4,1,5,all_common,cook_chem,flow,2862,699,0.24423480083857443,0.4871400064949796,0.23854033509363395,0.49853893179096676,54
clean54,endpoint_sd,state_average,4,1,5,all_common,cook_gap,flow,2862,169,0.05904961565338924,0.5326674239810862,0.06909494202198088,0.517885857175192,45
clean54,endpoint_sd,state_average,4,1,5,strong_fixed_support,randi_wild_type,flow,824,133,0.16140776699029127,0.5672393719465088,0.1832006003166824,0.5507124890333763,24
clean54,endpoint_sd,state_average,4,1,5,strong_fixed_support,cook_struct,flow,1749,439,0.2510005717552887,0.4947486480376984,0.251747073809953,0.5014853288249059,33
clean54,endpoint_sd,state_average,4,1,5,strong_fixed_support,cook_chem,flow,1749,405,0.23156089193825044,0.4897872574955908,0.23258049214642032,0.4964629971817313,33
clean54,endpoint_sd,state_average,4,1,5,strong_fixed_support,cook_gap,flow,1749,98,0.05603201829616924,0.549277494159384,0.06696272952900073,0.5117143073452183,28
clean54,endpoint_sd,state_average,4,2,6,all_common,randi_wild_type,flow,1349,257,0.1905114899925871,0.5802368837388292,0.24185247212122551,0.5639720133438904,40
clean54,endpoint_sd,state_average,4,2,6,all_common,cook_struct,flow,2862,758,0.26484975541579314,0.49948709331139585,0.26845021136136826,0.5034497805298257,54
clean54,endpoint_sd,state_average,4,2,6,all_common,cook_chem,flow,2862,699,0.24423480083857443,0.4905621067544481,0.24130578450774026,0.4951832509197777,54
clean54,endpoint_sd,state_average,4,2,6,all_common,cook_gap,flow,2862,169,0.05904961565338924,0.5348822390725901,0.07064058642786239,0.5165447409514611,45
clean54,endpoint_sd,state_average,4,2,6,strong_fixed_support,randi_wild_type,flow,824,133,0.16140776699029127,0.559013307509004,0.1785586946338807,0.552098187554584,24
clean54,endpoint_sd,state_average,4,2,6,strong_fixed_support,cook_struct,flow,1749,439,0.2510005717552887,0.4911666000104331,0.2531783508374669,0.4891971127571085,33
clean54,endpoint_sd,state_average,4,2,6,strong_fixed_support,cook_chem,flow,1749,405,0.23156089193825044,0.4836713697824809,0.23268346153402913,0.4821155481614019,33
clean54,endpoint_sd,state_average,4,2,6,strong_fixed_support,cook_gap,flow,1749,98,0.05603201829616924,0.5550563047750899,0.06889656276176455,0.5106212982826462,28
clean54,endpoint_sd,state_average,4,4,8,all_common,randi_wild_type,flow,1349,257,0.1905114899925871,0.5856173657730078,0.25434301924040537,0.5774083902038896,40
clean54,endpoint_sd,state_average,4,4,8,all_common,cook_struct,flow,2862,758,0.26484975541579314,0.5056933896485649,0.2742074058951163,0.507444600802144,54
clean54,endpoint_sd,state_average,4,4,8,all_common,cook_chem,flow,2862,699,0.24423480083857443,0.496774005795215,0.24681904885273354,0.4991242180554451,54
clean54,endpoint_sd,state_average,4,4,8,all_common,cook_gap,flow,2862,169,0.05904961565338924,0.5219910484556719,0.06859751073393305,0.5086087002899203,45
clean54,endpoint_sd,state_average,4,4,8,strong_fixed_support,randi_wild_type,flow,824,133,0.16140776699029127,0.5659336474326191,0.1848102101551175,0.5624578060859188,24
clean54,endpoint_sd,state_average,4,4,8,strong_fixed_support,cook_struct,flow,1749,439,0.2510005717552887,0.5004068928341651,0.2518498155398454,0.4920990998717752,33
clean54,endpoint_sd,state_average,4,4,8,strong_fixed_support,cook_chem,flow,1749,405,0.23156089193825044,0.49454916225749557,0.23106168829614304,0.48692903025348133,33
clean54,endpoint_sd,state_average,4,4,8,strong_fixed_support,cook_gap,flow,1749,98,0.05603201829616924,0.5470957613814756,0.06587132357638288,0.5041456424395483,28
clean54,endpoint_sd,state_average,4,8,12,all_common,randi_wild_type,flow,1349,257,0.1905114899925871,0.559416912529753,0.24682115602641502,0.5322906852032192,40
clean54,endpoint_sd,state_average,4,8,12,all_common,cook_struct,flow,2862,758,0.26484975541579314,0.50155627677398,0.2720139367034327,0.49620462642189234,54
clean54,endpoint_sd,state_average,4,8,12,all_common,cook_chem,flow,2862,699,0.24423480083857443,0.4968553583912557,0.24679012581855878,0.4957716870700641,54
clean54,endpoint_sd,state_average,4,8,12,all_common,cook_gap,flow,2862,169,0.05904961565338924,0.5098491157218913,0.0668076988015051,0.47115128715043136,45
clean54,endpoint_sd,state_average,4,8,12,strong_fixed_support,randi_wild_type,flow,824,133,0.16140776699029127,0.5671305615703514,0.1916412820966447,0.5436503146440307,24
clean54,endpoint_sd,state_average,4,8,12,strong_fixed_support,cook_struct,flow,1749,439,0.2510005717552887,0.49138047957710973,0.24711115954173352,0.4832485438023973,33
clean54,endpoint_sd,state_average,4,8,12,strong_fixed_support,cook_chem,flow,1749,405,0.23156089193825044,0.491899985302763,0.2291027480479873,0.49008980405769353,33
clean54,endpoint_sd,state_average,4,8,12,strong_fixed_support,cook_gap,flow,1749,98,0.05603201829616924,0.5177134451600143,0.06012811368044372,0.4606130513563472,28
clean54,endpoint_sd,state_average,4,16,20,all_common,randi_wild_type,flow,1349,257,0.1905114899925871,0.5477758298769972,0.2466472338925591,0.5201979987213587,40
clean54,endpoint_sd,state_average,4,16,20,all_common,cook_struct,flow,2862,758,0.26484975541579314,0.5075851249536001,0.275539271220389,0.4998498760053438,54
clean54,endpoint_sd,state_average,4,16,20,all_common,cook_chem,flow,2862,699,0.24423480083857443,0.5027008400482296,0.25061266070502003,0.49723348726129407,54
clean54,endpoint_sd,state_average,4,16,20,all_common,cook_gap,flow,2862,169,0.05904961565338924,0.53285858361696,0.06767440430504434,0.5002015817946941,45
clean54,endpoint_sd,state_average,4,16,20,strong_fixed_support,randi_wild_type,flow,824,133,0.16140776699029127,0.5289381195390792,0.18360909601232656,0.5053453100680247,24
clean54,endpoint_sd,state_average,4,16,20,strong_fixed_support,cook_struct,flow,1749,439,0.2510005717552887,0.47408753412509347,0.2398750886688355,0.46561787500528556,33
clean54,endpoint_sd,state_average,4,16,20,strong_fixed_support,cook_chem,flow,1749,405,0.23156089193825044,0.4668430335097002,0.218678544547393,0.46340063162216477,33
clean54,endpoint_sd,state_average,4,16,20,strong_fixed_support,cook_gap,flow,1749,98,0.05603201829616924,0.5309521749341772,0.05876514778156151,0.5060577299664483,28
clean54,endpoint_sd,state_average,4,32,36,all_common,randi_wild_type,flow,1349,257,0.1905114899925871,0.5387180912472741,0.2442970024016196,0.5292833228661635,40
clean54,endpoint_sd,state_average,4,32,36,all_common,cook_struct,flow,2862,758,0.26484975541579314,0.5153872006581258,0.2813318203880967,0.5121447974295019,54
clean54,endpoint_sd,state_average,4,32,36,all_common,cook_chem,flow,2862,699,0.24423480083857443,0.5130055022133858,0.2557274188348404,0.5086122619106074,54
clean54,endpoint_sd,state_average,4,32,36,all_common,cook_gap,flow,2862,169,0.05904961565338924,0.5086823827719026,0.06765096366678792,0.4998957308599653,45
clean54,endpoint_sd,state_average,4,32,36,strong_fixed_support,randi_wild_type,flow,824,133,0.16140776699029127,0.5138352393284223,0.17789283987719623,0.49054136615117333,24
clean54,endpoint_sd,state_average,4,32,36,strong_fixed_support,cook_struct,flow,1749,439,0.2510005717552887,0.4918517101671043,0.24363963589763288,0.48945351728430264,33
clean54,endpoint_sd,state_average,4,32,36,strong_fixed_support,cook_chem,flow,1749,405,0.23156089193825044,0.48733281893004116,0.2218118835086101,0.4847949993290679,33
clean54,endpoint_sd,state_average,4,32,36,strong_fixed_support,cook_gap,flow,1749,98,0.05603201829616924,0.47192177900839316,0.0526661859721005,0.48477729971825756,28
clean54,endpoint_sd,state_average,8,1,9,all_common,randi_wild_type,flow,1349,257,0.1905114899925871,0.529496443893331,0.23204102919057457,0.4934473606127101,40
clean54,endpoint_sd,state_average,8,1,9,all_common,cook_struct,flow,2862,758,0.26484975541579314,0.4909187927004224,0.26587463443906734,0.4984055530433328,54
clean54,endpoint_sd,state_average,8,1,9,all_common,cook_chem,flow,2862,699,0.24423480083857443,0.4825835997134801,0.24007409262167612,0.4944354625943197,54
clean54,endpoint_sd,state_average,8,1,9,all_common,cook_gap,flow,2862,169,0.05904961565338924,0.5236785266206272,0.0685566097278726,0.48723209574029813,45
clean54,endpoint_sd,state_average,8,1,9,strong_fixed_support,randi_wild_type,flow,824,133,0.16140776699029127,0.505979130169853,0.19165224376469825,0.46493614996186494,24
clean54,endpoint_sd,state_average,8,1,9,strong_fixed_support,cook_struct,flow,1749,439,0.2510005717552887,0.4704724477907806,0.2338766650678628,0.4705122644823331,33
clean54,endpoint_sd,state_average,8,1,9,strong_fixed_support,cook_chem,flow,1749,405,0.23156089193825044,0.4641920194003527,0.21230573989109372,0.4682030796405402,33
clean54,endpoint_sd,state_average,8,1,9,strong_fixed_support,cook_gap,flow,1749,98,0.05603201829616924,0.5075155440734744,0.057730405152319295,0.45396044374052064,28
clean54,endpoint_sd,state_average,8,2,10,all_common,randi_wild_type,flow,1349,257,0.1905114899925871,0.5328672624392469,0.23391413840622022,0.4946810115175565,40
clean54,endpoint_sd,state_average,8,2,10,all_common,cook_struct,flow,2862,758,0.26484975541579314,0.49678461430420257,0.2681536406006178,0.5024252865800486,54
clean54,endpoint_sd,state_average,8,2,10,all_common,cook_chem,flow,2862,699,0.24423480083857443,0.4874382993471289,0.24117086547229277,0.4967909688781548,54
clean54,endpoint_sd,state_average,8,2,10,all_common,cook_gap,flow,2862,169,0.05904961565338924,0.5330123902205367,0.07027921291603334,0.48961556373909476,45
clean54,endpoint_sd,state_average,8,2,10,strong_fixed_support,randi_wild_type,flow,824,133,0.16140776699029127,0.500212180233507,0.1908685139772182,0.46243798426025173,24
clean54,endpoint_sd,state_average,8,2,10,strong_fixed_support,cook_struct,flow,1749,439,0.2510005717552887,0.47521431428124294,0.23618372999777446,0.474902255213123,33
clean54,endpoint_sd,state_average,8,2,10,strong_fixed_support,cook_chem,flow,1749,405,0.23156089193825044,0.46784428277483836,0.2138077200192629,0.4706886239915732,33
clean54,endpoint_sd,state_average,8,2,10,strong_fixed_support,cook_gap,flow,1749,98,0.05603201829616924,0.5095427631985563,0.059370468393668566,0.45893505749074803,28
clean54,endpoint_sd,state_average,8,4,12,all_common,randi_wild_type,flow,1349,257,0.1905114899925871,0.5344315217856074,0.23801997648932513,0.5118849262607261,40
clean54,endpoint_sd,state_average,8,4,12,all_common,cook_struct,flow,2862,758,0.26484975541579314,0.49248949105611123,0.2689205772207989,0.49449944625050657,54
clean54,endpoint_sd,state_average,8,4,12,all_common,cook_chem,flow,2862,699,0.24423480083857443,0.48535554060784275,0.2427589215687846,0.4933175469818851,54
clean54,endpoint_sd,state_average,8,4,12,all_common,cook_gap,flow,2862,169,0.05904961565338924,0.5247573700828578,0.06777027461545757,0.47179037761167003,45
clean54,endpoint_sd,state_average,8,4,12,strong_fixed_support,randi_wild_type,flow,824,133,0.16140776699029127,0.4908327258087331,0.19891038211338702,0.46950404584133354,24
clean54,endpoint_sd,state_average,8,4,12,strong_fixed_support,cook_struct,flow,1749,439,0.2510005717552887,0.47047244779078057,0.2359290086327011,0.46556118359328136,33
clean54,endpoint_sd,state_average,8,4,12,strong_fixed_support,cook_chem,flow,1749,405,0.23156089193825044,0.46705798059964726,0.21527465651551655,0.468450912690284,33
clean54,endpoint_sd,state_average,8,4,12,strong_fixed_support,cook_gap,flow,1749,98,0.05603201829616924,0.4927749415938392,0.05505317249578878,0.4122585250619677,28
clean54,endpoint_sd,state_average,8,8,16,all_common,randi_wild_type,flow,1349,257,0.1905114899925871,0.5373284303245393,0.24529069097472703,0.538547102960005,40
clean54,endpoint_sd,state_average,8,8,16,all_common,cook_struct,flow,2862,758,0.26484975541579314,0.4888646578448388,0.2675031047502562,0.4852322205255711,54
clean54,endpoint_sd,state_average,8,8,16,all_common,cook_chem,flow,2862,699,0.24423480083857443,0.4792699695820659,0.24096467445929645,0.48240384660547436,54
clean54,endpoint_sd,state_average,8,8,16,all_common,cook_gap,flow,2862,169,0.05904961565338924,0.5424978631868289,0.06910311716275884,0.5181166566959619,45
clean54,endpoint_sd,state_average,8,8,16,strong_fixed_support,randi_wild_type,flow,824,133,0.16140776699029127,0.4890699977149821,0.19696929414427042,0.5030260834693291,24
clean54,endpoint_sd,state_average,8,8,16,strong_fixed_support,cook_struct,flow,1749,439,0.2510005717552887,0.46152080543914864,0.23151833415933754,0.451159344712376,33
clean54,endpoint_sd,state_average,8,8,16,strong_fixed_support,cook_chem,flow,1749,405,0.23156089193825044,0.4541115520282187,0.2101686867858264,0.4517959651029417,33
clean54,endpoint_sd,state_average,8,8,16,strong_fixed_support,cook_gap,flow,1749,98,0.05603201829616924,0.5131212993980149,0.05659453028207053,0.45899394028059753,28
clean54,endpoint_sd,state_average,8,16,24,all_common,randi_wild_type,flow,1349,257,0.1905114899925871,0.5319051894927381,0.24979848662053283,0.5539863412813698,40
clean54,endpoint_sd,state_average,8,16,24,all_common,cook_struct,flow,2862,758,0.26484975541579314,0.4886502151950801,0.26570445113938024,0.48480199391143736,54
clean54,endpoint_sd,state_average,8,16,24,all_common,cook_chem,flow,2862,699,0.24423480083857443,0.47988838159261926,0.2390704087375573,0.4811351630436432,54
clean54,endpoint_sd,state_average,8,16,24,all_common,cook_gap,flow,2862,169,0.05904961565338924,0.5304679895499399,0.06724714891605414,0.5107853592585155,45
clean54,endpoint_sd,state_average,8,16,24,strong_fixed_support,randi_wild_type,flow,824,133,0.16140776699029127,0.47433707278326065,0.19078806851076624,0.5085160185902061,24
clean54,endpoint_sd,state_average,8,16,24,strong_fixed_support,cook_struct,flow,1749,439,0.2510005717552887,0.45939592063850876,0.23238377842159788,0.4650530734173824,33
clean54,endpoint_sd,state_average,8,16,24,strong_fixed_support,cook_chem,flow,1749,405,0.23156089193825044,0.4505658436213992,0.2099156242994761,0.4655425317697403,33
clean54,endpoint_sd,state_average,8,16,24,strong_fixed_support,cook_gap,flow,1749,98,0.05603201829616924,0.4949628549178605,0.05473385901160645,0.4670291301842838,28
clean54,endpoint_sd,state_average,8,32,40,all_common,randi_wild_type,flow,1349,257,0.1905114899925871,0.5321439261127977,0.24521581596265668,0.5615065478049751,40
clean54,endpoint_sd,state_average,8,32,40,all_common,cook_struct,flow,2862,758,0.26484975541579314,0.48993812514421575,0.2656963575395038,0.4941646219266915,54
clean54,endpoint_sd,state_average,8,32,40,all_common,cook_chem,flow,2862,699,0.24423480083857443,0.48151080369089455,0.23982166692622314,0.48733011253116737,54
clean54,endpoint_sd,state_average,8,32,40,all_common,cook_gap,flow,2862,169,0.05904961565338924,0.5215208396961661,0.06602529060401163,0.5231448265649576,45
clean54,endpoint_sd,state_average,8,32,40,strong_fixed_support,randi_wild_type,flow,824,133,0.16140776699029127,0.4714862409279349,0.18050604849035373,0.5432877580969939,24
clean54,endpoint_sd,state_average,8,32,40,strong_fixed_support,cook_struct,flow,1749,439,0.2510005717552887,0.46275191709123786,0.22979254436567395,0.4748031695743234,33
clean54,endpoint_sd,state_average,8,32,40,strong_fixed_support,cook_chem,flow,1749,405,0.23156089193825044,0.4536559376837155,0.20756171258960393,0.4704332556802241,33
clean54,endpoint_sd,state_average,8,32,40,strong_fixed_support,cook_gap,flow,1749,98,0.05603201829616924,0.4833681504097702,0.05385610829897927,0.47385877345864946,28
clean54,endpoint_sd,state_average,16,1,17,all_common,randi_wild_type,flow,1349,257,0.1905114899925871,0.5511609013554539,0.23894580532900378,0.533306954248821,40
clean54,endpoint_sd,state_average,16,1,17,all_common,cook_struct,flow,2862,758,0.26484975541579314,0.4872300029093974,0.25541542865967715,0.4746104679978689,54
clean54,endpoint_sd,state_average,16,1,17,all_common,cook_chem,flow,2862,699,0.24423480083857443,0.4840327341681565,0.23195746997562233,0.47564134761266935,54
clean54,endpoint_sd,state_average,16,1,17,all_common,cook_gap,flow,2862,169,0.05904961565338924,0.5160255494740913,0.06472895642512538,0.4696913356289524,45
clean54,endpoint_sd,state_average,16,1,17,strong_fixed_support,randi_wild_type,flow,824,133,0.16140776699029127,0.5308314200842192,0.1845235124813065,0.4885126751693778,24
clean54,endpoint_sd,state_average,16,1,17,strong_fixed_support,cook_struct,flow,1749,439,0.2510005717552887,0.4611695560694848,0.22647438788576643,0.46019205432784455,33
clean54,endpoint_sd,state_average,16,1,17,strong_fixed_support,cook_chem,flow,1749,405,0.23156089193825044,0.4602660199882421,0.20893559886205107,0.46291672640364384,33
clean54,endpoint_sd,state_average,16,1,17,strong_fixed_support,cook_gap,flow,1749,98,0.05603201829616924,0.4910629303205231,0.05389880056733736,0.4575930866719759,28
clean54,endpoint_sd,state_average,16,2,18,all_common,randi_wild_type,flow,1349,257,0.1905114899925871,0.5513925115092431,0.24171724591147176,0.5249360429674115,40
clean54,endpoint_sd,state_average,16,2,18,all_common,cook_struct,flow,2862,758,0.26484975541579314,0.48904085195180436,0.2572139138634427,0.47947329690679746,54
clean54,endpoint_sd,state_average,16,2,18,all_common,cook_chem,flow,2862,699,0.24423480083857443,0.4836484588974276,0.23203512315874808,0.4796338275260408,54
clean54,endpoint_sd,state_average,16,2,18,all_common,cook_gap,flow,2862,169,0.05904961565338924,0.5136591250162046,0.06692031119452527,0.46007897177342333,45
clean54,endpoint_sd,state_average,16,2,18,strong_fixed_support,randi_wild_type,flow,824,133,0.16140776699029127,0.5250427080726419,0.1827959414310964,0.47026486220165803,24
clean54,endpoint_sd,state_average,16,2,18,strong_fixed_support,cook_struct,flow,1749,439,0.2510005717552887,0.46036446469248293,0.22650827324466652,0.460708251295648,33
clean54,endpoint_sd,state_average,16,2,18,strong_fixed_support,cook_chem,flow,1749,405,0.23156089193825044,0.45688198118753676,0.20801371614159286,0.4639261402832268,33
clean54,endpoint_sd,state_average,16,2,18,strong_fixed_support,cook_gap,flow,1749,98,0.05603201829616924,0.4788934350239187,0.05350180265525417,0.43505939334347765,28
clean54,endpoint_sd,state_average,16,4,20,all_common,randi_wild_type,flow,1349,257,0.1905114899925871,0.5483067516141445,0.23851958436945156,0.5271847129364043,40
clean54,endpoint_sd,state_average,16,4,20,all_common,cook_struct,flow,2862,758,0.26484975541579314,0.4892603108038966,0.2586241002393335,0.4729627977522035,54
clean54,endpoint_sd,state_average,16,4,20,all_common,cook_chem,flow,2862,699,0.24423480083857443,0.4825134909721768,0.2332595882941036,0.47065785469959187,54
clean54,endpoint_sd,state_average,16,4,20,all_common,cook_gap,flow,2862,169,0.05904961565338924,0.5226765864601849,0.06636875284216093,0.47677190567076194,45
clean54,endpoint_sd,state_average,16,4,20,strong_fixed_support,randi_wild_type,flow,824,133,0.16140776699029127,0.5237587456339836,0.18022991777050035,0.48487792771207266,24
clean54,endpoint_sd,state_average,16,4,20,strong_fixed_support,cook_struct,flow,1749,439,0.2510005717552887,0.4561251282407971,0.22620371237214848,0.45355164984202917,33
clean54,endpoint_sd,state_average,16,4,20,strong_fixed_support,cook_chem,flow,1749,405,0.23156089193825044,0.45295965608465605,0.2077140676373676,0.45592039956228003,33
clean54,endpoint_sd,state_average,16,4,20,strong_fixed_support,cook_gap,flow,1749,98,0.05603201829616924,0.47865239372550955,0.05374386384052232,0.44491268719872595,28
clean54,endpoint_sd,state_average,16,8,24,all_common,randi_wild_type,flow,1349,257,0.1905114899925871,0.537734638901954,0.23425091583428737,0.5285552765394709,40
clean54,endpoint_sd,state_average,16,8,24,all_common,cook_struct,flow,2862,758,0.26484975541579314,0.49710815935471575,0.2644290477459489,0.47955205606747714,54
clean54,endpoint_sd,state_average,16,8,24,all_common,cook_chem,flow,2862,699,0.24423480083857443,0.48995493859863204,0.2390914634236794,0.4793604122742796,54
clean54,endpoint_sd,state_average,16,8,24,all_common,cook_gap,flow,2862,169,0.05904961565338924,0.5241333547197754,0.06758086912161955,0.4776686591390423,45
clean54,endpoint_sd,state_average,16,8,24,strong_fixed_support,randi_wild_type,flow,824,133,0.16140776699029127,0.5210384862300469,0.17885373398655832,0.5020128034382594,24
clean54,endpoint_sd,state_average,16,8,24,strong_fixed_support,cook_struct,flow,1749,439,0.2510005717552887,0.468964857674451,0.23228521871543464,0.4685530624438807,33
clean54,endpoint_sd,state_average,16,8,24,strong_fixed_support,cook_chem,flow,1749,405,0.23156089193825044,0.4650426219870665,0.21283520445652637,0.4742512981323255,33
clean54,endpoint_sd,state_average,16,8,24,strong_fixed_support,cook_gap,flow,1749,98,0.05603201829616924,0.47098233599920886,0.05297213157690652,0.42740116486441043,28
clean54,endpoint_sd,state_average,16,16,32,all_common,randi_wild_type,flow,1349,257,0.1905114899925871,0.5308647254172546,0.239435931588794,0.5131014476728419,40
clean54,endpoint_sd,state_average,16,16,32,all_common,cook_struct,flow,2862,758,0.26484975541579314,0.498818684350452,0.26911020065480823,0.4865731387413676,54
clean54,endpoint_sd,state_average,16,16,32,all_common,cook_chem,flow,2862,699,0.24423480083857443,0.4969267899389988,0.2452383925992595,0.4891565306197879,54
clean54,endpoint_sd,state_average,16,16,32,all_common,cook_gap,flow,2862,169,0.05904961565338924,0.5020159651254512,0.06679237648870978,0.47260596578835234,45
clean54,endpoint_sd,state_average,16,16,32,strong_fixed_support,randi_wild_type,flow,824,133,0.16140776699029127,0.48719845924507355,0.17425538711929578,0.47057695540145494,24
clean54,endpoint_sd,state_average,16,16,32,strong_fixed_support,cook_struct,flow,1749,439,0.2510005717552887,0.4767532038463545,0.23736875615921804,0.47912824047320735,33
clean54,endpoint_sd,state_average,16,16,32,strong_fixed_support,cook_chem,flow,1749,405,0.23156089193825044,0.47697126690182245,0.21809969049645297,0.4857809775815801,33
clean54,endpoint_sd,state_average,16,16,32,strong_fixed_support,cook_gap,flow,1749,98,0.05603201829616924,0.4641281103598314,0.051894450177432536,0.4489084570291971,28
clean54,endpoint_sd,state_average,16,32,48,all_common,randi_wild_type,flow,1349,257,0.1905114899925871,0.523830903208335,0.2382663764317886,0.4757444522038073,40
clean54,endpoint_sd,state_average,16,32,48,all_common,cook_struct,flow,2862,758,0.26484975541579314,0.5015525146222298,0.27392133766984983,0.47974389433175424,54
clean54,endpoint_sd,state_average,16,32,48,all_common,cook_chem,flow,2862,699,0.24423480083857443,0.49583018340049884,0.24816143500474247,0.4778600017454854,54
clean54,endpoint_sd,state_average,16,32,48,all_common,cook_gap,flow,2862,169,0.05904961565338924,0.5338912850981176,0.07024419381870838,0.4964138323122834,45
clean54,endpoint_sd,state_average,16,32,48,strong_fixed_support,randi_wild_type,flow,824,133,0.16140776699029127,0.4834553823052566,0.17048193034802617,0.44437870967741877,24
clean54,endpoint_sd,state_average,16,32,48,strong_fixed_support,cook_struct,flow,1749,439,0.2510005717552887,0.49183953815924464,0.2522564224321228,0.481786502486253,33
clean54,endpoint_sd,state_average,16,32,48,strong_fixed_support,cook_chem,flow,1749,405,0.23156089193825044,0.4860468106995885,0.22876496710942462,0.48380688788466397,33
clean54,endpoint_sd,state_average,16,32,48,strong_fixed_support,cook_gap,flow,1749,98,0.05603201829616924,0.5169594185342217,0.06083055670156956,0.5016720266770885,28
clean54,endpoint_sd,baseline,1,1,2,all_common,randi_wild_type,flow,1349,257,0.1905114899925871,0.5541005686920084,0.23001865318373077,0.5373032230344356,40
clean54,endpoint_sd,baseline,1,1,2,all_common,cook_struct,flow,2862,758,0.26484975541579314,0.5189499583655206,0.28282987876261906,0.527935560400203,54
clean54,endpoint_sd,baseline,1,1,2,all_common,cook_chem,flow,2862,699,0.24423480083857443,0.5151458030327983,0.2613981027251408,0.5256784870607751,54
clean54,endpoint_sd,baseline,1,1,2,all_common,cook_gap,flow,2862,169,0.05904961565338924,0.5037693604062252,0.06045887829962486,0.5098553419278634,45
clean54,endpoint_sd,baseline,1,1,2,strong_fixed_support,randi_wild_type,flow,824,133,0.16140776699029127,0.5106362142693927,0.1835236659396669,0.5243582707866076,24
clean54,endpoint_sd,baseline,1,1,2,strong_fixed_support,cook_struct,flow,1749,439,0.2510005717552887,0.4999374011024361,0.2505091341077447,0.507791770391517,33
clean54,endpoint_sd,baseline,1,1,2,strong_fixed_support,cook_chem,flow,1749,405,0.23156089193825044,0.4987746178718401,0.232042990145768,0.5102605438663079,33
clean54,endpoint_sd,baseline,1,1,2,strong_fixed_support,cook_gap,flow,1749,98,0.05603201829616924,0.4848453009307902,0.05356116519150515,0.4577019843938689,28
clean54,endpoint_sd,baseline,1,2,3,all_common,randi_wild_type,flow,1349,257,0.1905114899925871,0.5430474195065634,0.2371602988372716,0.5385053158804843,40
clean54,endpoint_sd,baseline,1,2,3,all_common,cook_struct,flow,2862,758,0.26484975541579314,0.515007850356652,0.28055374863018373,0.5230477288228587,54
clean54,endpoint_sd,baseline,1,2,3,all_common,cook_chem,flow,2862,699,0.24423480083857443,0.5113063573416088,0.25884273175127376,0.5214078915053586,54
clean54,endpoint_sd,baseline,1,2,3,all_common,cook_gap,flow,2862,169,0.05904961565338924,0.5072322062238941,0.0606854701733216,0.5240931835092403,45
clean54,endpoint_sd,baseline,1,2,3,strong_fixed_support,randi_wild_type,flow,824,133,0.16140776699029127,0.5036070639696202,0.18201301811871412,0.5147522891722519,24
clean54,endpoint_sd,baseline,1,2,3,strong_fixed_support,cook_struct,flow,1749,439,0.2510005717552887,0.4946251891008364,0.24624624912665571,0.5028532929277002,33
clean54,endpoint_sd,baseline,1,2,3,strong_fixed_support,cook_chem,flow,1749,405,0.23156089193825044,0.49619892710170493,0.2298597804809976,0.5072676305396128,33
clean54,endpoint_sd,baseline,1,2,3,strong_fixed_support,cook_gap,flow,1749,98,0.05603201829616924,0.47834336641985686,0.05119053123059429,0.48065546139812404,28
clean54,endpoint_sd,baseline,1,4,5,all_common,randi_wild_type,flow,1349,257,0.1905114899925871,0.5631939396530836,0.23965440788906156,0.5530104153808416,40
clean54,endpoint_sd,baseline,1,4,5,all_common,cook_struct,flow,2862,758,0.26484975541579314,0.5178990639766445,0.27949709042078497,0.526320264262314,54
clean54,endpoint_sd,baseline,1,4,5,all_common,cook_chem,flow,2862,699,0.24423480083857443,0.5118811167396525,0.25518247907589103,0.5228255367901955,54
clean54,endpoint_sd,baseline,1,4,5,all_common,cook_gap,flow,2862,169,0.05904961565338924,0.5136613222533986,0.06102794900763591,0.4989862531263544,45
clean54,endpoint_sd,baseline,1,4,5,strong_fixed_support,randi_wild_type,flow,824,133,0.16140776699029127,0.5433772564551755,0.1815762559512124,0.5407802977615495,24
clean54,endpoint_sd,baseline,1,4,5,strong_fixed_support,cook_struct,flow,1749,439,0.2510005717552887,0.5057243214105618,0.25009139140664016,0.518082863387194,33
clean54,endpoint_sd,baseline,1,4,5,strong_fixed_support,cook_chem,flow,1749,405,0.23156089193825044,0.5013154027042916,0.22912048919885553,0.5168445037423507,33
clean54,endpoint_sd,baseline,1,4,5,strong_fixed_support,cook_gap,flow,1749,98,0.05603201829616924,0.48747203302883835,0.05269271576568946,0.4518198966057428,28
clean54,endpoint_sd,baseline,1,8,9,all_common,randi_wild_type,flow,1349,257,0.1905114899925871,0.5502059548752156,0.23203653101763635,0.5441106879835147,40
clean54,endpoint_sd,baseline,1,8,9,all_common,cook_struct,flow,2862,758,0.26484975541579314,0.5168795208523531,0.2787796132429252,0.5216491563214516,54
clean54,endpoint_sd,baseline,1,8,9,all_common,cook_chem,flow,2862,699,0.24423480083857443,0.512592125200984,0.25364018859417836,0.5208381656313619,54
clean54,endpoint_sd,baseline,1,8,9,all_common,cook_gap,flow,2862,169,0.05904961565338924,0.5056414064954726,0.06097200669838036,0.5122409393447451,45
clean54,endpoint_sd,baseline,1,8,9,strong_fixed_support,randi_wild_type,flow,824,133,0.16140776699029127,0.5332361293972994,0.1925874394227617,0.5435136725405852,24
clean54,endpoint_sd,baseline,1,8,9,strong_fixed_support,cook_struct,flow,1749,439,0.2510005717552887,0.5137387191570015,0.2552681518532028,0.514495200948498,33
clean54,endpoint_sd,baseline,1,8,9,strong_fixed_support,cook_chem,flow,1749,405,0.23156089193825044,0.5113076866549089,0.23339109216910295,0.5150412277508312,33
clean54,endpoint_sd,baseline,1,8,9,strong_fixed_support,cook_gap,flow,1749,98,0.05603201829616924,0.4979171559599006,0.05693097597051339,0.4960081909762305,28
clean54,endpoint_sd,baseline,1,16,17,all_common,randi_wild_type,flow,1349,257,0.1905114899925871,0.538372457633158,0.22646070919799188,0.520962271410626,40
clean54,endpoint_sd,baseline,1,16,17,all_common,cook_struct,flow,2862,758,0.26484975541579314,0.502385204209597,0.2682040591597688,0.49233870113454015,54
clean54,endpoint_sd,baseline,1,16,17,all_common,cook_chem,flow,2862,699,0.24423480083857443,0.4987529242289857,0.242898493577062,0.49157109949781613,54
clean54,endpoint_sd,baseline,1,16,17,all_common,cook_gap,flow,2862,169,0.05904961565338924,0.49565935792334714,0.06039598681230757,0.464138904978929,45
clean54,endpoint_sd,baseline,1,16,17,strong_fixed_support,randi_wild_type,flow,824,133,0.16140776699029127,0.5391989380107287,0.19274345743370433,0.5485316755368818,24
clean54,endpoint_sd,baseline,1,16,17,strong_fixed_support,cook_struct,flow,1749,439,0.2510005717552887,0.48679858804708825,0.24349687803462677,0.47417647543538904,33
clean54,endpoint_sd,baseline,1,16,17,strong_fixed_support,cook_chem,flow,1749,405,0.23156089193825044,0.4843621399176955,0.2215860553060509,0.475210516770028,33
clean54,endpoint_sd,baseline,1,16,17,strong_fixed_support,cook_gap,flow,1749,98,0.05603201829616924,0.4836153722542924,0.05666944327834013,0.45039355055333413,28
clean54,endpoint_sd,baseline,1,32,33,all_common,randi_wild_type,flow,1349,257,0.1905114899925871,0.5394841863713459,0.24644082331874306,0.5164520592723993,40
clean54,endpoint_sd,baseline,1,32,33,all_common,cook_struct,flow,2862,758,0.26484975541579314,0.5084454036538018,0.27524662477859096,0.49703581524182466,54
clean54,endpoint_sd,baseline,1,32,33,all_common,cook_chem,flow,2862,699,0.24423480083857443,0.5079285710978698,0.2506165624980488,0.5013681693598216,54
clean54,endpoint_sd,baseline,1,32,33,all_common,cook_gap,flow,2862,169,0.05904961565338924,0.4887732165575006,0.06240831695562718,0.4151681400345782,45
clean54,endpoint_sd,baseline,1,32,33,strong_fixed_support,randi_wild_type,flow,824,133,0.16140776699029127,0.5302003199025058,0.18587796469860102,0.5252026554605401,24
clean54,endpoint_sd,baseline,1,32,33,strong_fixed_support,cook_struct,flow,1749,439,0.2510005717552887,0.5098697595159019,0.25252555849706504,0.48756209871497963,33
clean54,endpoint_sd,baseline,1,32,33,strong_fixed_support,cook_chem,flow,1749,405,0.23156089193825044,0.5096266901822457,0.23036083392337076,0.4905784530423832,33
clean54,endpoint_sd,baseline,1,32,33,strong_fixed_support,cook_gap,flow,1749,98,0.05603201829616924,0.477453367779577,0.05408375506987801,0.4118780238902158,28
clean54,endpoint_sd,baseline,4,1,5,all_common,randi_wild_type,flow,1349,257,0.1905114899925871,0.5185252490699961,0.21479948871076907,0.5206555281940037,40
clean54,endpoint_sd,baseline,4,1,5,all_common,cook_struct,flow,2862,758,0.26484975541579314,0.5193217843634941,0.2789970670860613,0.5157830337273821,54
clean54,endpoint_sd,baseline,4,1,5,all_common,cook_chem,flow,2862,699,0.24423480083857443,0.5100933438364165,0.2540046442313706,0.5099270017040701,54
clean54,endpoint_sd,baseline,4,1,5,all_common,cook_gap,flow,2862,169,0.05904961565338924,0.5573270170088132,0.0673708068478249,0.5419193357384151,45
clean54,endpoint_sd,baseline,4,1,5,strong_fixed_support,randi_wild_type,flow,824,133,0.16140776699029127,0.48370564617041883,0.15992548581521346,0.5140891954531254,24
clean54,endpoint_sd,baseline,4,1,5,strong_fixed_support,cook_struct,flow,1749,439,0.2510005717552887,0.49567024291849976,0.24968925258436253,0.5050118762625871,33
clean54,endpoint_sd,baseline,4,1,5,strong_fixed_support,cook_chem,flow,1749,405,0.23156089193825044,0.4853009259259259,0.2255290174776421,0.498032722456968,33
clean54,endpoint_sd,baseline,4,1,5,strong_fixed_support,cook_gap,flow,1749,98,0.05603201829616924,0.5574049122980506,0.06811482952367162,0.5433951821445974,28
clean54,endpoint_sd,baseline,4,2,6,all_common,randi_wild_type,flow,1349,257,0.1905114899925871,0.5121434985248214,0.21100756021133407,0.4894576189668383,40
clean54,endpoint_sd,baseline,4,2,6,all_common,cook_struct,flow,2862,758,0.26484975541579314,0.510976704756363,0.27440018995424753,0.5053570791003558,54
clean54,endpoint_sd,baseline,4,2,6,all_common,cook_chem,flow,2862,699,0.24423480083857443,0.5056864141826015,0.2515146890976242,0.5001860066854534,54
clean54,endpoint_sd,baseline,4,2,6,all_common,cook_gap,flow,2862,169,0.05904961565338924,0.5519437858836299,0.0677490209929571,0.5385083089666816,45
clean54,endpoint_sd,baseline,4,2,6,strong_fixed_support,randi_wild_type,flow,824,133,0.16140776699029127,0.4787765361304853,0.1523241649996177,0.47896559009203044,24
clean54,endpoint_sd,baseline,4,2,6,strong_fixed_support,cook_struct,flow,1749,439,0.2510005717552887,0.48777408753412504,0.2424512788156188,0.49289487139254234,33
clean54,endpoint_sd,baseline,4,2,6,strong_fixed_support,cook_chem,flow,1749,405,0.23156089193825044,0.4822089947089947,0.22115878597286798,0.48697385338356275,33
clean54,endpoint_sd,baseline,4,2,6,strong_fixed_support,cook_gap,flow,1749,98,0.05603201829616924,0.541811394454814,0.06524402210330799,0.5057775872380134,28
clean54,endpoint_sd,baseline,4,4,8,all_common,randi_wild_type,flow,1349,257,0.1905114899925871,0.5384757913940793,0.22540289943947275,0.5215983670124545,40
clean54,endpoint_sd,baseline,4,4,8,all_common,cook_struct,flow,2862,758,0.26484975541579314,0.5040449401567062,0.2687427150205834,0.49699777324307276,54
clean54,endpoint_sd,baseline,4,4,8,all_common,cook_chem,flow,2862,699,0.24423480083857443,0.4971774617593193,0.2455277607277253,0.4914872009828287,54
clean54,endpoint_sd,baseline,4,4,8,all_common,cook_gap,flow,2862,169,0.05904961565338924,0.5268205758079791,0.06396734840875462,0.494950993601261,45
clean54,endpoint_sd,baseline,4,4,8,strong_fixed_support,randi_wild_type,flow,824,133,0.16140776699029127,0.49229078484924316,0.15577725798005873,0.5065045306710695,24
clean54,endpoint_sd,baseline,4,4,8,strong_fixed_support,cook_struct,flow,1749,439,0.2510005717552887,0.4810933940774488,0.2369222228537169,0.4792852727946593,33
clean54,endpoint_sd,baseline,4,4,8,strong_fixed_support,cook_chem,flow,1749,405,0.23156089193825044,0.4725786302175191,0.21521259551060462,0.4722288107901919,33
clean54,endpoint_sd,baseline,4,4,8,strong_fixed_support,cook_gap,flow,1749,98,0.05603201829616924,0.5181769861184934,0.05909972958992239,0.46309728664926864,28
clean54,endpoint_sd,baseline,4,8,12,all_common,randi_wild_type,flow,1349,257,0.1905114899925871,0.5287232223029888,0.2231089612736297,0.49761678685060673,40
clean54,endpoint_sd,baseline,4,8,12,all_common,cook_struct,flow,2862,758,0.26484975541579314,0.5012985693790944,0.2651855015879535,0.4975850320682648,54
clean54,endpoint_sd,baseline,4,8,12,all_common,cook_chem,flow,2862,699,0.24423480083857443,0.498494315570027,0.2445542665398914,0.4971840341220186,54
clean54,endpoint_sd,baseline,4,8,12,all_common,cook_gap,flow,2862,169,0.05904961565338924,0.5172560023027046,0.062152088855611805,0.47392045206414374,45
clean54,endpoint_sd,baseline,4,8,12,strong_fixed_support,randi_wild_type,flow,824,133,0.16140776699029127,0.49133325353905744,0.15922653754456478,0.4866459336513213,24
clean54,endpoint_sd,baseline,4,8,12,strong_fixed_support,cook_struct,flow,1749,439,0.2510005717552887,0.47806256412039855,0.23164086548458732,0.4801425321479282,33
clean54,endpoint_sd,baseline,4,8,12,strong_fixed_support,cook_chem,flow,1749,405,0.23156089193825044,0.4746766607877719,0.2121855667397014,0.4778422916534639,33
clean54,endpoint_sd,baseline,4,8,12,strong_fixed_support,cook_gap,flow,1749,98,0.05603201829616924,0.48983300164402527,0.05287289644204768,0.45359094792409343,28
clean54,endpoint_sd,baseline,4,16,20,all_common,randi_wild_type,flow,1349,257,0.1905114899925871,0.5242620544176965,0.2239484671289733,0.5034943334310455,40
clean54,endpoint_sd,baseline,4,16,20,all_common,cook_struct,flow,2862,758,0.26484975541579314,0.4915922178636998,0.2695513398716157,0.4917117648433034,54
clean54,endpoint_sd,baseline,4,16,20,all_common,cook_chem,flow,2862,699,0.24423480083857443,0.48927435468541347,0.24883296603926947,0.4914219096599306,54
clean54,endpoint_sd,baseline,4,16,20,all_common,cook_gap,flow,2862,169,0.05904961565338924,0.48106311124392187,0.05768464366478371,0.4603850907728011,45
clean54,endpoint_sd,baseline,4,16,20,strong_fixed_support,randi_wild_type,flow,824,133,0.16140776699029127,0.4763718268174053,0.15838509748479504,0.4452241459042951,24
clean54,endpoint_sd,baseline,4,16,20,strong_fixed_support,cook_struct,flow,1749,439,0.2510005717552887,0.46462640630162233,0.23230276073975428,0.46915060320783436,33
clean54,endpoint_sd,baseline,4,16,20,strong_fixed_support,cook_chem,flow,1749,405,0.23156089193825044,0.45632532333921216,0.21098865866247107,0.4633772142226212,33
clean54,endpoint_sd,baseline,4,16,20,strong_fixed_support,cook_gap,flow,1749,98,0.05603201829616924,0.4583987441130299,0.05005903109736584,0.4390864911153249,28
clean54,endpoint_sd,baseline,4,32,36,all_common,randi_wild_type,flow,1349,257,0.1905114899925871,0.5223842305554367,0.2297298614730729,0.4855883004723182,40
clean54,endpoint_sd,baseline,4,32,36,all_common,cook_struct,flow,2862,758,0.26484975541579314,0.5069512023836993,0.27506038634595925,0.5087777868729495,54
clean54,endpoint_sd,baseline,4,32,36,all_common,cook_chem,flow,2862,699,0.24423480083857443,0.5111780451169593,0.25448642890849654,0.5155842015975135,54
clean54,endpoint_sd,baseline,4,32,36,all_common,cook_gap,flow,2862,169,0.05904961565338924,0.46695904569594193,0.05940135819082051,0.4848218997138723,45
clean54,endpoint_sd,baseline,4,32,36,strong_fixed_support,randi_wild_type,flow,824,133,0.16140776699029127,0.4745873366484228,0.1585944570833464,0.4336737714595132,24
clean54,endpoint_sd,baseline,4,32,36,strong_fixed_support,cook_struct,flow,1749,439,0.2510005717552887,0.4658383905127893,0.22617137114955152,0.4697325124056504,33
clean54,endpoint_sd,baseline,4,32,36,strong_fixed_support,cook_chem,flow,1749,405,0.23156089193825044,0.4688822751322751,0.20846365145930879,0.4794721794247348,33
clean54,endpoint_sd,baseline,4,32,36,strong_fixed_support,cook_gap,flow,1749,98,0.05603201829616924,0.4162783223525631,0.045739373469278546,0.44362039959599503,28
clean54,endpoint_sd,baseline,8,1,9,all_common,randi_wild_type,flow,1349,257,0.1905114899925871,0.5270841350607888,0.2251626209445732,0.482996161275984,40
clean54,endpoint_sd,baseline,8,1,9,all_common,cook_struct,flow,2862,758,0.26484975541579314,0.4876695476388736,0.2579047039191504,0.48431172634375175,54
clean54,endpoint_sd,baseline,8,1,9,all_common,cook_chem,flow,2862,699,0.24423480083857443,0.47575262725893996,0.23002299946857918,0.4763222094960852,54
clean54,endpoint_sd,baseline,8,1,9,all_common,cook_gap,flow,2862,169,0.05904961565338924,0.5369740088812327,0.07571632912921192,0.523709355408528,45
clean54,endpoint_sd,baseline,8,1,9,strong_fixed_support,randi_wild_type,flow,824,133,0.16140776699029127,0.4807895280893986,0.17065779352539734,0.4476506906544288,24
clean54,endpoint_sd,baseline,8,1,9,strong_fixed_support,cook_struct,flow,1749,439,0.2510005717552887,0.4541132692274253,0.21829131121574677,0.464573877525274,33
clean54,endpoint_sd,baseline,8,1,9,strong_fixed_support,cook_chem,flow,1749,405,0.23156089193825044,0.4465204291593181,0.1972406522890482,0.4594958653997181,33
clean54,endpoint_sd,baseline,8,1,9,strong_fixed_support,cook_gap,flow,1749,98,0.05603201829616924,0.4828984289051781,0.05338138498518663,0.4601509529764002,28
clean54,endpoint_sd,baseline,8,2,10,all_common,randi_wild_type,flow,1349,257,0.1905114899925871,0.5176665098844088,0.223032971368915,0.4697189560840858,40
clean54,endpoint_sd,baseline,8,2,10,all_common,cook_struct,flow,2862,758,0.26484975541579314,0.4791990629734041,0.2547577047609447,0.4787048519719151,54
clean54,endpoint_sd,baseline,8,2,10,all_common,cook_chem,flow,2862,699,0.24423480083857443,0.4674890554302196,0.2273768927801493,0.4727557817458873,54
clean54,endpoint_sd,baseline,8,2,10,all_common,cook_gap,flow,2862,169,0.05904961565338924,0.5199981543207571,0.07251730751820476,0.49348761257323487,45
clean54,endpoint_sd,baseline,8,2,10,strong_fixed_support,randi_wild_type,flow,824,133,0.16140776699029127,0.457199438538459,0.16185827685480336,0.41895405296223226,24
clean54,endpoint_sd,baseline,8,2,10,strong_fixed_support,cook_struct,flow,1749,439,0.2510005717552887,0.4532055852127493,0.2179300787350557,0.46520220550644925,33
clean54,endpoint_sd,baseline,8,2,10,strong_fixed_support,cook_chem,flow,1749,405,0.23156089193825044,0.4471965020576132,0.19741604548223915,0.46337154676904024,33
clean54,endpoint_sd,baseline,8,2,10,strong_fixed_support,cook_gap,flow,1749,98,0.05603201829616924,0.4639179717919875,0.05143803714433869,0.44733885175545246,28
clean54,endpoint_sd,baseline,8,4,12,all_common,randi_wild_type,flow,1349,257,0.1905114899925871,0.5335015179373156,0.2330866245391588,0.5106142723761975,40
clean54,endpoint_sd,baseline,8,4,12,all_common,cook_struct,flow,2862,758,0.26484975541579314,0.4821579953248994,0.26041071014356565,0.4806400775703655,54
clean54,endpoint_sd,baseline,8,4,12,all_common,cook_chem,flow,2862,699,0.24423480083857443,0.468588307581599,0.23102831902768595,0.4707094015860587,54
clean54,endpoint_sd,baseline,8,4,12,all_common,cook_gap,flow,2862,169,0.05904961565338924,0.5272995735162607,0.07084629826249379,0.4925677722785957,45
clean54,endpoint_sd,baseline,8,4,12,strong_fixed_support,randi_wild_type,flow,824,133,0.16140776699029127,0.48134446100780165,0.16103662565403495,0.47696936395364187,24
clean54,endpoint_sd,baseline,8,4,12,strong_fixed_support,cook_struct,flow,1749,439,0.2510005717552887,0.450943330609122,0.21920465556089788,0.46101857942310964,33
clean54,endpoint_sd,baseline,8,4,12,strong_fixed_support,cook_chem,flow,1749,405,0.23156089193825044,0.4430518812463257,0.19783289981737184,0.455883651221002,33
clean54,endpoint_sd,baseline,8,4,12,strong_fixed_support,cook_gap,flow,1749,98,0.05603201829616924,0.46707005030964543,0.05162760343246263,0.44362769699433496,28
clean54,endpoint_sd,baseline,8,8,16,all_common,randi_wild_type,flow,1349,257,0.1905114899925871,0.5348377303630222,0.2307720796469402,0.5171349064945776,40
clean54,endpoint_sd,baseline,8,8,16,all_common,cook_struct,flow,2862,758,0.26484975541579314,0.4896854339516639,0.2644723228086554,0.4933258878713984,54
clean54,endpoint_sd,baseline,8,8,16,all_common,cook_chem,flow,2862,699,0.24423480083857443,0.47915422401859337,0.23553527352873324,0.4865082536808038,54
clean54,endpoint_sd,baseline,8,8,16,all_common,cook_gap,flow,2862,169,0.05904961565338924,0.5238850669168588,0.06862299914146155,0.49890662929845186,45
clean54,endpoint_sd,baseline,8,8,16,strong_fixed_support,randi_wild_type,flow,824,133,0.16140776699029127,0.4893855478058387,0.162750004100038,0.46511660391267373,24
clean54,endpoint_sd,baseline,8,8,16,strong_fixed_support,cook_struct,flow,1749,439,0.2510005717552887,0.4589246900485141,0.22387888778547285,0.46416078085776513,33
clean54,endpoint_sd,baseline,8,8,16,strong_fixed_support,cook_chem,flow,1749,405,0.23156089193825044,0.45550962669018225,0.20387339085709177,0.4626064510362845,33
clean54,endpoint_sd,baseline,8,8,16,strong_fixed_support,cook_gap,flow,1749,98,0.05603201829616924,0.46365838885523925,0.051784208033576105,0.45004300403397535,28
clean54,endpoint_sd,baseline,8,16,24,all_common,randi_wild_type,flow,1349,257,0.1905114899925871,0.5397122332919999,0.23794021122393935,0.5210644093409604,40
clean54,endpoint_sd,baseline,8,16,24,all_common,cook_struct,flow,2862,758,0.26484975541579314,0.48712215455922636,0.26121271295264736,0.49784711382708735,54
clean54,endpoint_sd,baseline,8,16,24,all_common,cook_chem,flow,2862,699,0.24423480083857443,0.47519638715105195,0.23352381632652147,0.4865239847405637,54
clean54,endpoint_sd,baseline,8,16,24,all_common,cook_gap,flow,2862,169,0.05904961565338924,0.5289255290397853,0.06383688006124547,0.5048238912749101,45
clean54,endpoint_sd,baseline,8,16,24,strong_fixed_support,randi_wild_type,flow,824,133,0.16140776699029127,0.4847393447439148,0.15421363177368946,0.4641598201741927,24
clean54,endpoint_sd,baseline,8,16,24,strong_fixed_support,cook_struct,flow,1749,439,0.2510005717552887,0.4680450016519153,0.22785713772848026,0.48367800930612653,33
clean54,endpoint_sd,baseline,8,16,24,strong_fixed_support,cook_chem,flow,1749,405,0.23156089193825044,0.45702344209288653,0.20514937344781142,0.47312072311788483,33
clean54,endpoint_sd,baseline,8,16,24,strong_fixed_support,cook_gap,flow,1749,98,0.05603201829616924,0.5074351969740047,0.05543429255209882,0.4799989824722517,28
clean54,endpoint_sd,baseline,8,32,40,all_common,randi_wild_type,flow,1349,257,0.1905114899925871,0.5450107609640684,0.23720272862862374,0.5527287713881553,40
clean54,endpoint_sd,baseline,8,32,40,all_common,cook_struct,flow,2862,758,0.26484975541579314,0.47202401256057064,0.2544571608964435,0.48174721989414987,54
clean54,endpoint_sd,baseline,8,32,40,all_common,cook_chem,flow,2862,699,0.24423480083857443,0.4658540666707674,0.2298583375027471,0.473029060721453,54
clean54,endpoint_sd,baseline,8,32,40,all_common,cook_gap,flow,2862,169,0.05904961565338924,0.49786758130326925,0.06212125289846142,0.5079215413309085,45
clean54,endpoint_sd,baseline,8,32,40,strong_fixed_support,randi_wild_type,flow,824,133,0.16140776699029127,0.4921058072097755,0.1646670550589445,0.5322073769766029,24
clean54,endpoint_sd,baseline,8,32,40,strong_fixed_support,cook_struct,flow,1749,439,0.2510005717552887,0.4368829226729729,0.2201160896835897,0.4495514207444187,33
clean54,endpoint_sd,baseline,8,32,40,strong_fixed_support,cook_chem,flow,1749,405,0.23156089193825044,0.427090681951793,0.19919992346968457,0.4390629049598344,33
clean54,endpoint_sd,baseline,8,32,40,strong_fixed_support,cook_gap,flow,1749,98,0.05603201829616924,0.4801295442465296,0.05319875009588472,0.4828547916537219,28
clean54,endpoint_sd,baseline,16,1,17,all_common,randi_wild_type,flow,1349,257,0.1905114899925871,0.5478470945397015,0.23901589094679657,0.5322335813165459,40
clean54,endpoint_sd,baseline,16,1,17,all_common,cook_struct,flow,2862,758,0.26484975541579314,0.48364529931679323,0.26310832117864436,0.4672298283893461,54
clean54,endpoint_sd,baseline,16,1,17,all_common,cook_chem,flow,2862,699,0.24423480083857443,0.48270199088983207,0.23865520337888418,0.47131349655843047,54
clean54,endpoint_sd,baseline,16,1,17,all_common,cook_gap,flow,2862,169,0.05904961565338924,0.5272841928559031,0.07508411049414254,0.46654055539088735,45
clean54,endpoint_sd,baseline,16,1,17,strong_fixed_support,randi_wild_type,flow,824,133,0.16140776699029127,0.5277520864389628,0.17328225608003722,0.5283172751389825,24
clean54,endpoint_sd,baseline,16,1,17,strong_fixed_support,cook_struct,flow,1749,439,0.2510005717552887,0.46609400267784173,0.23683945444486737,0.4507103997691326,33
clean54,endpoint_sd,baseline,16,1,17,strong_fixed_support,cook_chem,flow,1749,405,0.23156089193825044,0.4713716196355085,0.2213970163080725,0.4589813541634544,33
clean54,endpoint_sd,baseline,16,1,17,strong_fixed_support,cook_gap,flow,1749,98,0.05603201829616924,0.46271894584605494,0.05178106739678535,0.42866507825470945,28
clean54,endpoint_sd,baseline,16,2,18,all_common,randi_wild_type,flow,1349,257,0.1905114899925871,0.5435213295135474,0.23574926551353692,0.5196451362928938,40
clean54,endpoint_sd,baseline,16,2,18,all_common,cook_struct,flow,2862,758,0.26484975541579314,0.4882937513167532,0.26436872375912873,0.47087810552286175,54
clean54,endpoint_sd,baseline,16,2,18,all_common,cook_chem,flow,2862,699,0.24423480083857443,0.48560389751689387,0.23918697268660333,0.47101106596707937,54
clean54,endpoint_sd,baseline,16,2,18,all_common,cook_gap,flow,2862,169,0.05904961565338924,0.5315819888072737,0.07658276264914045,0.4825556159451549,45
clean54,endpoint_sd,baseline,16,2,18,strong_fixed_support,randi_wild_type,flow,824,133,0.16140776699029127,0.5223550917815524,0.17324412228487968,0.5212101967489217,24
clean54,endpoint_sd,baseline,16,2,18,strong_fixed_support,cook_struct,flow,1749,439,0.2510005717552887,0.47016119216122687,0.23565022000003083,0.4520926339386111,33
clean54,endpoint_sd,baseline,16,2,18,strong_fixed_support,cook_chem,flow,1749,405,0.23156089193825044,0.4729515726043504,0.21942723638405537,0.4549171340805321,33
clean54,endpoint_sd,baseline,16,2,18,strong_fixed_support,cook_gap,flow,1749,98,0.05603201829616924,0.46960407421599776,0.052195399686608884,0.462464850245994,28
clean54,endpoint_sd,baseline,16,4,20,all_common,randi_wild_type,flow,1349,257,0.1905114899925871,0.5228510140961502,0.2295024454811698,0.5001521094172791,40
clean54,endpoint_sd,baseline,16,4,20,all_common,cook_struct,flow,2862,758,0.26484975541579314,0.5000081513287921,0.2687287023934344,0.4788661892814188,54
clean54,endpoint_sd,baseline,16,4,20,all_common,cook_chem,flow,2862,699,0.24423480083857443,0.4958764816258879,0.24270570368962924,0.47791445292780926,54
clean54,endpoint_sd,baseline,16,4,20,all_common,cook_gap,flow,2862,169,0.05904961565338924,0.5460991349477167,0.0766800796971284,0.4847303937138555,45
clean54,endpoint_sd,baseline,16,4,20,strong_fixed_support,randi_wild_type,flow,824,133,0.16140776699029127,0.5055656507404546,0.16462766262562906,0.5020346572163185,24
clean54,endpoint_sd,baseline,16,4,20,strong_fixed_support,cook_struct,flow,1749,439,0.2510005717552887,0.48504060234050317,0.23911831862796373,0.4694070302890905,33
clean54,endpoint_sd,baseline,16,4,20,strong_fixed_support,cook_chem,flow,1749,405,0.23156089193825044,0.4865961199294533,0.2224722107954361,0.47175385103487516,33
clean54,endpoint_sd,baseline,16,4,20,strong_fixed_support,cook_gap,flow,1749,98,0.05603201829616924,0.49125452725002783,0.05423164712804772,0.4718827652649439,28
clean54,endpoint_sd,baseline,16,8,24,all_common,randi_wild_type,flow,1349,257,0.1905114899925871,0.5469455965564916,0.2315478215664282,0.5336919392800064,40
clean54,endpoint_sd,baseline,16,8,24,all_common,cook_struct,flow,2862,758,0.26484975541579314,0.5157446050743902,0.2750003402233644,0.4922530820182433,54
clean54,endpoint_sd,baseline,16,8,24,all_common,cook_chem,flow,2862,699,0.24423480083857443,0.5111906117781363,0.24840058007294838,0.4899075093712433,54
clean54,endpoint_sd,baseline,16,8,24,all_common,cook_gap,flow,2862,169,0.05904961565338924,0.5447654119709877,0.07769736907209619,0.49139342615042075,45
clean54,endpoint_sd,baseline,16,8,24,strong_fixed_support,randi_wild_type,flow,824,133,0.16140776699029127,0.5474250024482334,0.17267487173754367,0.5411949451920749,24
clean54,endpoint_sd,baseline,16,8,24,strong_fixed_support,cook_struct,flow,1749,439,0.2510005717552887,0.5077640021561842,0.247946875880626,0.48781978070822907,33
clean54,endpoint_sd,baseline,16,8,24,strong_fixed_support,cook_chem,flow,1749,405,0.23156089193825044,0.505381025867137,0.2293244920586916,0.48542232684096065,33
clean54,endpoint_sd,baseline,16,8,24,strong_fixed_support,cook_gap,flow,1749,98,0.05603201829616924,0.4863966180051669,0.05404967927579284,0.4523035654626894,28
clean54,endpoint_sd,baseline,16,16,32,all_common,randi_wild_type,flow,1349,257,0.1905114899925871,0.5522441242285601,0.23632999857631987,0.5462579382378216,40
clean54,endpoint_sd,baseline,16,16,32,all_common,cook_struct,flow,2862,758,0.26484975541579314,0.5151395256679074,0.27713490330610313,0.4992291335368988,54
clean54,endpoint_sd,baseline,16,16,32,all_common,cook_chem,flow,2862,699,0.24423480083857443,0.510221656061066,0.250780780142594,0.4981721927164347,54
clean54,endpoint_sd,baseline,16,16,32,all_common,cook_gap,flow,2862,169,0.05904961565338924,0.5433591801668582,0.07534095323451173,0.4863582429817787,45
clean54,endpoint_sd,baseline,16,16,32,strong_fixed_support,randi_wild_type,flow,824,133,0.16140776699029127,0.5429093718376985,0.17765604561049983,0.5292937957542455,24
clean54,endpoint_sd,baseline,16,16,32,strong_fixed_support,cook_struct,flow,1749,439,0.2510005717552887,0.5151976212418925,0.2540649160246692,0.5028397578552376,33
clean54,endpoint_sd,baseline,16,16,32,strong_fixed_support,cook_chem,flow,1749,405,0.23156089193825044,0.5097461052322163,0.23288147868294073,0.5002758924815065,33
clean54,endpoint_sd,baseline,16,16,32,strong_fixed_support,cook_gap,flow,1749,98,0.05603201829616924,0.5171757376481785,0.05669325919453801,0.4738107708054624,28
clean54,endpoint_sd,baseline,16,32,48,all_common,randi_wild_type,flow,1349,257,0.1905114899925871,0.5398120038197859,0.24094872697191777,0.4812790704143211,40
clean54,endpoint_sd,baseline,16,32,48,all_common,cook_struct,flow,2862,758,0.26484975541579314,0.5250847738194367,0.2818184442947625,0.5119485762064842,54
clean54,endpoint_sd,baseline,16,32,48,all_common,cook_chem,flow,2862,699,0.24423480083857443,0.5237380922617807,0.2570472005560382,0.511096316640789,54
clean54,endpoint_sd,baseline,16,32,48,all_common,cook_gap,flow,2862,169,0.05904961565338924,0.5400787050362873,0.0735307098144023,0.5148286829035577,45
clean54,endpoint_sd,baseline,16,32,48,strong_fixed_support,randi_wild_type,flow,824,133,0.16140776699029127,0.5125512768897642,0.17194287732451408,0.43930563125053257,24
clean54,endpoint_sd,baseline,16,32,48,strong_fixed_support,cook_struct,flow,1749,439,0.2510005717552887,0.5254221078439897,0.2663643479867542,0.5121585581467025,33
clean54,endpoint_sd,baseline,16,32,48,strong_fixed_support,cook_chem,flow,1749,405,0.23156089193825044,0.5206055261610818,0.24232929394683606,0.5098012789556832,33
clean54,endpoint_sd,baseline,16,32,48,strong_fixed_support,cook_gap,flow,1749,98,0.05603201829616924,0.5422996575977453,0.06415429079747069,0.500542936568701,28
clean54,endpoint_sd,onset_minus_baseline,1,1,2,all_common,randi_wild_type,flow,1349,257,0.1905114899925871,0.5389675175667393,0.21368314339233863,0.5220279726797695,40
clean54,endpoint_sd,onset_minus_baseline,1,1,2,all_common,cook_struct,flow,2862,758,0.26484975541579314,0.5082234367005427,0.2810922201794715,0.4854089505098639,54
clean54,endpoint_sd,onset_minus_baseline,1,1,2,all_common,cook_chem,flow,2862,699,0.24423480083857443,0.5052591477025828,0.2596659684861584,0.48321118876849806,54
clean54,endpoint_sd,onset_minus_baseline,1,1,2,all_common,cook_gap,flow,2862,169,0.05904961565338924,0.5329310924443604,0.06659240904202529,0.5238156057610605,45
clean54,endpoint_sd,onset_minus_baseline,1,1,2,strong_fixed_support,randi_wild_type,flow,824,133,0.16140776699029127,0.5274582984233377,0.1814318221819653,0.5139754540079386,24
clean54,endpoint_sd,onset_minus_baseline,1,1,2,strong_fixed_support,cook_struct,flow,1749,439,0.2510005717552887,0.4851258063955208,0.25388278284104715,0.46365677355852025,33
clean54,endpoint_sd,onset_minus_baseline,1,1,2,strong_fixed_support,cook_chem,flow,1749,405,0.23156089193825044,0.48611111111111116,0.23727118482380544,0.46494641736690784,33
clean54,endpoint_sd,onset_minus_baseline,1,1,2,strong_fixed_support,cook_gap,flow,1749,98,0.05603201829616924,0.49830034981891,0.05847879273631941,0.4580058767505316,28
clean54,endpoint_sd,onset_minus_baseline,1,2,3,all_common,randi_wild_type,flow,1349,257,0.1905114899925871,0.5632545146163823,0.2330094384192776,0.5184922097261943,40
clean54,endpoint_sd,onset_minus_baseline,1,2,3,all_common,cook_struct,flow,2862,758,0.26484975541579314,0.5210793362561073,0.282433098139549,0.501258949904605,54
clean54,endpoint_sd,onset_minus_baseline,1,2,3,all_common,cook_chem,flow,2862,699,0.24423480083857443,0.5195659607510101,0.25983599425350346,0.49999094081109907,54
clean54,endpoint_sd,onset_minus_baseline,1,2,3,all_common,cook_gap,flow,2862,169,0.05904961565338924,0.5403072177044584,0.06849976867783099,0.5225293377442022,45
clean54,endpoint_sd,onset_minus_baseline,1,2,3,strong_fixed_support,randi_wild_type,flow,824,133,0.16140776699029127,0.5413860265714938,0.19201358834982007,0.48489704676236906,24
clean54,endpoint_sd,onset_minus_baseline,1,2,3,strong_fixed_support,cook_struct,flow,1749,439,0.2510005717552887,0.4929524074492688,0.2550451427867855,0.4704099476085972,33
clean54,endpoint_sd,onset_minus_baseline,1,2,3,strong_fixed_support,cook_chem,flow,1749,405,0.23156089193825044,0.49579291593180486,0.2389402246622235,0.4732441768767399,33
clean54,endpoint_sd,onset_minus_baseline,1,2,3,strong_fixed_support,cook_gap,flow,1749,98,0.05603201829616924,0.5147962273946526,0.06323318894842234,0.4628475154290594,28
clean54,endpoint_sd,onset_minus_baseline,1,4,5,all_common,randi_wild_type,flow,1349,257,0.1905114899925871,0.5557254030016676,0.23577192903429534,0.5354628094271837,40
clean54,endpoint_sd,onset_minus_baseline,1,4,5,all_common,cook_struct,flow,2862,758,0.26484975541579314,0.5264930726245773,0.28427626778835285,0.5098628029807611,54
clean54,endpoint_sd,onset_minus_baseline,1,4,5,all_common,cook_chem,flow,2862,699,0.24423480083857443,0.524255970982918,0.26023305658442697,0.5073327028173609,54
clean54,endpoint_sd,onset_minus_baseline,1,4,5,all_common,cook_gap,flow,2862,169,0.05904961565338924,0.5214922756126448,0.06724899895398512,0.48733626382101336,45
clean54,endpoint_sd,onset_minus_baseline,1,4,5,strong_fixed_support,randi_wild_type,flow,824,133,0.16140776699029127,0.533769300240471,0.1856636220835597,0.501127204184415,24
clean54,endpoint_sd,onset_minus_baseline,1,4,5,strong_fixed_support,cook_struct,flow,1749,439,0.2510005717552887,0.5056217287728877,0.2533189176296723,0.48746269561739036,33
clean54,endpoint_sd,onset_minus_baseline,1,4,5,strong_fixed_support,cook_chem,flow,1749,405,0.23156089193825044,0.5023203262786596,0.23379527518145,0.4833766853400115,33
clean54,endpoint_sd,onset_minus_baseline,1,4,5,strong_fixed_support,cook_gap,flow,1749,98,0.05603201829616924,0.5096910963052695,0.0650299391765235,0.4317380393792764,28
clean54,endpoint_sd,onset_minus_baseline,1,8,9,all_common,randi_wild_type,flow,1349,257,0.1905114899925871,0.5538618320719488,0.2454515189728801,0.5191121387008689,40
clean54,endpoint_sd,onset_minus_baseline,1,8,9,all_common,cook_struct,flow,2862,758,0.26484975541579314,0.5104826088265095,0.2718198142006904,0.49920095435892775,54
clean54,endpoint_sd,onset_minus_baseline,1,8,9,all_common,cook_chem,flow,2862,699,0.24423480083857443,0.5008925636451783,0.24572421927324697,0.48771200964661326,54
clean54,endpoint_sd,onset_minus_baseline,1,8,9,all_common,cook_gap,flow,2862,169,0.05904961565338924,0.5353370671717383,0.07218553212507266,0.5128059464488742,45
clean54,endpoint_sd,onset_minus_baseline,1,8,9,strong_fixed_support,randi_wild_type,flow,824,133,0.16140776699029127,0.5359019836131573,0.19738234837913157,0.4743833512216748,24
clean54,endpoint_sd,onset_minus_baseline,1,8,9,strong_fixed_support,cook_struct,flow,1749,439,0.2510005717552887,0.49041715209793246,0.24900840797871354,0.4734573009412392,33
clean54,endpoint_sd,onset_minus_baseline,1,8,9,strong_fixed_support,cook_chem,flow,1749,405,0.23156089193825044,0.486004556143445,0.22758584092120904,0.46619330725388974,33
clean54,endpoint_sd,onset_minus_baseline,1,8,9,strong_fixed_support,cook_gap,flow,1749,98,0.05603201829616924,0.5034796474616497,0.0713339002484405,0.44954015813714066,28
clean54,endpoint_sd,onset_minus_baseline,1,16,17,all_common,randi_wild_type,flow,1349,257,0.1905114899925871,0.5352154330753552,0.20977094986035913,0.5117949911833366,40
clean54,endpoint_sd,onset_minus_baseline,1,16,17,all_common,cook_struct,flow,2862,758,0.26484975541579314,0.49564342827332286,0.2703329131356381,0.48005372678817193,54
clean54,endpoint_sd,onset_minus_baseline,1,16,17,all_common,cook_chem,flow,2862,699,0.24423480083857443,0.4873020502838412,0.23989369702374674,0.47154831669012637,54
clean54,endpoint_sd,onset_minus_baseline,1,16,17,all_common,cook_gap,flow,2862,169,0.05904961565338924,0.5337155061226014,0.07938631391746509,0.50483272324753,45
clean54,endpoint_sd,onset_minus_baseline,1,16,17,strong_fixed_support,randi_wild_type,flow,824,133,0.16140776699029127,0.5089822965517992,0.16447217523869223,0.46943570187509254,24
clean54,endpoint_sd,onset_minus_baseline,1,16,17,strong_fixed_support,cook_struct,flow,1749,439,0.2510005717552887,0.4897963796970909,0.247565505171952,0.47436259001251335,33
clean54,endpoint_sd,onset_minus_baseline,1,16,17,strong_fixed_support,cook_chem,flow,1749,405,0.23156089193825044,0.4827932098765432,0.22075766069621372,0.46736624746352906,33
clean54,endpoint_sd,onset_minus_baseline,1,16,17,strong_fixed_support,cook_gap,flow,1749,98,0.05603201829616924,0.5056366580551057,0.06364371411951249,0.46807158136041016,28
clean54,endpoint_sd,onset_minus_baseline,1,32,33,all_common,randi_wild_type,flow,1349,257,0.1905114899925871,0.4907640997135161,0.20403606638227623,0.4607894505013019,40
clean54,endpoint_sd,onset_minus_baseline,1,32,33,all_common,cook_struct,flow,2862,758,0.26484975541579314,0.520452310964415,0.288761886985211,0.5047120893649518,54
clean54,endpoint_sd,onset_minus_baseline,1,32,33,all_common,cook_chem,flow,2862,699,0.24423480083857443,0.5115345414524547,0.2514307721016671,0.49272098928768887,54
clean54,endpoint_sd,onset_minus_baseline,1,32,33,all_common,cook_gap,flow,2862,169,0.05904961565338924,0.5464375094755853,0.09357017890195474,0.49318727062546547,45
clean54,endpoint_sd,onset_minus_baseline,1,32,33,strong_fixed_support,randi_wild_type,flow,824,133,0.16140776699029127,0.4962406015037594,0.17827374722383618,0.46146988308013775,24
clean54,endpoint_sd,onset_minus_baseline,1,32,33,strong_fixed_support,cook_struct,flow,1749,439,0.2510005717552887,0.5215983585177972,0.2703033316086402,0.5025239271251772,33
clean54,endpoint_sd,onset_minus_baseline,1,32,33,strong_fixed_support,cook_chem,flow,1749,405,0.23156089193825044,0.5113664756025866,0.23758588100421915,0.4865166364553402,33
clean54,endpoint_sd,onset_minus_baseline,1,32,33,strong_fixed_support,cook_gap,flow,1749,98,0.05603201829616924,0.5319287012200398,0.07401436386600659,0.49287576219643336,28
clean54,endpoint_sd,onset_minus_baseline,4,1,5,all_common,randi_wild_type,flow,1349,257,0.1905114899925871,0.5518379156511453,0.23334026937149366,0.5659006896167071,40
clean54,endpoint_sd,onset_minus_baseline,4,1,5,all_common,cook_struct,flow,2862,758,0.26484975541579314,0.508909402369654,0.2656570204452393,0.4983784100717245,54
clean54,endpoint_sd,onset_minus_baseline,4,1,5,all_common,cook_chem,flow,2862,699,0.24423480083857443,0.5108513119263567,0.24715275644687645,0.5000404904699483,54
clean54,endpoint_sd,onset_minus_baseline,4,1,5,all_common,cook_gap,flow,2862,169,0.05904961565338924,0.5122331180773296,0.06093234493540216,0.5197476945324013,45
clean54,endpoint_sd,onset_minus_baseline,4,1,5,strong_fixed_support,randi_wild_type,flow,824,133,0.16140776699029127,0.5625822878469691,0.19921084433913497,0.5792965307248988,24
clean54,endpoint_sd,onset_minus_baseline,4,1,5,strong_fixed_support,cook_struct,flow,1749,439,0.2510005717552887,0.4972839033890348,0.24519091274967209,0.4934083140734693,33
clean54,endpoint_sd,onset_minus_baseline,4,1,5,strong_fixed_support,cook_chem,flow,1749,405,0.23156089193825044,0.49453997648442083,0.22474360712584893,0.4924052656808356,33
clean54,endpoint_sd,onset_minus_baseline,4,1,5,strong_fixed_support,cook_gap,flow,1749,98,0.05603201829616924,0.5344750862186183,0.06270134132898769,0.5509155597414076,28
clean54,endpoint_sd,onset_minus_baseline,4,2,6,all_common,randi_wild_type,flow,1349,257,0.1905114899925871,0.5496073317084991,0.23412168579820902,0.5477410990693661,40
clean54,endpoint_sd,onset_minus_baseline,4,2,6,all_common,cook_struct,flow,2862,758,0.26484975541579314,0.5117736539021038,0.2652024771846583,0.5016754217405671,54
clean54,endpoint_sd,onset_minus_baseline,4,2,6,all_common,cook_chem,flow,2862,699,0.24423480083857443,0.511242201229284,0.24550840407357596,0.5012051714099637,54
clean54,endpoint_sd,onset_minus_baseline,4,2,6,all_common,cook_gap,flow,2862,169,0.05904961565338924,0.5244255872665711,0.06391801257132751,0.5196710451526312,45
clean54,endpoint_sd,onset_minus_baseline,4,2,6,strong_fixed_support,randi_wild_type,flow,824,133,0.16140776699029127,0.5531919523845794,0.19437754153581055,0.5511477118926879,24
clean54,endpoint_sd,onset_minus_baseline,4,2,6,strong_fixed_support,cook_struct,flow,1749,439,0.2510005717552887,0.4980942113408336,0.2407526666484302,0.49311507783420017,33
clean54,endpoint_sd,onset_minus_baseline,4,2,6,strong_fixed_support,cook_chem,flow,1749,405,0.23156089193825044,0.49617871840094063,0.22116476665490792,0.4920274065081694,33
clean54,endpoint_sd,onset_minus_baseline,4,2,6,strong_fixed_support,cook_gap,flow,1749,98,0.05603201829616924,0.5204514270880976,0.060375624548658274,0.5290240898309759,28
clean54,endpoint_sd,onset_minus_baseline,4,4,8,all_common,randi_wild_type,flow,1349,257,0.1905114899925871,0.5551018372030045,0.2363903451819527,0.546489977368793,40
clean54,endpoint_sd,onset_minus_baseline,4,4,8,all_common,cook_struct,flow,2862,758,0.26484975541579314,0.5057310111660664,0.26228989413758436,0.49591291065005016,54
clean54,endpoint_sd,onset_minus_baseline,4,4,8,all_common,cook_chem,flow,2862,699,0.24423480083857443,0.5039833008915054,0.24158686938228302,0.49430354067285803,54
clean54,endpoint_sd,onset_minus_baseline,4,4,8,all_common,cook_gap,flow,2862,169,0.05904961565338924,0.5260075980462167,0.0650131439071307,0.522945045387186,45
clean54,endpoint_sd,onset_minus_baseline,4,4,8,strong_fixed_support,randi_wild_type,flow,824,133,0.16140776699029127,0.5662927216739388,0.19812664516322093,0.562169985394913,24
clean54,endpoint_sd,onset_minus_baseline,4,4,8,strong_fixed_support,cook_struct,flow,1749,439,0.2510005717552887,0.4907492740266741,0.23872041638731012,0.4884474907362738,33
clean54,endpoint_sd,onset_minus_baseline,4,4,8,strong_fixed_support,cook_chem,flow,1749,405,0.23156089193825044,0.4885894326866549,0.2196407835392657,0.48698640154274225,33
clean54,endpoint_sd,onset_minus_baseline,4,4,8,strong_fixed_support,cook_gap,flow,1749,98,0.05603201829616924,0.5321635619723358,0.05961378532204827,0.5254421034759965,28
clean54,endpoint_sd,onset_minus_baseline,4,8,12,all_common,randi_wild_type,flow,1349,257,0.1905114899925871,0.5576602385940908,0.2368205996007209,0.5223864021109759,40
clean54,endpoint_sd,onset_minus_baseline,4,8,12,all_common,cook_struct,flow,2862,758,0.26484975541579314,0.48200061197668465,0.256928275772383,0.466696972536793,54
clean54,endpoint_sd,onset_minus_baseline,4,8,12,all_common,cook_chem,flow,2862,699,0.24423480083857443,0.47718191961702106,0.2320653438796931,0.4615843323849529,54
clean54,endpoint_sd,onset_minus_baseline,4,8,12,all_common,cook_gap,flow,2862,169,0.05904961565338924,0.526174588072957,0.06845055291446206,0.5090243923116919,45
clean54,endpoint_sd,onset_minus_baseline,4,8,12,strong_fixed_support,randi_wild_type,flow,824,133,0.16140776699029127,0.5696767243724361,0.2182553499883601,0.5441883738197176,24
clean54,endpoint_sd,onset_minus_baseline,4,8,12,strong_fixed_support,cook_struct,flow,1749,439,0.2510005717552887,0.46697386496026705,0.23313852620388215,0.45120744339141095,33
clean54,endpoint_sd,onset_minus_baseline,4,8,12,strong_fixed_support,cook_chem,flow,1749,405,0.23156089193825044,0.4671902557319224,0.21447482795099593,0.45076146217262486,33
clean54,endpoint_sd,onset_minus_baseline,4,8,12,strong_fixed_support,cook_gap,flow,1749,98,0.05603201829616924,0.4822803742938726,0.05376899305990496,0.4683395421603616,28
clean54,endpoint_sd,onset_minus_baseline,4,16,20,all_common,randi_wild_type,flow,1349,257,0.1905114899925871,0.5402966035261755,0.21145148033929922,0.5015973659422446,40
clean54,endpoint_sd,onset_minus_baseline,4,16,20,all_common,cook_struct,flow,2862,758,0.26484975541579314,0.5186458510990499,0.27030319140376824,0.5106185691906847,54
clean54,endpoint_sd,onset_minus_baseline,4,16,20,all_common,cook_chem,flow,2862,699,0.24423480083857443,0.5157569396079335,0.24640595191811798,0.5084725124222452,54
clean54,endpoint_sd,onset_minus_baseline,4,16,20,all_common,cook_gap,flow,2862,169,0.05904961565338924,0.5391031317221725,0.070047636546245,0.5125855509382128,45
clean54,endpoint_sd,onset_minus_baseline,4,16,20,strong_fixed_support,randi_wild_type,flow,824,133,0.16140776699029127,0.5182964647508786,0.16438217866844923,0.477355388061157,24
clean54,endpoint_sd,onset_minus_baseline,4,16,20,strong_fixed_support,cook_struct,flow,1749,439,0.2510005717552887,0.4959554156740684,0.24262251789917208,0.49689964195103337,33
clean54,endpoint_sd,onset_minus_baseline,4,16,20,strong_fixed_support,cook_chem,flow,1749,405,0.23156089193825044,0.4950360082304527,0.22322452285669264,0.49732411631896134,33
clean54,endpoint_sd,onset_minus_baseline,4,16,20,strong_fixed_support,cook_gap,flow,1749,98,0.05603201829616924,0.5073363082361957,0.056198632921885705,0.4882928494115755,28
clean54,endpoint_sd,onset_minus_baseline,4,32,36,all_common,randi_wild_type,flow,1349,257,0.1905114899925871,0.49210387537235784,0.1927988779409745,0.4489448953192506,40
clean54,endpoint_sd,onset_minus_baseline,4,32,36,all_common,cook_struct,flow,2862,758,0.26484975541579314,0.5048462784794888,0.2671213737480004,0.5066919183915819,54
clean54,endpoint_sd,onset_minus_baseline,4,32,36,all_common,cook_chem,flow,2862,699,0.24423480083857443,0.5038225799090835,0.2465892982873017,0.5053856596654823,54
clean54,endpoint_sd,onset_minus_baseline,4,32,36,all_common,cook_gap,flow,2862,169,0.05904961565338924,0.4804215179832878,0.057811956770756796,0.4806556917409752,45
clean54,endpoint_sd,onset_minus_baseline,4,32,36,strong_fixed_support,randi_wild_type,flow,824,133,0.16140776699029127,0.44476241254366017,0.1443910096243212,0.4036706807367118,24
clean54,endpoint_sd,onset_minus_baseline,4,32,36,strong_fixed_support,cook_struct,flow,1749,439,0.2510005717552887,0.47501086786416036,0.2318582181967469,0.48205732649281297,33
clean54,endpoint_sd,onset_minus_baseline,4,32,36,strong_fixed_support,cook_chem,flow,1749,405,0.23156089193825044,0.4684872868900647,0.2099000778568217,0.4755659519615249,33
clean54,endpoint_sd,onset_minus_baseline,4,32,36,strong_fixed_support,cook_gap,flow,1749,98,0.05603201829616924,0.49092695830603594,0.056530299764157396,0.4793446343167547,28
clean54,endpoint_sd,onset_minus_baseline,8,1,9,all_common,randi_wild_type,flow,1349,257,0.1905114899925871,0.56010461652485,0.23650923984322667,0.5580309832124285,40
clean54,endpoint_sd,onset_minus_baseline,8,1,9,all_common,cook_struct,flow,2862,758,0.26484975541579314,0.49453986375994463,0.2697568171821772,0.4809910238840364,54
clean54,endpoint_sd,onset_minus_baseline,8,1,9,all_common,cook_chem,flow,2862,699,0.24423480083857443,0.48500499690132587,0.2422128884189623,0.4714187404295295,54
clean54,endpoint_sd,onset_minus_baseline,8,1,9,all_common,cook_gap,flow,2862,169,0.05904961565338924,0.5217207882808157,0.07627498959226753,0.5217454091123715,45
clean54,endpoint_sd,onset_minus_baseline,8,1,9,strong_fixed_support,randi_wild_type,flow,824,133,0.16140776699029127,0.57286486839385,0.19301214116707066,0.5836019780997496,24
clean54,endpoint_sd,onset_minus_baseline,8,1,9,strong_fixed_support,cook_struct,flow,1749,439,0.2510005717552887,0.468495365942722,0.23253815466128525,0.4629153834212644,33
clean54,endpoint_sd,onset_minus_baseline,8,1,9,strong_fixed_support,cook_chem,flow,1749,405,0.23156089193825044,0.459485229276896,0.20963880322474365,0.45364129154951527,33
clean54,endpoint_sd,onset_minus_baseline,8,1,9,strong_fixed_support,cook_gap,flow,1749,98,0.05603201829616924,0.4682196318866735,0.0539943548934491,0.4880702104599736,28
clean54,endpoint_sd,onset_minus_baseline,8,2,10,all_common,randi_wild_type,flow,1349,257,0.1905114899925871,0.5635858952979576,0.23907722413838373,0.5312831454804157,40
clean54,endpoint_sd,onset_minus_baseline,8,2,10,all_common,cook_struct,flow,2862,758,0.26484975541579314,0.49229887536743683,0.26661097923731936,0.47895350328977143,54
clean54,endpoint_sd,onset_minus_baseline,8,2,10,all_common,cook_chem,flow,2862,699,0.24423480083857443,0.4868159189172564,0.2412905670984156,0.47466812087990057,54
clean54,endpoint_sd,onset_minus_baseline,8,2,10,all_common,cook_gap,flow,2862,169,0.05904961565338924,0.49258102861461994,0.06879201396640983,0.49958331658991717,45
clean54,endpoint_sd,onset_minus_baseline,8,2,10,strong_fixed_support,randi_wild_type,flow,824,133,0.16140776699029127,0.561896782477177,0.19240284633553995,0.5298117768989399,24
clean54,endpoint_sd,onset_minus_baseline,8,2,10,strong_fixed_support,cook_struct,flow,1749,439,0.2510005717552887,0.46564363838703504,0.231107647801865,0.46414902883450154,33
clean54,endpoint_sd,onset_minus_baseline,8,2,10,strong_fixed_support,cook_chem,flow,1749,405,0.23156089193825044,0.4612378747795415,0.2092206286613567,0.4614525075895843,33
clean54,endpoint_sd,onset_minus_baseline,8,2,10,strong_fixed_support,cook_gap,flow,1749,98,0.05603201829616924,0.43320683815621946,0.0515602391271693,0.4643450332975683,28
clean54,endpoint_sd,onset_minus_baseline,8,4,12,all_common,randi_wild_type,flow,1349,257,0.1905114899925871,0.5506869913484699,0.23488115728067388,0.5505554733861067,40
clean54,endpoint_sd,onset_minus_baseline,8,4,12,all_common,cook_struct,flow,2862,758,0.26484975541579314,0.5026629764138166,0.27530475116562847,0.486125840272762,54
clean54,endpoint_sd,onset_minus_baseline,8,4,12,all_common,cook_chem,flow,2862,699,0.24423480083857443,0.4936508597911156,0.24815570300662557,0.475248232446253,54
clean54,endpoint_sd,onset_minus_baseline,8,4,12,all_common,cook_gap,flow,2862,169,0.05904961565338924,0.5259416809303981,0.07747739411016195,0.5376483144453342,45
clean54,endpoint_sd,onset_minus_baseline,8,4,12,strong_fixed_support,randi_wild_type,flow,824,133,0.16140776699029127,0.5390248414088767,0.18081483898622536,0.5542768825205941,24
clean54,endpoint_sd,onset_minus_baseline,8,4,12,strong_fixed_support,cook_struct,flow,1749,439,0.2510005717552887,0.4678606826757551,0.23262639194403062,0.4618371944046112,33
clean54,endpoint_sd,onset_minus_baseline,8,4,12,strong_fixed_support,cook_chem,flow,1749,405,0.23156089193825044,0.4619065990593768,0.20944906775098215,0.4516595048539483,33
clean54,endpoint_sd,onset_minus_baseline,8,4,12,strong_fixed_support,cook_gap,flow,1749,98,0.05603201829616924,0.4533306963003251,0.05258560853214735,0.4971554109899077,28
clean54,endpoint_sd,onset_minus_baseline,8,8,16,all_common,randi_wild_type,flow,1349,257,0.1905114899925871,0.554831031484728,0.24070026083338625,0.5626990332961954,40
clean54,endpoint_sd,onset_minus_baseline,8,8,16,all_common,cook_struct,flow,2862,758,0.26484975541579314,0.4919715681651735,0.2736694515340765,0.4783375938107724,54
clean54,endpoint_sd,onset_minus_baseline,8,8,16,all_common,cook_chem,flow,2862,699,0.24423480083857443,0.4850784126587285,0.24371464123083122,0.4711143284954859,54
clean54,endpoint_sd,onset_minus_baseline,8,8,16,all_common,cook_gap,flow,2862,169,0.05904961565338924,0.5341791231705254,0.07848149981877213,0.5126139705485813,45
clean54,endpoint_sd,onset_minus_baseline,8,8,16,strong_fixed_support,randi_wild_type,flow,824,133,0.16140776699029127,0.5542691751085383,0.18295972403276503,0.5785540080827469,24
clean54,endpoint_sd,onset_minus_baseline,8,8,16,strong_fixed_support,cook_struct,flow,1749,439,0.2510005717552887,0.46225982020205536,0.23155954612414348,0.45902960857914843,33
clean54,endpoint_sd,onset_minus_baseline,8,8,16,strong_fixed_support,cook_chem,flow,1749,405,0.23156089193825044,0.45852990887713113,0.20893359061384742,0.4515262129173478,33
clean54,endpoint_sd,onset_minus_baseline,8,8,16,strong_fixed_support,cook_gap,flow,1749,98,0.05603201829616924,0.48396148283662344,0.056584065142713996,0.5116590918543354,28
clean54,endpoint_sd,onset_minus_baseline,8,16,24,all_common,randi_wild_type,flow,1349,257,0.1905114899925871,0.543136500334944,0.23253554402506438,0.522171831110768,40
clean54,endpoint_sd,onset_minus_baseline,8,16,24,all_common,cook_struct,flow,2862,758,0.26484975541579314,0.5088228728794004,0.27673432630217576,0.4960234025380911,54
clean54,endpoint_sd,onset_minus_baseline,8,16,24,all_common,cook_chem,flow,2862,699,0.24423480083857443,0.501555951074681,0.24568815940167674,0.493561729871765,54
clean54,endpoint_sd,onset_minus_baseline,8,16,24,all_common,cook_gap,flow,2862,169,0.05904961565338924,0.5319687025534093,0.0793227200544472,0.5038076194476988,45
clean54,endpoint_sd,onset_minus_baseline,8,16,24,strong_fixed_support,randi_wild_type,flow,824,133,0.16140776699029127,0.530015342263038,0.185029257231907,0.5285130513106949,24
clean54,endpoint_sd,onset_minus_baseline,8,16,24,strong_fixed_support,cook_struct,flow,1749,439,0.2510005717552887,0.4965361943347998,0.24856454856979404,0.49430041160712845,33
clean54,endpoint_sd,onset_minus_baseline,8,16,24,strong_fixed_support,cook_chem,flow,1749,405,0.23156089193825044,0.4903990299823633,0.2243368041589869,0.4918839365348316,33
clean54,endpoint_sd,onset_minus_baseline,8,16,24,strong_fixed_support,cook_gap,flow,1749,98,0.05603201829616924,0.5142956031594952,0.05831093143973298,0.5229624385614462,28
clean54,endpoint_sd,onset_minus_baseline,8,32,40,all_common,randi_wild_type,flow,1349,257,0.1905114899925871,0.5223022761933267,0.20592403695724795,0.48762934962179766,40
clean54,endpoint_sd,onset_minus_baseline,8,32,40,all_common,cook_struct,flow,2862,758,0.26484975541579314,0.4939862004273804,0.26708018743626283,0.4943646507502326,54
clean54,endpoint_sd,onset_minus_baseline,8,32,40,all_common,cook_chem,flow,2862,699,0.24423480083857443,0.48595675613468026,0.2353941207587188,0.4882549351510726,54
clean54,endpoint_sd,onset_minus_baseline,8,32,40,all_common,cook_gap,flow,2862,169,0.05904961565338924,0.527372082343661,0.08567997536901187,0.506479058038737,45
clean54,endpoint_sd,onset_minus_baseline,8,32,40,strong_fixed_support,randi_wild_type,flow,824,133,0.16140776699029127,0.5192431150234487,0.17624348664337808,0.47253495860139566,24
clean54,endpoint_sd,onset_minus_baseline,8,32,40,strong_fixed_support,cook_struct,flow,1749,439,0.2510005717552887,0.49156479855326995,0.24562138075552745,0.4945128718952986,33
clean54,endpoint_sd,onset_minus_baseline,8,32,40,strong_fixed_support,cook_chem,flow,1749,405,0.23156089193825044,0.4833847736625514,0.22118698634371442,0.48786509415255513,33
clean54,endpoint_sd,onset_minus_baseline,8,32,40,strong_fixed_support,cook_gap,flow,1749,98,0.05603201829616924,0.4881209903707091,0.05765381755048832,0.4587125184953841,28
clean54,endpoint_sd,onset_minus_baseline,16,1,17,all_common,randi_wild_type,flow,1349,257,0.1905114899925871,0.530020239164208,0.21382956822967547,0.5373363250475072,40
clean54,endpoint_sd,onset_minus_baseline,16,1,17,all_common,cook_struct,flow,2862,758,0.26484975541579314,0.4859533794155121,0.2554544280282218,0.4661639320527752,54
clean54,endpoint_sd,onset_minus_baseline,16,1,17,all_common,cook_chem,flow,2862,699,0.24423480083857443,0.4843627743748582,0.23289095264546592,0.47021900154709795,54
clean54,endpoint_sd,onset_minus_baseline,16,1,17,all_common,cook_gap,flow,2862,169,0.05904961565338924,0.49777090286673537,0.05849859697498776,0.46259371275817546,45
clean54,endpoint_sd,onset_minus_baseline,16,1,17,strong_fixed_support,randi_wild_type,flow,824,133,0.16140776699029127,0.49353122313743836,0.17394605801946567,0.5468512136885885,24
clean54,endpoint_sd,onset_minus_baseline,16,1,17,strong_fixed_support,cook_struct,flow,1749,439,0.2510005717552887,0.466850406023405,0.23183186593644814,0.4513995555407455,33
clean54,endpoint_sd,onset_minus_baseline,16,1,17,strong_fixed_support,cook_chem,flow,1749,405,0.23156089193825044,0.46417181069958846,0.21196486145577875,0.4557514544274447,33
clean54,endpoint_sd,onset_minus_baseline,16,1,17,strong_fixed_support,cook_gap,flow,1749,98,0.05603201829616924,0.47933225379794553,0.05336943919457371,0.4551212251792362,28
clean54,endpoint_sd,onset_minus_baseline,16,2,18,all_common,randi_wild_type,flow,1349,257,0.1905114899925871,0.5151081084933224,0.20861464494550702,0.5059883651617045,40
clean54,endpoint_sd,onset_minus_baseline,16,2,18,all_common,cook_struct,flow,2862,758,0.26484975541579314,0.4851868409964184,0.25571807627324517,0.4718468488236995,54
clean54,endpoint_sd,onset_minus_baseline,16,2,18,all_common,cook_chem,flow,2862,699,0.24423480083857443,0.48133983095856514,0.2335055695948971,0.47490576394773487,54
clean54,endpoint_sd,onset_minus_baseline,16,2,18,all_common,cook_gap,flow,2862,169,0.05904961565338924,0.5062126881659001,0.058332477501957865,0.46815247281020894,45
clean54,endpoint_sd,onset_minus_baseline,16,2,18,strong_fixed_support,randi_wild_type,flow,824,133,0.16140776699029127,0.48843889753326875,0.1722685075853524,0.5208426330899453,24
clean54,endpoint_sd,onset_minus_baseline,16,2,18,strong_fixed_support,cook_struct,flow,1749,439,0.2510005717552887,0.46585404023718024,0.2318059664123134,0.45775167169867054,33
clean54,endpoint_sd,onset_minus_baseline,16,2,18,strong_fixed_support,cook_chem,flow,1749,405,0.23156089193825044,0.4613683127572016,0.21175620624641603,0.4606501658427474,33
clean54,endpoint_sd,onset_minus_baseline,16,2,18,strong_fixed_support,cook_gap,flow,1749,98,0.05603201829616924,0.4936154958652146,0.05521899971144652,0.46091766951350394,28
clean54,endpoint_sd,onset_minus_baseline,16,4,20,all_common,randi_wild_type,flow,1349,257,0.1905114899925871,0.5092252105870783,0.2076186693903797,0.4961095091726113,40
clean54,endpoint_sd,onset_minus_baseline,16,4,20,all_common,cook_struct,flow,2862,758,0.26484975541579314,0.4843093191006952,0.25760059349274855,0.4661461631916416,54
clean54,endpoint_sd,onset_minus_baseline,16,4,20,all_common,cook_chem,flow,2862,699,0.24423480083857443,0.4807759847136488,0.2359955176333341,0.4696135569828224,54
clean54,endpoint_sd,onset_minus_baseline,16,4,20,all_common,cook_gap,flow,2862,169,0.05904961565338924,0.4998890395217054,0.05758538229929004,0.45786365443945676,45
clean54,endpoint_sd,onset_minus_baseline,16,4,20,strong_fixed_support,randi_wild_type,flow,824,133,0.16140776699029127,0.46457678204193553,0.1636695195669807,0.5086521587141366,24
clean54,endpoint_sd,onset_minus_baseline,16,4,20,strong_fixed_support,cook_struct,flow,1749,439,0.2510005717552887,0.45607991792588987,0.22793524943549848,0.43963546355448413,33
clean54,endpoint_sd,onset_minus_baseline,16,4,20,strong_fixed_support,cook_chem,flow,1749,405,0.23156089193825044,0.4502737360376249,0.2076452854065346,0.4408984493145049,33
clean54,endpoint_sd,onset_minus_baseline,16,4,20,strong_fixed_support,cook_gap,flow,1749,98,0.05603201829616924,0.4936587596880061,0.05553903601522102,0.4572530997842113,28
clean54,endpoint_sd,onset_minus_baseline,16,8,24,all_common,randi_wild_type,flow,1349,257,0.1905114899925871,0.5231040036487508,0.21585953079452191,0.5219418922020527,40
clean54,endpoint_sd,onset_minus_baseline,16,8,24,all_common,cook_struct,flow,2862,758,0.26484975541579314,0.5100461992234919,0.26976976535891584,0.49628328621416523,54
clean54,endpoint_sd,onset_minus_baseline,16,8,24,all_common,cook_chem,flow,2862,699,0.24423480083857443,0.508281760417266,0.2472959385881241,0.49946510889635753,54
clean54,endpoint_sd,onset_minus_baseline,16,8,24,all_common,cook_gap,flow,2862,169,0.05904961565338924,0.5146720513626166,0.06109789425234817,0.4758044233575907,45
clean54,endpoint_sd,onset_minus_baseline,16,8,24,strong_fixed_support,randi_wild_type,flow,824,133,0.16140776699029127,0.5029106775622123,0.16666374083414945,0.5242602570171415,24
clean54,endpoint_sd,onset_minus_baseline,16,8,24,strong_fixed_support,cook_struct,flow,1749,439,0.2510005717552887,0.4808221321880054,0.2383770971195004,0.4742546225232243,33
clean54,endpoint_sd,onset_minus_baseline,16,8,24,strong_fixed_support,cook_chem,flow,1749,405,0.23156089193825044,0.4795047031158142,0.21803033956106627,0.4769626983717908,33
clean54,endpoint_sd,onset_minus_baseline,16,8,24,strong_fixed_support,cook_gap,flow,1749,98,0.05603201829616924,0.48922112757883285,0.05633091951847854,0.45771012337110834,28
clean54,endpoint_sd,onset_minus_baseline,16,16,32,all_common,randi_wild_type,flow,1349,257,0.1905114899925871,0.5527322871680848,0.2224793254764519,0.5158332313028171,40
clean54,endpoint_sd,onset_minus_baseline,16,16,32,all_common,cook_struct,flow,2862,758,0.26484975541579314,0.5028993649487845,0.26992663387136306,0.48389816941051306,54
clean54,endpoint_sd,onset_minus_baseline,16,16,32,all_common,cook_chem,flow,2862,699,0.24423480083857443,0.4967270461666062,0.2460867719562746,0.4797086602229541,54
clean54,endpoint_sd,onset_minus_baseline,16,16,32,all_common,cook_gap,flow,2862,169,0.05904961565338924,0.5125121672009616,0.0644992354264521,0.4744485019747543,45
clean54,endpoint_sd,onset_minus_baseline,16,16,32,strong_fixed_support,randi_wild_type,flow,824,133,0.16140776699029127,0.5372403512398942,0.17699223498127692,0.5080815695265803,24
clean54,endpoint_sd,onset_minus_baseline,16,16,32,strong_fixed_support,cook_struct,flow,1749,439,0.2510005717552887,0.49297501260672244,0.2467017307451833,0.47880769236947796,33
clean54,endpoint_sd,onset_minus_baseline,16,16,32,strong_fixed_support,cook_chem,flow,1749,405,0.23156089193825044,0.49004262198706644,0.22517703937251823,0.4768233427645434,33
clean54,endpoint_sd,onset_minus_baseline,16,16,32,strong_fixed_support,cook_gap,flow,1749,98,0.05603201829616924,0.49415938392316344,0.06153145682952271,0.4453916027000582,28
clean54,endpoint_sd,onset_minus_baseline,16,32,48,all_common,randi_wild_type,flow,1349,257,0.1905114899925871,0.525598266843403,0.22210016088634835,0.5172919507505449,40
clean54,endpoint_sd,onset_minus_baseline,16,32,48,all_common,cook_struct,flow,2862,758,0.26484975541579314,0.5355266260019864,0.28970498995532046,0.5240942970861924,54
clean54,endpoint_sd,onset_minus_baseline,16,32,48,all_common,cook_chem,flow,2862,699,0.24423480083857443,0.5335744809472881,0.26607499773376586,0.5200101689309969,54
clean54,endpoint_sd,onset_minus_baseline,16,32,48,all_common,cook_gap,flow,2862,169,0.05904961565338924,0.5318192904242206,0.063604970092505,0.514800015298561,45
clean54,endpoint_sd,onset_minus_baseline,16,32,48,strong_fixed_support,randi_wild_type,flow,824,133,0.16140776699029127,0.5224530211200941,0.18549060410238133,0.5110728868812893,24
clean54,endpoint_sd,onset_minus_baseline,16,32,48,strong_fixed_support,cook_struct,flow,1749,439,0.2510005717552887,0.533309568937036,0.28144479190079263,0.5264508809735752,33
clean54,endpoint_sd,onset_minus_baseline,16,32,48,strong_fixed_support,cook_chem,flow,1749,405,0.23156089193825044,0.5330742945326279,0.2588958743741244,0.5237340581311375,33
clean54,endpoint_sd,onset_minus_baseline,16,32,48,strong_fixed_support,cook_gap,flow,1749,98,0.05603201829616924,0.531162313502021,0.06443397219792982,0.4934689825261791,28
clean54,endpoint_sd,active_minus_baseline,1,1,2,all_common,randi_wild_type,flow,1349,257,0.1905114899925871,0.5433609840224626,0.216618197631131,0.5244626296191732,40
clean54,endpoint_sd,active_minus_baseline,1,1,2,all_common,cook_struct,flow,2862,758,0.26484975541579314,0.5150968879480724,0.27882724551675675,0.5137861804568091,54
clean54,endpoint_sd,active_minus_baseline,1,1,2,all_common,cook_chem,flow,2862,699,0.24423480083857443,0.5193728310108159,0.26214756777802006,0.5143553924337061,54
clean54,endpoint_sd,active_minus_baseline,1,1,2,all_common,cook_gap,flow,2862,169,0.05904961565338924,0.48250010436876667,0.05488720485635452,0.5233840041908684,45
clean54,endpoint_sd,active_minus_baseline,1,1,2,strong_fixed_support,randi_wild_type,flow,824,133,0.16140776699029127,0.5770975920263757,0.22095641910138417,0.5311183293079845,24
clean54,endpoint_sd,active_minus_baseline,1,1,2,strong_fixed_support,cook_struct,flow,1749,439,0.2510005717552887,0.5184701524978699,0.27126040984782274,0.5051261221560183,33
clean54,endpoint_sd,active_minus_baseline,1,1,2,strong_fixed_support,cook_chem,flow,1749,405,0.23156089193825044,0.5249007936507937,0.2575200372574648,0.5052463664576283,33
clean54,endpoint_sd,active_minus_baseline,1,1,2,strong_fixed_support,cook_gap,flow,1749,98,0.05603201829616924,0.4945796610588512,0.054164137243357065,0.516013385014589,28
clean54,endpoint_sd,active_minus_baseline,1,2,3,all_common,randi_wild_type,flow,1349,257,0.1905114899925871,0.5329919755989795,0.22181538807828569,0.5074729808775904,40
clean54,endpoint_sd,active_minus_baseline,1,2,3,all_common,cook_struct,flow,2862,758,0.26484975541579314,0.5107246405891028,0.2772288240938225,0.5020816643293138,54
clean54,endpoint_sd,active_minus_baseline,1,2,3,all_common,cook_chem,flow,2862,699,0.24423480083857443,0.5125015129598653,0.2592750936871645,0.5009529832101582,54
clean54,endpoint_sd,active_minus_baseline,1,2,3,all_common,cook_gap,flow,2862,169,0.05904961565338924,0.4847962172364469,0.0552546122575915,0.5117517103161019,45
clean54,endpoint_sd,active_minus_baseline,1,2,3,strong_fixed_support,randi_wild_type,flow,824,133,0.16140776699029127,0.5575552484684939,0.21339691689419735,0.5185668030465903,24
clean54,endpoint_sd,active_minus_baseline,1,2,3,strong_fixed_support,cook_struct,flow,1749,439,0.2510005717552887,0.5056599836547322,0.2661712476346843,0.4867244902696774,33
clean54,endpoint_sd,active_minus_baseline,1,2,3,strong_fixed_support,cook_chem,flow,1749,405,0.23156089193825044,0.5124650940623163,0.25253008375839203,0.4883845696146792,33
clean54,endpoint_sd,active_minus_baseline,1,2,3,strong_fixed_support,cook_gap,flow,1749,98,0.05603201829616924,0.4826017626917515,0.05255484911034788,0.5012157848568632,28
clean54,endpoint_sd,active_minus_baseline,1,4,5,all_common,randi_wild_type,flow,1349,257,0.1905114899925871,0.5191203090035775,0.21876413201110878,0.4807648125420639,40
clean54,endpoint_sd,active_minus_baseline,1,4,5,all_common,cook_struct,flow,2862,758,0.26484975541579314,0.5093332714668379,0.28133907574946976,0.5019423582136996,54
clean54,endpoint_sd,active_minus_baseline,1,4,5,all_common,cook_chem,flow,2862,699,0.24423480083857443,0.5096872422594327,0.260910812568206,0.4993799206662769,54
clean54,endpoint_sd,active_minus_baseline,1,4,5,all_common,cook_gap,flow,2862,169,0.05904961565338924,0.4901179257201994,0.05668619869933126,0.5106841496423832,45
clean54,endpoint_sd,active_minus_baseline,1,4,5,strong_fixed_support,randi_wild_type,flow,824,133,0.16140776699029127,0.5398409192300577,0.21766086141505564,0.4832334261447577,24
clean54,endpoint_sd,active_minus_baseline,1,4,5,strong_fixed_support,cook_struct,flow,1749,439,0.2510005717552887,0.5073101601488463,0.2710521550971483,0.4885831052091189,33
clean54,endpoint_sd,active_minus_baseline,1,4,5,strong_fixed_support,cook_chem,flow,1749,405,0.23156089193825044,0.5120462228101117,0.2551094761522167,0.49055043454968056,33
clean54,endpoint_sd,active_minus_baseline,1,4,5,strong_fixed_support,cook_gap,flow,1749,98,0.05603201829616924,0.47608746708859195,0.05173021193205701,0.4692141061204326,28
clean54,endpoint_sd,active_minus_baseline,1,8,9,all_common,randi_wild_type,flow,1349,257,0.1905114899925871,0.519604908709967,0.22467721405004987,0.520696329467518,40
clean54,endpoint_sd,active_minus_baseline,1,8,9,all_common,cook_struct,flow,2862,758,0.26484975541579314,0.5217408479388426,0.28286925483205283,0.517851220510893,54
clean54,endpoint_sd,active_minus_baseline,1,8,9,all_common,cook_chem,flow,2862,699,0.24423480083857443,0.5241785868061963,0.2620349538740554,0.5176993829273756,54
clean54,endpoint_sd,active_minus_baseline,1,8,9,all_common,cook_gap,flow,2862,169,0.05904961565338924,0.5027849981433345,0.05924705079097915,0.5376819844690215,45
clean54,endpoint_sd,active_minus_baseline,1,8,9,strong_fixed_support,randi_wild_type,flow,824,133,0.16140776699029127,0.564910829896739,0.23801183205963194,0.5548173382676214,24
clean54,endpoint_sd,active_minus_baseline,1,8,9,strong_fixed_support,cook_struct,flow,1749,439,0.2510005717552887,0.5227964318628389,0.2751000475404588,0.5082956133167353,33
clean54,endpoint_sd,active_minus_baseline,1,8,9,strong_fixed_support,cook_chem,flow,1749,405,0.23156089193825044,0.5299143885949441,0.2597762240016964,0.5135865419229231,33
clean54,endpoint_sd,active_minus_baseline,1,8,9,strong_fixed_support,cook_gap,flow,1749,98,0.05603201829616924,0.4800368360548338,0.051523912123784474,0.5096486144802592,28
clean54,endpoint_sd,active_minus_baseline,1,16,17,all_common,randi_wild_type,flow,1349,257,0.1905114899925871,0.549197559897949,0.2272288763072512,0.5104931101109479,40
clean54,endpoint_sd,active_minus_baseline,1,16,17,all_common,cook_struct,flow,2862,758,0.26484975541579314,0.4935178125344864,0.27147560633502593,0.4908661022844828,54
clean54,endpoint_sd,active_minus_baseline,1,16,17,all_common,cook_chem,flow,2862,699,0.24423480083857443,0.49047215591654947,0.24632909758402471,0.4884086354890678,54
clean54,endpoint_sd,active_minus_baseline,1,16,17,all_common,cook_gap,flow,2862,169,0.05904961565338924,0.49649650529424305,0.06560909937307668,0.47420445520841603,45
clean54,endpoint_sd,active_minus_baseline,1,16,17,strong_fixed_support,randi_wild_type,flow,824,133,0.16140776699029127,0.5721793630240579,0.22539025605338026,0.5289028851279584,24
clean54,endpoint_sd,active_minus_baseline,1,16,17,strong_fixed_support,cook_struct,flow,1749,439,0.2510005717552887,0.4875480359595889,0.2590032096096416,0.4791018006780634,33
clean54,endpoint_sd,active_minus_baseline,1,16,17,strong_fixed_support,cook_chem,flow,1749,405,0.23156089193825044,0.490544165196943,0.24156772451554998,0.48075856014513374,33
clean54,endpoint_sd,active_minus_baseline,1,16,17,strong_fixed_support,cook_gap,flow,1749,98,0.05603201829616924,0.42310164526137534,0.048567525205826696,0.41491877544640987,28
clean54,endpoint_sd,active_minus_baseline,1,32,33,all_common,randi_wild_type,flow,1349,257,0.1905114899925871,0.5399260272801129,0.22983328414691767,0.5047643110960209,40
clean54,endpoint_sd,active_minus_baseline,1,32,33,all_common,cook_struct,flow,2862,758,0.26484975541579314,0.523206206045527,0.28467645227603255,0.5144784449491774,54
clean54,endpoint_sd,active_minus_baseline,1,32,33,all_common,cook_chem,flow,2862,699,0.24423480083857443,0.5152873433218448,0.2530604670993194,0.5054600829086081,54
clean54,endpoint_sd,active_minus_baseline,1,32,33,all_common,cook_gap,flow,2862,169,0.05904961565338924,0.5429790581323044,0.08819915392987951,0.5498452224908175,45
clean54,endpoint_sd,active_minus_baseline,1,32,33,strong_fixed_support,randi_wild_type,flow,824,133,0.16140776699029127,0.5490462770529798,0.20593193619227518,0.5003535169763038,24
clean54,endpoint_sd,active_minus_baseline,1,32,33,strong_fixed_support,cook_struct,flow,1749,439,0.2510005717552887,0.5251091133561703,0.2674041945741768,0.5241033385630167,33
clean54,endpoint_sd,active_minus_baseline,1,32,33,strong_fixed_support,cook_chem,flow,1749,405,0.23156089193825044,0.5175356407995296,0.2395387944405496,0.5120494723411025,33
clean54,endpoint_sd,active_minus_baseline,1,32,33,strong_fixed_support,cook_gap,flow,1749,98,0.05603201829616924,0.49178605421575045,0.06644108336947074,0.5236527290344345,28
clean54,endpoint_sd,active_minus_baseline,4,1,5,all_common,randi_wild_type,flow,1349,257,0.1905114899925871,0.5519697552771482,0.22368291687120692,0.5447179611605275,40
clean54,endpoint_sd,active_minus_baseline,4,1,5,all_common,cook_struct,flow,2862,758,0.26484975541579314,0.507263460978962,0.2721656337046599,0.4949904741263444,54
clean54,endpoint_sd,active_minus_baseline,4,1,5,all_common,cook_chem,flow,2862,699,0.24423480083857443,0.501750403621315,0.2484685746135154,0.48860546572557734,54
clean54,endpoint_sd,active_minus_baseline,4,1,5,all_common,cook_gap,flow,2862,169,0.05904961565338924,0.5308964508027606,0.06628166882744774,0.5324974646720874,45
clean54,endpoint_sd,active_minus_baseline,4,1,5,strong_fixed_support,randi_wild_type,flow,824,133,0.16140776699029127,0.5522888262624724,0.21389905648302981,0.533925070763174,24
clean54,endpoint_sd,active_minus_baseline,4,1,5,strong_fixed_support,cook_struct,flow,1749,439,0.2510005717552887,0.49093359300283435,0.24584070347304646,0.48258030001941604,33
clean54,endpoint_sd,active_minus_baseline,4,1,5,strong_fixed_support,cook_chem,flow,1749,405,0.23156089193825044,0.48409024103468545,0.2232578041291049,0.47629116000605776,33
clean54,endpoint_sd,active_minus_baseline,4,1,5,strong_fixed_support,cook_gap,flow,1749,98,0.05603201829616924,0.5076515160879616,0.058836851371909665,0.5046118923331641,28
clean54,endpoint_sd,active_minus_baseline,4,2,6,all_common,randi_wild_type,flow,1349,257,0.1905114899925871,0.5440522512506949,0.22839484038067737,0.5351527795583431,40
clean54,endpoint_sd,active_minus_baseline,4,2,6,all_common,cook_struct,flow,2862,758,0.26484975541579314,0.5086429166206848,0.26981765183987405,0.49608939498988874,54
clean54,endpoint_sd,active_minus_baseline,4,2,6,all_common,cook_chem,flow,2862,699,0.24423480083857443,0.5046010514988389,0.24643136260202464,0.4913555367125874,54
clean54,endpoint_sd,active_minus_baseline,4,2,6,all_common,cook_gap,flow,2862,169,0.05904961565338924,0.532906922835227,0.06750593483657315,0.5233750556136596,45
clean54,endpoint_sd,active_minus_baseline,4,2,6,strong_fixed_support,randi_wild_type,flow,824,133,0.16140776699029127,0.5454120104893203,0.21341563120289497,0.5259446197978884,24
clean54,endpoint_sd,active_minus_baseline,4,2,6,strong_fixed_support,cook_struct,flow,1749,439,0.2510005717552887,0.492595941504808,0.24476258807205936,0.4862481812486535,33
clean54,endpoint_sd,active_minus_baseline,4,2,6,strong_fixed_support,cook_chem,flow,1749,405,0.23156089193825044,0.48900646678424453,0.22291633220684576,0.4825296332646281,33
clean54,endpoint_sd,active_minus_baseline,4,2,6,strong_fixed_support,cook_gap,flow,1749,98,0.05603201829616924,0.5005871518807402,0.05989129350940704,0.4938378841728896,28
clean54,endpoint_sd,active_minus_baseline,4,4,8,all_common,randi_wild_type,flow,1349,257,0.1905114899925871,0.5334516326734227,0.23185165759185716,0.5092600258881343,40
clean54,endpoint_sd,active_minus_baseline,4,4,8,all_common,cook_struct,flow,2862,758,0.26484975541579314,0.5056977788256067,0.2708156268079406,0.49688649820899927,54
clean54,endpoint_sd,active_minus_baseline,4,4,8,all_common,cook_chem,flow,2862,699,0.24423480083857443,0.5004540533104223,0.2461599382641178,0.4916181166601973,54
clean54,endpoint_sd,active_minus_baseline,4,4,8,all_common,cook_gap,flow,2862,169,0.05904961565338924,0.515625652304792,0.06894964344704405,0.49124096235722636,45
clean54,endpoint_sd,active_minus_baseline,4,4,8,strong_fixed_support,randi_wild_type,flow,824,133,0.16140776699029127,0.5290904540656997,0.2212200544475899,0.4884726224456801,24
clean54,endpoint_sd,active_minus_baseline,4,4,8,strong_fixed_support,cook_struct,flow,1749,439,0.2510005717552887,0.5056825888121859,0.24909272801203547,0.4993387156313939,33
clean54,endpoint_sd,active_minus_baseline,4,4,8,strong_fixed_support,cook_chem,flow,1749,405,0.23156089193825044,0.5058733833039388,0.22869496931326466,0.4988808848100393,33
clean54,endpoint_sd,active_minus_baseline,4,4,8,strong_fixed_support,cook_gap,flow,1749,98,0.05603201829616924,0.47454233056032835,0.056961258298226417,0.4541202136511249,28
clean54,endpoint_sd,active_minus_baseline,4,8,12,all_common,randi_wild_type,flow,1349,257,0.1905114899925871,0.5503057254030017,0.2493364610959027,0.5390899043563462,40
clean54,endpoint_sd,active_minus_baseline,4,8,12,all_common,cook_struct,flow,2862,758,0.26484975541579314,0.5024397554099742,0.26230752604908536,0.5011168597931416,54
clean54,endpoint_sd,active_minus_baseline,4,8,12,all_common,cook_chem,flow,2862,699,0.24423480083857443,0.5002437270865122,0.24001923525825183,0.4975782434186769,54
clean54,endpoint_sd,active_minus_baseline,4,8,12,all_common,cook_gap,flow,2862,169,0.05904961565338924,0.5363082460114652,0.06862522772548893,0.5284102963097689,45
clean54,endpoint_sd,active_minus_baseline,4,8,12,strong_fixed_support,randi_wild_type,flow,824,133,0.16140776699029127,0.5414730748724198,0.23820348900480023,0.5287102706047205,24
clean54,endpoint_sd,active_minus_baseline,4,8,12,strong_fixed_support,cook_struct,flow,1749,439,0.2510005717552887,0.5028412944060929,0.24614566713120117,0.5015337019091807,33
clean54,endpoint_sd,active_minus_baseline,4,8,12,strong_fixed_support,cook_chem,flow,1749,405,0.23156089193825044,0.4987286890064668,0.22467135954738343,0.49539728267798866,33
clean54,endpoint_sd,active_minus_baseline,4,8,12,strong_fixed_support,cook_gap,flow,1749,98,0.05603201829616924,0.5233871864917985,0.06146092779386993,0.548559462050902,28
clean54,endpoint_sd,active_minus_baseline,4,16,20,all_common,randi_wild_type,flow,1349,257,0.1905114899925871,0.5479789341657046,0.2281317571264068,0.5029623878976043,40
clean54,endpoint_sd,active_minus_baseline,4,16,20,all_common,cook_struct,flow,2862,758,0.26484975541579314,0.5040794265477492,0.26651527540987535,0.49455509968255845,54
clean54,endpoint_sd,active_minus_baseline,4,16,20,all_common,cook_chem,flow,2862,699,0.24423480083857443,0.503158531076361,0.24557397622862542,0.4918970437494256,54
clean54,endpoint_sd,active_minus_baseline,4,16,20,all_common,cook_gap,flow,2862,169,0.05904961565338924,0.5087197358041998,0.06225467076445394,0.4850540641556659,45
clean54,endpoint_sd,active_minus_baseline,4,16,20,strong_fixed_support,randi_wild_type,flow,824,133,0.16140776699029127,0.5051848144239035,0.18577660864723744,0.43829607381680563,24
clean54,endpoint_sd,active_minus_baseline,4,16,20,strong_fixed_support,cook_struct,flow,1749,439,0.2510005717552887,0.5087551513676121,0.2567139200263167,0.49268800069241886,33
clean54,endpoint_sd,active_minus_baseline,4,16,20,strong_fixed_support,cook_chem,flow,1749,405,0.23156089193825044,0.5096028071722516,0.23634082335907364,0.48799591494676015,33
clean54,endpoint_sd,active_minus_baseline,4,16,20,strong_fixed_support,cook_gap,flow,1749,98,0.05603201829616924,0.4746535803903633,0.057890665055684465,0.46291745435555604,28
clean54,endpoint_sd,active_minus_baseline,4,32,36,all_common,randi_wild_type,flow,1349,257,0.1905114899925871,0.518521685836861,0.20764404769677497,0.46392541646722946,40
clean54,endpoint_sd,active_minus_baseline,4,32,36,all_common,cook_struct,flow,2862,758,0.26484975541579314,0.48654121562647357,0.25630406276233925,0.4880872241721636,54
clean54,endpoint_sd,active_minus_baseline,4,32,36,all_common,cook_chem,flow,2862,699,0.24423480083857443,0.4879942087534071,0.23741360014382118,0.4935557018178678,54
clean54,endpoint_sd,active_minus_baseline,4,32,36,all_common,cook_gap,flow,2862,169,0.05904961565338924,0.4828362816594415,0.058469888356414285,0.48436288912726977,45
clean54,endpoint_sd,active_minus_baseline,4,32,36,strong_fixed_support,randi_wild_type,flow,824,133,0.16140776699029127,0.4610948500048965,0.15449028166336898,0.433048358755353,24
clean54,endpoint_sd,active_minus_baseline,4,32,36,strong_fixed_support,cook_struct,flow,1749,439,0.2510005717552887,0.4668851831887183,0.2290969340931141,0.47792345054312885,33
clean54,endpoint_sd,active_minus_baseline,4,32,36,strong_fixed_support,cook_chem,flow,1749,405,0.23156089193825044,0.46948486184597293,0.21114500768545585,0.4843622182889601,33
clean54,endpoint_sd,active_minus_baseline,4,32,36,strong_fixed_support,cook_gap,flow,1749,98,0.05603201829616924,0.46259533492379384,0.054637311642858066,0.4912834403134511,28
clean54,endpoint_sd,active_minus_baseline,8,1,9,all_common,randi_wild_type,flow,1349,257,0.1905114899925871,0.5612697937600661,0.24341773276399944,0.5287182477830358,40
clean54,endpoint_sd,active_minus_baseline,8,1,9,all_common,cook_struct,flow,2862,758,0.26484975541579314,0.5126477271587226,0.2759862855985107,0.5036474156980156,54
clean54,endpoint_sd,active_minus_baseline,8,1,9,all_common,cook_chem,flow,2862,699,0.24423480083857443,0.5031234767057093,0.24797078441100773,0.4920725311580969,54
clean54,endpoint_sd,active_minus_baseline,8,1,9,all_common,cook_gap,flow,2862,169,0.05904961565338924,0.5406060419628359,0.07817723156717804,0.5356511479481145,45
clean54,endpoint_sd,active_minus_baseline,8,1,9,strong_fixed_support,randi_wild_type,flow,824,133,0.16140776699029127,0.5510701500495087,0.19307139533013107,0.5097395549829342,24
clean54,endpoint_sd,active_minus_baseline,8,1,9,strong_fixed_support,cook_struct,flow,1749,439,0.2510005717552887,0.49013024048409815,0.24325039714706664,0.4916298490254695,33
clean54,endpoint_sd,active_minus_baseline,8,1,9,strong_fixed_support,cook_chem,flow,1749,405,0.23156089193825044,0.48133083480305705,0.2181068957148106,0.478883099912559,33
clean54,endpoint_sd,active_minus_baseline,8,1,9,strong_fixed_support,cook_gap,flow,1749,98,0.05603201829616924,0.4828551650823867,0.05548586220943595,0.48682177405028154,28
clean54,endpoint_sd,active_minus_baseline,8,2,10,all_common,randi_wild_type,flow,1349,257,0.1905114899925871,0.5623743960319836,0.24022601287399692,0.5280163131009565,40
clean54,endpoint_sd,active_minus_baseline,8,2,10,all_common,cook_struct,flow,2862,758,0.26484975541579314,0.5050989696720407,0.2727572021992367,0.49340514532191027,54
clean54,endpoint_sd,active_minus_baseline,8,2,10,all_common,cook_chem,flow,2862,699,0.24423480083857443,0.4978401877856022,0.24600768493821307,0.4845858231183746,54
clean54,endpoint_sd,active_minus_baseline,8,2,10,all_common,cook_gap,flow,2862,169,0.05904961565338924,0.5258340163078944,0.07684075809099097,0.525506214863147,45
clean54,endpoint_sd,active_minus_baseline,8,2,10,strong_fixed_support,randi_wild_type,flow,824,133,0.16140776699029127,0.5488830614887436,0.18382781697146722,0.5169508697092505,24
clean54,endpoint_sd,active_minus_baseline,8,2,10,strong_fixed_support,cook_struct,flow,1749,439,0.2510005717552887,0.48186544714740304,0.23848883795559594,0.4813791804919377,33
clean54,endpoint_sd,active_minus_baseline,8,2,10,strong_fixed_support,cook_chem,flow,1749,405,0.23156089193825044,0.4736992945326279,0.21352541287448434,0.47084570669677056,33
clean54,endpoint_sd,active_minus_baseline,8,2,10,strong_fixed_support,cook_gap,flow,1749,98,0.05603201829616924,0.4627683902149594,0.053909190623131556,0.4752272995243018,28
clean54,endpoint_sd,active_minus_baseline,8,4,12,all_common,randi_wild_type,flow,1349,257,0.1905114899925871,0.5298634569062585,0.22513875982758658,0.48633090701376797,40
clean54,endpoint_sd,active_minus_baseline,8,4,12,all_common,cook_struct,flow,2862,758,0.26484975541579314,0.5026529440091495,0.2688573551346577,0.493130616311944,54
clean54,endpoint_sd,active_minus_baseline,8,4,12,all_common,cook_chem,flow,2862,699,0.24423480083857443,0.49407812627113434,0.24174182940164127,0.48482794155619424,54
clean54,endpoint_sd,active_minus_baseline,8,4,12,all_common,cook_gap,flow,2862,169,0.05904961565338924,0.5215076562730023,0.0726467062475033,0.5008402067850944,45
clean54,endpoint_sd,active_minus_baseline,8,4,12,strong_fixed_support,randi_wild_type,flow,824,133,0.16140776699029127,0.5141290273440475,0.16729176212015398,0.46901451852204473,24
clean54,endpoint_sd,active_minus_baseline,8,4,12,strong_fixed_support,cook_struct,flow,1749,439,0.2510005717552887,0.4897024813507451,0.23917575806522812,0.48425133970996137,33
clean54,endpoint_sd,active_minus_baseline,8,4,12,strong_fixed_support,cook_chem,flow,1749,405,0.23156089193825044,0.480164241622575,0.21358465658319614,0.47559731717240045,33
clean54,endpoint_sd,active_minus_baseline,8,4,12,strong_fixed_support,cook_gap,flow,1749,98,0.05603201829616924,0.47896142103116235,0.05498861615765094,0.4492393103557991,28
clean54,endpoint_sd,active_minus_baseline,8,8,16,all_common,randi_wild_type,flow,1349,257,0.1905114899925871,0.5292078220093784,0.2143397316015048,0.4700912713384874,40
clean54,endpoint_sd,active_minus_baseline,8,8,16,all_common,cook_struct,flow,2862,758,0.26484975541579314,0.49492893295343965,0.2681376483954537,0.4881606794653041,54
clean54,endpoint_sd,active_minus_baseline,8,8,16,all_common,cook_chem,flow,2862,699,0.24423480083857443,0.48374733867879416,0.24026297220944415,0.47707445857413644,54
clean54,endpoint_sd,active_minus_baseline,8,8,16,all_common,cook_gap,flow,2862,169,0.05904961565338924,0.5225513439401297,0.0730048166303994,0.4985786678088997,45
clean54,endpoint_sd,active_minus_baseline,8,8,16,strong_fixed_support,randi_wild_type,flow,824,133,0.16140776699029127,0.5065558251634875,0.16288717458852126,0.45275988361415626,24
clean54,endpoint_sd,active_minus_baseline,8,8,16,strong_fixed_support,cook_struct,flow,1749,439,0.2510005717552887,0.48777495696325796,0.24184566530519502,0.4849232346836412,33
clean54,endpoint_sd,active_minus_baseline,8,8,16,strong_fixed_support,cook_chem,flow,1749,405,0.23156089193825044,0.4770603689006466,0.21736918839363667,0.47295452737216903,33
clean54,endpoint_sd,active_minus_baseline,8,8,16,strong_fixed_support,cook_gap,flow,1749,98,0.05603201829616924,0.49843014128728413,0.055270997098081316,0.4725800865956658,28
clean54,endpoint_sd,active_minus_baseline,8,16,24,all_common,randi_wild_type,flow,1349,257,0.1905114899925871,0.5242157323869386,0.19988177966107495,0.5009138622200444,40
clean54,endpoint_sd,active_minus_baseline,8,16,24,all_common,cook_struct,flow,2862,758,0.26484975541579314,0.487678953018249,0.2596463789240173,0.48608645238490744,54
clean54,endpoint_sd,active_minus_baseline,8,16,24,all_common,cook_chem,flow,2862,699,0.24423480083857443,0.4806595777469564,0.23417330476669207,0.47744465699823174,54
clean54,endpoint_sd,active_minus_baseline,8,16,24,all_common,cook_gap,flow,2862,169,0.05904961565338924,0.519815783633659,0.06699428776039369,0.48809781117645334,45
clean54,endpoint_sd,active_minus_baseline,8,16,24,strong_fixed_support,randi_wild_type,flow,824,133,0.16140776699029127,0.4981012589360521,0.15520012750750994,0.48909403263192525,24
clean54,endpoint_sd,active_minus_baseline,8,16,24,strong_fixed_support,cook_struct,flow,1749,439,0.2510005717552887,0.48569615190665805,0.2402772383117089,0.4898455887071902,33
clean54,endpoint_sd,active_minus_baseline,8,16,24,strong_fixed_support,cook_chem,flow,1749,405,0.23156089193825044,0.47795965608465607,0.2170309930518476,0.477184113261333,33
clean54,endpoint_sd,active_minus_baseline,8,16,24,strong_fixed_support,cook_gap,flow,1749,98,0.05603201829616924,0.5117059543381254,0.05555968800919739,0.4830483483155991,28
clean54,endpoint_sd,active_minus_baseline,8,32,40,all_common,randi_wild_type,flow,1349,257,0.1905114899925871,0.5134120095209589,0.20389993026663444,0.4905338374411595,40
clean54,endpoint_sd,active_minus_baseline,8,32,40,all_common,cook_struct,flow,2862,758,0.26484975541579314,0.4749725989947531,0.2585036117373675,0.4739781799583551,54
clean54,endpoint_sd,active_minus_baseline,8,32,40,all_common,cook_chem,flow,2862,699,0.24423480083857443,0.4606934680479412,0.22715550664170828,0.45984451169652857,54
clean54,endpoint_sd,active_minus_baseline,8,32,40,all_common,cook_gap,flow,2862,169,0.05904961565338924,0.5178558480566535,0.07160734095435846,0.4926067362075185,45
clean54,endpoint_sd,active_minus_baseline,8,32,40,strong_fixed_support,randi_wild_type,flow,824,133,0.16140776699029127,0.5112346713382587,0.16719007771090372,0.48514651485961036,24
clean54,endpoint_sd,active_minus_baseline,8,32,40,strong_fixed_support,cook_struct,flow,1749,439,0.2510005717552887,0.455573910170582,0.2294587602083613,0.4590877557676057,33
clean54,endpoint_sd,active_minus_baseline,8,32,40,strong_fixed_support,cook_chem,flow,1749,405,0.23156089193825044,0.4425558495002939,0.20504152964289746,0.4423916055128942,33
clean54,endpoint_sd,active_minus_baseline,8,32,40,strong_fixed_support,cook_gap,flow,1749,98,0.05603201829616924,0.4956303538980704,0.056878143608812534,0.45429308966672316,28
clean54,endpoint_sd,active_minus_baseline,16,1,17,all_common,randi_wild_type,flow,1349,257,0.1905114899925871,0.5531955074756632,0.2368347926740371,0.5169393731555022,40
clean54,endpoint_sd,active_minus_baseline,16,1,17,all_common,cook_struct,flow,2862,758,0.26484975541579314,0.5057761569870682,0.27616210571780475,0.49004551643347044,54
clean54,endpoint_sd,active_minus_baseline,16,1,17,all_common,cook_chem,flow,2862,699,0.24423480083857443,0.4977363474800868,0.24889351332017567,0.4837938513389946,54
clean54,endpoint_sd,active_minus_baseline,16,1,17,all_common,cook_gap,flow,2862,169,0.05904961565338924,0.5749818178622201,0.08178468038929855,0.5397937485448787,45
clean54,endpoint_sd,active_minus_baseline,16,1,17,strong_fixed_support,randi_wild_type,flow,824,133,0.16140776699029127,0.5255323547653503,0.17838965761388076,0.47967445819935217,24
clean54,endpoint_sd,active_minus_baseline,16,1,17,strong_fixed_support,cook_struct,flow,1749,439,0.2510005717552887,0.4841746509242032,0.24919117295847526,0.4752190536639695,33
clean54,endpoint_sd,active_minus_baseline,16,1,17,strong_fixed_support,cook_chem,flow,1749,405,0.23156089193825044,0.4797692533803646,0.22737232568670881,0.47116961173463234,33
clean54,endpoint_sd,active_minus_baseline,16,1,17,strong_fixed_support,cook_gap,flow,1749,98,0.05603201829616924,0.5326950889380586,0.07103807186751232,0.49954710724749546,28
clean54,endpoint_sd,active_minus_baseline,16,2,18,all_common,randi_wild_type,flow,1349,257,0.1905114899925871,0.5495004347144425,0.2328726504337334,0.5358003749535966,40
clean54,endpoint_sd,active_minus_baseline,16,2,18,all_common,cook_struct,flow,2862,758,0.26484975541579314,0.5032404667074651,0.27386379906598324,0.48788433545616755,54
clean54,endpoint_sd,active_minus_baseline,16,2,18,all_common,cook_chem,flow,2862,699,0.24423480083857443,0.4970947863568389,0.24767244833559865,0.48476253690013205,54
clean54,endpoint_sd,active_minus_baseline,16,2,18,all_common,cook_gap,flow,2862,169,0.05904961565338924,0.5638088667309725,0.07898804512575977,0.5215405093245477,45
clean54,endpoint_sd,active_minus_baseline,16,2,18,strong_fixed_support,randi_wild_type,flow,824,133,0.16140776699029127,0.5368921580361903,0.1821231468664115,0.5193052297765876,24
clean54,endpoint_sd,active_minus_baseline,16,2,18,strong_fixed_support,cook_struct,flow,1749,439,0.2510005717552887,0.48325479490166756,0.24647154478884983,0.4753527700034697,33
clean54,endpoint_sd,active_minus_baseline,16,2,18,strong_fixed_support,cook_chem,flow,1749,405,0.23156089193825044,0.48131613756613756,0.22505162878646684,0.4748333833678512,33
clean54,endpoint_sd,active_minus_baseline,16,2,18,strong_fixed_support,cook_gap,flow,1749,98,0.05603201829616924,0.5211251066144205,0.06880950263540753,0.4848084240553097,28
clean54,endpoint_sd,active_minus_baseline,16,4,20,all_common,randi_wild_type,flow,1349,257,0.1905114899925871,0.5304264477416228,0.22891411803434933,0.4942322817052468,40
clean54,endpoint_sd,active_minus_baseline,16,4,20,all_common,cook_struct,flow,2862,758,0.26484975541579314,0.5084987008035956,0.2807713837276093,0.4932027887041927,54
clean54,endpoint_sd,active_minus_baseline,16,4,20,all_common,cook_chem,flow,2862,699,0.24423480083857443,0.5037074957488308,0.25510980129863947,0.48781858294198627,54
clean54,endpoint_sd,active_minus_baseline,16,4,20,all_common,cook_gap,flow,2862,169,0.05904961565338924,0.5614490339846677,0.077837058914043,0.5039675821168477,45
clean54,endpoint_sd,active_minus_baseline,16,4,20,strong_fixed_support,randi_wild_type,flow,824,133,0.16140776699029127,0.5026495326594344,0.17032856271258587,0.4654603191828686,24
clean54,endpoint_sd,active_minus_baseline,16,4,20,strong_fixed_support,cook_struct,flow,1749,439,0.2510005717552887,0.49409483732980924,0.2516646528251498,0.48360801246793306,33
clean54,endpoint_sd,active_minus_baseline,16,4,20,strong_fixed_support,cook_chem,flow,1749,405,0.23156089193825044,0.49241438859494413,0.2309887032592416,0.4791348523128066,33
clean54,endpoint_sd,active_minus_baseline,16,4,20,strong_fixed_support,cook_gap,flow,1749,98,0.05603201829616924,0.5238692690886166,0.06606909499033647,0.48042134833885736,28
clean54,endpoint_sd,active_minus_baseline,16,8,24,all_common,randi_wild_type,flow,1349,257,0.1905114899925871,0.5473803109989881,0.2353143602651393,0.5225178982179184,40
clean54,endpoint_sd,active_minus_baseline,16,8,24,all_common,cook_struct,flow,2862,758,0.26484975541579314,0.5079983346208252,0.2816119177546731,0.4911577359348847,54
clean54,endpoint_sd,active_minus_baseline,16,8,24,all_common,cook_chem,flow,2862,699,0.24423480083857443,0.5037174167971284,0.2563946675864267,0.4887018818298055,54
clean54,endpoint_sd,active_minus_baseline,16,8,24,all_common,cook_gap,flow,2862,169,0.05904961565338924,0.55783677603781,0.07706047642377933,0.5024841441913128,45
clean54,endpoint_sd,active_minus_baseline,16,8,24,strong_fixed_support,randi_wild_type,flow,824,133,0.16140776699029127,0.5121813216108287,0.17064729756763336,0.47018395892262493,24
clean54,endpoint_sd,active_minus_baseline,16,8,24,strong_fixed_support,cook_struct,flow,1749,439,0.2510005717552887,0.4796901354570589,0.2438879710716811,0.46326790596482326,33
clean54,endpoint_sd,active_minus_baseline,16,8,24,strong_fixed_support,cook_chem,flow,1749,405,0.23156089193825044,0.47955798059964727,0.2237894011318347,0.463985232224407,33
clean54,endpoint_sd,active_minus_baseline,16,8,24,strong_fixed_support,cook_gap,flow,1749,98,0.05603201829616924,0.4923237617275863,0.06005956351876424,0.4586323951571681,28
clean54,endpoint_sd,active_minus_baseline,16,16,32,all_common,randi_wild_type,flow,1349,257,0.1905114899925871,0.5154573053405738,0.21060887773304388,0.5026167384636129,40
clean54,endpoint_sd,active_minus_baseline,16,16,32,all_common,cook_struct,flow,2862,758,0.26484975541579314,0.5220806956469396,0.28920241457651213,0.5050722163820253,54
clean54,endpoint_sd,active_minus_baseline,16,16,32,all_common,cook_chem,flow,2862,699,0.24423480083857443,0.5184058595034052,0.266437226369329,0.5017505085080419,54
clean54,endpoint_sd,active_minus_baseline,16,16,32,all_common,cook_gap,flow,2862,169,0.05904961565338924,0.5563250768483708,0.07352440496446666,0.5012197286007424,45
clean54,endpoint_sd,active_minus_baseline,16,16,32,strong_fixed_support,randi_wild_type,flow,824,133,0.16140776699029127,0.500560373437211,0.16201564717313394,0.4743114138275189,24
clean54,endpoint_sd,active_minus_baseline,16,16,32,strong_fixed_support,cook_struct,flow,1749,439,0.2510005717552887,0.5051487593246274,0.2557894156985123,0.48937118836362703,33
clean54,endpoint_sd,active_minus_baseline,16,16,32,strong_fixed_support,cook_chem,flow,1749,405,0.23156089193825044,0.5012143592004703,0.23437757350964888,0.4860038088330813,33
clean54,endpoint_sd,active_minus_baseline,16,16,32,strong_fixed_support,cook_gap,flow,1749,98,0.05603201829616924,0.5415085476952743,0.06282690886608303,0.48754020873151255,28
clean54,endpoint_sd,active_minus_baseline,16,32,48,all_common,randi_wild_type,flow,1349,257,0.1905114899925871,0.5265353971579653,0.21175148009483014,0.5112450098122946,40
clean54,endpoint_sd,active_minus_baseline,16,32,48,all_common,cook_struct,flow,2862,758,0.26484975541579314,0.51754165956038,0.28176370912185633,0.4998782565531122,54
clean54,endpoint_sd,active_minus_baseline,16,32,48,all_common,cook_chem,flow,2862,699,0.24423480083857443,0.5156782326247721,0.26006478333470806,0.4970675125508723,54
clean54,endpoint_sd,active_minus_baseline,16,32,48,all_common,cook_gap,flow,2862,169,0.05904961565338924,0.5284750954150251,0.0689648632594469,0.4461634337046312,45
clean54,endpoint_sd,active_minus_baseline,16,32,48,strong_fixed_support,randi_wild_type,flow,824,133,0.16140776699029127,0.5238675560101411,0.16860575280741913,0.49541487854044713,24
clean54,endpoint_sd,active_minus_baseline,16,32,48,strong_fixed_support,cook_struct,flow,1749,439,0.2510005717552887,0.5080909075101289,0.26198858491972565,0.500040861950267,33
clean54,endpoint_sd,active_minus_baseline,16,32,48,strong_fixed_support,cook_chem,flow,1749,405,0.23156089193825044,0.5059376837154614,0.24103798150716182,0.49682828160382975,33
clean54,endpoint_sd,active_minus_baseline,16,32,48,strong_fixed_support,cook_gap,flow,1749,98,0.05603201829616924,0.49841778019505795,0.06136883264063624,0.4280048397898436,28
clean54,endpoint_log_sd,state_average,1,1,2,all_common,randi_wild_type,flow,1349,257,0.1905114899925871,0.5233498667350808,0.2134937072775599,0.48669536955645504,40
clean54,endpoint_log_sd,state_average,1,1,2,all_common,cook_struct,flow,2862,758,0.26484975541579314,0.47683831275018307,0.253800889623267,0.4878859751565916,54
clean54,endpoint_log_sd,state_average,1,1,2,all_common,cook_chem,flow,2862,699,0.24423480083857443,0.47932222043643347,0.23531627606553202,0.49471239875167894,54
clean54,endpoint_log_sd,state_average,1,1,2,all_common,cook_gap,flow,2862,169,0.05904961565338924,0.43921892612229385,0.05037843899342993,0.45260279433263123,45
clean54,endpoint_log_sd,state_average,1,1,2,strong_fixed_support,randi_wild_type,flow,824,133,0.16140776699029127,0.5286878556739171,0.17307450336379396,0.5156089948538978,24
clean54,endpoint_log_sd,state_average,1,1,2,strong_fixed_support,cook_struct,flow,1749,439,0.2510005717552887,0.4776661044358274,0.24370999548636912,0.47811558922249947,33
clean54,endpoint_log_sd,state_average,1,1,2,strong_fixed_support,cook_chem,flow,1749,405,0.23156089193825044,0.48176072898295125,0.22597368026395595,0.48538846856132983,33
clean54,endpoint_log_sd,state_average,1,1,2,strong_fixed_support,cook_gap,flow,1749,98,0.05603201829616924,0.45596360894448634,0.05093507460678855,0.4388785771540779,28
clean54,endpoint_log_sd,state_average,1,2,3,all_common,randi_wild_type,flow,1349,257,0.1905114899925871,0.5143598295349269,0.21306726978706414,0.5072966615683597,40
clean54,endpoint_log_sd,state_average,1,2,3,all_common,cook_struct,flow,2862,758,0.26484975541579314,0.4837750935521735,0.2597959430170818,0.4947156287395347,54
clean54,endpoint_log_sd,state_average,1,2,3,all_common,cook_chem,flow,2862,699,0.24423480083857443,0.48481385137079125,0.24005843094959123,0.5006091462088,54
clean54,endpoint_log_sd,state_average,1,2,3,all_common,cook_gap,flow,2862,169,0.05904961565338924,0.45896549678434334,0.05343414837639744,0.47492545685578325,45
clean54,endpoint_log_sd,state_average,1,2,3,strong_fixed_support,randi_wild_type,flow,824,133,0.16140776699029127,0.5083947205205488,0.16508288337029428,0.5283590963429724,24
clean54,endpoint_log_sd,state_average,1,2,3,strong_fixed_support,cook_struct,flow,1749,439,0.2510005717552887,0.48415900119981226,0.2492597747574108,0.48361772869885955,33
clean54,endpoint_log_sd,state_average,1,2,3,strong_fixed_support,cook_chem,flow,1749,405,0.23156089193825044,0.48698192239858906,0.22971422031386696,0.49050997459861245,33
clean54,endpoint_log_sd,state_average,1,2,3,strong_fixed_support,cook_gap,flow,1749,98,0.05603201829616924,0.4730528189470822,0.05588146415392024,0.4655287303062882,28
clean54,endpoint_log_sd,state_average,1,4,5,all_common,randi_wild_type,flow,1349,257,0.1905114899925871,0.5207059477487492,0.22156803504467784,0.4882915450804144,40
clean54,endpoint_log_sd,state_average,1,4,5,all_common,cook_struct,flow,2862,758,0.26484975541579314,0.48205641722764525,0.2584124279631348,0.4827841772354271,54
clean54,endpoint_log_sd,state_average,1,4,5,all_common,cook_chem,flow,2862,699,0.24423480083857443,0.4819083070260203,0.23665724980405514,0.48663026258089165,54
clean54,endpoint_log_sd,state_average,1,4,5,all_common,cook_gap,flow,2862,169,0.05904961565338924,0.4596752043979899,0.05677425848169837,0.4540311991214857,45
clean54,endpoint_log_sd,state_average,1,4,5,strong_fixed_support,randi_wild_type,flow,824,133,0.16140776699029127,0.5104185935170777,0.16756961787009883,0.49510084311237196,24
clean54,endpoint_log_sd,state_average,1,4,5,strong_fixed_support,cook_struct,flow,1749,439,0.2510005717552887,0.48304787076805367,0.24543435968011051,0.47299396907940183,33
clean54,endpoint_log_sd,state_average,1,4,5,strong_fixed_support,cook_chem,flow,1749,405,0.23156089193825044,0.4853156231628454,0.2249916281135859,0.4785687107886049,33
clean54,endpoint_log_sd,state_average,1,4,5,strong_fixed_support,cook_gap,flow,1749,98,0.05603201829616924,0.45314527991693343,0.05405885478222149,0.40250359851571277,28
clean54,endpoint_log_sd,state_average,1,8,9,all_common,randi_wild_type,flow,1349,257,0.1905114899925871,0.5317840395661406,0.21746667371896497,0.49273991757764046,40
clean54,endpoint_log_sd,state_average,1,8,9,all_common,cook_struct,flow,2862,758,0.26484975541579314,0.4984938852493554,0.2647416045057608,0.4913021604450202,54
clean54,endpoint_log_sd,state_average,1,8,9,all_common,cook_chem,flow,2862,699,0.24423480083857443,0.49790963512368575,0.24157793870235872,0.49510813105807355,54
clean54,endpoint_log_sd,state_average,1,8,9,all_common,cook_gap,flow,2862,169,0.05904961565338924,0.49939466115306613,0.06118736697554018,0.4718688311658723,45
clean54,endpoint_log_sd,state_average,1,8,9,strong_fixed_support,randi_wild_type,flow,824,133,0.16140776699029127,0.5247162769441693,0.1767329804174975,0.49576944182414806,24
clean54,endpoint_log_sd,state_average,1,8,9,strong_fixed_support,cook_struct,flow,1749,439,0.2510005717552887,0.49841416126171556,0.2560989572896844,0.48163921208191907,33
clean54,endpoint_log_sd,state_average,1,8,9,strong_fixed_support,cook_chem,flow,1749,405,0.23156089193825044,0.4985762051734274,0.23459258146631357,0.4858247159655251,33
clean54,endpoint_log_sd,state_average,1,8,9,strong_fixed_support,cook_gap,flow,1749,98,0.05603201829616924,0.4864337012818453,0.05825797782533025,0.4295583839949715,28
clean54,endpoint_log_sd,state_average,1,16,17,all_common,randi_wild_type,flow,1349,257,0.1905114899925871,0.5462614557945297,0.230325909315593,0.5240192401588304,40
clean54,endpoint_log_sd,state_average,1,16,17,all_common,cook_struct,flow,2862,758,0.26484975541579314,0.5043045286274667,0.27632487800331795,0.4980943048639369,54
clean54,endpoint_log_sd,state_average,1,16,17,all_common,cook_chem,flow,2862,699,0.24423480083857443,0.5007576373883303,0.25282530916414214,0.49816640769748294,54
clean54,endpoint_log_sd,state_average,1,16,17,all_common,cook_gap,flow,2862,169,0.05904961565338924,0.5048020618873827,0.06114978682609642,0.4684987727336408,45
clean54,endpoint_log_sd,state_average,1,16,17,strong_fixed_support,randi_wild_type,flow,824,133,0.16140776699029127,0.5628216706745155,0.2093414994272235,0.5641181207259295,24
clean54,endpoint_log_sd,state_average,1,16,17,strong_fixed_support,cook_struct,flow,1749,439,0.2510005717552887,0.5035107548383732,0.25726253975874747,0.5042441058692679,33
clean54,endpoint_log_sd,state_average,1,16,17,strong_fixed_support,cook_chem,flow,1749,405,0.23156089193825044,0.5011500587889477,0.2359711002517992,0.5062571657452389,33
clean54,endpoint_log_sd,state_average,1,16,17,strong_fixed_support,cook_gap,flow,1749,98,0.05603201829616924,0.4885845313291883,0.05451818873766842,0.4513560704089315,28
clean54,endpoint_log_sd,state_average,1,32,33,all_common,randi_wild_type,flow,1349,257,0.1905114899925871,0.5488269836518864,0.24011354046854866,0.5211400753222255,40
clean54,endpoint_log_sd,state_average,1,32,33,all_common,cook_struct,flow,2862,758,0.26484975541579314,0.5133606549153766,0.28250454961726357,0.5134328477740334,54
clean54,endpoint_log_sd,state_average,1,32,33,all_common,cook_chem,flow,2862,699,0.24423480083857443,0.508964989943364,0.25773738902216464,0.5093416064990886,54
clean54,endpoint_log_sd,state_average,1,32,33,all_common,cook_gap,flow,2862,169,0.05904961565338924,0.5222766892908857,0.06440166054530294,0.4936531583029513,45
clean54,endpoint_log_sd,state_average,1,32,33,strong_fixed_support,randi_wild_type,flow,824,133,0.16140776699029127,0.5323982895008867,0.18873874687363346,0.5468673741787229,24
clean54,endpoint_log_sd,state_average,1,32,33,strong_fixed_support,cook_struct,flow,1749,439,0.2510005717552887,0.5045192926324575,0.25727080722596984,0.5158521606921397,33
clean54,endpoint_log_sd,state_average,1,32,33,strong_fixed_support,cook_chem,flow,1749,405,0.23156089193825044,0.4992835097001764,0.23573414716059413,0.5161048840951131,33
clean54,endpoint_log_sd,state_average,1,32,33,strong_fixed_support,cook_gap,flow,1749,98,0.05603201829616924,0.5041286048035204,0.054441752374260084,0.47424787199556967,28
clean54,endpoint_log_sd,state_average,4,1,5,all_common,randi_wild_type,flow,1349,257,0.1905114899925871,0.5736983509357051,0.23677118294540778,0.5524099293687259,40
clean54,endpoint_log_sd,state_average,4,1,5,all_common,cook_struct,flow,2862,758,0.26484975541579314,0.494115367637469,0.2626296419901124,0.5029704854107232,54
clean54,endpoint_log_sd,state_average,4,1,5,all_common,cook_chem,flow,2862,699,0.24423480083857443,0.48603678592428123,0.2363329575782959,0.49663845854621697,54
clean54,endpoint_log_sd,state_average,4,1,5,all_common,cook_gap,flow,2862,169,0.05904961565338924,0.5271721337590114,0.06836078703120309,0.5105925030808418,45
clean54,endpoint_log_sd,state_average,4,1,5,strong_fixed_support,randi_wild_type,flow,824,133,0.16140776699029127,0.561983830778103,0.18636828649749532,0.5422280709813037,24
clean54,endpoint_log_sd,state_average,4,1,5,strong_fixed_support,cook_struct,flow,1749,439,0.2510005717552887,0.4975777704359318,0.25178634330882055,0.5016103218027647,33
clean54,endpoint_log_sd,state_average,4,1,5,strong_fixed_support,cook_chem,flow,1749,405,0.23156089193825044,0.49415049970605524,0.23300962166938233,0.49973112921818247,33
clean54,endpoint_log_sd,state_average,4,1,5,strong_fixed_support,cook_gap,flow,1749,98,0.05603201829616924,0.5543084586954103,0.06809977121352576,0.5155955430793898,28
clean54,endpoint_log_sd,state_average,4,2,6,all_common,randi_wild_type,flow,1349,257,0.1905114899925871,0.5695008623024187,0.2367630309240088,0.5575155833411374,40
clean54,endpoint_log_sd,state_average,4,2,6,all_common,cook_struct,flow,2862,758,0.26484975541579314,0.4972805913099311,0.2678148061442974,0.5017928196074796,54
clean54,endpoint_log_sd,state_average,4,2,6,all_common,cook_chem,flow,2862,699,0.24423480083857443,0.4892862599433707,0.24130402954498986,0.4950958821560026,54
clean54,endpoint_log_sd,state_average,4,2,6,all_common,cook_gap,flow,2862,169,0.05904961565338924,0.527607186723414,0.0694838476329121,0.5112869686813972,45
clean54,endpoint_log_sd,state_average,4,2,6,strong_fixed_support,randi_wild_type,flow,824,133,0.16140776699029127,0.5520494434349259,0.1780268388814176,0.5465807569551758,24
clean54,endpoint_log_sd,state_average,4,2,6,strong_fixed_support,cook_struct,flow,1749,439,0.2510005717552887,0.4918308438679163,0.2545000287644965,0.49313930240604953,33
clean54,endpoint_log_sd,state_average,4,2,6,strong_fixed_support,cook_chem,flow,1749,405,0.23156089193825044,0.48567570546737215,0.23479378481054772,0.4886411112001563,33
clean54,endpoint_log_sd,state_average,4,2,6,strong_fixed_support,cook_gap,flow,1749,98,0.05603201829616924,0.5539808897514185,0.06964252400871776,0.5082690757828924,28
clean54,endpoint_log_sd,state_average,4,4,8,all_common,randi_wild_type,flow,1349,257,0.1905114899925871,0.5716708712817662,0.24712136901905032,0.554218669349446,40
clean54,endpoint_log_sd,state_average,4,4,8,all_common,cook_struct,flow,2862,758,0.26484975541579314,0.5032812233514251,0.273107013574949,0.4987007100989016,54
clean54,endpoint_log_sd,state_average,4,4,8,all_common,cook_chem,flow,2862,699,0.24423480083857443,0.49514100124542226,0.24628096594343168,0.492151690518481,54
clean54,endpoint_log_sd,state_average,4,4,8,all_common,cook_gap,flow,2862,169,0.05904961565338924,0.5144896806755186,0.06709500179066144,0.5018288141455522,45
clean54,endpoint_log_sd,state_average,4,4,8,strong_fixed_support,randi_wild_type,flow,824,133,0.16140776699029127,0.5520168003220788,0.1777244384923758,0.5480562277932881,24
clean54,endpoint_log_sd,state_average,4,4,8,strong_fixed_support,cook_struct,flow,1749,439,0.2510005717552887,0.5020240310212314,0.25378296056923677,0.4894256990123284,33
clean54,endpoint_log_sd,state_average,4,4,8,strong_fixed_support,cook_chem,flow,1749,405,0.23156089193825044,0.4974610523221634,0.23381706084893783,0.4874665004415161,33
clean54,endpoint_log_sd,state_average,4,4,8,strong_fixed_support,cook_gap,flow,1749,98,0.05603201829616924,0.5503961730058468,0.06676640182023404,0.5071925115328632,28
clean54,endpoint_log_sd,state_average,4,8,12,all_common,randi_wild_type,flow,1349,257,0.1905114899925871,0.5441591482447514,0.23645485168327862,0.5271831613329766,40
clean54,endpoint_log_sd,state_average,4,8,12,all_common,cook_struct,flow,2862,758,0.26484975541579314,0.5022886423146764,0.27243198429701737,0.4978890594659703,54
clean54,endpoint_log_sd,state_average,4,8,12,all_common,cook_chem,flow,2862,699,0.24423480083857443,0.4976794668031803,0.24761352255594787,0.4978690721466949,54
clean54,endpoint_log_sd,state_average,4,8,12,all_common,cook_gap,flow,2862,169,0.05904961565338924,0.515621257830404,0.06611011273339257,0.4897360219120416,45
clean54,endpoint_log_sd,state_average,4,8,12,strong_fixed_support,randi_wild_type,flow,824,133,0.16140776699029127,0.545553463978325,0.18065323667219702,0.5320043642322952,24
clean54,endpoint_log_sd,state_average,4,8,12,strong_fixed_support,cook_struct,flow,1749,439,0.2510005717552887,0.49853066476551494,0.25150920883826394,0.49420558793822705,33
clean54,endpoint_log_sd,state_average,4,8,12,strong_fixed_support,cook_chem,flow,1749,405,0.23156089193825044,0.49933495002939443,0.23418874860268224,0.5020767100846572,33
clean54,endpoint_log_sd,state_average,4,8,12,strong_fixed_support,cook_gap,flow,1749,98,0.05603201829616924,0.5313724520698649,0.060844963009221244,0.48899533659103683,28
clean54,endpoint_log_sd,state_average,4,16,20,all_common,randi_wild_type,flow,1349,257,0.1905114899925871,0.5353864682658457,0.2381845532536222,0.5174887371142433,40
clean54,endpoint_log_sd,state_average,4,16,20,all_common,cook_struct,flow,2862,758,0.26484975541579314,0.5102932471884185,0.2775890031115784,0.4965387759986786,54
clean54,endpoint_log_sd,state_average,4,16,20,all_common,cook_chem,flow,2862,699,0.24423480083857443,0.5059807386154318,0.2531575983348383,0.4940823093533442,54
clean54,endpoint_log_sd,state_average,4,16,20,all_common,cook_gap,flow,2862,169,0.05904961565338924,0.5375452905516603,0.06693367184436752,0.509798997801395,45
clean54,endpoint_log_sd,state_average,4,16,20,strong_fixed_support,randi_wild_type,flow,824,133,0.16140776699029127,0.51970011860331,0.17609843081265658,0.5178453317824574,24
clean54,endpoint_log_sd,state_average,4,16,20,strong_fixed_support,cook_struct,flow,1749,439,0.2510005717552887,0.48354344537376764,0.2455610843358294,0.4716563390737638,33
clean54,endpoint_log_sd,state_average,4,16,20,strong_fixed_support,cook_chem,flow,1749,405,0.23156089193825044,0.4770870076425632,0.2248882888004956,0.4699834222774309,33
clean54,endpoint_log_sd,state_average,4,16,20,strong_fixed_support,cook_gap,flow,1749,98,0.05603201829616924,0.5458967354355431,0.06038956920654841,0.51894338321312,28
clean54,endpoint_log_sd,state_average,4,32,36,all_common,randi_wild_type,flow,1349,257,0.1905114899925871,0.5182865124499365,0.22856916883926653,0.502925894003108,40
clean54,endpoint_log_sd,state_average,4,32,36,all_common,cook_struct,flow,2862,758,0.26484975541579314,0.5167321699088054,0.2829248903348718,0.5188820523115064,54
clean54,endpoint_log_sd,state_average,4,32,36,all_common,cook_chem,flow,2862,699,0.24423480083857443,0.5165003568270371,0.25946559612692843,0.517198481866025,54
clean54,endpoint_log_sd,state_average,4,32,36,all_common,cook_gap,flow,2862,169,0.05904961565338924,0.5047581171435037,0.06471147908000725,0.4928626064682122,45
clean54,endpoint_log_sd,state_average,4,32,36,strong_fixed_support,randi_wild_type,flow,824,133,0.16140776699029127,0.48844977857088445,0.169586346685785,0.476893290215694,24
clean54,endpoint_log_sd,state_average,4,32,36,strong_fixed_support,cook_struct,flow,1749,439,0.2510005717552887,0.49970787181136866,0.25165601181642616,0.5045391210879505,33
clean54,endpoint_log_sd,state_average,4,32,36,strong_fixed_support,cook_chem,flow,1749,405,0.23156089193825044,0.4973949147560259,0.2304926887588975,0.5031431657016197,33
clean54,endpoint_log_sd,state_average,4,32,36,strong_fixed_support,cook_gap,flow,1749,98,0.05603201829616924,0.4765571885931841,0.05325755232344457,0.4883568455222754,28
clean54,endpoint_log_sd,state_average,8,1,9,all_common,randi_wild_type,flow,1349,257,0.1905114899925871,0.5183506506463704,0.2207569824896981,0.48705927857492276,40
clean54,endpoint_log_sd,state_average,8,1,9,all_common,cook_struct,flow,2862,758,0.26484975541579314,0.4905419505001153,0.2642850591309872,0.49887702443231075,54
clean54,endpoint_log_sd,state_average,8,1,9,all_common,cook_chem,flow,2862,699,0.24423480083857443,0.48434425508470264,0.23923091058507162,0.4981637258331468,54
clean54,endpoint_log_sd,state_average,8,1,9,all_common,cook_gap,flow,2862,169,0.05904961565338924,0.5199476178652962,0.06728689957569928,0.4832875452892907,45
clean54,endpoint_log_sd,state_average,8,1,9,strong_fixed_support,randi_wild_type,flow,824,133,0.16140776699029127,0.4996681283527197,0.180339053881311,0.4647268327728584,24
clean54,endpoint_log_sd,state_average,8,1,9,strong_fixed_support,cook_struct,flow,1749,439,0.2510005717552887,0.4762332852249213,0.23524703322817442,0.4810026023413246,33
clean54,endpoint_log_sd,state_average,8,1,9,strong_fixed_support,cook_chem,flow,1749,405,0.23156089193825044,0.472038506760729,0.21489499761016917,0.4815264797952259,33
clean54,endpoint_log_sd,state_average,8,1,9,strong_fixed_support,cook_gap,flow,1749,98,0.05603201829616924,0.5134179656114414,0.05850052243898714,0.4572559460627366,28
clean54,endpoint_log_sd,state_average,8,2,10,all_common,randi_wild_type,flow,1349,257,0.1905114899925871,0.5211228460255697,0.22089843061591705,0.48148215174208886,40
clean54,endpoint_log_sd,state_average,8,2,10,all_common,cook_struct,flow,2862,758,0.26484975541579314,0.49751259066785714,0.2683139600610626,0.5045148957700224,54
clean54,endpoint_log_sd,state_average,8,2,10,all_common,cook_chem,flow,2862,699,0.24423480083857443,0.48956471069892465,0.24176827408489168,0.5014485441869699,54
clean54,endpoint_log_sd,state_average,8,2,10,all_common,cook_gap,flow,2862,169,0.05904961565338924,0.533642997295201,0.06968174507176533,0.48829060799207946,45
clean54,endpoint_log_sd,state_average,8,2,10,strong_fixed_support,randi_wild_type,flow,824,133,0.16140776699029127,0.49174673296845584,0.18149121229858128,0.45337281976241534,24
clean54,endpoint_log_sd,state_average,8,2,10,strong_fixed_support,cook_struct,flow,1749,439,0.2510005717552887,0.4793197586464728,0.23703337121357695,0.48521147820686233,33
clean54,endpoint_log_sd,state_average,8,2,10,strong_fixed_support,cook_chem,flow,1749,405,0.23156089193825044,0.47306363903586124,0.21586281134784152,0.4834295026999445,33
clean54,endpoint_log_sd,state_average,8,2,10,strong_fixed_support,cook_gap,flow,1749,98,0.05603201829616924,0.5205503158259064,0.06003975107944379,0.47466649142534684,28
clean54,endpoint_log_sd,state_average,8,4,12,all_common,randi_wild_type,flow,1349,257,0.1905114899925871,0.521863998517695,0.22463870543968092,0.4965975069187083,40
clean54,endpoint_log_sd,state_average,8,4,12,all_common,cook_struct,flow,2862,758,0.26484975541579314,0.49589611946587475,0.27043224823796,0.49909548920261415,54
clean54,endpoint_log_sd,state_average,8,4,12,all_common,cook_chem,flow,2862,699,0.24423480083857443,0.49066660846318333,0.24497869846014753,0.5007596706518515,54
clean54,endpoint_log_sd,state_average,8,4,12,all_common,cook_gap,flow,2862,169,0.05904961565338924,0.5214878811382567,0.06721477570020788,0.47126373955176076,45
clean54,endpoint_log_sd,state_average,8,4,12,strong_fixed_support,randi_wild_type,flow,824,133,0.16140776699029127,0.47990816404252307,0.19289967896830612,0.4570378298531594,24
clean54,endpoint_log_sd,state_average,8,4,12,strong_fixed_support,cook_struct,flow,1749,439,0.2510005717552887,0.4781686344746039,0.23979560992074284,0.47769837869787823,33
clean54,endpoint_log_sd,state_average,8,4,12,strong_fixed_support,cook_chem,flow,1749,405,0.23156089193825044,0.4759626690182246,0.22037204628816848,0.4836681353789081,33
clean54,endpoint_log_sd,state_average,8,4,12,strong_fixed_support,cook_gap,flow,1749,98,0.05603201829616924,0.5032942310782581,0.0560010474308129,0.427310985055524,28
clean54,endpoint_log_sd,state_average,8,8,16,all_common,randi_wild_type,flow,1349,257,0.1905114899925871,0.526186200310714,0.23117932984819972,0.5202957264677984,40
clean54,endpoint_log_sd,state_average,8,8,16,all_common,cook_struct,flow,2862,758,0.26484975541579314,0.49132322401356376,0.2680339577127433,0.4884579726707379,54
clean54,endpoint_log_sd,state_average,8,8,16,all_common,cook_chem,flow,2862,699,0.24423480083857443,0.4835803343657838,0.24248992567772282,0.4882339837478478,54
clean54,endpoint_log_sd,state_average,8,8,16,all_common,cook_gap,flow,2862,169,0.05904961565338924,0.5323664024855148,0.06752848145325577,0.5048837063968773,45
clean54,endpoint_log_sd,state_average,8,8,16,strong_fixed_support,randi_wild_type,flow,824,133,0.16140776699029127,0.4777319565193737,0.1949300973453489,0.4882963348827518,24
clean54,endpoint_log_sd,state_average,8,8,16,strong_fixed_support,cook_struct,flow,1749,439,0.2510005717552887,0.47125319515206315,0.2367511760360024,0.4653192339427023,33
clean54,endpoint_log_sd,state_average,8,8,16,strong_fixed_support,cook_chem,flow,1749,405,0.23156089193825044,0.46550742210464435,0.21633841476751028,0.4679692545200153,33
clean54,endpoint_log_sd,state_average,8,8,16,strong_fixed_support,cook_gap,flow,1749,98,0.05603201829616924,0.5158283785955327,0.05787156102733931,0.46343105186537364,28
clean54,endpoint_log_sd,state_average,8,16,24,all_common,randi_wild_type,flow,1349,257,0.1905114899925871,0.5140997135160559,0.2315505442046678,0.533484172829581,40
clean54,endpoint_log_sd,state_average,8,16,24,all_common,cook_struct,flow,2862,758,0.26484975541579314,0.49060465302928463,0.2676622929932962,0.48862806191614633,54
clean54,endpoint_log_sd,state_average,8,16,24,all_common,cook_chem,flow,2862,699,0.24423480083857443,0.4832992379973504,0.24212948601030193,0.48844049368769543,54
clean54,endpoint_log_sd,state_average,8,16,24,all_common,cook_gap,flow,2862,169,0.05904961565338924,0.5262448996631636,0.06605876795577506,0.5024973252439203,45
clean54,endpoint_log_sd,state_average,8,16,24,strong_fixed_support,randi_wild_type,flow,824,133,0.16140776699029127,0.45124751096264537,0.17713196686857197,0.48666331440747274,24
clean54,endpoint_log_sd,state_average,8,16,24,strong_fixed_support,cook_struct,flow,1749,439,0.2510005717552887,0.4649394007894416,0.23998703417625242,0.47695097740060866,33
clean54,endpoint_log_sd,state_average,8,16,24,strong_fixed_support,cook_chem,flow,1749,405,0.23156089193825044,0.45746435920047035,0.21760306069883756,0.48098941126449923,33
clean54,endpoint_log_sd,state_average,8,16,24,strong_fixed_support,cook_gap,flow,1749,98,0.05603201829616924,0.49797896142103115,0.05607525718512937,0.4586822031729817,28
clean54,endpoint_log_sd,state_average,8,32,40,all_common,randi_wild_type,flow,1349,257,0.1905114899925871,0.5242941235159134,0.23351024995212583,0.5511488011076633,40
clean54,endpoint_log_sd,state_average,8,32,40,all_common,cook_struct,flow,2862,758,0.26484975541579314,0.4907043500506636,0.26669709799471986,0.4960394453564542,54
clean54,endpoint_log_sd,state_average,8,32,40,all_common,cook_chem,flow,2862,699,0.24423480083857443,0.48462799706601534,0.24279560589758598,0.4936702225059818,54
clean54,endpoint_log_sd,state_average,8,32,40,all_common,cook_gap,flow,2862,169,0.05904961565338924,0.5139425686142244,0.06374533428721843,0.5104449593209357,45
clean54,endpoint_log_sd,state_average,8,32,40,strong_fixed_support,randi_wild_type,flow,824,133,0.16140776699029127,0.459778244453391,0.17377292637973005,0.5225723207675279,24
clean54,endpoint_log_sd,state_average,8,32,40,strong_fixed_support,cook_struct,flow,1749,439,0.2510005717552887,0.47172964231685477,0.23752812884617194,0.48843188630036677,33
clean54,endpoint_log_sd,state_average,8,32,40,strong_fixed_support,cook_chem,flow,1749,405,0.23156089193825044,0.4629868459729571,0.2152597955589673,0.4866367742437345,33
clean54,endpoint_log_sd,state_average,8,32,40,strong_fixed_support,cook_gap,flow,1749,98,0.05603201829616924,0.4864460623740713,0.054098090501709925,0.48180553681661475,28
clean54,endpoint_log_sd,state_average,16,1,17,all_common,randi_wild_type,flow,1349,257,0.1905114899925871,0.5377417653682245,0.22741836004527072,0.5183557909719188,40
clean54,endpoint_log_sd,state_average,16,1,17,all_common,cook_struct,flow,2862,758,0.26484975541579314,0.48614399510418654,0.25544385404759673,0.4728968981077559,54
clean54,endpoint_log_sd,state_average,16,1,17,all_common,cook_chem,flow,2862,699,0.24423480083857443,0.4853013055438156,0.23289859268380142,0.4767530436761734,54
clean54,endpoint_log_sd,state_average,16,1,17,all_common,cook_gap,flow,2862,169,0.05904961565338924,0.5052678761725007,0.06398651785335521,0.4593622060368259,45
clean54,endpoint_log_sd,state_average,16,1,17,strong_fixed_support,randi_wild_type,flow,824,133,0.16140776699029127,0.5228120953614137,0.17712825677659727,0.4820668188240962,24
clean54,endpoint_log_sd,state_average,16,1,17,strong_fixed_support,cook_struct,flow,1749,439,0.2510005717552887,0.4668225842911544,0.23026402025637158,0.4657382180072681,33
clean54,endpoint_log_sd,state_average,16,1,17,strong_fixed_support,cook_chem,flow,1749,405,0.23156089193825044,0.4681657848324515,0.21373603551565468,0.47203646014375855,33
clean54,endpoint_log_sd,state_average,16,1,17,strong_fixed_support,cook_gap,flow,1749,98,0.05603201829616924,0.487187727907638,0.054864283868329145,0.45221793103470226,28
clean54,endpoint_log_sd,state_average,16,2,18,all_common,randi_wild_type,flow,1349,257,0.1905114899925871,0.5395946465985377,0.22887028897585673,0.5048620586224419,40
clean54,endpoint_log_sd,state_average,16,2,18,all_common,cook_struct,flow,2862,758,0.26484975541579314,0.48675503125094055,0.2564626632955385,0.4743021100053835,54
clean54,endpoint_log_sd,state_average,16,2,18,all_common,cook_chem,flow,2862,699,0.24423480083857443,0.4828868530897782,0.23231633293757203,0.475392502611458,54
clean54,endpoint_log_sd,state_average,16,2,18,all_common,cook_gap,flow,2862,169,0.05904961565338924,0.502033543023003,0.06443041441744846,0.44866147649174076,45
clean54,endpoint_log_sd,state_average,16,2,18,strong_fixed_support,randi_wild_type,flow,824,133,0.16140776699029127,0.517676245606781,0.1745250866833412,0.4575343329692958,24
clean54,endpoint_log_sd,state_average,16,2,18,strong_fixed_support,cook_struct,flow,1749,439,0.2510005717552887,0.46323445025995935,0.22959010399763272,0.4611325073367802,33
clean54,endpoint_log_sd,state_average,16,2,18,strong_fixed_support,cook_chem,flow,1749,405,0.23156089193825044,0.4617182907113463,0.21203410812445253,0.4667023768596155,33
clean54,endpoint_log_sd,state_average,16,2,18,strong_fixed_support,cook_gap,flow,1749,98,0.05603201829616924,0.4713840714965574,0.05403179280267673,0.43102396994278663,28
clean54,endpoint_log_sd,state_average,16,4,20,all_common,randi_wild_type,flow,1349,257,0.1905114899925871,0.5334623223728282,0.22656543844744165,0.5073982633559526,40
clean54,endpoint_log_sd,state_average,16,4,20,all_common,cook_struct,flow,2862,758,0.26484975541579314,0.48811598964655845,0.2580372675444502,0.4711836397957286,54
clean54,endpoint_log_sd,state_average,16,4,20,all_common,cook_chem,flow,2862,699,0.24423480083857443,0.4837747869124177,0.23360043500683372,0.47288335351463784,54
clean54,endpoint_log_sd,state_average,16,4,20,all_common,cook_gap,flow,2862,169,0.05904961565338924,0.5140018940184612,0.06516208756446418,0.471036621885659,45
clean54,endpoint_log_sd,state_average,16,4,20,strong_fixed_support,randi_wild_type,flow,824,133,0.16140776699029127,0.5150212724285388,0.17283227861311998,0.4768212512019699,24
clean54,endpoint_log_sd,state_average,16,4,20,strong_fixed_support,cook_struct,flow,1749,439,0.2510005717552887,0.4618790102418752,0.2295539120155483,0.4608712375545855,33
clean54,endpoint_log_sd,state_average,16,4,20,strong_fixed_support,cook_chem,flow,1749,405,0.23156089193825044,0.46160898001175776,0.21218860068882575,0.467548328811338,33
clean54,endpoint_log_sd,state_average,16,4,20,strong_fixed_support,cook_gap,flow,1749,98,0.05603201829616924,0.4738377483034401,0.05437953323227151,0.44492312558832997,28
clean54,endpoint_log_sd,state_average,16,8,24,all_common,randi_wild_type,flow,1349,257,0.1905114899925871,0.520274796539388,0.22487819385442695,0.4954876649932777,40
clean54,endpoint_log_sd,state_average,16,8,24,all_common,cook_struct,flow,2862,758,0.26484975541579314,0.5003385936575138,0.26694799611775316,0.48532808656458437,54
clean54,endpoint_log_sd,state_average,16,8,24,all_common,cook_chem,flow,2862,699,0.24423480083857443,0.4955656221125616,0.24257926728520657,0.48871484785935676,54
clean54,endpoint_log_sd,state_average,16,8,24,all_common,cook_gap,flow,2862,169,0.05904961565338924,0.5180887551992126,0.0670111710023927,0.4803806438335607,45
clean54,endpoint_log_sd,state_average,16,8,24,strong_fixed_support,randi_wild_type,flow,824,133,0.16140776699029127,0.5134979271623341,0.17269454724392672,0.48686707885690533,24
clean54,endpoint_log_sd,state_average,16,8,24,strong_fixed_support,cook_struct,flow,1749,439,0.2510005717552887,0.47911631222939016,0.23882760742116713,0.48579080519586365,33
clean54,endpoint_log_sd,state_average,16,8,24,strong_fixed_support,cook_chem,flow,1749,405,0.23156089193825044,0.47715498236331566,0.22021954101741378,0.49522911125317026,33
clean54,endpoint_log_sd,state_average,16,8,24,strong_fixed_support,cook_gap,flow,1749,98,0.05603201829616924,0.4725707363502639,0.054335392228989546,0.43948936862870597,28
clean54,endpoint_log_sd,state_average,16,16,32,all_common,randi_wild_type,flow,1349,257,0.1905114899925871,0.51801570673166,0.22789009096213775,0.4955756894218344,40
clean54,endpoint_log_sd,state_average,16,16,32,all_common,cook_struct,flow,2862,758,0.26484975541579314,0.5055836602225188,0.27408740564733647,0.5013027785195777,54
clean54,endpoint_log_sd,state_average,16,16,32,all_common,cook_chem,flow,2862,699,0.24423480083857443,0.5043688989686739,0.25055879816145954,0.5050119404120194,54
clean54,endpoint_log_sd,state_average,16,16,32,all_common,cook_gap,flow,2862,169,0.05904961565338924,0.50124253763318,0.06631758038923484,0.48673598391196554,45
clean54,endpoint_log_sd,state_average,16,16,32,strong_fixed_support,randi_wild_type,flow,824,133,0.16140776699029127,0.4861538796339619,0.16860778572714835,0.4654218109581228,24
clean54,endpoint_log_sd,state_average,16,16,32,strong_fixed_support,cook_struct,flow,1749,439,0.2510005717552887,0.4865360204489732,0.24623820857730327,0.5029850663244225,33
clean54,endpoint_log_sd,state_average,16,16,32,strong_fixed_support,cook_chem,flow,1749,405,0.23156089193825044,0.48629666372721925,0.2272326833201878,0.5110524526817937,33
clean54,endpoint_log_sd,state_average,16,16,32,strong_fixed_support,cook_gap,flow,1749,98,0.05603201829616924,0.46940629674038,0.0527932139819612,0.4645815451512855,28
clean54,endpoint_log_sd,state_average,16,32,48,all_common,randi_wild_type,flow,1349,257,0.1905114899925871,0.5133728139564716,0.22924480476956702,0.45917224608033996,40
clean54,endpoint_log_sd,state_average,16,32,48,all_common,cook_struct,flow,2862,758,0.26484975541579314,0.5047553598121934,0.27585755227243913,0.4875409401151141,54
clean54,endpoint_log_sd,state_average,16,32,48,all_common,cook_chem,flow,2862,699,0.24423480083857443,0.5025447488883465,0.2517525362394963,0.49044583205595155,54
clean54,endpoint_log_sd,state_average,16,32,48,all_common,cook_gap,flow,2862,169,0.05904961565338924,0.5215647844400452,0.0681013611771457,0.4980642959584355,45
clean54,endpoint_log_sd,state_average,16,32,48,strong_fixed_support,randi_wild_type,flow,824,133,0.16140776699029127,0.480430453848079,0.16565222573393096,0.44512461437185397,24
clean54,endpoint_log_sd,state_average,16,32,48,strong_fixed_support,cook_struct,flow,1749,439,0.2510005717552887,0.5033681684605888,0.2624758868448476,0.5035448765003829,33
clean54,endpoint_log_sd,state_average,16,32,48,strong_fixed_support,cook_chem,flow,1749,405,0.23156089193825044,0.4995737801293356,0.23953421517599152,0.5087037040456823,33
clean54,endpoint_log_sd,state_average,16,32,48,strong_fixed_support,cook_gap,flow,1749,98,0.05603201829616924,0.5197715670156615,0.060666098914000564,0.5148547987781882,28
clean54,endpoint_log_sd,baseline,1,1,2,all_common,randi_wild_type,flow,1349,257,0.1905114899925871,0.5526182637077579,0.2232096607458225,0.5354159268377161,40
clean54,endpoint_log_sd,baseline,1,1,2,all_common,cook_struct,flow,2862,758,0.26484975541579314,0.516647521494427,0.28155019716289775,0.5254557943813385,54
clean54,endpoint_log_sd,baseline,1,1,2,all_common,cook_chem,flow,2862,699,0.24423480083857443,0.5150803241140338,0.26066046513619007,0.5244358353763334,54
clean54,endpoint_log_sd,baseline,1,1,2,all_common,cook_gap,flow,2862,169,0.05904961565338924,0.48607500928332714,0.05869888350315738,0.4883374579961759,45
clean54,endpoint_log_sd,baseline,1,1,2,strong_fixed_support,randi_wild_type,flow,824,133,0.16140776699029127,0.5100595192757581,0.1796431447635089,0.5140914540386813,24
clean54,endpoint_log_sd,baseline,1,1,2,strong_fixed_support,cook_struct,flow,1749,439,0.2510005717552887,0.4941017927628719,0.24825823464244137,0.5046651668709625,33
clean54,endpoint_log_sd,baseline,1,1,2,strong_fixed_support,cook_chem,flow,1749,405,0.23156089193825044,0.49464285714285716,0.23011529401938036,0.507785827490776,33
clean54,endpoint_log_sd,baseline,1,1,2,strong_fixed_support,cook_gap,flow,1749,98,0.05603201829616924,0.45982026971903245,0.05119322499822199,0.43222941886001676,28
clean54,endpoint_log_sd,baseline,1,2,3,all_common,randi_wild_type,flow,1349,257,0.1905114899925871,0.5365160131697096,0.22789044209598353,0.5204266137120775,40
clean54,endpoint_log_sd,baseline,1,2,3,all_common,cook_struct,flow,2862,758,0.26484975541579314,0.5148460778313955,0.2802657164930469,0.5198925043365664,54
clean54,endpoint_log_sd,baseline,1,2,3,all_common,cook_chem,flow,2862,699,0.24423480083857443,0.5128943864724522,0.25879550582622435,0.5197854871034528,54
clean54,endpoint_log_sd,baseline,1,2,3,all_common,cook_gap,flow,2862,169,0.05904961565338924,0.49708097038783433,0.05925350700360337,0.5135233465253586,45
clean54,endpoint_log_sd,baseline,1,2,3,strong_fixed_support,randi_wild_type,flow,824,133,0.16140776699029127,0.49819918827459386,0.17416752210321138,0.5038259138778735,24
clean54,endpoint_log_sd,baseline,1,2,3,strong_fixed_support,cook_struct,flow,1749,439,0.2510005717552887,0.49533464327322674,0.24768176816317583,0.5012836893228436,33
clean54,endpoint_log_sd,baseline,1,2,3,strong_fixed_support,cook_chem,flow,1749,405,0.23156089193825044,0.49879666372721926,0.23187719785388067,0.5082481781508718,33
clean54,endpoint_log_sd,baseline,1,2,3,strong_fixed_support,cook_gap,flow,1749,98,0.05603201829616924,0.46677338409621877,0.05011462879036755,0.46573791990960606,28
clean54,endpoint_log_sd,baseline,1,4,5,all_common,randi_wild_type,flow,1349,257,0.1905114899925871,0.5507261869129574,0.23122193083785622,0.5402414480607417,40
clean54,endpoint_log_sd,baseline,1,4,5,all_common,cook_struct,flow,2862,758,0.26484975541579314,0.518393159906498,0.2790475881737414,0.5255169165080299,54
clean54,endpoint_log_sd,baseline,1,4,5,all_common,cook_chem,flow,2862,699,0.24423480083857443,0.5144572822809416,0.2554527692061571,0.523356655968617,54
clean54,endpoint_log_sd,baseline,1,4,5,all_common,cook_gap,flow,2862,169,0.05904961565338924,0.5048020618873827,0.05967584832355899,0.49834946146183345,45
clean54,endpoint_log_sd,baseline,1,4,5,strong_fixed_support,randi_wild_type,flow,824,133,0.16140776699029127,0.5297433163226445,0.17648413486839426,0.5256501239279766,24
clean54,endpoint_log_sd,baseline,1,4,5,strong_fixed_support,cook_struct,flow,1749,439,0.2510005717552887,0.5075362117233824,0.25088754702360194,0.5211921345111253,33
clean54,endpoint_log_sd,baseline,1,4,5,strong_fixed_support,cook_chem,flow,1749,405,0.23156089193825044,0.5053865373309818,0.230738742701333,0.5210015600961583,33
clean54,endpoint_log_sd,baseline,1,4,5,strong_fixed_support,cook_gap,flow,1749,98,0.05603201829616924,0.47671788279212346,0.05138188738287841,0.45719306233224344,28
clean54,endpoint_log_sd,baseline,1,8,9,all_common,randi_wild_type,flow,1349,257,0.1905114899925871,0.5338150824532147,0.21847656414129574,0.5225850198317475,40
clean54,endpoint_log_sd,baseline,1,8,9,all_common,cook_struct,flow,2862,758,0.26484975541579314,0.5161691011968659,0.2786086372624452,0.5180278688207329,54
clean54,endpoint_log_sd,baseline,1,8,9,all_common,cook_chem,flow,2862,699,0.24423480083857443,0.5128778513919562,0.25376606615122344,0.5185056737783307,54
clean54,endpoint_log_sd,baseline,1,8,9,all_common,cook_gap,flow,2862,169,0.05904961565338924,0.5019786120931541,0.060338066199868534,0.5033834946863884,45
clean54,endpoint_log_sd,baseline,1,8,9,strong_fixed_support,randi_wild_type,flow,824,133,0.16140776699029127,0.5162181865662709,0.179758099576302,0.5284305386375876,24
clean54,endpoint_log_sd,baseline,1,8,9,strong_fixed_support,cook_struct,flow,1749,439,0.2510005717552887,0.5182597506477247,0.2601950182258512,0.5173332317197179,33
clean54,endpoint_log_sd,baseline,1,8,9,strong_fixed_support,cook_chem,flow,1749,405,0.23156089193825044,0.5172178130511464,0.23767311673275954,0.520038002566934,33
clean54,endpoint_log_sd,baseline,1,8,9,strong_fixed_support,cook_gap,flow,1749,98,0.05603201829616924,0.4984239607411711,0.05956195961432262,0.4932257304032167,28
clean54,endpoint_log_sd,baseline,1,16,17,all_common,randi_wild_type,flow,1349,257,0.1905114899925871,0.5248499878850074,0.21296924111246662,0.5151558252902294,40
clean54,endpoint_log_sd,baseline,1,16,17,all_common,cook_struct,flow,2862,758,0.26484975541579314,0.5036844006139832,0.2700501878827021,0.49381520896719033,54
clean54,endpoint_log_sd,baseline,1,16,17,all_common,cook_chem,flow,2862,699,0.24423480083857443,0.5003865901819984,0.24502778271951078,0.4929345057648064,54
clean54,endpoint_log_sd,baseline,1,16,17,all_common,cook_gap,flow,2862,169,0.05904961565338924,0.49449262497335855,0.060075420969901955,0.47077626385356697,45
clean54,endpoint_log_sd,baseline,1,16,17,strong_fixed_support,randi_wild_type,flow,824,133,0.16140776699029127,0.5233452662045852,0.17804964174065904,0.5473262119734755,24
clean54,endpoint_log_sd,baseline,1,16,17,strong_fixed_support,cook_struct,flow,1749,439,0.2510005717552887,0.49383748630649116,0.2490868992436417,0.48307328567037355,33
clean54,endpoint_log_sd,baseline,1,16,17,strong_fixed_support,cook_chem,flow,1749,405,0.23156089193825044,0.4919881687242798,0.22629015181933643,0.4837060514433395,33
clean54,endpoint_log_sd,baseline,1,16,17,strong_fixed_support,cook_gap,flow,1749,98,0.05603201829616924,0.4885289064141708,0.06109675040798686,0.4692549154303326,28
clean54,endpoint_log_sd,baseline,1,32,33,all_common,randi_wild_type,flow,1349,257,0.1905114899925871,0.5338222089194852,0.23496908191099328,0.5150036332441053,40
clean54,endpoint_log_sd,baseline,1,32,33,all_common,cook_struct,flow,2862,758,0.26484975541579314,0.5087520190214393,0.2758038932775436,0.4956659889984919,54
clean54,endpoint_log_sd,baseline,1,32,33,all_common,cook_chem,flow,2862,699,0.24423480083857443,0.5090701530553191,0.25290565202198334,0.49930728907627114,54
clean54,endpoint_log_sd,baseline,1,32,33,all_common,cook_gap,flow,2862,169,0.05904961565338924,0.4892390308426185,0.06046325788266085,0.42859524944949473,45
clean54,endpoint_log_sd,baseline,1,32,33,strong_fixed_support,randi_wild_type,flow,824,133,0.16140776699029127,0.5249665408093316,0.17610642539711632,0.5308787452899061,24
clean54,endpoint_log_sd,baseline,1,32,33,strong_fixed_support,cook_struct,flow,1749,439,0.2510005717552887,0.5132500999843502,0.2576913710277068,0.4952370669497205,33
clean54,endpoint_log_sd,baseline,1,32,33,strong_fixed_support,cook_chem,flow,1749,405,0.23156089193825044,0.5139403292181071,0.23648931201644227,0.4982478345463776,33
clean54,endpoint_log_sd,baseline,1,32,33,strong_fixed_support,cook_gap,flow,1749,98,0.05603201829616924,0.4888564753581627,0.055565343702103046,0.4341707206417887,28
clean54,endpoint_log_sd,baseline,4,1,5,all_common,randi_wild_type,flow,1349,257,0.1905114899925871,0.5142600590071407,0.21113279313041333,0.5174725619985787,40
clean54,endpoint_log_sd,baseline,4,1,5,all_common,cook_struct,flow,2862,758,0.26484975541579314,0.5187486832468875,0.27726198113592115,0.5167651919277089,54
clean54,endpoint_log_sd,baseline,4,1,5,all_common,cook_chem,flow,2862,699,0.24423480083857443,0.509744784339559,0.25258363919727955,0.5106174877857411,54
clean54,endpoint_log_sd,baseline,4,1,5,all_common,cook_gap,flow,2862,169,0.05904961565338924,0.5549144505698534,0.06622771387255452,0.5434350463336731,45
clean54,endpoint_log_sd,baseline,4,1,5,strong_fixed_support,randi_wild_type,flow,824,133,0.16140776699029127,0.48743784207262003,0.16165155559207833,0.517821341600308,24
clean54,endpoint_log_sd,baseline,4,1,5,strong_fixed_support,cook_struct,flow,1749,439,0.2510005717552887,0.4988314872454746,0.24863549370465765,0.5126910379474712,33
clean54,endpoint_log_sd,baseline,4,1,5,strong_fixed_support,cook_chem,flow,1749,405,0.23156089193825044,0.4883230452674897,0.22400231544257415,0.5057088966339208,33
clean54,endpoint_log_sd,baseline,4,1,5,strong_fixed_support,cook_gap,flow,1749,98,0.05603201829616924,0.5605693519079346,0.06782028888870861,0.5531292119996706,28
clean54,endpoint_log_sd,baseline,4,2,6,all_common,randi_wild_type,flow,1349,257,0.1905114899925871,0.5093463605136757,0.2096537835544483,0.495822533367435,40
clean54,endpoint_log_sd,baseline,4,2,6,all_common,cook_struct,flow,2862,758,0.26484975541579314,0.512082777370908,0.27289278917306936,0.5084833339232419,54
clean54,endpoint_log_sd,baseline,4,2,6,all_common,cook_chem,flow,2862,699,0.24423480083857443,0.507425904650789,0.25053497446459044,0.5044689051120397,54
clean54,endpoint_log_sd,baseline,4,2,6,all_common,cook_gap,flow,2862,169,0.05904961565338924,0.5501398541473951,0.0668434119254142,0.5362825979703641,45
clean54,endpoint_log_sd,baseline,4,2,6,strong_fixed_support,randi_wild_type,flow,824,133,0.16140776699029127,0.4780366255726146,0.15190479008820157,0.4839648008178237,24
clean54,endpoint_log_sd,baseline,4,2,6,strong_fixed_support,cook_struct,flow,1749,439,0.2510005717552887,0.4914430784746735,0.24111029354033053,0.49850230593758393,33
clean54,endpoint_log_sd,baseline,4,2,6,strong_fixed_support,cook_chem,flow,1749,405,0.23156089193825044,0.484946355085244,0.21944650482472233,0.49279477613815986,33
clean54,endpoint_log_sd,baseline,4,2,6,strong_fixed_support,cook_gap,flow,1749,98,0.05603201829616924,0.5471266641120409,0.06590017563341906,0.5117176343704825,28
clean54,endpoint_log_sd,baseline,4,4,8,all_common,randi_wild_type,flow,1349,257,0.1905114899925871,0.5290474765182936,0.22064410174293128,0.5159972068511431,40
clean54,endpoint_log_sd,baseline,4,4,8,all_common,cook_struct,flow,2862,758,0.26484975541579314,0.5039584106664527,0.26858304716583903,0.5007797321984812,54
clean54,endpoint_log_sd,baseline,4,4,8,all_common,cook_chem,flow,2862,699,0.24423480083857443,0.49748567565976626,0.24551455037850284,0.4971118463539155,54
clean54,endpoint_log_sd,baseline,4,4,8,all_common,cook_gap,flow,2862,169,0.05904961565338924,0.521290129790801,0.0639824796971874,0.49582256318327184,45
clean54,endpoint_log_sd,baseline,4,4,8,strong_fixed_support,randi_wild_type,flow,824,133,0.16140776699029127,0.48021283309576396,0.15299835724348554,0.508130375524736,24
clean54,endpoint_log_sd,baseline,4,4,8,strong_fixed_support,cook_struct,flow,1749,439,0.2510005717552887,0.48468413639604235,0.23700193260828653,0.49000908795286,33
clean54,endpoint_log_sd,baseline,4,4,8,strong_fixed_support,cook_chem,flow,1749,405,0.23156089193825044,0.47606554967666076,0.21494093529676206,0.4853699367422534,33
clean54,endpoint_log_sd,baseline,4,4,8,strong_fixed_support,cook_gap,flow,1749,98,0.05603201829616924,0.5179606670045365,0.05906065666390141,0.47468705600442224,28
clean54,endpoint_log_sd,baseline,4,8,12,all_common,randi_wild_type,flow,1349,257,0.1905114899925871,0.5139750003563234,0.21687049611924633,0.4841414723136455,40
clean54,endpoint_log_sd,baseline,4,8,12,all_common,cook_struct,flow,2862,758,0.26484975541579314,0.5043945067568245,0.26504662576731086,0.49919068141525647,54
clean54,endpoint_log_sd,baseline,4,8,12,all_common,cook_chem,flow,2862,699,0.24423480083857443,0.5022044569317372,0.2446693829608668,0.49918599423008414,54
clean54,endpoint_log_sd,baseline,4,8,12,all_common,cook_gap,flow,2862,169,0.05904961565338924,0.5134734584733156,0.061070916097406544,0.4762923150631752,45
clean54,endpoint_log_sd,baseline,4,8,12,strong_fixed_support,randi_wild_type,flow,824,133,0.16140776699029127,0.4725199395014309,0.15389492790189263,0.47448682039636036,24
clean54,endpoint_log_sd,baseline,4,8,12,strong_fixed_support,cook_struct,flow,1749,439,0.2510005717552887,0.4838120989758125,0.23419649093802983,0.48650255418374067,33
clean54,endpoint_log_sd,baseline,4,8,12,strong_fixed_support,cook_chem,flow,1749,405,0.23156089193825044,0.4804444077013521,0.21468666446261503,0.4844937160277771,33
clean54,endpoint_log_sd,baseline,4,8,12,strong_fixed_support,cook_gap,flow,1749,98,0.05603201829616924,0.486010333873101,0.05250027841455092,0.45183291498020123,28
clean54,endpoint_log_sd,baseline,4,16,20,all_common,randi_wild_type,flow,1349,257,0.1905114899925871,0.5025762175567623,0.21313554821230773,0.4690112586612953,40
clean54,endpoint_log_sd,baseline,4,16,20,all_common,cook_struct,flow,2862,758,0.26484975541579314,0.49486340881045776,0.2701456377993934,0.49362340204319527,54
clean54,endpoint_log_sd,baseline,4,16,20,all_common,cook_chem,flow,2862,699,0.24423480083857443,0.4925476392204172,0.2498391477769793,0.49330610422890636,54
clean54,endpoint_log_sd,baseline,4,16,20,all_common,cook_gap,flow,2862,169,0.05904961565338924,0.48630132471430426,0.05809761644087409,0.46699894463509906,45
clean54,endpoint_log_sd,baseline,4,16,20,strong_fixed_support,randi_wild_type,flow,824,133,0.16140776699029127,0.4651317149603386,0.15296544055966538,0.4364911485457011,24
clean54,endpoint_log_sd,baseline,4,16,20,strong_fixed_support,cook_struct,flow,1749,439,0.2510005717552887,0.4687318506668521,0.23657784358406947,0.4759460114976167,33
clean54,endpoint_log_sd,baseline,4,16,20,strong_fixed_support,cook_chem,flow,1749,405,0.23156089193825044,0.46115152851263963,0.2161241474519287,0.47058396355996046,33
clean54,endpoint_log_sd,baseline,4,16,20,strong_fixed_support,cook_gap,flow,1749,98,0.05603201829616924,0.4609822123882865,0.05028531852133864,0.44307888499997083,28
clean54,endpoint_log_sd,baseline,4,32,36,all_common,randi_wild_type,flow,1349,257,0.1905114899925871,0.5123537292797993,0.22023950340295032,0.4746840325933134,40
clean54,endpoint_log_sd,baseline,4,32,36,all_common,cook_struct,flow,2862,758,0.26484975541579314,0.5117159675752682,0.2791822849773984,0.5145668696502712,54
clean54,endpoint_log_sd,baseline,4,32,36,all_common,cook_chem,flow,2862,699,0.24423480083857443,0.5167556584698966,0.2604812189679111,0.5222295878884091,54
clean54,endpoint_log_sd,baseline,4,32,36,all_common,cook_gap,flow,2862,169,0.05904961565338924,0.464603607424025,0.05822245884197782,0.4825132153984607,45
clean54,endpoint_log_sd,baseline,4,32,36,strong_fixed_support,randi_wild_type,flow,824,133,0.16140776699029127,0.46336898686658756,0.15235215791682902,0.42713839871471954,24
clean54,endpoint_log_sd,baseline,4,32,36,strong_fixed_support,cook_struct,flow,1749,439,0.2510005717552887,0.4777060981759377,0.23319173694940837,0.48540778782543703,33
clean54,endpoint_log_sd,baseline,4,32,36,strong_fixed_support,cook_chem,flow,1749,405,0.23156089193825044,0.4808348030570253,0.2159574905557385,0.4936084949523594,33
clean54,endpoint_log_sd,baseline,4,32,36,strong_fixed_support,cook_gap,flow,1749,98,0.05603201829616924,0.4272673333415741,0.04623581168030267,0.46285754717489425,28
clean54,endpoint_log_sd,baseline,8,1,9,all_common,randi_wild_type,flow,1349,257,0.1905114899925871,0.5081989994441356,0.21418924700765163,0.45377258864554354,40
clean54,endpoint_log_sd,baseline,8,1,9,all_common,cook_struct,flow,2862,758,0.26484975541579314,0.4835869859646659,0.2560650482010112,0.4818685791262384,54
clean54,endpoint_log_sd,baseline,8,1,9,all_common,cook_chem,flow,2862,699,0.24423480083857443,0.47258119881979205,0.22754230677160836,0.4739444919233185,54
clean54,endpoint_log_sd,baseline,8,1,9,all_common,cook_gap,flow,2862,169,0.05904961565338924,0.5269809741231376,0.0730631425243649,0.5140468782359419,45
clean54,endpoint_log_sd,baseline,8,1,9,strong_fixed_support,randi_wild_type,flow,824,133,0.16140776699029127,0.46471823553094016,0.16019658911737938,0.419083064030677,24
clean54,endpoint_log_sd,baseline,8,1,9,strong_fixed_support,cook_struct,flow,1749,439,0.2510005717552887,0.4543688813924777,0.21897318561782914,0.4676306644920711,33
clean54,endpoint_log_sd,baseline,8,1,9,strong_fixed_support,cook_chem,flow,1749,405,0.23156089193825044,0.44604460611405056,0.19775425646677297,0.46183297592739164,33
clean54,endpoint_log_sd,baseline,8,1,9,strong_fixed_support,cook_gap,flow,1749,98,0.05603201829616924,0.48166850022868024,0.05382237264599554,0.4576918891039507,28
clean54,endpoint_log_sd,baseline,8,2,10,all_common,randi_wild_type,flow,1349,257,0.1905114899925871,0.5104117672211058,0.2118498879521496,0.46879085052327757,40
clean54,endpoint_log_sd,baseline,8,2,10,all_common,cook_struct,flow,2862,758,0.26484975541579314,0.48017722242844396,0.2538053440220536,0.4811840652654449,54
clean54,endpoint_log_sd,baseline,8,2,10,all_common,cook_chem,flow,2862,699,0.24423480083857443,0.46890048990136496,0.225575489933479,0.47338468946240536,54
clean54,endpoint_log_sd,baseline,8,2,10,all_common,cook_gap,flow,2862,169,0.05904961565338924,0.5123297965138635,0.07057987359513244,0.4899831920529124,45
clean54,endpoint_log_sd,baseline,8,2,10,strong_fixed_support,randi_wild_type,flow,824,133,0.16140776699029127,0.4487557533486394,0.15326627652598648,0.4208878735865292,24
clean54,endpoint_log_sd,baseline,8,2,10,strong_fixed_support,cook_struct,flow,1749,439,0.2510005717552887,0.45296736163035345,0.21873309880783198,0.47243156455761265,33
clean54,endpoint_log_sd,baseline,8,2,10,strong_fixed_support,cook_chem,flow,1749,405,0.23156089193825044,0.44602072310405644,0.19799909862951542,0.4672849640796534,33
clean54,endpoint_log_sd,baseline,8,2,10,strong_fixed_support,cook_gap,flow,1749,98,0.05603201829616924,0.45849763285083867,0.05130240374095449,0.4503128015759354,28
clean54,endpoint_log_sd,baseline,8,4,12,all_common,randi_wild_type,flow,1349,257,0.1905114899925871,0.5207202006812902,0.2223571171429663,0.5016906564757644,40
clean54,endpoint_log_sd,baseline,8,4,12,all_common,cook_struct,flow,2862,758,0.26484975541579314,0.48413876822135493,0.26131603410297427,0.4827654679071078,54
clean54,endpoint_log_sd,baseline,8,4,12,all_common,cook_chem,flow,2862,699,0.24423480083857443,0.47086551886751893,0.23115976289089896,0.4716367537427591,54
clean54,endpoint_log_sd,baseline,8,4,12,all_common,cook_gap,flow,2862,169,0.05904961565338924,0.5203936570156684,0.06865785644335085,0.48417943899542765,45
clean54,endpoint_log_sd,baseline,8,4,12,strong_fixed_support,randi_wild_type,flow,824,133,0.16140776699029127,0.46525140637411183,0.15263150709391365,0.47159247363703566,24
clean54,endpoint_log_sd,baseline,8,4,12,strong_fixed_support,cook_struct,flow,1749,439,0.2510005717552887,0.4576588012311116,0.22244421210805265,0.4697600488610812,33
clean54,endpoint_log_sd,baseline,8,4,12,strong_fixed_support,cook_chem,flow,1749,405,0.23156089193825044,0.4490703997648442,0.2008084641433419,0.4613129799969626,33
clean54,endpoint_log_sd,baseline,8,4,12,strong_fixed_support,cook_gap,flow,1749,98,0.05603201829616924,0.47212573703012395,0.05241495285538805,0.4468879561116851,28
clean54,endpoint_log_sd,baseline,8,8,16,all_common,randi_wild_type,flow,1349,257,0.1905114899925871,0.5173386924359686,0.21610884607640074,0.48897076239474524,40
clean54,endpoint_log_sd,baseline,8,8,16,all_common,cook_struct,flow,2862,758,0.26484975541579314,0.48958887205674334,0.26363661150102247,0.4912490349461442,54
clean54,endpoint_log_sd,baseline,8,8,16,all_common,cook_chem,flow,2862,699,0.24423480083857443,0.480766725068571,0.23454258493690378,0.48598678641496845,54
clean54,endpoint_log_sd,baseline,8,8,16,all_common,cook_gap,flow,2862,169,0.05904961565338924,0.5172318326935711,0.06804174748448799,0.4903709102829756,45
clean54,endpoint_log_sd,baseline,8,8,16,strong_fixed_support,randi_wild_type,flow,824,133,0.16140776699029127,0.4733142552473804,0.15345363265515152,0.4545951479059398,24
clean54,endpoint_log_sd,baseline,8,8,16,strong_fixed_support,cook_struct,flow,1749,439,0.2510005717552887,0.45809873237232435,0.2252864809788253,0.4639137120132128,33
clean54,endpoint_log_sd,baseline,8,8,16,strong_fixed_support,cook_chem,flow,1749,405,0.23156089193825044,0.4553112139917696,0.2052161977013072,0.4624367841285999,33
clean54,endpoint_log_sd,baseline,8,8,16,strong_fixed_support,cook_gap,flow,1749,98,0.05603201829616924,0.4641837352748489,0.052856023648773426,0.44876895395943706,28
clean54,endpoint_log_sd,baseline,8,16,24,all_common,randi_wild_type,flow,1349,257,0.1905114899925871,0.5210515813628654,0.22062548471168675,0.5044151765843548,40
clean54,endpoint_log_sd,baseline,8,16,24,all_common,cook_struct,flow,2862,758,0.26484975541579314,0.4901776488056422,0.26261087469721967,0.4980939629398235,54
clean54,endpoint_log_sd,baseline,8,16,24,all_common,cook_chem,flow,2862,699,0.24423480083857443,0.47999817452711324,0.23510033706914477,0.4893471644968422,54
clean54,endpoint_log_sd,baseline,8,16,24,all_common,cook_gap,flow,2862,169,0.05904961565338924,0.5232193040470912,0.06396613407566892,0.5107577869253431,45
clean54,endpoint_log_sd,baseline,8,16,24,strong_fixed_support,randi_wild_type,flow,824,133,0.16140776699029127,0.4636192507317498,0.14725412626635762,0.4562707829136021,24
clean54,endpoint_log_sd,baseline,8,16,24,strong_fixed_support,cook_struct,flow,1749,439,0.2510005717552887,0.47221130605644335,0.23178437709376126,0.4884224069663581,33
clean54,endpoint_log_sd,baseline,8,16,24,strong_fixed_support,cook_chem,flow,1749,405,0.23156089193825044,0.4626065549676661,0.2084766399517618,0.48013157195130346,33
clean54,endpoint_log_sd,baseline,8,16,24,strong_fixed_support,cook_gap,flow,1749,98,0.05603201829616924,0.5095983881135737,0.056817154003480516,0.4966992322114158,28
clean54,endpoint_log_sd,baseline,8,32,40,all_common,randi_wild_type,flow,1349,257,0.1905114899925871,0.5341927851655478,0.2263149643133879,0.527451654438201,40
clean54,endpoint_log_sd,baseline,8,32,40,all_common,cook_struct,flow,2862,758,0.26484975541579314,0.47983173149272146,0.25916101551113424,0.487174766651329,54
clean54,endpoint_log_sd,baseline,8,32,40,all_common,cook_chem,flow,2862,699,0.24423480083857443,0.4743888138196234,0.2354853024100581,0.48368098143259286,54
clean54,endpoint_log_sd,baseline,8,32,40,all_common,cook_gap,flow,2862,169,0.05904961565338924,0.5009019658681175,0.06181258394177983,0.4949056176313264,45
clean54,endpoint_log_sd,baseline,8,32,40,strong_fixed_support,randi_wild_type,flow,824,133,0.16140776699029127,0.4723458428995789,0.16604428541331245,0.5019943300549535,24
clean54,endpoint_log_sd,baseline,8,32,40,strong_fixed_support,cook_struct,flow,1749,439,0.2510005717552887,0.44220382896590105,0.2279006011834948,0.4581785787561304,33
clean54,endpoint_log_sd,baseline,8,32,40,strong_fixed_support,cook_chem,flow,1749,405,0.23156089193825044,0.4340663580246914,0.2072372403527365,0.45411814326431676,33
clean54,endpoint_log_sd,baseline,8,32,40,strong_fixed_support,cook_gap,flow,1749,98,0.05603201829616924,0.48068579339670453,0.05382509550690294,0.4712080001690477,28
clean54,endpoint_log_sd,baseline,16,1,17,all_common,randi_wild_type,flow,1349,257,0.1905114899925871,0.527055629195707,0.22726243920869155,0.5110742287936932,40
clean54,endpoint_log_sd,baseline,16,1,17,all_common,cook_struct,flow,2862,758,0.26484975541579314,0.4878752119345485,0.2622794448524535,0.47377757786748087,54
clean54,endpoint_log_sd,baseline,16,1,17,all_common,cook_chem,flow,2862,699,0.24423480083857443,0.48831928843596,0.23958821944098668,0.47843104743131626,54
clean54,endpoint_log_sd,baseline,16,1,17,all_common,cook_gap,flow,2862,169,0.05904961565338924,0.5256824069415118,0.07232129815115271,0.46569702544184827,45
clean54,endpoint_log_sd,baseline,16,1,17,strong_fixed_support,randi_wild_type,flow,824,133,0.16140776699029127,0.515184487992775,0.16724468988179902,0.5222999811317905,24
clean54,endpoint_log_sd,baseline,16,1,17,strong_fixed_support,cook_struct,flow,1749,439,0.2510005717552887,0.4763567441617833,0.24040726101138338,0.46283377745873244,33
clean54,endpoint_log_sd,baseline,16,1,17,strong_fixed_support,cook_chem,flow,1749,405,0.23156089193825044,0.48405166078777195,0.22555805051128253,0.4712846521991812,33
clean54,endpoint_log_sd,baseline,16,1,17,strong_fixed_support,cook_gap,flow,1749,98,0.05603201829616924,0.4667733840962188,0.05418846040859174,0.4371882973719753,28
clean54,endpoint_log_sd,baseline,16,2,18,all_common,randi_wild_type,flow,1349,257,0.1905114899925871,0.5254379213523183,0.22507371811220006,0.49783437534307884,40
clean54,endpoint_log_sd,baseline,16,2,18,all_common,cook_struct,flow,2862,758,0.26484975541579314,0.49121286756222604,0.26330299157959375,0.4779599881747328,54
clean54,endpoint_log_sd,baseline,16,2,18,all_common,cook_chem,flow,2862,699,0.24423480083857443,0.49009052625869987,0.23979110351414162,0.47855776673907585,54
clean54,endpoint_log_sd,baseline,16,2,18,all_common,cook_gap,flow,2862,169,0.05904961565338924,0.5298395797124695,0.07561575131316747,0.4924889498262109,45
clean54,endpoint_log_sd,baseline,16,2,18,strong_fixed_support,randi_wild_type,flow,824,133,0.16140776699029127,0.5163922831681229,0.1681750598920882,0.5156465096468142,24
clean54,endpoint_log_sd,baseline,16,2,18,strong_fixed_support,cook_struct,flow,1749,439,0.2510005717552887,0.4816933001791024,0.23874623610779666,0.4700964711317389,33
clean54,endpoint_log_sd,baseline,16,2,18,strong_fixed_support,cook_chem,flow,1749,405,0.23156089193825044,0.4855471046443269,0.22279793920588958,0.4734629813342862,33
clean54,endpoint_log_sd,baseline,16,2,18,strong_fixed_support,cook_gap,flow,1749,98,0.05603201829616924,0.48162523640588883,0.05464099937498255,0.4871575204488301,28
clean54,endpoint_log_sd,baseline,16,4,20,all_common,randi_wild_type,flow,1349,257,0.1905114899925871,0.5022519633414575,0.22017412693685462,0.4912893501566099,40
clean54,endpoint_log_sd,baseline,16,4,20,all_common,cook_struct,flow,2862,758,0.26484975541579314,0.5004997391574787,0.2666883275812319,0.48282702018684465,54
clean54,endpoint_log_sd,baseline,16,4,20,all_common,cook_chem,flow,2862,699,0.24423480083857443,0.49691686889070114,0.2415854405116037,0.48176891159651614,54
clean54,endpoint_log_sd,baseline,16,4,20,all_common,cook_gap,flow,2862,169,0.05904961565338924,0.5468857458631518,0.0767138037935913,0.49547270277363403,45
clean54,endpoint_log_sd,baseline,16,4,20,strong_fixed_support,randi_wild_type,flow,824,133,0.16140776699029127,0.4857730433174108,0.15704332172403687,0.5013006070818661,24
clean54,endpoint_log_sd,baseline,16,4,20,strong_fixed_support,cook_struct,flow,1749,439,0.2510005717552887,0.48897563859569804,0.24070322262456506,0.4797901519702787,33
clean54,endpoint_log_sd,baseline,16,4,20,strong_fixed_support,cook_chem,flow,1749,405,0.23156089193825044,0.4903328924162258,0.2245326967776134,0.480993143100199,33
clean54,endpoint_log_sd,baseline,16,4,20,strong_fixed_support,cook_gap,flow,1749,98,0.05603201829616924,0.5029295788575878,0.055715716965310844,0.4924270255471045,28
clean54,endpoint_log_sd,baseline,16,8,24,all_common,randi_wild_type,flow,1349,257,0.1905114899925871,0.5352118698422201,0.22380995266447717,0.5397427821721805,40
clean54,endpoint_log_sd,baseline,16,8,24,all_common,cook_struct,flow,2862,758,0.26484975541579314,0.5168732505994361,0.2726269086477005,0.49174589246327716,54
clean54,endpoint_log_sd,baseline,16,8,24,all_common,cook_chem,flow,2862,699,0.24423480083857443,0.5145604611832372,0.24781156312909441,0.4924528669545141,54
clean54,endpoint_log_sd,baseline,16,8,24,all_common,cook_gap,flow,2862,169,0.05904961565338924,0.5432844741022638,0.07404910867102935,0.5039816531624712,45
clean54,endpoint_log_sd,baseline,16,8,24,strong_fixed_support,randi_wild_type,flow,824,133,0.16140776699029127,0.5356517197479951,0.16751955619607672,0.5437957207061078,24
clean54,endpoint_log_sd,baseline,16,8,24,strong_fixed_support,cook_struct,flow,1749,439,0.2510005717552887,0.510746144081796,0.25178234698450364,0.49625120217044094,33
clean54,endpoint_log_sd,baseline,16,8,24,strong_fixed_support,cook_chem,flow,1749,405,0.23156089193825044,0.5107822604350382,0.23436843713678665,0.49788173461001173,33
clean54,endpoint_log_sd,baseline,16,8,24,strong_fixed_support,cook_gap,flow,1749,98,0.05603201829616924,0.4897402934523295,0.0546603817578873,0.4778485479605368,28
clean54,endpoint_log_sd,baseline,16,16,32,all_common,randi_wild_type,flow,1349,257,0.1905114899925871,0.5414510910619861,0.22347800288033792,0.5337211080630893,40
clean54,endpoint_log_sd,baseline,16,16,32,all_common,cook_struct,flow,2862,758,0.26484975541579314,0.5153740331270003,0.27705369163279636,0.49610551860494956,54
clean54,endpoint_log_sd,baseline,16,16,32,all_common,cook_chem,flow,2862,699,0.24423480083857443,0.5120193500125997,0.25299719904554485,0.4978661958283588,54
clean54,endpoint_log_sd,baseline,16,16,32,all_common,cook_gap,flow,2862,169,0.05904961565338924,0.536270892979168,0.06947071927417897,0.4836200146184858,45
clean54,endpoint_log_sd,baseline,16,16,32,strong_fixed_support,randi_wild_type,flow,824,133,0.16140776699029127,0.5363481061554031,0.17062875895876184,0.5357684431954982,24
clean54,endpoint_log_sd,baseline,16,16,32,strong_fixed_support,cook_struct,flow,1749,439,0.2510005717552887,0.518278878088647,0.2589007232426639,0.5064194774704422,33
clean54,endpoint_log_sd,baseline,16,16,32,strong_fixed_support,cook_chem,flow,1749,405,0.23156089193825044,0.5143996178718401,0.2393688945537787,0.5078017329321208,33
clean54,endpoint_log_sd,baseline,16,16,32,strong_fixed_support,cook_gap,flow,1749,98,0.05603201829616924,0.5098641515964351,0.05560549038287474,0.47723048601786894,28
clean54,endpoint_log_sd,baseline,16,32,48,all_common,randi_wild_type,flow,1349,257,0.1905114899925871,0.5170037485212582,0.22277192824667952,0.4538715464356603,40
clean54,endpoint_log_sd,baseline,16,32,48,all_common,cook_struct,flow,2862,758,0.26484975541579314,0.5250502874283937,0.2806863856917913,0.5126000509534654,54
clean54,endpoint_log_sd,baseline,16,32,48,all_common,cook_chem,flow,2862,699,0.24423480083857443,0.5254703072945499,0.2579707078493791,0.5138714268286029,54
clean54,endpoint_log_sd,baseline,16,32,48,all_common,cook_gap,flow,2862,169,0.05904961565338924,0.5379078346886625,0.06817810336673114,0.5075452893806638,45
clean54,endpoint_log_sd,baseline,16,32,48,strong_fixed_support,randi_wild_type,flow,824,133,0.16140776699029127,0.489287618467297,0.16273476074425297,0.4185442183084525,24
clean54,endpoint_log_sd,baseline,16,32,48,strong_fixed_support,cook_struct,flow,1749,439,0.2510005717552887,0.5287276774070145,0.280204172193006,0.5218736843848237,33
clean54,endpoint_log_sd,baseline,16,32,48,strong_fixed_support,cook_chem,flow,1749,405,0.23156089193825044,0.5257256760728983,0.2557443179614692,0.5202035282278897,33
clean54,endpoint_log_sd,baseline,16,32,48,strong_fixed_support,cook_gap,flow,1749,98,0.05603201829616924,0.5409708401834386,0.07493820071398931,0.5101630337454964,28
clean54,endpoint_log_sd,onset_minus_baseline,1,1,2,all_common,randi_wild_type,flow,1349,257,0.1905114899925871,0.5347771553997235,0.20885615547467778,0.5092650623656796,40
clean54,endpoint_log_sd,onset_minus_baseline,1,1,2,all_common,cook_struct,flow,2862,758,0.26484975541579314,0.5053309690299668,0.2760011441038259,0.48266272073156824,54
clean54,endpoint_log_sd,onset_minus_baseline,1,1,2,all_common,cook_chem,flow,2862,699,0.24423480083857443,0.5026168418393094,0.2545449040305613,0.4804440295481599,54
clean54,endpoint_log_sd,onset_minus_baseline,1,1,2,all_common,cook_gap,flow,2862,169,0.05904961565338924,0.5224282986572684,0.06521777400474335,0.497733065182665,45
clean54,endpoint_log_sd,onset_minus_baseline,1,1,2,strong_fixed_support,randi_wild_type,flow,824,133,0.16140776699029127,0.5261199307966008,0.1753720022493996,0.512818583125837,24
clean54,endpoint_log_sd,onset_minus_baseline,1,1,2,strong_fixed_support,cook_struct,flow,1749,439,0.2510005717552887,0.4828565963588308,0.24604338784046564,0.4636805429651973,33
clean54,endpoint_log_sd,onset_minus_baseline,1,1,2,strong_fixed_support,cook_chem,flow,1749,405,0.23156089193825044,0.48366769547325106,0.22903935526254293,0.4647627265822853,33
clean54,endpoint_log_sd,onset_minus_baseline,1,1,2,strong_fixed_support,cook_gap,flow,1749,98,0.05603201829616924,0.48546953608820875,0.05658916248743004,0.42734521907652506,28
clean54,endpoint_log_sd,onset_minus_baseline,1,2,3,all_common,randi_wild_type,flow,1349,257,0.1905114899925871,0.5544070067416371,0.22354513615034952,0.5083510769074756,40
clean54,endpoint_log_sd,onset_minus_baseline,1,2,3,all_common,cook_struct,flow,2862,758,0.26484975541579314,0.5201494577485277,0.2796989887022828,0.49888772831591166,54
clean54,endpoint_log_sd,onset_minus_baseline,1,2,3,all_common,cook_chem,flow,2862,699,0.24423480083857443,0.5178390369439996,0.25669339384008033,0.49742926045503516,54
clean54,endpoint_log_sd,onset_minus_baseline,1,2,3,all_common,cook_gap,flow,2862,169,0.05904961565338924,0.540008393446081,0.06798854732954834,0.5176376565899808,45
clean54,endpoint_log_sd,onset_minus_baseline,1,2,3,strong_fixed_support,randi_wild_type,flow,824,133,0.16140776699029127,0.5334211070367669,0.18007557347777248,0.4809579873191078,24
clean54,endpoint_log_sd,onset_minus_baseline,1,2,3,strong_fixed_support,cook_struct,flow,1749,439,0.2510005717552887,0.49535550957241475,0.25241243091595794,0.4716820099539697,33
clean54,endpoint_log_sd,onset_minus_baseline,1,2,3,strong_fixed_support,cook_chem,flow,1749,405,0.23156089193825044,0.4968456055261611,0.23575137496430282,0.4741966757049597,33
clean54,endpoint_log_sd,onset_minus_baseline,1,2,3,strong_fixed_support,cook_gap,flow,1749,98,0.05603201829616924,0.5189742765670775,0.05905390984686192,0.4593860303411385,28
clean54,endpoint_log_sd,onset_minus_baseline,1,4,5,all_common,randi_wild_type,flow,1349,257,0.1905114899925871,0.5492438819287069,0.22926489939102201,0.5296579238541723,40
clean54,endpoint_log_sd,onset_minus_baseline,1,4,5,all_common,cook_struct,flow,2862,758,0.26484975541579314,0.5260278198581418,0.2835782329819805,0.5108991591803841,54
clean54,endpoint_log_sd,onset_minus_baseline,1,4,5,all_common,cook_chem,flow,2862,699,0.24423480083857443,0.5234569958933474,0.2590148560525206,0.5081986715949812,54
clean54,endpoint_log_sd,onset_minus_baseline,1,4,5,all_common,cook_gap,flow,2862,169,0.05904961565338924,0.5219910484556718,0.066581490439265,0.48596930899079005,45
clean54,endpoint_log_sd,onset_minus_baseline,1,4,5,strong_fixed_support,randi_wild_type,flow,824,133,0.16140776699029127,0.5241831061009978,0.17515832637252232,0.49424518402519907,24
clean54,endpoint_log_sd,onset_minus_baseline,1,4,5,strong_fixed_support,cook_struct,flow,1749,439,0.2510005717552887,0.5071397520388112,0.2519162908871322,0.491941499945634,33
clean54,endpoint_log_sd,onset_minus_baseline,1,4,5,strong_fixed_support,cook_chem,flow,1749,405,0.23156089193825044,0.5042254556143445,0.23223456377110877,0.4882024785398587,33
clean54,endpoint_log_sd,onset_minus_baseline,1,4,5,strong_fixed_support,cook_gap,flow,1749,98,0.05603201829616924,0.5092522775312427,0.060078757480598745,0.42796245756595785,28
clean54,endpoint_log_sd,onset_minus_baseline,1,8,9,all_common,randi_wild_type,flow,1349,257,0.1905114899925871,0.5330953093599008,0.23311963828277749,0.506884171440956,40
clean54,endpoint_log_sd,onset_minus_baseline,1,8,9,all_common,cook_struct,flow,2862,758,0.26484975541579314,0.5113892873982966,0.27131121297257343,0.5021922485609948,54
clean54,endpoint_log_sd,onset_minus_baseline,1,8,9,all_common,cook_chem,flow,2862,699,0.24423480083857443,0.5022014806172479,0.24526687594336152,0.49038469241245913,54
clean54,endpoint_log_sd,onset_minus_baseline,1,8,9,all_common,cook_gap,flow,2862,169,0.05904961565338924,0.5285607876655893,0.07001055495199358,0.5075133544894146,45
clean54,endpoint_log_sd,onset_minus_baseline,1,8,9,strong_fixed_support,randi_wild_type,flow,824,133,0.16140776699029127,0.5163705210928914,0.18702697436064847,0.46612052689557365,24
clean54,endpoint_log_sd,onset_minus_baseline,1,8,9,strong_fixed_support,cook_struct,flow,1749,439,0.2510005717552887,0.4933297396929176,0.24973322774126216,0.47872008208866734,33
clean54,endpoint_log_sd,onset_minus_baseline,1,8,9,strong_fixed_support,cook_chem,flow,1749,405,0.23156089193825044,0.48893481775426223,0.2270466849017117,0.4706117037955995,33
clean54,endpoint_log_sd,onset_minus_baseline,1,8,9,strong_fixed_support,cook_gap,flow,1749,98,0.05603201829616924,0.5031582590637709,0.07208119936400599,0.45325629527058375,28
clean54,endpoint_log_sd,onset_minus_baseline,1,16,17,all_common,randi_wild_type,flow,1349,257,0.1905114899925871,0.5046428927751885,0.20101141147850674,0.47664471323069596,40
clean54,endpoint_log_sd,onset_minus_baseline,1,16,17,all_common,cook_struct,flow,2862,758,0.26484975541579314,0.498376631519809,0.2743548399753828,0.483044544418713,54
clean54,endpoint_log_sd,onset_minus_baseline,1,16,17,all_common,cook_chem,flow,2862,699,0.24423480083857443,0.4905468944803917,0.24425592031124438,0.4747346341848851,54
clean54,endpoint_log_sd,onset_minus_baseline,1,16,17,all_common,cook_gap,flow,2862,169,0.05904961565338924,0.5353524478320959,0.07903950671063237,0.5147867801807506,45
clean54,endpoint_log_sd,onset_minus_baseline,1,16,17,strong_fixed_support,randi_wild_type,flow,824,133,0.16140776699029127,0.47730759605235956,0.15473037798844042,0.4354398590300616,24
clean54,endpoint_log_sd,onset_minus_baseline,1,16,17,strong_fixed_support,cook_struct,flow,1749,439,0.2510005717552887,0.4980837781912396,0.25461882984713946,0.4844780009564872,33
clean54,endpoint_log_sd,onset_minus_baseline,1,16,17,strong_fixed_support,cook_chem,flow,1749,405,0.23156089193825044,0.49161706349206347,0.2277971990487995,0.47804002014602487,33
clean54,endpoint_log_sd,onset_minus_baseline,1,16,17,strong_fixed_support,cook_gap,flow,1749,98,0.05603201829616924,0.5139865758538424,0.06489022169601219,0.4899716697291422,28
clean54,endpoint_log_sd,onset_minus_baseline,1,32,33,all_common,randi_wild_type,flow,1349,257,0.1905114899925871,0.46768503869671185,0.18953905920125086,0.4403104947523163,40
clean54,endpoint_log_sd,onset_minus_baseline,1,32,33,all_common,cook_struct,flow,2862,758,0.26484975541579314,0.5177523400583885,0.28972937998954695,0.5022395928049079,54
clean54,endpoint_log_sd,onset_minus_baseline,1,32,33,all_common,cook_chem,flow,2862,699,0.24423480083857443,0.5109597820544111,0.25363683136681797,0.4942936178251746,54
clean54,endpoint_log_sd,onset_minus_baseline,1,32,33,all_common,cook_gap,flow,2862,169,0.05904961565338924,0.5404236712757379,0.09248268584322315,0.49877083598184846,45
clean54,endpoint_log_sd,onset_minus_baseline,1,32,33,strong_fixed_support,randi_wild_type,flow,824,133,0.16140776699029127,0.4747831953255063,0.16484687914922047,0.44619159773178846,24
clean54,endpoint_log_sd,onset_minus_baseline,1,32,33,strong_fixed_support,cook_struct,flow,1749,439,0.2510005717552887,0.521099306195552,0.269683611607715,0.5015090654925297,33
clean54,endpoint_log_sd,onset_minus_baseline,1,32,33,strong_fixed_support,cook_chem,flow,1749,405,0.23156089193825044,0.5139531893004116,0.24019434451736577,0.49194030131403177,33
clean54,endpoint_log_sd,onset_minus_baseline,1,32,33,strong_fixed_support,cook_gap,flow,1749,98,0.05603201829616924,0.5341536978207394,0.0725266519410327,0.5134508445377192,28
clean54,endpoint_log_sd,onset_minus_baseline,4,1,5,all_common,randi_wild_type,flow,1349,257,0.1905114899925871,0.5499458388563447,0.23220389824035792,0.5668185593207745,40
clean54,endpoint_log_sd,onset_minus_baseline,4,1,5,all_common,cook_struct,flow,2862,758,0.26484975541579314,0.510722132487936,0.26741137567394885,0.4993309485079436,54
clean54,endpoint_log_sd,onset_minus_baseline,4,1,5,all_common,cook_chem,flow,2862,699,0.24423480083857443,0.5131080197124616,0.24941137017298654,0.5022180021815098,54
clean54,endpoint_log_sd,onset_minus_baseline,4,1,5,all_common,cook_gap,flow,2862,169,0.05904961565338924,0.5094997550080529,0.05984648675147318,0.5209805671968427,45
clean54,endpoint_log_sd,onset_minus_baseline,4,1,5,strong_fixed_support,randi_wild_type,flow,824,133,0.16140776699029127,0.5661947923353972,0.19903039973968614,0.5869675459174581,24
clean54,endpoint_log_sd,onset_minus_baseline,4,1,5,strong_fixed_support,cook_struct,flow,1749,439,0.2510005717552887,0.49652923890173717,0.24689007105501848,0.495183667967418,33
clean54,endpoint_log_sd,onset_minus_baseline,4,1,5,strong_fixed_support,cook_chem,flow,1749,405,0.23156089193825044,0.4948431069958848,0.22692567486632895,0.4953901330187604,33
clean54,endpoint_log_sd,onset_minus_baseline,4,1,5,strong_fixed_support,cook_gap,flow,1749,98,0.05603201829616924,0.5303588425073239,0.062428118598283566,0.5481493011946453,28
clean54,endpoint_log_sd,onset_minus_baseline,4,2,6,all_common,randi_wild_type,flow,1349,257,0.1905114899925871,0.5423383361126553,0.2331238420866974,0.5496169334241259,40
clean54,endpoint_log_sd,onset_minus_baseline,4,2,6,all_common,cook_struct,flow,2862,758,0.26484975541579314,0.5081594801207902,0.26449607519300167,0.4994039328943718,54
clean54,endpoint_log_sd,onset_minus_baseline,4,2,6,all_common,cook_chem,flow,2862,699,0.24423480083857443,0.5101522087229825,0.24593669550909295,0.5016572576978874,54
clean54,endpoint_log_sd,onset_minus_baseline,4,2,6,all_common,cook_gap,flow,2862,169,0.05904961565338924,0.5089921932162499,0.061403649993145404,0.499814476870408,45
clean54,endpoint_log_sd,onset_minus_baseline,4,2,6,strong_fixed_support,randi_wild_type,flow,824,133,0.16140776699029127,0.54817579404372,0.19414107927685986,0.5586464504289597,24
clean54,endpoint_log_sd,onset_minus_baseline,4,2,6,strong_fixed_support,cook_struct,flow,1749,439,0.2510005717552887,0.49177346154514945,0.24035007422824348,0.4884666953798803,33
clean54,endpoint_log_sd,onset_minus_baseline,4,2,6,strong_fixed_support,cook_chem,flow,1749,405,0.23156089193825044,0.4921976043503822,0.22151267711969697,0.4897444505424787,33
clean54,endpoint_log_sd,onset_minus_baseline,4,2,6,strong_fixed_support,cook_gap,flow,1749,98,0.05603201829616924,0.5053956167566966,0.0591045579475276,0.5002066051002287,28
clean54,endpoint_log_sd,onset_minus_baseline,4,4,8,all_common,randi_wild_type,flow,1349,257,0.1905114899925871,0.5523688373882927,0.23340818515896605,0.5469914550941756,40
clean54,endpoint_log_sd,onset_minus_baseline,4,4,8,all_common,cook_struct,flow,2862,758,0.26484975541579314,0.5062172692797737,0.2635778077219838,0.4955918823159137,54
clean54,endpoint_log_sd,onset_minus_baseline,4,4,8,all_common,cook_chem,flow,2862,699,0.24423480083857443,0.5058401904312151,0.24357745765861052,0.49620791155660154,54
clean54,endpoint_log_sd,onset_minus_baseline,4,4,8,all_common,cook_gap,flow,2862,169,0.05904961565338924,0.5191697958986371,0.06183499227470601,0.5097568645995808,45
clean54,endpoint_log_sd,onset_minus_baseline,4,4,8,strong_fixed_support,randi_wild_type,flow,824,133,0.16140776699029127,0.5633439604800714,0.19648938617564757,0.573393148685544,24
clean54,endpoint_log_sd,onset_minus_baseline,4,4,8,strong_fixed_support,cook_struct,flow,1749,439,0.2510005717552887,0.49153523796275367,0.2405523634327665,0.4918529583836525,33
clean54,endpoint_log_sd,onset_minus_baseline,4,4,8,strong_fixed_support,cook_chem,flow,1749,405,0.23156089193825044,0.49155643738977073,0.2224095784660538,0.4937890853116971,33
clean54,endpoint_log_sd,onset_minus_baseline,4,4,8,strong_fixed_support,cook_gap,flow,1749,98,0.05603201829616924,0.5219965636163612,0.05841723881827211,0.5054501421734909,28
clean54,endpoint_log_sd,onset_minus_baseline,4,8,12,all_common,randi_wild_type,flow,1349,257,0.1905114899925871,0.544479839226921,0.23351142852865125,0.5247702252363583,40
clean54,endpoint_log_sd,onset_minus_baseline,4,8,12,all_common,cook_struct,flow,2862,758,0.26484975541579314,0.48290352839672135,0.25821032572124936,0.46845530045791656,54
clean54,endpoint_log_sd,onset_minus_baseline,4,8,12,all_common,cook_chem,flow,2862,699,0.24423480083857443,0.47909800474490666,0.23479446465448336,0.4657074585774686,54
clean54,endpoint_log_sd,onset_minus_baseline,4,8,12,all_common,cook_gap,flow,2862,169,0.05904961565338924,0.5260229787065743,0.06539631637780502,0.5152794157495748,45
clean54,endpoint_log_sd,onset_minus_baseline,4,8,12,strong_fixed_support,randi_wild_type,flow,824,133,0.16140776699029127,0.5632133880286824,0.21868929979045834,0.5374852247239387,24
clean54,endpoint_log_sd,onset_minus_baseline,4,8,12,strong_fixed_support,cook_struct,flow,1749,439,0.2510005717552887,0.4703733328696378,0.23761672636274928,0.4596029058882685,33
clean54,endpoint_log_sd,onset_minus_baseline,4,8,12,strong_fixed_support,cook_chem,flow,1749,405,0.23156089193825044,0.4721156672545561,0.21989257771294193,0.4622934395474205,33
clean54,endpoint_log_sd,onset_minus_baseline,4,8,12,strong_fixed_support,cook_gap,flow,1749,98,0.05603201829616924,0.48058690465889564,0.05295665388486469,0.4782686296153666,28
clean54,endpoint_log_sd,onset_minus_baseline,4,16,20,all_common,randi_wild_type,flow,1349,257,0.1905114899925871,0.5296354099856045,0.204548694574535,0.4934358964178884,40
clean54,endpoint_log_sd,onset_minus_baseline,4,16,20,all_common,cook_struct,flow,2862,758,0.26484975541579314,0.5180620905524845,0.2729394228819966,0.5123820701838401,54
clean54,endpoint_log_sd,onset_minus_baseline,4,16,20,all_common,cook_chem,flow,2862,699,0.24423480083857443,0.517284781045771,0.25103836142791514,0.5130693082477811,54
clean54,endpoint_log_sd,onset_minus_baseline,4,16,20,all_common,cook_gap,flow,2862,169,0.05904961565338924,0.5301933349006959,0.06873077172524614,0.5096478747309402,45
clean54,endpoint_log_sd,onset_minus_baseline,4,16,20,strong_fixed_support,randi_wild_type,flow,824,133,0.16140776699029127,0.5104729987051564,0.1599022511120765,0.47798563097111124,24
clean54,endpoint_log_sd,onset_minus_baseline,4,16,20,strong_fixed_support,cook_struct,flow,1749,439,0.2510005717552887,0.4988158375210837,0.24619852218425806,0.5019966196558427,33
clean54,endpoint_log_sd,onset_minus_baseline,4,16,20,strong_fixed_support,cook_chem,flow,1749,405,0.23156089193825044,0.5002149470899471,0.22752730078298664,0.5062646250780157,33
clean54,endpoint_log_sd,onset_minus_baseline,4,16,20,strong_fixed_support,cook_gap,flow,1749,98,0.05603201829616924,0.49776882285318724,0.05621601234118134,0.4822878468989401,28
clean54,endpoint_log_sd,onset_minus_baseline,4,32,36,all_common,randi_wild_type,flow,1349,257,0.1905114899925871,0.4754421972320805,0.18508003244171628,0.4345272205469035,40
clean54,endpoint_log_sd,onset_minus_baseline,4,32,36,all_common,cook_struct,flow,2862,758,0.26484975541579314,0.5136816918647231,0.2751026727126832,0.5133482679684569,54
clean54,endpoint_log_sd,onset_minus_baseline,4,32,36,all_common,cook_chem,flow,2862,699,0.24423480083857443,0.5131490267120918,0.25564409805932775,0.5114829338924476,54
clean54,endpoint_log_sd,onset_minus_baseline,4,32,36,all_common,cook_gap,flow,2862,169,0.05904961565338924,0.4892522142657822,0.05827505776034593,0.5106223262659898,45
clean54,endpoint_log_sd,onset_minus_baseline,4,32,36,strong_fixed_support,randi_wild_type,flow,824,133,0.16140776699029127,0.43401194737930204,0.13699157816991026,0.402455713480572,24
clean54,endpoint_log_sd,onset_minus_baseline,4,32,36,strong_fixed_support,cook_struct,flow,1749,439,0.2510005717552887,0.48441461336486463,0.23919984147235196,0.4892657188334518,33
clean54,endpoint_log_sd,onset_minus_baseline,4,32,36,strong_fixed_support,cook_chem,flow,1749,405,0.23156089193825044,0.47962228101116994,0.21848832785800265,0.48383727363049156,33
clean54,endpoint_log_sd,onset_minus_baseline,4,32,36,strong_fixed_support,cook_gap,flow,1749,98,0.05603201829616924,0.4981643778044228,0.0571053820857787,0.5204819905422142,28
clean54,endpoint_log_sd,onset_minus_baseline,8,1,9,all_common,randi_wild_type,flow,1349,257,0.1905114899925871,0.547968244466299,0.22839584055693468,0.5406902522065586,40
clean54,endpoint_log_sd,onset_minus_baseline,8,1,9,all_common,cook_struct,flow,2862,758,0.26484975541579314,0.49514368911584417,0.2707704529867617,0.4805242236966535,54
clean54,endpoint_log_sd,onset_minus_baseline,8,1,9,all_common,cook_chem,flow,2862,699,0.24423480083857443,0.485658463282531,0.24365838246015062,0.4706778817561646,54
clean54,endpoint_log_sd,onset_minus_baseline,8,1,9,all_common,cook_gap,flow,2862,169,0.05904961565338924,0.5148126745430296,0.07650948420392568,0.5147357208706375,45
clean54,endpoint_log_sd,onset_minus_baseline,8,1,9,strong_fixed_support,randi_wild_type,flow,824,133,0.16140776699029127,0.5608195597532181,0.18635629774006562,0.5736504038238665,24
clean54,endpoint_log_sd,onset_minus_baseline,8,1,9,strong_fixed_support,cook_struct,flow,1749,439,0.2510005717552887,0.46964822897285646,0.23461502477250573,0.4646341021024446,33
clean54,endpoint_log_sd,onset_minus_baseline,8,1,9,strong_fixed_support,cook_chem,flow,1749,405,0.23156089193825044,0.461250734861846,0.21165280509130657,0.4560448085667665,33
clean54,endpoint_log_sd,onset_minus_baseline,8,1,9,strong_fixed_support,cook_gap,flow,1749,98,0.05603201829616924,0.46687845338014067,0.05555659170535685,0.48352265248644505,28
clean54,endpoint_log_sd,onset_minus_baseline,8,2,10,all_common,randi_wild_type,flow,1349,257,0.1905114899925871,0.5559427602229159,0.23383993068032327,0.5215283432794742,40
clean54,endpoint_log_sd,onset_minus_baseline,8,2,10,all_common,cook_struct,flow,2862,758,0.26484975541579314,0.48935749972410886,0.267321439781267,0.4773743935552325,54
clean54,endpoint_log_sd,onset_minus_baseline,8,2,10,all_common,cook_chem,flow,2862,699,0.24423480083857443,0.4828402241627793,0.241855995244583,0.47155164930550425,54
clean54,endpoint_log_sd,onset_minus_baseline,8,2,10,all_common,cook_gap,flow,2862,169,0.05904961565338924,0.4836668373187554,0.07248312044364819,0.4925887101000879,45
clean54,endpoint_log_sd,onset_minus_baseline,8,2,10,strong_fixed_support,randi_wild_type,flow,824,133,0.16140776699029127,0.5575334863932625,0.18816545077577904,0.5335342411516664,24
clean54,endpoint_log_sd,onset_minus_baseline,8,2,10,strong_fixed_support,cook_struct,flow,1749,439,0.2510005717552887,0.46641569145698936,0.23284730456792838,0.4679040038331414,33
clean54,endpoint_log_sd,onset_minus_baseline,8,2,10,strong_fixed_support,cook_chem,flow,1749,405,0.23156089193825044,0.4611092739564962,0.21032794630438303,0.4629523054178175,33
clean54,endpoint_log_sd,onset_minus_baseline,8,2,10,strong_fixed_support,cook_gap,flow,1749,98,0.05603201829616924,0.43342315727017644,0.052679044886370624,0.4628557240238879,28
clean54,endpoint_log_sd,onset_minus_baseline,8,4,12,all_common,randi_wild_type,flow,1349,257,0.1905114899925871,0.5393345305796667,0.22174213141416188,0.5426443128596584,40
clean54,endpoint_log_sd,onset_minus_baseline,8,4,12,all_common,cook_struct,flow,2862,758,0.26484975541579314,0.49984324367707694,0.27529501845817206,0.47867400165768226,54
clean54,endpoint_log_sd,onset_minus_baseline,8,4,12,all_common,cook_chem,flow,2862,699,0.24423480083857443,0.4893160230882636,0.24823799329289203,0.4665412302348305,54
clean54,endpoint_log_sd,onset_minus_baseline,8,4,12,all_common,cook_gap,flow,2862,169,0.05904961565338924,0.5209473607885445,0.07728085113425422,0.5314172487566592,45
clean54,endpoint_log_sd,onset_minus_baseline,8,4,12,strong_fixed_support,randi_wild_type,flow,824,133,0.16140776699029127,0.5291557402913941,0.17262628305122962,0.5381204795289593,24
clean54,endpoint_log_sd,onset_minus_baseline,8,4,12,strong_fixed_support,cook_struct,flow,1749,439,0.2510005717552887,0.4680484793684467,0.23365904752698724,0.45860893254052815,33
clean54,endpoint_log_sd,onset_minus_baseline,8,4,12,strong_fixed_support,cook_chem,flow,1749,405,0.23156089193825044,0.45973508230452675,0.21028188416738347,0.44752772342419284,33
clean54,endpoint_log_sd,onset_minus_baseline,8,4,12,strong_fixed_support,cook_gap,flow,1749,98,0.05603201829616924,0.4597522837117888,0.05360869897528784,0.4914178355614495,28
clean54,endpoint_log_sd,onset_minus_baseline,8,8,16,all_common,randi_wild_type,flow,1349,257,0.1905114899925871,0.5457768560881401,0.22441032463412774,0.5599148764268236,40
clean54,endpoint_log_sd,onset_minus_baseline,8,8,16,all_common,cook_struct,flow,2862,758,0.26484975541579314,0.49475117128324486,0.27687143833303873,0.4821222598361765,54
clean54,endpoint_log_sd,onset_minus_baseline,8,8,16,all_common,cook_chem,flow,2862,699,0.24423480083857443,0.4881989130499485,0.24782323047681148,0.47578823234588075,54
clean54,endpoint_log_sd,onset_minus_baseline,8,8,16,all_common,cook_gap,flow,2862,169,0.05904961565338924,0.530325169132333,0.07568618218258787,0.5132770418237156,45
clean54,endpoint_log_sd,onset_minus_baseline,8,8,16,strong_fixed_support,randi_wild_type,flow,824,133,0.16140776699029127,0.5414077886467253,0.17376304002153112,0.571258056151397,24
clean54,endpoint_log_sd,onset_minus_baseline,8,8,16,strong_fixed_support,cook_struct,flow,1749,439,0.2510005717552887,0.4614721174077101,0.2361492797312019,0.46050844527185086,33
clean54,endpoint_log_sd,onset_minus_baseline,8,8,16,strong_fixed_support,cook_chem,flow,1749,405,0.23156089193825044,0.4592886537330982,0.213263744904572,0.4555934236063914,33
clean54,endpoint_log_sd,onset_minus_baseline,8,8,16,strong_fixed_support,cook_gap,flow,1749,98,0.05603201829616924,0.4761925363725139,0.05913066299519214,0.5158682864820001,28
clean54,endpoint_log_sd,onset_minus_baseline,8,16,24,all_common,randi_wild_type,flow,1349,257,0.1905114899925871,0.5221668733341885,0.21659230365865198,0.5180948274339044,40
clean54,endpoint_log_sd,onset_minus_baseline,8,16,24,all_common,cook_struct,flow,2862,758,0.26484975541579314,0.506974402319492,0.27702479167146893,0.49933531795975106,54
clean54,endpoint_log_sd,onset_minus_baseline,8,16,24,all_common,cook_chem,flow,2862,699,0.24423480083857443,0.5020586175217618,0.2490352712556281,0.4974293507304981,54
clean54,endpoint_log_sd,onset_minus_baseline,8,16,24,all_common,cook_gap,flow,2862,169,0.05904961565338924,0.5209473607885445,0.06710185022321445,0.5073794061416101,45
clean54,endpoint_log_sd,onset_minus_baseline,8,16,24,strong_fixed_support,randi_wild_type,flow,824,133,0.16140776699029127,0.5145533878110616,0.17913157413561362,0.5303600581469918,24
clean54,endpoint_log_sd,onset_minus_baseline,8,16,24,strong_fixed_support,cook_struct,flow,1749,439,0.2510005717552887,0.4989184301587577,0.2530209009214772,0.5007079590874204,33
clean54,endpoint_log_sd,onset_minus_baseline,8,16,24,strong_fixed_support,cook_chem,flow,1749,405,0.23156089193825044,0.4943029835390947,0.22773070784226762,0.4979414470859727,33
clean54,endpoint_log_sd,onset_minus_baseline,8,16,24,strong_fixed_support,cook_gap,flow,1749,98,0.05603201829616924,0.5078245713791272,0.058857382016865384,0.5281279675271394,28
clean54,endpoint_log_sd,onset_minus_baseline,8,32,40,all_common,randi_wild_type,flow,1349,257,0.1905114899925871,0.5101409615028293,0.19706239222642488,0.4688896114446511,40
clean54,endpoint_log_sd,onset_minus_baseline,8,32,40,all_common,cook_struct,flow,2862,758,0.26484975541579314,0.4989534947881658,0.27079584897954245,0.4960686410054848,54
clean54,endpoint_log_sd,onset_minus_baseline,8,32,40,all_common,cook_chem,flow,2862,699,0.24423480083857443,0.492822782959872,0.2406243406490256,0.4921180138686172,54
clean54,endpoint_log_sd,onset_minus_baseline,8,32,40,all_common,cook_gap,flow,2862,169,0.05904961565338924,0.5300900647525801,0.08205119928773145,0.5102237616941384,45
clean54,endpoint_log_sd,onset_minus_baseline,8,32,40,strong_fixed_support,randi_wild_type,flow,824,133,0.16140776699029127,0.49921112477285834,0.1710905700913756,0.448617286500909,24
clean54,endpoint_log_sd,onset_minus_baseline,8,32,40,strong_fixed_support,cook_struct,flow,1749,439,0.2510005717552887,0.4878140812742353,0.24683206637971725,0.49082414781384537,33
clean54,endpoint_log_sd,onset_minus_baseline,8,32,40,strong_fixed_support,cook_chem,flow,1749,405,0.23156089193825044,0.48576205173427395,0.22456394264196972,0.48978607839479876,33
clean54,endpoint_log_sd,onset_minus_baseline,8,32,40,strong_fixed_support,cook_gap,flow,1749,98,0.05603201829616924,0.4744125390919542,0.05862664031230507,0.45836846212615373,28
clean54,endpoint_log_sd,onset_minus_baseline,16,1,17,all_common,randi_wild_type,flow,1349,257,0.1905114899925871,0.5242941235159134,0.20654129782519953,0.5412573001336642,40
clean54,endpoint_log_sd,onset_minus_baseline,16,1,17,all_common,cook_struct,flow,2862,758,0.26484975541579314,0.49107178687159525,0.2591316286979345,0.47603110359792716,54
clean54,endpoint_log_sd,onset_minus_baseline,16,1,17,all_common,cook_chem,flow,2862,699,0.24423480083857443,0.4915356922940572,0.23608602114903182,0.4813589887845047,54
clean54,endpoint_log_sd,onset_minus_baseline,16,1,17,all_common,cook_gap,flow,2862,169,0.05904961565338924,0.49882557671983246,0.060810962819702885,0.46913795716708845,45
clean54,endpoint_log_sd,onset_minus_baseline,16,1,17,strong_fixed_support,randi_wild_type,flow,824,133,0.16140776699029127,0.5003536337225117,0.1791905982789026,0.5547403618709389,24
clean54,endpoint_log_sd,onset_minus_baseline,16,1,17,strong_fixed_support,cook_struct,flow,1749,439,0.2510005717552887,0.479921403606392,0.23417292305021592,0.46922946297506385,33
clean54,endpoint_log_sd,onset_minus_baseline,16,1,17,strong_fixed_support,cook_chem,flow,1749,405,0.23156089193825044,0.4803993974132863,0.21527675202246468,0.4761874280881346,33
clean54,endpoint_log_sd,onset_minus_baseline,16,1,17,strong_fixed_support,cook_gap,flow,1749,98,0.05603201829616924,0.48666238148802826,0.0542561252599939,0.4672856476420577,28
clean54,endpoint_log_sd,onset_minus_baseline,16,2,18,all_common,randi_wild_type,flow,1349,257,0.1905114899925871,0.5095387751029774,0.2031668121084261,0.5043581200202352,40
clean54,endpoint_log_sd,onset_minus_baseline,16,2,18,all_common,cook_struct,flow,2862,758,0.26484975541579314,0.4890483762553046,0.25839402124429284,0.47774519993277104,54
clean54,endpoint_log_sd,onset_minus_baseline,16,2,18,all_common,cook_chem,flow,2862,699,0.24423480083857443,0.4868509732879081,0.23668835524966392,0.481473851870344,54
clean54,endpoint_log_sd,onset_minus_baseline,16,2,18,all_common,cook_gap,flow,2862,169,0.05904961565338924,0.5057688462527218,0.05864836681834857,0.4735792410790536,45
clean54,endpoint_log_sd,onset_minus_baseline,16,2,18,strong_fixed_support,randi_wild_type,flow,824,133,0.16140776699029127,0.4924540004134794,0.17727308152462218,0.5187439189071088,24
clean54,endpoint_log_sd,onset_minus_baseline,16,2,18,strong_fixed_support,cook_struct,flow,1749,439,0.2510005717552887,0.47825383852962144,0.2341934906030989,0.4712685995630639,33
clean54,endpoint_log_sd,onset_minus_baseline,16,2,18,strong_fixed_support,cook_chem,flow,1749,405,0.23156089193825044,0.47649728101116995,0.21499419763581779,0.47661978668793176,33
clean54,endpoint_log_sd,onset_minus_baseline,16,2,18,strong_fixed_support,cook_gap,flow,1749,98,0.05603201829616924,0.49816437780442274,0.056035752641577716,0.46903862113338357,28
clean54,endpoint_log_sd,onset_minus_baseline,16,4,20,all_common,randi_wild_type,flow,1349,257,0.1905114899925871,0.5024336882313537,0.200983449420647,0.4941739605181887,40
clean54,endpoint_log_sd,onset_minus_baseline,16,4,20,all_common,cook_struct,flow,2862,758,0.26484975541579314,0.4885824964635773,0.25923610655706497,0.4757929419468593,54
clean54,endpoint_log_sd,onset_minus_baseline,16,4,20,all_common,cook_chem,flow,2862,699,0.24423480083857443,0.48521333891557655,0.23808579335582514,0.47976557322071584,54
clean54,endpoint_log_sd,onset_minus_baseline,16,4,20,all_common,cook_gap,flow,2862,169,0.05904961565338924,0.5037100350019885,0.05743248644901881,0.46929762522713153,45
clean54,endpoint_log_sd,onset_minus_baseline,16,4,20,strong_fixed_support,randi_wild_type,flow,824,133,0.16140776699029127,0.4597456013405438,0.16706875743494956,0.5080909679790983,24
clean54,endpoint_log_sd,onset_minus_baseline,16,4,20,strong_fixed_support,cook_struct,flow,1749,439,0.2510005717552887,0.466716513936949,0.22889232632243878,0.4563152813746451,33
clean54,endpoint_log_sd,onset_minus_baseline,16,4,20,strong_fixed_support,cook_chem,flow,1749,405,0.23156089193825044,0.4618919018224574,0.20932584033837306,0.45854922969295314,33
clean54,endpoint_log_sd,onset_minus_baseline,16,4,20,strong_fixed_support,cook_gap,flow,1749,98,0.05603201829616924,0.5005995129729663,0.055423652494975856,0.47956822716829633,28
clean54,endpoint_log_sd,onset_minus_baseline,16,8,24,all_common,randi_wild_type,flow,1349,257,0.1905114899925871,0.507386582289306,0.21368692800288908,0.5175504052672103,40
clean54,endpoint_log_sd,onset_minus_baseline,16,8,24,all_common,cook_struct,flow,2862,758,0.26484975541579314,0.5096499192391425,0.2714859044857677,0.4954077850479109,54
clean54,endpoint_log_sd,onset_minus_baseline,16,8,24,all_common,cook_chem,flow,2862,699,0.24423480083857443,0.5106495839443046,0.25047526050369906,0.5011000352374707,54
clean54,endpoint_log_sd,onset_minus_baseline,16,8,24,all_common,cook_gap,flow,2862,169,0.05904961565338924,0.5074936774499744,0.059927780618871704,0.4935754157307676,45
clean54,endpoint_log_sd,onset_minus_baseline,16,8,24,strong_fixed_support,randi_wild_type,flow,824,133,0.16140776699029127,0.4979271623342002,0.1739618409151037,0.5276312077241787,24
clean54,endpoint_log_sd,onset_minus_baseline,16,8,24,strong_fixed_support,cook_struct,flow,1749,439,0.2510005717552887,0.48408770801092,0.23856451512518206,0.4777256413930508,33
clean54,endpoint_log_sd,onset_minus_baseline,16,8,24,strong_fixed_support,cook_chem,flow,1749,405,0.23156089193825044,0.4859990446796002,0.2203532297070003,0.48472537771863244,33
clean54,endpoint_log_sd,onset_minus_baseline,16,8,24,strong_fixed_support,cook_gap,flow,1749,98,0.05603201829616924,0.4895548770689378,0.05487448899526018,0.48928452767721536,28
clean54,endpoint_log_sd,onset_minus_baseline,16,16,32,all_common,randi_wild_type,flow,1349,257,0.1905114899925871,0.5288158663645045,0.21168507701237688,0.5003446766181788,40
clean54,endpoint_log_sd,onset_minus_baseline,16,16,32,all_common,cook_struct,flow,2862,758,0.26484975541579314,0.5074929522357214,0.2735218502173301,0.48851876499152164,54
clean54,endpoint_log_sd,onset_minus_baseline,16,16,32,all_common,cook_chem,flow,2862,699,0.24423480083857443,0.5024256963087748,0.25084296455205257,0.48496384629980877,54
clean54,endpoint_log_sd,onset_minus_baseline,16,16,32,all_common,cook_gap,flow,2862,169,0.05904961565338924,0.513410837213288,0.06390374015537209,0.49165947099487073,45
clean54,endpoint_log_sd,onset_minus_baseline,16,16,32,strong_fixed_support,randi_wild_type,flow,824,133,0.16140776699029127,0.5277194433261156,0.1767911886927309,0.5149292546601243,24
clean54,endpoint_log_sd,onset_minus_baseline,16,16,32,strong_fixed_support,cook_struct,flow,1749,439,0.2510005717552887,0.49638839138221846,0.2516388687083827,0.4865619815489462,33
clean54,endpoint_log_sd,onset_minus_baseline,16,16,32,strong_fixed_support,cook_chem,flow,1749,405,0.23156089193825044,0.4935699588477367,0.2312421827566794,0.4857505390141831,33
clean54,endpoint_log_sd,onset_minus_baseline,16,16,32,strong_fixed_support,cook_gap,flow,1749,98,0.05603201829616924,0.5014956921593592,0.06292976559239366,0.4670331661760211,28
clean54,endpoint_log_sd,onset_minus_baseline,16,32,48,all_common,randi_wild_type,flow,1349,257,0.1905114899925871,0.5054945054945055,0.20982226393373357,0.5042189959572165,40
clean54,endpoint_log_sd,onset_minus_baseline,16,32,48,all_common,cook_struct,flow,2862,758,0.26484975541579314,0.539047373014838,0.296324466044084,0.5253621681240417,54
clean54,endpoint_log_sd,onset_minus_baseline,16,32,48,all_common,cook_chem,flow,2862,699,0.24423480083857443,0.5371910337533905,0.272919278544137,0.5224132465580046,54
clean54,endpoint_log_sd,onset_minus_baseline,16,32,48,all_common,cook_gap,flow,2862,169,0.05904961565338924,0.534978917509124,0.06558764670954828,0.5110568662349801,45
clean54,endpoint_log_sd,onset_minus_baseline,16,32,48,strong_fixed_support,randi_wild_type,flow,824,133,0.16140776699029127,0.5051412902734405,0.17369820684899345,0.5122741098820868,24
clean54,endpoint_log_sd,onset_minus_baseline,16,32,48,strong_fixed_support,cook_struct,flow,1749,439,0.2510005717552887,0.5408475195186839,0.2886074760928985,0.5362408644168006,33
clean54,endpoint_log_sd,onset_minus_baseline,16,32,48,strong_fixed_support,cook_chem,flow,1749,405,0.23156089193825044,0.5404027042915932,0.2679981763341024,0.5347729785081042,33
clean54,endpoint_log_sd,onset_minus_baseline,16,32,48,strong_fixed_support,cook_gap,flow,1749,98,0.05603201829616924,0.5330782827970679,0.06605616982951372,0.4930984386184102,28
clean54,endpoint_log_sd,active_minus_baseline,1,1,2,all_common,randi_wild_type,flow,1349,257,0.1905114899925871,0.5435035133478713,0.21482742933592996,0.519078623974006,40
clean54,endpoint_log_sd,active_minus_baseline,1,1,2,all_common,cook_struct,flow,2862,758,0.26484975541579314,0.5157910049459755,0.27563648586869016,0.5120944222704772,54
clean54,endpoint_log_sd,active_minus_baseline,1,1,2,all_common,cook_chem,flow,2862,699,0.24423480083857443,0.5199383307637818,0.25834472940239545,0.5110002955421484,54
clean54,endpoint_log_sd,active_minus_baseline,1,1,2,all_common,cook_gap,flow,2862,169,0.05904961565338924,0.4738957235172494,0.054117024271888685,0.506284066762451,45
clean54,endpoint_log_sd,active_minus_baseline,1,1,2,strong_fixed_support,randi_wild_type,flow,824,133,0.16140776699029127,0.5729410356571603,0.2168459140430855,0.518633030894298,24
clean54,endpoint_log_sd,active_minus_baseline,1,1,2,strong_fixed_support,cook_struct,flow,1749,439,0.2510005717552887,0.5203655080074423,0.26760434613377954,0.5054593375074157,33
clean54,endpoint_log_sd,active_minus_baseline,1,1,2,strong_fixed_support,cook_chem,flow,1749,405,0.23156089193825044,0.5272780717225162,0.2532902962012386,0.5048594270864891,33
clean54,endpoint_log_sd,active_minus_baseline,1,1,2,strong_fixed_support,cook_gap,flow,1749,98,0.05603201829616924,0.4765324664087318,0.05253652966754809,0.49453846910455057,28
clean54,endpoint_log_sd,active_minus_baseline,1,2,3,all_common,randi_wild_type,flow,1349,257,0.1905114899925871,0.5320655349838229,0.22065426766259882,0.5071085997143555,40
clean54,endpoint_log_sd,active_minus_baseline,1,2,3,all_common,cook_struct,flow,2862,758,0.26484975541579314,0.5172607522297019,0.27670771660277343,0.5055815911350974,54
clean54,endpoint_log_sd,active_minus_baseline,1,2,3,all_common,cook_chem,flow,2862,699,0.24423480083857443,0.5200150535372836,0.25855731977824137,0.5051198948432434,54
clean54,endpoint_log_sd,active_minus_baseline,1,2,3,all_common,cook_gap,flow,2862,169,0.05904961565338924,0.4797996998573993,0.05495310838517227,0.4970888521704788,45
clean54,endpoint_log_sd,active_minus_baseline,1,2,3,strong_fixed_support,randi_wild_type,flow,824,133,0.16140776699029127,0.5582298728006703,0.20896056271351598,0.518464424132171,24
clean54,endpoint_log_sd,active_minus_baseline,1,2,3,strong_fixed_support,cook_struct,flow,1749,439,0.2510005717552887,0.5129892712445008,0.2670100585345936,0.49017796058013247,33
clean54,endpoint_log_sd,active_minus_baseline,1,2,3,strong_fixed_support,cook_chem,flow,1749,405,0.23156089193825044,0.523205099941211,0.25371311523020956,0.49515531441263805,33
clean54,endpoint_log_sd,active_minus_baseline,1,2,3,strong_fixed_support,cook_gap,flow,1749,98,0.05603201829616924,0.46512317828403316,0.051127931090117935,0.47501757794064864,28
clean54,endpoint_log_sd,active_minus_baseline,1,4,5,all_common,randi_wild_type,flow,1349,257,0.1905114899925871,0.5128026966548367,0.21501493454319748,0.47160345601715836,40
clean54,endpoint_log_sd,active_minus_baseline,1,4,5,all_common,cook_struct,flow,2862,758,0.26484975541579314,0.5154756112242543,0.28375850363196087,0.5071239321693244,54
clean54,endpoint_log_sd,active_minus_baseline,1,4,5,all_common,cook_chem,flow,2862,699,0.24423480083857443,0.5163065656836231,0.2632877174001341,0.5047925836314963,54
clean54,endpoint_log_sd,active_minus_baseline,1,4,5,all_common,cook_gap,flow,2862,169,0.05904961565338924,0.4853521182465168,0.0563976229870156,0.4966146380977369,45
clean54,endpoint_log_sd,active_minus_baseline,1,4,5,strong_fixed_support,randi_wild_type,flow,824,133,0.16140776699029127,0.5318324755448679,0.2107074734345638,0.4745318023831668,24
clean54,endpoint_log_sd,active_minus_baseline,1,4,5,strong_fixed_support,cook_struct,flow,1749,439,0.2510005717552887,0.5192561164339494,0.2737826832622133,0.5013109862939616,33
clean54,endpoint_log_sd,active_minus_baseline,1,4,5,strong_fixed_support,cook_chem,flow,1749,405,0.23156089193825044,0.5254170340975897,0.258209662416225,0.5047137989859447,33
clean54,endpoint_log_sd,active_minus_baseline,1,4,5,strong_fixed_support,cook_gap,flow,1749,98,0.05603201829616924,0.4667672035501057,0.05076775415109354,0.452557214573781,28
clean54,endpoint_log_sd,active_minus_baseline,1,8,9,all_common,randi_wild_type,flow,1349,257,0.1905114899925871,0.5132730434286854,0.2162220064104216,0.5159243982639662,40
clean54,endpoint_log_sd,active_minus_baseline,1,8,9,all_common,cook_struct,flow,2862,758,0.26484975541579314,0.5275536859054747,0.2851526069557051,0.5218253371153424,54
clean54,endpoint_log_sd,active_minus_baseline,1,8,9,all_common,cook_chem,flow,2862,699,0.24423480083857443,0.5305607971760729,0.26466710033627855,0.5229488985005617,54
clean54,endpoint_log_sd,active_minus_baseline,1,8,9,all_common,cook_gap,flow,2862,169,0.05904961565338924,0.504193427184658,0.05956615252767987,0.5376018026056886,45
clean54,endpoint_log_sd,active_minus_baseline,1,8,9,strong_fixed_support,randi_wild_type,flow,824,133,0.16140776699029127,0.5698725830495195,0.2291866821902715,0.5566958819418911,24
clean54,endpoint_log_sd,active_minus_baseline,1,8,9,strong_fixed_support,cook_struct,flow,1749,439,0.2510005717552887,0.5343920082074111,0.2784690825164541,0.5176816647970579,33
clean54,endpoint_log_sd,active_minus_baseline,1,8,9,strong_fixed_support,cook_chem,flow,1749,405,0.23156089193825044,0.5411752278071722,0.2629120048171328,0.5235518866088491,33
clean54,endpoint_log_sd,active_minus_baseline,1,8,9,strong_fixed_support,cook_gap,flow,1749,98,0.05603201829616924,0.4857167579327309,0.052633917436281694,0.5179715104241842,28
clean54,endpoint_log_sd,active_minus_baseline,1,16,17,all_common,randi_wild_type,flow,1349,257,0.1905114899925871,0.5204565214292841,0.20785349567436595,0.5012507121007386,40
clean54,endpoint_log_sd,active_minus_baseline,1,16,17,all_common,cook_struct,flow,2862,758,0.26484975541579314,0.4941203838398026,0.272405094430313,0.4907709463490268,54
clean54,endpoint_log_sd,active_minus_baseline,1,16,17,all_common,cook_chem,flow,2862,699,0.24423480083857443,0.4914080414726275,0.24827549824584305,0.48896351941520483,54
clean54,endpoint_log_sd,active_minus_baseline,1,16,17,all_common,cook_gap,flow,2862,169,0.05904961565338924,0.4981817862220044,0.06433513016430895,0.4839320313583911,45
clean54,endpoint_log_sd,active_minus_baseline,1,16,17,strong_fixed_support,randi_wild_type,flow,824,133,0.16140776699029127,0.5515597967422173,0.20143614852317154,0.5306493833667097,24
clean54,endpoint_log_sd,active_minus_baseline,1,16,17,strong_fixed_support,cook_struct,flow,1749,439,0.2510005717552887,0.49097706445947586,0.2609628059868438,0.48209364426080975,33
clean54,endpoint_log_sd,active_minus_baseline,1,16,17,strong_fixed_support,cook_chem,flow,1749,405,0.23156089193825044,0.49435074955908287,0.24287427697268998,0.48519605539516797,33
clean54,endpoint_log_sd,active_minus_baseline,1,16,17,strong_fixed_support,cook_gap,flow,1749,98,0.05603201829616924,0.4335220460079853,0.04977644996494469,0.442432921650984,28
clean54,endpoint_log_sd,active_minus_baseline,1,32,33,all_common,randi_wild_type,flow,1349,257,0.1905114899925871,0.5246005615655421,0.2157956845011969,0.49465288370155297,40
clean54,endpoint_log_sd,active_minus_baseline,1,32,33,all_common,cook_struct,flow,2862,758,0.26484975541579314,0.5194214813848732,0.2865181477670327,0.510428255694305,54
clean54,endpoint_log_sd,active_minus_baseline,1,32,33,all_common,cook_chem,flow,2862,699,0.24423480083857443,0.5144215665070702,0.25613380408680375,0.503306373707291,54
clean54,endpoint_log_sd,active_minus_baseline,1,32,33,all_common,cook_gap,flow,2862,169,0.05904961565338924,0.5301933349006959,0.0887114328715011,0.548002579109667,45
clean54,endpoint_log_sd,active_minus_baseline,1,32,33,strong_fixed_support,randi_wild_type,flow,824,133,0.16140776699029127,0.5475555748996224,0.1998180630231918,0.49360917015695627,24
clean54,endpoint_log_sd,active_minus_baseline,1,32,33,strong_fixed_support,cook_struct,flow,1749,439,0.2510005717552887,0.5270357683145246,0.27626911570647394,0.5227773202390636,33
clean54,endpoint_log_sd,active_minus_baseline,1,32,33,strong_fixed_support,cook_chem,flow,1749,405,0.23156089193825044,0.5207322898295119,0.24701084845794358,0.5114734292428861,33
clean54,endpoint_log_sd,active_minus_baseline,1,32,33,strong_fixed_support,cook_gap,flow,1749,98,0.05603201829616924,0.4934548016662752,0.07010935611341071,0.5351673654432794,28
clean54,endpoint_log_sd,active_minus_baseline,4,1,5,all_common,randi_wild_type,flow,1349,257,0.1905114899925871,0.5388214250081954,0.21567814607718377,0.535147449948135,40
clean54,endpoint_log_sd,active_minus_baseline,4,1,5,all_common,cook_struct,flow,2862,758,0.26484975541579314,0.5087865054124823,0.26855244779800325,0.4957960235556947,54
clean54,endpoint_log_sd,active_minus_baseline,4,1,5,all_common,cook_chem,flow,2862,699,0.24423480083857443,0.5052194635093922,0.24597337953095355,0.4906616055423825,54
clean54,endpoint_log_sd,active_minus_baseline,4,1,5,all_common,cook_gap,flow,2862,169,0.05904961565338924,0.5212813408420253,0.06281045531348049,0.5303367549575155,45
clean54,endpoint_log_sd,active_minus_baseline,4,1,5,strong_fixed_support,randi_wild_type,flow,824,133,0.16140776699029127,0.5494271133695309,0.202953945600078,0.5328095796410932,24
clean54,endpoint_log_sd,active_minus_baseline,4,1,5,strong_fixed_support,cook_struct,flow,1749,439,0.2510005717552887,0.499380966457424,0.24388143689578407,0.4905516640593934,33
clean54,endpoint_log_sd,active_minus_baseline,4,1,5,strong_fixed_support,cook_chem,flow,1749,405,0.23156089193825044,0.492936140505585,0.22140131540323987,0.4841514771305014,33
clean54,endpoint_log_sd,active_minus_baseline,4,1,5,strong_fixed_support,cook_gap,flow,1749,98,0.05603201829616924,0.5129235219223971,0.057598371798815974,0.5221128429789574,28
clean54,endpoint_log_sd,active_minus_baseline,4,2,6,all_common,randi_wild_type,flow,1349,257,0.1905114899925871,0.5326534684511338,0.21894753938054679,0.5278744643690458,40
clean54,endpoint_log_sd,active_minus_baseline,4,2,6,all_common,cook_struct,flow,2862,758,0.26484975541579314,0.5099120158110698,0.26661719416887564,0.4974538549230224,54
clean54,endpoint_log_sd,active_minus_baseline,4,2,6,all_common,cook_chem,flow,2862,699,0.24423480083857443,0.5068392399947882,0.24446323214167048,0.49362714336693425,54
clean54,endpoint_log_sd,active_minus_baseline,4,2,6,all_common,cook_gap,flow,2862,169,0.05904961565338924,0.5277653878013785,0.06467486531304961,0.51189136544367,45
clean54,endpoint_log_sd,active_minus_baseline,4,2,6,strong_fixed_support,randi_wild_type,flow,824,133,0.16140776699029127,0.5416906956247347,0.20405681199666423,0.526256483625681,24
clean54,endpoint_log_sd,active_minus_baseline,4,2,6,strong_fixed_support,cook_struct,flow,1749,439,0.2510005717552887,0.4992818515362813,0.2429708095656615,0.4923901822810137,33
clean54,endpoint_log_sd,active_minus_baseline,4,2,6,strong_fixed_support,cook_chem,flow,1749,405,0.23156089193825044,0.4944444444444444,0.2214061384995959,0.48711911386003,33
clean54,endpoint_log_sd,active_minus_baseline,4,2,6,strong_fixed_support,cook_gap,flow,1749,98,0.05603201829616924,0.5087640143883114,0.05783078640208525,0.49410896060921233,28
clean54,endpoint_log_sd,active_minus_baseline,4,4,8,all_common,randi_wild_type,flow,1349,257,0.1905114899925871,0.5308611621841194,0.2231653919341674,0.5122923823975122,40
clean54,endpoint_log_sd,active_minus_baseline,4,4,8,all_common,cook_struct,flow,2862,758,0.26484975541579314,0.5062019071601273,0.26802837388812845,0.4992372736346294,54
clean54,endpoint_log_sd,active_minus_baseline,4,4,8,all_common,cook_chem,flow,2862,699,0.24423480083857443,0.5011657231749735,0.24461525698585712,0.4944349637805451,54
clean54,endpoint_log_sd,active_minus_baseline,4,4,8,all_common,cook_gap,flow,2862,169,0.05904961565338924,0.5205650415167968,0.06603160224234035,0.4965826122566318,45
clean54,endpoint_log_sd,active_minus_baseline,4,4,8,strong_fixed_support,randi_wild_type,flow,824,133,0.16140776699029127,0.5272515587086385,0.21275128589126813,0.49479408990915125,24
clean54,endpoint_log_sd,active_minus_baseline,4,4,8,strong_fixed_support,cook_struct,flow,1749,439,0.2510005717552887,0.5051400650332992,0.2469252675518419,0.5021905465361065,33
clean54,endpoint_log_sd,active_minus_baseline,4,4,8,strong_fixed_support,cook_chem,flow,1749,405,0.23156089193825044,0.5036228689006467,0.22625462158527687,0.5006129096137385,33
clean54,endpoint_log_sd,active_minus_baseline,4,4,8,strong_fixed_support,cook_gap,flow,1749,98,0.05603201829616924,0.4812729452774447,0.05538239657755044,0.4647417362976519,28
clean54,endpoint_log_sd,active_minus_baseline,4,8,12,all_common,randi_wild_type,flow,1349,257,0.1905114899925871,0.5454383489402944,0.23551701459319804,0.5411997135693308,40
clean54,endpoint_log_sd,active_minus_baseline,4,8,12,all_common,cook_struct,flow,2862,758,0.26484975541579314,0.49977301684440734,0.2606209455330648,0.49901185206420773,54
clean54,endpoint_log_sd,active_minus_baseline,4,8,12,all_common,cook_chem,flow,2862,699,0.24423480083857443,0.4989685416786546,0.2389733221315406,0.4984663946654984,54
clean54,endpoint_log_sd,active_minus_baseline,4,8,12,all_common,cook_gap,flow,2862,169,0.05904961565338924,0.5303844945365697,0.06607269974124182,0.5311799482110531,45
clean54,endpoint_log_sd,active_minus_baseline,4,8,12,strong_fixed_support,randi_wild_type,flow,824,133,0.16140776699029127,0.5428767287248512,0.22970356885374366,0.5377206356771475,24
clean54,endpoint_log_sd,active_minus_baseline,4,8,12,strong_fixed_support,cook_struct,flow,1749,439,0.2510005717552887,0.4998869742127319,0.24599718066401532,0.5001230845306006,33
clean54,endpoint_log_sd,active_minus_baseline,4,8,12,strong_fixed_support,cook_chem,flow,1749,405,0.23156089193825044,0.4963569223985891,0.2241325296019383,0.496878418456352,33
clean54,endpoint_log_sd,active_minus_baseline,4,8,12,strong_fixed_support,cook_gap,flow,1749,98,0.05603201829616924,0.5202721912508189,0.06042774726087404,0.5576571690787587,28
clean54,endpoint_log_sd,active_minus_baseline,4,16,20,all_common,randi_wild_type,flow,1349,257,0.1905114899925871,0.5338043927538091,0.22238587953700711,0.5036253546503267,40
clean54,endpoint_log_sd,active_minus_baseline,4,16,20,all_common,cook_struct,flow,2862,758,0.26484975541579314,0.5089815102781986,0.26694425841006203,0.49687486130924613,54
clean54,endpoint_log_sd,active_minus_baseline,4,16,20,all_common,cook_chem,flow,2862,699,0.24423480083857443,0.507691788745166,0.2467449587212541,0.49458687357252606,54
clean54,endpoint_log_sd,active_minus_baseline,4,16,20,all_common,cook_gap,flow,2862,169,0.05904961565338924,0.5234631973756199,0.06324439213735669,0.5029762496023946,45
clean54,endpoint_log_sd,active_minus_baseline,4,16,20,strong_fixed_support,randi_wild_type,flow,824,133,0.16140776699029127,0.4906912723197285,0.18459802646721896,0.44478485436374715,24
clean54,endpoint_log_sd,active_minus_baseline,4,16,20,strong_fixed_support,cook_struct,flow,1749,439,0.2510005717552887,0.5159731520283782,0.26134921635467123,0.49868330081783097,33
clean54,endpoint_log_sd,active_minus_baseline,4,16,20,strong_fixed_support,cook_chem,flow,1749,405,0.23156089193825044,0.5173537624926514,0.24124830523250548,0.49445788875317925,33
clean54,endpoint_log_sd,active_minus_baseline,4,16,20,strong_fixed_support,cook_gap,flow,1749,98,0.05603201829616924,0.4854324528115304,0.06167347646734124,0.4846454856333572,28
clean54,endpoint_log_sd,active_minus_baseline,4,32,36,all_common,randi_wild_type,flow,1349,257,0.1905114899925871,0.5017780533344736,0.20085095178716847,0.46418573962042187,40
clean54,endpoint_log_sd,active_minus_baseline,4,32,36,all_common,cook_struct,flow,2862,758,0.26484975541579314,0.48688137684721655,0.2585796717610326,0.4895302470357266,54
clean54,endpoint_log_sd,active_minus_baseline,4,32,36,all_common,cook_chem,flow,2862,699,0.24423480083857443,0.4898510982931167,0.24092283615729645,0.4951878544650628,54
clean54,endpoint_log_sd,active_minus_baseline,4,32,36,all_common,cook_gap,flow,2862,169,0.05904961565338924,0.47469551785584807,0.05744326054742363,0.4862284623326809,45
clean54,endpoint_log_sd,active_minus_baseline,4,32,36,strong_fixed_support,randi_wild_type,flow,824,133,0.16140776699029127,0.44425100377572,0.14919003092778393,0.43620835383353845,24
clean54,endpoint_log_sd,active_minus_baseline,4,32,36,strong_fixed_support,cook_struct,flow,1749,439,0.2510005717552887,0.47092628979811857,0.23311593835689512,0.4829811005970633,33
clean54,endpoint_log_sd,active_minus_baseline,4,32,36,strong_fixed_support,cook_chem,flow,1749,405,0.23156089193825044,0.47479423868312765,0.21622904094211354,0.4893875820074333,33
clean54,endpoint_log_sd,active_minus_baseline,4,32,36,strong_fixed_support,cook_gap,flow,1749,98,0.05603201829616924,0.4706671281474431,0.055422440998950814,0.5022636026335746,28
clean54,endpoint_log_sd,active_minus_baseline,8,1,9,all_common,randi_wild_type,flow,1349,257,0.1905114899925871,0.557517709268682,0.2349685714885582,0.5140401448717968,40
clean54,endpoint_log_sd,active_minus_baseline,8,1,9,all_common,cook_struct,flow,2862,758,0.26484975541579314,0.5102305446592493,0.27266235880997536,0.5005866435744595,54
clean54,endpoint_log_sd,active_minus_baseline,8,1,9,all_common,cook_chem,flow,2862,699,0.24423480083857443,0.5002589393605685,0.24501379408602603,0.48851468548209803,54
clean54,endpoint_log_sd,active_minus_baseline,8,1,9,all_common,cook_gap,flow,2862,169,0.05904961565338924,0.5373870894736957,0.07407826528216742,0.5258312942119386,45
clean54,endpoint_log_sd,active_minus_baseline,8,1,9,strong_fixed_support,randi_wild_type,flow,824,133,0.16140776699029127,0.5465109952885107,0.19012591382749497,0.5010490637751678,24
clean54,endpoint_log_sd,active_minus_baseline,8,1,9,strong_fixed_support,cook_struct,flow,1749,439,0.2510005717552887,0.48968335390982287,0.240698326217389,0.4917935953880291,33
clean54,endpoint_log_sd,active_minus_baseline,8,1,9,strong_fixed_support,cook_chem,flow,1749,405,0.23156089193825044,0.48155313051146387,0.2167689651090654,0.479245408568694,33
clean54,endpoint_log_sd,active_minus_baseline,8,1,9,strong_fixed_support,cook_gap,flow,1749,98,0.05603201829616924,0.4764892025859406,0.05338381497553743,0.4697311093442815,28
clean54,endpoint_log_sd,active_minus_baseline,8,2,10,all_common,randi_wild_type,flow,1349,257,0.1905114899925871,0.5513853850429726,0.23144251196156052,0.5200319093017598,40
clean54,endpoint_log_sd,active_minus_baseline,8,2,10,all_common,cook_struct,flow,2862,758,0.26484975541579314,0.5047911002538198,0.2695940681174983,0.49624717986526257,54
clean54,endpoint_log_sd,active_minus_baseline,8,2,10,all_common,cook_chem,flow,2862,699,0.24423480083857443,0.4964968778461007,0.2431388286033737,0.4869132009905205,54
clean54,endpoint_log_sd,active_minus_baseline,8,2,10,all_common,cook_gap,flow,2862,169,0.05904961565338924,0.5355040571984786,0.07279441813865527,0.5287255217522233,45
clean54,endpoint_log_sd,active_minus_baseline,8,2,10,strong_fixed_support,randi_wild_type,flow,824,133,0.16140776699029127,0.5416580525118875,0.17992749685544773,0.5153382516291081,24
clean54,endpoint_log_sd,active_minus_baseline,8,2,10,strong_fixed_support,cook_struct,flow,1749,439,0.2510005717552887,0.4826827105322645,0.23572086392501918,0.4869803615974845,33
clean54,endpoint_log_sd,active_minus_baseline,8,2,10,strong_fixed_support,cook_chem,flow,1749,405,0.23156089193825044,0.4746491034685479,0.21203585812740158,0.47683716554998834,33
clean54,endpoint_log_sd,active_minus_baseline,8,2,10,strong_fixed_support,cook_gap,flow,1749,98,0.05603201829616924,0.473942817587362,0.052439615158841144,0.470104222107841,28
clean54,endpoint_log_sd,active_minus_baseline,8,4,12,all_common,randi_wild_type,flow,1349,257,0.1905114899925871,0.5188031812545432,0.22023817070728596,0.4801191981392262,40
clean54,endpoint_log_sd,active_minus_baseline,8,4,12,all_common,cook_struct,flow,2862,758,0.26484975541579314,0.5018233895482408,0.26680490634582726,0.4920620250119928,54
clean54,endpoint_log_sd,active_minus_baseline,8,4,12,all_common,cook_chem,flow,2862,699,0.24423480083857443,0.4926157637520611,0.24014663843521528,0.48292418114415353,54
clean54,endpoint_log_sd,active_minus_baseline,8,4,12,all_common,cook_gap,flow,2862,169,0.05904961565338924,0.5131625494103714,0.06882981784609847,0.48635677576157305,45
clean54,endpoint_log_sd,active_minus_baseline,8,4,12,strong_fixed_support,randi_wild_type,flow,824,133,0.16140776699029127,0.5107885487960131,0.16978717585582032,0.47245782474753634,24
clean54,endpoint_log_sd,active_minus_baseline,8,4,12,strong_fixed_support,cook_struct,flow,1749,439,0.2510005717552887,0.4853014310803526,0.23608123812404563,0.48233798030726005,33
clean54,endpoint_log_sd,active_minus_baseline,8,4,12,strong_fixed_support,cook_chem,flow,1749,405,0.23156089193825044,0.47555665784832446,0.21188452235659708,0.4729098348586778,33
clean54,endpoint_log_sd,active_minus_baseline,8,4,12,strong_fixed_support,cook_gap,flow,1749,98,0.05603201829616924,0.4657721356259039,0.05233190928970309,0.4332420206276447,28
clean54,endpoint_log_sd,active_minus_baseline,8,8,16,all_common,randi_wild_type,flow,1349,257,0.1905114899925871,0.5150510967631591,0.2089691114974525,0.4624178178126967,40
clean54,endpoint_log_sd,active_minus_baseline,8,8,16,all_common,cook_struct,flow,2862,758,0.26484975541579314,0.49605914604171475,0.26914142750881254,0.4893327136174167,54
clean54,endpoint_log_sd,active_minus_baseline,8,8,16,all_common,cook_chem,flow,2862,699,0.24423480083857443,0.48509560914244443,0.2423339825335015,0.47796573403322995,54
clean54,endpoint_log_sd,active_minus_baseline,8,8,16,all_common,cook_gap,flow,2862,169,0.05904961565338924,0.5190489478529697,0.06877432879773543,0.4854525178905678,45
clean54,endpoint_log_sd,active_minus_baseline,8,8,16,strong_fixed_support,randi_wild_type,flow,824,133,0.16140776699029127,0.49855826251591345,0.16286634387479046,0.45436070593350153,24
clean54,endpoint_log_sd,active_minus_baseline,8,8,16,strong_fixed_support,cook_struct,flow,1749,439,0.2510005717552887,0.48566659131614176,0.24123382703452426,0.4800050998316815,33
clean54,endpoint_log_sd,active_minus_baseline,8,8,16,strong_fixed_support,cook_chem,flow,1749,405,0.23156089193825044,0.4771513080540858,0.2189023365549532,0.4681907458596046,33
clean54,endpoint_log_sd,active_minus_baseline,8,8,16,strong_fixed_support,cook_gap,flow,1749,98,0.05603201829616924,0.4902780009641652,0.05310359663645452,0.454464871517333,28
clean54,endpoint_log_sd,active_minus_baseline,8,16,24,all_common,randi_wild_type,flow,1349,257,0.1905114899925871,0.5007803480566126,0.19054976830081372,0.4703404893571843,40
clean54,endpoint_log_sd,active_minus_baseline,8,16,24,all_common,cook_struct,flow,2862,758,0.26484975541579314,0.48773036909216766,0.262026222518886,0.4830522234252777,54
clean54,endpoint_log_sd,active_minus_baseline,8,16,24,all_common,cook_chem,flow,2862,699,0.24423480083857443,0.4816702018668767,0.23690911819971455,0.4761893702600735,54
clean54,endpoint_log_sd,active_minus_baseline,8,16,24,all_common,cook_gap,flow,2862,169,0.05904961565338924,0.5159772102558243,0.06439209647295847,0.47940678088937155,45
clean54,endpoint_log_sd,active_minus_baseline,8,16,24,strong_fixed_support,randi_wild_type,flow,824,133,0.16140776699029127,0.4810615540297923,0.1485462967857215,0.4711763919143619,24
clean54,endpoint_log_sd,active_minus_baseline,8,16,24,strong_fixed_support,cook_struct,flow,1749,439,0.2510005717552887,0.48562833643429726,0.24354927837654755,0.4871260954274028,33
clean54,endpoint_log_sd,active_minus_baseline,8,16,24,strong_fixed_support,cook_chem,flow,1749,405,0.23156089193825044,0.47828299529688423,0.22018805749541773,0.4760675323237168,33
clean54,endpoint_log_sd,active_minus_baseline,8,16,24,strong_fixed_support,cook_gap,flow,1749,98,0.05603201829616924,0.5061372822902632,0.054885606289262805,0.4870072372206367,28
clean54,endpoint_log_sd,active_minus_baseline,8,32,40,all_common,randi_wild_type,flow,1349,257,0.1905114899925871,0.49327617907384447,0.1970299568166204,0.4696593572271066,40
clean54,endpoint_log_sd,active_minus_baseline,8,32,40,all_common,cook_struct,flow,2862,758,0.26484975541579314,0.479983471613311,0.2612662638138502,0.47952883856895184,54
clean54,endpoint_log_sd,active_minus_baseline,8,32,40,all_common,cook_chem,flow,2862,699,0.24423480083857443,0.46890313551424434,0.23252540539467587,0.4686207567501704,54
clean54,endpoint_log_sd,active_minus_baseline,8,32,40,all_common,cook_gap,flow,2862,169,0.05904961565338924,0.5011392674850643,0.063909625540089,0.47852098028723195,45
clean54,endpoint_log_sd,active_minus_baseline,8,32,40,strong_fixed_support,randi_wild_type,flow,824,133,0.16140776699029127,0.49928729203616856,0.16437278487736098,0.479136714455018,24
clean54,endpoint_log_sd,active_minus_baseline,8,32,40,strong_fixed_support,cook_struct,flow,1749,439,0.2510005717552887,0.460884383313916,0.23267315399163419,0.46303198238791055,33
clean54,endpoint_log_sd,active_minus_baseline,8,32,40,strong_fixed_support,cook_chem,flow,1749,405,0.23156089193825044,0.45100859788359793,0.20852210379581124,0.4488935380683908,33
clean54,endpoint_log_sd,active_minus_baseline,8,32,40,strong_fixed_support,cook_gap,flow,1749,98,0.05603201829616924,0.47849169952657017,0.05494760223084491,0.4410222487995456,28
clean54,endpoint_log_sd,active_minus_baseline,16,1,17,all_common,randi_wild_type,flow,1349,257,0.1905114899925871,0.5434750074827895,0.2299254129118394,0.5194347933145134,40
clean54,endpoint_log_sd,active_minus_baseline,16,1,17,all_common,cook_struct,flow,2862,758,0.26484975541579314,0.5109328129859446,0.2784272355742942,0.49339325705795267,54
clean54,endpoint_log_sd,active_minus_baseline,16,1,17,all_common,cook_chem,flow,2862,699,0.24423480083857443,0.5058663158583988,0.25225272377369534,0.4886112555963653,54
clean54,endpoint_log_sd,active_minus_baseline,16,1,17,all_common,cook_gap,flow,2862,169,0.05904961565338924,0.5674211246778301,0.08128316909495037,0.5366262373100467,45
clean54,endpoint_log_sd,active_minus_baseline,16,1,17,strong_fixed_support,randi_wild_type,flow,824,133,0.16140776699029127,0.5155544432717104,0.17543385494433555,0.4779697719234422,24
clean54,endpoint_log_sd,active_minus_baseline,16,1,17,strong_fixed_support,cook_struct,flow,1749,439,0.2510005717552887,0.4958876002017076,0.25374316544612097,0.487705716508886,33
clean54,endpoint_log_sd,active_minus_baseline,16,1,17,strong_fixed_support,cook_chem,flow,1749,405,0.23156089193825044,0.49495149911816577,0.23254109175165608,0.48592251821384747,33
clean54,endpoint_log_sd,active_minus_baseline,16,1,17,strong_fixed_support,cook_gap,flow,1749,98,0.05603201829616924,0.5358286258173772,0.07132216399544201,0.49909155511977493,28
clean54,endpoint_log_sd,active_minus_baseline,16,2,18,all_common,randi_wild_type,flow,1349,257,0.1905114899925871,0.5360563560952666,0.22737942372065306,0.5226145022475392,40
clean54,endpoint_log_sd,active_minus_baseline,16,2,18,all_common,cook_struct,flow,2862,758,0.26484975541579314,0.5094705900057185,0.27804658196642973,0.4944577030604233,54
clean54,endpoint_log_sd,active_minus_baseline,16,2,18,all_common,cook_chem,flow,2862,699,0.24423480083857443,0.5066996839154012,0.2530336525974566,0.49331311326958655,54
clean54,endpoint_log_sd,active_minus_baseline,16,2,18,all_common,cook_gap,flow,2862,169,0.05904961565338924,0.5606821982039784,0.07941496757347163,0.5278223226562611,45
clean54,endpoint_log_sd,active_minus_baseline,16,2,18,strong_fixed_support,randi_wild_type,flow,824,133,0.16140776699029127,0.5321262635604931,0.18045893340973201,0.5066227473049981,24
clean54,endpoint_log_sd,active_minus_baseline,16,2,18,strong_fixed_support,cook_struct,flow,1749,439,0.2510005717552887,0.4937870594167869,0.2509859889985415,0.4878485792496404,33
clean54,endpoint_log_sd,active_minus_baseline,16,2,18,strong_fixed_support,cook_chem,flow,1749,405,0.23156089193825044,0.4955981775426219,0.23094605091613296,0.48971686462867137,33
clean54,endpoint_log_sd,active_minus_baseline,16,2,18,strong_fixed_support,cook_gap,flow,1749,98,0.05603201829616924,0.5267123203006219,0.0691238115082778,0.49458817364979646,28
clean54,endpoint_log_sd,active_minus_baseline,16,4,20,all_common,randi_wild_type,flow,1349,257,0.1905114899925871,0.513985690055729,0.2264177340415886,0.4817961991628842,40
clean54,endpoint_log_sd,active_minus_baseline,16,4,20,all_common,cook_struct,flow,2862,758,0.26484975541579314,0.5119924857289043,0.28531674544052843,0.49421738262040754,54
clean54,endpoint_log_sd,active_minus_baseline,16,4,20,all_common,cook_chem,flow,2862,699,0.24423480083857443,0.5099319614507747,0.2609247413569364,0.49300179972270214,54
clean54,endpoint_log_sd,active_minus_baseline,16,4,20,all_common,cook_gap,flow,2862,169,0.05904961565338924,0.560099930347581,0.07701329664003424,0.49444296483429256,45
clean54,endpoint_log_sd,active_minus_baseline,16,4,20,strong_fixed_support,randi_wild_type,flow,824,133,0.16140776699029127,0.4848807982329195,0.16861015814666064,0.45384242770149025,24
clean54,endpoint_log_sd,active_minus_baseline,16,4,20,strong_fixed_support,cook_struct,flow,1749,439,0.2510005717552887,0.5015910553130813,0.25471165120007067,0.48820363198617994,33
clean54,endpoint_log_sd,active_minus_baseline,16,4,20,strong_fixed_support,cook_chem,flow,1749,405,0.23156089193825044,0.5035898001175779,0.23543716717800836,0.48936809365869854,33
clean54,endpoint_log_sd,active_minus_baseline,16,4,20,strong_fixed_support,cook_gap,flow,1749,98,0.05603201829616924,0.5232573950234243,0.06553708682887802,0.4636298042430238,28
clean54,endpoint_log_sd,active_minus_baseline,16,8,24,all_common,randi_wild_type,flow,1349,257,0.1905114899925871,0.5236776841835207,0.22751236673525418,0.5179823617436053,40
clean54,endpoint_log_sd,active_minus_baseline,16,8,24,all_common,cook_struct,flow,2862,758,0.26484975541579314,0.507253428574295,0.28434796351803543,0.4897347715188629,54
clean54,endpoint_log_sd,active_minus_baseline,16,8,24,all_common,cook_chem,flow,2862,699,0.24423480083857443,0.5049906179953265,0.2600158064513567,0.4884067892990462,54
clean54,endpoint_log_sd,active_minus_baseline,16,8,24,all_common,cook_gap,flow,2862,169,0.05904961565338924,0.5584651858752805,0.07686802551291094,0.5142215862929617,45
clean54,endpoint_log_sd,active_minus_baseline,16,8,24,strong_fixed_support,randi_wild_type,flow,824,133,0.16140776699029127,0.49391205945398947,0.17299808306998998,0.4671653256004958,24
clean54,endpoint_log_sd,active_minus_baseline,16,8,24,strong_fixed_support,cook_struct,flow,1749,439,0.2510005717552887,0.4841224851762333,0.24775735722430653,0.47082017819834565,33
clean54,endpoint_log_sd,active_minus_baseline,16,8,24,strong_fixed_support,cook_chem,flow,1749,405,0.23156089193825044,0.485978835978836,0.22831975196119964,0.47242069357871136,33
clean54,endpoint_log_sd,active_minus_baseline,16,8,24,strong_fixed_support,cook_gap,flow,1749,98,0.05603201829616924,0.4997836808860431,0.06109537165763683,0.4781648418409489,28
clean54,endpoint_log_sd,active_minus_baseline,16,16,32,all_common,randi_wild_type,flow,1349,257,0.1905114899925871,0.5034990949387836,0.20730374630744094,0.49404262690084144,40
clean54,endpoint_log_sd,active_minus_baseline,16,16,32,all_common,cook_struct,flow,2862,758,0.26484975541579314,0.526106825044895,0.29624759568621334,0.509059744727125,54
clean54,endpoint_log_sd,active_minus_baseline,16,16,32,all_common,cook_chem,flow,2862,699,0.24423480083857443,0.5246964655273335,0.27542369571357894,0.50665047008804,54
clean54,endpoint_log_sd,active_minus_baseline,16,16,32,all_common,cook_gap,flow,2862,169,0.05904961565338924,0.5481909047563593,0.07071930798908325,0.5043607354678596,45
clean54,endpoint_log_sd,active_minus_baseline,16,16,32,strong_fixed_support,randi_wild_type,flow,824,133,0.16140776699029127,0.4929327660685723,0.16102923544508851,0.47709869559467816,24
clean54,endpoint_log_sd,active_minus_baseline,16,16,32,strong_fixed_support,cook_struct,flow,1749,439,0.2510005717552887,0.5177485263176198,0.262875700115749,0.5030201221738804,33
clean54,endpoint_log_sd,active_minus_baseline,16,16,32,strong_fixed_support,cook_chem,flow,1749,405,0.23156089193825044,0.516767710170488,0.24173453108447332,0.5013192866550913,33
clean54,endpoint_log_sd,active_minus_baseline,16,16,32,strong_fixed_support,cook_gap,flow,1749,98,0.05603201829616924,0.5393948009246097,0.06242244119879488,0.49639285443302905,28
clean54,endpoint_log_sd,active_minus_baseline,16,32,48,all_common,randi_wild_type,flow,1349,257,0.1905114899925871,0.5063781873120394,0.20427744162702904,0.500412137041072,40
clean54,endpoint_log_sd,active_minus_baseline,16,32,48,all_common,cook_struct,flow,2862,758,0.26484975541579314,0.5236952857730469,0.2886750106960228,0.5061626241094376,54
clean54,endpoint_log_sd,active_minus_baseline,16,32,48,all_common,cook_chem,flow,2862,699,0.24423480083857443,0.5234900660543396,0.2657994393927735,0.5031775953726552,54
clean54,endpoint_log_sd,active_minus_baseline,16,32,48,all_common,cook_gap,flow,2862,169,0.05904961565338924,0.5182601397003408,0.07101770574555481,0.44193838324473267,45
clean54,endpoint_log_sd,active_minus_baseline,16,32,48,strong_fixed_support,randi_wild_type,flow,824,133,0.16140776699029127,0.512170440573213,0.16429757566490766,0.49048896015165083,24
clean54,endpoint_log_sd,active_minus_baseline,16,32,48,strong_fixed_support,cook_struct,flow,1749,439,0.2510005717552887,0.5196525761185207,0.2718005024386897,0.5112898775543162,33
clean54,endpoint_log_sd,active_minus_baseline,16,32,48,strong_fixed_support,cook_chem,flow,1749,405,0.23156089193825044,0.515707671957672,0.24681739955885282,0.5053283915822793,33
clean54,endpoint_log_sd,active_minus_baseline,16,32,48,strong_fixed_support,cook_gap,flow,1749,98,0.05603201829616924,0.5030346481415098,0.07172630947605636,0.43837219146745315,28
clean54,endpoint_wasserstein1,state_average,1,1,2,all_common,randi_wild_type,flow,1349,257,0.1905114899925871,0.7061472898048773,0.35538482722710696,0.6501667263735271,40
clean54,endpoint_wasserstein1,state_average,1,1,2,all_common,cook_struct,flow,2862,758,0.26484975541579314,0.5685877885570393,0.31380795432014796,0.5428168645239134,54
clean54,endpoint_wasserstein1,state_average,1,1,2,all_common,cook_chem,flow,2862,699,0.24423480083857443,0.5574312950870307,0.2797168051641147,0.5317739977784901,54
clean54,endpoint_wasserstein1,state_average,1,1,2,all_common,cook_gap,flow,2862,169,0.05904961565338924,0.610234291401991,0.09093061523186163,0.5914932926082729,45
clean54,endpoint_wasserstein1,state_average,1,1,2,strong_fixed_support,randi_wild_type,flow,824,133,0.16140776699029127,0.687888317029912,0.31153131482566054,0.6107505227937935,24
clean54,endpoint_wasserstein1,state_average,1,1,2,strong_fixed_support,cook_struct,flow,1749,439,0.2510005717552887,0.5515188926950564,0.2948518773205904,0.5234763209591748,33
clean54,endpoint_wasserstein1,state_average,1,1,2,strong_fixed_support,cook_chem,flow,1749,405,0.23156089193825044,0.5421259553203998,0.2654857893818275,0.5114958331160973,33
clean54,endpoint_wasserstein1,state_average,1,1,2,strong_fixed_support,cook_gap,flow,1749,98,0.05603201829616924,0.6068431006563739,0.08831134392336731,0.578886791059614,28
clean54,endpoint_wasserstein1,state_average,1,2,3,all_common,randi_wild_type,flow,1349,257,0.1905114899925871,0.7061437265717421,0.3505247131726622,0.6528030827487956,40
clean54,endpoint_wasserstein1,state_average,1,2,3,all_common,cook_struct,flow,2862,758,0.26484975541579314,0.5679739307964726,0.31461910727149783,0.5397979861333341,54
clean54,endpoint_wasserstein1,state_average,1,2,3,all_common,cook_chem,flow,2862,699,0.24423480083857443,0.5567202866256994,0.28050441205704835,0.528067890129196,54
clean54,endpoint_wasserstein1,state_average,1,2,3,all_common,cook_gap,flow,2862,169,0.05904961565338924,0.6119041916693949,0.09331192851354927,0.5913316392055955,45
clean54,endpoint_wasserstein1,state_average,1,2,3,strong_fixed_support,randi_wild_type,flow,824,133,0.16140776699029127,0.6873877892995877,0.30423456127957776,0.6135969122176185,24
clean54,endpoint_wasserstein1,state_average,1,2,3,strong_fixed_support,cook_struct,flow,1749,439,0.2510005717552887,0.5489697264775948,0.2938150007697411,0.519859346915605,33
clean54,endpoint_wasserstein1,state_average,1,2,3,strong_fixed_support,cook_chem,flow,1749,405,0.23156089193825044,0.5395024985302762,0.2648865808222194,0.5071531753222478,33
clean54,endpoint_wasserstein1,state_average,1,2,3,strong_fixed_support,cook_gap,flow,1749,98,0.05603201829616924,0.6052052559364145,0.08796844121425404,0.5765612332397987,28
clean54,endpoint_wasserstein1,state_average,1,4,5,all_common,randi_wild_type,flow,1349,257,0.1905114899925871,0.702373825914682,0.3341855971495178,0.640125884268163,40
clean54,endpoint_wasserstein1,state_average,1,4,5,all_common,cook_struct,flow,2862,758,0.26484975541579314,0.5648438205403452,0.3145482979302554,0.5337119417031984,54
clean54,endpoint_wasserstein1,state_average,1,4,5,all_common,cook_chem,flow,2862,699,0.24423480083857443,0.5529516110790331,0.28022839984142467,0.5210684979915844,54
clean54,endpoint_wasserstein1,state_average,1,4,5,all_common,cook_gap,flow,2862,169,0.05904961565338924,0.6128555953743763,0.09691330913945406,0.5893263048603005,45
clean54,endpoint_wasserstein1,state_average,1,4,5,strong_fixed_support,randi_wild_type,flow,824,133,0.16140776699029127,0.6825348465229645,0.2978357848547516,0.6014936039197799,24
clean54,endpoint_wasserstein1,state_average,1,4,5,strong_fixed_support,cook_struct,flow,1749,439,0.2510005717552887,0.5422003512493697,0.2911282104025936,0.5120936563725779,33
clean54,endpoint_wasserstein1,state_average,1,4,5,strong_fixed_support,cook_chem,flow,1749,405,0.23156089193825044,0.5319940476190476,0.26243988716953603,0.49913008692970967,33
clean54,endpoint_wasserstein1,state_average,1,4,5,strong_fixed_support,cook_gap,flow,1749,98,0.05603201829616924,0.6013794978924337,0.08831641088585798,0.5689167226447142,28
clean54,endpoint_wasserstein1,state_average,1,8,9,all_common,randi_wild_type,flow,1349,257,0.1905114899925871,0.6915380339504853,0.3099513476521471,0.6280536803718482,40
clean54,endpoint_wasserstein1,state_average,1,8,9,all_common,cook_struct,flow,2862,758,0.26484975541579314,0.5609913771481887,0.3162611143535692,0.5223520192214403,54
clean54,endpoint_wasserstein1,state_average,1,8,9,all_common,cook_chem,flow,2862,699,0.24423480083857443,0.5491809513227072,0.28085416698513066,0.5101126189995645,54
clean54,endpoint_wasserstein1,state_average,1,8,9,all_common,cook_gap,flow,2862,169,0.05904961565338924,0.6126160965202354,0.10299551105411822,0.5820643193174253,45
clean54,endpoint_wasserstein1,state_average,1,8,9,strong_fixed_support,randi_wild_type,flow,824,133,0.16140776699029127,0.6725569350293243,0.2678252192365398,0.5929922202420506,24
clean54,endpoint_wasserstein1,state_average,1,8,9,strong_fixed_support,cook_struct,flow,1749,439,0.2510005717552887,0.5334173781495071,0.2865266892020265,0.4998659091425104,33
clean54,endpoint_wasserstein1,state_average,1,8,9,strong_fixed_support,cook_chem,flow,1749,405,0.23156089193825044,0.5236129482657261,0.25828954119027675,0.48781832942739545,33
clean54,endpoint_wasserstein1,state_average,1,8,9,strong_fixed_support,cook_gap,flow,1749,98,0.05603201829616924,0.5947601330053524,0.08839081234335475,0.5575242883547831,28
clean54,endpoint_wasserstein1,state_average,1,16,17,all_common,randi_wild_type,flow,1349,257,0.1905114899925871,0.6645109106198601,0.28233383016310337,0.594493081646468,40
clean54,endpoint_wasserstein1,state_average,1,16,17,all_common,cook_struct,flow,2862,758,0.26484975541579314,0.548706070608064,0.3151487698539964,0.5023669671153884,54
clean54,endpoint_wasserstein1,state_average,1,16,17,all_common,cook_chem,flow,2862,699,0.24423480083857443,0.5377049440552086,0.27871224218397617,0.4904575046932023,54
clean54,endpoint_wasserstein1,state_average,1,16,17,all_common,cook_gap,flow,2862,169,0.05904961565338924,0.5957105535499663,0.10369045052635056,0.5422298179198142,45
clean54,endpoint_wasserstein1,state_average,1,16,17,strong_fixed_support,randi_wild_type,flow,824,133,0.16140776699029127,0.6463009912625268,0.23456064431911064,0.5679025639649025,24
clean54,endpoint_wasserstein1,state_average,1,16,17,strong_fixed_support,cook_struct,flow,1749,439,0.2510005717552887,0.5123476325444712,0.26484304213083115,0.4760476451413372,33
clean54,endpoint_wasserstein1,state_average,1,16,17,strong_fixed_support,cook_chem,flow,1749,405,0.23156089193825044,0.5035677542621987,0.23558588478075002,0.4653745049469391,33
clean54,endpoint_wasserstein1,state_average,1,16,17,strong_fixed_support,cook_gap,flow,1749,98,0.05603201829616924,0.566848786758798,0.08052146818179468,0.5051870058749889,28
clean54,endpoint_wasserstein1,state_average,1,32,33,all_common,randi_wild_type,flow,1349,257,0.1905114899925871,0.630861518507433,0.2642510204540015,0.561522074254124,40
clean54,endpoint_wasserstein1,state_average,1,32,33,all_common,cook_struct,flow,2862,758,0.26484975541579314,0.5348955250458982,0.3086810987469133,0.4844039445565387,54
clean54,endpoint_wasserstein1,state_average,1,32,33,all_common,cook_chem,flow,2862,699,0.24423480083857443,0.5251187714832033,0.27357304109883335,0.47509166247244894,54
clean54,endpoint_wasserstein1,state_average,1,32,33,all_common,cook_gap,flow,2862,169,0.05904961565338924,0.5740897395614755,0.10375654194036013,0.5021458254216182,45
clean54,endpoint_wasserstein1,state_average,1,32,33,strong_fixed_support,randi_wild_type,flow,824,133,0.16140776699029127,0.6083588130964169,0.21655739547380345,0.5310446313960876,24
clean54,endpoint_wasserstein1,state_average,1,32,33,strong_fixed_support,cook_struct,flow,1749,439,0.2510005717552887,0.49637621937435883,0.24716004058122454,0.4580185193854823,33
clean54,endpoint_wasserstein1,state_average,1,32,33,strong_fixed_support,cook_chem,flow,1749,405,0.23156089193825044,0.48931878306878307,0.22013325012604104,0.4506401240898734,33
clean54,endpoint_wasserstein1,state_average,1,32,33,strong_fixed_support,cook_gap,flow,1749,98,0.05603201829616924,0.5324664087318756,0.07109419021129103,0.4566152608726667,28
clean54,endpoint_wasserstein1,state_average,4,1,5,all_common,randi_wild_type,flow,1349,257,0.1905114899925871,0.6881137669075411,0.3243151766067842,0.6335009764798798,40
clean54,endpoint_wasserstein1,state_average,4,1,5,all_common,cook_struct,flow,2862,758,0.26484975541579314,0.5559745477893596,0.3066741715708806,0.5257246501934567,54
clean54,endpoint_wasserstein1,state_average,4,1,5,all_common,cook_chem,flow,2862,699,0.24423480083857443,0.5432613925051111,0.27173617116075344,0.5113906949209337,54
clean54,endpoint_wasserstein1,state_average,4,1,5,all_common,cook_gap,flow,2862,169,0.05904961565338924,0.6057519275263283,0.09442490008855674,0.5746926935589971,45
clean54,endpoint_wasserstein1,state_average,4,1,5,strong_fixed_support,randi_wild_type,flow,824,133,0.16140776699029127,0.6578892963232974,0.26548884316383053,0.594429193480657,24
clean54,endpoint_wasserstein1,state_average,4,1,5,strong_fixed_support,cook_struct,flow,1749,439,0.2510005717552887,0.5314820288998243,0.27817110797046646,0.5037821487485447,33
clean54,endpoint_wasserstein1,state_average,4,1,5,strong_fixed_support,cook_chem,flow,1749,405,0.23156089193825044,0.5204548794826573,0.24761884418141572,0.4892551197119952,33
clean54,endpoint_wasserstein1,state_average,4,1,5,strong_fixed_support,cook_gap,flow,1749,98,0.05603201829616924,0.5922508312834522,0.0833285781683407,0.545919026984559,28
clean54,endpoint_wasserstein1,state_average,4,2,6,all_common,randi_wild_type,flow,1349,257,0.1905114899925871,0.6871837630592496,0.31954011622388756,0.6351921255884257,40
clean54,endpoint_wasserstein1,state_average,4,2,6,all_common,cook_struct,flow,2862,758,0.26484975541579314,0.5567413997210992,0.30830773759474284,0.5237520489354625,54
clean54,endpoint_wasserstein1,state_average,4,2,6,all_common,cook_chem,flow,2862,699,0.24423480083857443,0.5439882746437187,0.27300033320779293,0.5098249179522111,54
clean54,endpoint_wasserstein1,state_average,4,2,6,all_common,cook_gap,flow,2862,169,0.05904961565338924,0.6082216221323308,0.09801154921051897,0.5738278335089522,45
clean54,endpoint_wasserstein1,state_average,4,2,6,strong_fixed_support,randi_wild_type,flow,824,133,0.16140776699029127,0.6580089877370705,0.2653881525462002,0.5949096404183488,24
clean54,endpoint_wasserstein1,state_average,4,2,6,strong_fixed_support,cook_struct,flow,1749,439,0.2510005717552887,0.5315289780729973,0.2792311624116357,0.5014795042811512,33
clean54,endpoint_wasserstein1,state_average,4,2,6,strong_fixed_support,cook_chem,flow,1749,405,0.23156089193825044,0.5205044826572605,0.24863113327687658,0.48756348608528083,33
clean54,endpoint_wasserstein1,state_average,4,2,6,strong_fixed_support,cook_gap,flow,1749,98,0.05603201829616924,0.594259508770195,0.08412246796810026,0.5449507081866015,28
clean54,endpoint_wasserstein1,state_average,4,4,8,all_common,randi_wild_type,flow,1349,257,0.1905114899925871,0.6830717920212084,0.3088583928336144,0.6244815234922412,40
clean54,endpoint_wasserstein1,state_average,4,4,8,all_common,cook_struct,flow,2862,758,0.26484975541579314,0.5567589564292665,0.309834667801149,0.5210047588065451,54
clean54,endpoint_wasserstein1,state_average,4,4,8,all_common,cook_chem,flow,2862,699,0.24423480083857443,0.5439816606115202,0.27392132401388636,0.5076453802456576,54
clean54,endpoint_wasserstein1,state_average,4,4,8,all_common,cook_gap,flow,2862,169,0.05904961565338924,0.6098212108095282,0.10087498945546097,0.5745590569813502,45
clean54,endpoint_wasserstein1,state_average,4,4,8,strong_fixed_support,randi_wild_type,flow,824,133,0.16140776699029127,0.6544617694743371,0.25672297123320637,0.5782778461296004,24
clean54,endpoint_wasserstein1,state_average,4,4,8,strong_fixed_support,cook_struct,flow,1749,439,0.2510005717552887,0.5297501260672243,0.2782464327560801,0.49851642367521737,33
clean54,endpoint_wasserstein1,state_average,4,4,8,strong_fixed_support,cook_chem,flow,1749,405,0.23156089193825044,0.5188216490299824,0.24762164520680227,0.48559949578024336,33
clean54,endpoint_wasserstein1,state_average,4,4,8,strong_fixed_support,cook_gap,flow,1749,98,0.05603201829616924,0.5941853422168383,0.08515984118608544,0.5469115567033472,28
clean54,endpoint_wasserstein1,state_average,4,8,12,all_common,randi_wild_type,flow,1349,257,0.1905114899925871,0.6741102606861362,0.2953256269775751,0.602412701598932,40
clean54,endpoint_wasserstein1,state_average,4,8,12,all_common,cook_struct,flow,2862,758,0.26484975541579314,0.5523660172356712,0.31176944599121786,0.512569328141486,54
clean54,endpoint_wasserstein1,state_average,4,8,12,all_common,cook_chem,flow,2862,699,0.24423480083857443,0.5400430044373542,0.2744666092135658,0.499557624439164,54
clean54,endpoint_wasserstein1,state_average,4,8,12,all_common,cook_gap,flow,2862,169,0.05904961565338924,0.6050707839962032,0.10577871988010087,0.5617710059657754,45
clean54,endpoint_wasserstein1,state_average,4,8,12,strong_fixed_support,randi_wild_type,flow,824,133,0.16140776699029127,0.6476393588892637,0.23892450293917328,0.5688099631264215,24
clean54,endpoint_wasserstein1,state_average,4,8,12,strong_fixed_support,cook_struct,flow,1749,439,0.2510005717552887,0.5195795440713628,0.2697082521515159,0.48851009595794925,33
clean54,endpoint_wasserstein1,state_average,4,8,12,strong_fixed_support,cook_chem,flow,1749,405,0.23156089193825044,0.5094778806584361,0.2388442961336624,0.47626518043761784,33
clean54,endpoint_wasserstein1,state_average,4,8,12,strong_fixed_support,cook_gap,flow,1749,98,0.05603201829616924,0.5799700861568128,0.0838566667189688,0.5266965283421999,28
clean54,endpoint_wasserstein1,state_average,4,16,20,all_common,randi_wild_type,flow,1349,257,0.1905114899925871,0.6525348840523938,0.2767407005165436,0.5871830681472467,40
clean54,endpoint_wasserstein1,state_average,4,16,20,all_common,cook_struct,flow,2862,758,0.26484975541579314,0.5434089609438487,0.31109681007040374,0.5003124859007865,54
clean54,endpoint_wasserstein1,state_average,4,16,20,all_common,cook_chem,flow,2862,699,0.24423480083857443,0.5320605289770672,0.2736512514150543,0.48869617334395626,54
clean54,endpoint_wasserstein1,state_average,4,16,20,all_common,cook_gap,flow,2862,169,0.05904961565338924,0.5905668212789239,0.10513912163485199,0.5328748399694555,45
clean54,endpoint_wasserstein1,state_average,4,16,20,strong_fixed_support,randi_wild_type,flow,824,133,0.16140776699029127,0.6275856065634419,0.22636859897065223,0.5569366235429978,24
clean54,endpoint_wasserstein1,state_average,4,16,20,strong_fixed_support,cook_struct,flow,1749,439,0.2510005717552887,0.5053695943243666,0.2551031780007507,0.4749911773272912,33
clean54,endpoint_wasserstein1,state_average,4,16,20,strong_fixed_support,cook_chem,flow,1749,405,0.23156089193825044,0.4964855232216343,0.22567269020575753,0.46522710605696194,33
clean54,endpoint_wasserstein1,state_average,4,16,20,strong_fixed_support,cook_gap,flow,1749,98,0.05603201829616924,0.5553900542651948,0.07676457390038743,0.48975006442155306,28
clean54,endpoint_wasserstein1,state_average,4,32,36,all_common,randi_wild_type,flow,1349,257,0.1905114899925871,0.6259816707287525,0.2645769379655578,0.5653286742253203,40
clean54,endpoint_wasserstein1,state_average,4,32,36,all_common,cook_struct,flow,2862,758,0.26484975541579314,0.5330843624908455,0.30671282666154515,0.48740684965125397,54
clean54,endpoint_wasserstein1,state_average,4,32,36,all_common,cook_chem,flow,2862,699,0.24423480083857443,0.5231176960415678,0.27217206481684897,0.4787013542752141,54
clean54,endpoint_wasserstein1,state_average,4,32,36,all_common,cook_gap,flow,2862,169,0.05904961565338924,0.5718771217071654,0.10397229956888489,0.4923696705410545,45
clean54,endpoint_wasserstein1,state_average,4,32,36,strong_fixed_support,randi_wild_type,flow,824,133,0.16140776699029127,0.5985441171670131,0.20817474815560963,0.5349766336674714,24
clean54,endpoint_wasserstein1,state_average,4,32,36,strong_fixed_support,cook_struct,flow,1749,439,0.2510005717552887,0.49480776921873104,0.2445707881171866,0.4616805971324255,33
clean54,endpoint_wasserstein1,state_average,4,32,36,strong_fixed_support,cook_chem,flow,1749,405,0.23156089193825044,0.4880603321575544,0.21834274497865425,0.45519319955461673,33
clean54,endpoint_wasserstein1,state_average,4,32,36,strong_fixed_support,cook_gap,flow,1749,98,0.05603201829616924,0.5273921803730578,0.06783012827669768,0.44442923609244617,28
clean54,endpoint_wasserstein1,state_average,8,1,9,all_common,randi_wild_type,flow,1349,257,0.1905114899925871,0.6794800530209091,0.3021690620296714,0.6139190084943453,40
clean54,endpoint_wasserstein1,state_average,8,1,9,all_common,cook_struct,flow,2862,758,0.26484975541579314,0.5548490373907722,0.3131040984409054,0.5149145353382436,54
clean54,endpoint_wasserstein1,state_average,8,1,9,all_common,cook_chem,flow,2862,699,0.24423480083857443,0.5414187231346279,0.27661212017029047,0.503234706965102,54
clean54,endpoint_wasserstein1,state_average,8,1,9,all_common,cook_gap,flow,2862,169,0.05904961565338924,0.6117372016426544,0.1032296349366252,0.5585260043673407,45
clean54,endpoint_wasserstein1,state_average,8,1,9,strong_fixed_support,randi_wild_type,flow,824,133,0.16140776699029127,0.6508057408354461,0.23740966993292462,0.5771504705681084,24
clean54,endpoint_wasserstein1,state_average,8,1,9,strong_fixed_support,cook_struct,flow,1749,439,0.2510005717552887,0.5240536263889131,0.2724127266433123,0.4902223910581764,33
clean54,endpoint_wasserstein1,state_average,8,1,9,strong_fixed_support,cook_chem,flow,1749,405,0.23156089193825044,0.5121435920047032,0.24082521686659467,0.47897859326895736,33
clean54,endpoint_wasserstein1,state_average,8,1,9,strong_fixed_support,cook_gap,flow,1749,98,0.05603201829616924,0.5918738179705558,0.08698048997447404,0.5308434826404388,28
clean54,endpoint_wasserstein1,state_average,8,2,10,all_common,randi_wild_type,flow,1349,257,0.1905114899925871,0.6773100440415616,0.29890384361332334,0.6123393822049741,40
clean54,endpoint_wasserstein1,state_average,8,2,10,all_common,cook_struct,flow,2862,758,0.26484975541579314,0.554704821573683,0.31412680754159183,0.5140942761968081,54
clean54,endpoint_wasserstein1,state_average,8,2,10,all_common,cook_chem,flow,2862,699,0.24423480083857443,0.5414961073113496,0.2774167100316798,0.5029052685633633,54
clean54,endpoint_wasserstein1,state_average,8,2,10,all_common,cook_gap,flow,2862,169,0.05904961565338924,0.6116734817640299,0.10416917247412694,0.5538114032716632,45
clean54,endpoint_wasserstein1,state_average,8,2,10,strong_fixed_support,randi_wild_type,flow,824,133,0.16140776699029127,0.6494129680206304,0.23630950926243827,0.5788132173618296,24
clean54,endpoint_wasserstein1,state_average,8,2,10,strong_fixed_support,cook_struct,flow,1749,439,0.2510005717552887,0.5224660487923629,0.2721609927482064,0.4890266129296366,33
clean54,endpoint_wasserstein1,state_average,8,2,10,strong_fixed_support,cook_chem,flow,1749,405,0.23156089193825044,0.5108630952380953,0.24062516809684742,0.4785383479127714,33
clean54,endpoint_wasserstein1,state_average,8,2,10,strong_fixed_support,cook_gap,flow,1749,98,0.05603201829616924,0.5905511811023623,0.08775802968853887,0.5251373927590154,28
clean54,endpoint_wasserstein1,state_average,8,4,12,all_common,randi_wild_type,flow,1349,257,0.1905114899925871,0.6717977223813799,0.29103878566532804,0.6058707917354116,40
clean54,endpoint_wasserstein1,state_average,8,4,12,all_common,cook_struct,flow,2862,758,0.26484975541579314,0.5529848911985714,0.314666719019038,0.510416500439597,54
clean54,endpoint_wasserstein1,state_average,8,4,12,all_common,cook_chem,flow,2862,699,0.24423480083857443,0.5399814939379088,0.27754772160274704,0.4987546419004047,54
clean54,endpoint_wasserstein1,state_average,8,4,12,all_common,cook_gap,flow,2862,169,0.05904961565338924,0.608678647468673,0.10468710705321611,0.5485159450325328,45
clean54,endpoint_wasserstein1,state_average,8,4,12,strong_fixed_support,randi_wild_type,flow,824,133,0.16140776699029127,0.645299935801878,0.2327692891911172,0.5757522884323344,24
clean54,endpoint_wasserstein1,state_average,8,4,12,strong_fixed_support,cook_struct,flow,1749,439,0.2510005717552887,0.5180510876558452,0.26895793966990283,0.4840552594849414,33
clean54,endpoint_wasserstein1,state_average,8,4,12,strong_fixed_support,cook_chem,flow,1749,405,0.23156089193825044,0.5066982657260435,0.23748606514676418,0.4727962856701992,33
clean54,endpoint_wasserstein1,state_average,8,4,12,strong_fixed_support,cook_gap,flow,1749,98,0.05603201829616924,0.5831345257666967,0.0861854651801074,0.5171451871257039,28
clean54,endpoint_wasserstein1,state_average,8,8,16,all_common,randi_wild_type,flow,1349,257,0.1905114899925871,0.6607089408645829,0.2817842708946782,0.5919557722431069,40
clean54,endpoint_wasserstein1,state_average,8,8,16,all_common,cook_struct,flow,2862,758,0.26484975541579314,0.5490490534426197,0.3146761478986344,0.5029016045892617,54
clean54,endpoint_wasserstein1,state_average,8,8,16,all_common,cook_chem,flow,2862,699,0.24423480083857443,0.5369859987552391,0.2778051096636613,0.4924450593440192,54
clean54,endpoint_wasserstein1,state_average,8,8,16,all_common,cook_gap,flow,2862,169,0.05904961565338924,0.6006719151339107,0.1043765247035478,0.531182845637749,45
clean54,endpoint_wasserstein1,state_average,8,8,16,strong_fixed_support,randi_wild_type,flow,824,133,0.16140776699029127,0.6356810985495578,0.23192405986389575,0.56981981053748,24
clean54,endpoint_wasserstein1,state_average,8,8,16,strong_fixed_support,cook_struct,flow,1749,439,0.2510005717552887,0.5117077327027074,0.26217393238644615,0.4767017317703783,33
clean54,endpoint_wasserstein1,state_average,8,8,16,strong_fixed_support,cook_chem,flow,1749,405,0.23156089193825044,0.5015523956496178,0.2304909612806671,0.46692382084448253,33
clean54,endpoint_wasserstein1,state_average,8,8,16,strong_fixed_support,cook_gap,flow,1749,98,0.05603201829616924,0.5699390598153253,0.0852128408448097,0.4968532106537043,28
clean54,endpoint_wasserstein1,state_average,8,16,24,all_common,randi_wild_type,flow,1349,257,0.1905114899925871,0.6412821938113766,0.2700672655512339,0.5732967106042874,40
clean54,endpoint_wasserstein1,state_average,8,16,24,all_common,cook_struct,flow,2862,758,0.26484975541579314,0.5411764373927787,0.3120782419155829,0.4910922336026775,54
clean54,endpoint_wasserstein1,state_average,8,16,24,all_common,cook_chem,flow,2862,699,0.24423480083857443,0.5301368377121533,0.27566521940886174,0.482190964160812,54
clean54,endpoint_wasserstein1,state_average,8,16,24,all_common,cook_gap,flow,2862,169,0.05904961565338924,0.5875895648811185,0.10287295487171788,0.5096781717831613,45
clean54,endpoint_wasserstein1,state_average,8,16,24,strong_fixed_support,randi_wild_type,flow,824,133,0.16140776699029127,0.6162584464054492,0.21865689780620284,0.5461697211063045,24
clean54,endpoint_wasserstein1,state_average,8,16,24,strong_fixed_support,cook_struct,flow,1749,439,0.2510005717552887,0.5019979481472465,0.25210454976771224,0.4632965373685694,33
clean54,endpoint_wasserstein1,state_average,8,16,24,strong_fixed_support,cook_chem,flow,1749,405,0.23156089193825044,0.4931951793062904,0.22205184184119647,0.45614815128071856,33
clean54,endpoint_wasserstein1,state_average,8,16,24,strong_fixed_support,cook_gap,flow,1749,98,0.05603201829616924,0.5495803409189236,0.0822689237076599,0.4667543526373485,28
clean54,endpoint_wasserstein1,state_average,8,32,40,all_common,randi_wild_type,flow,1349,257,0.1905114899925871,0.6222794715012615,0.264727075644578,0.5496700661068291,40
clean54,endpoint_wasserstein1,state_average,8,32,40,all_common,cook_struct,flow,2862,758,0.26484975541579314,0.5329620925589654,0.3074767161015932,0.4826815706603312,54
clean54,endpoint_wasserstein1,state_average,8,32,40,all_common,cook_chem,flow,2862,699,0.24423480083857443,0.5230270838004494,0.27301529733721375,0.4745971692162879,54
clean54,endpoint_wasserstein1,state_average,8,32,40,all_common,cook_gap,flow,2862,169,0.05904961565338924,0.5727340442128068,0.10467660304805135,0.4839037522473943,45
clean54,endpoint_wasserstein1,state_average,8,32,40,strong_fixed_support,randi_wild_type,flow,824,133,0.16140776699029127,0.593125360434371,0.20835915199839622,0.5161715062936508,24
clean54,endpoint_wasserstein1,state_average,8,32,40,strong_fixed_support,cook_struct,flow,1749,439,0.2510005717552887,0.49452259646316227,0.24429984674796715,0.4557459254506613,33
clean54,endpoint_wasserstein1,state_average,8,32,40,strong_fixed_support,cook_chem,flow,1749,405,0.23156089193825044,0.4875900205761317,0.21684841141516958,0.4499882391429479,33
clean54,endpoint_wasserstein1,state_average,8,32,40,strong_fixed_support,cook_gap,flow,1749,98,0.05603201829616924,0.5275466940258842,0.07467906081525855,0.4339766993473174,28
clean54,endpoint_wasserstein1,state_average,16,1,17,all_common,randi_wild_type,flow,1349,257,0.1905114899925871,0.656750188851356,0.2781461988423536,0.581378438700933,40
clean54,endpoint_wasserstein1,state_average,16,1,17,all_common,cook_struct,flow,2862,758,0.26484975541579314,0.5418163167029506,0.30898558475090343,0.49732244025981626,54
clean54,endpoint_wasserstein1,state_average,16,1,17,all_common,cook_chem,flow,2862,699,0.24423480083857443,0.5295994475960308,0.2723498044330076,0.48632967506618036,54
clean54,endpoint_wasserstein1,state_average,16,1,17,all_common,cook_gap,flow,2862,169,0.05904961565338924,0.5889562464157568,0.10436273689862596,0.517162687428375,45
clean54,endpoint_wasserstein1,state_average,16,1,17,strong_fixed_support,randi_wild_type,flow,824,133,0.16140776699029127,0.6285213757983961,0.2241810745593694,0.5467204757295767,24
clean54,endpoint_wasserstein1,state_average,16,1,17,strong_fixed_support,cook_struct,flow,1749,439,0.2510005717552887,0.4999339233859048,0.2517402255334925,0.47038807319342796,33
clean54,endpoint_wasserstein1,state_average,16,1,17,strong_fixed_support,cook_chem,flow,1749,405,0.23156089193825044,0.48971377131099353,0.22246421575797393,0.46047497824072914,33
clean54,endpoint_wasserstein1,state_average,16,1,17,strong_fixed_support,cook_gap,flow,1749,98,0.05603201829616924,0.5493083968899491,0.07584399609974407,0.4757220030172665,28
clean54,endpoint_wasserstein1,state_average,16,2,18,all_common,randi_wild_type,flow,1349,257,0.1905114899925871,0.6540029361041033,0.2753028142548225,0.5809358636387587,40
clean54,endpoint_wasserstein1,state_average,16,2,18,all_common,cook_struct,flow,2862,758,0.26484975541579314,0.5421552238731101,0.30938567940034567,0.49607594881794675,54
clean54,endpoint_wasserstein1,state_average,16,2,18,all_common,cook_chem,flow,2862,699,0.24423480083857443,0.5299966202295465,0.2725407622608137,0.485257138741375,54
clean54,endpoint_wasserstein1,state_average,16,2,18,all_common,cook_gap,flow,2862,169,0.05904961565338924,0.5890770944614242,0.1043299954640694,0.5178572714716808,45
clean54,endpoint_wasserstein1,state_average,16,2,18,strong_fixed_support,randi_wild_type,flow,824,133,0.16140776699029127,0.6273462237358954,0.22322163432177775,0.5485307009439838,24
clean54,endpoint_wasserstein1,state_average,16,2,18,strong_fixed_support,cook_struct,flow,1749,439,0.2510005717552887,0.5002356152949974,0.2511590765863428,0.46896690677940583,33
clean54,endpoint_wasserstein1,state_average,16,2,18,strong_fixed_support,cook_chem,flow,1749,405,0.23156089193825044,0.4901556069958848,0.22205386229614982,0.4590474379466698,33
clean54,endpoint_wasserstein1,state_average,16,2,18,strong_fixed_support,cook_gap,flow,1749,98,0.05603201829616924,0.549401105081645,0.07555359630183876,0.4788873014166475,28
clean54,endpoint_wasserstein1,state_average,16,4,20,all_common,randi_wild_type,flow,1349,257,0.1905114899925871,0.6489288921195536,0.27215871990963936,0.5793099195357513,40
clean54,endpoint_wasserstein1,state_average,16,4,20,all_common,cook_struct,flow,2862,758,0.26484975541579314,0.5418570733469106,0.31032109203359337,0.49452149264771567,54
clean54,endpoint_wasserstein1,state_average,16,4,20,all_common,cook_chem,flow,2862,699,0.24423480083857443,0.5299731404152421,0.273395108233223,0.4837837658730919,54
clean54,endpoint_wasserstein1,state_average,16,4,20,all_common,cook_gap,flow,2862,169,0.05904961565338924,0.5877917107029621,0.10458280470115003,0.5160381131763756,45
clean54,endpoint_wasserstein1,state_average,16,4,20,strong_fixed_support,randi_wild_type,flow,824,133,0.16140776699029127,0.6226564965235084,0.22298324801896408,0.5464667074867613,24
clean54,endpoint_wasserstein1,state_average,16,4,20,strong_fixed_support,cook_struct,flow,1749,439,0.2510005717552887,0.49881409866281795,0.24943637364788743,0.4664995272494685,33
clean54,endpoint_wasserstein1,state_average,16,4,20,strong_fixed_support,cook_chem,flow,1749,405,0.23156089193825044,0.4891130217519107,0.2206246117551002,0.45672935357489336,33
clean54,endpoint_wasserstein1,state_average,16,4,20,strong_fixed_support,cook_gap,flow,1749,98,0.05603201829616924,0.5464406234934919,0.07582393757949199,0.47424510190333563,28
clean54,endpoint_wasserstein1,state_average,16,8,24,all_common,randi_wild_type,flow,1349,257,0.1905114899925871,0.6409721925286128,0.2671020517575662,0.572100424121776,40
clean54,endpoint_wasserstein1,state_average,16,8,24,all_common,cook_struct,flow,2862,758,0.26484975541579314,0.5396637388765713,0.3102861400284811,0.4903607155192351,54
clean54,endpoint_wasserstein1,state_average,16,8,24,all_common,cook_chem,flow,2862,699,0.24423480083857443,0.5283507183169669,0.273729261349008,0.48078745990293353,54
clean54,endpoint_wasserstein1,state_average,16,8,24,all_common,cook_gap,flow,2862,169,0.05904961565338924,0.5825644834185495,0.10415926098461237,0.5029568535707639,45
clean54,endpoint_wasserstein1,state_average,16,8,24,strong_fixed_support,randi_wild_type,flow,824,133,0.16140776699029127,0.6158449669760507,0.21570932378905297,0.5408994319964618,24
clean54,endpoint_wasserstein1,state_average,16,8,24,strong_fixed_support,cook_struct,flow,1749,439,0.2510005717552887,0.49655879949225346,0.24823434982352732,0.4622099490279079,33
clean54,endpoint_wasserstein1,state_average,16,8,24,strong_fixed_support,cook_chem,flow,1749,405,0.23156089193825044,0.4876249265138154,0.21886240375604815,0.4537551498984447,33
clean54,endpoint_wasserstein1,state_average,16,8,24,strong_fixed_support,cook_gap,flow,1749,98,0.05603201829616924,0.5394875091163055,0.08008019789652807,0.45910790866546153,28
clean54,endpoint_wasserstein1,state_average,16,16,32,all_common,randi_wild_type,flow,1349,257,0.1905114899925871,0.6274497227804621,0.2606278567351891,0.5622157900753677,40
clean54,endpoint_wasserstein1,state_average,16,16,32,all_common,cook_struct,flow,2862,758,0.26484975541579314,0.535440096511733,0.3092689231734532,0.48471886969176986,54
clean54,endpoint_wasserstein1,state_average,16,16,32,all_common,cook_chem,flow,2862,699,0.24423480083857443,0.5247824479459131,0.27354240168241095,0.4758988984014337,54
clean54,endpoint_wasserstein1,state_average,16,16,32,all_common,cook_gap,flow,2862,169,0.05904961565338924,0.5748324057330313,0.10480106639736256,0.4883379203927548,45
clean54,endpoint_wasserstein1,state_average,16,16,32,strong_fixed_support,randi_wild_type,flow,824,133,0.16140776699029127,0.6031685581537056,0.2101852825910255,0.5338326203899751,24
clean54,endpoint_wasserstein1,state_average,16,16,32,strong_fixed_support,cook_struct,flow,1749,439,0.2510005717552887,0.49305500008694286,0.24498510455257716,0.4576928747492943,33
clean54,endpoint_wasserstein1,state_average,16,16,32,strong_fixed_support,cook_chem,flow,1749,405,0.23156089193825044,0.48519437095825985,0.21672786254849197,0.45068241096577116,33
clean54,endpoint_wasserstein1,state_average,16,16,32,strong_fixed_support,cook_gap,flow,1749,98,0.05603201829616924,0.527985512799911,0.07670786106887052,0.4380207025510664,28
clean54,endpoint_wasserstein1,state_average,16,32,48,all_common,randi_wild_type,flow,1349,257,0.1905114899925871,0.6148144980829806,0.25808305617430827,0.5448550995102639,40
clean54,endpoint_wasserstein1,state_average,16,32,48,all_common,cook_struct,flow,2862,758,0.26484975541579314,0.5333608806444817,0.3059493999704581,0.48104574005786677,54
clean54,endpoint_wasserstein1,state_average,16,32,48,all_common,cook_chem,flow,2862,699,0.24423480083857443,0.5234741923770634,0.2721071411285092,0.4732695225946478,54
clean54,endpoint_wasserstein1,state_average,16,32,48,all_common,cook_gap,flow,2862,169,0.05904961565338924,0.5700731899709305,0.10425698808765535,0.4781557963786796,45
clean54,endpoint_wasserstein1,state_average,16,32,48,strong_fixed_support,randi_wild_type,flow,824,133,0.16140776699029127,0.5853562995767276,0.20439479366286495,0.5051673035010774,24
clean54,endpoint_wasserstein1,state_average,16,32,48,strong_fixed_support,cook_struct,flow,1749,439,0.2510005717552887,0.49310542697664717,0.24429444478075307,0.45490871022486706,33
clean54,endpoint_wasserstein1,state_average,16,32,48,strong_fixed_support,cook_chem,flow,1749,405,0.23156089193825044,0.4861570399764844,0.21684532959680197,0.4493198058374631,33
clean54,endpoint_wasserstein1,state_average,16,32,48,strong_fixed_support,cook_gap,flow,1749,98,0.05603201829616924,0.5213167035439251,0.07480648383889682,0.4248467541942445,28
clean54,endpoint_wasserstein1,baseline,1,1,2,all_common,randi_wild_type,flow,1349,257,0.1905114899925871,0.6677142572084206,0.3131947587241665,0.6502337671089925,40
clean54,endpoint_wasserstein1,baseline,1,1,2,all_common,cook_struct,flow,2862,758,0.26484975541579314,0.5748072524253338,0.31244560314122904,0.5420368291515436,54
clean54,endpoint_wasserstein1,baseline,1,1,2,all_common,cook_chem,flow,2862,699,0.24423480083857443,0.5631160557615826,0.2792387487781821,0.5300797176279924,54
clean54,endpoint_wasserstein1,baseline,1,1,2,all_common,cook_gap,flow,2862,169,0.05904961565338924,0.6219455656457571,0.08879508565170971,0.5978998476019161,45
clean54,endpoint_wasserstein1,baseline,1,1,2,strong_fixed_support,randi_wild_type,flow,824,133,0.16140776699029127,0.6410998552821997,0.2548922621171875,0.6107376517191643,24
clean54,endpoint_wasserstein1,baseline,1,1,2,strong_fixed_support,cook_struct,flow,1749,439,0.2510005717552887,0.5447912500652072,0.2864832844350501,0.5227372982794426,33
clean54,endpoint_wasserstein1,baseline,1,1,2,strong_fixed_support,cook_chem,flow,1749,405,0.23156089193825044,0.5330963403880071,0.25766334654681017,0.5109046727148724,33
clean54,endpoint_wasserstein1,baseline,1,1,2,strong_fixed_support,cook_gap,flow,1749,98,0.05603201829616924,0.6168246826289572,0.08995327460082336,0.5716714021022201,28
clean54,endpoint_wasserstein1,baseline,1,2,3,all_common,randi_wild_type,flow,1349,257,0.1905114899925871,0.6713024329755847,0.3126349263205211,0.651967225297289,40
clean54,endpoint_wasserstein1,baseline,1,2,3,all_common,cook_struct,flow,2862,758,0.26484975541579314,0.5748605495751277,0.3121777950297616,0.5414542387175532,54
clean54,endpoint_wasserstein1,baseline,1,2,3,all_common,cook_chem,flow,2862,699,0.24423480083857443,0.5633859082752786,0.2792819532035823,0.5297195499720507,54
clean54,endpoint_wasserstein1,baseline,1,2,3,all_common,cook_gap,flow,2862,169,0.05904961565338924,0.6218532816836111,0.08994686194976569,0.5994349225955194,45
clean54,endpoint_wasserstein1,baseline,1,2,3,strong_fixed_support,randi_wild_type,flow,824,133,0.16140776699029127,0.644440333830234,0.2576992082091037,0.6155433264517718,24
clean54,endpoint_wasserstein1,baseline,1,2,3,strong_fixed_support,cook_struct,flow,1749,439,0.2510005717552887,0.5430367420751534,0.2834323337877215,0.5211151513528112,33
clean54,endpoint_wasserstein1,baseline,1,2,3,strong_fixed_support,cook_chem,flow,1749,405,0.23156089193825044,0.5317056143445033,0.25519344140640904,0.510188785102109,33
clean54,endpoint_wasserstein1,baseline,1,2,3,strong_fixed_support,cook_gap,flow,1749,98,0.05603201829616924,0.613870381586917,0.0897680475551183,0.5701577436229153,28
clean54,endpoint_wasserstein1,baseline,1,4,5,all_common,randi_wild_type,flow,1349,257,0.1905114899925871,0.6717834694488392,0.3066687210278163,0.64634917986862,40
clean54,endpoint_wasserstein1,baseline,1,4,5,all_common,cook_struct,flow,2862,758,0.26484975541579314,0.5717034772314575,0.3123157826608789,0.5363620163300774,54
clean54,endpoint_wasserstein1,baseline,1,4,5,all_common,cook_chem,flow,2862,699,0.24423480083857443,0.560369248189574,0.2791414182268672,0.5243934753621835,54
clean54,endpoint_wasserstein1,baseline,1,4,5,all_common,cook_gap,flow,2862,169,0.05904961565338924,0.6211106155120552,0.09287035909985542,0.5949024565790434,45
clean54,endpoint_wasserstein1,baseline,1,4,5,strong_fixed_support,randi_wild_type,flow,824,133,0.16140776699029127,0.6425796763979412,0.255337506605378,0.6151161066889975,24
clean54,endpoint_wasserstein1,baseline,1,4,5,strong_fixed_support,cook_struct,flow,1749,439,0.2510005717552887,0.5373141595228572,0.28196179790520565,0.5151577925522254,33
clean54,endpoint_wasserstein1,baseline,1,4,5,strong_fixed_support,cook_chem,flow,1749,405,0.23156089193825044,0.5266222075249853,0.2545247933743167,0.5046884836399564,33
clean54,endpoint_wasserstein1,baseline,1,4,5,strong_fixed_support,cook_gap,flow,1749,98,0.05603201829616924,0.6096552491378139,0.08945536837563112,0.5620811740500968,28
clean54,endpoint_wasserstein1,baseline,1,8,9,all_common,randi_wild_type,flow,1349,257,0.1905114899925871,0.6629609042060405,0.29100686242958673,0.6340491381825967,40
clean54,endpoint_wasserstein1,baseline,1,8,9,all_common,cook_struct,flow,2862,758,0.26484975541579314,0.5670556522567894,0.3142792471005106,0.5263711433718148,54
clean54,endpoint_wasserstein1,baseline,1,8,9,all_common,cook_chem,flow,2862,699,0.24423480083857443,0.5560697965589836,0.28037290756155575,0.5144671216515159,54
clean54,endpoint_wasserstein1,baseline,1,8,9,all_common,cook_gap,flow,2862,169,0.05904961565338924,0.6175148368441523,0.09749959315392688,0.5922656691729229,45
clean54,endpoint_wasserstein1,baseline,1,8,9,strong_fixed_support,randi_wild_type,flow,824,133,0.16140776699029127,0.6322318096253658,0.24207231069269797,0.5967483419379002,24
clean54,endpoint_wasserstein1,baseline,1,8,9,strong_fixed_support,cook_struct,flow,1749,439,0.2510005717552887,0.5291936914222122,0.2774558927726318,0.5054172080618184,33
clean54,endpoint_wasserstein1,baseline,1,8,9,strong_fixed_support,cook_chem,flow,1749,405,0.23156089193825044,0.5193397266313933,0.24992051274379712,0.49451667357818024,33
clean54,endpoint_wasserstein1,baseline,1,8,9,strong_fixed_support,cook_gap,flow,1749,98,0.05603201829616924,0.6003040828687622,0.09055409758185201,0.5616519524643819,28
clean54,endpoint_wasserstein1,baseline,1,16,17,all_common,randi_wild_type,flow,1349,257,0.1905114899925871,0.6398640270235602,0.2739498428818815,0.5974785154426907,40
clean54,endpoint_wasserstein1,baseline,1,16,17,all_common,cook_struct,flow,2862,758,0.26484975541579314,0.5536382515525147,0.3165725020826454,0.506238425048975,54
clean54,endpoint_wasserstein1,baseline,1,16,17,all_common,cook_chem,flow,2862,699,0.24423480083857443,0.543741571242717,0.280925093812179,0.494696307879857,54
clean54,endpoint_wasserstein1,baseline,1,16,17,all_common,cook_gap,flow,2862,169,0.05904961565338924,0.6001819312396592,0.10107280313680954,0.5553242907010674,45
clean54,endpoint_wasserstein1,baseline,1,16,17,strong_fixed_support,randi_wild_type,flow,824,133,0.16140776699029127,0.6122868676757016,0.22982625395818712,0.5663879512379038,24
clean54,endpoint_wasserstein1,baseline,1,16,17,strong_fixed_support,cook_struct,flow,1749,439,0.2510005717552887,0.5098975812481524,0.2655038304510783,0.4823586130497306,33
clean54,endpoint_wasserstein1,baseline,1,16,17,strong_fixed_support,cook_chem,flow,1749,405,0.23156089193825044,0.5018353174603175,0.23547004972570895,0.47260294525327745,33
clean54,endpoint_wasserstein1,baseline,1,16,17,strong_fixed_support,cook_gap,flow,1749,98,0.05603201829616924,0.5703778785893522,0.0872440371700924,0.5194586513612016,28
clean54,endpoint_wasserstein1,baseline,1,32,33,all_common,randi_wild_type,flow,1349,257,0.1905114899925871,0.6153881786177506,0.2619066040546858,0.5616301915223847,40
clean54,endpoint_wasserstein1,baseline,1,32,33,all_common,cook_struct,flow,2862,758,0.26484975541579314,0.5402399751196364,0.312069371280981,0.4867844711598207,54
clean54,endpoint_wasserstein1,baseline,1,32,33,all_common,cook_chem,flow,2862,699,0.24423480083857443,0.5314308731117765,0.2777873842961347,0.47838053883947457,54
clean54,endpoint_wasserstein1,baseline,1,32,33,all_common,cook_gap,flow,2862,169,0.05904961565338924,0.5778733820094613,0.10184298114097219,0.49868986989006964,45
clean54,endpoint_wasserstein1,baseline,1,32,33,strong_fixed_support,randi_wild_type,flow,824,133,0.16140776699029127,0.5861070911722142,0.21822315121613778,0.5261901404681062,24
clean54,endpoint_wasserstein1,baseline,1,32,33,strong_fixed_support,cook_struct,flow,1749,439,0.2510005717552887,0.4977220956719818,0.24840356282962106,0.46002935424430735,33
clean54,endpoint_wasserstein1,baseline,1,32,33,strong_fixed_support,cook_chem,flow,1749,405,0.23156089193825044,0.49091159611992946,0.2200716329316428,0.45316291309409734,33
clean54,endpoint_wasserstein1,baseline,1,32,33,strong_fixed_support,cook_gap,flow,1749,98,0.05603201829616924,0.5384615384615384,0.0793395311185481,0.4506136674787019,28
clean54,endpoint_wasserstein1,baseline,4,1,5,all_common,randi_wild_type,flow,1349,257,0.1905114899925871,0.6656582716894001,0.2930670638988263,0.6391114758031913,40
clean54,endpoint_wasserstein1,baseline,4,1,5,all_common,cook_struct,flow,2862,758,0.26484975541579314,0.558613697242092,0.3069231966647967,0.5244842256524008,54
clean54,endpoint_wasserstein1,baseline,4,1,5,all_common,cook_chem,flow,2862,699,0.24423480083857443,0.5434571678581845,0.27070473409959395,0.508213170034831,54
clean54,endpoint_wasserstein1,baseline,4,1,5,all_common,cook_gap,flow,2862,169,0.05904961565338924,0.6160833368122922,0.0920092520532948,0.5789747901155103,45
clean54,endpoint_wasserstein1,baseline,4,1,5,strong_fixed_support,randi_wild_type,flow,824,133,0.16140776699029127,0.6324494303776808,0.2414077108467449,0.5886005882368404,24
clean54,endpoint_wasserstein1,baseline,4,1,5,strong_fixed_support,cook_struct,flow,1749,439,0.2510005717552887,0.5213949121007146,0.2714828738685451,0.5042674698873126,33
clean54,endpoint_wasserstein1,baseline,4,1,5,strong_fixed_support,cook_chem,flow,1749,405,0.23156089193825044,0.5059193121693122,0.2397404457346685,0.48824142717274394,33
clean54,endpoint_wasserstein1,baseline,4,1,5,strong_fixed_support,cook_gap,flow,1749,98,0.05603201829616924,0.6056440747104413,0.08903617644327919,0.5553130431108565,28
clean54,endpoint_wasserstein1,baseline,4,2,6,all_common,randi_wild_type,flow,1349,257,0.1905114899925871,0.6656689613888058,0.2907185251463508,0.6386674046623817,40
clean54,endpoint_wasserstein1,baseline,4,2,6,all_common,cook_struct,flow,2862,758,0.26484975541579314,0.5596037701776739,0.3078830096272067,0.5259113174143013,54
clean54,endpoint_wasserstein1,baseline,4,2,6,all_common,cook_chem,flow,2862,699,0.24423480083857443,0.5448242883136004,0.27188735343730874,0.5106471830559146,54
clean54,endpoint_wasserstein1,baseline,4,2,6,all_common,cook_gap,flow,2862,169,0.05904961565338924,0.617340156487233,0.09342831355322415,0.5799777862540532,45
clean54,endpoint_wasserstein1,baseline,4,2,6,strong_fixed_support,randi_wild_type,flow,824,133,0.16140776699029127,0.6345385895999043,0.2425117976701729,0.591269963118608,24
clean54,endpoint_wasserstein1,baseline,4,2,6,strong_fixed_support,cook_struct,flow,1749,439,0.2510005717552887,0.5227720878471195,0.2737784495897447,0.5074112815288025,33
clean54,endpoint_wasserstein1,baseline,4,2,6,strong_fixed_support,cook_chem,flow,1749,405,0.23156089193825044,0.5076664462081129,0.24161866556481623,0.4920674020650714,33
clean54,endpoint_wasserstein1,baseline,4,2,6,strong_fixed_support,cook_gap,flow,1749,98,0.05603201829616924,0.6080730293328719,0.09135124415996085,0.557869606663007,28
clean54,endpoint_wasserstein1,baseline,4,4,8,all_common,randi_wild_type,flow,1349,257,0.1905114899925871,0.6612006670372429,0.28585878832880274,0.6357399996511311,40
clean54,endpoint_wasserstein1,baseline,4,4,8,all_common,cook_struct,flow,2862,758,0.26484975541579314,0.5597809048225769,0.3094644042172009,0.522468422902258,54
clean54,endpoint_wasserstein1,baseline,4,4,8,all_common,cook_chem,flow,2862,699,0.24423480083857443,0.5450296540133617,0.2729248127381387,0.5075167495252642,54
clean54,endpoint_wasserstein1,baseline,4,4,8,all_common,cook_gap,flow,2862,169,0.05904961565338924,0.619001267805861,0.09634351557632742,0.579490152480197,45
clean54,endpoint_wasserstein1,baseline,4,4,8,strong_fixed_support,randi_wild_type,flow,824,133,0.16140776699029127,0.6284343274974702,0.23672500691248946,0.5879733938863744,24
clean54,endpoint_wasserstein1,baseline,4,4,8,strong_fixed_support,cook_struct,flow,1749,439,0.2510005717552887,0.5213383992070806,0.2753080966281426,0.5039527015825738,33
clean54,endpoint_wasserstein1,baseline,4,4,8,strong_fixed_support,cook_chem,flow,1749,405,0.23156089193825044,0.5067487874779542,0.24316075768799428,0.4889686600102442,33
clean54,endpoint_wasserstein1,baseline,4,4,8,strong_fixed_support,cook_gap,flow,1749,98,0.05603201829616924,0.6057924078171547,0.0957696423185703,0.5581660646056582,28
clean54,endpoint_wasserstein1,baseline,4,8,12,all_common,randi_wild_type,flow,1349,257,0.1905114899925871,0.6541989139265404,0.2782553591074558,0.6207135004948945,40
clean54,endpoint_wasserstein1,baseline,4,8,12,all_common,cook_struct,flow,2862,758,0.26484975541579314,0.5548596968207309,0.311447083303493,0.513364225798107,54
clean54,endpoint_wasserstein1,baseline,4,8,12,all_common,cook_chem,flow,2862,699,0.24423480083857443,0.541355228425523,0.27501654520080754,0.5006400753837273,54
clean54,endpoint_wasserstein1,baseline,4,8,12,all_common,cook_gap,flow,2862,169,0.05904961565338924,0.6124359230703313,0.09899853607257468,0.5668747040752045,45
clean54,endpoint_wasserstein1,baseline,4,8,12,strong_fixed_support,randi_wild_type,flow,824,133,0.16140776699029127,0.6230373328400596,0.2245659061870081,0.5791328567645267,24
clean54,endpoint_wasserstein1,baseline,4,8,12,strong_fixed_support,cook_struct,flow,1749,439,0.2510005717552887,0.5124589194734737,0.2730464176174628,0.4935087612925057,33
clean54,endpoint_wasserstein1,baseline,4,8,12,strong_fixed_support,cook_chem,flow,1749,405,0.23156089193825044,0.49967482363315696,0.24083563504140518,0.48130873224087556,33
clean54,endpoint_wasserstein1,baseline,4,8,12,strong_fixed_support,cook_gap,flow,1749,98,0.05603201829616924,0.5890987527657944,0.09685196354385522,0.5383247917327137,28
clean54,endpoint_wasserstein1,baseline,4,16,20,all_common,randi_wild_type,flow,1349,257,0.1905114899925871,0.635210444548966,0.2684531233059131,0.5914637220028336,40
clean54,endpoint_wasserstein1,baseline,4,16,20,all_common,cook_struct,flow,2862,758,0.26484975541579314,0.5461452993167932,0.3134718781242996,0.49925027201722305,54
clean54,endpoint_wasserstein1,baseline,4,16,20,all_common,cook_chem,flow,2862,699,0.24423480083857443,0.5345639401641735,0.27688713985079927,0.48842823603546526,54
clean54,endpoint_wasserstein1,baseline,4,16,20,all_common,cook_gap,flow,2862,169,0.05904961565338924,0.5955699303695533,0.10176363978833389,0.5314466644982432,45
clean54,endpoint_wasserstein1,baseline,4,16,20,strong_fixed_support,randi_wild_type,flow,824,133,0.16140776699029127,0.6040825653134283,0.21814268012328897,0.5568730544786467,24
clean54,endpoint_wasserstein1,baseline,4,16,20,strong_fixed_support,cook_struct,flow,1749,439,0.2510005717552887,0.49880192665495837,0.26096818706035996,0.47602572658505043,33
clean54,endpoint_wasserstein1,baseline,4,16,20,strong_fixed_support,cook_chem,flow,1749,405,0.23156089193825044,0.4884057172251617,0.226819952040076,0.46609069489162985,33
clean54,endpoint_wasserstein1,baseline,4,16,20,strong_fixed_support,cook_gap,flow,1749,98,0.05603201829616924,0.5606496990074042,0.09209475704957154,0.4949904165760195,28
clean54,endpoint_wasserstein1,baseline,4,32,36,all_common,randi_wild_type,flow,1349,257,0.1905114899925871,0.6127513860976895,0.2610066918781903,0.5616106191980402,40
clean54,endpoint_wasserstein1,baseline,4,32,36,all_common,cook_struct,flow,2862,758,0.26484975541579314,0.5359203978851691,0.31268727631102483,0.48709630125040326,54
clean54,endpoint_wasserstein1,baseline,4,32,36,all_common,cook_chem,flow,2862,699,0.24423480083857443,0.5259478404192767,0.2782479582839548,0.4793716977022768,54
clean54,endpoint_wasserstein1,baseline,4,32,36,all_common,cook_gap,flow,2862,169,0.05904961565338924,0.577284522441482,0.10293175539483354,0.4885983227767045,45
clean54,endpoint_wasserstein1,baseline,4,32,36,strong_fixed_support,randi_wild_type,flow,824,133,0.16140776699029127,0.578457721728344,0.2092474328889019,0.5264115638182195,24
clean54,endpoint_wasserstein1,baseline,4,32,36,strong_fixed_support,cook_struct,flow,1749,439,0.2510005717552887,0.48734458954250637,0.2452324129432353,0.4614999277285842,33
clean54,endpoint_wasserstein1,baseline,4,32,36,strong_fixed_support,cook_chem,flow,1749,405,0.23156089193825044,0.4798537624926514,0.21615407229702271,0.4560356886757208,33
clean54,endpoint_wasserstein1,baseline,4,32,36,strong_fixed_support,cook_gap,flow,1749,98,0.05603201829616924,0.5289373169013214,0.08060822193273928,0.44024514193866243,28
clean54,endpoint_wasserstein1,baseline,8,1,9,all_common,randi_wild_type,flow,1349,257,0.1905114899925871,0.6605842277048504,0.2863659392954859,0.6116992747458723,40
clean54,endpoint_wasserstein1,baseline,8,1,9,all_common,cook_struct,flow,2862,758,0.26484975541579314,0.5602771953409513,0.31264844090664656,0.5172751503492022,54
clean54,endpoint_wasserstein1,baseline,8,1,9,all_common,cook_chem,flow,2862,699,0.24423480083857443,0.5474229415643641,0.27686779554957064,0.5067179588682615,54
clean54,endpoint_wasserstein1,baseline,8,1,9,all_common,cook_gap,flow,2862,169,0.05904961565338924,0.6159317274459095,0.09385281956703477,0.5608476986184224,45
clean54,endpoint_wasserstein1,baseline,8,1,9,strong_fixed_support,randi_wild_type,flow,824,133,0.16140776699029127,0.6253985180026768,0.22234983070914316,0.5723426728835518,24
clean54,endpoint_wasserstein1,baseline,8,1,9,strong_fixed_support,cook_struct,flow,1749,439,0.2510005717552887,0.5212558034394617,0.27497048787898504,0.4942982884599149,33
clean54,endpoint_wasserstein1,baseline,8,1,9,strong_fixed_support,cook_chem,flow,1749,405,0.23156089193825044,0.5103137860082305,0.24396881153320352,0.4851712026259943,33
clean54,endpoint_wasserstein1,baseline,8,1,9,strong_fixed_support,cook_gap,flow,1749,98,0.05603201829616924,0.5976958924090532,0.09354496090717229,0.5322956102535765,28
clean54,endpoint_wasserstein1,baseline,8,2,10,all_common,randi_wild_type,flow,1349,257,0.1905114899925871,0.6588453699348641,0.2834943872475686,0.6071066856883085,40
clean54,endpoint_wasserstein1,baseline,8,2,10,all_common,cook_struct,flow,2862,758,0.26484975541579314,0.5603794004634971,0.31353504619595624,0.5164150172570056,54
clean54,endpoint_wasserstein1,baseline,8,2,10,all_common,cook_chem,flow,2862,699,0.24423480083857443,0.5478693887377583,0.27783538722272166,0.5064714813660189,54
clean54,endpoint_wasserstein1,baseline,8,2,10,all_common,cook_gap,flow,2862,169,0.05904961565338924,0.6150440436195528,0.0940588383844577,0.5597400501342362,45
clean54,endpoint_wasserstein1,baseline,8,2,10,strong_fixed_support,randi_wild_type,flow,824,133,0.16140776699029127,0.6234399312318422,0.21946865315317682,0.5776645374976958,24
clean54,endpoint_wasserstein1,baseline,8,2,10,strong_fixed_support,cook_struct,flow,1749,439,0.2510005717552887,0.5211514719435218,0.2749095885397799,0.4940232925062003,33
clean54,endpoint_wasserstein1,baseline,8,2,10,strong_fixed_support,cook_chem,flow,1749,405,0.23156089193825044,0.5105967078189301,0.2440629494400727,0.48566292535049216,33
clean54,endpoint_wasserstein1,baseline,8,2,10,strong_fixed_support,cook_gap,flow,1749,98,0.05603201829616924,0.5964041582714248,0.0935654808579171,0.5338357355505461,28
clean54,endpoint_wasserstein1,baseline,8,4,12,all_common,randi_wild_type,flow,1349,257,0.1905114899925871,0.6538924758769118,0.278564164479042,0.6096011456310453,40
clean54,endpoint_wasserstein1,baseline,8,4,12,all_common,cook_struct,flow,2862,758,0.26484975541579314,0.5580838608706121,0.3150356457831015,0.5118702141850666,54
clean54,endpoint_wasserstein1,baseline,8,4,12,all_common,cook_chem,flow,2862,699,0.24423480083857443,0.5461093947697557,0.27933426605609096,0.5024549324357725,54
clean54,endpoint_wasserstein1,baseline,8,4,12,all_common,cook_gap,flow,2862,169,0.05904961565338924,0.6114251939611134,0.09588857610935145,0.5522619762271205,45
clean54,endpoint_wasserstein1,baseline,8,4,12,strong_fixed_support,randi_wild_type,flow,824,133,0.16140776699029127,0.6201538578718867,0.21653635618970007,0.5874840746947444,24
clean54,endpoint_wasserstein1,baseline,8,4,12,strong_fixed_support,cook_struct,flow,1749,439,0.2510005717552887,0.5170077726964476,0.2733775347743453,0.4874767378922857,33
clean54,endpoint_wasserstein1,baseline,8,4,12,strong_fixed_support,cook_chem,flow,1749,405,0.23156089193825044,0.5071446942974721,0.24282993558359095,0.4796114758173109,33
clean54,endpoint_wasserstein1,baseline,8,4,12,strong_fixed_support,cook_gap,flow,1749,98,0.05603201829616924,0.589735349015439,0.09191413639948583,0.5230443137850749,28
clean54,endpoint_wasserstein1,baseline,8,8,16,all_common,randi_wild_type,flow,1349,257,0.1905114899925871,0.6429996721825516,0.27260734495759487,0.5977763403047516,40
clean54,endpoint_wasserstein1,baseline,8,8,16,all_common,cook_struct,flow,2862,758,0.26484975541579314,0.5523848279944219,0.3146176516469119,0.5017331031564262,54
clean54,endpoint_wasserstein1,baseline,8,8,16,all_common,cook_chem,flow,2862,699,0.24423480083857443,0.5414240143603868,0.278814954174747,0.4932530708584481,54
clean54,endpoint_wasserstein1,baseline,8,8,16,all_common,cook_gap,flow,2862,169,0.05904961565338924,0.6022780955226897,0.09601791106637281,0.5367043593304063,45
clean54,endpoint_wasserstein1,baseline,8,8,16,strong_fixed_support,randi_wild_type,flow,824,133,0.16140776699029127,0.6098930394002372,0.21230577421709673,0.5739099242540192,24
clean54,endpoint_wasserstein1,baseline,8,8,16,strong_fixed_support,cook_struct,flow,1749,439,0.2510005717552887,0.5083030482185397,0.26436012423032623,0.4759736663777714,33
clean54,endpoint_wasserstein1,baseline,8,8,16,strong_fixed_support,cook_chem,flow,1749,405,0.23156089193825044,0.49986405055849503,0.23376771407240507,0.46979880710656097,33
clean54,endpoint_wasserstein1,baseline,8,8,16,strong_fixed_support,cook_gap,flow,1749,98,0.05603201829616924,0.5748464134290906,0.0892779227280875,0.5016165805758053,28
clean54,endpoint_wasserstein1,baseline,8,16,24,all_common,randi_wild_type,flow,1349,257,0.1905114899925871,0.6277134020324683,0.26342637175699485,0.5754521979734333,40
clean54,endpoint_wasserstein1,baseline,8,16,24,all_common,cook_struct,flow,2862,758,0.26484975541579314,0.5424565095257682,0.31278743381551954,0.486015549295917,54
clean54,endpoint_wasserstein1,baseline,8,16,24,all_common,cook_chem,flow,2862,699,0.24423480083857443,0.5319295711395382,0.27666968200621367,0.4776772898048768,54
clean54,endpoint_wasserstein1,baseline,8,16,24,all_common,cook_gap,flow,2862,169,0.05904961565338924,0.5909820991085808,0.099085748013191,0.5075897719986036,45
clean54,endpoint_wasserstein1,baseline,8,16,24,strong_fixed_support,randi_wild_type,flow,824,133,0.16140776699029127,0.5928968586444403,0.21178815677048235,0.5499779493427219,24
clean54,endpoint_wasserstein1,baseline,8,16,24,strong_fixed_support,cook_struct,flow,1749,439,0.2510005717552887,0.4958771670521135,0.2523410135129996,0.45708031403107013,33
clean54,endpoint_wasserstein1,baseline,8,16,24,strong_fixed_support,cook_chem,flow,1749,405,0.23156089193825044,0.48783068783068784,0.2220633492813957,0.4499747587892291,33
clean54,endpoint_wasserstein1,baseline,8,16,24,strong_fixed_support,cook_gap,flow,1749,98,0.05603201829616924,0.5555754706485866,0.08564468562290133,0.4704284179684122,28
clean54,endpoint_wasserstein1,baseline,8,32,40,all_common,randi_wild_type,flow,1349,257,0.1905114899925871,0.6115755191630677,0.2588916032778469,0.5508485645190376,40
clean54,endpoint_wasserstein1,baseline,8,32,40,all_common,cook_struct,flow,2862,758,0.26484975541579314,0.5339289655587548,0.30831560966472027,0.4775779724360936,54
clean54,endpoint_wasserstein1,baseline,8,32,40,all_common,cook_chem,flow,2862,699,0.24423480083857443,0.5238306887125588,0.2722844069633824,0.47023408575872405,54
clean54,endpoint_wasserstein1,baseline,8,32,40,all_common,cook_gap,flow,2862,169,0.05904961565338924,0.5784578471030526,0.10162621062106703,0.48150718428458017,45
clean54,endpoint_wasserstein1,baseline,8,32,40,strong_fixed_support,randi_wild_type,flow,824,133,0.16140776699029127,0.5733218719737114,0.20281798877009366,0.5225835691110337,24
clean54,endpoint_wasserstein1,baseline,8,32,40,strong_fixed_support,cook_struct,flow,1749,439,0.2510005717552887,0.489579022413883,0.2437916927303439,0.45180269748553337,33
clean54,endpoint_wasserstein1,baseline,8,32,40,strong_fixed_support,cook_chem,flow,1749,405,0.23156089193825044,0.4826186801881246,0.21620255218169265,0.4470465097232252,33
clean54,endpoint_wasserstein1,baseline,8,32,40,strong_fixed_support,cook_gap,flow,1749,98,0.05603201829616924,0.5341536978207394,0.07752596669476743,0.43688044345694094,28
clean54,endpoint_wasserstein1,baseline,16,1,17,all_common,randi_wild_type,flow,1349,257,0.1905114899925871,0.6527522412736421,0.27817343957523,0.5873275422521612,40
clean54,endpoint_wasserstein1,baseline,16,1,17,all_common,cook_struct,flow,2862,758,0.26484975541579314,0.5554491005949216,0.3167479895240377,0.4959699923189253,54
clean54,endpoint_wasserstein1,baseline,16,1,17,all_common,cook_chem,flow,2862,699,0.24423480083857443,0.5446688585569373,0.28039587189329696,0.48604343852682386,54
clean54,endpoint_wasserstein1,baseline,16,1,17,all_common,cook_gap,flow,2862,169,0.05904961565338924,0.6033107970038474,0.10473854252992713,0.5214784903560842,45
clean54,endpoint_wasserstein1,baseline,16,1,17,strong_fixed_support,randi_wild_type,flow,824,133,0.16140776699029127,0.6270524357202703,0.23265831322877414,0.5566773701799285,24
clean54,endpoint_wasserstein1,baseline,16,1,17,strong_fixed_support,cook_struct,flow,1749,439,0.2510005717552887,0.5143090646681389,0.2721321268443447,0.4700593289947459,33
clean54,endpoint_wasserstein1,baseline,16,1,17,strong_fixed_support,cook_chem,flow,1749,405,0.23156089193825044,0.5054398148148148,0.23668258565585,0.4609392011725041,33
clean54,endpoint_wasserstein1,baseline,16,1,17,strong_fixed_support,cook_gap,flow,1749,98,0.05603201829616924,0.5706065587955352,0.10150848915144443,0.4858540971871442,28
clean54,endpoint_wasserstein1,baseline,16,2,18,all_common,randi_wild_type,flow,1349,257,0.1905114899925871,0.649450905773863,0.27551943772488535,0.5823136457054321,40
clean54,endpoint_wasserstein1,baseline,16,2,18,all_common,cook_struct,flow,2862,758,0.26484975541579314,0.5550277395989045,0.3170038911422679,0.493894156999401,54
clean54,endpoint_wasserstein1,baseline,16,2,18,all_common,cook_chem,flow,2862,699,0.24423480083857443,0.5442515131252161,0.28045861837701497,0.48442641969788547,54
clean54,endpoint_wasserstein1,baseline,16,2,18,all_common,cook_gap,flow,2862,169,0.05904961565338924,0.6028735468022508,0.10494907940634438,0.5202344804207986,45
clean54,endpoint_wasserstein1,baseline,16,2,18,strong_fixed_support,randi_wild_type,flow,824,133,0.16140776699029127,0.624359378910373,0.22979057346928725,0.5521990969669739,24
clean54,endpoint_wasserstein1,baseline,16,2,18,strong_fixed_support,cook_struct,flow,1749,439,0.2510005717552887,0.5149802639586848,0.2723555067848801,0.46796967256816774,33
clean54,endpoint_wasserstein1,baseline,16,2,18,strong_fixed_support,cook_chem,flow,1749,405,0.23156089193825044,0.5060387272192828,0.23524455053544185,0.4595939452685953,33
clean54,endpoint_wasserstein1,baseline,16,2,18,strong_fixed_support,cook_gap,flow,1749,98,0.05603201829616924,0.5716325294503022,0.10717143214173974,0.48566570078801324,28
clean54,endpoint_wasserstein1,baseline,16,4,20,all_common,randi_wild_type,flow,1349,257,0.1905114899925871,0.6426148430039481,0.27238628014589017,0.5791258199454866,40
clean54,endpoint_wasserstein1,baseline,16,4,20,all_common,cook_struct,flow,2862,758,0.26484975541579314,0.5533896360243586,0.3176971613645929,0.49112497148141304,54
clean54,endpoint_wasserstein1,baseline,16,4,20,all_common,cook_chem,flow,2862,699,0.24423480083857443,0.5428569444361769,0.281114609659531,0.4815251371860814,54
clean54,endpoint_wasserstein1,baseline,16,4,20,all_common,cook_gap,flow,2862,169,0.05904961565338924,0.600469769312067,0.10562822805693878,0.5208027282358201,45
clean54,endpoint_wasserstein1,baseline,16,4,20,strong_fixed_support,randi_wild_type,flow,824,133,0.16140776699029127,0.6175206467688759,0.22825589670150215,0.5507331161761012,24
clean54,endpoint_wasserstein1,baseline,16,4,20,strong_fixed_support,cook_struct,flow,1749,439,0.2510005717552887,0.5124093620129023,0.26915797415990717,0.4644386712743282,33
clean54,endpoint_wasserstein1,baseline,16,4,20,strong_fixed_support,cook_chem,flow,1749,405,0.23156089193825044,0.503901197824809,0.23310070102402874,0.45640565545031464,33
clean54,endpoint_wasserstein1,baseline,16,4,20,strong_fixed_support,cook_gap,flow,1749,98,0.05603201829616924,0.5673741331784077,0.10675637118544881,0.48225321478233163,28
clean54,endpoint_wasserstein1,baseline,16,8,24,all_common,randi_wild_type,flow,1349,257,0.1905114899925871,0.6343267627314321,0.26851702825680834,0.5673192908710245,40
clean54,endpoint_wasserstein1,baseline,16,8,24,all_common,cook_struct,flow,2862,758,0.26484975541579314,0.5499823805893034,0.3168030573329484,0.4853842066685323,54
clean54,endpoint_wasserstein1,baseline,16,8,24,all_common,cook_chem,flow,2862,699,0.24423480083857443,0.540242417508137,0.2807333857372223,0.4765716348647105,54
clean54,endpoint_wasserstein1,baseline,16,8,24,all_common,cook_gap,flow,2862,169,0.05904961565338924,0.5949788735643802,0.10588663209065123,0.5102204642329781,45
clean54,endpoint_wasserstein1,baseline,16,8,24,strong_fixed_support,randi_wild_type,flow,824,133,0.16140776699029127,0.6070966127329902,0.2233154645250612,0.5346871933259665,24
clean54,endpoint_wasserstein1,baseline,16,8,24,strong_fixed_support,cook_struct,flow,1749,439,0.2510005717552887,0.5099810464449043,0.2635267130181924,0.46074068007147984,33
clean54,endpoint_wasserstein1,baseline,16,8,24,strong_fixed_support,cook_chem,flow,1749,405,0.23156089193825044,0.502526087595532,0.22969962762909923,0.45376524924219364,33
clean54,endpoint_wasserstein1,baseline,16,8,24,strong_fixed_support,cook_gap,flow,1749,98,0.05603201829616924,0.5604271993473343,0.10405608062874121,0.46768378104083697,28
clean54,endpoint_wasserstein1,baseline,16,16,32,all_common,randi_wild_type,flow,1349,257,0.1905114899925871,0.6196462422143356,0.26132075767861934,0.5557624399643278,40
clean54,endpoint_wasserstein1,baseline,16,16,32,all_common,cook_struct,flow,2862,758,0.26484975541579314,0.5446862114630255,0.31613560201209123,0.4781406218974939,54
clean54,endpoint_wasserstein1,baseline,16,16,32,all_common,cook_chem,flow,2862,699,0.24423480083857443,0.5354965187041523,0.280566991770884,0.4699367228799592,54
clean54,endpoint_wasserstein1,baseline,16,16,32,all_common,cook_gap,flow,2862,169,0.05904961565338924,0.5876005510670882,0.10636807061161087,0.49232209722289383,45
clean54,endpoint_wasserstein1,baseline,16,16,32,strong_fixed_support,randi_wild_type,flow,824,133,0.16140776699029127,0.5919502083718703,0.2186052057191705,0.5272640514522219,24
clean54,endpoint_wasserstein1,baseline,16,16,32,strong_fixed_support,cook_struct,flow,1749,439,0.2510005717552887,0.5051591924742215,0.2596905769328781,0.4556284818161492,33
clean54,endpoint_wasserstein1,baseline,16,16,32,strong_fixed_support,cook_chem,flow,1749,405,0.23156089193825044,0.49843290711346266,0.22637950477144658,0.4488913908523393,33
clean54,endpoint_wasserstein1,baseline,16,16,32,strong_fixed_support,cook_gap,flow,1749,98,0.05603201829616924,0.5473182610415457,0.10243143912118223,0.44927631365245063,28
clean54,endpoint_wasserstein1,baseline,16,32,48,all_common,randi_wild_type,flow,1349,257,0.1905114899925871,0.607862630236171,0.25848074174918473,0.5372942171399935,40
clean54,endpoint_wasserstein1,baseline,16,32,48,all_common,cook_struct,flow,2862,758,0.26484975541579314,0.5434979985352689,0.31389323446281703,0.47558004488031186,54
clean54,endpoint_wasserstein1,baseline,16,32,48,all_common,cook_chem,flow,2862,699,0.24423480083857443,0.5350547013532971,0.2804748041809296,0.468819570944268,54
clean54,endpoint_wasserstein1,baseline,16,32,48,all_common,cook_gap,flow,2862,169,0.05904961565338924,0.5828017850354964,0.10602455725462243,0.4813258271417349,45
clean54,endpoint_wasserstein1,baseline,16,32,48,strong_fixed_support,randi_wild_type,flow,824,133,0.16140776699029127,0.5740944256444295,0.20696430373813296,0.4992649303229033,24
clean54,endpoint_wasserstein1,baseline,16,32,48,strong_fixed_support,cook_struct,flow,1749,439,0.2510005717552887,0.5059138569615191,0.2564734883706552,0.45486517836271734,33
clean54,endpoint_wasserstein1,baseline,16,32,48,strong_fixed_support,cook_chem,flow,1749,405,0.23156089193825044,0.49994672251616695,0.22626778761556746,0.44932354084640247,33
clean54,endpoint_wasserstein1,baseline,16,32,48,strong_fixed_support,cook_gap,flow,1749,98,0.05603201829616924,0.5386716770293822,0.0901236572023438,0.42985711492892575,28
clean54,endpoint_wasserstein1,onset_minus_baseline,1,1,2,all_common,randi_wild_type,flow,1349,257,0.1905114899925871,0.5458730633827911,0.23636415875102307,0.48063176044543604,40
clean54,endpoint_wasserstein1,onset_minus_baseline,1,1,2,all_common,cook_struct,flow,2862,758,0.26484975541579314,0.4924223993499001,0.26725459651846617,0.4982466663375027,54
clean54,endpoint_wasserstein1,onset_minus_baseline,1,1,2,all_common,cook_chem,flow,2862,699,0.24423480083857443,0.4922652200455442,0.24742906802839865,0.49546871645658314,54
clean54,endpoint_wasserstein1,onset_minus_baseline,1,1,2,all_common,cook_gap,flow,2862,169,0.05904961565338924,0.5003328814348837,0.0637545032615015,0.4774409382587237,45
clean54,endpoint_wasserstein1,onset_minus_baseline,1,1,2,strong_fixed_support,randi_wild_type,flow,824,133,0.16140776699029127,0.5666517959152585,0.230310008259132,0.48682820767609997,24
clean54,endpoint_wasserstein1,onset_minus_baseline,1,1,2,strong_fixed_support,cook_struct,flow,1749,439,0.2510005717552887,0.5002034464170826,0.26188986374722734,0.49221864410812893,33
clean54,endpoint_wasserstein1,onset_minus_baseline,1,1,2,strong_fixed_support,cook_chem,flow,1749,405,0.23156089193825044,0.5043944738389183,0.24571077577134742,0.48568413014085776,33
clean54,endpoint_wasserstein1,onset_minus_baseline,1,1,2,strong_fixed_support,cook_gap,flow,1749,98,0.05603201829616924,0.4785287828032484,0.06036737589389624,0.44804680398521696,28
clean54,endpoint_wasserstein1,onset_minus_baseline,1,2,3,all_common,randi_wild_type,flow,1349,257,0.1905114899925871,0.546150995567338,0.23302631505794497,0.4832688485438176,40
clean54,endpoint_wasserstein1,onset_minus_baseline,1,2,3,all_common,cook_struct,flow,2862,758,0.26484975541579314,0.4964479017225639,0.2697658740256508,0.5039792912078581,54
clean54,endpoint_wasserstein1,onset_minus_baseline,1,2,3,all_common,cook_chem,flow,2862,699,0.24423480083857443,0.4956654939987579,0.2490357111941976,0.4995106969684474,54
clean54,endpoint_wasserstein1,onset_minus_baseline,1,2,3,all_common,cook_gap,flow,2862,169,0.05904961565338924,0.5130351096531222,0.06628066946218428,0.4955454511060857,45
clean54,endpoint_wasserstein1,onset_minus_baseline,1,2,3,strong_fixed_support,randi_wild_type,flow,824,133,0.16140776699029127,0.5668694166675734,0.2269732561269478,0.47902367984463795,24
clean54,endpoint_wasserstein1,onset_minus_baseline,1,2,3,strong_fixed_support,cook_struct,flow,1749,439,0.2510005717552887,0.5045245092072546,0.2653572182765872,0.49687553963438813,33
clean54,endpoint_wasserstein1,onset_minus_baseline,1,2,3,strong_fixed_support,cook_chem,flow,1749,405,0.23156089193825044,0.5077417695473251,0.24857567681760473,0.4892234604869906,33
clean54,endpoint_wasserstein1,onset_minus_baseline,1,2,3,strong_fixed_support,cook_gap,flow,1749,98,0.05603201829616924,0.48700849207035934,0.06134091923079282,0.456507501453931,28
clean54,endpoint_wasserstein1,onset_minus_baseline,1,4,5,all_common,randi_wild_type,flow,1349,257,0.1905114899925871,0.5549771240432719,0.23361086109769502,0.5009835931461681,40
clean54,endpoint_wasserstein1,onset_minus_baseline,1,4,5,all_common,cook_struct,flow,2862,758,0.26484975541579314,0.4978725031852885,0.26759721240311063,0.5018191847383102,54
clean54,endpoint_wasserstein1,onset_minus_baseline,1,4,5,all_common,cook_chem,flow,2862,699,0.24423480083857443,0.4962045376229301,0.2460673420139527,0.49736373087024915,54
clean54,endpoint_wasserstein1,onset_minus_baseline,1,4,5,all_common,cook_gap,flow,2862,169,0.05904961565338924,0.5194356615991054,0.06657207757356383,0.48537161883815644,45
clean54,endpoint_wasserstein1,onset_minus_baseline,1,4,5,strong_fixed_support,randi_wild_type,flow,824,133,0.16140776699029127,0.5679031152410694,0.22089687856600523,0.49468939559977176,24
clean54,endpoint_wasserstein1,onset_minus_baseline,1,4,5,strong_fixed_support,cook_struct,flow,1749,439,0.2510005717552887,0.4998817576379349,0.26083707573890214,0.4922161536701201,33
clean54,endpoint_wasserstein1,onset_minus_baseline,1,4,5,strong_fixed_support,cook_chem,flow,1749,405,0.23156089193825044,0.5029541446208112,0.24322692782320166,0.4854963237969444,33
clean54,endpoint_wasserstein1,onset_minus_baseline,1,4,5,strong_fixed_support,cook_gap,flow,1749,98,0.05603201829616924,0.4778736449152647,0.05990737924082714,0.43134250040923605,28
clean54,endpoint_wasserstein1,onset_minus_baseline,1,8,9,all_common,randi_wild_type,flow,1349,257,0.1905114899925871,0.5474622653610981,0.22684461189314004,0.5226909457208528,40
clean54,endpoint_wasserstein1,onset_minus_baseline,1,8,9,all_common,cook_struct,flow,2862,758,0.26484975541579314,0.49717431052298927,0.26495931346386326,0.50245468050801,54
clean54,endpoint_wasserstein1,onset_minus_baseline,1,8,9,all_common,cook_chem,flow,2862,699,0.24423480083857443,0.4945070462592026,0.24276347967186693,0.5004972189438949,54
clean54,endpoint_wasserstein1,onset_minus_baseline,1,8,9,all_common,cook_gap,flow,2862,169,0.05904961565338924,0.530925014886282,0.0685714256969368,0.5113231656091664,45
clean54,endpoint_wasserstein1,onset_minus_baseline,1,8,9,strong_fixed_support,randi_wild_type,flow,824,133,0.16140776699029127,0.5832671403545042,0.22595241912357406,0.5406383655322243,24
clean54,endpoint_wasserstein1,onset_minus_baseline,1,8,9,strong_fixed_support,cook_struct,flow,1749,439,0.2510005717552887,0.502160531395086,0.25878473345433917,0.5007252178551207,33
clean54,endpoint_wasserstein1,onset_minus_baseline,1,8,9,strong_fixed_support,cook_chem,flow,1749,405,0.23156089193825044,0.505363572898295,0.23983915489404894,0.5002163421803297,33
clean54,endpoint_wasserstein1,onset_minus_baseline,1,8,9,strong_fixed_support,cook_gap,flow,1749,98,0.05603201829616924,0.5060260324602281,0.06373305043727547,0.48076682703076684,28
clean54,endpoint_wasserstein1,onset_minus_baseline,1,16,17,all_common,randi_wild_type,flow,1349,257,0.1905114899925871,0.5561031057140007,0.23708461626363025,0.5160463474173664,40
clean54,endpoint_wasserstein1,onset_minus_baseline,1,16,17,all_common,cook_struct,flow,2862,758,0.26484975541579314,0.499606855142109,0.2663185179237404,0.5018507993437683,54
clean54,endpoint_wasserstein1,onset_minus_baseline,1,16,17,all_common,cook_chem,flow,2862,699,0.24423480083857443,0.49959687473750564,0.24451557079969638,0.49971553467934887,54
clean54,endpoint_wasserstein1,onset_minus_baseline,1,16,17,all_common,cook_gap,flow,2862,169,0.05904961565338924,0.5214527253431535,0.06735415490723701,0.5235758517574607,45
clean54,endpoint_wasserstein1,onset_minus_baseline,1,16,17,strong_fixed_support,randi_wild_type,flow,824,133,0.16140776699029127,0.5927880482682828,0.23727754273330207,0.5337835240836447,24
clean54,endpoint_wasserstein1,onset_minus_baseline,1,16,17,strong_fixed_support,cook_struct,flow,1749,439,0.2510005717552887,0.4984715435844824,0.2577028422309867,0.4958548895529583,33
clean54,endpoint_wasserstein1,onset_minus_baseline,1,16,17,strong_fixed_support,cook_chem,flow,1749,405,0.23156089193825044,0.5026271310993533,0.23828979172698772,0.4937482441128831,33
clean54,endpoint_wasserstein1,onset_minus_baseline,1,16,17,strong_fixed_support,cook_gap,flow,1749,98,0.05603201829616924,0.5014029839676634,0.06415157743081994,0.48836864691805665,28
clean54,endpoint_wasserstein1,onset_minus_baseline,1,32,33,all_common,randi_wild_type,flow,1349,257,0.1905114899925871,0.5506192899189007,0.22471445024967454,0.5199548849364197,40
clean54,endpoint_wasserstein1,onset_minus_baseline,1,32,33,all_common,cook_struct,flow,2862,758,0.26484975541579314,0.49007230855663797,0.26103401318615815,0.49486711760219443,54
clean54,endpoint_wasserstein1,onset_minus_baseline,1,32,33,all_common,cook_chem,flow,2862,699,0.24423480083857443,0.4953731537755872,0.24216616387612633,0.49553751176777017,54
clean54,endpoint_wasserstein1,onset_minus_baseline,1,32,33,all_common,cook_gap,flow,2862,169,0.05904961565338924,0.5044900542058416,0.06369781731895313,0.5106590223750347,45
clean54,endpoint_wasserstein1,onset_minus_baseline,1,32,33,strong_fixed_support,randi_wild_type,flow,824,133,0.16140776699029127,0.5710477351120202,0.21993805473211225,0.5389449231534491,24
clean54,endpoint_wasserstein1,onset_minus_baseline,1,32,33,strong_fixed_support,cook_struct,flow,1749,439,0.2510005717552887,0.4887913196195378,0.2517126401438281,0.48203908002119006,33
clean54,endpoint_wasserstein1,onset_minus_baseline,1,32,33,strong_fixed_support,cook_chem,flow,1749,405,0.23156089193825044,0.4974371693121693,0.23556674212733528,0.4821920516522795,33
clean54,endpoint_wasserstein1,onset_minus_baseline,1,32,33,strong_fixed_support,cook_gap,flow,1749,98,0.05603201829616924,0.5146849775646176,0.0641268190014411,0.5187096619388224,28
clean54,endpoint_wasserstein1,onset_minus_baseline,4,1,5,all_common,randi_wild_type,flow,1349,257,0.1905114899925871,0.5512499821838343,0.21845883440568092,0.5279755987451838,40
clean54,endpoint_wasserstein1,onset_minus_baseline,4,1,5,all_common,cook_struct,flow,2862,758,0.26484975541579314,0.5076048762502885,0.2780061455896484,0.5019823511988631,54
clean54,endpoint_wasserstein1,onset_minus_baseline,4,1,5,all_common,cook_chem,flow,2862,699,0.24423480083857443,0.5137538799566383,0.2556310499344936,0.5112193419108484,54
clean54,endpoint_wasserstein1,onset_minus_baseline,4,1,5,all_common,cook_gap,flow,2862,169,0.05904961565338924,0.48840188347172264,0.0611491855782784,0.4876272102974092,45
clean54,endpoint_wasserstein1,onset_minus_baseline,4,1,5,strong_fixed_support,randi_wild_type,flow,824,133,0.16140776699029127,0.583876478460986,0.20164851128895228,0.5368063564326083,24
clean54,endpoint_wasserstein1,onset_minus_baseline,4,1,5,strong_fixed_support,cook_struct,flow,1749,439,0.2510005717552887,0.5013832617503348,0.2588762528909725,0.47268048323315454,33
clean54,endpoint_wasserstein1,onset_minus_baseline,4,1,5,strong_fixed_support,cook_chem,flow,1749,405,0.23156089193825044,0.5174998162845386,0.24782774912976713,0.48742152777951625,33
clean54,endpoint_wasserstein1,onset_minus_baseline,4,1,5,strong_fixed_support,cook_gap,flow,1749,98,0.05603201829616924,0.4652591502985204,0.05517038075940473,0.45924678134146646,28
clean54,endpoint_wasserstein1,onset_minus_baseline,4,2,6,all_common,randi_wild_type,flow,1349,257,0.1905114899925871,0.5499244594575334,0.22028678031191334,0.5275366828332617,40
clean54,endpoint_wasserstein1,onset_minus_baseline,4,2,6,all_common,cook_struct,flow,2862,758,0.26484975541579314,0.5035615036568115,0.2770938220359851,0.4980567866399137,54
clean54,endpoint_wasserstein1,onset_minus_baseline,4,2,6,all_common,cook_chem,flow,2862,699,0.24423480083857443,0.5099875193212415,0.2549873812805002,0.5059141764550317,54
clean54,endpoint_wasserstein1,onset_minus_baseline,4,2,6,all_common,cook_gap,flow,2862,169,0.05904961565338924,0.4795580037660645,0.06049824565908994,0.4701548673623125,45
clean54,endpoint_wasserstein1,onset_minus_baseline,4,2,6,strong_fixed_support,randi_wild_type,flow,824,133,0.16140776699029127,0.5817764382011469,0.20266830564626528,0.5362143701162984,24
clean54,endpoint_wasserstein1,onset_minus_baseline,4,2,6,strong_fixed_support,cook_struct,flow,1749,439,0.2510005717552887,0.49754125441235286,0.258151615589293,0.47097556428125226,33
clean54,endpoint_wasserstein1,onset_minus_baseline,4,2,6,strong_fixed_support,cook_chem,flow,1749,405,0.23156089193825044,0.515160199882422,0.24793490958653142,0.4840856518273637,33
clean54,endpoint_wasserstein1,onset_minus_baseline,4,2,6,strong_fixed_support,cook_gap,flow,1749,98,0.05603201829616924,0.44276814299311484,0.05327822241794298,0.43430693615069166,28
clean54,endpoint_wasserstein1,onset_minus_baseline,4,4,8,all_common,randi_wild_type,flow,1349,257,0.1905114899925871,0.5513141203802683,0.22228452233053192,0.5256887685390115,40
clean54,endpoint_wasserstein1,onset_minus_baseline,4,4,8,all_common,cook_struct,flow,2862,758,0.26484975541579314,0.5045873170340198,0.2773782805448456,0.49919881816390926,54
clean54,endpoint_wasserstein1,onset_minus_baseline,4,4,8,all_common,cook_chem,flow,2862,699,0.24423480083857443,0.5100205894822337,0.2547511956861675,0.5063403693073248,54
clean54,endpoint_wasserstein1,onset_minus_baseline,4,4,8,all_common,cook_gap,flow,2862,169,0.05904961565338924,0.4821419547061525,0.06234910497367544,0.4742438335794441,45
clean54,endpoint_wasserstein1,onset_minus_baseline,4,4,8,strong_fixed_support,randi_wild_type,flow,824,133,0.16140776699029127,0.5793717288880668,0.20387031605078526,0.5324600584251076,24
clean54,endpoint_wasserstein1,onset_minus_baseline,4,4,8,strong_fixed_support,cook_struct,flow,1749,439,0.2510005717552887,0.5042045592863726,0.2611527998976116,0.4804339811275531,33
clean54,endpoint_wasserstein1,onset_minus_baseline,4,4,8,strong_fixed_support,cook_chem,flow,1749,405,0.23156089193825044,0.5212264844209289,0.2510534012413756,0.4933349409991346,33
clean54,endpoint_wasserstein1,onset_minus_baseline,4,4,8,strong_fixed_support,cook_gap,flow,1749,98,0.05603201829616924,0.4461179989863904,0.052882956245632384,0.4382415750822276,28
clean54,endpoint_wasserstein1,onset_minus_baseline,4,8,12,all_common,randi_wild_type,flow,1349,257,0.1905114899925871,0.5587719673322786,0.22408893587570036,0.5315821177634843,40
clean54,endpoint_wasserstein1,onset_minus_baseline,4,8,12,all_common,cook_struct,flow,2862,758,0.26484975541579314,0.5065461440452662,0.2755760498784308,0.5000573230771925,54
clean54,endpoint_wasserstein1,onset_minus_baseline,4,8,12,all_common,cook_chem,flow,2862,699,0.24423480083857443,0.513426816064426,0.2529252109960852,0.5114364610287386,54
clean54,endpoint_wasserstein1,onset_minus_baseline,4,8,12,all_common,cook_gap,flow,2862,169,0.05904961565338924,0.46438608094182376,0.061781879150122995,0.4496479800701855,45
clean54,endpoint_wasserstein1,onset_minus_baseline,4,8,12,strong_fixed_support,randi_wild_type,flow,824,133,0.16140776699029127,0.5738115186664201,0.20288353760453048,0.5195191577117182,24
clean54,endpoint_wasserstein1,onset_minus_baseline,4,8,12,strong_fixed_support,cook_struct,flow,1749,439,0.2510005717552887,0.5087325462101584,0.26018653738244946,0.48023178910285214,33
clean54,endpoint_wasserstein1,onset_minus_baseline,4,8,12,strong_fixed_support,cook_chem,flow,1749,405,0.23156089193825044,0.5253986625514404,0.2494321585667662,0.4970737005381377,33
clean54,endpoint_wasserstein1,onset_minus_baseline,4,8,12,strong_fixed_support,cook_gap,flow,1749,98,0.05603201829616924,0.44572244403515493,0.05327076772806832,0.42783531501961053,28
clean54,endpoint_wasserstein1,onset_minus_baseline,4,16,20,all_common,randi_wild_type,flow,1349,257,0.1905114899925871,0.5640134832741837,0.2230689818885359,0.5561711342596418,40
clean54,endpoint_wasserstein1,onset_minus_baseline,4,16,20,all_common,cook_struct,flow,2862,758,0.26484975541579314,0.5075475034360986,0.2728729586334704,0.49918142261927717,54
clean54,endpoint_wasserstein1,onset_minus_baseline,4,16,20,all_common,cook_chem,flow,2862,699,0.24423480083857443,0.5132006161632396,0.25305027449479756,0.5072052260020343,54
clean54,endpoint_wasserstein1,onset_minus_baseline,4,16,20,all_common,cook_gap,flow,2862,169,0.05904961565338924,0.4712854057308341,0.056366180379911576,0.4553728904582301,45
clean54,endpoint_wasserstein1,onset_minus_baseline,4,16,20,strong_fixed_support,randi_wild_type,flow,824,133,0.16140776699029127,0.5801442825587848,0.1969267660999287,0.5476432004045894,24
clean54,endpoint_wasserstein1,onset_minus_baseline,4,16,20,strong_fixed_support,cook_struct,flow,1749,439,0.2510005717552887,0.5131283799057539,0.26453438801733054,0.49112615169286994,33
clean54,endpoint_wasserstein1,onset_minus_baseline,4,16,20,strong_fixed_support,cook_chem,flow,1749,405,0.23156089193825044,0.5284207818930041,0.2529167795662102,0.502735922662775,33
clean54,endpoint_wasserstein1,onset_minus_baseline,4,16,20,strong_fixed_support,cook_gap,flow,1749,98,0.05603201829616924,0.44862730070829054,0.05253729425565659,0.44071305275235023,28
clean54,endpoint_wasserstein1,onset_minus_baseline,4,32,36,all_common,randi_wild_type,flow,1349,257,0.1905114899925871,0.5519840082096892,0.21937347259554207,0.5893372669054963,40
clean54,endpoint_wasserstein1,onset_minus_baseline,4,32,36,all_common,cook_struct,flow,2862,758,0.26484975541579314,0.5242163437904431,0.2743201625223166,0.5112089454641978,54
clean54,endpoint_wasserstein1,onset_minus_baseline,4,32,36,all_common,cook_chem,flow,2862,699,0.24423480083857443,0.5266423138001122,0.25552324461411347,0.5124834768043735,54
clean54,endpoint_wasserstein1,onset_minus_baseline,4,32,36,all_common,cook_gap,flow,2862,169,0.05904961565338924,0.5048482038684559,0.05715277472994883,0.49144331895038973,45
clean54,endpoint_wasserstein1,onset_minus_baseline,4,32,36,strong_fixed_support,randi_wild_type,flow,824,133,0.16140776699029127,0.5828971850755689,0.2026312277588091,0.603204971325204,24
clean54,endpoint_wasserstein1,onset_minus_baseline,4,32,36,strong_fixed_support,cook_struct,flow,1749,439,0.2510005717552887,0.5161418212801474,0.26493159207165,0.4967402347690779,33
clean54,endpoint_wasserstein1,onset_minus_baseline,4,32,36,strong_fixed_support,cook_chem,flow,1749,405,0.23156089193825044,0.5236533656672545,0.2500375082394337,0.4957952413751163,33
clean54,endpoint_wasserstein1,onset_minus_baseline,4,32,36,strong_fixed_support,cook_gap,flow,1749,98,0.05603201829616924,0.49749069827809983,0.056081152114483696,0.5111156421640867,28
clean54,endpoint_wasserstein1,onset_minus_baseline,8,1,9,all_common,randi_wild_type,flow,1349,257,0.1905114899925871,0.5682394777725518,0.23189770872931895,0.5649854193854444,40
clean54,endpoint_wasserstein1,onset_minus_baseline,8,1,9,all_common,cook_struct,flow,2862,758,0.26484975541579314,0.517782123759744,0.2797319955980084,0.48458968103852873,54
clean54,endpoint_wasserstein1,onset_minus_baseline,8,1,9,all_common,cook_chem,flow,2862,699,0.24423480083857443,0.50986747463684,0.2535645017183863,0.4769105248362544,54
clean54,endpoint_wasserstein1,onset_minus_baseline,8,1,9,all_common,cook_gap,flow,2862,169,0.05904961565338924,0.5231116394245875,0.06290723781736428,0.48090086996211406,45
clean54,endpoint_wasserstein1,onset_minus_baseline,8,1,9,strong_fixed_support,randi_wild_type,flow,824,133,0.16140776699029127,0.5792193943614463,0.22223327925934078,0.5508550915083684,24
clean54,endpoint_wasserstein1,onset_minus_baseline,8,1,9,strong_fixed_support,cook_struct,flow,1749,439,0.2510005717552887,0.5150185188405293,0.2668168091719381,0.473079305457364,33
clean54,endpoint_wasserstein1,onset_minus_baseline,8,1,9,strong_fixed_support,cook_chem,flow,1749,405,0.23156089193825044,0.5102641828336273,0.2443927176371094,0.4616574541722689,33
clean54,endpoint_wasserstein1,onset_minus_baseline,8,1,9,strong_fixed_support,cook_gap,flow,1749,98,0.05603201829616924,0.5080347099469709,0.0621002890747472,0.48273060608225166,28
clean54,endpoint_wasserstein1,onset_minus_baseline,8,2,10,all_common,randi_wild_type,flow,1349,257,0.1905114899925871,0.5586721968044925,0.23116494539328974,0.5557550876455919,40
clean54,endpoint_wasserstein1,onset_minus_baseline,8,2,10,all_common,cook_struct,flow,2862,758,0.26484975541579314,0.521664350853256,0.2804788699434779,0.4881840410578635,54
clean54,endpoint_wasserstein1,onset_minus_baseline,8,2,10,all_common,cook_chem,flow,2862,699,0.24423480083857443,0.5118063781758102,0.25355482328229695,0.47844612799548225,54
clean54,endpoint_wasserstein1,onset_minus_baseline,8,2,10,all_common,cook_gap,flow,2862,169,0.05904961565338924,0.53691688071419,0.06467268164209004,0.49883672745172564,45
clean54,endpoint_wasserstein1,onset_minus_baseline,8,2,10,strong_fixed_support,randi_wild_type,flow,824,133,0.16140776699029127,0.5624952395460432,0.21675242105193843,0.5389783520962377,24
clean54,endpoint_wasserstein1,onset_minus_baseline,8,2,10,strong_fixed_support,cook_struct,flow,1749,439,0.2510005717552887,0.5221982646194508,0.2696477345078685,0.4830559798841606,33
clean54,endpoint_wasserstein1,onset_minus_baseline,8,2,10,strong_fixed_support,cook_chem,flow,1749,405,0.23156089193825044,0.5157370664315108,0.2463100078304128,0.47053866340976186,33
clean54,endpoint_wasserstein1,onset_minus_baseline,8,2,10,strong_fixed_support,cook_gap,flow,1749,98,0.05603201829616924,0.5264527373638734,0.06652904706242171,0.49534805012807215,28
clean54,endpoint_wasserstein1,onset_minus_baseline,8,4,12,all_common,randi_wild_type,flow,1349,257,0.1905114899925871,0.5613731275209874,0.23061543892884181,0.534082832634055,40
clean54,endpoint_wasserstein1,onset_minus_baseline,8,4,12,all_common,cook_struct,flow,2862,758,0.26484975541579314,0.5205538890616692,0.2785121920402741,0.49278073297501973,54
clean54,endpoint_wasserstein1,onset_minus_baseline,8,4,12,all_common,cook_chem,flow,2862,699,0.24423480083857443,0.5114260713244004,0.25162120180267766,0.4807920784193985,54
clean54,endpoint_wasserstein1,onset_minus_baseline,8,4,12,all_common,cook_gap,flow,2862,169,0.05904961565338924,0.5263965090295463,0.0643457560269172,0.5057670461818004,45
clean54,endpoint_wasserstein1,onset_minus_baseline,8,4,12,strong_fixed_support,randi_wild_type,flow,824,133,0.16140776699029127,0.5667388442161844,0.22619486381769927,0.5060936616709452,24
clean54,endpoint_wasserstein1,onset_minus_baseline,8,4,12,strong_fixed_support,cook_struct,flow,1749,439,0.2510005717552887,0.5198890608426507,0.2653696552805992,0.48041486810254846,33
clean54,endpoint_wasserstein1,onset_minus_baseline,8,4,12,strong_fixed_support,cook_chem,flow,1749,405,0.23156089193825044,0.5121821722516167,0.24119284188906645,0.4626341705506225,33
clean54,endpoint_wasserstein1,onset_minus_baseline,8,4,12,strong_fixed_support,cook_gap,flow,1749,98,0.05603201829616924,0.5225960765893275,0.06616819454710243,0.5074347107057854,28
clean54,endpoint_wasserstein1,onset_minus_baseline,8,8,16,all_common,randi_wild_type,flow,1349,257,0.1905114899925871,0.5577635723550121,0.23063843278159118,0.5595269177806157,40
clean54,endpoint_wasserstein1,onset_minus_baseline,8,8,16,all_common,cook_struct,flow,2862,758,0.26484975541579314,0.5215743727238982,0.2792577720366741,0.4926621412121648,54
clean54,endpoint_wasserstein1,onset_minus_baseline,8,8,16,all_common,cook_chem,flow,2862,699,0.24423480083857443,0.512739287417399,0.25251675975889554,0.4810747785191063,54
clean54,endpoint_wasserstein1,onset_minus_baseline,8,8,16,all_common,cook_gap,flow,2862,169,0.05904961565338924,0.5195740875423243,0.06405248328758231,0.5123992829753901,45
clean54,endpoint_wasserstein1,onset_minus_baseline,8,8,16,strong_fixed_support,randi_wild_type,flow,824,133,0.16140776699029127,0.5795131823770714,0.24534808708313954,0.5581293568076894,24
clean54,endpoint_wasserstein1,onset_minus_baseline,8,8,16,strong_fixed_support,cook_struct,flow,1749,439,0.2510005717552887,0.5243109774122311,0.2690556990776364,0.4843601402549282,33
clean54,endpoint_wasserstein1,onset_minus_baseline,8,8,16,strong_fixed_support,cook_chem,flow,1749,405,0.23156089193825044,0.5142195767195767,0.24261963031003705,0.4651212674844268,33
clean54,endpoint_wasserstein1,onset_minus_baseline,8,8,16,strong_fixed_support,cook_gap,flow,1749,98,0.05603201829616924,0.5277382909553887,0.06854555781200834,0.5207288348933021,28
clean54,endpoint_wasserstein1,onset_minus_baseline,8,16,24,all_common,randi_wild_type,flow,1349,257,0.1905114899925871,0.5745499636550221,0.23699711686176606,0.5589881734552999,40
clean54,endpoint_wasserstein1,onset_minus_baseline,8,16,24,all_common,cook_struct,flow,2862,758,0.26484975541579314,0.5215602646548351,0.2811208033846081,0.4967289862588863,54
clean54,endpoint_wasserstein1,onset_minus_baseline,8,16,24,all_common,cook_chem,flow,2862,699,0.24423480083857443,0.5138606965766431,0.2541479258029074,0.4871173588305538,54
clean54,endpoint_wasserstein1,onset_minus_baseline,8,16,24,all_common,cook_gap,flow,2862,169,0.05904961565338924,0.5138612708380483,0.06413790406163455,0.5075147940640052,45
clean54,endpoint_wasserstein1,onset_minus_baseline,8,16,24,strong_fixed_support,randi_wild_type,flow,824,133,0.16140776699029127,0.6021675026930567,0.23370120542606965,0.5590397563112842,24
clean54,endpoint_wasserstein1,onset_minus_baseline,8,16,24,strong_fixed_support,cook_struct,flow,1749,439,0.2510005717552887,0.5314976786242154,0.2741651123472338,0.49702053487790226,33
clean54,endpoint_wasserstein1,onset_minus_baseline,8,16,24,strong_fixed_support,cook_chem,flow,1749,405,0.23156089193825044,0.5273386978248089,0.24998467930696988,0.48613058143614124,33
clean54,endpoint_wasserstein1,onset_minus_baseline,8,16,24,strong_fixed_support,cook_gap,flow,1749,98,0.05603201829616924,0.5236220472440946,0.06626348525565023,0.5072796166951169,28
clean54,endpoint_wasserstein1,onset_minus_baseline,8,32,40,all_common,randi_wild_type,flow,1349,257,0.1905114899925871,0.556124485112812,0.229457709123207,0.5408416666188836,40
clean54,endpoint_wasserstein1,onset_minus_baseline,8,32,40,all_common,cook_struct,flow,2862,758,0.26484975541579314,0.5172914764689949,0.27642999906131077,0.48741170779528314,54
clean54,endpoint_wasserstein1,onset_minus_baseline,8,32,40,all_common,cook_chem,flow,2862,699,0.24423480083857443,0.5149956645018939,0.25090779735740554,0.48673595006291215,54
clean54,endpoint_wasserstein1,onset_minus_baseline,8,32,40,all_common,cook_gap,flow,2862,169,0.05904961565338924,0.5165858449585491,0.06497439119055028,0.4781781796398761,45
clean54,endpoint_wasserstein1,onset_minus_baseline,8,32,40,strong_fixed_support,randi_wild_type,flow,824,133,0.16140776699029127,0.573680946215031,0.21317960522993828,0.5413402892303859,24
clean54,endpoint_wasserstein1,onset_minus_baseline,8,32,40,strong_fixed_support,cook_struct,flow,1749,439,0.2510005717552887,0.5207515345424194,0.26422196412234794,0.4859043148946617,33
clean54,endpoint_wasserstein1,onset_minus_baseline,8,32,40,strong_fixed_support,cook_chem,flow,1749,405,0.23156089193825044,0.5293430335097002,0.24558951127877654,0.48921422462660125,33
clean54,endpoint_wasserstein1,onset_minus_baseline,8,32,40,strong_fixed_support,cook_gap,flow,1749,98,0.05603201829616924,0.5011248593925759,0.06545253105130128,0.4576059746521902,28
clean54,endpoint_wasserstein1,onset_minus_baseline,16,1,17,all_common,randi_wild_type,flow,1349,257,0.1905114899925871,0.47994256068186025,0.18674113173723625,0.5035609914904994,40
clean54,endpoint_wasserstein1,onset_minus_baseline,16,1,17,all_common,cook_struct,flow,2862,758,0.26484975541579314,0.4912906186983958,0.2593068577336821,0.4722620647406495,54
clean54,endpoint_wasserstein1,onset_minus_baseline,16,1,17,all_common,cook_chem,flow,2862,699,0.24423480083857443,0.4910660960079686,0.23872036291786686,0.47060595095308905,54
clean54,endpoint_wasserstein1,onset_minus_baseline,16,1,17,all_common,cook_gap,flow,2862,169,0.05904961565338924,0.49633830421627845,0.05759875618139763,0.46871294044060907,45
clean54,endpoint_wasserstein1,onset_minus_baseline,16,1,17,strong_fixed_support,randi_wild_type,flow,824,133,0.16140776699029127,0.43721097243833174,0.13769573356562131,0.4777256490224153,24
clean54,endpoint_wasserstein1,onset_minus_baseline,16,1,17,strong_fixed_support,cook_struct,flow,1749,439,0.2510005717552887,0.47863812620633295,0.24425614246741406,0.4395842077698837,33
clean54,endpoint_wasserstein1,onset_minus_baseline,16,1,17,strong_fixed_support,cook_chem,flow,1749,405,0.23156089193825044,0.4778071722516167,0.22454508535745837,0.4369816940079403,33
clean54,endpoint_wasserstein1,onset_minus_baseline,16,1,17,strong_fixed_support,cook_gap,flow,1749,98,0.05603201829616924,0.5045736041236604,0.058757206983918925,0.44698531315925205,28
clean54,endpoint_wasserstein1,onset_minus_baseline,16,2,18,all_common,randi_wild_type,flow,1349,257,0.1905114899925871,0.4804592294864668,0.18616864506318215,0.49188059377885607,40
clean54,endpoint_wasserstein1,onset_minus_baseline,16,2,18,all_common,cook_struct,flow,2862,758,0.26484975541579314,0.4921784865114319,0.25906596764897794,0.47586241924557066,54
clean54,endpoint_wasserstein1,onset_minus_baseline,16,2,18,all_common,cook_chem,flow,2862,699,0.24423480083857443,0.4895448686023293,0.2377070830037301,0.4708980648722884,54
clean54,endpoint_wasserstein1,onset_minus_baseline,16,2,18,all_common,cook_gap,flow,2862,169,0.05904961565338924,0.5146940237345561,0.05939051432570009,0.4755677501155902,45
clean54,endpoint_wasserstein1,onset_minus_baseline,16,2,18,strong_fixed_support,randi_wild_type,flow,824,133,0.16140776699029127,0.44453391075372944,0.13933474222155673,0.47604154368949775,24
clean54,endpoint_wasserstein1,onset_minus_baseline,16,2,18,strong_fixed_support,cook_struct,flow,1749,439,0.2510005717552887,0.4840181536802935,0.2450384335996291,0.4499181320758899,33
clean54,endpoint_wasserstein1,onset_minus_baseline,16,2,18,strong_fixed_support,cook_chem,flow,1749,405,0.23156089193825044,0.47991622574955906,0.22427369556100504,0.4432450960528447,33
clean54,endpoint_wasserstein1,onset_minus_baseline,16,2,18,strong_fixed_support,cook_gap,flow,1749,98,0.05603201829616924,0.529128913830826,0.06080538026319955,0.4622555334575365,28
clean54,endpoint_wasserstein1,onset_minus_baseline,16,4,20,all_common,randi_wild_type,flow,1349,257,0.1905114899925871,0.4948048060888528,0.1932128033048759,0.5125476314560007,40
clean54,endpoint_wasserstein1,onset_minus_baseline,16,4,20,all_common,cook_struct,flow,2862,758,0.26484975541579314,0.4997341412763225,0.2603643880102859,0.48997728380353417,54
clean54,endpoint_wasserstein1,onset_minus_baseline,16,4,20,all_common,cook_chem,flow,2862,699,0.24423480083857443,0.4977938895602131,0.23848224172272556,0.48641837839334984,54
clean54,endpoint_wasserstein1,onset_minus_baseline,16,4,20,all_common,cook_gap,flow,2862,169,0.05904961565338924,0.5178888066145628,0.06069496132742874,0.48202679844483903,45
clean54,endpoint_wasserstein1,onset_minus_baseline,16,4,20,strong_fixed_support,randi_wild_type,flow,824,133,0.16140776699029127,0.4713230253636987,0.1466986333843887,0.5138879218127128,24
clean54,endpoint_wasserstein1,onset_minus_baseline,16,4,20,strong_fixed_support,cook_struct,flow,1749,439,0.2510005717552887,0.489285155366986,0.2448242649481316,0.45899214548063544,33
clean54,endpoint_wasserstein1,onset_minus_baseline,16,4,20,strong_fixed_support,cook_chem,flow,1749,405,0.23156089193825044,0.48322126690182243,0.22272802388194288,0.4509186354820896,33
clean54,endpoint_wasserstein1,onset_minus_baseline,16,4,20,strong_fixed_support,cook_gap,flow,1749,98,0.05603201829616924,0.5300745373861234,0.06168223391847346,0.45863926677978517,28
clean54,endpoint_wasserstein1,onset_minus_baseline,16,8,24,all_common,randi_wild_type,flow,1349,257,0.1905114899925871,0.5102549849631562,0.19843846294333328,0.5181263148793814,40
clean54,endpoint_wasserstein1,onset_minus_baseline,16,8,24,all_common,cook_struct,flow,2862,758,0.26484975541579314,0.49890646789128884,0.26050984112467956,0.48919874493846127,54
clean54,endpoint_wasserstein1,onset_minus_baseline,16,8,24,all_common,cook_chem,flow,2862,699,0.24423480083857443,0.4936779773231292,0.23698970858419702,0.48326360056495,54
clean54,endpoint_wasserstein1,onset_minus_baseline,16,8,24,all_common,cook_gap,flow,2862,169,0.05904961565338924,0.5156805832346407,0.061437113749963454,0.4768817232764975,45
clean54,endpoint_wasserstein1,onset_minus_baseline,16,8,24,strong_fixed_support,randi_wild_type,flow,824,133,0.16140776699029127,0.4862300468972721,0.15356756484547773,0.5147200686024392,24
clean54,endpoint_wasserstein1,onset_minus_baseline,16,8,24,strong_fixed_support,cook_struct,flow,1749,439,0.2510005717552887,0.49435218835312733,0.24672068223435453,0.4658242675691643,33
clean54,endpoint_wasserstein1,onset_minus_baseline,16,8,24,strong_fixed_support,cook_chem,flow,1749,405,0.23156089193825044,0.4854864785420341,0.2234366124720326,0.45560380064475536,33
clean54,endpoint_wasserstein1,onset_minus_baseline,16,8,24,strong_fixed_support,cook_gap,flow,1749,98,0.05603201829616924,0.5276517633098061,0.06111051871711723,0.4524203868805122,28
clean54,endpoint_wasserstein1,onset_minus_baseline,16,16,32,all_common,randi_wild_type,flow,1349,257,0.1905114899925871,0.5171854734111544,0.2004656777150757,0.531229741695803,40
clean54,endpoint_wasserstein1,onset_minus_baseline,16,16,32,all_common,cook_struct,flow,2862,758,0.26484975541579314,0.5130283315107798,0.2674483965989907,0.5026620369860262,54
clean54,endpoint_wasserstein1,onset_minus_baseline,16,16,32,all_common,cook_chem,flow,2862,699,0.24423480083857443,0.5072016889592622,0.2436672236122727,0.4971518804695208,54
clean54,endpoint_wasserstein1,onset_minus_baseline,16,16,32,all_common,cook_gap,flow,2862,169,0.05904961565338924,0.5254363163757891,0.06146058891955736,0.4924049223660706,45
clean54,endpoint_wasserstein1,onset_minus_baseline,16,16,32,strong_fixed_support,randi_wild_type,flow,824,133,0.16140776699029127,0.4979162812965844,0.15557388808552663,0.5196756381012503,24
clean54,endpoint_wasserstein1,onset_minus_baseline,16,16,32,strong_fixed_support,cook_struct,flow,1749,439,0.2510005717552887,0.5145577214001287,0.2557069964017788,0.4908982758834897,33
clean54,endpoint_wasserstein1,onset_minus_baseline,16,16,32,strong_fixed_support,cook_chem,flow,1749,405,0.23156089193825044,0.5066137566137567,0.23201842626839347,0.48119508978639824,33
clean54,endpoint_wasserstein1,onset_minus_baseline,16,16,32,strong_fixed_support,cook_gap,flow,1749,98,0.05603201829616924,0.5438077108493307,0.062427152088399926,0.49669650135255045,28
clean54,endpoint_wasserstein1,onset_minus_baseline,16,32,48,all_common,randi_wild_type,flow,1349,257,0.1905114899925871,0.5013397756588418,0.1958111494895357,0.49635675391099576,40
clean54,endpoint_wasserstein1,onset_minus_baseline,16,32,48,all_common,cook_struct,flow,2862,758,0.26484975541579314,0.5085212737140965,0.2686029169424654,0.48549910182398764,54
clean54,endpoint_wasserstein1,onset_minus_baseline,16,32,48,all_common,cook_chem,flow,2862,699,0.24423480083857443,0.5093638160849294,0.24773917660328812,0.4834224145633385,54
clean54,endpoint_wasserstein1,onset_minus_baseline,16,32,48,all_common,cook_gap,flow,2862,169,0.05904961565338924,0.4923920662159401,0.061797008306961915,0.45439605557348894,45
clean54,endpoint_wasserstein1,onset_minus_baseline,16,32,48,strong_fixed_support,randi_wild_type,flow,824,133,0.16140776699029127,0.4779495772716886,0.15322938327067429,0.47503714594329277,24
clean54,endpoint_wasserstein1,onset_minus_baseline,16,32,48,strong_fixed_support,cook_struct,flow,1749,439,0.2510005717552887,0.5062407623154637,0.25790531242251885,0.48130474158246206,33
clean54,endpoint_wasserstein1,onset_minus_baseline,16,32,48,strong_fixed_support,cook_chem,flow,1749,405,0.23156089193825044,0.5052377278071722,0.23542699659899746,0.47529737784764065,33
clean54,endpoint_wasserstein1,onset_minus_baseline,16,32,48,strong_fixed_support,cook_gap,flow,1749,98,0.05603201829616924,0.48304676201189134,0.0661147947028811,0.4269209625908835,28
clean54,endpoint_wasserstein1,active_minus_baseline,1,1,2,all_common,randi_wild_type,flow,1349,257,0.1905114899925871,0.5911154345006486,0.245363357523054,0.5749083032789617,40
clean54,endpoint_wasserstein1,active_minus_baseline,1,1,2,all_common,cook_struct,flow,2862,758,0.26484975541579314,0.48589882821513486,0.25895231410697817,0.504414325905037,54
clean54,endpoint_wasserstein1,active_minus_baseline,1,1,2,all_common,cook_chem,flow,2862,699,0.24423480083857443,0.48867776898111487,0.24223262778559904,0.5099231276785439,54
clean54,endpoint_wasserstein1,active_minus_baseline,1,1,2,all_common,cook_gap,flow,2862,169,0.05904961565338924,0.4536701551469182,0.05399419581910488,0.48989510309090667,45
clean54,endpoint_wasserstein1,active_minus_baseline,1,1,2,strong_fixed_support,randi_wild_type,flow,824,133,0.16140776699029127,0.6445056200559285,0.2700491628982515,0.5797351573099809,24
clean54,endpoint_wasserstein1,active_minus_baseline,1,1,2,strong_fixed_support,cook_struct,flow,1749,439,0.2510005717552887,0.5318176285450973,0.27494166872026327,0.5048781910166954,33
clean54,endpoint_wasserstein1,active_minus_baseline,1,1,2,strong_fixed_support,cook_chem,flow,1749,405,0.23156089193825044,0.5396384479717814,0.2607814054253996,0.5099468914240368,33
clean54,endpoint_wasserstein1,active_minus_baseline,1,1,2,strong_fixed_support,cook_gap,flow,1749,98,0.05603201829616924,0.4716374738871927,0.060807240036616604,0.4746877143798089,28
clean54,endpoint_wasserstein1,active_minus_baseline,1,2,3,all_common,randi_wild_type,flow,1349,257,0.1905114899925871,0.583425977394849,0.2432376748933471,0.560067518771507,40
clean54,endpoint_wasserstein1,active_minus_baseline,1,2,3,all_common,cook_struct,flow,2862,758,0.26484975541579314,0.49205370847838525,0.2607176991566493,0.5129640803551088,54
clean54,endpoint_wasserstein1,active_minus_baseline,1,2,3,all_common,cook_chem,flow,2862,699,0.24423480083857443,0.49209590082126436,0.2430640408637448,0.51450568748626,54
clean54,endpoint_wasserstein1,active_minus_baseline,1,2,3,all_common,cook_gap,flow,2862,169,0.05904961565338924,0.4702966489935555,0.05585342984072872,0.5029325860472778,45
clean54,endpoint_wasserstein1,active_minus_baseline,1,2,3,strong_fixed_support,randi_wild_type,flow,824,133,0.16140776699029127,0.6345168275246726,0.2671875385138947,0.5627338451662472,24
clean54,endpoint_wasserstein1,active_minus_baseline,1,2,3,strong_fixed_support,cook_struct,flow,1749,439,0.2510005717552887,0.5358448242883722,0.2774377321128043,0.5146417874049998,33
clean54,endpoint_wasserstein1,active_minus_baseline,1,2,3,strong_fixed_support,cook_chem,flow,1749,405,0.23156089193825044,0.5401161081716637,0.2623309521187037,0.5154555153770612,33
clean54,endpoint_wasserstein1,active_minus_baseline,1,2,3,strong_fixed_support,cook_gap,flow,1749,98,0.05603201829616924,0.48927057194773727,0.06244476733299703,0.48357080815578396,28
clean54,endpoint_wasserstein1,active_minus_baseline,1,4,5,all_common,randi_wild_type,flow,1349,257,0.1905114899925871,0.5792035461296162,0.24089271696793985,0.5594286273935973,40
clean54,endpoint_wasserstein1,active_minus_baseline,1,4,5,all_common,cook_struct,flow,2862,758,0.26484975541579314,0.4934362992465664,0.2590567537508451,0.5171556393722576,54
clean54,endpoint_wasserstein1,active_minus_baseline,1,4,5,all_common,cook_chem,flow,2862,699,0.24423480083857443,0.49166003609938774,0.2406982668297639,0.5154914287004109,54
clean54,endpoint_wasserstein1,active_minus_baseline,1,4,5,all_common,cook_gap,flow,2862,169,0.05904961565338924,0.47734538591175457,0.05590369714602539,0.511541480142281,45
clean54,endpoint_wasserstein1,active_minus_baseline,1,4,5,strong_fixed_support,randi_wild_type,flow,824,133,0.16140776699029127,0.633037006408931,0.2657627530628505,0.5651102661260837,24
clean54,endpoint_wasserstein1,active_minus_baseline,1,4,5,strong_fixed_support,cook_struct,flow,1749,439,0.2510005717552887,0.5342172529517119,0.27673369742750387,0.5153545278701639,33
clean54,endpoint_wasserstein1,active_minus_baseline,1,4,5,strong_fixed_support,cook_chem,flow,1749,405,0.23156089193825044,0.5353248089359199,0.26036336594231174,0.5108037426077404,33
clean54,endpoint_wasserstein1,active_minus_baseline,1,4,5,strong_fixed_support,cook_gap,flow,1749,98,0.05603201829616924,0.49607535321821034,0.061879753701328595,0.5013495244878954,28
clean54,endpoint_wasserstein1,active_minus_baseline,1,8,9,all_common,randi_wild_type,flow,1349,257,0.1905114899925871,0.5832763216031699,0.24111216377337205,0.5703070968154124,40
clean54,endpoint_wasserstein1,active_minus_baseline,1,8,9,all_common,cook_struct,flow,2862,758,0.26484975541579314,0.4939241249235029,0.25901397324362035,0.5193746605035361,54
clean54,endpoint_wasserstein1,active_minus_baseline,1,8,9,all_common,cook_chem,flow,2862,699,0.24423480083857443,0.4911414959750307,0.2405758109527052,0.5143408656886918,54
clean54,endpoint_wasserstein1,active_minus_baseline,1,8,9,all_common,cook_gap,flow,2862,169,0.05904961565338924,0.48538727404162,0.055998149188319815,0.5340414915023427,45
clean54,endpoint_wasserstein1,active_minus_baseline,1,8,9,strong_fixed_support,randi_wild_type,flow,824,133,0.16140776699029127,0.6288369258892529,0.2662175298836927,0.5763332213682624,24
clean54,endpoint_wasserstein1,active_minus_baseline,1,8,9,strong_fixed_support,cook_struct,flow,1749,439,0.2510005717552887,0.5442782868768367,0.28032276249676624,0.5274655078977616,33
clean54,endpoint_wasserstein1,active_minus_baseline,1,8,9,strong_fixed_support,cook_chem,flow,1749,405,0.23156089193825044,0.5438492063492064,0.2632184620233472,0.5181004567084312,33
clean54,endpoint_wasserstein1,active_minus_baseline,1,8,9,strong_fixed_support,cook_gap,flow,1749,98,0.05603201829616924,0.5153153932681491,0.0628087757656322,0.5282192658104046,28
clean54,endpoint_wasserstein1,active_minus_baseline,1,16,17,all_common,randi_wild_type,flow,1349,257,0.1905114899925871,0.589305312067958,0.23951739832503083,0.5507299211389455,40
clean54,endpoint_wasserstein1,active_minus_baseline,1,16,17,all_common,cook_struct,flow,2862,758,0.26484975541579314,0.5019807728964556,0.25980903568228353,0.5273602852703243,54
clean54,endpoint_wasserstein1,active_minus_baseline,1,16,17,all_common,cook_chem,flow,2862,699,0.24423480083857443,0.49968484136574476,0.24039684456841798,0.5229042346952729,54
clean54,endpoint_wasserstein1,active_minus_baseline,1,16,17,all_common,cook_gap,flow,2862,169,0.05904961565338924,0.4959340125725913,0.056965888199566536,0.5484933277794286,45
clean54,endpoint_wasserstein1,active_minus_baseline,1,16,17,strong_fixed_support,randi_wild_type,flow,824,133,0.16140776699029127,0.628651948249785,0.2601991041139421,0.5382189700817708,24
clean54,endpoint_wasserstein1,active_minus_baseline,1,16,17,strong_fixed_support,cook_struct,flow,1749,439,0.2510005717552887,0.5475403849832201,0.2829259058201373,0.530074034541302,33
clean54,endpoint_wasserstein1,active_minus_baseline,1,16,17,strong_fixed_support,cook_chem,flow,1749,405,0.23156089193825044,0.5487709435626102,0.2648720654735485,0.5253752208405867,33
clean54,endpoint_wasserstein1,active_minus_baseline,1,16,17,strong_fixed_support,cook_gap,flow,1749,98,0.05603201829616924,0.5221572578153005,0.0722508150944829,0.5243394695975077,28
clean54,endpoint_wasserstein1,active_minus_baseline,1,32,33,all_common,randi_wild_type,flow,1349,257,0.1905114899925871,0.5877766850529497,0.23246009004942825,0.5620812565347355,40
clean54,endpoint_wasserstein1,active_minus_baseline,1,32,33,all_common,cook_struct,flow,2862,758,0.26484975541579314,0.49992914614203876,0.26105053305303694,0.5106053970321734,54
clean54,endpoint_wasserstein1,active_minus_baseline,1,32,33,all_common,cook_chem,flow,2862,699,0.24423480083857443,0.4932903950363011,0.2384851879715538,0.49999034739613685,54
clean54,endpoint_wasserstein1,active_minus_baseline,1,32,33,all_common,cook_gap,flow,2862,169,0.05904961565338924,0.5098710880938307,0.06033394170846788,0.5249689191043287,45
clean54,endpoint_wasserstein1,active_minus_baseline,1,32,33,strong_fixed_support,randi_wild_type,flow,824,133,0.16140776699029127,0.6007312057277782,0.23441945525885297,0.5672310740371513,24
clean54,endpoint_wasserstein1,active_minus_baseline,1,32,33,strong_fixed_support,cook_struct,flow,1749,439,0.2510005717552887,0.5186753377732181,0.27606914231692714,0.49952367067263037,33
clean54,endpoint_wasserstein1,active_minus_baseline,1,32,33,strong_fixed_support,cook_chem,flow,1749,405,0.23156089193825044,0.5142802028218695,0.25341363636881686,0.49076521805005713,33
clean54,endpoint_wasserstein1,active_minus_baseline,1,32,33,strong_fixed_support,cook_gap,flow,1749,98,0.05603201829616924,0.5464406234934919,0.07801171215819405,0.5206606322557901,28
clean54,endpoint_wasserstein1,active_minus_baseline,4,1,5,all_common,randi_wild_type,flow,1349,257,0.1905114899925871,0.5759752569091091,0.2251329726637167,0.5830206547867973,40
clean54,endpoint_wasserstein1,active_minus_baseline,4,1,5,all_common,cook_struct,flow,2862,758,0.26484975541579314,0.47832060053974335,0.2535678751667438,0.49710552489824555,54
clean54,endpoint_wasserstein1,active_minus_baseline,4,1,5,all_common,cook_chem,flow,2862,699,0.24423480083857443,0.48236070682839294,0.23453978986166588,0.49441130595643595,54
clean54,endpoint_wasserstein1,active_minus_baseline,4,1,5,all_common,cook_gap,flow,2862,169,0.05904961565338924,0.44122280644317835,0.051256670484708985,0.5186920510525651,45
clean54,endpoint_wasserstein1,active_minus_baseline,4,1,5,strong_fixed_support,randi_wild_type,flow,824,133,0.16140776699029127,0.6265627890275618,0.24574349974838652,0.5982817663309294,24
clean54,endpoint_wasserstein1,active_minus_baseline,4,1,5,strong_fixed_support,cook_struct,flow,1749,439,0.2510005717552887,0.5134031195117286,0.2617767561529136,0.5006192812521039,33
clean54,endpoint_wasserstein1,active_minus_baseline,4,1,5,strong_fixed_support,cook_chem,flow,1749,405,0.23156089193825044,0.5241108171663728,0.24836796094685754,0.5040368548268171,33
clean54,endpoint_wasserstein1,active_minus_baseline,4,1,5,strong_fixed_support,cook_gap,flow,1749,98,0.05603201829616924,0.4679538684038121,0.053867180280336734,0.5221922782268364,28
clean54,endpoint_wasserstein1,active_minus_baseline,4,2,6,all_common,randi_wild_type,flow,1349,257,0.1905114899925871,0.5668890124143042,0.22437589036069577,0.5670915575812143,40
clean54,endpoint_wasserstein1,active_minus_baseline,4,2,6,all_common,cook_struct,flow,2862,758,0.26484975541579314,0.4806017185509195,0.2540855855477901,0.49763109662669786,54
clean54,endpoint_wasserstein1,active_minus_baseline,4,2,6,all_common,cook_chem,flow,2862,699,0.24423480083857443,0.48378470796071527,0.23480947643858976,0.49358628805917015,54
clean54,endpoint_wasserstein1,active_minus_baseline,4,2,6,all_common,cook_gap,flow,2862,169,0.05904961565338924,0.4385333881177807,0.050957952798735356,0.49792507366393146,45
clean54,endpoint_wasserstein1,active_minus_baseline,4,2,6,strong_fixed_support,randi_wild_type,flow,824,133,0.16140776699029127,0.6182279142138994,0.2391714586428693,0.5779216127536076,24
clean54,endpoint_wasserstein1,active_minus_baseline,4,2,6,strong_fixed_support,cook_struct,flow,1749,439,0.2510005717552887,0.5171955693891391,0.26273555536024995,0.5039644214351917,33
clean54,endpoint_wasserstein1,active_minus_baseline,4,2,6,strong_fixed_support,cook_chem,flow,1749,405,0.23156089193825044,0.5262161963550852,0.24878058722578011,0.5044097415220369,33
clean54,endpoint_wasserstein1,active_minus_baseline,4,2,6,strong_fixed_support,cook_gap,flow,1749,98,0.05603201829616924,0.4664025513294354,0.05312236480057993,0.4991596737048215,28
clean54,endpoint_wasserstein1,active_minus_baseline,4,4,8,all_common,randi_wild_type,flow,1349,257,0.1905114899925871,0.5676408546058351,0.2265099463758537,0.5681094115113909,40
clean54,endpoint_wasserstein1,active_minus_baseline,4,4,8,all_common,cook_struct,flow,2862,758,0.26484975541579314,0.4814130892783692,0.25522371762573537,0.4944626893098799,54
clean54,endpoint_wasserstein1,active_minus_baseline,4,4,8,all_common,cook_chem,flow,2862,699,0.24423480083857443,0.4834044011093055,0.23574728258153368,0.48916439917457916,54
clean54,endpoint_wasserstein1,active_minus_baseline,4,4,8,all_common,cook_gap,flow,2862,169,0.05904961565338924,0.4492295387779406,0.051640478077578884,0.4939887887610632,45
clean54,endpoint_wasserstein1,active_minus_baseline,4,4,8,strong_fixed_support,randi_wild_type,flow,824,133,0.16140776699029127,0.6250285627237413,0.24829718930931433,0.588957888598657,24
clean54,endpoint_wasserstein1,active_minus_baseline,4,4,8,strong_fixed_support,cook_struct,flow,1749,439,0.2510005717552887,0.515015041123998,0.26422428489926403,0.49598604145443065,33
clean54,endpoint_wasserstein1,active_minus_baseline,4,4,8,strong_fixed_support,cook_chem,flow,1749,405,0.23156089193825044,0.5232583774250441,0.25017617695863364,0.4947842671007975,33
clean54,endpoint_wasserstein1,active_minus_baseline,4,4,8,strong_fixed_support,cook_gap,flow,1749,98,0.05603201829616924,0.4652529697524074,0.05266126174991899,0.48930726354081483,28
clean54,endpoint_wasserstein1,active_minus_baseline,4,8,12,all_common,randi_wild_type,flow,1349,257,0.1905114899925871,0.5732386938612619,0.22791930032971197,0.5689372842740686,40
clean54,endpoint_wasserstein1,active_minus_baseline,4,8,12,all_common,cook_struct,flow,2862,758,0.26484975541579314,0.491253624206186,0.25731744698090536,0.5104285667004108,54
clean54,endpoint_wasserstein1,active_minus_baseline,4,8,12,all_common,cook_chem,flow,2862,699,0.24423480083857443,0.49360588437216624,0.23841918628333703,0.5064783935102748,54
clean54,endpoint_wasserstein1,active_minus_baseline,4,8,12,all_common,cook_gap,flow,2862,169,0.05904961565338924,0.45009964470674574,0.05158553652830203,0.4845899344829373,45
clean54,endpoint_wasserstein1,active_minus_baseline,4,8,12,strong_fixed_support,randi_wild_type,flow,824,133,0.16140776699029127,0.6231679052914486,0.24516224771486467,0.5892902977943636,24
clean54,endpoint_wasserstein1,active_minus_baseline,4,8,12,strong_fixed_support,cook_struct,flow,1749,439,0.2510005717552887,0.530890817089499,0.267726011638629,0.5221352550386946,33
clean54,endpoint_wasserstein1,active_minus_baseline,4,8,12,strong_fixed_support,cook_chem,flow,1749,405,0.23156089193825044,0.5386188271604938,0.25331606009920615,0.5249969446264686,33
clean54,endpoint_wasserstein1,active_minus_baseline,4,8,12,strong_fixed_support,cook_gap,flow,1749,98,0.05603201829616924,0.474054067417397,0.053659130693256014,0.47566576832360585,28
clean54,endpoint_wasserstein1,active_minus_baseline,4,16,20,all_common,randi_wild_type,flow,1349,257,0.1905114899925871,0.5834295406279841,0.22841844953831728,0.5656228490256456,40
clean54,endpoint_wasserstein1,active_minus_baseline,4,16,20,all_common,cook_struct,flow,2862,758,0.26484975541579314,0.49923941832117735,0.25986650261812405,0.5118526389946985,54
clean54,endpoint_wasserstein1,active_minus_baseline,4,16,20,all_common,cook_chem,flow,2862,699,0.24423480083857443,0.5022206613106234,0.24212079076869378,0.5095919318723079,54
clean54,endpoint_wasserstein1,active_minus_baseline,4,16,20,all_common,cook_gap,flow,2862,169,0.05904961565338924,0.46023549988244783,0.052746415094036915,0.4960272723703612,45
clean54,endpoint_wasserstein1,active_minus_baseline,4,16,20,strong_fixed_support,randi_wild_type,flow,824,133,0.16140776699029127,0.6170092380009358,0.23938652100084307,0.5799865628576225,24
clean54,endpoint_wasserstein1,active_minus_baseline,4,16,20,strong_fixed_support,cook_struct,flow,1749,439,0.2510005717552887,0.5298022918151941,0.2682543495878481,0.5234680334310552,33
clean54,endpoint_wasserstein1,active_minus_baseline,4,16,20,strong_fixed_support,cook_chem,flow,1749,405,0.23156089193825044,0.5341765873015873,0.25232532612656494,0.524210806974592,33
clean54,endpoint_wasserstein1,active_minus_baseline,4,16,20,strong_fixed_support,cook_gap,flow,1749,98,0.05603201829616924,0.498868960061311,0.058558326525581884,0.5113514365996117,28
clean54,endpoint_wasserstein1,active_minus_baseline,4,32,36,all_common,randi_wild_type,flow,1349,257,0.1905114899925871,0.563429113040008,0.2182111267841225,0.5578886407474559,40
clean54,endpoint_wasserstein1,active_minus_baseline,4,32,36,all_common,cook_struct,flow,2862,758,0.26484975541579314,0.49252397744715437,0.2592582518719387,0.49367659165511024,54
clean54,endpoint_wasserstein1,active_minus_baseline,4,32,36,all_common,cook_chem,flow,2862,699,0.24423480083857443,0.4996306063017176,0.24278706620082652,0.49513314506482914,54
clean54,endpoint_wasserstein1,active_minus_baseline,4,32,36,all_common,cook_gap,flow,2862,169,0.05904961565338924,0.4741659836921055,0.05431521636792515,0.5033551311660978,45
clean54,endpoint_wasserstein1,active_minus_baseline,4,32,36,strong_fixed_support,randi_wild_type,flow,824,133,0.16140776699029127,0.5849645822225606,0.22120739933348493,0.5726759985822706,24
clean54,endpoint_wasserstein1,active_minus_baseline,4,32,36,strong_fixed_support,cook_struct,flow,1749,439,0.2510005717552887,0.49383226973169414,0.25306446780591374,0.49437912826539837,33
clean54,endpoint_wasserstein1,active_minus_baseline,4,32,36,strong_fixed_support,cook_chem,flow,1749,405,0.23156089193825044,0.4967004703115815,0.23450991401999738,0.492303870859414,33
clean54,endpoint_wasserstein1,active_minus_baseline,4,32,36,strong_fixed_support,cook_gap,flow,1749,98,0.05603201829616924,0.5018418027416902,0.059189141181506866,0.5177048865392146,28
clean54,endpoint_wasserstein1,active_minus_baseline,8,1,9,all_common,randi_wild_type,flow,1349,257,0.1905114899925871,0.5217072162597454,0.21056584127312222,0.49056557027093434,40
clean54,endpoint_wasserstein1,active_minus_baseline,8,1,9,all_common,cook_struct,flow,2862,758,0.26484975541579314,0.508836040410526,0.2709159598743198,0.4859821699554185,54
clean54,endpoint_wasserstein1,active_minus_baseline,8,1,9,all_common,cook_chem,flow,2862,699,0.24423480083857443,0.5068762785750993,0.24770264562575134,0.4848041024411947,54
clean54,endpoint_wasserstein1,active_minus_baseline,8,1,9,all_common,cook_gap,flow,2862,169,0.05904961565338924,0.5094777826361133,0.06177614870456265,0.5112058693640726,45
clean54,endpoint_wasserstein1,active_minus_baseline,8,1,9,strong_fixed_support,randi_wild_type,flow,824,133,0.16140776699029127,0.5727125338672295,0.22034077051390347,0.488755259874964,24
clean54,endpoint_wasserstein1,active_minus_baseline,8,1,9,strong_fixed_support,cook_struct,flow,1749,439,0.2510005717552887,0.5115181971517501,0.26109717979179414,0.46467172712828564,33
clean54,endpoint_wasserstein1,active_minus_baseline,8,1,9,strong_fixed_support,cook_chem,flow,1749,405,0.23156089193825044,0.5103891093474426,0.23991778730738908,0.4629411593436241,33
clean54,endpoint_wasserstein1,active_minus_baseline,8,1,9,strong_fixed_support,cook_gap,flow,1749,98,0.05603201829616924,0.5199940666757314,0.06924186030800829,0.5058417275337338,28
clean54,endpoint_wasserstein1,active_minus_baseline,8,2,10,all_common,randi_wild_type,flow,1349,257,0.1905114899925871,0.5262895340716353,0.21048854789655164,0.4990637115414825,40
clean54,endpoint_wasserstein1,active_minus_baseline,8,2,10,all_common,cook_struct,flow,2862,758,0.26484975541579314,0.5044042256488457,0.2700097640210365,0.4847434557944204,54
clean54,endpoint_wasserstein1,active_minus_baseline,8,2,10,all_common,cook_chem,flow,2862,699,0.24423480083857443,0.5034058958805824,0.24764630575387173,0.4842082907492462,54
clean54,endpoint_wasserstein1,active_minus_baseline,8,2,10,all_common,cook_gap,flow,2862,169,0.05904961565338924,0.5137514089783506,0.06212341635296348,0.5210593033910773,45
clean54,endpoint_wasserstein1,active_minus_baseline,8,2,10,strong_fixed_support,randi_wild_type,flow,824,133,0.16140776699029127,0.5802095687844793,0.22307996965073085,0.5221396882343543,24
clean54,endpoint_wasserstein1,active_minus_baseline,8,2,10,strong_fixed_support,cook_struct,flow,1749,439,0.2510005717552887,0.506026882748787,0.25975006604181056,0.46286395902349675,33
clean54,endpoint_wasserstein1,active_minus_baseline,8,2,10,strong_fixed_support,cook_chem,flow,1749,405,0.23156089193825044,0.5066082451499119,0.23973472692855402,0.4618531460909337,33
clean54,endpoint_wasserstein1,active_minus_baseline,8,2,10,strong_fixed_support,cook_gap,flow,1749,98,0.05603201829616924,0.5229051038949801,0.06878157673055144,0.5134428844206265,28
clean54,endpoint_wasserstein1,active_minus_baseline,8,4,12,all_common,randi_wild_type,flow,1349,257,0.1905114899925871,0.5237917076438477,0.2092594305012695,0.4967178866084508,40
clean54,endpoint_wasserstein1,active_minus_baseline,8,4,12,all_common,cook_struct,flow,2862,758,0.26484975541579314,0.5020867401707515,0.2710659039241994,0.47637728279221186,54
clean54,endpoint_wasserstein1,active_minus_baseline,8,4,12,all_common,cook_chem,flow,2862,699,0.24423480083857443,0.500636600599099,0.24811344621519812,0.47265531873866223,54
clean54,endpoint_wasserstein1,active_minus_baseline,8,4,12,all_common,cook_gap,flow,2862,169,0.05904961565338924,0.5215384175937177,0.06317692530294765,0.5156464908808945,45
clean54,endpoint_wasserstein1,active_minus_baseline,8,4,12,strong_fixed_support,randi_wild_type,flow,824,133,0.16140776699029127,0.5767929229731346,0.2271565153391455,0.5128680671567748,24
clean54,endpoint_wasserstein1,active_minus_baseline,8,4,12,strong_fixed_support,cook_struct,flow,1749,439,0.2510005717552887,0.5038706984993653,0.2628425864807643,0.4578111902528322,33
clean54,endpoint_wasserstein1,active_minus_baseline,8,4,12,strong_fixed_support,cook_chem,flow,1749,405,0.23156089193825044,0.5039057907113462,0.24149372573987496,0.45210118379887326,33
clean54,endpoint_wasserstein1,active_minus_baseline,8,4,12,strong_fixed_support,cook_gap,flow,1749,98,0.05603201829616924,0.5339744619834609,0.07304409541897353,0.5168533896134732,28
clean54,endpoint_wasserstein1,active_minus_baseline,8,8,16,all_common,randi_wild_type,flow,1349,257,0.1905114899925871,0.5392115990365017,0.21210479761844492,0.5236382794122746,40
clean54,endpoint_wasserstein1,active_minus_baseline,8,8,16,all_common,cook_struct,flow,2862,758,0.26484975541579314,0.5014346338673916,0.2731349996991411,0.48332861620285184,54
clean54,endpoint_wasserstein1,active_minus_baseline,8,8,16,all_common,cook_chem,flow,2862,699,0.24423480083857443,0.5000856517169697,0.24944602646295583,0.48018823770558045,54
clean54,endpoint_wasserstein1,active_minus_baseline,8,8,16,all_common,cook_gap,flow,2862,169,0.05904961565338924,0.526455834433783,0.06503352134325327,0.5221840584955111,45
clean54,endpoint_wasserstein1,active_minus_baseline,8,8,16,strong_fixed_support,randi_wild_type,flow,824,133,0.16140776699029127,0.5894149266074014,0.23141700654144692,0.5305964107008658,24
clean54,endpoint_wasserstein1,active_minus_baseline,8,8,16,strong_fixed_support,cook_struct,flow,1749,439,0.2510005717552887,0.5023213757846599,0.2639610549294645,0.47094882806796184,33
clean54,endpoint_wasserstein1,active_minus_baseline,8,8,16,strong_fixed_support,cook_chem,flow,1749,405,0.23156089193825044,0.5038249559082892,0.24115799082597833,0.46722964947328555,33
clean54,endpoint_wasserstein1,active_minus_baseline,8,8,16,strong_fixed_support,cook_gap,flow,1749,98,0.05603201829616924,0.5393082732790269,0.07697712567112239,0.5283395180125924,28
clean54,endpoint_wasserstein1,active_minus_baseline,8,16,24,all_common,randi_wild_type,flow,1349,257,0.1905114899925871,0.5295890879548466,0.20609600276058435,0.5106498991130323,40
clean54,endpoint_wasserstein1,active_minus_baseline,8,16,24,all_common,cook_struct,flow,2862,758,0.26484975541579314,0.5033570934117199,0.2774364629833482,0.4807402103340253,54
clean54,endpoint_wasserstein1,active_minus_baseline,8,16,24,all_common,cook_chem,flow,2862,699,0.24423480083857443,0.5046122953535763,0.25329716196200047,0.48480083352419306,54
clean54,endpoint_wasserstein1,active_minus_baseline,8,16,24,all_common,cook_gap,flow,2862,169,0.05904961565338924,0.5261064737199445,0.06731779204573685,0.49109587313192565,45
clean54,endpoint_wasserstein1,active_minus_baseline,8,16,24,strong_fixed_support,randi_wild_type,flow,824,133,0.16140776699029127,0.5678813531658379,0.2206920532296006,0.5056562620554129,24
clean54,endpoint_wasserstein1,active_minus_baseline,8,16,24,strong_fixed_support,cook_struct,flow,1749,439,0.2510005717552887,0.4954250639030412,0.26326373584386376,0.47013273465546795,33
clean54,endpoint_wasserstein1,active_minus_baseline,8,16,24,strong_fixed_support,cook_chem,flow,1749,405,0.23156089193825044,0.5017250881834215,0.23840242886435292,0.4772031656063895,33
clean54,endpoint_wasserstein1,active_minus_baseline,8,16,24,strong_fixed_support,cook_gap,flow,1749,98,0.05603201829616924,0.5297346073499055,0.09184688566939721,0.49046379618617364,28
clean54,endpoint_wasserstein1,active_minus_baseline,8,32,40,all_common,randi_wild_type,flow,1349,257,0.1905114899925871,0.5113025755049101,0.20024667693738668,0.4935329935716862,40
clean54,endpoint_wasserstein1,active_minus_baseline,8,32,40,all_common,cook_struct,flow,2862,758,0.26484975541579314,0.5005511552313975,0.28100423460118334,0.4605274940112523,54
clean54,endpoint_wasserstein1,active_minus_baseline,8,32,40,all_common,cook_chem,flow,2862,699,0.24423480083857443,0.49658219886146043,0.2533598406798551,0.45716050875213826,54
clean54,endpoint_wasserstein1,active_minus_baseline,8,32,40,all_common,cook_gap,flow,2862,169,0.05904961565338924,0.5433481939808884,0.07674598250870962,0.48966162859481754,45
clean54,endpoint_wasserstein1,active_minus_baseline,8,32,40,strong_fixed_support,randi_wild_type,flow,824,133,0.16140776699029127,0.5227685712109507,0.19766790813616053,0.4962153721968055,24
clean54,endpoint_wasserstein1,active_minus_baseline,8,32,40,strong_fixed_support,cook_struct,flow,1749,439,0.2510005717552887,0.45953155158323045,0.2502430577233364,0.4465853547274736,33
clean54,endpoint_wasserstein1,active_minus_baseline,8,32,40,strong_fixed_support,cook_chem,flow,1749,405,0.23156089193825044,0.45739638447971787,0.22251997899797182,0.4433599675750506,33
clean54,endpoint_wasserstein1,active_minus_baseline,8,32,40,strong_fixed_support,cook_gap,flow,1749,98,0.05603201829616924,0.5292957885758786,0.10448589936083957,0.48733251486125784,28
clean54,endpoint_wasserstein1,active_minus_baseline,16,1,17,all_common,randi_wild_type,flow,1349,257,0.1905114899925871,0.4961410185145594,0.19666681134833996,0.5036934114082854,40
clean54,endpoint_wasserstein1,active_minus_baseline,16,1,17,all_common,cook_struct,flow,2862,758,0.26484975541579314,0.4876538720065812,0.25550925792042434,0.5066239842860532,54
clean54,endpoint_wasserstein1,active_minus_baseline,16,1,17,all_common,cook_chem,flow,2862,699,0.24423480083857443,0.48231771561910314,0.2335946111117394,0.49825159803500757,54
clean54,endpoint_wasserstein1,active_minus_baseline,16,1,17,all_common,cook_gap,flow,2862,169,0.05904961565338924,0.4718764625360072,0.05360302482293171,0.4766678124578526,45
clean54,endpoint_wasserstein1,active_minus_baseline,16,1,17,strong_fixed_support,randi_wild_type,flow,824,133,0.16140776699029127,0.5147492464881451,0.16074527805029712,0.5159779474296181,24
clean54,endpoint_wasserstein1,active_minus_baseline,16,1,17,strong_fixed_support,cook_struct,flow,1749,439,0.2510005717552887,0.48833052217913725,0.24752059070971955,0.49642436507463816,33
clean54,endpoint_wasserstein1,active_minus_baseline,16,1,17,strong_fixed_support,cook_chem,flow,1749,405,0.23156089193825044,0.4848673574368019,0.22541964477184978,0.48638468949230373,33
clean54,endpoint_wasserstein1,active_minus_baseline,16,1,17,strong_fixed_support,cook_gap,flow,1749,98,0.05603201829616924,0.47875746300943145,0.058101770758568066,0.4519343891013235,28
clean54,endpoint_wasserstein1,active_minus_baseline,16,2,18,all_common,randi_wild_type,flow,1349,257,0.1905114899925871,0.49384985960861444,0.1966882947665286,0.4926643266110508,40
clean54,endpoint_wasserstein1,active_minus_baseline,16,2,18,all_common,cook_struct,flow,2862,758,0.26484975541579314,0.4864443402189071,0.2544490004518065,0.4987727654074675,54
clean54,endpoint_wasserstein1,active_minus_baseline,16,2,18,all_common,cook_chem,flow,2862,699,0.24423480083857443,0.4823626910380525,0.23297788396901747,0.4924082686165149,54
clean54,endpoint_wasserstein1,active_minus_baseline,16,2,18,all_common,cook_gap,flow,2862,169,0.05904961565338924,0.46993849933094134,0.05322109295889178,0.4713496313045718,45
clean54,endpoint_wasserstein1,active_minus_baseline,16,2,18,strong_fixed_support,randi_wild_type,flow,824,133,0.16140776699029127,0.5136611427265704,0.16133666019862364,0.5087860395804432,24
clean54,endpoint_wasserstein1,active_minus_baseline,16,2,18,strong_fixed_support,cook_struct,flow,1749,439,0.2510005717552887,0.48608391729990086,0.24437143891905916,0.4871924024899836,33
clean54,endpoint_wasserstein1,active_minus_baseline,16,2,18,strong_fixed_support,cook_chem,flow,1749,405,0.23156089193825044,0.4850970017636684,0.22326777251645058,0.48049932184214666,33
clean54,endpoint_wasserstein1,active_minus_baseline,16,2,18,strong_fixed_support,cook_gap,flow,1749,98,0.05603201829616924,0.46865845066070033,0.05684520906314466,0.4298920940845333,28
clean54,endpoint_wasserstein1,active_minus_baseline,16,4,20,all_common,randi_wild_type,flow,1349,257,0.1905114899925871,0.49508630150653493,0.19646153317080745,0.5037187602982204,40
clean54,endpoint_wasserstein1,active_minus_baseline,16,4,20,all_common,cook_struct,flow,2862,758,0.26484975541579314,0.49123982964976876,0.2561985487740688,0.4983563209568338,54
clean54,endpoint_wasserstein1,active_minus_baseline,16,4,20,all_common,cook_chem,flow,2862,699,0.24423480083857443,0.4892445915405206,0.2352290562984165,0.4950778924248469,54
clean54,endpoint_wasserstein1,active_minus_baseline,16,4,20,all_common,cook_gap,flow,2862,169,0.05904961565338924,0.4676401892260671,0.05310543636711415,0.4680723528064779,45
clean54,endpoint_wasserstein1,active_minus_baseline,16,4,20,strong_fixed_support,randi_wild_type,flow,824,133,0.16140776699029127,0.5078833117526087,0.1608945256415564,0.5208935395706787,24
clean54,endpoint_wasserstein1,active_minus_baseline,16,4,20,strong_fixed_support,cook_struct,flow,1749,439,0.2510005717552887,0.4868924863934341,0.24425075648878114,0.4891212396063048,33
clean54,endpoint_wasserstein1,active_minus_baseline,16,4,20,strong_fixed_support,cook_chem,flow,1749,405,0.23156089193825044,0.48848471487360373,0.22392490673207677,0.4878876458626986,33
clean54,endpoint_wasserstein1,active_minus_baseline,16,4,20,strong_fixed_support,cook_gap,flow,1749,98,0.05603201829616924,0.46491922026230237,0.05623729776565199,0.43587170254428065,28
clean54,endpoint_wasserstein1,active_minus_baseline,16,8,24,all_common,randi_wild_type,flow,1349,257,0.1905114899925871,0.49448055187354795,0.19797437482181202,0.5008227022402505,40
clean54,endpoint_wasserstein1,active_minus_baseline,16,8,24,all_common,cook_struct,flow,2862,758,0.26484975541579314,0.4929472195190465,0.25799637976570766,0.49331920079577135,54
clean54,endpoint_wasserstein1,active_minus_baseline,16,8,24,all_common,cook_chem,flow,2862,699,0.24423480083857443,0.49004951925906964,0.23633524749023632,0.4900456839628173,54
clean54,endpoint_wasserstein1,active_minus_baseline,16,8,24,all_common,cook_gap,flow,2862,169,0.05904961565338924,0.48153991171500954,0.0549291597344534,0.491228319039829,45
clean54,endpoint_wasserstein1,active_minus_baseline,16,8,24,strong_fixed_support,randi_wild_type,flow,824,133,0.16140776699029127,0.5188949218197447,0.16574269427643043,0.526730624645583,24
clean54,endpoint_wasserstein1,active_minus_baseline,16,8,24,strong_fixed_support,cook_struct,flow,1749,439,0.2510005717552887,0.4896920482011511,0.24341899446790943,0.4866275745883959,33
clean54,endpoint_wasserstein1,active_minus_baseline,16,8,24,strong_fixed_support,cook_chem,flow,1749,405,0.23156089193825044,0.490270429159318,0.2224611513782116,0.48601599506808746,33
clean54,endpoint_wasserstein1,active_minus_baseline,16,8,24,strong_fixed_support,cook_gap,flow,1749,98,0.05603201829616924,0.47642121657869685,0.055865613262756846,0.46629537965117773,28
clean54,endpoint_wasserstein1,active_minus_baseline,16,16,32,all_common,randi_wild_type,flow,1349,257,0.1905114899925871,0.5084270463647896,0.20155398413362724,0.5110540579546277,40
clean54,endpoint_wasserstein1,active_minus_baseline,16,16,32,all_common,cook_struct,flow,2862,758,0.26484975541579314,0.49925634800405305,0.2612945478083042,0.4881298867465898,54
clean54,endpoint_wasserstein1,active_minus_baseline,16,16,32,all_common,cook_chem,flow,2862,699,0.24423480083857443,0.5004626515522803,0.24079074628980246,0.48790932151689254,54
clean54,endpoint_wasserstein1,active_minus_baseline,16,16,32,all_common,cook_gap,flow,2862,169,0.05904961565338924,0.4807796676459021,0.05543871487683927,0.4676606350279302,45
clean54,endpoint_wasserstein1,active_minus_baseline,16,16,32,strong_fixed_support,randi_wild_type,flow,824,133,0.16140776699029127,0.529590981796024,0.1712498287307903,0.5450072387232994,24
clean54,endpoint_wasserstein1,active_minus_baseline,16,16,32,strong_fixed_support,cook_struct,flow,1749,439,0.2510005717552887,0.493328000834652,0.24675123446937083,0.4875641078173246,33
clean54,endpoint_wasserstein1,active_minus_baseline,16,16,32,strong_fixed_support,cook_chem,flow,1749,405,0.23156089193825044,0.49662698412698414,0.22373400661558757,0.4875657623382419,33
clean54,endpoint_wasserstein1,active_minus_baseline,16,16,32,strong_fixed_support,cook_gap,flow,1749,98,0.05603201829616924,0.48771307432724753,0.06367264929672219,0.4651684998299092,28
clean54,endpoint_wasserstein1,active_minus_baseline,16,32,48,all_common,randi_wild_type,flow,1349,257,0.1905114899925871,0.5281923005658414,0.21051672045711756,0.5184792221944241,40
clean54,endpoint_wasserstein1,active_minus_baseline,16,32,48,all_common,cook_struct,flow,2862,758,0.26484975541579314,0.5188245533071822,0.27625837530196207,0.49437377513207353,54
clean54,endpoint_wasserstein1,active_minus_baseline,16,32,48,all_common,cook_chem,flow,2862,699,0.24423480083857443,0.5173429845291173,0.2534405731706339,0.4940920243471843,54
clean54,endpoint_wasserstein1,active_minus_baseline,16,32,48,all_common,cook_gap,flow,2862,169,0.05904961565338924,0.5044527011735445,0.06263496348774536,0.46942407301370803,45
clean54,endpoint_wasserstein1,active_minus_baseline,16,32,48,strong_fixed_support,randi_wild_type,flow,824,133,0.16140776699029127,0.517121312688378,0.18153536837021123,0.5220619301134647,24
clean54,endpoint_wasserstein1,active_minus_baseline,16,32,48,strong_fixed_support,cook_struct,flow,1749,439,0.2510005717552887,0.5189361665130675,0.27137559719363635,0.5054580528247395,33
clean54,endpoint_wasserstein1,active_minus_baseline,16,32,48,strong_fixed_support,cook_chem,flow,1749,405,0.23156089193825044,0.5177248677248678,0.24156350082913888,0.5067964515551925,33
clean54,endpoint_wasserstein1,active_minus_baseline,16,32,48,strong_fixed_support,cook_gap,flow,1749,98,0.05603201829616924,0.5047899232376173,0.09355402850411859,0.4741578530464882,28
clean54,published_sbtg,published_hybrid,1,0,1,all_common,randi_wild_type,published_sbtg,1349,257,0.1905114899925871,0.6217164806658969,0.3218949299957574,0.6041016838613567,40
clean54,published_sbtg,published_hybrid,1,0,1,all_common,cook_struct,published_sbtg,2862,758,0.26484975541579314,0.5651460467309409,0.34817743039072857,0.5523461852285673,54
clean54,published_sbtg,published_hybrid,1,0,1,all_common,cook_chem,published_sbtg,2862,699,0.24423480083857443,0.5575893704565732,0.3124478282448434,0.5430780892229806,54
clean54,published_sbtg,published_hybrid,1,0,1,all_common,cook_gap,published_sbtg,2862,169,0.05904961565338924,0.6206799570220405,0.13340813965637646,0.6413893626140531,45
clean54,published_sbtg,published_hybrid,2,0,2,all_common,randi_wild_type,published_sbtg,1349,257,0.1905114899925871,0.46995838143698065,0.17760133573895312,0.46916282155465333,40
clean54,published_sbtg,published_hybrid,2,0,2,all_common,cook_struct,published_sbtg,2862,758,0.26484975541579314,0.48982087141466935,0.2624792634450449,0.4874359659315165,54
clean54,published_sbtg,published_hybrid,2,0,2,all_common,cook_chem,published_sbtg,2862,699,0.24423480083857443,0.48115827577471815,0.2385896172321844,0.4748145880140449,54
clean54,published_sbtg,published_hybrid,2,0,2,all_common,cook_gap,published_sbtg,2862,169,0.05904961565338924,0.49262277612130506,0.06661829028763919,0.4677448132169791,45
clean54,published_sbtg,published_hybrid,3,0,3,all_common,randi_wild_type,published_sbtg,1349,257,0.1905114899925871,0.47600162483430963,0.18974717732049134,0.4744017421629939,40
clean54,published_sbtg,published_hybrid,3,0,3,all_common,cook_struct,published_sbtg,2862,758,0.26484975541579314,0.47626834676003493,0.25021014558981425,0.4812311074984573,54
clean54,published_sbtg,published_hybrid,3,0,3,all_common,cook_chem,published_sbtg,2862,699,0.24423480083857443,0.4755866150507594,0.2304806846151782,0.4809580731564471,54
clean54,published_sbtg,published_hybrid,3,0,3,all_common,cook_gap,published_sbtg,2862,169,0.05904961565338924,0.4913132227537095,0.05620742674937826,0.518244082882119,45
clean54,published_sbtg,published_hybrid,5,0,5,all_common,randi_wild_type,published_sbtg,1349,257,0.1905114899925871,0.512628098231211,0.20011066764288943,0.533837964063707,40
clean54,published_sbtg,published_hybrid,5,0,5,all_common,cook_struct,published_sbtg,2862,758,0.26484975541579314,0.5375312258595262,0.2922506998561675,0.5290156037006174,54
clean54,published_sbtg,published_hybrid,5,0,5,all_common,cook_chem,published_sbtg,2862,699,0.24423480083857443,0.5369641724489843,0.2713103246484779,0.5280882030420145,54
clean54,published_sbtg,published_hybrid,5,0,5,all_common,cook_gap,published_sbtg,2862,169,0.05904961565338924,0.5371366044335852,0.07086672857148332,0.5482860845174613,45
clean54,published_sbtg,published_hybrid,8,0,8,all_common,randi_wild_type,published_sbtg,1349,257,0.1905114899925871,0.538978207266145,0.22780991221390554,0.5289696667023585,40
clean54,published_sbtg,published_hybrid,8,0,8,all_common,cook_struct,published_sbtg,2862,758,0.26484975541579314,0.5207802451919701,0.29125887146739826,0.5207494801272976,54
clean54,published_sbtg,published_hybrid,8,0,8,all_common,cook_chem,published_sbtg,2862,699,0.24423480083857443,0.5178258088796028,0.26576903336585894,0.5199890629752801,54
clean54,published_sbtg,published_hybrid,8,0,8,all_common,cook_gap,published_sbtg,2862,169,0.05904961565338924,0.527923588879343,0.07093790913667432,0.5344060724185766,45
clean54,published_sbtg,published_hybrid,10,0,10,all_common,randi_wild_type,published_sbtg,1349,257,0.1905114899925871,0.4942667578854349,0.19092101289730096,0.4881047478024049,40
clean54,published_sbtg,published_hybrid,10,0,10,all_common,cook_struct,published_sbtg,2862,758,0.26484975541579314,0.4891825596677268,0.2595359231784033,0.4973971150160107,54
clean54,published_sbtg,published_hybrid,10,0,10,all_common,cook_chem,published_sbtg,2862,699,0.24423480083857443,0.4954201134041961,0.24176425446795777,0.5035512939072118,54
clean54,published_sbtg,published_hybrid,10,0,10,all_common,cook_gap,published_sbtg,2862,169,0.05904961565338924,0.46727325061467706,0.06224855914538144,0.49677376017758007,45
clean54,published_sbtg,published_hybrid,15,0,15,all_common,randi_wild_type,published_sbtg,1349,257,0.1905114899925871,0.4984784994512621,0.2154146164745106,0.5118499501475312,40
clean54,published_sbtg,published_hybrid,15,0,15,all_common,cook_struct,published_sbtg,2862,758,0.26484975541579314,0.5310045195983025,0.2945007809987302,0.5329601195576461,54
clean54,published_sbtg,published_hybrid,15,0,15,all_common,cook_chem,published_sbtg,2862,699,0.24423480083857443,0.5279730570784364,0.2715595687921011,0.5290922110662797,54
clean54,published_sbtg,published_hybrid,15,0,15,all_common,cook_gap,published_sbtg,2862,169,0.05904961565338924,0.5414849368404169,0.07089428989108629,0.5560708970801765,45
clean54,published_sbtg,published_hybrid,20,0,20,all_common,randi_wild_type,published_sbtg,1349,257,0.1905114899925871,0.47672139792762364,0.17823536336203943,0.45775548881118944,40
clean54,published_sbtg,published_hybrid,20,0,20,all_common,cook_struct,published_sbtg,2862,758,0.26484975541579314,0.4998564112082025,0.2666373137919501,0.4974605023228534,54
clean54,published_sbtg,published_hybrid,20,0,20,all_common,cook_chem,published_sbtg,2862,699,0.24423480083857443,0.4990240995491214,0.24623258422181807,0.5006867774070527,54
clean54,published_sbtg,published_hybrid,20,0,20,all_common,cook_gap,published_sbtg,2862,169,0.05904961565338924,0.492991911969889,0.05870653924307397,0.509623999521166,45
