generator_id,model_name,metric_id,estimand,noise_sigma_standardized,centering,median,q25,q75,n
g1_gaussian_sanity,affine_flow,centering_error,clean,,none,0.3475776254842594,0.28484752754007,0.39045554636182295,8
g1_gaussian_sanity,affine_flow,energy_score_fair,clean,,none,1.5116740265345001,1.4854889535649263,1.549692779889854,8
g1_gaussian_sanity,affine_flow,energy_score_v,clean,,none,1.5357170693532303,1.509203897843511,1.5740748243079612,8
g1_gaussian_sanity,affine_flow,finite_ratio_absolute_rmse,clean,,none,0.11073524352954095,0.10297355481234008,0.12322298978412974,8
g1_gaussian_sanity,affine_flow,finite_ratio_nrmse,clean,,none,0.6925819378363653,0.5701182289260657,0.7944392149755974,8
g1_gaussian_sanity,affine_flow,native_validation_loss,native_objective,,none,8.800068855285645,8.762019395828247,8.837512493133545,8
g1_gaussian_sanity,affine_flow,nll_original,clean,,none,9.196630001068115,9.116774320602415,9.473908185958862,8
g1_gaussian_sanity,affine_flow,samples_per_second,clean,,none,529350.4343843417,510592.3148109201,537239.0472110092,8
g1_gaussian_sanity,affine_flow,tangent_absolute_rms,clean,,none,0.7687867044437661,0.7024838965188359,0.8123780465877326,8
g1_gaussian_sanity,affine_flow,tangent_cosine,clean,,none,0.7905612789808545,0.7828701337983656,0.8019718070036332,8
g1_gaussian_sanity,affine_flow,tangent_eval_ms_per_example,clean,,none,0.020958992308806,0.01867464436600125,0.0220898400584701,8
g1_gaussian_sanity,affine_flow,tangent_nrmse,clean,,none,0.6651513030925063,0.6247224423958894,0.6822111616948385,8
g1_gaussian_sanity,autoregressive_mdn,centering_error,clean,,none,0.30233425718994034,0.26494362247347647,0.34784818668343453,8
g1_gaussian_sanity,autoregressive_mdn,energy_score_fair,clean,,none,1.5215625807681412,1.4736605475241684,1.556714729568129,8
g1_gaussian_sanity,autoregressive_mdn,energy_score_v,clean,,none,1.5455746199113956,1.4979123652178852,1.581033034016586,8
g1_gaussian_sanity,autoregressive_mdn,finite_ratio_absolute_rmse,clean,,none,0.1043377167813101,0.09612107038168921,0.10933715480771693,8
g1_gaussian_sanity,autoregressive_mdn,finite_ratio_nrmse,clean,,none,0.6556376269402262,0.5340069029822728,0.6928412860379867,8
g1_gaussian_sanity,autoregressive_mdn,native_validation_loss,native_objective,,none,8.746190071105957,8.699240922927856,8.779189825057983,8
g1_gaussian_sanity,autoregressive_mdn,nll_original,clean,,none,9.282578468322754,9.09279990196228,9.345336675643921,8
g1_gaussian_sanity,autoregressive_mdn,samples_per_second,clean,,none,436502.4904170827,425813.1063316528,456208.9469258971,8
g1_gaussian_sanity,autoregressive_mdn,tangent_absolute_rms,clean,,none,0.7164172664112254,0.6934176029423462,0.7456473749429449,8
g1_gaussian_sanity,autoregressive_mdn,tangent_cosine,clean,,none,0.7908590648590157,0.7733646304849745,0.8012124519778236,8
g1_gaussian_sanity,autoregressive_mdn,tangent_eval_ms_per_example,clean,,none,0.027239585733695948,0.02568814841197305,0.0290676993017768,8
g1_gaussian_sanity,autoregressive_mdn,tangent_nrmse,clean,,none,0.5886341364784796,0.5540759421059357,0.6427691805569966,8
g1_gaussian_sanity,bounded_energy,centering_error,clean,,none,0.30929266745866135,0.3014525748913676,0.3505032966043086,8
g1_gaussian_sanity,bounded_energy,energy_score_fair,clean,,none,1.5104643816996641,1.4820293880446433,1.545950244407962,8
g1_gaussian_sanity,bounded_energy,energy_score_v,clean,,none,1.5333567822384002,1.5049638685643785,1.56934255477618,8
g1_gaussian_sanity,bounded_energy,native_validation_loss,native_objective,,none,2.868654727935791,2.859023094177246,2.874806821346283,8
g1_gaussian_sanity,bounded_energy,samples_per_second,clean,,none,413614.0196187494,392151.7711207779,430045.89717433933,8
g1_gaussian_sanity,bounded_energy,tangent_absolute_rms,clean,,none,0.6599522136519916,0.6271686883197984,0.710442879080505,8
g1_gaussian_sanity,bounded_energy,tangent_cosine,clean,,none,0.8147103398348786,0.8037366284450309,0.8436993515994682,8
g1_gaussian_sanity,bounded_energy,tangent_eval_ms_per_example,clean,,none,0.12761328116539516,0.12080387489277195,0.1316767579737643,8
g1_gaussian_sanity,bounded_energy,tangent_nrmse,clean,,none,0.5827492699338053,0.5209574794660644,0.601978803419581,8
g1_gaussian_sanity,diffusion_edm,centering_error,noisy,0.12,model_samples,0.5131059424073312,0.4368305107102663,0.5440141718237885,8
g1_gaussian_sanity,diffusion_edm,centering_error,noisy,0.12,oracle_samples,0.38586210944384014,0.35784815746681203,0.41843597580231845,8
g1_gaussian_sanity,diffusion_edm,energy_score_fair,approximate_clean_sampler,,none,1.52606161002926,1.4908496118680554,1.577966556914979,8
g1_gaussian_sanity,diffusion_edm,energy_score_v,approximate_clean_sampler,,none,1.5495745958329379,1.5139995717245494,1.6014394525882627,8
g1_gaussian_sanity,diffusion_edm,native_validation_loss,native_objective,,none,1.4141271114349365,1.4055043458938599,1.4209192991256714,8
g1_gaussian_sanity,diffusion_edm,oracle_clean_to_noisy_tangent_nrmse,noisy,0.12,none,0.04985581812142195,0.04965240333722118,0.050193436409942824,8
g1_gaussian_sanity,diffusion_edm,response_score_nrmse,noisy,0.12,none,0.5692234481126982,0.5112547232866567,0.6218340537541331,8
g1_gaussian_sanity,diffusion_edm,samples_per_second,approximate_clean_sampler,,none,97178.07355779025,95788.59581028452,98675.39450252206,8
g1_gaussian_sanity,diffusion_edm,tangent_absolute_rms,noisy,0.12,model_samples,0.7823791059008796,0.7616444746848992,0.8136486544141014,8
g1_gaussian_sanity,diffusion_edm,tangent_absolute_rms,noisy,0.12,none,1.810908738465221,1.7127033099049174,1.9456813143591427,8
g1_gaussian_sanity,diffusion_edm,tangent_absolute_rms,noisy,0.12,oracle_samples,0.6536233474155779,0.6453334248567046,0.6760831712121349,8
g1_gaussian_sanity,diffusion_edm,tangent_cosine,noisy,0.12,model_samples,0.7675869605475558,0.7422113754092926,0.7830233722670276,8
g1_gaussian_sanity,diffusion_edm,tangent_cosine,noisy,0.12,none,0.4519123412901457,0.4018772923837161,0.46211984818332713,8
g1_gaussian_sanity,diffusion_edm,tangent_cosine,noisy,0.12,oracle_samples,0.8278452887386589,0.8175202018463358,0.844966463843341,8
g1_gaussian_sanity,diffusion_edm,tangent_eval_ms_per_example,noisy,0.12,oracle_samples,0.13754980477642675,0.13337288680759227,0.14074772286676304,8
g1_gaussian_sanity,diffusion_edm,tangent_nrmse,noisy,0.12,model_samples,0.6824275878908979,0.6358840281112408,0.7119842006530238,8
g1_gaussian_sanity,diffusion_edm,tangent_nrmse,noisy,0.12,none,1.52299290732849,1.4527645547707673,1.6382736495787822,8
g1_gaussian_sanity,diffusion_edm,tangent_nrmse,noisy,0.12,oracle_samples,0.5794720008778285,0.5342882395036259,0.5954998954946571,8
g1_gaussian_sanity,diffusion_gaussian_anchored,centering_error,noisy,0.12,model_samples,0.4931271801971907,0.40837476053927957,0.5215422851890545,8
g1_gaussian_sanity,diffusion_gaussian_anchored,centering_error,noisy,0.12,oracle_samples,0.42916948976507896,0.4156456205936434,0.4425092240682444,8
g1_gaussian_sanity,diffusion_gaussian_anchored,energy_score_fair,approximate_clean_sampler,,none,1.5023356315163192,1.474377374157675,1.5452708511642794,8
g1_gaussian_sanity,diffusion_gaussian_anchored,energy_score_v,approximate_clean_sampler,,none,1.5255569910847468,1.4977369173445627,1.5689126544670569,8
g1_gaussian_sanity,diffusion_gaussian_anchored,native_validation_loss,native_objective,,none,5.418041706085205,5.392253279685974,5.435283303260803,8
g1_gaussian_sanity,diffusion_gaussian_anchored,oracle_clean_to_noisy_tangent_nrmse,noisy,0.12,none,0.04985581812142195,0.04965240333722118,0.050193436409942824,8
g1_gaussian_sanity,diffusion_gaussian_anchored,response_score_nrmse,noisy,0.12,none,0.44997064053965874,0.4349108619852121,0.4591308111743763,8
g1_gaussian_sanity,diffusion_gaussian_anchored,samples_per_second,approximate_clean_sampler,,none,49105.77627660321,48830.48420189589,49616.895540853046,8
g1_gaussian_sanity,diffusion_gaussian_anchored,tangent_absolute_rms,noisy,0.12,model_samples,0.7051647936798626,0.6634384317776271,0.7475428465351966,8
g1_gaussian_sanity,diffusion_gaussian_anchored,tangent_absolute_rms,noisy,0.12,none,1.6401074974552832,1.6113117633769987,1.7133849861172246,8
g1_gaussian_sanity,diffusion_gaussian_anchored,tangent_absolute_rms,noisy,0.12,oracle_samples,0.6356563714049239,0.5852712224987956,0.665905481549608,8
g1_gaussian_sanity,diffusion_gaussian_anchored,tangent_cosine,noisy,0.12,model_samples,0.8119003204275628,0.8024348452363276,0.8217165866987041,8
g1_gaussian_sanity,diffusion_gaussian_anchored,tangent_cosine,noisy,0.12,none,0.4976248516584634,0.4492553044006227,0.5013244321067185,8
g1_gaussian_sanity,diffusion_gaussian_anchored,tangent_cosine,noisy,0.12,oracle_samples,0.8517777354160054,0.8384421244417222,0.8572046681222008,8
g1_gaussian_sanity,diffusion_gaussian_anchored,tangent_eval_ms_per_example,noisy,0.12,oracle_samples,0.25397493755008327,0.2513953439802208,0.25581103511740366,8
g1_gaussian_sanity,diffusion_gaussian_anchored,tangent_nrmse,noisy,0.12,model_samples,0.6082488148457084,0.554336058993098,0.6440418898042122,8
g1_gaussian_sanity,diffusion_gaussian_anchored,tangent_nrmse,noisy,0.12,none,1.4683577619915793,1.2747214749673312,1.559507451590301,8
g1_gaussian_sanity,diffusion_gaussian_anchored,tangent_nrmse,noisy,0.12,oracle_samples,0.5413061850125491,0.5093186622507171,0.5661248529621696,8
g1_gaussian_sanity,diffusion_legacy,centering_error,noisy,0.12,model_samples,0.5003042614583988,0.4627931884362968,0.5479085113098154,8
g1_gaussian_sanity,diffusion_legacy,centering_error,noisy,0.12,oracle_samples,0.3123919245810538,0.2841432451484599,0.3264316157804842,8
g1_gaussian_sanity,diffusion_legacy,energy_score_fair,approximate_clean_sampler,,none,3.1030189232316463,3.0826341551809535,3.1129246728023063,8
g1_gaussian_sanity,diffusion_legacy,energy_score_v,approximate_clean_sampler,,none,3.203238138260464,3.1818539833898454,3.21416349977092,8
g1_gaussian_sanity,diffusion_legacy,native_validation_loss,native_objective,,none,0.7127722203731537,0.7103732228279114,0.7151047438383102,8
g1_gaussian_sanity,diffusion_legacy,oracle_clean_to_noisy_tangent_nrmse,noisy,0.12,none,0.04985581812142195,0.04965240333722118,0.050193436409942824,8
g1_gaussian_sanity,diffusion_legacy,response_score_nrmse,noisy,0.12,none,0.3532325164546861,0.32775596900923526,0.3694067230956191,8
g1_gaussian_sanity,diffusion_legacy,samples_per_second,approximate_clean_sampler,,none,46321.53689931717,45937.87666743735,46901.27447185042,8
g1_gaussian_sanity,diffusion_legacy,tangent_absolute_rms,noisy,0.12,model_samples,0.8274992101130377,0.7570058242299824,0.8827059192991953,8
g1_gaussian_sanity,diffusion_legacy,tangent_absolute_rms,noisy,0.12,none,1.514344789621216,1.432719462555351,1.6084870071377004,8
g1_gaussian_sanity,diffusion_legacy,tangent_absolute_rms,noisy,0.12,oracle_samples,0.5870806364983441,0.5818967645303765,0.6250339850815136,8
g1_gaussian_sanity,diffusion_legacy,tangent_cosine,noisy,0.12,model_samples,0.7067277995551693,0.676615566722066,0.7334552928559589,8
g1_gaussian_sanity,diffusion_legacy,tangent_cosine,noisy,0.12,none,0.43257626226812446,0.3858842750252731,0.4490510166802959,8
g1_gaussian_sanity,diffusion_legacy,tangent_cosine,noisy,0.12,oracle_samples,0.8534251434219626,0.8355726882097303,0.8663738296627067,8
g1_gaussian_sanity,diffusion_legacy,tangent_eval_ms_per_example,noisy,0.12,oracle_samples,0.1209280626426334,0.11951026203860238,0.1250100899596873,8
g1_gaussian_sanity,diffusion_legacy,tangent_nrmse,noisy,0.12,model_samples,0.710601845820087,0.6717896681498587,0.7599535148542649,8
g1_gaussian_sanity,diffusion_legacy,tangent_nrmse,noisy,0.12,none,1.264735451577722,1.1563722263205687,1.3984914305275467,8
g1_gaussian_sanity,diffusion_legacy,tangent_nrmse,noisy,0.12,oracle_samples,0.5338402310179597,0.5164979889212687,0.5489472109020639,8
g1_gaussian_sanity,flow_matching,energy_score_fair,clean,,none,1.5283208611510775,1.4917919389601502,1.5508660795391644,8
g1_gaussian_sanity,flow_matching,energy_score_v,clean,,none,1.5522229724404233,1.5150394036419228,1.574111420527173,8
g1_gaussian_sanity,flow_matching,native_validation_loss,native_objective,,none,1.1733489632606506,1.1676001250743866,1.17555171251297,8
g1_gaussian_sanity,flow_matching,samples_per_second,clean,,none,100389.27303568962,96942.27495965967,102383.10103457473,8
g1_gaussian_sanity,flow_matching_gaussian_source,energy_score_fair,clean,,none,1.5168269762494606,1.4843163036535068,1.5443653132473976,8
g1_gaussian_sanity,flow_matching_gaussian_source,energy_score_v,clean,,none,1.5394486296523293,1.5068574385398428,1.5673176162643077,8
g1_gaussian_sanity,flow_matching_gaussian_source,native_validation_loss,native_objective,,none,3.0904310941696167,3.0646246671676636,3.1055930256843567,8
g1_gaussian_sanity,flow_matching_gaussian_source,samples_per_second,clean,,none,98864.39917549765,96811.26990103857,99369.16480863272,8
g1_gaussian_sanity,gaussian_dsm,centering_error,clean,,none,0.25545562193097937,0.24093332997986364,0.29643451695703993,8
g1_gaussian_sanity,gaussian_dsm,energy_score_fair,clean,,none,1.5340154392081202,1.4944849111063552,1.5702292711607322,8
g1_gaussian_sanity,gaussian_dsm,energy_score_v,clean,,none,1.55842202424488,1.5184383265240315,1.5940222043920995,8
g1_gaussian_sanity,gaussian_dsm,finite_ratio_absolute_rmse,clean,,none,0.09224295351462225,0.08771081171836162,0.1110537385935339,8
g1_gaussian_sanity,gaussian_dsm,finite_ratio_nrmse,clean,,none,0.6141575521481704,0.5310473975297496,0.6492496199938185,8
g1_gaussian_sanity,gaussian_dsm,native_validation_loss,native_objective,,none,0.7750550210475922,0.7735305577516556,0.7761343568563461,8
g1_gaussian_sanity,gaussian_dsm,nll_original,clean,,none,9.49154281616211,9.315864562988281,9.661718130111693,8
g1_gaussian_sanity,gaussian_dsm,samples_per_second,clean,,none,14039903.786889095,13639751.125421265,14335975.196707506,8
g1_gaussian_sanity,gaussian_dsm,tangent_absolute_rms,clean,,none,0.7254644461292369,0.6726265537470557,0.8067008570762575,8
g1_gaussian_sanity,gaussian_dsm,tangent_cosine,clean,,none,0.7598471375556654,0.7332685254509811,0.8034457347149137,8
g1_gaussian_sanity,gaussian_dsm,tangent_eval_ms_per_example,clean,,none,0.004915359340884599,0.004311847760618475,0.005299320605445225,8
g1_gaussian_sanity,gaussian_dsm,tangent_nrmse,clean,,none,0.6330282533272003,0.5817982395857,0.6583875119533869,8
g1_gaussian_sanity,gaussian_nll,centering_error,clean,,none,0.285567600384528,0.264464052411585,0.29529411818375656,8
g1_gaussian_sanity,gaussian_nll,energy_score_fair,clean,,none,1.5064584545237087,1.4812478438534824,1.5396362603414258,8
g1_gaussian_sanity,gaussian_nll,energy_score_v,clean,,none,1.529987660018472,1.5051637542972078,1.5634936593388467,8
g1_gaussian_sanity,gaussian_nll,finite_ratio_absolute_rmse,clean,,none,0.09332031612881156,0.0855249283625619,0.10309182993244348,8
g1_gaussian_sanity,gaussian_nll,finite_ratio_nrmse,clean,,none,0.5648507263158824,0.5363927140873144,0.6375245425300907,8
g1_gaussian_sanity,gaussian_nll,native_validation_loss,native_objective,,none,8.921140193939209,8.881793737411499,8.959659337997437,8
g1_gaussian_sanity,gaussian_nll,nll_original,clean,,none,9.329507827758789,9.126408576965332,9.523593664169312,8
g1_gaussian_sanity,gaussian_nll,samples_per_second,clean,,none,13574698.54110895,13066430.42414992,13861904.140362203,8
g1_gaussian_sanity,gaussian_nll,tangent_absolute_rms,clean,,none,0.6552841287292461,0.624417190131756,0.7309166083762992,8
g1_gaussian_sanity,gaussian_nll,tangent_cosine,clean,,none,0.808707231933594,0.7615995297434065,0.8329550766958382,8
g1_gaussian_sanity,gaussian_nll,tangent_eval_ms_per_example,clean,,none,0.00502376565236765,0.0044913790588907,0.005147128945282,8
g1_gaussian_sanity,gaussian_nll,tangent_nrmse,clean,,none,0.5835538348805318,0.5423692427592818,0.6282838521992377,8
g1_gaussian_sanity,mean,energy_score_fair,clean,,none,1.5068373383778217,1.4740497166242015,1.5376096846368954,8
g1_gaussian_sanity,mean,energy_score_v,clean,,none,1.5300441207182258,1.4971821322028709,1.560818984984848,8
g1_gaussian_sanity,mean,native_validation_loss,native_objective,,none,0.5478351712226868,0.5397337526082993,0.553663358092308,8
g1_gaussian_sanity,mean,samples_per_second,clean,,none,12918868.326528,12370080.219938938,13191923.915859919,8
g1_gaussian_sanity,ratio_critic,centering_error,clean,,none,0.2980568344247041,0.2727984877096061,0.3810545983026541,8
g1_gaussian_sanity,ratio_critic,finite_ratio_absolute_rmse,clean,,none,0.09210762906969311,0.09123044954762492,0.09928000243733429,8
g1_gaussian_sanity,ratio_critic,finite_ratio_nrmse,clean,,none,0.578294034905029,0.5106127552306721,0.6286513211610365,8
g1_gaussian_sanity,ratio_critic,native_validation_loss,native_objective,,none,0.2619370371103287,0.2552321702241897,0.2759553641080856,8
g1_gaussian_sanity,ratio_critic,tangent_absolute_rms,clean,,none,0.627349356780045,0.6057233354421,0.6792497842213394,8
g1_gaussian_sanity,ratio_critic,tangent_cosine,clean,,none,0.8120919060655705,0.7934599120515577,0.8295932155244092,8
g1_gaussian_sanity,ratio_critic,tangent_eval_ms_per_example,clean,,none,0.00476074228572535,0.004664066409532025,0.005013679583498675,8
g1_gaussian_sanity,ratio_critic,tangent_nrmse,clean,,none,0.532061549598797,0.5280950794291822,0.5547619405160666,8
g2_covariance,affine_flow,centering_error,clean,,none,0.27303639053221374,0.2483684666443498,0.2971268114905221,8
g2_covariance,affine_flow,energy_score_fair,clean,,none,1.5011342649780306,1.4618144744627897,1.5384716067912696,8
g2_covariance,affine_flow,energy_score_v,clean,,none,1.5254337307772714,1.4862864382465366,1.562814233739278,8
g2_covariance,affine_flow,finite_ratio_absolute_rmse,clean,,none,0.03735352189982655,0.03476252096237325,0.04313652917316825,8
g2_covariance,affine_flow,finite_ratio_nrmse,clean,,none,0.9753683718391628,0.7650475188140495,1.0945192586401662,8
g2_covariance,affine_flow,native_validation_loss,native_objective,,none,10.870668411254885,10.81689500808716,10.917451858520508,8
g2_covariance,affine_flow,nll_original,clean,,none,9.163627624511719,9.039605140686035,9.285333156585693,8
g2_covariance,affine_flow,samples_per_second,clean,,none,522409.838111173,512426.1250678205,528273.8980090022,8
g2_covariance,affine_flow,tangent_absolute_rms,clean,,none,0.3317642329833258,0.3015782989356534,0.3467385742967262,8
g2_covariance,affine_flow,tangent_cosine,clean,,none,0.7139093716742402,0.6882261940134381,0.7187502940107336,8
g2_covariance,affine_flow,tangent_eval_ms_per_example,clean,,none,0.0197272111108759,0.01883560946680515,0.020463859414121502,8
g2_covariance,affine_flow,tangent_nrmse,clean,,none,0.8099447813745573,0.7663646549230335,0.881731201277555,8
g2_covariance,autoregressive_mdn,centering_error,clean,,none,0.2734760835730702,0.2473818470161249,0.28410073482729975,8
g2_covariance,autoregressive_mdn,energy_score_fair,clean,,none,1.4947300517935411,1.4490938013018941,1.5375413854264328,8
g2_covariance,autoregressive_mdn,energy_score_v,clean,,none,1.5184956720010725,1.4730867714184186,1.5614124612401898,8
g2_covariance,autoregressive_mdn,finite_ratio_absolute_rmse,clean,,none,0.0401739113841936,0.03809061978840428,0.04359421745436803,8
g2_covariance,autoregressive_mdn,finite_ratio_nrmse,clean,,none,0.9563436111479465,0.7954474151159765,1.0714268945647814,8
g2_covariance,autoregressive_mdn,native_validation_loss,native_objective,,none,10.809152126312256,10.779498577117922,10.844052076339722,8
g2_covariance,autoregressive_mdn,nll_original,clean,,none,9.056135177612305,8.929295539855957,9.21505403518677,8
g2_covariance,autoregressive_mdn,samples_per_second,clean,,none,438612.51544006215,432899.00939400797,441156.997609763,8
g2_covariance,autoregressive_mdn,tangent_absolute_rms,clean,,none,0.3426468776441335,0.3211946324177292,0.35697904412066594,8
g2_covariance,autoregressive_mdn,tangent_cosine,clean,,none,0.676464548558867,0.6492008958436832,0.7018549084783038,8
g2_covariance,autoregressive_mdn,tangent_eval_ms_per_example,clean,,none,0.0250637967837974,0.024566410161241874,0.025248535393984597,8
g2_covariance,autoregressive_mdn,tangent_nrmse,clean,,none,0.8643474774078851,0.8085375556212682,0.9051852940458305,8
g2_covariance,bounded_energy,centering_error,clean,,none,0.24357037290175237,0.2220304567945206,0.2886791109321875,8
g2_covariance,bounded_energy,energy_score_fair,clean,,none,1.5042124143840165,1.4679431652860326,1.5504821083358427,8
g2_covariance,bounded_energy,energy_score_v,clean,,none,1.5274759056178362,1.4909157120434742,1.573677617660178,8
g2_covariance,bounded_energy,native_validation_loss,native_objective,,none,3.3947553634643555,3.385003089904785,3.4002220034599304,8
g2_covariance,bounded_energy,samples_per_second,clean,,none,419257.51253607974,407007.6501525133,438177.6023921619,8
g2_covariance,bounded_energy,tangent_absolute_rms,clean,,none,0.27923542390005535,0.2704363929978615,0.29547461964610994,8
g2_covariance,bounded_energy,tangent_cosine,clean,,none,0.739746846984537,0.7353809973846297,0.7459968061026928,8
g2_covariance,bounded_energy,tangent_eval_ms_per_example,clean,,none,0.12437858595149004,0.12087793379578207,0.13619254286822974,8
g2_covariance,bounded_energy,tangent_nrmse,clean,,none,0.7144565517272607,0.6871892497912575,0.7272777880683129,8
g2_covariance,diffusion_edm,centering_error,noisy,0.12,model_samples,0.5647069553567663,0.547173729683829,0.602684697862893,8
g2_covariance,diffusion_edm,centering_error,noisy,0.12,oracle_samples,0.5336751307712149,0.4877725700419209,0.5886688885110177,8
g2_covariance,diffusion_edm,energy_score_fair,approximate_clean_sampler,,none,1.5008109556886278,1.4639042076301325,1.5460852673696415,8
g2_covariance,diffusion_edm,energy_score_v,approximate_clean_sampler,,none,1.5235924510788281,1.4864984642187453,1.5688887873259776,8
g2_covariance,diffusion_edm,native_validation_loss,native_objective,,none,1.758369505405426,1.7446606755256653,1.7608575224876404,8
g2_covariance,diffusion_edm,oracle_clean_to_noisy_tangent_nrmse,noisy,0.12,none,0.02768164708364615,0.02579922675148585,0.030291944813083824,8
g2_covariance,diffusion_edm,response_score_nrmse,noisy,0.12,none,0.6785628165017847,0.6620168068281451,0.7022473916413023,8
g2_covariance,diffusion_edm,samples_per_second,approximate_clean_sampler,,none,95658.39252254367,87006.44460711672,98190.24848724893,8
g2_covariance,diffusion_edm,tangent_absolute_rms,noisy,0.12,model_samples,0.39936063545642103,0.377581305216221,0.4113913307472633,8
g2_covariance,diffusion_edm,tangent_absolute_rms,noisy,0.12,none,0.4749897541737626,0.4216957512831589,0.5067819965117341,8
g2_covariance,diffusion_edm,tangent_absolute_rms,noisy,0.12,oracle_samples,0.38816182683168643,0.3598184429956719,0.39924340432741423,8
g2_covariance,diffusion_edm,tangent_cosine,noisy,0.12,model_samples,0.6562795972924984,0.6392681386370933,0.6739653891267385,8
g2_covariance,diffusion_edm,tangent_cosine,noisy,0.12,none,0.6050540469856874,0.5945936783807324,0.6104136042697225,8
g2_covariance,diffusion_edm,tangent_cosine,noisy,0.12,oracle_samples,0.6685663961470729,0.6519504683127207,0.6864408359445451,8
g2_covariance,diffusion_edm,tangent_eval_ms_per_example,noisy,0.12,oracle_samples,0.1403434218900656,0.136928871256714,0.14624494917825354,8
g2_covariance,diffusion_edm,tangent_nrmse,noisy,0.12,model_samples,0.9949379463858581,0.9861483683795604,1.0318435281559544,8
g2_covariance,diffusion_edm,tangent_nrmse,noisy,0.12,none,1.1589257688452075,1.1213938548006255,1.2751763586133709,8
g2_covariance,diffusion_edm,tangent_nrmse,noisy,0.12,oracle_samples,0.967745864454701,0.9549358583941597,1.0150482257110944,8
g2_covariance,diffusion_gaussian_anchored,centering_error,noisy,0.12,model_samples,0.6451586746623248,0.5665498761802299,0.7271150082473888,8
g2_covariance,diffusion_gaussian_anchored,centering_error,noisy,0.12,oracle_samples,0.5830378698065583,0.5415111300278941,0.6581588390252634,8
g2_covariance,diffusion_gaussian_anchored,energy_score_fair,approximate_clean_sampler,,none,1.4966793834052599,1.464094102853563,1.5516548223306272,8
g2_covariance,diffusion_gaussian_anchored,energy_score_v,approximate_clean_sampler,,none,1.519723970359217,1.4872883435572763,1.5744163340684967,8
g2_covariance,diffusion_gaussian_anchored,native_validation_loss,native_objective,,none,6.5040199756622314,6.489481687545776,6.521345019340515,8
g2_covariance,diffusion_gaussian_anchored,oracle_clean_to_noisy_tangent_nrmse,noisy,0.12,none,0.02768164708364615,0.02579922675148585,0.030291944813083824,8
g2_covariance,diffusion_gaussian_anchored,response_score_nrmse,noisy,0.12,none,0.6274703961175403,0.6112773181811346,0.7067837316194856,8
g2_covariance,diffusion_gaussian_anchored,samples_per_second,approximate_clean_sampler,,none,46998.61191466666,46140.19784218641,48186.63623899274,8
g2_covariance,diffusion_gaussian_anchored,tangent_absolute_rms,noisy,0.12,model_samples,0.4458695819098112,0.4274696794122478,0.46967529697680044,8
g2_covariance,diffusion_gaussian_anchored,tangent_absolute_rms,noisy,0.12,none,0.5188115304670251,0.4699371150712301,0.5484091072076339,8
g2_covariance,diffusion_gaussian_anchored,tangent_absolute_rms,noisy,0.12,oracle_samples,0.440588772678308,0.42306572164241396,0.4617244531459145,8
g2_covariance,diffusion_gaussian_anchored,tangent_cosine,noisy,0.12,model_samples,0.6376804521997221,0.6132592980434384,0.6571993317220592,8
g2_covariance,diffusion_gaussian_anchored,tangent_cosine,noisy,0.12,none,0.5808186162957225,0.5496905807618148,0.6119081259562499,8
g2_covariance,diffusion_gaussian_anchored,tangent_cosine,noisy,0.12,oracle_samples,0.6434571732141157,0.6263332688863176,0.6795761372768581,8
g2_covariance,diffusion_gaussian_anchored,tangent_eval_ms_per_example,noisy,0.12,oracle_samples,0.26603157834870217,0.2584378279379962,0.26856103909267404,8
g2_covariance,diffusion_gaussian_anchored,tangent_nrmse,noisy,0.12,model_samples,1.117872509280598,1.0849545475909754,1.1929912133151093,8
g2_covariance,diffusion_gaussian_anchored,tangent_nrmse,noisy,0.12,none,1.2829988804180443,1.2471341731556287,1.3691359482388252,8
g2_covariance,diffusion_gaussian_anchored,tangent_nrmse,noisy,0.12,oracle_samples,1.1057985983029845,1.0656814859881696,1.1776071794139449,8
g2_covariance,diffusion_legacy,centering_error,noisy,0.12,model_samples,0.7108145909054882,0.6137225120607221,0.7530482054430176,8
g2_covariance,diffusion_legacy,centering_error,noisy,0.12,oracle_samples,0.36682093552497996,0.337385191658203,0.3927796664587587,8
g2_covariance,diffusion_legacy,energy_score_fair,approximate_clean_sampler,,none,2.3571753806859164,2.332620057661732,2.372009818465043,8
g2_covariance,diffusion_legacy,energy_score_v,approximate_clean_sampler,,none,2.432860881455949,2.408485854300008,2.448231458015507,8
g2_covariance,diffusion_legacy,native_validation_loss,native_objective,,none,0.7572406828403473,0.7548729181289673,0.7583006918430328,8
g2_covariance,diffusion_legacy,oracle_clean_to_noisy_tangent_nrmse,noisy,0.12,none,0.02768164708364615,0.02579922675148585,0.030291944813083824,8
g2_covariance,diffusion_legacy,response_score_nrmse,noisy,0.12,none,0.23635211001775802,0.22625782712116443,0.2397236580341321,8
g2_covariance,diffusion_legacy,samples_per_second,approximate_clean_sampler,,none,45095.13548476573,44521.33169718812,45659.31025721827,8
g2_covariance,diffusion_legacy,tangent_absolute_rms,noisy,0.12,model_samples,0.30909407206324785,0.2817925550853263,0.33277310675338323,8
g2_covariance,diffusion_legacy,tangent_absolute_rms,noisy,0.12,none,0.31178647392578773,0.290670692282008,0.3569686886384603,8
g2_covariance,diffusion_legacy,tangent_absolute_rms,noisy,0.12,oracle_samples,0.22506704903985053,0.21527060954426858,0.23076503336124926,8
g2_covariance,diffusion_legacy,tangent_cosine,noisy,0.12,model_samples,0.6753522459958783,0.6566523199895393,0.6984779218558413,8
g2_covariance,diffusion_legacy,tangent_cosine,noisy,0.12,none,0.6839306553880654,0.6340447936846438,0.7140534324622081,8
g2_covariance,diffusion_legacy,tangent_cosine,noisy,0.12,oracle_samples,0.8230833696726602,0.8108924122932584,0.8316558147155722,8
g2_covariance,diffusion_legacy,tangent_eval_ms_per_example,noisy,0.12,oracle_samples,0.12513346086961968,0.12263835162684694,0.12726839065635426,8
g2_covariance,diffusion_legacy,tangent_nrmse,noisy,0.12,model_samples,0.7878130143905092,0.7608350187888895,0.8033930971272615,8
g2_covariance,diffusion_legacy,tangent_nrmse,noisy,0.12,none,0.7888932149938416,0.7694873243109502,0.88540711915329,8
g2_covariance,diffusion_legacy,tangent_nrmse,noisy,0.12,oracle_samples,0.5684513317843466,0.5618317114331408,0.5758090269100948,8
g2_covariance,flow_matching,energy_score_fair,clean,,none,1.5006342913465929,1.4668421321300806,1.539342202272353,8
g2_covariance,flow_matching,energy_score_v,clean,,none,1.5239801817415604,1.4902136385601068,1.5625119456258931,8
g2_covariance,flow_matching,native_validation_loss,native_objective,,none,1.4907626509666443,1.4873735010623934,1.4980348944664001,8
g2_covariance,flow_matching,samples_per_second,clean,,none,98831.56281184658,95043.56507447618,100316.59344068164,8
g2_covariance,flow_matching_gaussian_source,energy_score_fair,clean,,none,1.515100921118285,1.4787571032302413,1.5584408914173473,8
g2_covariance,flow_matching_gaussian_source,energy_score_v,clean,,none,1.5378973409632228,1.5012844228351032,1.5809168179004298,8
g2_covariance,flow_matching_gaussian_source,native_validation_loss,native_objective,,none,4.20021915435791,4.184265494346619,4.220638990402222,8
g2_covariance,flow_matching_gaussian_source,samples_per_second,clean,,none,96759.89848148344,96204.61490224981,98441.74309217298,8
g2_covariance,gaussian_dsm,centering_error,clean,,none,0.24777954901709182,0.2288283479259372,0.2751668751721331,8
g2_covariance,gaussian_dsm,energy_score_fair,clean,,none,1.5098199777011565,1.4785765157706592,1.5449269121103546,8
g2_covariance,gaussian_dsm,energy_score_v,clean,,none,1.5340263702941217,1.5020204541476798,1.5686354361930066,8
g2_covariance,gaussian_dsm,finite_ratio_absolute_rmse,clean,,none,0.035020946289295,0.03073151119344887,0.04001131123274472,8
g2_covariance,gaussian_dsm,finite_ratio_nrmse,clean,,none,0.8108301018982836,0.7619884863485138,0.9208871015236026,8
g2_covariance,gaussian_dsm,native_validation_loss,native_objective,,none,0.8266438841819763,0.8246927559375763,0.8282648324966431,8
g2_covariance,gaussian_dsm,nll_original,clean,,none,9.395812511444092,9.221562862396242,9.535015106201174,8
g2_covariance,gaussian_dsm,samples_per_second,clean,,none,14173127.829187008,13779902.172979187,14268314.121484498,8
g2_covariance,gaussian_dsm,tangent_absolute_rms,clean,,none,0.3097182154778044,0.3001410855106199,0.32275630934475674,8
g2_covariance,gaussian_dsm,tangent_cosine,clean,,none,0.6630909576509614,0.6479014848304581,0.6820091475180128,8
g2_covariance,gaussian_dsm,tangent_eval_ms_per_example,clean,,none,0.00465267180516085,0.004425945348884825,0.004995937388230175,8
g2_covariance,gaussian_dsm,tangent_nrmse,clean,,none,0.7850421005562562,0.7629714997741852,0.8000520647343796,8
g2_covariance,gaussian_nll,centering_error,clean,,none,0.2142073103587365,0.19295973813841938,0.23845238082200468,8
g2_covariance,gaussian_nll,energy_score_fair,clean,,none,1.5016541632291625,1.4659550141525903,1.5425554268749733,8
g2_covariance,gaussian_nll,energy_score_v,clean,,none,1.5252835817523178,1.4896668511232394,1.5662956335910154,8
g2_covariance,gaussian_nll,finite_ratio_absolute_rmse,clean,,none,0.03312105207192505,0.0293729562895746,0.03427534259229997,8
g2_covariance,gaussian_nll,finite_ratio_nrmse,clean,,none,0.7556140578739263,0.6730777114750401,0.8693755790808689,8
g2_covariance,gaussian_nll,native_validation_loss,native_objective,,none,11.066117286682129,11.043425798416138,11.091252088546751,8
g2_covariance,gaussian_nll,nll_original,clean,,none,9.312520027160645,9.084226608276367,9.491732120513918,8
g2_covariance,gaussian_nll,samples_per_second,clean,,none,13609251.905706663,13461408.577520162,14055265.405376947,8
g2_covariance,gaussian_nll,tangent_absolute_rms,clean,,none,0.2896101128939106,0.2721504993061359,0.2971135174997799,8
g2_covariance,gaussian_nll,tangent_cosine,clean,,none,0.700397726671291,0.6962888333095285,0.7177852988370298,8
g2_covariance,gaussian_nll,tangent_eval_ms_per_example,clean,,none,0.00443522662862955,0.00429247279498665,0.004513187604970875,8
g2_covariance,gaussian_nll,tangent_nrmse,clean,,none,0.7149308754515022,0.7039546629794353,0.7530812256673085,8
g2_covariance,mean,energy_score_fair,clean,,none,1.5045145403998819,1.4686875716816616,1.5458392503522655,8
g2_covariance,mean,energy_score_v,clean,,none,1.5279988998811311,1.492050434772423,1.5693100912030014,8
g2_covariance,mean,native_validation_loss,native_objective,,none,0.930300235748291,0.9255497604608536,0.9345424771308899,8
g2_covariance,mean,samples_per_second,clean,,none,13443790.62527091,13246037.631928869,13604219.190456063,8
g2_covariance,ratio_critic,centering_error,clean,,none,0.2521039621212763,0.2401021979382771,0.26325655365880646,8
g2_covariance,ratio_critic,finite_ratio_absolute_rmse,clean,,none,0.027279076824291648,0.0265456697528729,0.027764839532616575,8
g2_covariance,ratio_critic,finite_ratio_nrmse,clean,,none,0.6194130932468122,0.5331805365705715,0.7446896571409771,8
g2_covariance,ratio_critic,native_validation_loss,native_objective,,none,0.6019061505794525,0.5906859934329987,0.6094006299972534,8
g2_covariance,ratio_critic,tangent_absolute_rms,clean,,none,0.23122483013461248,0.22192511283630484,0.23980282767838862,8
g2_covariance,ratio_critic,tangent_cosine,clean,,none,0.8066088108320776,0.8004807373509717,0.8228321635102931,8
g2_covariance,ratio_critic,tangent_eval_ms_per_example,clean,,none,0.00498828103445695,0.0048305624886779246,0.005431320346360675,8
g2_covariance,ratio_critic,tangent_nrmse,clean,,none,0.5816562541344522,0.5732566312206415,0.6027199103694756,8
g3_matched_skew,affine_flow,centering_error,clean,,none,0.9683310295531065,0.7764697237483728,1.194835206395387,8
g3_matched_skew,affine_flow,energy_score_fair,clean,,none,1.7874725704734207,1.7784872551685225,1.7936628671292674,8
g3_matched_skew,affine_flow,energy_score_v,clean,,none,1.814339208941494,1.8057779665241591,1.8205918943112376,8
g3_matched_skew,affine_flow,finite_ratio_absolute_rmse,clean,,none,0.046556082227766846,0.03281559345320195,0.06249406742862448,8
g3_matched_skew,affine_flow,finite_ratio_nrmse,clean,,none,1.9404666821795895,1.5304997322075709,3.2010557850745025,8
g3_matched_skew,affine_flow,native_validation_loss,native_objective,,none,5.349931716918945,5.3017226457595825,5.454562783241272,8
g3_matched_skew,affine_flow,nll_original,clean,,none,6.007528305053711,5.8621944189071655,6.122284412384033,8
g3_matched_skew,affine_flow,samples_per_second,clean,,none,418462.77631849283,382217.972458366,450550.0739747743,8
g3_matched_skew,affine_flow,tangent_absolute_rms,clean,,none,0.28319449776834327,0.24095229207442068,0.3436562474879079,8
g3_matched_skew,affine_flow,tangent_cosine,clean,,none,0.18246521281379804,0.14202591722303443,0.21427188920820947,8
g3_matched_skew,affine_flow,tangent_eval_ms_per_example,clean,,none,0.0265061873960803,0.0217752303797169,0.0362213553444235,8
g3_matched_skew,affine_flow,tangent_nrmse,clean,,none,4.0290820378881085,3.4645632977095806,5.314665443719484,8
g3_matched_skew,autoregressive_mdn,centering_error,clean,,none,0.8302448143656445,0.7693375339085281,1.0100456872630725,8
g3_matched_skew,autoregressive_mdn,energy_score_fair,clean,,none,1.7805980697979455,1.7740816206760255,1.7929091125297543,8
g3_matched_skew,autoregressive_mdn,energy_score_v,clean,,none,1.807334517869319,1.8009181690532092,1.8198695435736354,8
g3_matched_skew,autoregressive_mdn,finite_ratio_absolute_rmse,clean,,none,0.035313826295417655,0.03312646751615383,0.0387931989148887,8
g3_matched_skew,autoregressive_mdn,finite_ratio_nrmse,clean,,none,1.6470158239081811,1.4082175437932385,1.8228023501446857,8
g3_matched_skew,autoregressive_mdn,native_validation_loss,native_objective,,none,5.098546981811523,5.0494654178619385,5.127418041229248,8
g3_matched_skew,autoregressive_mdn,nll_original,clean,,none,5.748257637023926,5.627073884010315,5.86783242225647,8
g3_matched_skew,autoregressive_mdn,samples_per_second,clean,,none,680387.7484360961,663316.2221835207,736420.8491627581,8
g3_matched_skew,autoregressive_mdn,tangent_absolute_rms,clean,,none,0.2648449498441928,0.25415222492872885,0.29947706447297484,8
g3_matched_skew,autoregressive_mdn,tangent_cosine,clean,,none,0.188828537648971,0.14969894488411045,0.23445149964211426,8
g3_matched_skew,autoregressive_mdn,tangent_eval_ms_per_example,clean,,none,0.017584960914973552,0.015318195551117174,0.018364581819696423,8
g3_matched_skew,autoregressive_mdn,tangent_nrmse,clean,,none,4.218993249009072,3.8126158144491646,4.588100752068486,8
g3_matched_skew,bounded_energy,centering_error,clean,,none,0.5556297694673229,0.4980192478764393,0.7533093447975214,8
g3_matched_skew,bounded_energy,energy_score_fair,clean,,none,1.788072820355623,1.7743255899838672,1.8160640337378258,8
g3_matched_skew,bounded_energy,energy_score_v,clean,,none,1.8147854604286209,1.8001669409154597,1.8445935943987735,8
g3_matched_skew,bounded_energy,native_validation_loss,native_objective,,none,2.020902156829834,2.0061503648757935,2.046948552131653,8
g3_matched_skew,bounded_energy,samples_per_second,clean,,none,363529.08064054506,340531.50549581903,382423.2668254565,8
g3_matched_skew,bounded_energy,tangent_absolute_rms,clean,,none,0.1930919365108781,0.1721131267339355,0.19567561900453126,8
g3_matched_skew,bounded_energy,tangent_cosine,clean,,none,0.1518876125659212,0.13783898565444772,0.2020214928730194,8
g3_matched_skew,bounded_energy,tangent_eval_ms_per_example,clean,,none,0.1537314453798899,0.1414724998767269,0.16517171866325947,8
g3_matched_skew,bounded_energy,tangent_nrmse,clean,,none,2.9502278036145517,2.6439510275203695,3.120612722055117,8
g3_matched_skew,diffusion_edm,centering_error,noisy,0.12,model_samples,1.8490511093231081,1.6379498423032044,2.2196937928794234,8
g3_matched_skew,diffusion_edm,centering_error,noisy,0.12,oracle_samples,1.8185150353246322,1.5563352571462974,2.2224539797959557,8
g3_matched_skew,diffusion_edm,energy_score_fair,approximate_clean_sampler,,none,1.7808130405101696,1.7790956052628668,1.7894571781895436,8
g3_matched_skew,diffusion_edm,energy_score_v,approximate_clean_sampler,,none,1.8069716716845412,1.8044957104522361,1.815349961223412,8
g3_matched_skew,diffusion_edm,native_validation_loss,native_objective,,none,1.8638699650764465,1.828022539615631,1.9059732556343079,8
g3_matched_skew,diffusion_edm,oracle_clean_to_noisy_tangent_nrmse,noisy,0.12,none,0.0938588017619904,0.08462020140103882,0.10003399583736428,8
g3_matched_skew,diffusion_edm,response_score_nrmse,noisy,0.12,none,0.8880315951468527,0.8560107978149353,0.9157925367970787,8
g3_matched_skew,diffusion_edm,samples_per_second,approximate_clean_sampler,,none,77667.0000027348,74357.94954099832,81692.89017421717,8
g3_matched_skew,diffusion_edm,tangent_absolute_rms,noisy,0.12,model_samples,0.3162843521405192,0.25553891514601246,0.3301938499509704,8
g3_matched_skew,diffusion_edm,tangent_absolute_rms,noisy,0.12,none,0.33329981422943766,0.27569259842157734,0.3632729178767763,8
g3_matched_skew,diffusion_edm,tangent_absolute_rms,noisy,0.12,oracle_samples,0.31594445124207043,0.2606161077083337,0.3270258925688797,8
g3_matched_skew,diffusion_edm,tangent_cosine,noisy,0.12,model_samples,0.19002569609386816,0.12737482629210065,0.20504956380691433,8
g3_matched_skew,diffusion_edm,tangent_cosine,noisy,0.12,none,0.1475063979604388,0.13194654201134806,0.19533275488650334,8
g3_matched_skew,diffusion_edm,tangent_cosine,noisy,0.12,oracle_samples,0.17099904342635758,0.15030377877076573,0.20137491777329083,8
g3_matched_skew,diffusion_edm,tangent_eval_ms_per_example,noisy,0.12,oracle_samples,0.1504886095062829,0.1427228240800104,0.15336703097545976,8
g3_matched_skew,diffusion_edm,tangent_nrmse,noisy,0.12,model_samples,4.8282826711773055,4.209676852399842,5.35659927078438,8
g3_matched_skew,diffusion_edm,tangent_nrmse,noisy,0.12,none,5.1498718252780575,4.654770032124923,5.757797957927721,8
g3_matched_skew,diffusion_edm,tangent_nrmse,noisy,0.12,oracle_samples,4.867216207204532,4.262910235363918,5.278964014420639,8
g3_matched_skew,diffusion_gaussian_anchored,centering_error,noisy,0.12,model_samples,1.8502181119145218,1.4568978692364283,2.284164537789187,8
g3_matched_skew,diffusion_gaussian_anchored,centering_error,noisy,0.12,oracle_samples,1.8660226739317984,1.4196068721395088,2.109058268579838,8
g3_matched_skew,diffusion_gaussian_anchored,energy_score_fair,approximate_clean_sampler,,none,1.782165448275121,1.7735489628118457,1.7988705682684991,8
g3_matched_skew,diffusion_gaussian_anchored,energy_score_v,approximate_clean_sampler,,none,1.8090773277616705,1.8004360168740283,1.8258928919861503,8
g3_matched_skew,diffusion_gaussian_anchored,native_validation_loss,native_objective,,none,3.8082528114318848,3.805679500102997,3.8115552067756657,8
g3_matched_skew,diffusion_gaussian_anchored,oracle_clean_to_noisy_tangent_nrmse,noisy,0.12,none,0.0938588017619904,0.08462020140103882,0.10003399583736428,8
g3_matched_skew,diffusion_gaussian_anchored,response_score_nrmse,noisy,0.12,none,0.8535300883287944,0.8013289876682421,0.867376177697907,8
g3_matched_skew,diffusion_gaussian_anchored,samples_per_second,approximate_clean_sampler,,none,39740.06129777967,39040.411729120264,41567.29593699574,8
g3_matched_skew,diffusion_gaussian_anchored,tangent_absolute_rms,noisy,0.12,model_samples,0.3084834149274516,0.29418142432972727,0.31670838637892995,8
g3_matched_skew,diffusion_gaussian_anchored,tangent_absolute_rms,noisy,0.12,none,0.32046639055473464,0.3024496678036862,0.3337732679588813,8
g3_matched_skew,diffusion_gaussian_anchored,tangent_absolute_rms,noisy,0.12,oracle_samples,0.30793464169276824,0.2933131490455336,0.317018440978306,8
g3_matched_skew,diffusion_gaussian_anchored,tangent_cosine,noisy,0.12,model_samples,0.06967390557678985,0.035399320749584455,0.10151859628432393,8
g3_matched_skew,diffusion_gaussian_anchored,tangent_cosine,noisy,0.12,none,0.06267312232625165,0.029433074073372124,0.10224162715859544,8
g3_matched_skew,diffusion_gaussian_anchored,tangent_cosine,noisy,0.12,oracle_samples,0.057512904970085196,0.04902041823754055,0.0961368266300751,8
g3_matched_skew,diffusion_gaussian_anchored,tangent_eval_ms_per_example,noisy,0.12,oracle_samples,0.29358365623011196,0.2866402971903881,0.3163614919685642,8
g3_matched_skew,diffusion_gaussian_anchored,tangent_nrmse,noisy,0.12,model_samples,4.65070782198983,4.570813516485039,5.047726533720242,8
g3_matched_skew,diffusion_gaussian_anchored,tangent_nrmse,noisy,0.12,none,4.931397157756903,4.806502336990302,5.130225471539994,8
g3_matched_skew,diffusion_gaussian_anchored,tangent_nrmse,noisy,0.12,oracle_samples,4.636536988043817,4.539331111232021,5.055914447909851,8
g3_matched_skew,diffusion_legacy,centering_error,noisy,0.12,model_samples,1.5802082435522902,1.3966770011640492,1.7902910003696735,8
g3_matched_skew,diffusion_legacy,centering_error,noisy,0.12,oracle_samples,0.65800336013133,0.4556895254333444,0.7430416813280967,8
g3_matched_skew,diffusion_legacy,energy_score_fair,approximate_clean_sampler,,none,2.57086522957191,2.5632653795048492,2.5781644749332693,8
g3_matched_skew,diffusion_legacy,energy_score_v,approximate_clean_sampler,,none,2.652599773019892,2.6451309694360607,2.65963239396688,8
g3_matched_skew,diffusion_legacy,native_validation_loss,native_objective,,none,0.7685572803020477,0.7629433870315552,0.7741502374410629,8
g3_matched_skew,diffusion_legacy,oracle_clean_to_noisy_tangent_nrmse,noisy,0.12,none,0.0938588017619904,0.08462020140103882,0.10003399583736428,8
g3_matched_skew,diffusion_legacy,response_score_nrmse,noisy,0.12,none,0.7534446630362852,0.7340082141007821,0.7634179623797832,8
g3_matched_skew,diffusion_legacy,samples_per_second,approximate_clean_sampler,,none,40060.11612380385,39809.56941956356,41250.00261696259,8
g3_matched_skew,diffusion_legacy,tangent_absolute_rms,noisy,0.12,model_samples,0.1561144482713243,0.14864434204576163,0.1568165204311144,8
g3_matched_skew,diffusion_legacy,tangent_absolute_rms,noisy,0.12,none,0.11847789809392315,0.11604475881527702,0.12566943004475042,8
g3_matched_skew,diffusion_legacy,tangent_absolute_rms,noisy,0.12,oracle_samples,0.1128545360238809,0.1092538897526509,0.1169022369870837,8
g3_matched_skew,diffusion_legacy,tangent_cosine,noisy,0.12,model_samples,0.0440872072639618,0.01850878882457595,0.06271945748979785,8
g3_matched_skew,diffusion_legacy,tangent_cosine,noisy,0.12,none,0.0582894894230153,0.04138097126714173,0.10501675904863159,8
g3_matched_skew,diffusion_legacy,tangent_cosine,noisy,0.12,oracle_samples,0.08456196161371679,0.061946968708906605,0.1170754596235037,8
g3_matched_skew,diffusion_legacy,tangent_eval_ms_per_example,noisy,0.12,oracle_samples,0.14428906251850998,0.14056021871056137,0.15867024194449186,8
g3_matched_skew,diffusion_legacy,tangent_nrmse,noisy,0.12,model_samples,2.389724352040176,2.337698040918319,2.6877275403325696,8
g3_matched_skew,diffusion_legacy,tangent_nrmse,noisy,0.12,none,1.9307148053516252,1.7703691961290742,2.0381055192236954,8
g3_matched_skew,diffusion_legacy,tangent_nrmse,noisy,0.12,oracle_samples,1.7769319589620138,1.6865334814361805,1.904152423175262,8
g3_matched_skew,flow_matching,energy_score_fair,clean,,none,1.7892409904604758,1.7787381020797528,1.8019816649567373,8
g3_matched_skew,flow_matching,energy_score_v,clean,,none,1.8157559407128385,1.8052870951621625,1.8282092913420942,8
g3_matched_skew,flow_matching,native_validation_loss,native_objective,,none,1.5531684160232544,1.5508208572864532,1.5537760555744171,8
g3_matched_skew,flow_matching,samples_per_second,clean,,none,81519.76656899035,78885.50383374022,82451.02971299062,8
g3_matched_skew,flow_matching_gaussian_source,energy_score_fair,clean,,none,1.8133570792517455,1.803458939226446,1.8241826702986306,8
g3_matched_skew,flow_matching_gaussian_source,energy_score_v,clean,,none,1.8386622163793462,1.8286509866795921,1.8489256329472614,8
g3_matched_skew,flow_matching_gaussian_source,native_validation_loss,native_objective,,none,3.0099401473999023,3.0002825260162354,3.0170041918754578,8
g3_matched_skew,flow_matching_gaussian_source,samples_per_second,clean,,none,77759.27318864022,74440.0280777993,81055.10806714126,8
g3_matched_skew,gaussian_dsm,centering_error,clean,,none,0.39140684835212103,0.34125574466777564,0.5642957574212463,8
g3_matched_skew,gaussian_dsm,energy_score_fair,clean,,none,1.801806680705572,1.7913863243025436,1.8151369093501193,8
g3_matched_skew,gaussian_dsm,energy_score_v,clean,,none,1.8289352344189822,1.8190169489912136,1.8424727733636885,8
g3_matched_skew,gaussian_dsm,finite_ratio_absolute_rmse,clean,,none,0.027101254248501648,0.024745465588222677,0.029232500987464126,8
g3_matched_skew,gaussian_dsm,finite_ratio_nrmse,clean,,none,1.2027132150594353,1.1520159523439009,1.274296295280308,8
g3_matched_skew,gaussian_dsm,native_validation_loss,native_objective,,none,0.8232361078262329,0.8194298446178436,0.8276380747556686,8
g3_matched_skew,gaussian_dsm,nll_original,clean,,none,6.458172559738159,6.452184200286865,6.467517852783203,8
g3_matched_skew,gaussian_dsm,samples_per_second,clean,,none,16223575.843929682,15147691.510902422,17838380.99865846,8
g3_matched_skew,gaussian_dsm,tangent_absolute_rms,clean,,none,0.1497971331489171,0.14321140146972286,0.15855949459361748,8
g3_matched_skew,gaussian_dsm,tangent_cosine,clean,,none,0.012939898523216049,-0.01582892620134435,0.040712155417551105,8
g3_matched_skew,gaussian_dsm,tangent_eval_ms_per_example,clean,,none,0.00573502347833705,0.004729820375359825,0.006982910122132975,8
g3_matched_skew,gaussian_dsm,tangent_nrmse,clean,,none,2.226160378869082,2.155599046879231,2.3412821907251167,8
g3_matched_skew,gaussian_nll,centering_error,clean,,none,0.3882691459874449,0.32701616150131624,0.46841587147240715,8
g3_matched_skew,gaussian_nll,energy_score_fair,clean,,none,1.7981362373069971,1.776743042328631,1.8103764038404682,8
g3_matched_skew,gaussian_nll,energy_score_v,clean,,none,1.8245378453058512,1.80347407222699,1.8370281709842868,8
g3_matched_skew,gaussian_nll,finite_ratio_absolute_rmse,clean,,none,0.0254791875789807,0.025007191816257424,0.0284865302027477,8
g3_matched_skew,gaussian_nll,finite_ratio_nrmse,clean,,none,1.1816168949878993,1.1302494419377194,1.2771044561370668,8
g3_matched_skew,gaussian_nll,native_validation_loss,native_objective,,none,5.699334144592285,5.676519513130188,5.722527027130127,8
g3_matched_skew,gaussian_nll,nll_original,clean,,none,6.409392833709717,6.396228790283203,6.4144322872161865,8
g3_matched_skew,gaussian_nll,samples_per_second,clean,,none,16179187.723083321,15802950.154416692,18142059.18794361,8
g3_matched_skew,gaussian_nll,tangent_absolute_rms,clean,,none,0.14939452271688605,0.14203165105247229,0.15191131219895465,8
g3_matched_skew,gaussian_nll,tangent_cosine,clean,,none,0.04021987158352045,-0.005008396040892574,0.0732748150698285,8
g3_matched_skew,gaussian_nll,tangent_eval_ms_per_example,clean,,none,0.0063196639530360005,0.005108074219606275,0.00678271101151035,8
g3_matched_skew,gaussian_nll,tangent_nrmse,clean,,none,2.1908947818703126,2.1404050117840594,2.4104468888435715,8
g3_matched_skew,mean,energy_score_fair,clean,,none,1.8021243557978055,1.7976286674083504,1.8106875526627355,8
g3_matched_skew,mean,energy_score_v,clean,,none,1.8282890102400593,1.8242177669090682,1.8371619111864144,8
g3_matched_skew,mean,native_validation_loss,native_objective,,none,1.0033162832260132,0.9932554215192795,1.0157227218151093,8
g3_matched_skew,mean,samples_per_second,clean,,none,14617326.479478106,14241383.772219356,16231883.51943095,8
g3_matched_skew,ratio_critic,centering_error,clean,,none,0.2741398929910823,0.19325593760897747,0.3243571355595637,8
g3_matched_skew,ratio_critic,finite_ratio_absolute_rmse,clean,,none,0.021989658499791953,0.021066885428491375,0.023178714262483475,8
g3_matched_skew,ratio_critic,finite_ratio_nrmse,clean,,none,1.0045168947541705,0.9530181867056875,1.0663049002365168,8
g3_matched_skew,ratio_critic,native_validation_loss,native_objective,,none,0.6939077973365784,0.6936026513576508,0.694779559969902,8
g3_matched_skew,ratio_critic,tangent_absolute_rms,clean,,none,0.09413449896474049,0.08813510684047549,0.10457187210296588,8
g3_matched_skew,ratio_critic,tangent_cosine,clean,,none,0.05581604449721115,-0.013422663440994926,0.22100824337282848,8
g3_matched_skew,ratio_critic,tangent_eval_ms_per_example,clean,,none,0.0053421249504026005,0.005161124818187025,0.0056961251857500506,8
g3_matched_skew,ratio_critic,tangent_nrmse,clean,,none,1.4558950523551693,1.31825777927509,1.5633597545964824,8
g4_separated_modes,affine_flow,centering_error,clean,,none,0.401731784042465,0.34298940175653814,0.5110568152780772,8
g4_separated_modes,affine_flow,energy_score_fair,clean,,none,2.313205567084592,2.297232866515273,2.3295673543253184,8
g4_separated_modes,affine_flow,energy_score_v,clean,,none,2.347483483238989,2.3334789231533706,2.364287564224305,8
g4_separated_modes,affine_flow,finite_ratio_absolute_rmse,clean,,none,0.07311852114933565,0.06785902876688255,0.0792704800419845,8
g4_separated_modes,affine_flow,finite_ratio_nrmse,clean,,none,0.6883556467988632,0.6787218319171975,0.8126304222262843,8
g4_separated_modes,affine_flow,native_validation_loss,native_objective,,none,8.420677185058594,8.32785701751709,8.479262113571167,8
g4_separated_modes,affine_flow,nll_original,clean,,none,10.19322681427002,10.091539859771729,10.28745436668396,8
g4_separated_modes,affine_flow,samples_per_second,clean,,none,450355.08386375126,426594.3241244302,461857.7738789409,8
g4_separated_modes,affine_flow,tangent_absolute_rms,clean,,none,0.3976641044341769,0.35940788884254227,0.4186936056555486,8
g4_separated_modes,affine_flow,tangent_cosine,clean,,none,0.5581169274979114,0.5457291048040254,0.5654437524531359,8
g4_separated_modes,affine_flow,tangent_eval_ms_per_example,clean,,none,0.021956062255412648,0.020414882897057327,0.024428218921457225,8
g4_separated_modes,affine_flow,tangent_nrmse,clean,,none,1.2248148574986375,1.0681229265203527,1.2839063913136215,8
g4_separated_modes,autoregressive_mdn,centering_error,clean,,none,0.37697855161855054,0.3528117965582017,0.41804561779707955,8
g4_separated_modes,autoregressive_mdn,energy_score_fair,clean,,none,2.274623184702008,2.264523412031614,2.3095943726072212,8
g4_separated_modes,autoregressive_mdn,energy_score_v,clean,,none,2.3100447807955513,2.299063310760151,2.3445527673795334,8
g4_separated_modes,autoregressive_mdn,finite_ratio_absolute_rmse,clean,,none,0.06307971590221725,0.0612773717800216,0.06838639790912382,8
g4_separated_modes,autoregressive_mdn,finite_ratio_nrmse,clean,,none,0.6279927887335582,0.6007195548027839,0.6969902015860916,8
g4_separated_modes,autoregressive_mdn,native_validation_loss,native_objective,,none,8.128312587738037,8.109028577804565,8.150951147079468,8
g4_separated_modes,autoregressive_mdn,nll_original,clean,,none,9.92201852798462,9.888771533966064,9.950906753540039,8
g4_separated_modes,autoregressive_mdn,samples_per_second,clean,,none,384211.5192218418,356008.1405377325,404857.09774809383,8
g4_separated_modes,autoregressive_mdn,tangent_absolute_rms,clean,,none,0.38895141330255545,0.37896130948442,0.4081617984985654,8
g4_separated_modes,autoregressive_mdn,tangent_cosine,clean,,none,0.5273993970181209,0.5161181281632038,0.5508735951877244,8
g4_separated_modes,autoregressive_mdn,tangent_eval_ms_per_example,clean,,none,0.0271416015493741,0.026339671649111523,0.028943191409780352,8
g4_separated_modes,autoregressive_mdn,tangent_nrmse,clean,,none,1.209471118656435,1.1263997014111948,1.2193602097206855,8
g4_separated_modes,bounded_energy,centering_error,clean,,none,0.5257669095762427,0.4617963737080795,0.5874746860274132,8
g4_separated_modes,bounded_energy,energy_score_fair,clean,,none,2.3273573809803407,2.2949332805088822,2.3853941158301977,8
g4_separated_modes,bounded_energy,energy_score_v,clean,,none,2.362547191188706,2.3302073804249286,2.42044645294766,8
g4_separated_modes,bounded_energy,native_validation_loss,native_objective,,none,3.1199153661727905,3.1087580919265747,3.1314935088157654,8
g4_separated_modes,bounded_energy,samples_per_second,clean,,none,335514.6662532865,308474.31846095313,370283.73348313273,8
g4_separated_modes,bounded_energy,tangent_absolute_rms,clean,,none,0.6715015712903123,0.5870103405682723,0.852135580657182,8
g4_separated_modes,bounded_energy,tangent_cosine,clean,,none,0.7028956214095659,0.6979717917477963,0.7500249232964105,8
g4_separated_modes,bounded_energy,tangent_eval_ms_per_example,clean,,none,0.16375520317524206,0.1490944022179974,0.17457242961427255,8
g4_separated_modes,bounded_energy,tangent_nrmse,clean,,none,1.9879009726292498,1.7761494227180852,2.4998672974710474,8
g4_separated_modes,diffusion_edm,centering_error,noisy,0.12,model_samples,0.9440223513816663,0.7611225852082403,1.0112478307114467,8
g4_separated_modes,diffusion_edm,centering_error,noisy,0.12,oracle_samples,0.853327183743626,0.8130158364701032,0.98396527637073,8
g4_separated_modes,diffusion_edm,energy_score_fair,approximate_clean_sampler,,none,2.296568107001865,2.287493136347634,2.32094134541068,8
g4_separated_modes,diffusion_edm,energy_score_v,approximate_clean_sampler,,none,2.33048257788728,2.323112509119882,2.355777317636839,8
g4_separated_modes,diffusion_edm,native_validation_loss,native_objective,,none,1.4570420384407043,1.4483825266361237,1.466291934251785,8
g4_separated_modes,diffusion_edm,oracle_clean_to_noisy_tangent_nrmse,noisy,0.12,none,0.00180277139026915,0.0010384945364812,0.0029121585101903,8
g4_separated_modes,diffusion_edm,response_score_nrmse,noisy,0.12,none,0.5627638261864785,0.5301813472200112,0.5933465409382903,8
g4_separated_modes,diffusion_edm,samples_per_second,approximate_clean_sampler,,none,78585.49148742182,70872.77320197393,84852.13480476814,8
g4_separated_modes,diffusion_edm,tangent_absolute_rms,noisy,0.12,model_samples,0.6281751934153426,0.5721009424566211,0.7125732625240724,8
g4_separated_modes,diffusion_edm,tangent_absolute_rms,noisy,0.12,none,0.7238871230822773,0.6232880823909163,0.7724881711498665,8
g4_separated_modes,diffusion_edm,tangent_absolute_rms,noisy,0.12,oracle_samples,0.6228997937520848,0.545598647994013,0.7105499795491776,8
g4_separated_modes,diffusion_edm,tangent_cosine,noisy,0.12,model_samples,0.48116608775459563,0.45920611412495466,0.5814986206451852,8
g4_separated_modes,diffusion_edm,tangent_cosine,noisy,0.12,none,0.48452402987522936,0.47199801777812095,0.5642609844997586,8
g4_separated_modes,diffusion_edm,tangent_cosine,noisy,0.12,oracle_samples,0.46806751193177265,0.44884295121343293,0.602936265023446,8
g4_separated_modes,diffusion_edm,tangent_eval_ms_per_example,noisy,0.12,oracle_samples,0.15185221855062986,0.14401334738067811,0.1614988634628389,8
g4_separated_modes,diffusion_edm,tangent_nrmse,noisy,0.12,model_samples,1.9144320638839978,1.6750454345079606,2.142754261377414,8
g4_separated_modes,diffusion_edm,tangent_nrmse,noisy,0.12,none,2.1573918354853543,1.8412774239600869,2.375531204434509,8
g4_separated_modes,diffusion_edm,tangent_nrmse,noisy,0.12,oracle_samples,1.9156943986927657,1.6335213754977267,2.109758558192465,8
g4_separated_modes,diffusion_gaussian_anchored,centering_error,noisy,0.12,model_samples,1.1552575536264211,1.0961305270704647,1.242997020651199,8
g4_separated_modes,diffusion_gaussian_anchored,centering_error,noisy,0.12,oracle_samples,1.241086966244809,1.1397201246239055,1.3658076630297666,8
g4_separated_modes,diffusion_gaussian_anchored,energy_score_fair,approximate_clean_sampler,,none,2.323510647388628,2.2847171738332404,2.361931773676563,8
g4_separated_modes,diffusion_gaussian_anchored,energy_score_v,approximate_clean_sampler,,none,2.3573606701532075,2.318630147271314,2.396396289742681,8
g4_separated_modes,diffusion_gaussian_anchored,native_validation_loss,native_objective,,none,6.259103298187256,6.244543194770813,6.280482292175293,8
g4_separated_modes,diffusion_gaussian_anchored,oracle_clean_to_noisy_tangent_nrmse,noisy,0.12,none,0.00180277139026915,0.0010384945364812,0.0029121585101903,8
g4_separated_modes,diffusion_gaussian_anchored,response_score_nrmse,noisy,0.12,none,0.6273895501654536,0.596993067058089,0.6357981078213051,8
g4_separated_modes,diffusion_gaussian_anchored,samples_per_second,approximate_clean_sampler,,none,40980.930391749236,39401.804058806854,42294.863839427446,8
g4_separated_modes,diffusion_gaussian_anchored,tangent_absolute_rms,noisy,0.12,model_samples,0.9483414110489294,0.8225886976262823,1.0092322076774565,8
g4_separated_modes,diffusion_gaussian_anchored,tangent_absolute_rms,noisy,0.12,none,1.0531127221144105,0.8835457927643486,1.1506681288635765,8
g4_separated_modes,diffusion_gaussian_anchored,tangent_absolute_rms,noisy,0.12,oracle_samples,0.9421066417982534,0.8300144846393746,0.9996657086326504,8
g4_separated_modes,diffusion_gaussian_anchored,tangent_cosine,noisy,0.12,model_samples,0.256111284657202,0.17897284703829425,0.30140587504547006,8
g4_separated_modes,diffusion_gaussian_anchored,tangent_cosine,noisy,0.12,none,0.21309354672553404,0.13297346517699193,0.3256886024963707,8
g4_separated_modes,diffusion_gaussian_anchored,tangent_cosine,noisy,0.12,oracle_samples,0.27610037179704416,0.20710735862979104,0.33639400922228696,8
g4_separated_modes,diffusion_gaussian_anchored,tangent_eval_ms_per_example,noisy,0.12,oracle_samples,0.2794371794152539,0.27070410919805,0.28391096498125984,8
g4_separated_modes,diffusion_gaussian_anchored,tangent_nrmse,noisy,0.12,model_samples,2.8093573799278824,2.602912418111736,2.9468999267620264,8
g4_separated_modes,diffusion_gaussian_anchored,tangent_nrmse,noisy,0.12,none,3.102185178530502,2.8175339438004596,3.378267130688792,8
g4_separated_modes,diffusion_gaussian_anchored,tangent_nrmse,noisy,0.12,oracle_samples,2.788847130928378,2.5997675185881053,2.929877054449468,8
g4_separated_modes,diffusion_legacy,centering_error,noisy,0.12,model_samples,0.9535985234165376,0.6978420652398954,1.2739039007234665,8
g4_separated_modes,diffusion_legacy,centering_error,noisy,0.12,oracle_samples,0.6806342147747739,0.5571679148423185,0.8022804172305081,8
g4_separated_modes,diffusion_legacy,energy_score_fair,approximate_clean_sampler,,none,3.706179317035927,3.6722593115074957,3.7556638730825975,8
g4_separated_modes,diffusion_legacy,energy_score_v,approximate_clean_sampler,,none,3.824831608982813,3.789227278814444,3.875897084844982,8
g4_separated_modes,diffusion_legacy,native_validation_loss,native_objective,,none,0.6987203657627106,0.6972245573997498,0.7010851055383682,8
g4_separated_modes,diffusion_legacy,oracle_clean_to_noisy_tangent_nrmse,noisy,0.12,none,0.00180277139026915,0.0010384945364812,0.0029121585101903,8
g4_separated_modes,diffusion_legacy,response_score_nrmse,noisy,0.12,none,0.4087497525707703,0.39732610479513525,0.4162575657616613,8
g4_separated_modes,diffusion_legacy,samples_per_second,approximate_clean_sampler,,none,39217.18231917115,36275.9746669219,39812.88596423555,8
g4_separated_modes,diffusion_legacy,tangent_absolute_rms,noisy,0.12,model_samples,0.37142634127476337,0.36326089893724445,0.40198901620792515,8
g4_separated_modes,diffusion_legacy,tangent_absolute_rms,noisy,0.12,none,0.3661637105966187,0.3402463813540765,0.3772140677880765,8
g4_separated_modes,diffusion_legacy,tangent_absolute_rms,noisy,0.12,oracle_samples,0.3094206351540174,0.29098227165285706,0.3257485311098755,8
g4_separated_modes,diffusion_legacy,tangent_cosine,noisy,0.12,model_samples,0.6618233689442232,0.6388121770687788,0.681749974274295,8
g4_separated_modes,diffusion_legacy,tangent_cosine,noisy,0.12,none,0.6416724310799571,0.5618458803210258,0.6686783168150308,8
g4_separated_modes,diffusion_legacy,tangent_cosine,noisy,0.12,oracle_samples,0.7483799406965425,0.7266317675002248,0.7634448105784852,8
g4_separated_modes,diffusion_legacy,tangent_eval_ms_per_example,noisy,0.12,oracle_samples,0.13249707035356545,0.12986783985979847,0.13991470689234112,8
g4_separated_modes,diffusion_legacy,tangent_nrmse,noisy,0.12,model_samples,1.1658825323605715,1.0674266667866352,1.1985663789509586,8
g4_separated_modes,diffusion_legacy,tangent_nrmse,noisy,0.12,none,1.0973688839174163,1.030639403187573,1.1329329932787595,8
g4_separated_modes,diffusion_legacy,tangent_nrmse,noisy,0.12,oracle_samples,0.9268941121115175,0.8807510927024511,0.9623074241967059,8
g4_separated_modes,flow_matching,energy_score_fair,clean,,none,2.300690928751261,2.2760256581882627,2.3258685218114103,8
g4_separated_modes,flow_matching,energy_score_v,clean,,none,2.334501518994326,2.3107534096711646,2.360994831279918,8
g4_separated_modes,flow_matching,native_validation_loss,native_objective,,none,1.2782817482948303,1.2686691880226135,1.282395839691162,8
g4_separated_modes,flow_matching,samples_per_second,clean,,none,87099.47476855063,82129.24820210693,89785.58582754884,8
g4_separated_modes,flow_matching_gaussian_source,energy_score_fair,clean,,none,2.3181138884228885,2.2856033206402575,2.3604077706297457,8
g4_separated_modes,flow_matching_gaussian_source,energy_score_v,clean,,none,2.350068244267676,2.31872875501078,2.392666025885834,8
g4_separated_modes,flow_matching_gaussian_source,native_validation_loss,native_objective,,none,3.971689820289612,3.9534286260604854,3.9858765006065364,8
g4_separated_modes,flow_matching_gaussian_source,samples_per_second,clean,,none,85433.34638193043,83035.2438856501,86617.67876358193,8
g4_separated_modes,gaussian_dsm,centering_error,clean,,none,0.43167980087795477,0.3736442809228969,0.5900174777721789,8
g4_separated_modes,gaussian_dsm,energy_score_fair,clean,,none,2.3422275737735623,2.336273883618845,2.37030181205669,8
g4_separated_modes,gaussian_dsm,energy_score_v,clean,,none,2.378922308089071,2.372786812347139,2.406828912158827,8
g4_separated_modes,gaussian_dsm,finite_ratio_absolute_rmse,clean,,none,0.2050574396483582,0.16817541694486055,0.21750014201461987,8
g4_separated_modes,gaussian_dsm,finite_ratio_nrmse,clean,,none,1.8686100761593627,1.6980675967264958,2.0315556612158554,8
g4_separated_modes,gaussian_dsm,native_validation_loss,native_objective,,none,0.8197435438632965,0.8150472640991211,0.823548212647438,8
g4_separated_modes,gaussian_dsm,nll_original,clean,,none,12.489716529846191,12.413787603378296,12.589643478393555,8
g4_separated_modes,gaussian_dsm,samples_per_second,clean,,none,12045723.5303187,10999176.140174748,13189341.3037826,8
g4_separated_modes,gaussian_dsm,tangent_absolute_rms,clean,,none,0.6796159420196934,0.5982833575923008,0.7592533128213241,8
g4_separated_modes,gaussian_dsm,tangent_cosine,clean,,none,0.7214922938826173,0.6934168010430497,0.7617429286336418,8
g4_separated_modes,gaussian_dsm,tangent_eval_ms_per_example,clean,,none,0.006043288976798,0.005847980673934175,0.0075968362125422495,8
g4_separated_modes,gaussian_dsm,tangent_nrmse,clean,,none,1.9975344772839185,1.7943819843788762,2.241705793144713,8
g4_separated_modes,gaussian_nll,centering_error,clean,,none,0.5077397684881368,0.4438715137983623,0.5367364446291396,8
g4_separated_modes,gaussian_nll,energy_score_fair,clean,,none,2.3343655265433014,2.3251432390340514,2.368378794709377,8
g4_separated_modes,gaussian_nll,energy_score_v,clean,,none,2.3710151847138072,2.361928139488726,2.4044830185356307,8
g4_separated_modes,gaussian_nll,finite_ratio_absolute_rmse,clean,,none,0.2025874615355222,0.17037319679653065,0.23562709235577162,8
g4_separated_modes,gaussian_nll,finite_ratio_nrmse,clean,,none,1.9220860821095784,1.7222370661296391,2.145034289579783,8
g4_separated_modes,gaussian_nll,native_validation_loss,native_objective,,none,10.810603618621826,10.777626991271973,10.861362218856812,8
g4_separated_modes,gaussian_nll,nll_original,clean,,none,12.479530811309814,12.354346036911013,12.537911415100098,8
g4_separated_modes,gaussian_nll,samples_per_second,clean,,none,11778128.17323422,11482574.16971304,12283399.677316865,8
g4_separated_modes,gaussian_nll,tangent_absolute_rms,clean,,none,0.6658079344278409,0.595360338357491,0.7675150462881524,8
g4_separated_modes,gaussian_nll,tangent_cosine,clean,,none,0.7348567012547862,0.7095365434232882,0.7623379226545821,8
g4_separated_modes,gaussian_nll,tangent_eval_ms_per_example,clean,,none,0.005238617177383199,0.0048234063569907,0.005949543151473275,8
g4_separated_modes,gaussian_nll,tangent_nrmse,clean,,none,1.971425143122246,1.8018485292427733,2.2512069769992746,8
g4_separated_modes,mean,energy_score_fair,clean,,none,2.352606281474631,2.3470178552553733,2.385771467524598,8
g4_separated_modes,mean,energy_score_v,clean,,none,2.3888992256479424,2.3825494610652855,2.421797765328992,8
g4_separated_modes,mean,native_validation_loss,native_objective,,none,0.9081910848617554,0.8993532210588455,0.9190592169761659,8
g4_separated_modes,mean,samples_per_second,clean,,none,10948342.027656332,10688320.978821447,11473010.956016127,8
g4_separated_modes,ratio_critic,centering_error,clean,,none,0.2572136405728461,0.23814160153290537,0.29830451398336433,8
g4_separated_modes,ratio_critic,finite_ratio_absolute_rmse,clean,,none,0.03385081345891615,0.0281240651448589,0.0361118121163675,8
g4_separated_modes,ratio_critic,finite_ratio_nrmse,clean,,none,0.30860246729006613,0.2879300107555793,0.3370049826931441,8
g4_separated_modes,ratio_critic,native_validation_loss,native_objective,,none,0.6158745884895325,0.6128211915493011,0.6225231885910034,8
g4_separated_modes,ratio_critic,tangent_absolute_rms,clean,,none,0.1405440687433389,0.1327556066319339,0.1484538080353479,8
g4_separated_modes,ratio_critic,tangent_cosine,clean,,none,0.8037620657707887,0.7798360692673814,0.8394597044155321,8
g4_separated_modes,ratio_critic,tangent_eval_ms_per_example,clean,,none,0.007235351631607,0.005092281412544225,0.00975976558947875,8
g4_separated_modes,ratio_critic,tangent_nrmse,clean,,none,0.4239367503254663,0.404327673835666,0.4332623442141838,8
g5_near_manifold,affine_flow,centering_error,clean,,none,0.31457423925066075,0.26294906803825135,0.36747492988161823,8
g5_near_manifold,affine_flow,energy_score_fair,clean,,none,1.379899086310287,1.359912083019477,1.4030637598287101,8
g5_near_manifold,affine_flow,energy_score_v,clean,,none,1.401838492853192,1.3809985656053878,1.4253365853021656,8
g5_near_manifold,affine_flow,finite_ratio_absolute_rmse,clean,,none,0.18948014224830106,0.1676203346126691,0.2019019774413746,8
g5_near_manifold,affine_flow,finite_ratio_nrmse,clean,,none,0.9874497001828033,0.937406593140949,1.0398730342721154,8
g5_near_manifold,affine_flow,native_validation_loss,native_objective,,none,9.911311149597168,8.395802736282349,11.423747777938843,8
g5_near_manifold,affine_flow,nll_original,clean,,none,-20.514939308166504,-20.770028591156006,-20.235072135925293,8
g5_near_manifold,affine_flow,samples_per_second,clean,,none,274932.61893744016,238592.44142666098,303626.63481494103,8
g5_near_manifold,affine_flow,tangent_absolute_rms,clean,,none,0.7679660998532079,0.7296543240990105,0.7786783891741861,8
g5_near_manifold,affine_flow,tangent_cosine,clean,,none,0.3153364198579231,0.27247842362701086,0.3343343677987118,8
g5_near_manifold,affine_flow,tangent_eval_ms_per_example,clean,,none,0.02248957798656185,0.021228187620181374,0.0276450194860444,8
g5_near_manifold,affine_flow,tangent_nrmse,clean,,none,1.0573224879750882,0.9820460649342214,1.1382009457807318,8
g5_near_manifold,autoregressive_mdn,centering_error,clean,,none,0.4570202593989952,0.415933211889194,0.5617624889661663,8
g5_near_manifold,autoregressive_mdn,energy_score_fair,clean,,none,1.1828535680025476,1.1343367157469848,1.2089668643382847,8
g5_near_manifold,autoregressive_mdn,energy_score_v,clean,,none,1.2028102787337271,1.1536299801891619,1.2277236539465826,8
g5_near_manifold,autoregressive_mdn,finite_ratio_absolute_rmse,clean,,none,0.16360432862881724,0.12781979762320989,0.17707499434225077,8
g5_near_manifold,autoregressive_mdn,finite_ratio_nrmse,clean,,none,0.912630076840838,0.8320573851551285,0.9663918238477448,8
g5_near_manifold,autoregressive_mdn,native_validation_loss,native_objective,,none,9.872427940368652,8.26139211654663,11.42902183532715,8
g5_near_manifold,autoregressive_mdn,nll_original,clean,,none,-20.43584156036377,-21.126559257507324,-20.160433769226074,8
g5_near_manifold,autoregressive_mdn,samples_per_second,clean,,none,88738.55847515904,80180.91339380978,89956.22610283589,8
g5_near_manifold,autoregressive_mdn,tangent_absolute_rms,clean,,none,0.8693836865885524,0.8391773592980979,0.9156800597599819,8
g5_near_manifold,autoregressive_mdn,tangent_cosine,clean,,none,0.3225942582387089,0.3050927009914356,0.3838897372690595,8
g5_near_manifold,autoregressive_mdn,tangent_eval_ms_per_example,clean,,none,0.11925748435714914,0.11409602336698292,0.12632341395146796,8
g5_near_manifold,autoregressive_mdn,tangent_nrmse,clean,,none,1.213986050589079,1.1059578339746992,1.407531043689337,8
g5_near_manifold,autoregressive_transformer,centering_error,clean,,none,0.3612896487387486,0.2941570964345816,0.43542635777853617,8
g5_near_manifold,autoregressive_transformer,energy_score_fair,clean,,none,1.1466636259939977,1.127749064605539,1.1858878596652433,8
g5_near_manifold,autoregressive_transformer,energy_score_v,clean,,none,1.165958455449644,1.1465174106072127,1.205162050736357,8
g5_near_manifold,autoregressive_transformer,finite_ratio_absolute_rmse,clean,,none,0.14626927664640385,0.13239299840990307,0.16029541340018183,8
g5_near_manifold,autoregressive_transformer,finite_ratio_nrmse,clean,,none,0.8051730115269216,0.7604172107513189,0.8566089902582592,8
g5_near_manifold,autoregressive_transformer,native_validation_loss,native_objective,,none,8.91727876663208,7.338441848754883,10.32096004486084,8
g5_near_manifold,autoregressive_transformer,nll_original,clean,,none,-21.582672119140625,-21.91932964324951,-21.35182189941406,8
g5_near_manifold,autoregressive_transformer,samples_per_second,clean,,none,388.90631019524284,376.6298811273541,396.633323334653,8
g5_near_manifold,autoregressive_transformer,tangent_absolute_rms,clean,,none,0.6146479739541101,0.574006589354241,0.630648567470049,8
g5_near_manifold,autoregressive_transformer,tangent_cosine,clean,,none,0.4303317840277019,0.41165806733716653,0.4836639421124721,8
g5_near_manifold,autoregressive_transformer,tangent_eval_ms_per_example,clean,,none,0.22866048448122456,0.20907519535739988,0.26400781644042576,8
g5_near_manifold,autoregressive_transformer,tangent_nrmse,clean,,none,0.8809098722787656,0.8213812670947712,0.9215860518131124,8
g5_near_manifold,bounded_energy,centering_error,clean,,none,5.687658297362619,5.08964176287604,6.713364014439918,8
g5_near_manifold,bounded_energy,energy_score_fair,clean,,none,1.2134031352213157,1.1908496959041608,1.2424542275995514,8
g5_near_manifold,bounded_energy,energy_score_v,clean,,none,1.2337355415875346,1.2111910168387932,1.263010738248724,8
g5_near_manifold,bounded_energy,native_validation_loss,native_objective,,none,8.663476467132568,8.553505659103394,8.793290615081787,8
g5_near_manifold,bounded_energy,samples_per_second,clean,,none,220702.14656672004,209729.99027775196,225464.14230358333,8
g5_near_manifold,bounded_energy,tangent_absolute_rms,clean,,none,14.180928741272503,9.910899108518667,18.833936869236553,8
g5_near_manifold,bounded_energy,tangent_cosine,clean,,none,0.6742577201641793,0.6136311398455989,0.704041965177408,8
g5_near_manifold,bounded_energy,tangent_eval_ms_per_example,clean,,none,0.19004492196472705,0.1807161481792718,0.19792756245351478,8
g5_near_manifold,bounded_energy,tangent_nrmse,clean,,none,20.57516924037376,15.822409463681558,24.775539099042483,8
g5_near_manifold,diffusion_edm,centering_error,noisy,0.12,model_samples,1.2342226164733363,1.0552148812690416,1.6005692348167837,8
g5_near_manifold,diffusion_edm,centering_error,noisy,0.12,oracle_samples,0.6394799937398182,0.5854311160188163,0.7711271328380749,8
g5_near_manifold,diffusion_edm,energy_score_fair,approximate_clean_sampler,,none,1.300547259070742,1.262455216800914,1.3234798637625185,8
g5_near_manifold,diffusion_edm,energy_score_v,approximate_clean_sampler,,none,1.3195148688731817,1.2820862475576182,1.3433824765033442,8
g5_near_manifold,diffusion_edm,native_validation_loss,native_objective,,none,0.8370356559753418,0.7927342057228088,0.8807194977998734,8
g5_near_manifold,diffusion_edm,oracle_clean_to_noisy_tangent_nrmse,noisy,0.12,none,0.0077337110623618005,0.0056689772577547745,0.01355993080608805,8
g5_near_manifold,diffusion_edm,response_score_nrmse,noisy,0.12,none,0.42372259133351975,0.4006693887573518,0.46858935391494727,8
g5_near_manifold,diffusion_edm,samples_per_second,approximate_clean_sampler,,none,69223.52940262854,62215.323180640335,74180.66876014287,8
g5_near_manifold,diffusion_edm,tangent_absolute_rms,noisy,0.12,model_samples,1.4781245270357686,1.4063193453500498,1.6213573830620533,8
g5_near_manifold,diffusion_edm,tangent_absolute_rms,noisy,0.12,none,1.893160795183277,1.6801354909207886,2.099345796908172,8
g5_near_manifold,diffusion_edm,tangent_absolute_rms,noisy,0.12,oracle_samples,1.3692522425136717,1.3083866028004971,1.4507403447437297,8
g5_near_manifold,diffusion_edm,tangent_cosine,noisy,0.12,model_samples,0.08414674097847824,-0.0793383613921908,0.2581733343319378,8
g5_near_manifold,diffusion_edm,tangent_cosine,noisy,0.12,none,0.05948959957824465,-0.015444996232015971,0.28525343316299784,8
g5_near_manifold,diffusion_edm,tangent_cosine,noisy,0.12,oracle_samples,0.08766639421226045,-0.020024324502504652,0.20356836329872285,8
g5_near_manifold,diffusion_edm,tangent_eval_ms_per_example,noisy,0.12,oracle_samples,0.166906250115062,0.1487276950911109,0.19842512881496077,8
g5_near_manifold,diffusion_edm,tangent_nrmse,noisy,0.12,model_samples,2.1622910083316116,1.8227694504170733,2.367526570460365,8
g5_near_manifold,diffusion_edm,tangent_nrmse,noisy,0.12,none,2.6127673562418825,2.2949194302304816,2.943447263864191,8
g5_near_manifold,diffusion_edm,tangent_nrmse,noisy,0.12,oracle_samples,1.9143000487641886,1.7584228648607194,2.0429549994020673,8
g5_near_manifold,diffusion_gaussian_anchored,centering_error,noisy,0.12,model_samples,3.536336337643905,2.6060619358847203,3.8077851297136602,8
g5_near_manifold,diffusion_gaussian_anchored,centering_error,noisy,0.12,oracle_samples,1.9644100020676278,1.3257351607426557,2.275442422976031,8
g5_near_manifold,diffusion_gaussian_anchored,energy_score_fair,approximate_clean_sampler,,none,1.1801177093248683,1.1304773295343569,1.222931668838345,8
g5_near_manifold,diffusion_gaussian_anchored,energy_score_v,approximate_clean_sampler,,none,1.1972674100070821,1.1463238380718859,1.239239348954311,8
g5_near_manifold,diffusion_gaussian_anchored,native_validation_loss,native_objective,,none,17.364127159118652,17.143123149871826,17.638800144195557,8
g5_near_manifold,diffusion_gaussian_anchored,oracle_clean_to_noisy_tangent_nrmse,noisy,0.12,none,0.0077337110623618005,0.0056689772577547745,0.01355993080608805,8
g5_near_manifold,diffusion_gaussian_anchored,response_score_nrmse,noisy,0.12,none,0.5230380594254377,0.5140629409997125,0.5277747869472837,8
g5_near_manifold,diffusion_gaussian_anchored,samples_per_second,approximate_clean_sampler,,none,31942.602489440647,28215.526937761635,34562.40741070967,8
g5_near_manifold,diffusion_gaussian_anchored,tangent_absolute_rms,noisy,0.12,model_samples,4.544390352887696,3.3353748836291786,5.797730460828244,8
g5_near_manifold,diffusion_gaussian_anchored,tangent_absolute_rms,noisy,0.12,none,5.666835722227469,5.337685521392885,5.9482090102395455,8
g5_near_manifold,diffusion_gaussian_anchored,tangent_absolute_rms,noisy,0.12,oracle_samples,3.794518586818361,2.9748665348332723,4.49614635043679,8
g5_near_manifold,diffusion_gaussian_anchored,tangent_cosine,noisy,0.12,model_samples,0.1766386052718926,0.11315956090738623,0.2616992390141326,8
g5_near_manifold,diffusion_gaussian_anchored,tangent_cosine,noisy,0.12,none,0.21958275966239976,0.0984582675908768,0.2646080103317488,8
g5_near_manifold,diffusion_gaussian_anchored,tangent_cosine,noisy,0.12,oracle_samples,-0.0018009109961184492,-0.018695247178564925,0.13785014200244403,8
g5_near_manifold,diffusion_gaussian_anchored,tangent_eval_ms_per_example,noisy,0.12,oracle_samples,0.35462923437989957,0.3308393554561917,0.4082459221308454,8
g5_near_manifold,diffusion_gaussian_anchored,tangent_nrmse,noisy,0.12,model_samples,6.125148531311655,4.779273448530853,9.248101053318193,8
g5_near_manifold,diffusion_gaussian_anchored,tangent_nrmse,noisy,0.12,none,8.422845666131142,7.0648852971627685,9.38424254166676,8
g5_near_manifold,diffusion_gaussian_anchored,tangent_nrmse,noisy,0.12,oracle_samples,5.252443355579828,4.09458110257415,6.957479653668682,8
g5_near_manifold,diffusion_legacy,centering_error,noisy,0.12,model_samples,0.7158585490812348,0.43076482347466233,0.9106466930974073,8
g5_near_manifold,diffusion_legacy,centering_error,noisy,0.12,oracle_samples,0.2759121997219293,0.13776499375750673,0.3430264034306209,8
g5_near_manifold,diffusion_legacy,energy_score_fair,approximate_clean_sampler,,none,2.795208322911332,2.779159533339659,2.806118634139201,8
g5_near_manifold,diffusion_legacy,energy_score_v,approximate_clean_sampler,,none,2.8851716999091526,2.8689592930503056,2.895887611873808,8
g5_near_manifold,diffusion_legacy,native_validation_loss,native_objective,,none,0.5765272080898285,0.5690059661865234,0.5856579840183258,8
g5_near_manifold,diffusion_legacy,oracle_clean_to_noisy_tangent_nrmse,noisy,0.12,none,0.0077337110623618005,0.0056689772577547745,0.01355993080608805,8
g5_near_manifold,diffusion_legacy,response_score_nrmse,noisy,0.12,none,0.3317802775038945,0.32717767697476374,0.3362631360437815,8
g5_near_manifold,diffusion_legacy,samples_per_second,approximate_clean_sampler,,none,23105.807404363157,21853.03941429464,24376.34926572753,8
g5_near_manifold,diffusion_legacy,tangent_absolute_rms,noisy,0.12,model_samples,0.808834111844942,0.7962383054559845,0.8269915471302614,8
g5_near_manifold,diffusion_legacy,tangent_absolute_rms,noisy,0.12,none,0.9907269142404356,0.845164366518403,1.1037193458970649,8
g5_near_manifold,diffusion_legacy,tangent_absolute_rms,noisy,0.12,oracle_samples,0.665070210516555,0.6444171390638664,0.7172930791121195,8
g5_near_manifold,diffusion_legacy,tangent_cosine,noisy,0.12,model_samples,0.277334442252564,0.22257467784531954,0.36631837769248166,8
g5_near_manifold,diffusion_legacy,tangent_cosine,noisy,0.12,none,0.4767054084608731,0.39081192786505387,0.5521130986493794,8
g5_near_manifold,diffusion_legacy,tangent_cosine,noisy,0.12,oracle_samples,0.16360723604884456,0.08092649859936057,0.24308926034834272,8
g5_near_manifold,diffusion_legacy,tangent_eval_ms_per_example,noisy,0.12,oracle_samples,0.14687271868751844,0.13765135929588723,0.15594857018186298,8
g5_near_manifold,diffusion_legacy,tangent_nrmse,noisy,0.12,model_samples,1.1245273157252502,1.0447371039030742,1.2193640570177449,8
g5_near_manifold,diffusion_legacy,tangent_nrmse,noisy,0.12,none,1.3124346778739566,1.2036252581949278,1.5647018032054771,8
g5_near_manifold,diffusion_legacy,tangent_nrmse,noisy,0.12,oracle_samples,1.0241003062492136,0.9430322162184153,1.056675870993974,8
g5_near_manifold,flow_matching,energy_score_fair,clean,,none,1.1848756100834037,1.157409983615366,1.213214868191159,8
g5_near_manifold,flow_matching,energy_score_v,clean,,none,1.2047765704275744,1.1780358856970565,1.233633340609237,8
g5_near_manifold,flow_matching,native_validation_loss,native_objective,,none,0.7820649147033691,0.7423536330461502,0.8298315852880478,8
g5_near_manifold,flow_matching,samples_per_second,clean,,none,72708.17029769866,68048.44303514379,76832.4915596679,8
g5_near_manifold,flow_matching_gaussian_source,energy_score_fair,clean,,none,1.2223763375304766,1.1887666667091286,1.251892118916388,8
g5_near_manifold,flow_matching_gaussian_source,energy_score_v,clean,,none,1.2366451157156888,1.2032944024499002,1.2664978747233149,8
g5_near_manifold,flow_matching_gaussian_source,native_validation_loss,native_objective,,none,9.033498764038086,8.898303508758545,9.18903398513794,8
g5_near_manifold,flow_matching_gaussian_source,samples_per_second,clean,,none,68122.75932022498,63577.92241188771,74963.56303262312,8
g5_near_manifold,gaussian_dsm,centering_error,clean,,none,6.462443233526368,5.785220466938003,6.683656508136359,8
g5_near_manifold,gaussian_dsm,energy_score_fair,clean,,none,1.2339591039559776,1.2100075338478204,1.2603686815480188,8
g5_near_manifold,gaussian_dsm,energy_score_v,clean,,none,1.2544914965520333,1.2301935562496156,1.2802035216491836,8
g5_near_manifold,gaussian_dsm,finite_ratio_absolute_rmse,clean,,none,3.4795031002648407,2.8878491779720172,4.069574199078731,8
g5_near_manifold,gaussian_dsm,finite_ratio_nrmse,clean,,none,23.13995558355385,15.651278871998954,24.344568441723936,8
g5_near_manifold,gaussian_dsm,native_validation_loss,native_objective,,none,0.7686329185962677,0.7678879350423813,0.7698136270046234,8
g5_near_manifold,gaussian_dsm,nll_original,clean,,none,2.6574066877365112,2.3311849534511566,3.7835200428962708,8
g5_near_manifold,gaussian_dsm,samples_per_second,clean,,none,3329366.341325845,3203270.6457629083,3684116.962699767,8
g5_near_manifold,gaussian_dsm,tangent_absolute_rms,clean,,none,13.450706194870037,9.906075970721869,17.04673533930686,8
g5_near_manifold,gaussian_dsm,tangent_cosine,clean,,none,0.6830811459388447,0.6264495127529813,0.731505038729268,8
g5_near_manifold,gaussian_dsm,tangent_eval_ms_per_example,clean,,none,0.0056780627346597,0.0053292617394617,0.0074479138447713505,8
g5_near_manifold,gaussian_dsm,tangent_nrmse,clean,,none,19.814623399823752,16.102445866500794,23.96112209833295,8
g5_near_manifold,gaussian_nll,centering_error,clean,,none,5.7669815787091405,4.9793400795929985,6.683559127208493,8
g5_near_manifold,gaussian_nll,energy_score_fair,clean,,none,1.2129853975522775,1.1930707838818608,1.2362658496928207,8
g5_near_manifold,gaussian_nll,energy_score_v,clean,,none,1.2335005427741708,1.2136682146122388,1.2569403448278846,8
g5_near_manifold,gaussian_nll,finite_ratio_absolute_rmse,clean,,none,3.8185007968045603,2.759155388962863,4.354276747837419,8
g5_near_manifold,gaussian_nll,finite_ratio_nrmse,clean,,none,23.17386909109372,18.8298725136691,25.858167905055915,8
g5_near_manifold,gaussian_nll,native_validation_loss,native_objective,,none,33.33168601989746,32.911988258361816,33.876705169677734,8
g5_near_manifold,gaussian_nll,nll_original,clean,,none,2.2594393491744995,1.7480035424232483,3.306414544582367,8
g5_near_manifold,gaussian_nll,samples_per_second,clean,,none,3416217.1671939604,3344003.1864313255,3530499.1432519234,8
g5_near_manifold,gaussian_nll,tangent_absolute_rms,clean,,none,15.28927666518413,9.997040030417462,18.832384823317753,8
g5_near_manifold,gaussian_nll,tangent_cosine,clean,,none,0.6885558987980747,0.6220070543282461,0.7004686872783724,8
g5_near_manifold,gaussian_nll,tangent_eval_ms_per_example,clean,,none,0.0057809215832094005,0.005369945370148275,0.008530445370524749,8
g5_near_manifold,gaussian_nll,tangent_nrmse,clean,,none,21.968918349256416,15.885693287836279,24.766129365331338,8
g5_near_manifold,mean,energy_score_fair,clean,,none,1.2306434970643756,1.216950273663021,1.2511670875291991,8
g5_near_manifold,mean,energy_score_v,clean,,none,1.2512042306590017,1.2371999804715017,1.2713637875689043,8
g5_near_manifold,mean,native_validation_loss,native_objective,,none,0.6015229225158691,0.591715931892395,0.6132095456123352,8
g5_near_manifold,mean,samples_per_second,clean,,none,3314799.0503150737,3157940.89032351,3761088.5052857925,8
g5_near_manifold,ratio_critic,centering_error,clean,,none,0.48704251618711375,0.42872902129244056,0.6106068776545786,8
g5_near_manifold,ratio_critic,finite_ratio_absolute_rmse,clean,,none,0.0977075714457554,0.086475266152058,0.11063657490936,8
g5_near_manifold,ratio_critic,finite_ratio_nrmse,clean,,none,0.5634486605005027,0.5054687779530556,0.614498739897472,8
g5_near_manifold,ratio_critic,native_validation_loss,native_objective,,none,0.4459231197834015,0.4364156424999237,0.4501396641135216,8
g5_near_manifold,ratio_critic,tangent_absolute_rms,clean,,none,0.41990070090885484,0.3961442056236064,0.4412912669389092,8
g5_near_manifold,ratio_critic,tangent_cosine,clean,,none,0.7456382546653051,0.7029445966375746,0.7638544457625338,8
g5_near_manifold,ratio_critic,tangent_eval_ms_per_example,clean,,none,0.0057190779898519,0.00556038673948925,0.006014648420204975,8
g5_near_manifold,ratio_critic,tangent_nrmse,clean,,none,0.5850771332390203,0.549646958262725,0.6420643415870332,8
g6_rough_history,affine_flow,centering_error,clean,,none,0.24215675302167325,0.21025535941251708,0.2605213168998514,8
g6_rough_history,affine_flow,energy_score_fair,clean,,none,2.3811635435273706,2.3594514797476687,2.400790373846789,8
g6_rough_history,affine_flow,energy_score_v,clean,,none,2.420050377986083,2.3986068516591814,2.44053007478329,8
g6_rough_history,affine_flow,finite_ratio_absolute_rmse,clean,,none,0.0676111468706937,0.0655566487563337,0.07495233007314538,8
g6_rough_history,affine_flow,finite_ratio_nrmse,clean,,none,0.8233719638097268,0.7597172970952211,0.8448997086597831,8
g6_rough_history,affine_flow,native_validation_loss,native_objective,,none,16.57869243621826,16.44007635116577,16.6485013961792,8
g6_rough_history,affine_flow,nll_original,clean,,none,17.17946434020996,17.050402641296387,17.28452205657959,8
g6_rough_history,affine_flow,samples_per_second,clean,,none,384892.61709444685,359816.34772250894,404945.8254158385,8
g6_rough_history,affine_flow,tangent_absolute_rms,clean,,none,0.39215953017250105,0.3868493426498428,0.4022687170415357,8
g6_rough_history,affine_flow,tangent_cosine,clean,,none,0.7265575799340088,0.6866442958189827,0.7383647269806676,8
g6_rough_history,affine_flow,tangent_eval_ms_per_example,clean,,none,0.0246627575961611,0.019706211219272476,0.03207747670330715,8
g6_rough_history,affine_flow,tangent_nrmse,clean,,none,0.7581928667630784,0.7295140728798338,0.8066371781489395,8
g6_rough_history,autoregressive_mdn,centering_error,clean,,none,0.2501514972003256,0.23858255350097463,0.2639811488569854,8
g6_rough_history,autoregressive_mdn,energy_score_fair,clean,,none,2.3684618671929103,2.356939337686462,2.395491129749411,8
g6_rough_history,autoregressive_mdn,energy_score_v,clean,,none,2.4068730466996997,2.395945466769738,2.433884156872011,8
g6_rough_history,autoregressive_mdn,finite_ratio_absolute_rmse,clean,,none,0.0710382483697082,0.06990884979651518,0.07442199032145771,8
g6_rough_history,autoregressive_mdn,finite_ratio_nrmse,clean,,none,0.833148049239972,0.775018900708372,0.9168521252868119,8
g6_rough_history,autoregressive_mdn,native_validation_loss,native_objective,,none,16.496370315551758,16.3822340965271,16.577800273895264,8
g6_rough_history,autoregressive_mdn,nll_original,clean,,none,17.132420539855957,17.02982234954834,17.150480270385742,8
g6_rough_history,autoregressive_mdn,samples_per_second,clean,,none,252530.51050911605,246113.96640629106,257510.05190928266,8
g6_rough_history,autoregressive_mdn,tangent_absolute_rms,clean,,none,0.4429545828258734,0.4368423153641769,0.44564973188559653,8
g6_rough_history,autoregressive_mdn,tangent_cosine,clean,,none,0.6404683562711038,0.5881409595523618,0.6568356585797472,8
g6_rough_history,autoregressive_mdn,tangent_eval_ms_per_example,clean,,none,0.03856054672723985,0.037036941535006876,0.0460102537545026,8
g6_rough_history,autoregressive_mdn,tangent_nrmse,clean,,none,0.8496663693254294,0.8299562761319843,0.8740216223425883,8
g6_rough_history,bounded_energy,centering_error,clean,,none,0.23563358801516582,0.21955378387968988,0.26722024764105773,8
g6_rough_history,bounded_energy,energy_score_fair,clean,,none,2.3886792191759794,2.370850738885939,2.4031118408967407,8
g6_rough_history,bounded_energy,energy_score_v,clean,,none,2.4257726283371905,2.408481818311122,2.440858119503727,8
g6_rough_history,bounded_energy,native_validation_loss,native_objective,,none,4.777470111846924,4.758748769760132,4.801143169403076,8
g6_rough_history,bounded_energy,samples_per_second,clean,,none,308906.1105253421,293071.4069134169,311155.2987813897,8
g6_rough_history,bounded_energy,tangent_absolute_rms,clean,,none,0.35597790066439183,0.3414378782794327,0.3687076098403104,8
g6_rough_history,bounded_energy,tangent_cosine,clean,,none,0.7420383149962848,0.7167105847979264,0.7480219263701735,8
g6_rough_history,bounded_energy,tangent_eval_ms_per_example,clean,,none,0.1628193358556018,0.15173111728472571,0.16632063670840577,8
g6_rough_history,bounded_energy,tangent_nrmse,clean,,none,0.7005349777259836,0.6856967152856468,0.7269853917468329,8
g6_rough_history,diffusion_edm,centering_error,noisy,0.12,model_samples,0.5163177346057399,0.49188316784377994,0.5471039998858953,8
g6_rough_history,diffusion_edm,centering_error,noisy,0.12,oracle_samples,0.4812197665064908,0.4574871774975615,0.49838250630826053,8
g6_rough_history,diffusion_edm,energy_score_fair,approximate_clean_sampler,,none,2.386572621008069,2.3711075267788493,2.4120577210938507,8
g6_rough_history,diffusion_edm,energy_score_v,approximate_clean_sampler,,none,2.423664443674223,2.4086140883034637,2.4491350487289627,8
g6_rough_history,diffusion_edm,native_validation_loss,native_objective,,none,1.7581759095191956,1.7518185675144198,1.7670931220054626,8
g6_rough_history,diffusion_edm,oracle_clean_to_noisy_tangent_nrmse,noisy,0.12,none,0.0170587690756102,0.016683104694848176,0.017434890156149525,8
g6_rough_history,diffusion_edm,response_score_nrmse,noisy,0.12,none,0.6652991038321048,0.6163979596791226,0.7200807863509504,8
g6_rough_history,diffusion_edm,samples_per_second,approximate_clean_sampler,,none,74278.53717440988,69297.0802964618,77529.27871064673,8
g6_rough_history,diffusion_edm,tangent_absolute_rms,noisy,0.12,model_samples,0.4901769316798492,0.4603951512569582,0.49378688285072,8
g6_rough_history,diffusion_edm,tangent_absolute_rms,noisy,0.12,none,0.5598032044944219,0.5344088954977552,0.5868156645132031,8
g6_rough_history,diffusion_edm,tangent_absolute_rms,noisy,0.12,oracle_samples,0.48229030151769736,0.4573173383630399,0.4915789435770102,8
g6_rough_history,diffusion_edm,tangent_cosine,noisy,0.12,model_samples,0.6128559946476669,0.5846600491087827,0.6370202617180811,8
g6_rough_history,diffusion_edm,tangent_cosine,noisy,0.12,none,0.5695016509761306,0.5588755060932012,0.596298613568278,8
g6_rough_history,diffusion_edm,tangent_cosine,noisy,0.12,oracle_samples,0.603416429893074,0.5969631493086196,0.6502811492398878,8
g6_rough_history,diffusion_edm,tangent_eval_ms_per_example,noisy,0.12,oracle_samples,0.15673730467824493,0.15066992182255484,0.17953352335098313,8
g6_rough_history,diffusion_edm,tangent_nrmse,noisy,0.12,model_samples,0.9299868238951174,0.9214048639665713,0.9619511780370886,8
g6_rough_history,diffusion_edm,tangent_nrmse,noisy,0.12,none,1.0820022405129635,1.069709166338905,1.1613635968837683,8
g6_rough_history,diffusion_edm,tangent_nrmse,noisy,0.12,oracle_samples,0.9265729386339911,0.9048516677825235,0.9475997686864462,8
g6_rough_history,diffusion_gaussian_anchored,centering_error,noisy,0.12,model_samples,0.523682156735485,0.5056487418782228,0.5765369495030721,8
g6_rough_history,diffusion_gaussian_anchored,centering_error,noisy,0.12,oracle_samples,0.5030655163144878,0.4645370577900134,0.5146766525416323,8
g6_rough_history,diffusion_gaussian_anchored,energy_score_fair,approximate_clean_sampler,,none,2.382120778669411,2.3666063945245437,2.396707887792135,8
g6_rough_history,diffusion_gaussian_anchored,energy_score_v,approximate_clean_sampler,,none,2.4197665277542946,2.4042851143003143,2.4342644359408756,8
g6_rough_history,diffusion_gaussian_anchored,native_validation_loss,native_objective,,none,9.147573471069336,9.111828088760374,9.18515658378601,8
g6_rough_history,diffusion_gaussian_anchored,oracle_clean_to_noisy_tangent_nrmse,noisy,0.12,none,0.0170587690756102,0.016683104694848176,0.017434890156149525,8
g6_rough_history,diffusion_gaussian_anchored,response_score_nrmse,noisy,0.12,none,0.6348657689374186,0.5849235611752434,0.649777623661538,8
g6_rough_history,diffusion_gaussian_anchored,samples_per_second,approximate_clean_sampler,,none,38497.6346981831,37830.4545248411,38761.393440423555,8
g6_rough_history,diffusion_gaussian_anchored,tangent_absolute_rms,noisy,0.12,model_samples,0.5069390458661317,0.47283448670153444,0.5586393548724782,8
g6_rough_history,diffusion_gaussian_anchored,tangent_absolute_rms,noisy,0.12,none,0.5699411081837735,0.5300125482705353,0.606757779269812,8
g6_rough_history,diffusion_gaussian_anchored,tangent_absolute_rms,noisy,0.12,oracle_samples,0.5073341397062565,0.46834013857978646,0.5505168989885184,8
g6_rough_history,diffusion_gaussian_anchored,tangent_cosine,noisy,0.12,model_samples,0.6173014913675319,0.5689223305065927,0.6416818834886604,8
g6_rough_history,diffusion_gaussian_anchored,tangent_cosine,noisy,0.12,none,0.5782970926010356,0.5491155842811856,0.6107947062933907,8
g6_rough_history,diffusion_gaussian_anchored,tangent_cosine,noisy,0.12,oracle_samples,0.6313167842863296,0.5685530697477765,0.6540643778324808,8
g6_rough_history,diffusion_gaussian_anchored,tangent_eval_ms_per_example,noisy,0.12,oracle_samples,0.29722754698013887,0.2921757851481743,0.31433577328243695,8
g6_rough_history,diffusion_gaussian_anchored,tangent_nrmse,noisy,0.12,model_samples,0.9860912511077256,0.8903082809158236,1.1434735729081498,8
g6_rough_history,diffusion_gaussian_anchored,tangent_nrmse,noisy,0.12,none,1.089039327775816,0.9990530017235234,1.2318368799785573,8
g6_rough_history,diffusion_gaussian_anchored,tangent_nrmse,noisy,0.12,oracle_samples,0.9752654895445048,0.8845659588096709,1.1034972204725966,8
g6_rough_history,diffusion_legacy,centering_error,noisy,0.12,model_samples,0.5019637935889832,0.45690203542058305,0.5168398977225607,8
g6_rough_history,diffusion_legacy,centering_error,noisy,0.12,oracle_samples,0.34757451696574193,0.33289954004927913,0.36475946055450187,8
g6_rough_history,diffusion_legacy,energy_score_fair,approximate_clean_sampler,,none,3.8486192406653705,3.8111023945073685,3.890826160663509,8
g6_rough_history,diffusion_legacy,energy_score_v,approximate_clean_sampler,,none,3.9728604868408954,3.9342617363860257,4.016551581760805,8
g6_rough_history,diffusion_legacy,native_validation_loss,native_objective,,none,0.7712810337543488,0.7703186124563217,0.7720758318901062,8
g6_rough_history,diffusion_legacy,oracle_clean_to_noisy_tangent_nrmse,noisy,0.12,none,0.0170587690756102,0.016683104694848176,0.017434890156149525,8
g6_rough_history,diffusion_legacy,response_score_nrmse,noisy,0.12,none,0.21626175334865205,0.20747834357263728,0.2240007283243068,8
g6_rough_history,diffusion_legacy,samples_per_second,approximate_clean_sampler,,none,34356.79640839802,33954.53863283188,35422.293924497615,8
g6_rough_history,diffusion_legacy,tangent_absolute_rms,noisy,0.12,model_samples,0.36969689752760704,0.3572767199404794,0.38609065465067016,8
g6_rough_history,diffusion_legacy,tangent_absolute_rms,noisy,0.12,none,0.4636996615911725,0.43524279103515295,0.49989763430303713,8
g6_rough_history,diffusion_legacy,tangent_absolute_rms,noisy,0.12,oracle_samples,0.33680669792615153,0.32267605572171876,0.34063370563951684,8
g6_rough_history,diffusion_legacy,tangent_cosine,noisy,0.12,model_samples,0.7200025607357714,0.7044783055543911,0.7249045404831944,8
g6_rough_history,diffusion_legacy,tangent_cosine,noisy,0.12,none,0.6045446836975984,0.5849757310502492,0.6302090735775312,8
g6_rough_history,diffusion_legacy,tangent_cosine,noisy,0.12,oracle_samples,0.7631728677605375,0.7485296327686098,0.7710133822117645,8
g6_rough_history,diffusion_legacy,tangent_eval_ms_per_example,noisy,0.12,oracle_samples,0.13432356263365358,0.13202116781485523,0.13752083589224634,8
g6_rough_history,diffusion_legacy,tangent_nrmse,noisy,0.12,model_samples,0.7421225567921632,0.6967798333828612,0.7549622096629514,8
g6_rough_history,diffusion_legacy,tangent_nrmse,noisy,0.12,none,0.9311058741495826,0.8857297532220385,0.9635056477977826,8
g6_rough_history,diffusion_legacy,tangent_nrmse,noisy,0.12,oracle_samples,0.6449190648745919,0.638301011356519,0.6518732733264985,8
g6_rough_history,flow_matching,energy_score_fair,clean,,none,2.3740675890322094,2.356564184796283,2.394098447956629,8
g6_rough_history,flow_matching,energy_score_v,clean,,none,2.411609784620272,2.3945113397186204,2.4319423454821214,8
g6_rough_history,flow_matching,native_validation_loss,native_objective,,none,1.4774565696716309,1.468939185142517,1.4851829409599304,8
g6_rough_history,flow_matching,samples_per_second,clean,,none,83563.70506259098,82545.89638283901,84249.92519918601,8
g6_rough_history,flow_matching_gaussian_source,energy_score_fair,clean,,none,2.3811039019963385,2.3628006941358612,2.4008531278789293,8
g6_rough_history,flow_matching_gaussian_source,energy_score_v,clean,,none,2.4184764132826144,2.4001828763002266,2.437735253255327,8
g6_rough_history,flow_matching_gaussian_source,native_validation_loss,native_objective,,none,5.491221904754639,5.456465721130371,5.523088455200195,8
g6_rough_history,flow_matching_gaussian_source,samples_per_second,clean,,none,76158.20846395957,74007.90505535857,80014.38471504307,8
g6_rough_history,gaussian_dsm,centering_error,clean,,none,0.2358674692607416,0.22136969122970046,0.24715345979506576,8
g6_rough_history,gaussian_dsm,energy_score_fair,clean,,none,2.3936588998931985,2.367243313189042,2.408912933040109,8
g6_rough_history,gaussian_dsm,energy_score_v,clean,,none,2.432352065751384,2.405502901631647,2.4478901153862473,8
g6_rough_history,gaussian_dsm,finite_ratio_absolute_rmse,clean,,none,0.06986488869090796,0.06652513614376811,0.0714387035281796,8
g6_rough_history,gaussian_dsm,finite_ratio_nrmse,clean,,none,0.7994143996105393,0.7778217589302951,0.8310808815776743,8
g6_rough_history,gaussian_dsm,native_validation_loss,native_objective,,none,0.830026388168335,0.8280522227287292,0.8325164318084717,8
g6_rough_history,gaussian_dsm,nll_original,clean,,none,17.116382598876953,17.007771968841553,17.196325302124023,8
g6_rough_history,gaussian_dsm,samples_per_second,clean,,none,7801029.846645957,7386053.5427333275,8295414.7099947,8
g6_rough_history,gaussian_dsm,tangent_absolute_rms,clean,,none,0.37723052720808425,0.3488888553734713,0.3910831630558105,8
g6_rough_history,gaussian_dsm,tangent_cosine,clean,,none,0.7039612650277521,0.698645945488122,0.7148930337148098,8
g6_rough_history,gaussian_dsm,tangent_eval_ms_per_example,clean,,none,0.0058310547501605,0.0049339141696691,0.00696810127465135,8
g6_rough_history,gaussian_dsm,tangent_nrmse,clean,,none,0.7288575536363117,0.7122401973250837,0.749336866964633,8
g6_rough_history,gaussian_nll,centering_error,clean,,none,0.22251897709491564,0.21394274181213704,0.24252792664211836,8
g6_rough_history,gaussian_nll,energy_score_fair,clean,,none,2.3725352232593417,2.3540218850589048,2.394349739884891,8
g6_rough_history,gaussian_nll,energy_score_v,clean,,none,2.410357598953622,2.391628879631862,2.432252053980595,8
g6_rough_history,gaussian_nll,finite_ratio_absolute_rmse,clean,,none,0.06852537118827295,0.06677842174691916,0.07062765119233483,8
g6_rough_history,gaussian_nll,finite_ratio_nrmse,clean,,none,0.7820304316723549,0.7568645411277662,0.8181125701880507,8
g6_rough_history,gaussian_nll,native_validation_loss,native_objective,,none,16.332313537597656,16.25047016143799,16.417951107025146,8
g6_rough_history,gaussian_nll,nll_original,clean,,none,16.985328674316406,16.865402698516846,17.07671594619751,8
g6_rough_history,gaussian_nll,samples_per_second,clean,,none,8733202.468046926,7890220.35213606,9285280.915023495,8
g6_rough_history,gaussian_nll,tangent_absolute_rms,clean,,none,0.3441752822339233,0.33667160383489125,0.351479548076315,8
g6_rough_history,gaussian_nll,tangent_cosine,clean,,none,0.7512653740890137,0.7382885664360157,0.7604813312655662,8
g6_rough_history,gaussian_nll,tangent_eval_ms_per_example,clean,,none,0.00593846903029765,0.004878578238276475,0.006671715027550775,8
g6_rough_history,gaussian_nll,tangent_nrmse,clean,,none,0.6684737363245061,0.6557725869284827,0.693392215388948,8
g6_rough_history,mean,energy_score_fair,clean,,none,2.3812492804584258,2.36000475419115,2.391489637909851,8
g6_rough_history,mean,energy_score_v,clean,,none,2.418765272481705,2.397539008732843,2.4292025844315455,8
g6_rough_history,mean,native_validation_loss,native_objective,,none,0.8864761292934418,0.8730288594961166,0.8992629498243332,8
g6_rough_history,mean,samples_per_second,clean,,none,7455689.0488970615,6677539.1286212485,7897504.414678043,8
g6_rough_history,ratio_critic,centering_error,clean,,none,0.24026765582915965,0.22834446742600167,0.2520450057718406,8
g6_rough_history,ratio_critic,finite_ratio_absolute_rmse,clean,,none,0.06608497163612631,0.061978946028412724,0.069855861551851,8
g6_rough_history,ratio_critic,finite_ratio_nrmse,clean,,none,0.7690223607961235,0.7462369938127126,0.7903007606818965,8
g6_rough_history,ratio_critic,native_validation_loss,native_objective,,none,0.5524610877037048,0.5465555489063263,0.5615621954202652,8
g6_rough_history,ratio_critic,tangent_absolute_rms,clean,,none,0.337531950113815,0.30195717386537635,0.35834841878810436,8
g6_rough_history,ratio_critic,tangent_cosine,clean,,none,0.7462202273556351,0.7399191299199569,0.7722074398076171,8
g6_rough_history,ratio_critic,tangent_eval_ms_per_example,clean,,none,0.00543814849152105,0.005086917894914175,0.006773433710804925,8
g6_rough_history,ratio_critic,tangent_nrmse,clean,,none,0.6577981327229296,0.6363241264466696,0.6652260640770479,8
g7_concentrated_history,affine_flow,centering_error,clean,,none,1.6262589948679842,1.4294848212027387,1.7559581749384305,8
g7_concentrated_history,affine_flow,energy_score_fair,clean,,none,2.730564409656077,2.6519666936924073,2.8876276597197554,8
g7_concentrated_history,affine_flow,energy_score_v,clean,,none,2.7718558353997826,2.6926093899010084,2.9313488845271,8
g7_concentrated_history,affine_flow,finite_ratio_absolute_rmse,clean,,none,0.0668253167754398,0.04353985086122195,0.10013676095582577,8
g7_concentrated_history,affine_flow,finite_ratio_nrmse,clean,,none,2.819866273842109,2.2927506039077974,3.885235721460517,8
g7_concentrated_history,affine_flow,native_validation_loss,native_objective,,none,9.805618286132812,9.329730033874512,10.189427614212036,8
g7_concentrated_history,affine_flow,nll_original,clean,,none,13.0184006690979,12.929773092269897,13.165053606033325,8
g7_concentrated_history,affine_flow,samples_per_second,clean,,none,417221.78720099654,399248.1585216562,451916.35868689825,8
g7_concentrated_history,affine_flow,tangent_absolute_rms,clean,,none,0.9937088724783505,0.8507742018061555,1.0549520434330404,8
g7_concentrated_history,affine_flow,tangent_cosine,clean,,none,0.1952429376462853,0.19125056336553764,0.21442668706902207,8
g7_concentrated_history,affine_flow,tangent_eval_ms_per_example,clean,,none,0.0260794220139359,0.021301929791661626,0.030373367167157973,8
g7_concentrated_history,affine_flow,tangent_nrmse,clean,,none,6.401117008753827,5.437884980805227,6.818505717997371,8
g7_concentrated_history,autoregressive_mdn,centering_error,clean,,none,1.5387962224683482,1.4427522119550886,1.7047463212196536,8
g7_concentrated_history,autoregressive_mdn,energy_score_fair,clean,,none,2.742554457172374,2.653783172273697,2.8895238309560476,8
g7_concentrated_history,autoregressive_mdn,energy_score_v,clean,,none,2.7841503478888443,2.694104015541041,2.933297605487466,8
g7_concentrated_history,autoregressive_mdn,finite_ratio_absolute_rmse,clean,,none,0.05876996564290265,0.05430598961848852,0.062184642721481456,8
g7_concentrated_history,autoregressive_mdn,finite_ratio_nrmse,clean,,none,3.1710732933322787,1.3063130281352942,5.189995905682767,8
g7_concentrated_history,autoregressive_mdn,native_validation_loss,native_objective,,none,9.620573997497559,9.158044576644897,10.072355508804321,8
g7_concentrated_history,autoregressive_mdn,nll_original,clean,,none,12.941150665283203,12.835581064224245,13.036168575286865,8
g7_concentrated_history,autoregressive_mdn,samples_per_second,clean,,none,352382.62453985366,334608.48276164185,357361.63404980104,8
g7_concentrated_history,autoregressive_mdn,tangent_absolute_rms,clean,,none,1.0172527179642097,0.9645513988041285,1.0698524904785198,8
g7_concentrated_history,autoregressive_mdn,tangent_cosine,clean,,none,0.1514395854195298,0.13765728525500764,0.15746629674556828,8
g7_concentrated_history,autoregressive_mdn,tangent_eval_ms_per_example,clean,,none,0.0285569688003306,0.026845706884159874,0.03018261691067885,8
g7_concentrated_history,autoregressive_mdn,tangent_nrmse,clean,,none,6.419058840449052,6.244419100480583,6.92652562837821,8
g7_concentrated_history,bounded_energy,centering_error,clean,,none,1.3176361424252518,1.2207901452252012,1.5582024916658404,8
g7_concentrated_history,bounded_energy,energy_score_fair,clean,,none,2.767760032314051,2.687120126103146,2.9107964854058705,8
g7_concentrated_history,bounded_energy,energy_score_v,clean,,none,2.808841579413488,2.7260649565042234,2.9538900467126092,8
g7_concentrated_history,bounded_energy,native_validation_loss,native_objective,,none,3.2328543663024902,3.175885558128357,3.2802132964134216,8
g7_concentrated_history,bounded_energy,samples_per_second,clean,,none,317767.8351665592,307464.4905776398,322418.6737154498,8
g7_concentrated_history,bounded_energy,tangent_absolute_rms,clean,,none,0.7651819964524391,0.6735871656584287,0.8775666678383733,8
g7_concentrated_history,bounded_energy,tangent_cosine,clean,,none,0.31398680304352067,0.2820342619684748,0.3548055822908232,8
g7_concentrated_history,bounded_energy,tangent_eval_ms_per_example,clean,,none,0.15530468726865365,0.14776482021261467,0.15965642182891313,8
g7_concentrated_history,bounded_energy,tangent_nrmse,clean,,none,4.967984011274603,4.306373114835419,5.656439085932515,8
g7_concentrated_history,diffusion_edm,centering_error,noisy,0.12,model_samples,4.220670543779683,3.7998215863448412,4.694237942882941,8
g7_concentrated_history,diffusion_edm,centering_error,noisy,0.12,oracle_samples,4.445847140061156,4.014922993585552,4.80361341884677,8
g7_concentrated_history,diffusion_edm,energy_score_fair,approximate_clean_sampler,,none,2.741780377488452,2.651317988608718,2.8964454229135077,8
g7_concentrated_history,diffusion_edm,energy_score_v,approximate_clean_sampler,,none,2.7832467100921696,2.6911031492238737,2.939209977542798,8
g7_concentrated_history,diffusion_edm,native_validation_loss,native_objective,,none,1.5823846459388733,1.5396525859832764,1.6392514407634733,8
g7_concentrated_history,diffusion_edm,oracle_clean_to_noisy_tangent_nrmse,noisy,0.12,none,0.00507857927593345,0.0027252149222669253,0.006762753552412875,8
g7_concentrated_history,diffusion_edm,response_score_nrmse,noisy,0.12,none,0.6610298796252951,0.6066644690577507,0.7086272975199195,8
g7_concentrated_history,diffusion_edm,samples_per_second,approximate_clean_sampler,,none,79888.32775086563,69185.21380401978,82778.53006928044,8
g7_concentrated_history,diffusion_edm,tangent_absolute_rms,noisy,0.12,model_samples,1.6681441079550408,1.5648114632789047,1.7483178985755896,8
g7_concentrated_history,diffusion_edm,tangent_absolute_rms,noisy,0.12,none,1.956325006977722,1.819946442870436,2.07701835341676,8
g7_concentrated_history,diffusion_edm,tangent_absolute_rms,noisy,0.12,oracle_samples,1.6791977581428683,1.5796501693942746,1.7723320737966501,8
g7_concentrated_history,diffusion_edm,tangent_cosine,noisy,0.12,model_samples,0.044688918369581346,0.033092180189495175,0.052179690503353325,8
g7_concentrated_history,diffusion_edm,tangent_cosine,noisy,0.12,none,0.03063737426296135,0.0203540446141315,0.04531313855357018,8
g7_concentrated_history,diffusion_edm,tangent_cosine,noisy,0.12,oracle_samples,0.046476424850261946,0.027029953534660624,0.05287600359692035,8
g7_concentrated_history,diffusion_edm,tangent_eval_ms_per_example,noisy,0.12,oracle_samples,0.15513997664129414,0.14439387894071834,0.16645817186144996,8
g7_concentrated_history,diffusion_edm,tangent_nrmse,noisy,0.12,model_samples,10.562510830550268,9.960582395776937,11.15687062942122,8
g7_concentrated_history,diffusion_edm,tangent_nrmse,noisy,0.12,none,12.281119625614227,11.730939054694332,12.978667816229192,8
g7_concentrated_history,diffusion_edm,tangent_nrmse,noisy,0.12,oracle_samples,10.710390652773022,9.941575066896476,11.23206273864935,8
g7_concentrated_history,diffusion_gaussian_anchored,centering_error,noisy,0.12,model_samples,4.956241898269472,4.4642206373631526,5.712411837638436,8
g7_concentrated_history,diffusion_gaussian_anchored,centering_error,noisy,0.12,oracle_samples,4.766190237659627,4.150926679367206,5.711642812106453,8
g7_concentrated_history,diffusion_gaussian_anchored,energy_score_fair,approximate_clean_sampler,,none,2.749100559848294,2.651403023553989,2.9139386260297826,8
g7_concentrated_history,diffusion_gaussian_anchored,energy_score_v,approximate_clean_sampler,,none,2.79006400365461,2.690269926258461,2.9560777087281425,8
g7_concentrated_history,diffusion_gaussian_anchored,native_validation_loss,native_objective,,none,6.374201059341431,6.291845083236694,6.439939975738525,8
g7_concentrated_history,diffusion_gaussian_anchored,oracle_clean_to_noisy_tangent_nrmse,noisy,0.12,none,0.00507857927593345,0.0027252149222669253,0.006762753552412875,8
g7_concentrated_history,diffusion_gaussian_anchored,response_score_nrmse,noisy,0.12,none,0.6430309761928512,0.6159291857598381,0.6651412684896361,8
g7_concentrated_history,diffusion_gaussian_anchored,samples_per_second,approximate_clean_sampler,,none,39813.199240099806,38932.36605129933,40413.46582320378,8
g7_concentrated_history,diffusion_gaussian_anchored,tangent_absolute_rms,noisy,0.12,model_samples,1.6823810002332171,1.4716421238770905,2.045224612811085,8
g7_concentrated_history,diffusion_gaussian_anchored,tangent_absolute_rms,noisy,0.12,none,1.8920908483943626,1.5447669279580252,2.2721490044401706,8
g7_concentrated_history,diffusion_gaussian_anchored,tangent_absolute_rms,noisy,0.12,oracle_samples,1.6771243653966241,1.4782518711176542,2.006490369472131,8
g7_concentrated_history,diffusion_gaussian_anchored,tangent_cosine,noisy,0.12,model_samples,0.0559799503998093,0.044545507290417743,0.06430719339795993,8
g7_concentrated_history,diffusion_gaussian_anchored,tangent_cosine,noisy,0.12,none,0.0523388362112693,0.030178211920168754,0.0713575202818743,8
g7_concentrated_history,diffusion_gaussian_anchored,tangent_cosine,noisy,0.12,oracle_samples,0.0514521644476655,0.04544211345282258,0.06363790982629207,8
g7_concentrated_history,diffusion_gaussian_anchored,tangent_eval_ms_per_example,noisy,0.12,oracle_samples,0.2774915392365074,0.27542431666915945,0.28435612864541326,8
g7_concentrated_history,diffusion_gaussian_anchored,tangent_nrmse,noisy,0.12,model_samples,11.024440439439916,9.807029186169846,13.186618938108683,8
g7_concentrated_history,diffusion_gaussian_anchored,tangent_nrmse,noisy,0.12,none,12.408123494997174,10.224469174957623,14.650554115795886,8
g7_concentrated_history,diffusion_gaussian_anchored,tangent_nrmse,noisy,0.12,oracle_samples,10.987632532716848,9.883383898873827,12.932104488430106,8
g7_concentrated_history,diffusion_legacy,centering_error,noisy,0.12,model_samples,4.567221595617899,3.9419037331431377,5.572108780212602,8
g7_concentrated_history,diffusion_legacy,centering_error,noisy,0.12,oracle_samples,1.9017090597130735,1.7331310509984645,2.4041668947328114,8
g7_concentrated_history,diffusion_legacy,energy_score_fair,approximate_clean_sampler,,none,4.389979325321232,4.146827777837117,4.670219991702066,8
g7_concentrated_history,diffusion_legacy,energy_score_v,approximate_clean_sampler,,none,4.531312466889578,4.27941065042163,4.8195954406957995,8
g7_concentrated_history,diffusion_legacy,native_validation_loss,native_objective,,none,0.7326976358890533,0.721922904253006,0.7420827150344849,8
g7_concentrated_history,diffusion_legacy,oracle_clean_to_noisy_tangent_nrmse,noisy,0.12,none,0.00507857927593345,0.0027252149222669253,0.006762753552412875,8
g7_concentrated_history,diffusion_legacy,response_score_nrmse,noisy,0.12,none,0.3773672766647048,0.36477902974812715,0.38593366218247765,8
g7_concentrated_history,diffusion_legacy,samples_per_second,approximate_clean_sampler,,none,38168.39560432198,36079.38199911664,38367.82746439047,8
g7_concentrated_history,diffusion_legacy,tangent_absolute_rms,noisy,0.12,model_samples,0.925476736818962,0.8268642730631593,1.020811516837877,8
g7_concentrated_history,diffusion_legacy,tangent_absolute_rms,noisy,0.12,none,0.8096437597696498,0.7487901939953459,0.9475495721340499,8
g7_concentrated_history,diffusion_legacy,tangent_absolute_rms,noisy,0.12,oracle_samples,0.7141743340298489,0.6622847358345567,0.8274758690198605,8
g7_concentrated_history,diffusion_legacy,tangent_cosine,noisy,0.12,model_samples,0.20959404203546644,0.19526999672421336,0.22331701969326645,8
g7_concentrated_history,diffusion_legacy,tangent_cosine,noisy,0.12,none,0.24315680277689106,0.21975823522111004,0.2579257774589604,8
g7_concentrated_history,diffusion_legacy,tangent_cosine,noisy,0.12,oracle_samples,0.23126916098622513,0.21675034449155875,0.25463425162047726,8
g7_concentrated_history,diffusion_legacy,tangent_eval_ms_per_example,noisy,0.12,oracle_samples,0.14002832040205246,0.13541194516619726,0.1454796562256888,8
g7_concentrated_history,diffusion_legacy,tangent_nrmse,noisy,0.12,model_samples,5.851762364092504,5.473358437917583,6.713217942974991,8
g7_concentrated_history,diffusion_legacy,tangent_nrmse,noisy,0.12,none,5.313196090290908,4.914288766045252,5.81603495251741,8
g7_concentrated_history,diffusion_legacy,tangent_nrmse,noisy,0.12,oracle_samples,4.681885501206459,4.245931234323889,5.190587628540939,8
g7_concentrated_history,flow_matching,energy_score_fair,clean,,none,2.7297462042423777,2.654375515468919,2.8661727176273866,8
g7_concentrated_history,flow_matching,energy_score_v,clean,,none,2.7718443637846057,2.69414553785224,2.9096439344500418,8
g7_concentrated_history,flow_matching,native_validation_loss,native_objective,,none,1.3905816674232483,1.344215124845505,1.4410697221755981,8
g7_concentrated_history,flow_matching,samples_per_second,clean,,none,82873.92092423807,80500.69626661537,83662.51788414031,8
g7_concentrated_history,flow_matching_gaussian_source,energy_score_fair,clean,,none,2.7508545608946413,2.662336586584224,2.930420582262374,8
g7_concentrated_history,flow_matching_gaussian_source,energy_score_v,clean,,none,2.7910024132612934,2.7008420859748274,2.9719351293466056,8
g7_concentrated_history,flow_matching_gaussian_source,native_validation_loss,native_objective,,none,4.067041754722595,3.983596920967102,4.136318206787109,8
g7_concentrated_history,flow_matching_gaussian_source,samples_per_second,clean,,none,80679.47286498695,79302.64954272125,81779.70744508198,8
g7_concentrated_history,gaussian_dsm,centering_error,clean,,none,1.141338470821024,1.055667950572611,1.2999305984372622,8
g7_concentrated_history,gaussian_dsm,energy_score_fair,clean,,none,2.775484382419589,2.65823176626635,2.938311065875915,8
g7_concentrated_history,gaussian_dsm,energy_score_v,clean,,none,2.8182239272302505,2.6999645116030306,2.9837350345193094,8
g7_concentrated_history,gaussian_dsm,finite_ratio_absolute_rmse,clean,,none,0.06162832201831765,0.0317900172284648,0.11001954098364011,8
g7_concentrated_history,gaussian_dsm,finite_ratio_nrmse,clean,,none,2.8899706461391492,2.6811672107081783,3.0392733502660634,8
g7_concentrated_history,gaussian_dsm,native_validation_loss,native_objective,,none,0.8227025270462036,0.8201308995485306,0.825006440281868,8
g7_concentrated_history,gaussian_dsm,nll_original,clean,,none,14.015737056732178,13.613380193710327,14.528305530548096,8
g7_concentrated_history,gaussian_dsm,samples_per_second,clean,,none,12033819.917465953,11955493.398923522,12859963.810625995,8
g7_concentrated_history,gaussian_dsm,tangent_absolute_rms,clean,,none,0.6108545723036845,0.45756231755523286,0.7460657776443588,8
g7_concentrated_history,gaussian_dsm,tangent_cosine,clean,,none,0.41621015815354734,0.38358324604416977,0.4438802224250644,8
g7_concentrated_history,gaussian_dsm,tangent_eval_ms_per_example,clean,,none,0.0054202503179112006,0.005111332143314925,0.005920566309214275,8
g7_concentrated_history,gaussian_dsm,tangent_nrmse,clean,,none,3.9675928639546876,2.9255588411555307,4.8068057047878945,8
g7_concentrated_history,gaussian_nll,centering_error,clean,,none,1.2024830752090612,0.9110915894479775,1.3800958527854301,8
g7_concentrated_history,gaussian_nll,energy_score_fair,clean,,none,2.7559246342266484,2.6664329367044473,2.935748027532026,8
g7_concentrated_history,gaussian_nll,energy_score_v,clean,,none,2.7979296062028576,2.706786988334389,2.9806980590002454,8
g7_concentrated_history,gaussian_nll,finite_ratio_absolute_rmse,clean,,none,0.0675869458513571,0.031128768005707297,0.1045862990084154,8
g7_concentrated_history,gaussian_nll,finite_ratio_nrmse,clean,,none,2.3279259303557747,2.1762389014689667,3.044561049132709,8
g7_concentrated_history,gaussian_nll,native_validation_loss,native_objective,,none,10.888617038726807,10.753273010253906,10.99322772026062,8
g7_concentrated_history,gaussian_nll,nll_original,clean,,none,13.951542377471924,13.670702695846558,14.489302635192871,8
g7_concentrated_history,gaussian_nll,samples_per_second,clean,,none,12842919.6086536,12021084.130401565,13462627.989630824,8
g7_concentrated_history,gaussian_nll,tangent_absolute_rms,clean,,none,0.7028876513927818,0.5953824532099642,0.775976010067214,8
g7_concentrated_history,gaussian_nll,tangent_cosine,clean,,none,0.39115748564945363,0.3503785034420967,0.4383866130205483,8
g7_concentrated_history,gaussian_nll,tangent_eval_ms_per_example,clean,,none,0.0060302734254946,0.00503858188949375,0.0076134530218041245,8
g7_concentrated_history,gaussian_nll,tangent_nrmse,clean,,none,4.563006808227465,3.803756008643815,4.992473098927766,8
g7_concentrated_history,mean,energy_score_fair,clean,,none,2.7578128298846485,2.669464148794716,2.940515890557927,8
g7_concentrated_history,mean,energy_score_v,clean,,none,2.8005096785546906,2.70989430199668,2.9849000886566235,8
g7_concentrated_history,mean,native_validation_loss,native_objective,,none,0.9054561853408813,0.8793472796678543,0.9245969057083131,8
g7_concentrated_history,mean,samples_per_second,clean,,none,12260933.872942451,11806564.712971827,12867526.531900814,8
g7_concentrated_history,ratio_critic,centering_error,clean,,none,0.8015733287873348,0.6462678522276657,0.9172163705255474,8
g7_concentrated_history,ratio_critic,finite_ratio_absolute_rmse,clean,,none,0.0161593722382568,0.01492592808006245,0.02124197394173255,8
g7_concentrated_history,ratio_critic,finite_ratio_nrmse,clean,,none,0.8533774193843475,0.3998388416328239,1.4542706581448344,8
g7_concentrated_history,ratio_critic,native_validation_loss,native_objective,,none,0.6269354224205017,0.6225932538509369,0.6313541829586029,8
g7_concentrated_history,ratio_critic,tangent_absolute_rms,clean,,none,0.24898342833297543,0.24438765234991255,0.2896320711335107,8
g7_concentrated_history,ratio_critic,tangent_cosine,clean,,none,0.4032741818967112,0.39324454644772283,0.4254424710425935,8
g7_concentrated_history,ratio_critic,tangent_eval_ms_per_example,clean,,none,0.0050201795147586,0.0048375663936894246,0.0053253593250701245,8
g7_concentrated_history,ratio_critic,tangent_nrmse,clean,,none,1.6039460370236465,1.5500031474852487,1.8975562664659265,8
g8_functional_shape,affine_flow,centering_error,clean,,none,0.3713047562666777,0.3305232348254162,0.37999628687991105,8
g8_functional_shape,affine_flow,energy_score_fair,clean,,none,0.7044054314463035,0.69955044795904,0.7061591349299203,8
g8_functional_shape,affine_flow,energy_score_v,clean,,none,0.7148992482029752,0.7100690223459061,0.7165474525965375,8
g8_functional_shape,affine_flow,finite_ratio_absolute_rmse,clean,,none,0.07088525568924015,0.06780925568876633,0.07533498796303173,8
g8_functional_shape,affine_flow,finite_ratio_nrmse,clean,,none,1.0863891563229497,1.0501344418502223,1.1640791842502618,8
g8_functional_shape,affine_flow,native_validation_loss,native_objective,,none,21.65583324432373,20.902950763702393,22.430907726287842,8
g8_functional_shape,affine_flow,nll_original,clean,,none,-27.674915313720703,-27.738641738891605,-27.384641647338867,8
g8_functional_shape,affine_flow,samples_per_second,clean,,none,362543.3137016314,358737.08410008077,377034.5485193666,8
g8_functional_shape,affine_flow,tangent_absolute_rms,clean,,none,5.693146839071034,5.49814786986795,5.954060107820268,8
g8_functional_shape,affine_flow,tangent_cosine,clean,,none,0.8245639944437178,0.8141404121224236,0.8475118255776687,8
g8_functional_shape,affine_flow,tangent_eval_ms_per_example,clean,,none,0.01998437483052835,0.019264976458543928,0.0211499060469577,8
g8_functional_shape,affine_flow,tangent_nrmse,clean,,none,0.6922699256762487,0.669461204278034,0.7381621328628686,8
g8_functional_shape,autoregressive_mdn,centering_error,clean,,none,0.3007279228013984,0.28081600293401165,0.31241029473992327,8
g8_functional_shape,autoregressive_mdn,energy_score_fair,clean,,none,0.7084391621349759,0.7050989321521626,0.7111934218372025,8
g8_functional_shape,autoregressive_mdn,energy_score_v,clean,,none,0.7190140858184603,0.7156665873476611,0.7216853779154861,8
g8_functional_shape,autoregressive_mdn,finite_ratio_absolute_rmse,clean,,none,0.0964844787377721,0.09489684130165818,0.0987763825368271,8
g8_functional_shape,autoregressive_mdn,finite_ratio_nrmse,clean,,none,1.4968405500386681,1.4685682893375074,1.5150139103278206,8
g8_functional_shape,autoregressive_mdn,native_validation_loss,native_objective,,none,22.36083221435547,21.635863780975342,23.07562780380249,8
g8_functional_shape,autoregressive_mdn,nll_original,clean,,none,-26.76645565032959,-27.08239698410034,-26.435339927673343,8
g8_functional_shape,autoregressive_mdn,samples_per_second,clean,,none,98897.86855621875,79418.02209512355,109069.83378658736,8
g8_functional_shape,autoregressive_mdn,tangent_absolute_rms,clean,,none,5.5561832638204915,5.341487273660974,5.913765080069982,8
g8_functional_shape,autoregressive_mdn,tangent_cosine,clean,,none,0.6982959390213006,0.683705945419123,0.7268125822230279,8
g8_functional_shape,autoregressive_mdn,tangent_eval_ms_per_example,clean,,none,0.09903515638143284,0.09168848430363136,0.10891943361457375,8
g8_functional_shape,autoregressive_mdn,tangent_nrmse,clean,,none,0.7191941702997646,0.6763653842089213,0.7540204309554106,8
g8_functional_shape,autoregressive_transformer,centering_error,clean,,none,0.3165960638495595,0.30324531878193806,0.3604531069394441,8
g8_functional_shape,autoregressive_transformer,energy_score_fair,clean,,none,0.7072970803781222,0.7002546910014438,0.7143335587948677,8
g8_functional_shape,autoregressive_transformer,energy_score_v,clean,,none,0.7178168432712451,0.7108075154067237,0.7249700005307053,8
g8_functional_shape,autoregressive_transformer,finite_ratio_absolute_rmse,clean,,none,0.06869511033691675,0.06594972462059881,0.07090165867160805,8
g8_functional_shape,autoregressive_transformer,finite_ratio_nrmse,clean,,none,1.0706571634253619,1.0310186918548065,1.0937113831088345,8
g8_functional_shape,autoregressive_transformer,native_validation_loss,native_objective,,none,21.62313938140869,21.17605209350586,22.229104042053223,8
g8_functional_shape,autoregressive_transformer,nll_original,clean,,none,-27.75714874267578,-27.98369073867798,-27.354856967926025,8
g8_functional_shape,autoregressive_transformer,samples_per_second,clean,,none,449.4096670945688,435.9325125136095,453.0250354313952,8
g8_functional_shape,autoregressive_transformer,tangent_absolute_rms,clean,,none,4.173329508241809,4.1109326625473885,4.312733436808621,8
g8_functional_shape,autoregressive_transformer,tangent_cosine,clean,,none,0.8043238071162067,0.7996210199111217,0.8487299495493138,8
g8_functional_shape,autoregressive_transformer,tangent_eval_ms_per_example,clean,,none,0.17235579684893304,0.16997738282498173,0.18642610928054631,8
g8_functional_shape,autoregressive_transformer,tangent_nrmse,clean,,none,0.529488348358591,0.5016637194254204,0.5486019575470875,8
g8_functional_shape,bounded_energy,centering_error,clean,,none,0.10708340425775055,0.09965269831969213,0.10819129035337145,8
g8_functional_shape,bounded_energy,energy_score_fair,clean,,none,0.719500012161252,0.7151863811805936,0.7232480303866315,8
g8_functional_shape,bounded_energy,energy_score_v,clean,,none,0.730747076562736,0.7263304807610369,0.734458146838259,8
g8_functional_shape,bounded_energy,native_validation_loss,native_objective,,none,10.331684112548828,10.123360872268677,10.543861150741577,8
g8_functional_shape,bounded_energy,samples_per_second,clean,,none,254717.32468000404,250968.77680649344,260567.2405623891,8
g8_functional_shape,bounded_energy,tangent_absolute_rms,clean,,none,6.7735986203384595,6.59135874775253,6.905236144166633,8
g8_functional_shape,bounded_energy,tangent_cosine,clean,,none,0.5377976745578067,0.5149436014617307,0.5587889459710548,8
g8_functional_shape,bounded_energy,tangent_eval_ms_per_example,clean,,none,0.1678968128544511,0.15686880863086114,0.1728548163555388,8
g8_functional_shape,bounded_energy,tangent_nrmse,clean,,none,0.8308792907510167,0.8297535000944889,0.8387101928125936,8
g8_functional_shape,diffusion_edm,centering_error,noisy,0.12,model_samples,0.7967546122885424,0.7483557038970039,0.8890447522249358,8
g8_functional_shape,diffusion_edm,centering_error,noisy,0.12,oracle_samples,0.7594683058916164,0.7321284047829983,0.8160833939485872,8
g8_functional_shape,diffusion_edm,energy_score_fair,approximate_clean_sampler,,none,0.7050152499275537,0.7047632338801618,0.7079255128960014,8
g8_functional_shape,diffusion_edm,energy_score_v,approximate_clean_sampler,,none,0.7157702090775211,0.715567891788015,0.7187724789475243,8
g8_functional_shape,diffusion_edm,native_validation_loss,native_objective,,none,1.0552263855934143,1.0366199016571045,1.0713519155979156,8
g8_functional_shape,diffusion_edm,oracle_clean_to_noisy_tangent_nrmse,noisy,0.12,none,0.12170335745207665,0.11397914011444601,0.13012620115733098,8
g8_functional_shape,diffusion_edm,response_score_nrmse,noisy,0.12,none,0.4691130630503741,0.45415001452355364,0.4715287503804919,8
g8_functional_shape,diffusion_edm,samples_per_second,approximate_clean_sampler,,none,89089.56321689519,83873.91840241167,90810.13605186906,8
g8_functional_shape,diffusion_edm,tangent_absolute_rms,noisy,0.12,model_samples,9.881831763650826,9.076183692365163,9.997676802330435,8
g8_functional_shape,diffusion_edm,tangent_absolute_rms,noisy,0.12,none,40.716426396924255,36.26745128299647,44.64608666410641,8
g8_functional_shape,diffusion_edm,tangent_absolute_rms,noisy,0.12,oracle_samples,9.314884137350568,8.622105265816224,9.494171643144206,8
g8_functional_shape,diffusion_edm,tangent_cosine,noisy,0.12,model_samples,0.721521684266897,0.7054814197772793,0.7521452179983914,8
g8_functional_shape,diffusion_edm,tangent_cosine,noisy,0.12,none,0.2616347113091976,0.2575923728356794,0.27047254478194094,8
g8_functional_shape,diffusion_edm,tangent_cosine,noisy,0.12,oracle_samples,0.7274321484047058,0.7165694863530052,0.766761237642651,8
g8_functional_shape,diffusion_edm,tangent_eval_ms_per_example,noisy,0.12,oracle_samples,0.1418437500433356,0.13508822291896647,0.15207177750653497,8
g8_functional_shape,diffusion_edm,tangent_nrmse,noisy,0.12,model_samples,1.2455262093405683,1.1649265862739069,1.388687892804455,8
g8_functional_shape,diffusion_edm,tangent_nrmse,noisy,0.12,none,5.407457631762304,5.070241649120927,5.599101395715365,8
g8_functional_shape,diffusion_edm,tangent_nrmse,noisy,0.12,oracle_samples,1.1650516539857567,1.1195452132779995,1.3148703120257352,8
g8_functional_shape,diffusion_gaussian_anchored,centering_error,noisy,0.12,model_samples,0.5918320694875037,0.5270298643489735,0.65852470329292,8
g8_functional_shape,diffusion_gaussian_anchored,centering_error,noisy,0.12,oracle_samples,0.5894461152053414,0.539667792419071,0.624533108349234,8
g8_functional_shape,diffusion_gaussian_anchored,energy_score_fair,approximate_clean_sampler,,none,0.7069851787014785,0.7035536144389518,0.7100253473580457,8
g8_functional_shape,diffusion_gaussian_anchored,energy_score_v,approximate_clean_sampler,,none,0.7174198864150179,0.7141531417493229,0.7206421901843864,8
g8_functional_shape,diffusion_gaussian_anchored,native_validation_loss,native_objective,,none,20.746729850769043,20.326606273651123,21.17124891281128,8
g8_functional_shape,diffusion_gaussian_anchored,oracle_clean_to_noisy_tangent_nrmse,noisy,0.12,none,0.12170335745207665,0.11397914011444601,0.13012620115733098,8
g8_functional_shape,diffusion_gaussian_anchored,response_score_nrmse,noisy,0.12,none,0.4882911508159742,0.48209857891063385,0.4914840067840023,8
g8_functional_shape,diffusion_gaussian_anchored,samples_per_second,approximate_clean_sampler,,none,41081.406243603116,40187.69489917392,42620.82198434768,8
g8_functional_shape,diffusion_gaussian_anchored,tangent_absolute_rms,noisy,0.12,model_samples,6.470536075139636,5.836258178115994,7.2251736638583255,8
g8_functional_shape,diffusion_gaussian_anchored,tangent_absolute_rms,noisy,0.12,none,30.893626865589727,27.19041211108727,35.38328103721834,8
g8_functional_shape,diffusion_gaussian_anchored,tangent_absolute_rms,noisy,0.12,oracle_samples,6.206899484523596,5.419666027845026,6.521547350476719,8
g8_functional_shape,diffusion_gaussian_anchored,tangent_cosine,noisy,0.12,model_samples,0.7594409140158589,0.7400072361807506,0.7767546326553213,8
g8_functional_shape,diffusion_gaussian_anchored,tangent_cosine,noisy,0.12,none,0.261752352806358,0.2553403387957669,0.27261232732355595,8
g8_functional_shape,diffusion_gaussian_anchored,tangent_cosine,noisy,0.12,oracle_samples,0.7680443511185256,0.759232371012743,0.7808049457179743,8
g8_functional_shape,diffusion_gaussian_anchored,tangent_eval_ms_per_example,noisy,0.12,oracle_samples,0.2695973357731418,0.2679571992985074,0.2839363595512623,8
g8_functional_shape,diffusion_gaussian_anchored,tangent_nrmse,noisy,0.12,model_samples,0.850318777909232,0.8146671659855982,0.8996234107157437,8
g8_functional_shape,diffusion_gaussian_anchored,tangent_nrmse,noisy,0.12,none,4.098663560939462,3.80424415325491,4.336275514744197,8
g8_functional_shape,diffusion_gaussian_anchored,tangent_nrmse,noisy,0.12,oracle_samples,0.8059566628467254,0.7658010971517633,0.8345732456982413,8
g8_functional_shape,diffusion_legacy,centering_error,noisy,0.12,model_samples,0.6061886169274038,0.5331898709078631,0.6308647580019531,8
g8_functional_shape,diffusion_legacy,centering_error,noisy,0.12,oracle_samples,0.3494546596959671,0.33148643433471114,0.4052597758395124,8
g8_functional_shape,diffusion_legacy,energy_score_fair,approximate_clean_sampler,,none,1.2925178527868344,1.2553464665303395,1.329124351524479,8
g8_functional_shape,diffusion_legacy,energy_score_v,approximate_clean_sampler,,none,1.334253148937064,1.2957640205197118,1.3719737558243819,8
g8_functional_shape,diffusion_legacy,native_validation_loss,native_objective,,none,0.6502428948879242,0.6456118673086166,0.6547192186117172,8
g8_functional_shape,diffusion_legacy,oracle_clean_to_noisy_tangent_nrmse,noisy,0.12,none,0.12170335745207665,0.11397914011444601,0.13012620115733098,8
g8_functional_shape,diffusion_legacy,response_score_nrmse,noisy,0.12,none,0.4488089778136522,0.4459222611529277,0.4537910280268106,8
g8_functional_shape,diffusion_legacy,samples_per_second,approximate_clean_sampler,,none,30571.540965079526,28705.152565826138,31016.377343613014,8
g8_functional_shape,diffusion_legacy,tangent_absolute_rms,noisy,0.12,model_samples,4.871208450976756,4.694964147546074,4.933960586821779,8
g8_functional_shape,diffusion_legacy,tangent_absolute_rms,noisy,0.12,none,19.29616039971333,18.253081703151697,20.509997281416297,8
g8_functional_shape,diffusion_legacy,tangent_absolute_rms,noisy,0.12,oracle_samples,3.3216277010339006,3.178170470728867,3.440139700733993,8
g8_functional_shape,diffusion_legacy,tangent_cosine,noisy,0.12,model_samples,0.7616884195386779,0.7436187692034121,0.7692962080907625,8
g8_functional_shape,diffusion_legacy,tangent_cosine,noisy,0.12,none,0.24909384619777253,0.2310746704008162,0.2614104724416918,8
g8_functional_shape,diffusion_legacy,tangent_cosine,noisy,0.12,oracle_samples,0.8676852992820852,0.856525085847293,0.8852703132085864,8
g8_functional_shape,diffusion_legacy,tangent_eval_ms_per_example,noisy,0.12,oracle_samples,0.1259508437669865,0.12474853110688847,0.1327333945937425,8
g8_functional_shape,diffusion_legacy,tangent_nrmse,noisy,0.12,model_samples,0.6305310868938379,0.597791590387912,0.6545241396203105,8
g8_functional_shape,diffusion_legacy,tangent_nrmse,noisy,0.12,none,2.603349705333403,2.3974311087396343,2.6366767171260914,8
g8_functional_shape,diffusion_legacy,tangent_nrmse,noisy,0.12,oracle_samples,0.4415384417540026,0.4184185384708766,0.4523218275284578,8
g8_functional_shape,flow_matching,energy_score_fair,clean,,none,0.7034854446265041,0.7024769631091726,0.7059798646028824,8
g8_functional_shape,flow_matching,energy_score_v,clean,,none,0.7144868847485938,0.7135668031516054,0.7168908378951175,8
g8_functional_shape,flow_matching,native_validation_loss,native_objective,,none,1.0041908025741577,0.9784700721502303,1.028875321149826,8
g8_functional_shape,flow_matching,samples_per_second,clean,,none,97149.30805206658,89897.60629531514,98391.00462976746,8
g8_functional_shape,flow_matching_gaussian_source,energy_score_fair,clean,,none,0.7161181330172368,0.7114596159102903,0.7188380131807385,8
g8_functional_shape,flow_matching_gaussian_source,energy_score_v,clean,,none,0.7266543087674406,0.7218557223574098,0.7293829983968129,8
g8_functional_shape,flow_matching_gaussian_source,native_validation_loss,native_objective,,none,10.889243125915527,10.624804019927979,11.14553761482239,8
g8_functional_shape,flow_matching_gaussian_source,samples_per_second,clean,,none,92011.06396202923,87565.40199791192,93810.43308001681,8
g8_functional_shape,gaussian_dsm,centering_error,clean,,none,0.118592183659817,0.11280715077844018,0.12054093098316018,8
g8_functional_shape,gaussian_dsm,energy_score_fair,clean,,none,0.7164766756615509,0.7150554709631045,0.7193299337893508,8
g8_functional_shape,gaussian_dsm,energy_score_v,clean,,none,0.7277627140964185,0.7263437280495008,0.7305190400939451,8
g8_functional_shape,gaussian_dsm,finite_ratio_absolute_rmse,clean,,none,0.06960119090988345,0.06880320323272454,0.07103554452364991,8
g8_functional_shape,gaussian_dsm,finite_ratio_nrmse,clean,,none,1.0731642589575419,1.0482044741977163,1.1049585346270574,8
g8_functional_shape,gaussian_dsm,native_validation_loss,native_objective,,none,0.8108874261379242,0.8062653839588165,0.8152192980051041,8
g8_functional_shape,gaussian_dsm,nll_original,clean,,none,-9.280426025390627,-9.378484725952148,-9.172913312911987,8
g8_functional_shape,gaussian_dsm,samples_per_second,clean,,none,4142117.6025796304,4058841.390728013,4265924.461580183,8
g8_functional_shape,gaussian_dsm,tangent_absolute_rms,clean,,none,6.651243404907589,6.442509395323438,6.9718830839975245,8
g8_functional_shape,gaussian_dsm,tangent_cosine,clean,,none,0.5250290257392375,0.514755519000708,0.5492594911662247,8
g8_functional_shape,gaussian_dsm,tangent_eval_ms_per_example,clean,,none,0.00507682034367455,0.004583503937283176,0.0058251878272130506,8
g8_functional_shape,gaussian_dsm,tangent_nrmse,clean,,none,0.8303029794993191,0.8275494078652064,0.835124725042701,8
g8_functional_shape,gaussian_nll,centering_error,clean,,none,0.10624733555238115,0.10006185814919463,0.10896315370344456,8
g8_functional_shape,gaussian_nll,energy_score_fair,clean,,none,0.7162202576965626,0.7143481276160227,0.7179594102648815,8
g8_functional_shape,gaussian_nll,energy_score_v,clean,,none,0.7274253274962461,0.7255015364137373,0.7292635746713035,8
g8_functional_shape,gaussian_nll,finite_ratio_absolute_rmse,clean,,none,0.07331675692891375,0.072164778834493,0.07428196961322896,8
g8_functional_shape,gaussian_nll,finite_ratio_nrmse,clean,,none,1.133819333395991,1.0884422465093555,1.1734367608106049,8
g8_functional_shape,gaussian_nll,native_validation_loss,native_objective,,none,40.06900405883789,39.229326248168945,40.91692543029785,8
g8_functional_shape,gaussian_nll,nll_original,clean,,none,-9.389737129211426,-9.509121894836428,-9.254596710205078,8
g8_functional_shape,gaussian_nll,samples_per_second,clean,,none,4066262.6647291873,3778064.7879580734,4158389.180698856,8
g8_functional_shape,gaussian_nll,tangent_absolute_rms,clean,,none,6.660814334898097,6.473016505627963,6.840808316213922,8
g8_functional_shape,gaussian_nll,tangent_cosine,clean,,none,0.5611168381306719,0.5353449035327315,0.5871616164192841,8
g8_functional_shape,gaussian_nll,tangent_eval_ms_per_example,clean,,none,0.0050615235522855,0.0047903632776069,0.0053914335467197,8
g8_functional_shape,gaussian_nll,tangent_nrmse,clean,,none,0.823680244697419,0.8220134304988193,0.8289493979149138,8
g8_functional_shape,mean,energy_score_fair,clean,,none,0.716597097163654,0.715505320699612,0.7201329759837201,8
g8_functional_shape,mean,energy_score_v,clean,,none,0.7277540400362701,0.7266217339902985,0.7312911701224831,8
g8_functional_shape,mean,native_validation_loss,native_objective,,none,0.7342018485069275,0.7012302428483963,0.768542468547821,8
g8_functional_shape,mean,samples_per_second,clean,,none,4188573.539219141,3885222.8769711526,4269384.246457546,8
g8_functional_shape,ratio_critic,centering_error,clean,,none,0.3334961112453648,0.29734846007655713,0.35971357159749456,8
g8_functional_shape,ratio_critic,finite_ratio_absolute_rmse,clean,,none,0.06899134050464975,0.06709943724849884,0.07134516957316997,8
g8_functional_shape,ratio_critic,finite_ratio_nrmse,clean,,none,1.0663331157274396,1.0427020280247123,1.0995374063186707,8
g8_functional_shape,ratio_critic,native_validation_loss,native_objective,,none,0.0750392042100429,0.06736232899129382,0.08044493570923802,8
g8_functional_shape,ratio_critic,tangent_absolute_rms,clean,,none,4.969056910252256,4.725834179009908,5.318955897496027,8
g8_functional_shape,ratio_critic,tangent_cosine,clean,,none,0.7803881192631492,0.7604380164501428,0.7925744792353563,8
g8_functional_shape,ratio_critic,tangent_eval_ms_per_example,clean,,none,0.00507486697642885,0.00491617970510555,0.005666500101142425,8
g8_functional_shape,ratio_critic,tangent_nrmse,clean,,none,0.6160615727990861,0.6095679071722777,0.6326091126001258,8
