law,delta,generator_id,model_name,method,metric_id,median,q25,q75,n
clean,0.12,g1_location,affine_flow,central_model_log_ratio,channel_readout_nrmse,0.6132621267982427,0.5517008489995965,0.682261644583523,8
clean,0.12,g1_location,affine_flow,central_model_log_ratio,witness_nrmse,0.5854266904532359,0.540518248319438,0.6180198181948013,8
clean,0.12,g1_location,affine_flow,direct_coupled_samples,channel_readout_nrmse,0.4065637680206587,0.3527041362044912,0.4209364340222531,8
clean,0.12,g1_location,affine_flow,history_tangent_finite_target,channel_readout_nrmse,0.6263526592311562,0.5848944225010786,0.7196077461889651,8
clean,0.12,g1_location,affine_flow,history_tangent_finite_target,witness_nrmse,0.611884451808385,0.5555613577170317,0.6375666594889814,8
clean,0.12,g1_location,affine_flow,signed_classifier,channel_readout_nrmse,0.6567261760031327,0.629311569830423,0.6924059179288344,8
clean,0.12,g1_location,affine_flow,signed_classifier,witness_nrmse,0.6226493202914158,0.592019757720307,0.6375852891635573,8
clean,0.12,g1_location,affine_flow,signed_riesz_dictionary,channel_readout_nrmse,2.249781913724564,2.0213100863155,2.525483838355591,8
clean,0.12,g1_location,affine_flow,signed_riesz_dictionary,witness_nrmse,2.0940729522822834,1.953991679172361,2.3250366335784554,8
clean,0.12,g1_location,autoregressive_mdn,central_model_log_ratio,channel_readout_nrmse,0.6215263960191595,0.5763445884946827,0.6423797101270017,8
clean,0.12,g1_location,autoregressive_mdn,central_model_log_ratio,witness_nrmse,0.555714138987898,0.5459486119499484,0.5617180431045234,8
clean,0.12,g1_location,autoregressive_mdn,direct_coupled_samples,channel_readout_nrmse,0.4442404971095437,0.4032956110121282,0.4970021889409035,8
clean,0.12,g1_location,autoregressive_mdn,history_tangent_finite_target,channel_readout_nrmse,0.6419361911741653,0.5815805382889598,0.6513490298223046,8
clean,0.12,g1_location,autoregressive_mdn,history_tangent_finite_target,witness_nrmse,0.5670415827874926,0.5567560656688579,0.5719475313866432,8
clean,0.12,g1_location,autoregressive_mdn,signed_classifier,channel_readout_nrmse,0.636774510631078,0.6079951217729621,0.8081296213633783,8
clean,0.12,g1_location,autoregressive_mdn,signed_classifier,witness_nrmse,0.627616823275964,0.6039094753140651,0.6484661889041742,8
clean,0.12,g1_location,autoregressive_mdn,signed_riesz_dictionary,channel_readout_nrmse,2.480501658795336,2.015324220275683,2.5924813614358113,8
clean,0.12,g1_location,autoregressive_mdn,signed_riesz_dictionary,witness_nrmse,2.6114716850418684,2.538761641740131,2.660442246597243,8
clean,0.12,g1_location,bounded_energy,direct_coupled_samples,channel_readout_nrmse,0.655782853911212,0.6069137745809611,0.7433158373949751,8
clean,0.12,g1_location,bounded_energy,history_tangent_finite_target,channel_readout_nrmse,0.6053414452330913,0.5742601347192495,0.6879076126927741,8
clean,0.12,g1_location,bounded_energy,history_tangent_finite_target,witness_nrmse,0.5574201409812722,0.5045535190575021,0.6048099436972989,8
clean,0.12,g1_location,bounded_energy,signed_classifier,channel_readout_nrmse,0.6892533748211266,0.6729010998503736,0.8011731947550429,8
clean,0.12,g1_location,bounded_energy,signed_classifier,witness_nrmse,0.6375916280786603,0.6268460787123721,0.6522159742905019,8
clean,0.12,g1_location,bounded_energy,signed_riesz_dictionary,channel_readout_nrmse,2.937507035070985,2.7078145857162137,3.323874219176919,8
clean,0.12,g1_location,bounded_energy,signed_riesz_dictionary,witness_nrmse,3.3522272656436707,3.2366592864145693,3.4620436170539874,8
clean,0.12,g1_location,diffusion_edm,direct_coupled_samples,channel_readout_nrmse,0.4828699433191507,0.47640307435752105,0.556758649384609,8
clean,0.12,g1_location,diffusion_edm,signed_classifier,channel_readout_nrmse,0.6637333946728408,0.6055072647019205,0.9364357407730867,8
clean,0.12,g1_location,diffusion_edm,signed_classifier,witness_nrmse,0.6573852924089733,0.6143290584236283,0.658439482384961,8
clean,0.12,g1_location,diffusion_edm,signed_riesz_dictionary,channel_readout_nrmse,2.661351267356279,2.3478608626969497,2.771065999229978,8
clean,0.12,g1_location,diffusion_edm,signed_riesz_dictionary,witness_nrmse,2.0635306655254544,2.0224409032768076,2.145262982924792,8
clean,0.12,g1_location,diffusion_gaussian_anchored,direct_coupled_samples,channel_readout_nrmse,0.32701447426581615,0.29114492487159427,0.3807856057901938,8
clean,0.12,g1_location,diffusion_gaussian_anchored,signed_classifier,channel_readout_nrmse,0.6058637064085988,0.540403080859201,0.7758610110644812,8
clean,0.12,g1_location,diffusion_gaussian_anchored,signed_classifier,witness_nrmse,0.6054392742012862,0.5841417165687479,0.6256892859460068,8
clean,0.12,g1_location,diffusion_gaussian_anchored,signed_riesz_dictionary,channel_readout_nrmse,2.3134415976933047,2.1978506415157213,2.5227907938770495,8
clean,0.12,g1_location,diffusion_gaussian_anchored,signed_riesz_dictionary,witness_nrmse,2.387010147419039,2.3138081738800684,2.4641754442778843,8
clean,0.12,g1_location,diffusion_legacy,direct_coupled_samples,channel_readout_nrmse,1.2681404734188606,1.2589430674503428,1.3122253900631613,8
clean,0.12,g1_location,diffusion_legacy,signed_classifier,channel_readout_nrmse,0.9768598317887728,0.9731892005374558,0.9822245952955064,8
clean,0.12,g1_location,diffusion_legacy,signed_classifier,witness_nrmse,0.9986076434879976,0.9980450810682614,0.9988349316027253,8
clean,0.12,g1_location,diffusion_legacy,signed_riesz_dictionary,channel_readout_nrmse,0.9913856601622744,0.987529104011435,0.9950637348258968,8
clean,0.12,g1_location,diffusion_legacy,signed_riesz_dictionary,witness_nrmse,0.9946691693878211,0.9935913250967615,0.9965849522908511,8
clean,0.12,g1_location,flow_matching,direct_coupled_samples,channel_readout_nrmse,0.34473964014421077,0.3212387842016463,0.3853658724077871,8
clean,0.12,g1_location,flow_matching,signed_classifier,channel_readout_nrmse,0.7822221346349107,0.6577050425864779,0.8530878398103632,8
clean,0.12,g1_location,flow_matching,signed_classifier,witness_nrmse,0.6169515198005285,0.5618818872483455,0.646775532347593,8
clean,0.12,g1_location,flow_matching,signed_riesz_dictionary,channel_readout_nrmse,2.777188450819266,2.5297314093532774,2.8790155725793656,8
clean,0.12,g1_location,flow_matching,signed_riesz_dictionary,witness_nrmse,2.4025562126619544,2.252771341422277,2.4682024122791084,8
clean,0.12,g1_location,flow_matching_gaussian_source,direct_coupled_samples,channel_readout_nrmse,0.39893931369179647,0.3620531282358085,0.44209353815316443,8
clean,0.12,g1_location,flow_matching_gaussian_source,signed_classifier,channel_readout_nrmse,0.7127068144283938,0.6918191454458229,0.8300537821918706,8
clean,0.12,g1_location,flow_matching_gaussian_source,signed_classifier,witness_nrmse,0.6503644653432437,0.6125487401791977,0.6894415694078775,8
clean,0.12,g1_location,flow_matching_gaussian_source,signed_riesz_dictionary,channel_readout_nrmse,2.659216041534059,2.3694726087451117,3.0249128247272927,8
clean,0.12,g1_location,flow_matching_gaussian_source,signed_riesz_dictionary,witness_nrmse,2.5404117087696845,2.3555387103657424,2.7500858956801935,8
clean,0.12,g1_location,gaussian_dsm,central_model_log_ratio,channel_readout_nrmse,0.6468922196394226,0.5492551261818345,0.6776953533659785,8
clean,0.12,g1_location,gaussian_dsm,central_model_log_ratio,witness_nrmse,0.5532497617193175,0.5132302044061388,0.5863482769402509,8
clean,0.12,g1_location,gaussian_dsm,direct_coupled_samples,channel_readout_nrmse,0.37154171656441926,0.3499571212498116,0.5023715936059846,8
clean,0.12,g1_location,gaussian_dsm,history_tangent_finite_target,channel_readout_nrmse,0.6579670898367118,0.5537011687154496,0.6990251644846739,8
clean,0.12,g1_location,gaussian_dsm,history_tangent_finite_target,witness_nrmse,0.5609344285689102,0.5170548403785026,0.5906823811803591,8
clean,0.12,g1_location,gaussian_dsm,signed_classifier,channel_readout_nrmse,0.6950175651800411,0.6508001975670884,0.7594800585760687,8
clean,0.12,g1_location,gaussian_dsm,signed_classifier,witness_nrmse,0.6800778486323613,0.656970839091587,0.7026797256378228,8
clean,0.12,g1_location,gaussian_dsm,signed_riesz_dictionary,channel_readout_nrmse,2.7007543146471393,2.1670941749795074,2.8379958106748573,8
clean,0.12,g1_location,gaussian_dsm,signed_riesz_dictionary,witness_nrmse,2.399040558554362,2.2468615624451096,2.4721800915561976,8
clean,0.12,g1_location,gaussian_nll,central_model_log_ratio,channel_readout_nrmse,0.5906268532120762,0.5736206113768914,0.6137342825408444,8
clean,0.12,g1_location,gaussian_nll,central_model_log_ratio,witness_nrmse,0.5186489527601685,0.483874156691432,0.5841614425737924,8
clean,0.12,g1_location,gaussian_nll,direct_coupled_samples,channel_readout_nrmse,0.34584413137952696,0.3273922005288233,0.35108563672226895,8
clean,0.12,g1_location,gaussian_nll,history_tangent_finite_target,channel_readout_nrmse,0.6116611464762245,0.5948228141308286,0.6283019283734406,8
clean,0.12,g1_location,gaussian_nll,history_tangent_finite_target,witness_nrmse,0.526386982803031,0.49052483816479325,0.5935395682289111,8
clean,0.12,g1_location,gaussian_nll,signed_classifier,channel_readout_nrmse,0.6462097432662006,0.6175091931181402,0.6950715493995221,8
clean,0.12,g1_location,gaussian_nll,signed_classifier,witness_nrmse,0.6544038127119765,0.6134510158279196,0.6856712902614734,8
clean,0.12,g1_location,gaussian_nll,signed_riesz_dictionary,channel_readout_nrmse,2.2156672843778766,1.9277362571985646,2.6340921574910556,8
clean,0.12,g1_location,gaussian_nll,signed_riesz_dictionary,witness_nrmse,2.3793208787766815,2.266823721875926,2.6065565132206747,8
clean,0.12,g1_location,mean,direct_coupled_samples,channel_readout_nrmse,0.3440710124257135,0.2946217216179835,0.38672651708942424,8
clean,0.12,g1_location,mean,signed_classifier,channel_readout_nrmse,0.6539969625350237,0.5796088950363921,0.7214413094501133,8
clean,0.12,g1_location,mean,signed_classifier,witness_nrmse,0.6458135706820232,0.6148306107172206,0.6647193461990918,8
clean,0.12,g1_location,mean,signed_riesz_dictionary,channel_readout_nrmse,2.441360736624201,2.189943417705657,2.6806269276135395,8
clean,0.12,g1_location,mean,signed_riesz_dictionary,witness_nrmse,2.5109902785154334,2.3604548791547906,2.6129379227872893,8
clean,0.12,g1_location,oracle_predictive_law,direct_coupled_samples,channel_readout_nrmse,0.1160400454412292,0.10812617295447159,0.12456167820407077,4
clean,0.12,g1_location,oracle_predictive_law,oracle_finite_witness,channel_readout_nrmse,0.3705809548491369,0.3624037135120739,0.3885347608634502,4
clean,0.12,g1_location,oracle_predictive_law,oracle_finite_witness,witness_nrmse,0.0,0.0,0.0,4
clean,0.12,g1_location,oracle_predictive_law,oracle_infinitesimal_tangent,channel_readout_nrmse,0.3883790624210395,0.37570075530453434,0.41675157466005114,4
clean,0.12,g1_location,oracle_predictive_law,oracle_infinitesimal_tangent,witness_nrmse,0.05020791698269665,0.046396228148972846,0.0541550080715428,4
clean,0.12,g1_location,oracle_predictive_law,signed_classifier,channel_readout_nrmse,0.7167928459473814,0.6815744448545531,0.7434703260236131,4
clean,0.12,g1_location,oracle_predictive_law,signed_classifier,witness_nrmse,0.6309946085321552,0.598461851001926,0.642011246871551,4
clean,0.12,g1_location,oracle_predictive_law,signed_riesz_dictionary,channel_readout_nrmse,2.6125118644603798,2.4433138718980727,2.7473708098528924,4
clean,0.12,g1_location,oracle_predictive_law,signed_riesz_dictionary,witness_nrmse,2.4898405627388343,2.363650385173492,2.599977858330014,4
clean,0.12,g1_location,ratio_critic,central_model_log_ratio,channel_readout_nrmse,0.6077669123334037,0.5975415360014602,0.6378213361879552,8
clean,0.12,g1_location,ratio_critic,central_model_log_ratio,witness_nrmse,0.5080517371312232,0.4805091154747694,0.535597351715588,8
clean,0.12,g1_location,ratio_critic,history_tangent_finite_target,channel_readout_nrmse,0.6131903314795857,0.6055847314161045,0.6474258976625434,8
clean,0.12,g1_location,ratio_critic,history_tangent_finite_target,witness_nrmse,0.5097336149012757,0.4866251752442866,0.5418331855171103,8
clean,0.12,g2_covariance,affine_flow,central_model_log_ratio,channel_readout_nrmse,0.6941861433569549,0.6338592431332468,0.7905496584406022,8
clean,0.12,g2_covariance,affine_flow,central_model_log_ratio,witness_nrmse,0.8089604125131864,0.7098222360480958,0.8991455634979605,8
clean,0.12,g2_covariance,affine_flow,direct_coupled_samples,channel_readout_nrmse,0.6434839990731525,0.6210888602657021,0.6933558057776985,8
clean,0.12,g2_covariance,affine_flow,history_tangent_finite_target,channel_readout_nrmse,0.698289404977589,0.6454310876690543,0.7950078684137044,8
clean,0.12,g2_covariance,affine_flow,history_tangent_finite_target,witness_nrmse,0.8118931615884932,0.7137254477519313,0.9019151969353981,8
clean,0.12,g2_covariance,affine_flow,signed_classifier,channel_readout_nrmse,0.5661824985581587,0.4706215582526521,0.6116426149352885,8
clean,0.12,g2_covariance,affine_flow,signed_classifier,witness_nrmse,0.7031986220768591,0.6291537132974814,0.7878708539857836,8
clean,0.12,g2_covariance,affine_flow,signed_riesz_dictionary,channel_readout_nrmse,3.537510945553813,3.3560371536906413,3.994794976639675,8
clean,0.12,g2_covariance,affine_flow,signed_riesz_dictionary,witness_nrmse,3.7296284096515073,3.4557580200696885,4.048388126448214,8
clean,0.12,g2_covariance,autoregressive_mdn,central_model_log_ratio,channel_readout_nrmse,0.6511047158716075,0.5818749220432693,0.7247470252338218,8
clean,0.12,g2_covariance,autoregressive_mdn,central_model_log_ratio,witness_nrmse,0.9098321815725973,0.7870113198043038,1.0327466088240018,8
clean,0.12,g2_covariance,autoregressive_mdn,direct_coupled_samples,channel_readout_nrmse,1.0787253494493114,0.882338282054081,1.1764922464353744,8
clean,0.12,g2_covariance,autoregressive_mdn,history_tangent_finite_target,channel_readout_nrmse,0.6550533132299342,0.5859691079343408,0.7292747332268006,8
clean,0.12,g2_covariance,autoregressive_mdn,history_tangent_finite_target,witness_nrmse,0.9163006871108519,0.7914765693994316,1.0369288488737824,8
clean,0.12,g2_covariance,autoregressive_mdn,signed_classifier,channel_readout_nrmse,0.6138728163368554,0.5981765674955711,0.6932595935840965,8
clean,0.12,g2_covariance,autoregressive_mdn,signed_classifier,witness_nrmse,0.7599009303845221,0.6775188779066068,0.8402059359653185,8
clean,0.12,g2_covariance,autoregressive_mdn,signed_riesz_dictionary,channel_readout_nrmse,6.95477388103055,6.094273613254929,7.310886559457911,8
clean,0.12,g2_covariance,autoregressive_mdn,signed_riesz_dictionary,witness_nrmse,8.630235572582835,7.839742157786575,9.377596835441848,8
clean,0.12,g2_covariance,bounded_energy,direct_coupled_samples,channel_readout_nrmse,2.1182035459610966,1.9787812780139697,2.307200509044254,8
clean,0.12,g2_covariance,bounded_energy,history_tangent_finite_target,channel_readout_nrmse,0.6649945557324451,0.581720234993878,0.8453380674633548,8
clean,0.12,g2_covariance,bounded_energy,history_tangent_finite_target,witness_nrmse,0.7311439001061054,0.6286196985381993,0.8746194994606777,8
clean,0.12,g2_covariance,bounded_energy,signed_classifier,channel_readout_nrmse,0.6587895248894611,0.5566428399592204,0.6903669626667972,8
clean,0.12,g2_covariance,bounded_energy,signed_classifier,witness_nrmse,0.7322829536227935,0.655536839580862,0.8192743790266437,8
clean,0.12,g2_covariance,bounded_energy,signed_riesz_dictionary,channel_readout_nrmse,9.321836467108017,8.327419737608032,10.397260974141936,8
clean,0.12,g2_covariance,bounded_energy,signed_riesz_dictionary,witness_nrmse,11.425578848182063,10.892157720634295,12.58636678450223,8
clean,0.12,g2_covariance,diffusion_edm,direct_coupled_samples,channel_readout_nrmse,0.464417636274265,0.42258316876356306,0.484120528876591,8
clean,0.12,g2_covariance,diffusion_edm,signed_classifier,channel_readout_nrmse,0.534822133386009,0.5083855664945285,0.634054768102954,8
clean,0.12,g2_covariance,diffusion_edm,signed_classifier,witness_nrmse,0.7013017477971397,0.6369664064648496,0.8000795191644223,8
clean,0.12,g2_covariance,diffusion_edm,signed_riesz_dictionary,channel_readout_nrmse,3.0656321314751223,2.7452696515548856,3.509205663651012,8
clean,0.12,g2_covariance,diffusion_edm,signed_riesz_dictionary,witness_nrmse,2.988829735363132,2.7022033949990125,3.110475041589876,8
clean,0.12,g2_covariance,diffusion_gaussian_anchored,direct_coupled_samples,channel_readout_nrmse,0.48447874053333395,0.45575875301944085,0.5581657320230081,8
clean,0.12,g2_covariance,diffusion_gaussian_anchored,signed_classifier,channel_readout_nrmse,0.5436140907927788,0.49600589015078367,0.5968977705092708,8
clean,0.12,g2_covariance,diffusion_gaussian_anchored,signed_classifier,witness_nrmse,0.6920013522851984,0.6189431609927023,0.7861046616618419,8
clean,0.12,g2_covariance,diffusion_gaussian_anchored,signed_riesz_dictionary,channel_readout_nrmse,4.801034382911079,4.680791681299831,5.842470276454698,8
clean,0.12,g2_covariance,diffusion_gaussian_anchored,signed_riesz_dictionary,witness_nrmse,4.37053195404563,3.8767964037342244,4.862562813702599,8
clean,0.12,g2_covariance,diffusion_legacy,direct_coupled_samples,channel_readout_nrmse,1.3258273379839913,1.2701931732426168,1.4073049383188045,8
clean,0.12,g2_covariance,diffusion_legacy,signed_classifier,channel_readout_nrmse,0.994159134868395,0.9896977277956678,1.0068815933878272,8
clean,0.12,g2_covariance,diffusion_legacy,signed_classifier,witness_nrmse,1.0055259035298163,1.0022622701065764,1.0117771319967472,8
clean,0.12,g2_covariance,diffusion_legacy,signed_riesz_dictionary,channel_readout_nrmse,0.9902306719146966,0.9880704748494854,0.9939636196606816,8
clean,0.12,g2_covariance,diffusion_legacy,signed_riesz_dictionary,witness_nrmse,0.9940691106124494,0.9932412767037919,0.9955188055033068,8
clean,0.12,g2_covariance,flow_matching,direct_coupled_samples,channel_readout_nrmse,0.4166055397370475,0.3752269282666769,0.44952281294371127,8
clean,0.12,g2_covariance,flow_matching,signed_classifier,channel_readout_nrmse,0.5374656757926148,0.4941428197739115,0.6017379272593888,8
clean,0.12,g2_covariance,flow_matching,signed_classifier,witness_nrmse,0.7083452840778572,0.6319405446964209,0.7956877920850898,8
clean,0.12,g2_covariance,flow_matching,signed_riesz_dictionary,channel_readout_nrmse,3.6760067507113128,2.7938482592962064,4.171626242428474,8
clean,0.12,g2_covariance,flow_matching,signed_riesz_dictionary,witness_nrmse,3.5106633444663355,3.084372470577418,3.6973446533028738,8
clean,0.12,g2_covariance,flow_matching_gaussian_source,direct_coupled_samples,channel_readout_nrmse,0.5893541425819091,0.497558896905573,0.6574247328330122,8
clean,0.12,g2_covariance,flow_matching_gaussian_source,signed_classifier,channel_readout_nrmse,0.589287832795134,0.5699363605614304,0.6772284387234759,8
clean,0.12,g2_covariance,flow_matching_gaussian_source,signed_classifier,witness_nrmse,0.6850356862582789,0.6177329688497123,0.8005193001754283,8
clean,0.12,g2_covariance,flow_matching_gaussian_source,signed_riesz_dictionary,channel_readout_nrmse,4.49284224284256,4.127382973974184,5.199655340100626,8
clean,0.12,g2_covariance,flow_matching_gaussian_source,signed_riesz_dictionary,witness_nrmse,4.9171088077662475,4.775739435447121,4.970646550259811,8
clean,0.12,g2_covariance,gaussian_dsm,central_model_log_ratio,channel_readout_nrmse,0.7646836965201083,0.7420407732732216,0.8153328518248443,8
clean,0.12,g2_covariance,gaussian_dsm,central_model_log_ratio,witness_nrmse,0.7973388273385935,0.7118768586645182,0.8237712088586283,8
clean,0.12,g2_covariance,gaussian_dsm,direct_coupled_samples,channel_readout_nrmse,0.6265227513921665,0.580482060420982,0.6845376844314466,8
clean,0.12,g2_covariance,gaussian_dsm,history_tangent_finite_target,channel_readout_nrmse,0.7673323096564155,0.7461933866306224,0.8186088247651425,8
clean,0.12,g2_covariance,gaussian_dsm,history_tangent_finite_target,witness_nrmse,0.7991593374800137,0.7135681458457297,0.8247945554428471,8
clean,0.12,g2_covariance,gaussian_dsm,signed_classifier,channel_readout_nrmse,0.6560188319186046,0.6401878422119143,0.6699073995962714,8
clean,0.12,g2_covariance,gaussian_dsm,signed_classifier,witness_nrmse,0.750484290947371,0.7115313099002059,0.8160998980097968,8
clean,0.12,g2_covariance,gaussian_dsm,signed_riesz_dictionary,channel_readout_nrmse,4.357981032304831,3.8907297314335287,5.124663467433279,8
clean,0.12,g2_covariance,gaussian_dsm,signed_riesz_dictionary,witness_nrmse,4.120723753697998,3.7800747221043896,4.575701941744521,8
clean,0.12,g2_covariance,gaussian_nll,central_model_log_ratio,channel_readout_nrmse,0.7347951895213802,0.685656407875596,0.8390741216656318,8
clean,0.12,g2_covariance,gaussian_nll,central_model_log_ratio,witness_nrmse,0.7590982617982114,0.6811564145926634,0.8712232448934573,8
clean,0.12,g2_covariance,gaussian_nll,direct_coupled_samples,channel_readout_nrmse,0.5900525662298823,0.479298966899475,0.609156867441449,8
clean,0.12,g2_covariance,gaussian_nll,history_tangent_finite_target,channel_readout_nrmse,0.7383105042911453,0.687399902991551,0.8424958277521649,8
clean,0.12,g2_covariance,gaussian_nll,history_tangent_finite_target,witness_nrmse,0.7603661220430692,0.6821894282289627,0.8723392827867582,8
clean,0.12,g2_covariance,gaussian_nll,signed_classifier,channel_readout_nrmse,0.5859100062820207,0.5581643721682876,0.6187838523754554,8
clean,0.12,g2_covariance,gaussian_nll,signed_classifier,witness_nrmse,0.7306756345676927,0.6694818042122952,0.8008309011833569,8
clean,0.12,g2_covariance,gaussian_nll,signed_riesz_dictionary,channel_readout_nrmse,3.967561163911843,3.6134257060796884,4.263635901071961,8
clean,0.12,g2_covariance,gaussian_nll,signed_riesz_dictionary,witness_nrmse,3.8881022708452067,3.54556673631895,4.266473298753481,8
clean,0.12,g2_covariance,mean,direct_coupled_samples,channel_readout_nrmse,0.5753309237831092,0.4633208251024479,0.6368928165446534,8
clean,0.12,g2_covariance,mean,signed_classifier,channel_readout_nrmse,0.6059184490138831,0.5718321235174679,0.666608940388741,8
clean,0.12,g2_covariance,mean,signed_classifier,witness_nrmse,0.7236272017497087,0.6548741524665562,0.814800021118058,8
clean,0.12,g2_covariance,mean,signed_riesz_dictionary,channel_readout_nrmse,4.099299770760103,3.5574123670474274,5.975096239465988,8
clean,0.12,g2_covariance,mean,signed_riesz_dictionary,witness_nrmse,4.141964316944225,3.7248545664146713,4.469886458335944,8
clean,0.12,g2_covariance,oracle_predictive_law,direct_coupled_samples,channel_readout_nrmse,0.1778111638064485,0.17388372136588318,0.21002075541521065,4
clean,0.12,g2_covariance,oracle_predictive_law,oracle_finite_witness,channel_readout_nrmse,0.39715999678051017,0.3454307049006867,0.46177841596145164,4
clean,0.12,g2_covariance,oracle_predictive_law,oracle_finite_witness,witness_nrmse,0.0,0.0,0.0,4
clean,0.12,g2_covariance,oracle_predictive_law,oracle_infinitesimal_tangent,channel_readout_nrmse,0.39923978784376846,0.3475541838867971,0.4635469837166144,4
clean,0.12,g2_covariance,oracle_predictive_law,oracle_infinitesimal_tangent,witness_nrmse,0.00474304785320245,0.0041180914958198,0.0055161092603552,4
clean,0.12,g2_covariance,oracle_predictive_law,signed_classifier,channel_readout_nrmse,0.5486818728687127,0.4826476176580219,0.5976749740938836,4
clean,0.12,g2_covariance,oracle_predictive_law,signed_classifier,witness_nrmse,0.6713127662656828,0.5981491452941813,0.7552860686786435,4
clean,0.12,g2_covariance,oracle_predictive_law,signed_riesz_dictionary,channel_readout_nrmse,3.5972557149642355,2.662832365772058,4.6036778495444395,4
clean,0.12,g2_covariance,oracle_predictive_law,signed_riesz_dictionary,witness_nrmse,3.6371794239640995,3.463739640292809,3.9669133444417657,4
clean,0.12,g2_covariance,ratio_critic,central_model_log_ratio,channel_readout_nrmse,0.5496318574655416,0.5105858307427975,0.5981110987646341,8
clean,0.12,g2_covariance,ratio_critic,central_model_log_ratio,witness_nrmse,0.6511191977626728,0.5889142633453844,0.728158040204194,8
clean,0.12,g2_covariance,ratio_critic,history_tangent_finite_target,channel_readout_nrmse,0.5506404942850303,0.512451098012372,0.5996186010431224,8
clean,0.12,g2_covariance,ratio_critic,history_tangent_finite_target,witness_nrmse,0.6518997564913358,0.5898989941563604,0.7297605864165088,8
clean,0.12,g3_skew,affine_flow,central_model_log_ratio,channel_readout_nrmse,2.292971468610324,1.3322407252995963,2.9683774705807306,8
clean,0.12,g3_skew,affine_flow,central_model_log_ratio,witness_nrmse,1.6644531795229023,1.5158736867208928,1.9111729368757222,8
clean,0.12,g3_skew,affine_flow,direct_coupled_samples,channel_readout_nrmse,2.2073555495157637,1.5988654532069366,2.985403436381623,8
clean,0.12,g3_skew,affine_flow,history_tangent_finite_target,channel_readout_nrmse,2.3282807898658815,1.4024012225390412,2.9506859573218245,8
clean,0.12,g3_skew,affine_flow,history_tangent_finite_target,witness_nrmse,1.722122438598142,1.5531241952490347,2.061335039201113,8
clean,0.12,g3_skew,affine_flow,signed_classifier,channel_readout_nrmse,1.3470610906195621,1.1090674775217328,1.466105916767173,8
clean,0.12,g3_skew,affine_flow,signed_classifier,witness_nrmse,1.0380520340248607,1.0329309769994297,1.0740858720953732,8
clean,0.12,g3_skew,affine_flow,signed_riesz_dictionary,channel_readout_nrmse,3.9631651839377957,2.954345345163148,5.704722295063554,8
clean,0.12,g3_skew,affine_flow,signed_riesz_dictionary,witness_nrmse,1.9604185311049824,1.8441855789058097,2.224713660842627,8
clean,0.12,g3_skew,autoregressive_mdn,central_model_log_ratio,channel_readout_nrmse,1.7541257133722532,1.4219453287936565,3.0603295332072076,8
clean,0.12,g3_skew,autoregressive_mdn,central_model_log_ratio,witness_nrmse,1.3751194114164513,1.2468659033212472,1.4441451797644884,8
clean,0.12,g3_skew,autoregressive_mdn,direct_coupled_samples,channel_readout_nrmse,4.148898764166344,3.7250946842488695,5.04185421457492,8
clean,0.12,g3_skew,autoregressive_mdn,history_tangent_finite_target,channel_readout_nrmse,1.7633853507204198,1.4327098095618418,3.0722043132841055,8
clean,0.12,g3_skew,autoregressive_mdn,history_tangent_finite_target,witness_nrmse,1.385899499273809,1.254131886460872,1.4557483994487148,8
clean,0.12,g3_skew,autoregressive_mdn,signed_classifier,channel_readout_nrmse,1.9432604278215462,1.3147969993562163,2.0984112434470754,8
clean,0.12,g3_skew,autoregressive_mdn,signed_classifier,witness_nrmse,1.0876499214388318,1.0567174018445693,1.0994802946073647,8
clean,0.12,g3_skew,autoregressive_mdn,signed_riesz_dictionary,channel_readout_nrmse,10.229148808640474,6.798295784236627,14.76994317709774,8
clean,0.12,g3_skew,autoregressive_mdn,signed_riesz_dictionary,witness_nrmse,4.84987580522324,4.634536956419133,5.491929655067852,8
clean,0.12,g3_skew,bounded_energy,direct_coupled_samples,channel_readout_nrmse,8.612439700607489,5.726289744633632,13.460654704061977,8
clean,0.12,g3_skew,bounded_energy,history_tangent_finite_target,channel_readout_nrmse,2.255294630144369,1.0098445852424356,3.232895747938352,8
clean,0.12,g3_skew,bounded_energy,history_tangent_finite_target,witness_nrmse,1.0918356223560746,1.0311885860943457,1.146212858634441,8
clean,0.12,g3_skew,bounded_energy,signed_classifier,channel_readout_nrmse,1.0085095699022366,0.9975099140497249,1.0750756945081974,8
clean,0.12,g3_skew,bounded_energy,signed_classifier,witness_nrmse,1.023129202181019,1.0000768319626787,1.0815286348021087,8
clean,0.12,g3_skew,bounded_energy,signed_riesz_dictionary,channel_readout_nrmse,17.396961605095427,12.751974453634976,22.018486380984672,8
clean,0.12,g3_skew,bounded_energy,signed_riesz_dictionary,witness_nrmse,9.820058668938852,8.814047553765146,10.129652178628891,8
clean,0.12,g3_skew,diffusion_edm,direct_coupled_samples,channel_readout_nrmse,1.0419834394757752,0.7218949763112149,1.4832489319058157,8
clean,0.12,g3_skew,diffusion_edm,signed_classifier,channel_readout_nrmse,1.0955479177978877,0.979503982783636,1.2906741593361828,8
clean,0.12,g3_skew,diffusion_edm,signed_classifier,witness_nrmse,1.0407474046786502,1.0394833957258995,1.046458182125499,8
clean,0.12,g3_skew,diffusion_edm,signed_riesz_dictionary,channel_readout_nrmse,1.9371292026451057,1.3376654654249247,2.5883682328765705,8
clean,0.12,g3_skew,diffusion_edm,signed_riesz_dictionary,witness_nrmse,0.975423946561197,0.9639408538674119,1.0246179643052857,8
clean,0.12,g3_skew,diffusion_gaussian_anchored,direct_coupled_samples,channel_readout_nrmse,1.6647391656505073,1.1489737538432911,2.1373967850602784,8
clean,0.12,g3_skew,diffusion_gaussian_anchored,signed_classifier,channel_readout_nrmse,1.5419527575955287,1.308172891771326,1.7656455251259946,8
clean,0.12,g3_skew,diffusion_gaussian_anchored,signed_classifier,witness_nrmse,1.0526653500948453,1.0440992320659168,1.0667300230182113,8
clean,0.12,g3_skew,diffusion_gaussian_anchored,signed_riesz_dictionary,channel_readout_nrmse,2.751143641262736,2.295844390262791,4.340039638872262,8
clean,0.12,g3_skew,diffusion_gaussian_anchored,signed_riesz_dictionary,witness_nrmse,1.5632731794630055,1.4664177860176912,1.6413860770165059,8
clean,0.12,g3_skew,diffusion_legacy,direct_coupled_samples,channel_readout_nrmse,1.2119073592927023,1.0131469842977519,1.4150467274224532,8
clean,0.12,g3_skew,diffusion_legacy,signed_classifier,channel_readout_nrmse,1.0362293086974221,1.0214116386615333,1.0459578138186414,8
clean,0.12,g3_skew,diffusion_legacy,signed_classifier,witness_nrmse,1.017729936413926,1.009877709587998,1.021065584234191,8
clean,0.12,g3_skew,diffusion_legacy,signed_riesz_dictionary,channel_readout_nrmse,1.0026328968895726,1.0011518845437415,1.0048727082050706,8
clean,0.12,g3_skew,diffusion_legacy,signed_riesz_dictionary,witness_nrmse,0.9998893559355806,0.9994711506013425,1.0000482633631347,8
clean,0.12,g3_skew,flow_matching,direct_coupled_samples,channel_readout_nrmse,1.2812359288048538,0.8289761455811161,1.7366777153708473,8
clean,0.12,g3_skew,flow_matching,signed_classifier,channel_readout_nrmse,1.2771296797941387,1.0363593989326887,1.8178885737365205,8
clean,0.12,g3_skew,flow_matching,signed_classifier,witness_nrmse,1.0412075229905717,1.036675732024105,1.0457334422849183,8
clean,0.12,g3_skew,flow_matching,signed_riesz_dictionary,channel_readout_nrmse,2.6309139302541436,1.3346718639703465,3.03998721006744,8
clean,0.12,g3_skew,flow_matching,signed_riesz_dictionary,witness_nrmse,1.0494572651962497,1.021209519980616,1.1233365159675688,8
clean,0.12,g3_skew,flow_matching_gaussian_source,direct_coupled_samples,channel_readout_nrmse,2.29469215553486,1.6826340277414065,2.741094902864904,8
clean,0.12,g3_skew,flow_matching_gaussian_source,signed_classifier,channel_readout_nrmse,1.5843469794158973,0.992057582815162,1.8097731488196898,8
clean,0.12,g3_skew,flow_matching_gaussian_source,signed_classifier,witness_nrmse,1.063977128918388,1.0530745591142752,1.0809891780006962,8
clean,0.12,g3_skew,flow_matching_gaussian_source,signed_riesz_dictionary,channel_readout_nrmse,4.629070072640104,2.558190977317418,4.993952735990775,8
clean,0.12,g3_skew,flow_matching_gaussian_source,signed_riesz_dictionary,witness_nrmse,1.8593878775014465,1.6686339496298959,2.604286883670674,8
clean,0.12,g3_skew,gaussian_dsm,central_model_log_ratio,channel_readout_nrmse,1.8428421181206227,1.586902678264521,2.8948084795966595,8
clean,0.12,g3_skew,gaussian_dsm,central_model_log_ratio,witness_nrmse,1.1555372257225103,1.1278655586049053,1.2094539536265576,8
clean,0.12,g3_skew,gaussian_dsm,direct_coupled_samples,channel_readout_nrmse,1.7497839019856845,1.5774719560597665,3.0206392956451937,8
clean,0.12,g3_skew,gaussian_dsm,history_tangent_finite_target,channel_readout_nrmse,1.8457362751217459,1.5875282012718581,2.8966195683548013,8
clean,0.12,g3_skew,gaussian_dsm,history_tangent_finite_target,witness_nrmse,1.1561421433428736,1.1282154161357,1.2103461089333987,8
clean,0.12,g3_skew,gaussian_dsm,signed_classifier,channel_readout_nrmse,1.6151285487582911,1.307022092988407,1.7279348168802215,8
clean,0.12,g3_skew,gaussian_dsm,signed_classifier,witness_nrmse,1.050450859355823,1.046066109027279,1.06090321454311,8
clean,0.12,g3_skew,gaussian_dsm,signed_riesz_dictionary,channel_readout_nrmse,3.252149092167464,2.4960762918171477,4.599972381778275,8
clean,0.12,g3_skew,gaussian_dsm,signed_riesz_dictionary,witness_nrmse,1.548095753857738,1.4109155538107232,1.7461470376617978,8
clean,0.12,g3_skew,gaussian_nll,central_model_log_ratio,channel_readout_nrmse,1.7925975860466326,1.3332361007031486,1.884415393057144,8
clean,0.12,g3_skew,gaussian_nll,central_model_log_ratio,witness_nrmse,1.147725542467617,1.1342400884384807,1.168812252245505,8
clean,0.12,g3_skew,gaussian_nll,direct_coupled_samples,channel_readout_nrmse,1.6005063966344872,1.358300941564948,1.897086207001808,8
clean,0.12,g3_skew,gaussian_nll,history_tangent_finite_target,channel_readout_nrmse,1.7937543428667633,1.3341652185870392,1.8873420994926118,8
clean,0.12,g3_skew,gaussian_nll,history_tangent_finite_target,witness_nrmse,1.1481941449629058,1.134863396837861,1.1695003586232482,8
clean,0.12,g3_skew,gaussian_nll,signed_classifier,channel_readout_nrmse,1.1149692839013443,1.0650977010144704,1.47955153394448,8
clean,0.12,g3_skew,gaussian_nll,signed_classifier,witness_nrmse,1.0407029971839035,1.036290124668808,1.053628122696053,8
clean,0.12,g3_skew,gaussian_nll,signed_riesz_dictionary,channel_readout_nrmse,2.9364277102942467,1.9873883898641402,3.1587578618096446,8
clean,0.12,g3_skew,gaussian_nll,signed_riesz_dictionary,witness_nrmse,1.4566518037592018,1.360849679826494,1.5711516180009804,8
clean,0.12,g3_skew,mean,direct_coupled_samples,channel_readout_nrmse,1.3030137727851074,1.210943875527698,1.4004855327475967,8
clean,0.12,g3_skew,mean,signed_classifier,channel_readout_nrmse,1.1796788794940505,1.046070902147417,1.6308016449609406,8
clean,0.12,g3_skew,mean,signed_classifier,witness_nrmse,1.049673278803804,1.0329700354459352,1.0531926085710053,8
clean,0.12,g3_skew,mean,signed_riesz_dictionary,channel_readout_nrmse,2.266648789422728,1.9075357973085347,2.347884999616247,8
clean,0.12,g3_skew,mean,signed_riesz_dictionary,witness_nrmse,1.2902461301207375,1.1978765477896864,1.3818966614289279,8
clean,0.12,g3_skew,oracle_predictive_law,direct_coupled_samples,channel_readout_nrmse,1.2280022565247513,0.4852447451443437,2.129631635128974,4
clean,0.12,g3_skew,oracle_predictive_law,oracle_finite_witness,channel_readout_nrmse,1.0934605786493676,0.6868727837620114,1.5571111830816768,4
clean,0.12,g3_skew,oracle_predictive_law,oracle_finite_witness,witness_nrmse,0.0,0.0,0.0,4
clean,0.12,g3_skew,oracle_predictive_law,oracle_infinitesimal_tangent,channel_readout_nrmse,1.0967991136310296,0.689109225011768,1.56045783117816,4
clean,0.12,g3_skew,oracle_predictive_law,oracle_infinitesimal_tangent,witness_nrmse,0.0042021324527250995,0.0041500999138814,0.004252440086878875,4
clean,0.12,g3_skew,oracle_predictive_law,signed_classifier,channel_readout_nrmse,1.3015624681128894,1.0908928519138994,1.5246143440906867,4
clean,0.12,g3_skew,oracle_predictive_law,signed_classifier,witness_nrmse,1.0242539436992335,1.018445834863884,1.0370048823223057,4
clean,0.12,g3_skew,oracle_predictive_law,signed_riesz_dictionary,channel_readout_nrmse,2.230759091016119,1.2344181808087407,3.227373372399026,4
clean,0.12,g3_skew,oracle_predictive_law,signed_riesz_dictionary,witness_nrmse,1.4337149478574847,1.312962001027599,1.5655105942100387,4
clean,0.12,g3_skew,ratio_critic,central_model_log_ratio,channel_readout_nrmse,1.6316876474766402,1.0407461787316883,1.7820037355365217,8
clean,0.12,g3_skew,ratio_critic,central_model_log_ratio,witness_nrmse,1.0104182849567123,0.9140889779361615,1.0248811136584925,8
clean,0.12,g3_skew,ratio_critic,history_tangent_finite_target,channel_readout_nrmse,1.6349433088614695,1.040730867969047,1.7831924361417333,8
clean,0.12,g3_skew,ratio_critic,history_tangent_finite_target,witness_nrmse,1.0124341212217758,0.9150573323234495,1.024978489631939,8
clean,0.12,g4_low_rank_mixture,affine_flow,central_model_log_ratio,channel_readout_nrmse,0.4518211335118387,0.42605593880027476,0.5009136050401504,8
clean,0.12,g4_low_rank_mixture,affine_flow,central_model_log_ratio,witness_nrmse,0.9010440063735499,0.8225705268687172,0.9338677055583924,8
clean,0.12,g4_low_rank_mixture,affine_flow,direct_coupled_samples,channel_readout_nrmse,0.5138575191234611,0.4609323380135418,0.5344812135956222,8
clean,0.12,g4_low_rank_mixture,affine_flow,history_tangent_finite_target,channel_readout_nrmse,0.46184334816436584,0.42737142711094167,0.516217498722479,8
clean,0.12,g4_low_rank_mixture,affine_flow,history_tangent_finite_target,witness_nrmse,0.9586773352265605,0.8744822902024249,1.0095524790824104,8
clean,0.12,g4_low_rank_mixture,affine_flow,signed_classifier,channel_readout_nrmse,0.4823572211118172,0.4381931048055035,0.5028014495483281,8
clean,0.12,g4_low_rank_mixture,affine_flow,signed_classifier,witness_nrmse,0.5699934055645228,0.5470613496368437,0.6290578027611637,8
clean,0.12,g4_low_rank_mixture,affine_flow,signed_riesz_dictionary,channel_readout_nrmse,1.2914455557017905,1.1891507123279155,1.519991398669287,8
clean,0.12,g4_low_rank_mixture,affine_flow,signed_riesz_dictionary,witness_nrmse,4.010819637719073,3.687062273951121,4.318987259087103,8
clean,0.12,g4_low_rank_mixture,autoregressive_mdn,central_model_log_ratio,channel_readout_nrmse,0.4422784684095647,0.4035985298908737,0.5505733170993681,8
clean,0.12,g4_low_rank_mixture,autoregressive_mdn,central_model_log_ratio,witness_nrmse,0.7248843092413565,0.6906785016712409,0.780912679769755,8
clean,0.12,g4_low_rank_mixture,autoregressive_mdn,direct_coupled_samples,channel_readout_nrmse,0.6140276896648591,0.5995212192722252,0.6595310250611124,8
clean,0.12,g4_low_rank_mixture,autoregressive_mdn,history_tangent_finite_target,channel_readout_nrmse,0.451676369034274,0.4027634533009485,0.5603038081132473,8
clean,0.12,g4_low_rank_mixture,autoregressive_mdn,history_tangent_finite_target,witness_nrmse,0.7500605593905435,0.716042525151143,0.8172931738482276,8
clean,0.12,g4_low_rank_mixture,autoregressive_mdn,signed_classifier,channel_readout_nrmse,0.5444624055539877,0.5146699882223251,0.5761608803335532,8
clean,0.12,g4_low_rank_mixture,autoregressive_mdn,signed_classifier,witness_nrmse,0.6528854003210027,0.6358888750075898,0.6795427248801308,8
clean,0.12,g4_low_rank_mixture,autoregressive_mdn,signed_riesz_dictionary,channel_readout_nrmse,1.186339697284718,1.1166674851855722,1.52307629116547,8
clean,0.12,g4_low_rank_mixture,autoregressive_mdn,signed_riesz_dictionary,witness_nrmse,5.354954541308756,5.102059952719637,5.504760373491592,8
clean,0.12,g4_low_rank_mixture,bounded_energy,direct_coupled_samples,channel_readout_nrmse,0.8448248466190413,0.8314070066974041,0.9828036202443544,8
clean,0.12,g4_low_rank_mixture,bounded_energy,history_tangent_finite_target,channel_readout_nrmse,1.7425621263491917,1.580655275269405,1.7802015040046322,8
clean,0.12,g4_low_rank_mixture,bounded_energy,history_tangent_finite_target,witness_nrmse,2.33185699258497,2.123188443956655,2.5093655600886904,8
clean,0.12,g4_low_rank_mixture,bounded_energy,signed_classifier,channel_readout_nrmse,0.6251912927447938,0.5335330379300863,0.7916242379071772,8
clean,0.12,g4_low_rank_mixture,bounded_energy,signed_classifier,witness_nrmse,0.7343680052854542,0.6741060214899814,0.8183053656823639,8
clean,0.12,g4_low_rank_mixture,bounded_energy,signed_riesz_dictionary,channel_readout_nrmse,3.231405989339919,2.686821941985995,3.6748529690100398,8
clean,0.12,g4_low_rank_mixture,bounded_energy,signed_riesz_dictionary,witness_nrmse,7.76110197720798,7.242281296584351,8.091370269024456,8
clean,0.12,g4_low_rank_mixture,diffusion_edm,direct_coupled_samples,channel_readout_nrmse,0.5193665121352044,0.48082933535971,0.5442542839920972,8
clean,0.12,g4_low_rank_mixture,diffusion_edm,signed_classifier,channel_readout_nrmse,0.479931942140743,0.4636335937658182,0.5007539299366559,8
clean,0.12,g4_low_rank_mixture,diffusion_edm,signed_classifier,witness_nrmse,0.6239719280209399,0.5714440097655843,0.6317831397633217,8
clean,0.12,g4_low_rank_mixture,diffusion_edm,signed_riesz_dictionary,channel_readout_nrmse,0.9205356666667368,0.8035318408320131,1.1315939001786495,8
clean,0.12,g4_low_rank_mixture,diffusion_edm,signed_riesz_dictionary,witness_nrmse,2.941964548654184,2.8709400570111536,3.1505802680892896,8
clean,0.12,g4_low_rank_mixture,diffusion_gaussian_anchored,direct_coupled_samples,channel_readout_nrmse,0.48286442153502135,0.44643631100371917,0.5597698365360321,8
clean,0.12,g4_low_rank_mixture,diffusion_gaussian_anchored,signed_classifier,channel_readout_nrmse,0.4628918802464813,0.4331630115423872,0.506376910972961,8
clean,0.12,g4_low_rank_mixture,diffusion_gaussian_anchored,signed_classifier,witness_nrmse,0.5803958110785143,0.5395173886946529,0.5982517332768442,8
clean,0.12,g4_low_rank_mixture,diffusion_gaussian_anchored,signed_riesz_dictionary,channel_readout_nrmse,1.708641722387692,1.5217189127644812,2.097968390323181,8
clean,0.12,g4_low_rank_mixture,diffusion_gaussian_anchored,signed_riesz_dictionary,witness_nrmse,5.323433669843671,5.012984378905385,5.6059804097955315,8
clean,0.12,g4_low_rank_mixture,diffusion_legacy,direct_coupled_samples,channel_readout_nrmse,1.078753509140813,1.066247612656766,1.1041182766446533,8
clean,0.12,g4_low_rank_mixture,diffusion_legacy,signed_classifier,channel_readout_nrmse,0.9931832398739944,0.9899409519607942,0.999183700231659,8
clean,0.12,g4_low_rank_mixture,diffusion_legacy,signed_classifier,witness_nrmse,1.0012951868362365,0.9989605088128886,1.0028063702585774,8
clean,0.12,g4_low_rank_mixture,diffusion_legacy,signed_riesz_dictionary,channel_readout_nrmse,0.9885206321295055,0.9857245213674624,0.9902795527188865,8
clean,0.12,g4_low_rank_mixture,diffusion_legacy,signed_riesz_dictionary,witness_nrmse,0.9900832982680394,0.9894538606121119,0.9904376050889714,8
clean,0.12,g4_low_rank_mixture,flow_matching,direct_coupled_samples,channel_readout_nrmse,0.488834145227051,0.4388011218218079,0.5483578376477464,8
clean,0.12,g4_low_rank_mixture,flow_matching,signed_classifier,channel_readout_nrmse,0.45910917049221855,0.40863426138451536,0.5134743722810625,8
clean,0.12,g4_low_rank_mixture,flow_matching,signed_classifier,witness_nrmse,0.5780446275291773,0.5610950836998269,0.6065660006612537,8
clean,0.12,g4_low_rank_mixture,flow_matching,signed_riesz_dictionary,channel_readout_nrmse,1.2415887141016702,1.1514833997397846,1.4534478554125747,8
clean,0.12,g4_low_rank_mixture,flow_matching,signed_riesz_dictionary,witness_nrmse,3.4744673019533137,3.397015965103294,3.6347860582845244,8
clean,0.12,g4_low_rank_mixture,flow_matching_gaussian_source,direct_coupled_samples,channel_readout_nrmse,0.48906775270220726,0.4372066651552009,0.5344057851780748,8
clean,0.12,g4_low_rank_mixture,flow_matching_gaussian_source,signed_classifier,channel_readout_nrmse,0.47268129500609957,0.4654883842687398,0.508633311089577,8
clean,0.12,g4_low_rank_mixture,flow_matching_gaussian_source,signed_classifier,witness_nrmse,0.5862043814427833,0.5192385001192725,0.6668554621823133,8
clean,0.12,g4_low_rank_mixture,flow_matching_gaussian_source,signed_riesz_dictionary,channel_readout_nrmse,1.9319865278120405,1.8812072011231338,2.2681752771522565,8
clean,0.12,g4_low_rank_mixture,flow_matching_gaussian_source,signed_riesz_dictionary,witness_nrmse,6.502159935019135,5.994552558126744,7.024938312307595,8
clean,0.12,g4_low_rank_mixture,gaussian_dsm,central_model_log_ratio,channel_readout_nrmse,1.7033034915041878,1.6037482046118088,1.8958887653909067,8
clean,0.12,g4_low_rank_mixture,gaussian_dsm,central_model_log_ratio,witness_nrmse,1.7693629020355353,1.6938254519471032,1.917195460837683,8
clean,0.12,g4_low_rank_mixture,gaussian_dsm,direct_coupled_samples,channel_readout_nrmse,0.7212368413005834,0.6534000527410949,0.7820100149459471,8
clean,0.12,g4_low_rank_mixture,gaussian_dsm,history_tangent_finite_target,channel_readout_nrmse,1.8265642320558682,1.7081588928016602,2.04901311414198,8
clean,0.12,g4_low_rank_mixture,gaussian_dsm,history_tangent_finite_target,witness_nrmse,2.0311203569520586,1.967428354529158,2.2765827024668877,8
clean,0.12,g4_low_rank_mixture,gaussian_dsm,signed_classifier,channel_readout_nrmse,0.8634850149140905,0.749969046878231,0.9839959133190357,8
clean,0.12,g4_low_rank_mixture,gaussian_dsm,signed_classifier,witness_nrmse,0.8584522717922779,0.7746750031835952,0.9001968534019749,8
clean,0.12,g4_low_rank_mixture,gaussian_dsm,signed_riesz_dictionary,channel_readout_nrmse,4.716473995111992,4.407902902901786,5.765963758196949,8
clean,0.12,g4_low_rank_mixture,gaussian_dsm,signed_riesz_dictionary,witness_nrmse,7.074217109460472,6.776677665637719,7.493665234120109,8
clean,0.12,g4_low_rank_mixture,gaussian_nll,central_model_log_ratio,channel_readout_nrmse,1.8287281306543695,1.7539314796249252,1.9192793597125464,8
clean,0.12,g4_low_rank_mixture,gaussian_nll,central_model_log_ratio,witness_nrmse,1.8572397531774874,1.7332383184302094,2.1055185974853825,8
clean,0.12,g4_low_rank_mixture,gaussian_nll,direct_coupled_samples,channel_readout_nrmse,0.6476701683888217,0.5673890179657873,0.697053703026938,8
clean,0.12,g4_low_rank_mixture,gaussian_nll,history_tangent_finite_target,channel_readout_nrmse,1.997061464994558,1.8575883273088658,2.0741025676495832,8
clean,0.12,g4_low_rank_mixture,gaussian_nll,history_tangent_finite_target,witness_nrmse,2.228601431770646,1.979697672609301,2.546731228085773,8
clean,0.12,g4_low_rank_mixture,gaussian_nll,signed_classifier,channel_readout_nrmse,0.8583261405447963,0.7331821115190776,0.9725974297344556,8
clean,0.12,g4_low_rank_mixture,gaussian_nll,signed_classifier,witness_nrmse,0.8425652825438943,0.794158724988623,0.877181218442927,8
clean,0.12,g4_low_rank_mixture,gaussian_nll,signed_riesz_dictionary,channel_readout_nrmse,4.609251232184285,4.353307394185783,5.186218551264679,8
clean,0.12,g4_low_rank_mixture,gaussian_nll,signed_riesz_dictionary,witness_nrmse,7.927191810985912,6.4339132021258845,8.09972693012288,8
clean,0.12,g4_low_rank_mixture,mean,direct_coupled_samples,channel_readout_nrmse,0.7009693444589223,0.6890657306408617,0.7204673129600452,8
clean,0.12,g4_low_rank_mixture,mean,signed_classifier,channel_readout_nrmse,0.8845301004657284,0.6176226652929688,1.058853078265031,8
clean,0.12,g4_low_rank_mixture,mean,signed_classifier,witness_nrmse,0.8526876437997957,0.6967520161250188,0.9475335960304525,8
clean,0.12,g4_low_rank_mixture,mean,signed_riesz_dictionary,channel_readout_nrmse,4.478433562831471,3.635102885611945,4.800617972932455,8
clean,0.12,g4_low_rank_mixture,mean,signed_riesz_dictionary,witness_nrmse,6.1973415529361064,6.158387219935045,6.640295232473756,8
clean,0.12,g4_low_rank_mixture,oracle_predictive_law,direct_coupled_samples,channel_readout_nrmse,0.48561296567667406,0.4329522405531917,0.5214602079929282,4
clean,0.12,g4_low_rank_mixture,oracle_predictive_law,oracle_finite_witness,channel_readout_nrmse,0.4074372664383718,0.3764237020710571,0.4650748773476525,4
clean,0.12,g4_low_rank_mixture,oracle_predictive_law,oracle_finite_witness,witness_nrmse,0.0,0.0,0.0,4
clean,0.12,g4_low_rank_mixture,oracle_predictive_law,oracle_infinitesimal_tangent,channel_readout_nrmse,0.40724035332257874,0.37621152469817737,0.4666003949503517,4
clean,0.12,g4_low_rank_mixture,oracle_predictive_law,oracle_infinitesimal_tangent,witness_nrmse,0.01257715057825735,0.011611183690805625,0.012906257586229375,4
clean,0.12,g4_low_rank_mixture,oracle_predictive_law,signed_classifier,channel_readout_nrmse,0.547761376164388,0.5079707174335102,0.587106158285176,4
clean,0.12,g4_low_rank_mixture,oracle_predictive_law,signed_classifier,witness_nrmse,0.5952310106086206,0.5560854838012496,0.6403009783932511,4
clean,0.12,g4_low_rank_mixture,oracle_predictive_law,signed_riesz_dictionary,channel_readout_nrmse,0.9780495980260433,0.7943543542340665,1.1496718707795062,4
clean,0.12,g4_low_rank_mixture,oracle_predictive_law,signed_riesz_dictionary,witness_nrmse,4.306283383104171,4.10513671631166,4.459125811985982,4
clean,0.12,g4_low_rank_mixture,ratio_critic,central_model_log_ratio,channel_readout_nrmse,0.4500253914686785,0.4030420120237315,0.5100172365458011,8
clean,0.12,g4_low_rank_mixture,ratio_critic,central_model_log_ratio,witness_nrmse,0.3421052440103045,0.31032095972839346,0.35034470721098954,8
clean,0.12,g4_low_rank_mixture,ratio_critic,history_tangent_finite_target,channel_readout_nrmse,0.45226875690373836,0.4042248736596381,0.5116888760814134,8
clean,0.12,g4_low_rank_mixture,ratio_critic,history_tangent_finite_target,witness_nrmse,0.3461902132317469,0.31680599654476416,0.35341369834187886,8
clean,0.12,g5_near_manifold,affine_flow,central_model_log_ratio,channel_readout_nrmse,0.7050489914808679,0.5893672197463447,0.7900733643063054,8
clean,0.12,g5_near_manifold,affine_flow,central_model_log_ratio,witness_nrmse,0.917523702693242,0.886370457306769,0.9962338505839216,8
clean,0.12,g5_near_manifold,affine_flow,direct_coupled_samples,channel_readout_nrmse,0.7846072695553239,0.7138381161490083,0.8211766548884025,8
clean,0.12,g5_near_manifold,affine_flow,history_tangent_finite_target,channel_readout_nrmse,0.7151112408751222,0.5824751200659705,0.8310103286329305,8
clean,0.12,g5_near_manifold,affine_flow,history_tangent_finite_target,witness_nrmse,0.9226094260931128,0.8910779467871932,1.0044595288072977,8
clean,0.12,g5_near_manifold,affine_flow,signed_classifier,channel_readout_nrmse,0.6792010435482952,0.569827487895188,0.7550140211262336,8
clean,0.12,g5_near_manifold,affine_flow,signed_classifier,witness_nrmse,0.8561589610784319,0.8189382288743778,0.865875741847683,8
clean,0.12,g5_near_manifold,affine_flow,signed_riesz_dictionary,channel_readout_nrmse,19.386518645090664,15.38940579768368,26.47149540493806,8
clean,0.12,g5_near_manifold,affine_flow,signed_riesz_dictionary,witness_nrmse,19.867354709347502,18.894406217498673,22.967243508638905,8
clean,0.12,g5_near_manifold,autoregressive_mdn,central_model_log_ratio,channel_readout_nrmse,0.5693945013076858,0.4870482105981745,0.6342283713146836,8
clean,0.12,g5_near_manifold,autoregressive_mdn,central_model_log_ratio,witness_nrmse,0.8809493216117751,0.868682504401691,0.9316910779938691,8
clean,0.12,g5_near_manifold,autoregressive_mdn,direct_coupled_samples,channel_readout_nrmse,0.6089979601172044,0.5844022361874608,0.6859595678251738,8
clean,0.12,g5_near_manifold,autoregressive_mdn,history_tangent_finite_target,channel_readout_nrmse,0.5629852983096691,0.4882084243973307,0.6491015771044734,8
clean,0.12,g5_near_manifold,autoregressive_mdn,history_tangent_finite_target,witness_nrmse,0.8994165038686857,0.8929351886651042,0.9568458094958614,8
clean,0.12,g5_near_manifold,autoregressive_mdn,signed_classifier,channel_readout_nrmse,0.6257005957925486,0.5818235824016835,0.7230081120840246,8
clean,0.12,g5_near_manifold,autoregressive_mdn,signed_classifier,witness_nrmse,0.8583428563879165,0.8265549203341288,0.8800145865929381,8
clean,0.12,g5_near_manifold,autoregressive_mdn,signed_riesz_dictionary,channel_readout_nrmse,5.219989150480753,4.363800333497864,8.267775989792366,8
clean,0.12,g5_near_manifold,autoregressive_mdn,signed_riesz_dictionary,witness_nrmse,11.921530321004308,9.804119873973365,14.711176745966274,8
clean,0.12,g5_near_manifold,autoregressive_transformer,central_model_log_ratio,channel_readout_nrmse,0.5654613644076023,0.4800115225391972,0.6537027005230152,8
clean,0.12,g5_near_manifold,autoregressive_transformer,central_model_log_ratio,witness_nrmse,0.7860407087815594,0.7409550286542852,0.8357850841485754,8
clean,0.12,g5_near_manifold,autoregressive_transformer,direct_coupled_samples,channel_readout_nrmse,0.6378345303921182,0.5721002817369518,0.7322765373231037,8
clean,0.12,g5_near_manifold,autoregressive_transformer,history_tangent_finite_target,channel_readout_nrmse,0.5842078393178423,0.4601730579581663,0.6807926506639628,8
clean,0.12,g5_near_manifold,autoregressive_transformer,history_tangent_finite_target,witness_nrmse,0.8203048147542503,0.7592563762018864,0.8793089125940559,8
clean,0.12,g5_near_manifold,autoregressive_transformer,signed_classifier,channel_readout_nrmse,0.6453025741982774,0.472992990945735,0.7816141881854088,8
clean,0.12,g5_near_manifold,autoregressive_transformer,signed_classifier,witness_nrmse,0.8554005214042331,0.8015872088934806,0.8742587986696211,8
clean,0.12,g5_near_manifold,autoregressive_transformer,signed_riesz_dictionary,channel_readout_nrmse,5.7330392212850665,4.512349674483472,6.585768431970944,8
clean,0.12,g5_near_manifold,autoregressive_transformer,signed_riesz_dictionary,witness_nrmse,11.825459221050156,9.357039726632891,15.335470029521698,8
clean,0.12,g5_near_manifold,bounded_energy,direct_coupled_samples,channel_readout_nrmse,0.9047370822589996,0.8597318294309446,1.0516679872064163,8
clean,0.12,g5_near_manifold,bounded_energy,history_tangent_finite_target,channel_readout_nrmse,18.04832170230829,13.173303833175723,22.83464636726439,8
clean,0.12,g5_near_manifold,bounded_energy,history_tangent_finite_target,witness_nrmse,24.923838961122115,16.252717687911037,26.827838873114136,8
clean,0.12,g5_near_manifold,bounded_energy,signed_classifier,channel_readout_nrmse,1.1873286550618065,0.7470236743101832,1.5128315848060963,8
clean,0.12,g5_near_manifold,bounded_energy,signed_classifier,witness_nrmse,1.0015181801732878,0.9305128206999644,1.2284577250551383,8
clean,0.12,g5_near_manifold,bounded_energy,signed_riesz_dictionary,channel_readout_nrmse,46.99859923346759,26.097516620603365,84.33773828188605,8
clean,0.12,g5_near_manifold,bounded_energy,signed_riesz_dictionary,witness_nrmse,44.857991112180976,36.23116877270144,58.87385759044326,8
clean,0.12,g5_near_manifold,diffusion_edm,direct_coupled_samples,channel_readout_nrmse,0.6824194488290813,0.5969980889903084,0.7661188975298305,8
clean,0.12,g5_near_manifold,diffusion_edm,signed_classifier,channel_readout_nrmse,0.5893752382278385,0.5017834310891693,0.610242816215598,8
clean,0.12,g5_near_manifold,diffusion_edm,signed_classifier,witness_nrmse,0.8474768047241954,0.7874102963843632,0.868934731880767,8
clean,0.12,g5_near_manifold,diffusion_edm,signed_riesz_dictionary,channel_readout_nrmse,12.234980621913191,9.615160080957585,22.63814282092087,8
clean,0.12,g5_near_manifold,diffusion_edm,signed_riesz_dictionary,witness_nrmse,17.321074476520188,15.029630486828298,20.138455937266542,8
clean,0.12,g5_near_manifold,diffusion_gaussian_anchored,direct_coupled_samples,channel_readout_nrmse,0.7207627562759007,0.6494793131689494,0.8475853108371652,8
clean,0.12,g5_near_manifold,diffusion_gaussian_anchored,signed_classifier,channel_readout_nrmse,0.7839891489626774,0.6108150690829737,0.9517072416216317,8
clean,0.12,g5_near_manifold,diffusion_gaussian_anchored,signed_classifier,witness_nrmse,0.8789188032601922,0.8428366064123181,0.8912997828818692,8
clean,0.12,g5_near_manifold,diffusion_gaussian_anchored,signed_riesz_dictionary,channel_readout_nrmse,17.726940161409793,13.40185249336124,20.69504980694424,8
clean,0.12,g5_near_manifold,diffusion_gaussian_anchored,signed_riesz_dictionary,witness_nrmse,20.883083227643528,15.34513241716962,27.30586311315806,8
clean,0.12,g5_near_manifold,diffusion_legacy,direct_coupled_samples,channel_readout_nrmse,1.0197560686658886,1.0083753275635146,1.033153596265402,8
clean,0.12,g5_near_manifold,diffusion_legacy,signed_classifier,channel_readout_nrmse,1.0028011795134046,0.9906803593363398,1.0063245309708262,8
clean,0.12,g5_near_manifold,diffusion_legacy,signed_classifier,witness_nrmse,0.9996080836041172,0.9972946521421102,1.0013594700849886,8
clean,0.12,g5_near_manifold,diffusion_legacy,signed_riesz_dictionary,channel_readout_nrmse,38.34508581730918,30.95842959207267,48.91046438369358,8
clean,0.12,g5_near_manifold,diffusion_legacy,signed_riesz_dictionary,witness_nrmse,32.85313660594156,26.45900728239124,41.22639009030776,8
clean,0.12,g5_near_manifold,flow_matching,direct_coupled_samples,channel_readout_nrmse,0.6573417661098087,0.49369679668861366,0.737050950998287,8
clean,0.12,g5_near_manifold,flow_matching,signed_classifier,channel_readout_nrmse,0.6924794916422905,0.5792127689996961,0.7912187806410421,8
clean,0.12,g5_near_manifold,flow_matching,signed_classifier,witness_nrmse,0.8386454696311515,0.7938994071025327,0.8768625552469227,8
clean,0.12,g5_near_manifold,flow_matching,signed_riesz_dictionary,channel_readout_nrmse,10.181804360229993,9.602887020510007,11.800621096591406,8
clean,0.12,g5_near_manifold,flow_matching,signed_riesz_dictionary,witness_nrmse,16.38147500601263,14.347027204431026,20.42959563403353,8
clean,0.12,g5_near_manifold,flow_matching_gaussian_source,direct_coupled_samples,channel_readout_nrmse,0.7512880858421458,0.6427605406708329,1.0685829390984531,8
clean,0.12,g5_near_manifold,flow_matching_gaussian_source,signed_classifier,channel_readout_nrmse,0.6604450547556122,0.5850663049351635,0.7912241075039427,8
clean,0.12,g5_near_manifold,flow_matching_gaussian_source,signed_classifier,witness_nrmse,0.8598176807269508,0.8135074971579885,0.8696893625531229,8
clean,0.12,g5_near_manifold,flow_matching_gaussian_source,signed_riesz_dictionary,channel_readout_nrmse,13.807133190375017,10.43094579301992,16.226481448833336,8
clean,0.12,g5_near_manifold,flow_matching_gaussian_source,signed_riesz_dictionary,witness_nrmse,20.46798030241496,16.085729652141765,29.261877418647337,8
clean,0.12,g5_near_manifold,gaussian_dsm,central_model_log_ratio,channel_readout_nrmse,4.465303433813116,3.122501432975051,5.731372719262784,8
clean,0.12,g5_near_manifold,gaussian_dsm,central_model_log_ratio,witness_nrmse,3.7283964959922575,2.590439188725645,4.868364883484667,8
clean,0.12,g5_near_manifold,gaussian_dsm,direct_coupled_samples,channel_readout_nrmse,0.8234350307524654,0.7524424148115967,0.9170853695299579,8
clean,0.12,g5_near_manifold,gaussian_dsm,history_tangent_finite_target,channel_readout_nrmse,16.396217494098018,11.52406370839496,22.9720059354362,8
clean,0.12,g5_near_manifold,gaussian_dsm,history_tangent_finite_target,witness_nrmse,18.15596818031048,12.56919807635086,24.88139499743129,8
clean,0.12,g5_near_manifold,gaussian_dsm,signed_classifier,channel_readout_nrmse,1.4097980322336898,1.0090153968307136,2.111192995317939,8
clean,0.12,g5_near_manifold,gaussian_dsm,signed_classifier,witness_nrmse,1.0708127803592804,0.9467928930945935,1.4529773556446464,8
clean,0.12,g5_near_manifold,gaussian_dsm,signed_riesz_dictionary,channel_readout_nrmse,53.534033145829845,44.876326527091116,75.57240912157306,8
clean,0.12,g5_near_manifold,gaussian_dsm,signed_riesz_dictionary,witness_nrmse,53.082642610191755,39.1721417726149,61.90928831470985,8
clean,0.12,g5_near_manifold,gaussian_nll,central_model_log_ratio,channel_readout_nrmse,4.241797904870704,3.0350443854449165,5.225347418243295,8
clean,0.12,g5_near_manifold,gaussian_nll,central_model_log_ratio,witness_nrmse,3.7016847445696115,2.5870003825217966,4.801127606904939,8
clean,0.12,g5_near_manifold,gaussian_nll,direct_coupled_samples,channel_readout_nrmse,0.7926543419678216,0.7035395443631485,0.9117705569547893,8
clean,0.12,g5_near_manifold,gaussian_nll,history_tangent_finite_target,channel_readout_nrmse,18.962684993479826,13.225309120277885,23.581423217901524,8
clean,0.12,g5_near_manifold,gaussian_nll,history_tangent_finite_target,witness_nrmse,25.792789581027314,16.23937522928293,28.48403263285264,8
clean,0.12,g5_near_manifold,gaussian_nll,signed_classifier,channel_readout_nrmse,1.1111220487714184,0.8155541497195329,1.9226883808196875,8
clean,0.12,g5_near_manifold,gaussian_nll,signed_classifier,witness_nrmse,1.0338610658589666,0.9620412372051769,1.2946171113319043,8
clean,0.12,g5_near_manifold,gaussian_nll,signed_riesz_dictionary,channel_readout_nrmse,48.66591241250869,35.2497312333731,85.96832631792957,8
clean,0.12,g5_near_manifold,gaussian_nll,signed_riesz_dictionary,witness_nrmse,50.87784106975954,37.99466446947544,62.71661497735226,8
clean,0.12,g5_near_manifold,mean,direct_coupled_samples,channel_readout_nrmse,0.8798396449952679,0.8514321646901488,0.9347916324752092,8
clean,0.12,g5_near_manifold,mean,signed_classifier,channel_readout_nrmse,1.371418453646694,0.7180194783586269,1.9298889224342086,8
clean,0.12,g5_near_manifold,mean,signed_classifier,witness_nrmse,1.1526394991887163,0.9457933741804317,1.4187938535625975,8
clean,0.12,g5_near_manifold,mean,signed_riesz_dictionary,channel_readout_nrmse,64.36345187414929,51.49618201243293,82.08764005034503,8
clean,0.12,g5_near_manifold,mean,signed_riesz_dictionary,witness_nrmse,62.19907302986455,45.18763308833651,78.29703268010033,8
clean,0.12,g5_near_manifold,oracle_predictive_law,direct_coupled_samples,channel_readout_nrmse,0.3968008059492619,0.3850803296410625,0.45868954562254227,4
clean,0.12,g5_near_manifold,oracle_predictive_law,oracle_finite_witness,channel_readout_nrmse,0.25637925545758383,0.23519382093454996,0.2935108990675169,4
clean,0.12,g5_near_manifold,oracle_predictive_law,oracle_finite_witness,witness_nrmse,0.0,0.0,0.0,4
clean,0.12,g5_near_manifold,oracle_predictive_law,oracle_infinitesimal_tangent,channel_readout_nrmse,0.25535577748925187,0.2330279354024383,0.2961122156130302,4
clean,0.12,g5_near_manifold,oracle_predictive_law,oracle_infinitesimal_tangent,witness_nrmse,0.12737800554470785,0.05617457399591555,0.20221697869952135,4
clean,0.12,g5_near_manifold,oracle_predictive_law,signed_classifier,channel_readout_nrmse,0.5873499421529765,0.42256897929461934,0.7619164716097588,4
clean,0.12,g5_near_manifold,oracle_predictive_law,signed_classifier,witness_nrmse,0.8191321333675746,0.7951617119783487,0.8409911584930705,4
clean,0.12,g5_near_manifold,oracle_predictive_law,signed_riesz_dictionary,channel_readout_nrmse,1.418334456985725,1.1244853449727223,1.7780910999524506,4
clean,0.12,g5_near_manifold,oracle_predictive_law,signed_riesz_dictionary,witness_nrmse,3.3525265638870154,2.6121903711857097,4.515332099522645,4
clean,0.12,g5_near_manifold,ratio_critic,central_model_log_ratio,channel_readout_nrmse,0.4921784493125849,0.43493028817722124,0.8566273399265258,8
clean,0.12,g5_near_manifold,ratio_critic,central_model_log_ratio,witness_nrmse,0.6387203381376794,0.5584318028966968,0.671449971305053,8
clean,0.12,g5_near_manifold,ratio_critic,history_tangent_finite_target,channel_readout_nrmse,0.5739095966503076,0.47907366288275,0.9197230646224095,8
clean,0.12,g5_near_manifold,ratio_critic,history_tangent_finite_target,witness_nrmse,0.7477619379674771,0.585720639157758,0.8189693079135978,8
clean,0.12,g6_rough,affine_flow,central_model_log_ratio,channel_readout_nrmse,0.7198013259972051,0.5832768862405224,0.7675260619263196,8
clean,0.12,g6_rough,affine_flow,central_model_log_ratio,witness_nrmse,0.8144070982457874,0.7218070662752458,0.8698251632332205,8
clean,0.12,g6_rough,affine_flow,direct_coupled_samples,channel_readout_nrmse,0.66216537742367,0.6119464646753476,0.7403708494525871,8
clean,0.12,g6_rough,affine_flow,history_tangent_finite_target,channel_readout_nrmse,0.7255966494480428,0.5920466597157676,0.7748476861382532,8
clean,0.12,g6_rough,affine_flow,history_tangent_finite_target,witness_nrmse,0.819304260132844,0.7239940737152244,0.8733600803534083,8
clean,0.12,g6_rough,affine_flow,signed_classifier,channel_readout_nrmse,0.540039291796523,0.5142382145538937,0.6098662199201834,8
clean,0.12,g6_rough,affine_flow,signed_classifier,witness_nrmse,0.7093283168096994,0.6669960485220798,0.7437096870008437,8
clean,0.12,g6_rough,affine_flow,signed_riesz_dictionary,channel_readout_nrmse,23.232342629481167,18.04904497590133,23.936529662350924,8
clean,0.12,g6_rough,affine_flow,signed_riesz_dictionary,witness_nrmse,20.271762219673157,18.742497245760187,21.898638845980614,8
clean,0.12,g6_rough,autoregressive_mdn,central_model_log_ratio,channel_readout_nrmse,0.6768933628319631,0.6458577698994431,0.684549422360343,8
clean,0.12,g6_rough,autoregressive_mdn,central_model_log_ratio,witness_nrmse,0.8520217915741066,0.7513975996536728,0.8851318525592432,8
clean,0.12,g6_rough,autoregressive_mdn,direct_coupled_samples,channel_readout_nrmse,1.0015930862316176,0.8410165919968993,1.2462864073243471,8
clean,0.12,g6_rough,autoregressive_mdn,history_tangent_finite_target,channel_readout_nrmse,0.6801819404888467,0.6487321092663269,0.6902243754909657,8
clean,0.12,g6_rough,autoregressive_mdn,history_tangent_finite_target,witness_nrmse,0.8557296439161043,0.7564133786917063,0.88762027608187,8
clean,0.12,g6_rough,autoregressive_mdn,signed_classifier,channel_readout_nrmse,0.5731559393750315,0.5607484028437704,0.5924675252760566,8
clean,0.12,g6_rough,autoregressive_mdn,signed_classifier,witness_nrmse,0.7347191840074321,0.7009101485093323,0.7817959112383583,8
clean,0.12,g6_rough,autoregressive_mdn,signed_riesz_dictionary,channel_readout_nrmse,19.943977317834822,18.48980507285618,21.33764699489643,8
clean,0.12,g6_rough,autoregressive_mdn,signed_riesz_dictionary,witness_nrmse,20.44534939517336,19.118895682706196,24.737668429377834,8
clean,0.12,g6_rough,bounded_energy,direct_coupled_samples,channel_readout_nrmse,1.2065542672339857,1.0325305316927462,1.3404562831781457,8
clean,0.12,g6_rough,bounded_energy,history_tangent_finite_target,channel_readout_nrmse,0.6343811331946869,0.5356047946389082,0.6916345691720991,8
clean,0.12,g6_rough,bounded_energy,history_tangent_finite_target,witness_nrmse,0.7739679970434437,0.7091348670772437,0.7936356196485794,8
clean,0.12,g6_rough,bounded_energy,signed_classifier,channel_readout_nrmse,0.5672439632184005,0.5371988502973778,0.6109071176671695,8
clean,0.12,g6_rough,bounded_energy,signed_classifier,witness_nrmse,0.7036911518111343,0.6646695880868964,0.7529443176216971,8
clean,0.12,g6_rough,bounded_energy,signed_riesz_dictionary,channel_readout_nrmse,24.519955224815387,22.40098826212354,26.280094214255797,8
clean,0.12,g6_rough,bounded_energy,signed_riesz_dictionary,witness_nrmse,23.558714169342828,22.940837798354167,25.483573532286115,8
clean,0.12,g6_rough,diffusion_edm,direct_coupled_samples,channel_readout_nrmse,0.5522130996880645,0.518053597432454,0.5941121987544276,8
clean,0.12,g6_rough,diffusion_edm,signed_classifier,channel_readout_nrmse,0.5152185860048832,0.4690359480929215,0.5868931515801545,8
clean,0.12,g6_rough,diffusion_edm,signed_classifier,witness_nrmse,0.7115665501393644,0.6723824712971611,0.7451458919463807,8
clean,0.12,g6_rough,diffusion_edm,signed_riesz_dictionary,channel_readout_nrmse,19.467855186068896,18.579649498453353,22.076490624137794,8
clean,0.12,g6_rough,diffusion_edm,signed_riesz_dictionary,witness_nrmse,17.53806923781233,15.865802530891314,18.738627328974832,8
clean,0.12,g6_rough,diffusion_gaussian_anchored,direct_coupled_samples,channel_readout_nrmse,0.5375843325427128,0.45844755120610936,0.5734840276256786,8
clean,0.12,g6_rough,diffusion_gaussian_anchored,signed_classifier,channel_readout_nrmse,0.5788523817451692,0.4933441855050623,0.6906489196109928,8
clean,0.12,g6_rough,diffusion_gaussian_anchored,signed_classifier,witness_nrmse,0.7181064747028538,0.6691509222402644,0.7503287018099762,8
clean,0.12,g6_rough,diffusion_gaussian_anchored,signed_riesz_dictionary,channel_readout_nrmse,21.694088643609227,18.342236600658463,22.959736490126602,8
clean,0.12,g6_rough,diffusion_gaussian_anchored,signed_riesz_dictionary,witness_nrmse,21.43427595149692,20.568875019026315,23.050659733151345,8
clean,0.12,g6_rough,diffusion_legacy,direct_coupled_samples,channel_readout_nrmse,1.2982967489734425,1.2823743856709384,1.416473936212784,8
clean,0.12,g6_rough,diffusion_legacy,signed_classifier,channel_readout_nrmse,0.9916669907896318,0.9888434659563536,0.9998029108765243,8
clean,0.12,g6_rough,diffusion_legacy,signed_classifier,witness_nrmse,0.9995103419643999,0.9967457036564277,1.0010966997839674,8
clean,0.12,g6_rough,diffusion_legacy,signed_riesz_dictionary,channel_readout_nrmse,2.2105803996217257,2.0418431715948406,2.4771926600992127,8
clean,0.12,g6_rough,diffusion_legacy,signed_riesz_dictionary,witness_nrmse,2.98337660819183,2.6640863405445567,3.3032822975560325,8
clean,0.12,g6_rough,flow_matching,direct_coupled_samples,channel_readout_nrmse,0.47669615949299365,0.39951481116623166,0.5436216358297286,8
clean,0.12,g6_rough,flow_matching,signed_classifier,channel_readout_nrmse,0.5875150838666725,0.4876663833773244,0.6944829727109653,8
clean,0.12,g6_rough,flow_matching,signed_classifier,witness_nrmse,0.7256393213079859,0.6633483321243605,0.7510122877346694,8
clean,0.12,g6_rough,flow_matching,signed_riesz_dictionary,channel_readout_nrmse,20.38711697609955,18.942836541945994,24.83258695274757,8
clean,0.12,g6_rough,flow_matching,signed_riesz_dictionary,witness_nrmse,19.341582434846888,17.933984380126137,21.586850275817927,8
clean,0.12,g6_rough,flow_matching_gaussian_source,direct_coupled_samples,channel_readout_nrmse,0.607177030279478,0.5844154989998855,0.6484727058833594,8
clean,0.12,g6_rough,flow_matching_gaussian_source,signed_classifier,channel_readout_nrmse,0.6272089491990788,0.5658170247303124,0.7666879836139495,8
clean,0.12,g6_rough,flow_matching_gaussian_source,signed_classifier,witness_nrmse,0.7203680514337478,0.6767783749809382,0.7712036881882309,8
clean,0.12,g6_rough,flow_matching_gaussian_source,signed_riesz_dictionary,channel_readout_nrmse,24.220918308500735,21.107926335688266,25.837939800038146,8
clean,0.12,g6_rough,flow_matching_gaussian_source,signed_riesz_dictionary,witness_nrmse,22.158544945511345,20.35231216777789,23.788513840372644,8
clean,0.12,g6_rough,gaussian_dsm,central_model_log_ratio,channel_readout_nrmse,0.581695549005711,0.5616768729342092,0.6610782420624636,8
clean,0.12,g6_rough,gaussian_dsm,central_model_log_ratio,witness_nrmse,0.7402498391801045,0.7163392386573615,0.7928867013544098,8
clean,0.12,g6_rough,gaussian_dsm,direct_coupled_samples,channel_readout_nrmse,0.5723070486919857,0.4915764280489498,0.6470211371963656,8
clean,0.12,g6_rough,gaussian_dsm,history_tangent_finite_target,channel_readout_nrmse,0.5859537464593181,0.5658606052811304,0.6640382259023068,8
clean,0.12,g6_rough,gaussian_dsm,history_tangent_finite_target,witness_nrmse,0.7426771908917376,0.718595185674817,0.7934725133854336,8
clean,0.12,g6_rough,gaussian_dsm,signed_classifier,channel_readout_nrmse,0.5681538393630279,0.5153985617026529,0.6827327958832153,8
clean,0.12,g6_rough,gaussian_dsm,signed_classifier,witness_nrmse,0.7262913406691067,0.6766078997714614,0.7698240629503231,8
clean,0.12,g6_rough,gaussian_dsm,signed_riesz_dictionary,channel_readout_nrmse,20.89316662895856,19.13428754047316,22.51395270306218,8
clean,0.12,g6_rough,gaussian_dsm,signed_riesz_dictionary,witness_nrmse,20.34244829288751,19.16054230296597,21.36498982864395,8
clean,0.12,g6_rough,gaussian_nll,central_model_log_ratio,channel_readout_nrmse,0.6039105309834164,0.5645352011825946,0.6958975524604575,8
clean,0.12,g6_rough,gaussian_nll,central_model_log_ratio,witness_nrmse,0.76039541649326,0.6807972235598412,0.7758743723919096,8
clean,0.12,g6_rough,gaussian_nll,direct_coupled_samples,channel_readout_nrmse,0.5583143944525916,0.4825928572019463,0.6033990408058681,8
clean,0.12,g6_rough,gaussian_nll,history_tangent_finite_target,channel_readout_nrmse,0.6081118049008167,0.5678693413890141,0.7020252437031946,8
clean,0.12,g6_rough,gaussian_nll,history_tangent_finite_target,witness_nrmse,0.7615557627668401,0.6837553698071599,0.779686524024549,8
clean,0.12,g6_rough,gaussian_nll,signed_classifier,channel_readout_nrmse,0.561103778069461,0.5062304743618219,0.6116911497079207,8
clean,0.12,g6_rough,gaussian_nll,signed_classifier,witness_nrmse,0.7164631130124526,0.6711153929763447,0.7491263150074627,8
clean,0.12,g6_rough,gaussian_nll,signed_riesz_dictionary,channel_readout_nrmse,23.159319751439902,20.262749553679825,23.670494433842936,8
clean,0.12,g6_rough,gaussian_nll,signed_riesz_dictionary,witness_nrmse,21.674758472247802,20.84599343747394,21.973405370922478,8
clean,0.12,g6_rough,mean,direct_coupled_samples,channel_readout_nrmse,0.4981335386398481,0.45684844919912226,0.5421862996738224,8
clean,0.12,g6_rough,mean,signed_classifier,channel_readout_nrmse,0.5542605039785964,0.4995914346104928,0.6176691567938599,8
clean,0.12,g6_rough,mean,signed_classifier,witness_nrmse,0.7195995545260011,0.67130325780945,0.7416476743815498,8
clean,0.12,g6_rough,mean,signed_riesz_dictionary,channel_readout_nrmse,21.467973906614628,18.80912603067423,22.437592348683623,8
clean,0.12,g6_rough,mean,signed_riesz_dictionary,witness_nrmse,20.682780048692017,20.10548074996995,21.380347253253266,8
clean,0.12,g6_rough,oracle_predictive_law,direct_coupled_samples,channel_readout_nrmse,0.22679656586155345,0.20192133872849033,0.25498307920341645,4
clean,0.12,g6_rough,oracle_predictive_law,oracle_finite_witness,channel_readout_nrmse,0.5174653202638388,0.5142909002600646,0.537378536057115,4
clean,0.12,g6_rough,oracle_predictive_law,oracle_finite_witness,witness_nrmse,0.0,0.0,0.0,4
clean,0.12,g6_rough,oracle_predictive_law,oracle_infinitesimal_tangent,channel_readout_nrmse,0.6278540137502818,0.5972017018842797,0.6565717518552178,4
clean,0.12,g6_rough,oracle_predictive_law,oracle_infinitesimal_tangent,witness_nrmse,0.2665071716237081,0.24982029229816277,0.27123518472195013,4
clean,0.12,g6_rough,oracle_predictive_law,signed_classifier,channel_readout_nrmse,0.5582868302089632,0.5183578824765398,0.5728913947491185,4
clean,0.12,g6_rough,oracle_predictive_law,signed_classifier,witness_nrmse,0.7129441797965201,0.6803453245309703,0.7269583326133611,4
clean,0.12,g6_rough,oracle_predictive_law,signed_riesz_dictionary,channel_readout_nrmse,21.35937920150575,20.93348153117787,22.754735913420973,4
clean,0.12,g6_rough,oracle_predictive_law,signed_riesz_dictionary,witness_nrmse,23.92321588269931,23.18703614312032,25.164701969853546,4
clean,0.12,g6_rough,ratio_critic,central_model_log_ratio,channel_readout_nrmse,0.5758301245882077,0.5195244972736791,0.6143737278723771,8
clean,0.12,g6_rough,ratio_critic,central_model_log_ratio,witness_nrmse,0.7236499173906663,0.6630707214612022,0.7515117977493926,8
clean,0.12,g6_rough,ratio_critic,history_tangent_finite_target,channel_readout_nrmse,0.5796466432195795,0.5213556482545018,0.6174989319987794,8
clean,0.12,g6_rough,ratio_critic,history_tangent_finite_target,witness_nrmse,0.7250806785396662,0.6646235621303401,0.7518912287083321,8
clean,0.12,g7_support,affine_flow,central_model_log_ratio,channel_readout_nrmse,0.9744874442806373,0.6889375336389639,1.1237011156421093,8
clean,0.12,g7_support,affine_flow,central_model_log_ratio,witness_nrmse,2.657271095799674,1.5408393344708804,3.8287589367638617,8
clean,0.12,g7_support,affine_flow,direct_coupled_samples,channel_readout_nrmse,0.7505573571937221,0.5890614122658626,1.0031445142402702,8
clean,0.12,g7_support,affine_flow,history_tangent_finite_target,channel_readout_nrmse,0.9895601463009764,0.6999194800730953,1.1271404603131905,8
clean,0.12,g7_support,affine_flow,history_tangent_finite_target,witness_nrmse,2.7011812772330743,1.6081378176862207,3.857085923012149,8
clean,0.12,g7_support,affine_flow,signed_classifier,channel_readout_nrmse,0.7046973430645769,0.5014204662117698,0.8910401302080306,8
clean,0.12,g7_support,affine_flow,signed_classifier,witness_nrmse,0.7510656938908257,0.5444611877165005,0.9752986416695812,8
clean,0.12,g7_support,affine_flow,signed_riesz_dictionary,channel_readout_nrmse,2.546570100908209,1.8606084153001818,2.8108155080895645,8
clean,0.12,g7_support,affine_flow,signed_riesz_dictionary,witness_nrmse,8.425529799180637,6.239776898529993,12.960497858977366,8
clean,0.12,g7_support,autoregressive_mdn,central_model_log_ratio,channel_readout_nrmse,0.8241600137120928,0.6180297088351535,1.0517927965461453,8
clean,0.12,g7_support,autoregressive_mdn,central_model_log_ratio,witness_nrmse,2.9746401838565832,1.317096148646428,4.829612687482481,8
clean,0.12,g7_support,autoregressive_mdn,direct_coupled_samples,channel_readout_nrmse,1.0715584096377906,0.8371132613729695,2.1425797602302197,8
clean,0.12,g7_support,autoregressive_mdn,history_tangent_finite_target,channel_readout_nrmse,0.8299514601209894,0.6240879990538397,1.0552052088852162,8
clean,0.12,g7_support,autoregressive_mdn,history_tangent_finite_target,witness_nrmse,3.0065645966307795,1.34049643142751,4.876606898319862,8
clean,0.12,g7_support,autoregressive_mdn,signed_classifier,channel_readout_nrmse,0.8579827509642368,0.6173361690450485,0.9986159771483445,8
clean,0.12,g7_support,autoregressive_mdn,signed_classifier,witness_nrmse,0.8702245532821096,0.7382210731951857,0.9970972461645936,8
clean,0.12,g7_support,autoregressive_mdn,signed_riesz_dictionary,channel_readout_nrmse,4.41982939671547,2.8180005291206176,7.566881058068881,8
clean,0.12,g7_support,autoregressive_mdn,signed_riesz_dictionary,witness_nrmse,25.16970939989527,10.906459253477129,42.66847910990512,8
clean,0.12,g7_support,bounded_energy,direct_coupled_samples,channel_readout_nrmse,2.146401726103888,1.8258945374543558,2.9169679661553323,8
clean,0.12,g7_support,bounded_energy,history_tangent_finite_target,channel_readout_nrmse,2.1973260330471116,1.3152817077275027,2.428784557323861,8
clean,0.12,g7_support,bounded_energy,history_tangent_finite_target,witness_nrmse,2.6986259186971493,2.5067252556301205,3.116720478844589,8
clean,0.12,g7_support,bounded_energy,signed_classifier,channel_readout_nrmse,1.435501539142554,1.0567443339919782,1.572906118800161,8
clean,0.12,g7_support,bounded_energy,signed_classifier,witness_nrmse,1.420142227572637,1.2009673732121278,1.5148716504009143,8
clean,0.12,g7_support,bounded_energy,signed_riesz_dictionary,channel_readout_nrmse,6.540400484668766,5.104718880069975,11.744419226437707,8
clean,0.12,g7_support,bounded_energy,signed_riesz_dictionary,witness_nrmse,31.6858798962758,15.83753721977283,55.70920659304877,8
clean,0.12,g7_support,diffusion_edm,direct_coupled_samples,channel_readout_nrmse,0.7145693741635402,0.5046547735868719,0.8966315315653528,8
clean,0.12,g7_support,diffusion_edm,signed_classifier,channel_readout_nrmse,0.679658129702263,0.5590298932228009,0.9202083649314297,8
clean,0.12,g7_support,diffusion_edm,signed_classifier,witness_nrmse,0.6977287383798958,0.6293982127495465,0.92280812704544,8
clean,0.12,g7_support,diffusion_edm,signed_riesz_dictionary,channel_readout_nrmse,1.1611097444441962,1.0165718806727746,1.5687961558893975,8
clean,0.12,g7_support,diffusion_edm,signed_riesz_dictionary,witness_nrmse,4.297432480924973,3.7572130873879073,4.850251804722697,8
clean,0.12,g7_support,diffusion_gaussian_anchored,direct_coupled_samples,channel_readout_nrmse,0.735660395250026,0.6191335515684209,1.0148595061676235,8
clean,0.12,g7_support,diffusion_gaussian_anchored,signed_classifier,channel_readout_nrmse,0.6969599885249504,0.5498027078790777,0.8053578273577988,8
clean,0.12,g7_support,diffusion_gaussian_anchored,signed_classifier,witness_nrmse,0.7763784160131431,0.6488428457275993,1.0308014512210422,8
clean,0.12,g7_support,diffusion_gaussian_anchored,signed_riesz_dictionary,channel_readout_nrmse,3.218699655432115,2.688263317375614,3.369754890640384,8
clean,0.12,g7_support,diffusion_gaussian_anchored,signed_riesz_dictionary,witness_nrmse,10.253876698282827,6.9700595926142945,13.455538253232302,8
clean,0.12,g7_support,diffusion_legacy,direct_coupled_samples,channel_readout_nrmse,1.0865928926495023,1.038161999907493,1.0975327000717519,8
clean,0.12,g7_support,diffusion_legacy,signed_classifier,channel_readout_nrmse,1.0155983106688113,1.00416046578834,1.0240532380229255,8
clean,0.12,g7_support,diffusion_legacy,signed_classifier,witness_nrmse,1.0280844758475838,1.010371246931977,1.0589280902288631,8
clean,0.12,g7_support,diffusion_legacy,signed_riesz_dictionary,channel_readout_nrmse,0.9890830522485138,0.9821555385690172,0.9949424854675156,8
clean,0.12,g7_support,diffusion_legacy,signed_riesz_dictionary,witness_nrmse,0.9867494424876082,0.9828288280589803,0.9890978231205827,8
clean,0.12,g7_support,flow_matching,direct_coupled_samples,channel_readout_nrmse,0.6556438665394011,0.5419781165525437,0.9330053646514687,8
clean,0.12,g7_support,flow_matching,signed_classifier,channel_readout_nrmse,0.6617281585263436,0.5521284707805797,0.8668015515924666,8
clean,0.12,g7_support,flow_matching,signed_classifier,witness_nrmse,0.8384951147993065,0.5299917656283156,0.9901912749020663,8
clean,0.12,g7_support,flow_matching,signed_riesz_dictionary,channel_readout_nrmse,2.238532417170732,2.0391377118539213,2.420899519720831,8
clean,0.12,g7_support,flow_matching,signed_riesz_dictionary,witness_nrmse,5.629771424569489,4.953868620941768,6.149213339621312,8
clean,0.12,g7_support,flow_matching_gaussian_source,direct_coupled_samples,channel_readout_nrmse,0.850325065498729,0.6447162554320494,0.9877242596073537,8
clean,0.12,g7_support,flow_matching_gaussian_source,signed_classifier,channel_readout_nrmse,0.7513143386914969,0.5517222839826128,0.8480503727729659,8
clean,0.12,g7_support,flow_matching_gaussian_source,signed_classifier,witness_nrmse,0.783059545064808,0.6215624115462188,1.1717448251469214,8
clean,0.12,g7_support,flow_matching_gaussian_source,signed_riesz_dictionary,channel_readout_nrmse,2.814289817967616,2.2988459898801175,3.2080504770296705,8
clean,0.12,g7_support,flow_matching_gaussian_source,signed_riesz_dictionary,witness_nrmse,10.435820801939295,6.9827568870358405,15.055552363147672,8
clean,0.12,g7_support,gaussian_dsm,central_model_log_ratio,channel_readout_nrmse,2.140485606885493,1.4386861233085595,2.4992265569023755,8
clean,0.12,g7_support,gaussian_dsm,central_model_log_ratio,witness_nrmse,2.7138551085429268,2.4894359196515587,3.051295147756571,8
clean,0.12,g7_support,gaussian_dsm,direct_coupled_samples,channel_readout_nrmse,0.9153118743970168,0.7606598130988564,1.1314246743500995,8
clean,0.12,g7_support,gaussian_dsm,history_tangent_finite_target,channel_readout_nrmse,2.1722931436549917,1.4420341576988398,2.583159744417666,8
clean,0.12,g7_support,gaussian_dsm,history_tangent_finite_target,witness_nrmse,2.793412770470084,2.5853319955429797,3.062227587161361,8
clean,0.12,g7_support,gaussian_dsm,signed_classifier,channel_readout_nrmse,1.447809485711641,1.1029883516806447,1.6093752688076233,8
clean,0.12,g7_support,gaussian_dsm,signed_classifier,witness_nrmse,1.2987747354261323,1.1817630089605142,1.5060650052942026,8
clean,0.12,g7_support,gaussian_dsm,signed_riesz_dictionary,channel_readout_nrmse,6.8507290494237285,4.249123212486227,7.263309603024088,8
clean,0.12,g7_support,gaussian_dsm,signed_riesz_dictionary,witness_nrmse,12.22361184593002,10.081779006633848,14.312294000895026,8
clean,0.12,g7_support,gaussian_nll,central_model_log_ratio,channel_readout_nrmse,2.1305334484039014,1.2892417025897682,2.7294470223494542,8
clean,0.12,g7_support,gaussian_nll,central_model_log_ratio,witness_nrmse,2.5486088065295296,2.3848148368766267,2.966185413041897,8
clean,0.12,g7_support,gaussian_nll,direct_coupled_samples,channel_readout_nrmse,0.8454858465901991,0.724700147549949,0.981967753395997,8
clean,0.12,g7_support,gaussian_nll,history_tangent_finite_target,channel_readout_nrmse,2.164524730365123,1.2938961099661035,2.840354704778788,8
clean,0.12,g7_support,gaussian_nll,history_tangent_finite_target,witness_nrmse,2.723299126086177,2.50074514816771,2.9978831490884827,8
clean,0.12,g7_support,gaussian_nll,signed_classifier,channel_readout_nrmse,1.3980042660602527,1.1309322140481524,1.4918876563419743,8
clean,0.12,g7_support,gaussian_nll,signed_classifier,witness_nrmse,1.2629547416927767,1.038428053800386,1.4022777360333962,8
clean,0.12,g7_support,gaussian_nll,signed_riesz_dictionary,channel_readout_nrmse,5.947927308409135,3.395877145128373,6.5826380157772295,8
clean,0.12,g7_support,gaussian_nll,signed_riesz_dictionary,witness_nrmse,11.443827991204945,9.229783933012706,13.4945757424616,8
clean,0.12,g7_support,mean,direct_coupled_samples,channel_readout_nrmse,0.8433999002953049,0.7491757439578617,0.9211776960352771,8
clean,0.12,g7_support,mean,signed_classifier,channel_readout_nrmse,1.2521776250902903,1.0127775773958627,1.509872754058495,8
clean,0.12,g7_support,mean,signed_classifier,witness_nrmse,1.1768501746889726,1.109380116373639,1.2470300415813438,8
clean,0.12,g7_support,mean,signed_riesz_dictionary,channel_readout_nrmse,4.967971354116121,3.6263301980189215,5.65118652445757,8
clean,0.12,g7_support,mean,signed_riesz_dictionary,witness_nrmse,9.075409694969327,8.777102120251113,10.626685523328819,8
clean,0.12,g7_support,oracle_predictive_law,direct_coupled_samples,channel_readout_nrmse,0.7307390405040954,0.6180577065168164,0.8916038956119708,4
clean,0.12,g7_support,oracle_predictive_law,oracle_finite_witness,channel_readout_nrmse,0.6002772075573133,0.4905363526411438,0.752804339592679,4
clean,0.12,g7_support,oracle_predictive_law,oracle_finite_witness,witness_nrmse,0.0,0.0,0.0,4
clean,0.12,g7_support,oracle_predictive_law,oracle_infinitesimal_tangent,channel_readout_nrmse,0.6006254608844943,0.49109187906128354,0.7527954636512872,4
clean,0.12,g7_support,oracle_predictive_law,oracle_infinitesimal_tangent,witness_nrmse,0.00118637822825855,0.00013651977576782502,0.00224329721087255,4
clean,0.12,g7_support,oracle_predictive_law,signed_classifier,channel_readout_nrmse,0.6877909114811677,0.5478074552591155,0.8335461234115955,4
clean,0.12,g7_support,oracle_predictive_law,signed_classifier,witness_nrmse,0.7297598129821588,0.5593294702133776,0.9295938691143973,4
clean,0.12,g7_support,oracle_predictive_law,signed_riesz_dictionary,channel_readout_nrmse,1.7045500964444409,1.4693569076846242,1.9575220276202525,4
clean,0.12,g7_support,oracle_predictive_law,signed_riesz_dictionary,witness_nrmse,9.546869832633448,7.513680209381728,11.487160019875843,4
clean,0.12,g7_support,ratio_critic,central_model_log_ratio,channel_readout_nrmse,0.686531936465627,0.5021785793726729,0.9093314294817925,8
clean,0.12,g7_support,ratio_critic,central_model_log_ratio,witness_nrmse,0.881425905677333,0.4468661469766742,1.3736768005148752,8
clean,0.12,g7_support,ratio_critic,history_tangent_finite_target,channel_readout_nrmse,0.6872067421599363,0.5022068665614172,0.909564873577579,8
clean,0.12,g7_support,ratio_critic,history_tangent_finite_target,witness_nrmse,0.8830145255215542,0.4478139447611489,1.3754616259438115,8
clean,0.12,g8_functional_shape,affine_flow,central_model_log_ratio,channel_readout_nrmse,1.0292728159481412,1.022562044958101,1.0456811206900505,8
clean,0.12,g8_functional_shape,affine_flow,central_model_log_ratio,witness_nrmse,1.1953352909253971,1.1719870837955448,1.235248109899075,8
clean,0.12,g8_functional_shape,affine_flow,direct_coupled_samples,channel_readout_nrmse,1.002131425107744,0.9986647005990426,1.0078409012888758,8
clean,0.12,g8_functional_shape,affine_flow,history_tangent_finite_target,channel_readout_nrmse,1.0296687378754132,1.0225966881984876,1.0463567084825884,8
clean,0.12,g8_functional_shape,affine_flow,history_tangent_finite_target,witness_nrmse,1.2015040697771844,1.1736287886771137,1.240468200968641,8
clean,0.12,g8_functional_shape,affine_flow,signed_classifier,channel_readout_nrmse,1.0015670141115343,0.9925531886389796,1.0072316456734132,8
clean,0.12,g8_functional_shape,affine_flow,signed_classifier,witness_nrmse,1.0088891374314053,1.0068073706929674,1.0135510849842169,8
clean,0.12,g8_functional_shape,affine_flow,signed_riesz_dictionary,channel_readout_nrmse,11.763137476825904,10.602437632664902,13.845680581772957,8
clean,0.12,g8_functional_shape,affine_flow,signed_riesz_dictionary,witness_nrmse,35.77185933028127,35.10587799626657,39.88272288385259,8
clean,0.12,g8_functional_shape,autoregressive_mdn,central_model_log_ratio,channel_readout_nrmse,1.0786432813455815,1.0495790584433742,1.1004872072727716,8
clean,0.12,g8_functional_shape,autoregressive_mdn,central_model_log_ratio,witness_nrmse,1.6758465618831786,1.60755213756105,1.7028244251255276,8
clean,0.12,g8_functional_shape,autoregressive_mdn,direct_coupled_samples,channel_readout_nrmse,1.057602044176328,1.00928566593544,1.080977840108939,8
clean,0.12,g8_functional_shape,autoregressive_mdn,history_tangent_finite_target,channel_readout_nrmse,1.0832617402622648,1.0502512326706548,1.101738576634553,8
clean,0.12,g8_functional_shape,autoregressive_mdn,history_tangent_finite_target,witness_nrmse,1.6878189785156241,1.6193547323176105,1.7184042568833402,8
clean,0.12,g8_functional_shape,autoregressive_mdn,signed_classifier,channel_readout_nrmse,1.0039456977304682,1.0000126379236152,1.0199494690472655,8
clean,0.12,g8_functional_shape,autoregressive_mdn,signed_classifier,witness_nrmse,1.0283388751250548,1.0000567498775954,1.0468435777042784,8
clean,0.12,g8_functional_shape,autoregressive_mdn,signed_riesz_dictionary,channel_readout_nrmse,11.90858969005373,10.476276060927216,15.899705892726905,8
clean,0.12,g8_functional_shape,autoregressive_mdn,signed_riesz_dictionary,witness_nrmse,48.17714573021168,46.92845143781225,49.348460258319456,8
clean,0.12,g8_functional_shape,autoregressive_transformer,central_model_log_ratio,channel_readout_nrmse,1.0063458815864728,0.9965115333285671,1.0292988614169558,8
clean,0.12,g8_functional_shape,autoregressive_transformer,central_model_log_ratio,witness_nrmse,1.1088287706123179,1.0570488695319542,1.1140260896551621,8
clean,0.12,g8_functional_shape,autoregressive_transformer,direct_coupled_samples,channel_readout_nrmse,1.0180798043213404,1.0107530102042246,1.0310877891666115,8
clean,0.12,g8_functional_shape,autoregressive_transformer,history_tangent_finite_target,channel_readout_nrmse,1.0063504585934904,0.9965190927185068,1.0293703498777689,8
clean,0.12,g8_functional_shape,autoregressive_transformer,history_tangent_finite_target,witness_nrmse,1.109162400693395,1.0572058648850429,1.11455482903,8
clean,0.12,g8_functional_shape,autoregressive_transformer,signed_classifier,channel_readout_nrmse,1.0073303839002579,0.9991785625600715,1.0144982620332728,8
clean,0.12,g8_functional_shape,autoregressive_transformer,signed_classifier,witness_nrmse,1.0124324380405978,1.011068278242709,1.0197477731560753,8
clean,0.12,g8_functional_shape,autoregressive_transformer,signed_riesz_dictionary,channel_readout_nrmse,10.45180418993694,9.41545019066804,13.00461237139761,8
clean,0.12,g8_functional_shape,autoregressive_transformer,signed_riesz_dictionary,witness_nrmse,38.423774535157136,36.19497920524917,40.836423992357155,8
clean,0.12,g8_functional_shape,bounded_energy,direct_coupled_samples,channel_readout_nrmse,1.0667106528336088,1.0632329057724557,1.1324829179262546,8
clean,0.12,g8_functional_shape,bounded_energy,history_tangent_finite_target,channel_readout_nrmse,1.0368271832896103,1.007219709417124,1.1230373278804693,8
clean,0.12,g8_functional_shape,bounded_energy,history_tangent_finite_target,witness_nrmse,1.1374086230946632,1.1057508086356977,1.1736206683250643,8
clean,0.12,g8_functional_shape,bounded_energy,signed_classifier,channel_readout_nrmse,1.0118738358176584,1.0046296359767213,1.023030998225385,8
clean,0.12,g8_functional_shape,bounded_energy,signed_classifier,witness_nrmse,1.0243264063164872,1.0173399706379085,1.0298397264297672,8
clean,0.12,g8_functional_shape,bounded_energy,signed_riesz_dictionary,channel_readout_nrmse,56.256394591179415,48.247068719787535,81.62748411207676,8
clean,0.12,g8_functional_shape,bounded_energy,signed_riesz_dictionary,witness_nrmse,102.90121898683012,91.88415040295094,116.95644964053486,8
clean,0.12,g8_functional_shape,diffusion_edm,direct_coupled_samples,channel_readout_nrmse,1.0006734021339354,0.9968521835093129,1.0043414776395925,8
clean,0.12,g8_functional_shape,diffusion_edm,signed_classifier,channel_readout_nrmse,1.0043249893200832,1.000169556125666,1.0090316296202964,8
clean,0.12,g8_functional_shape,diffusion_edm,signed_classifier,witness_nrmse,1.0070609546492015,1.0035599196827207,1.0097049665111397,8
clean,0.12,g8_functional_shape,diffusion_edm,signed_riesz_dictionary,channel_readout_nrmse,7.650540004787835,6.608049785772039,9.086280621591134,8
clean,0.12,g8_functional_shape,diffusion_edm,signed_riesz_dictionary,witness_nrmse,17.811978302500062,16.11132870765675,20.09276478992639,8
clean,0.12,g8_functional_shape,diffusion_gaussian_anchored,direct_coupled_samples,channel_readout_nrmse,0.9920340033443802,0.9848160287875931,0.9987492153685713,8
clean,0.12,g8_functional_shape,diffusion_gaussian_anchored,signed_classifier,channel_readout_nrmse,0.9986947378630339,0.993483751304223,1.0053807792398777,8
clean,0.12,g8_functional_shape,diffusion_gaussian_anchored,signed_classifier,witness_nrmse,1.0111925972159852,1.0071079974291555,1.0160926705604536,8
clean,0.12,g8_functional_shape,diffusion_gaussian_anchored,signed_riesz_dictionary,channel_readout_nrmse,14.690674034260603,12.592400491190805,20.111987957207873,8
clean,0.12,g8_functional_shape,diffusion_gaussian_anchored,signed_riesz_dictionary,witness_nrmse,55.3199060041685,39.846680505900196,57.24394677770628,8
clean,0.12,g8_functional_shape,diffusion_legacy,direct_coupled_samples,channel_readout_nrmse,0.9995063079482428,0.9969045933258556,1.001187373278347,8
clean,0.12,g8_functional_shape,diffusion_legacy,signed_classifier,channel_readout_nrmse,1.0013162556399309,1.000710075544912,1.0021175599071284,8
clean,0.12,g8_functional_shape,diffusion_legacy,signed_classifier,witness_nrmse,1.0028165082658225,1.001759028399912,1.005380210336999,8
clean,0.12,g8_functional_shape,diffusion_legacy,signed_riesz_dictionary,channel_readout_nrmse,8.353862490484914,6.7851467580090485,13.95827222229336,8
clean,0.12,g8_functional_shape,diffusion_legacy,signed_riesz_dictionary,witness_nrmse,22.15146478370557,18.10409408643311,34.882803646678155,8
clean,0.12,g8_functional_shape,flow_matching,direct_coupled_samples,channel_readout_nrmse,0.9977868713711766,0.9943699710555782,1.0014423582427365,8
clean,0.12,g8_functional_shape,flow_matching,signed_classifier,channel_readout_nrmse,1.0049234405235206,0.9996307959882342,1.008851983243035,8
clean,0.12,g8_functional_shape,flow_matching,signed_classifier,witness_nrmse,1.0072976790816832,1.0052786197337458,1.0091616745265175,8
clean,0.12,g8_functional_shape,flow_matching,signed_riesz_dictionary,channel_readout_nrmse,5.046774574685454,3.9355022414667453,5.762730284279494,8
clean,0.12,g8_functional_shape,flow_matching,signed_riesz_dictionary,witness_nrmse,15.503074434433856,14.20385737075501,16.23998882963032,8
clean,0.12,g8_functional_shape,flow_matching_gaussian_source,direct_coupled_samples,channel_readout_nrmse,0.988235696081609,0.9828346155955668,0.9965240945556015,8
clean,0.12,g8_functional_shape,flow_matching_gaussian_source,signed_classifier,channel_readout_nrmse,1.0000847851137304,0.9938306012660199,1.0103344327282249,8
clean,0.12,g8_functional_shape,flow_matching_gaussian_source,signed_classifier,witness_nrmse,1.0083202822423356,1.004897175383879,1.0129029279425303,8
clean,0.12,g8_functional_shape,flow_matching_gaussian_source,signed_riesz_dictionary,channel_readout_nrmse,11.93217306785145,9.275268418975777,16.47746757682074,8
clean,0.12,g8_functional_shape,flow_matching_gaussian_source,signed_riesz_dictionary,witness_nrmse,39.41074304855252,30.38260540822496,42.797123300278855,8
clean,0.12,g8_functional_shape,gaussian_dsm,central_model_log_ratio,channel_readout_nrmse,1.0294128999499677,1.0119314973493045,1.0786228043214554,8
clean,0.12,g8_functional_shape,gaussian_dsm,central_model_log_ratio,witness_nrmse,1.0825578943536993,1.0762069821500408,1.1009693625009478,8
clean,0.12,g8_functional_shape,gaussian_dsm,direct_coupled_samples,channel_readout_nrmse,1.0030987391592832,0.998188165018966,1.0056606306547413,8
clean,0.12,g8_functional_shape,gaussian_dsm,history_tangent_finite_target,channel_readout_nrmse,1.0294503336445011,1.0119502124298767,1.0787264416979871,8
clean,0.12,g8_functional_shape,gaussian_dsm,history_tangent_finite_target,witness_nrmse,1.0827153531490565,1.0763419319920906,1.101157734321074,8
clean,0.12,g8_functional_shape,gaussian_dsm,signed_classifier,channel_readout_nrmse,1.0123604965609387,0.9958319940245797,1.0230172301508405,8
clean,0.12,g8_functional_shape,gaussian_dsm,signed_classifier,witness_nrmse,1.0197466638822126,1.0092740018656938,1.027739508002342,8
clean,0.12,g8_functional_shape,gaussian_dsm,signed_riesz_dictionary,channel_readout_nrmse,53.33294750483674,45.984697363091904,61.45778915884462,8
clean,0.12,g8_functional_shape,gaussian_dsm,signed_riesz_dictionary,witness_nrmse,96.31266692423617,93.66409197982694,101.09430022390326,8
clean,0.12,g8_functional_shape,gaussian_nll,central_model_log_ratio,channel_readout_nrmse,1.0362997486728798,1.0074788710250735,1.1089836824495016,8
clean,0.12,g8_functional_shape,gaussian_nll,central_model_log_ratio,witness_nrmse,1.121263594214922,1.101324404579278,1.1650724848455405,8
clean,0.12,g8_functional_shape,gaussian_nll,direct_coupled_samples,channel_readout_nrmse,0.9980437461252254,0.9954841952575675,0.9990253146416105,8
clean,0.12,g8_functional_shape,gaussian_nll,history_tangent_finite_target,channel_readout_nrmse,1.0364110239258446,1.0075045695939384,1.1092417339907064,8
clean,0.12,g8_functional_shape,gaussian_nll,history_tangent_finite_target,witness_nrmse,1.1216068436760198,1.1015247095865623,1.165765054741798,8
clean,0.12,g8_functional_shape,gaussian_nll,signed_classifier,channel_readout_nrmse,1.0208142120362917,1.007965592247407,1.034050052477248,8
clean,0.12,g8_functional_shape,gaussian_nll,signed_classifier,witness_nrmse,1.0213299599445418,1.0172821981216682,1.0219676719067872,8
clean,0.12,g8_functional_shape,gaussian_nll,signed_riesz_dictionary,channel_readout_nrmse,63.54595684513436,45.221390812047964,87.36415410345032,8
clean,0.12,g8_functional_shape,gaussian_nll,signed_riesz_dictionary,witness_nrmse,113.91998389491066,97.46250823288565,124.6272737888753,8
clean,0.12,g8_functional_shape,mean,direct_coupled_samples,channel_readout_nrmse,0.9978705892952751,0.994885616420027,0.998391232891775,8
clean,0.12,g8_functional_shape,mean,signed_classifier,channel_readout_nrmse,1.0157429487825929,1.002084960871797,1.0237448958422977,8
clean,0.12,g8_functional_shape,mean,signed_classifier,witness_nrmse,1.0238106246393441,1.020200409284438,1.0318530372968244,8
clean,0.12,g8_functional_shape,mean,signed_riesz_dictionary,channel_readout_nrmse,72.08819436676056,55.57765568558226,90.70708490718224,8
clean,0.12,g8_functional_shape,mean,signed_riesz_dictionary,witness_nrmse,130.89545532739254,113.98587522072032,138.69555746048974,8
clean,0.12,g8_functional_shape,oracle_predictive_law,direct_coupled_samples,channel_readout_nrmse,1.236758823163672,1.1768590702169048,1.292011180316996,4
clean,0.12,g8_functional_shape,oracle_predictive_law,oracle_finite_witness,channel_readout_nrmse,0.9805671889986264,0.9777146346362839,0.987517286230775,4
clean,0.12,g8_functional_shape,oracle_predictive_law,oracle_finite_witness,witness_nrmse,0.0,0.0,0.0,4
clean,0.12,g8_functional_shape,oracle_predictive_law,oracle_infinitesimal_tangent,channel_readout_nrmse,0.980555048571158,0.9777319422536279,0.9874728692243674,4
clean,0.12,g8_functional_shape,oracle_predictive_law,oracle_infinitesimal_tangent,witness_nrmse,0.00316260080042205,0.0029885489132018004,0.003299909834853675,4
clean,0.12,g8_functional_shape,oracle_predictive_law,signed_classifier,channel_readout_nrmse,1.000134807131895,0.9997057509263114,1.007289981769124,4
clean,0.12,g8_functional_shape,oracle_predictive_law,signed_classifier,witness_nrmse,1.0175323846728896,0.9998379435313286,1.037511396178461,4
clean,0.12,g8_functional_shape,oracle_predictive_law,signed_riesz_dictionary,channel_readout_nrmse,3.859877121559361,3.2901813605126473,4.272755276009838,4
clean,0.12,g8_functional_shape,oracle_predictive_law,signed_riesz_dictionary,witness_nrmse,18.727709189196766,18.188859602338443,19.28637274957142,4
clean,0.12,g8_functional_shape,ratio_critic,central_model_log_ratio,channel_readout_nrmse,1.0066752671039485,1.0040652419392853,1.0100183883046228,8
clean,0.12,g8_functional_shape,ratio_critic,central_model_log_ratio,witness_nrmse,1.0902253120920973,1.0729391115838653,1.1073763488617425,8
clean,0.12,g8_functional_shape,ratio_critic,history_tangent_finite_target,channel_readout_nrmse,1.0066971123988433,1.0040679336094165,1.010027061548373,8
clean,0.12,g8_functional_shape,ratio_critic,history_tangent_finite_target,witness_nrmse,1.090414240027087,1.0730328733294952,1.107514549653918,8
noisy,0.12,g1_location,affine_flow,direct_coupled_samples,channel_readout_nrmse,0.3898382734520379,0.3304727852639264,0.4133714362517664,8
noisy,0.12,g1_location,affine_flow,signed_classifier,channel_readout_nrmse,0.7503996109761024,0.632721304212878,0.793290849604617,8
noisy,0.12,g1_location,affine_flow,signed_classifier,witness_nrmse,0.6248088776637305,0.6065633859898758,0.6387473437203439,8
noisy,0.12,g1_location,affine_flow,signed_riesz_dictionary,channel_readout_nrmse,2.3539717404657083,1.8036286650719675,2.5076437369789324,8
noisy,0.12,g1_location,affine_flow,signed_riesz_dictionary,witness_nrmse,2.3832111767914737,2.224959396618073,2.5876135891647944,8
noisy,0.12,g1_location,autoregressive_mdn,direct_coupled_samples,channel_readout_nrmse,0.465922246496961,0.3980473050066944,0.5063058402733488,8
noisy,0.12,g1_location,autoregressive_mdn,signed_classifier,channel_readout_nrmse,0.5647221974873002,0.532299258950854,0.6093066080246399,8
noisy,0.12,g1_location,autoregressive_mdn,signed_classifier,witness_nrmse,0.5989562815743361,0.577298267064269,0.6196634512669831,8
noisy,0.12,g1_location,autoregressive_mdn,signed_riesz_dictionary,channel_readout_nrmse,2.9542441767591283,2.1847872254774443,3.0993701873926085,8
noisy,0.12,g1_location,autoregressive_mdn,signed_riesz_dictionary,witness_nrmse,2.742643621140087,2.64629442301269,2.9636442827723393,8
noisy,0.12,g1_location,bounded_energy,direct_coupled_samples,channel_readout_nrmse,0.720712483742932,0.6469613221786868,0.8180604983348145,8
noisy,0.12,g1_location,bounded_energy,signed_classifier,channel_readout_nrmse,0.6874409874500351,0.609338587272373,0.7953214247414966,8
noisy,0.12,g1_location,bounded_energy,signed_classifier,witness_nrmse,0.6366124965331793,0.6162957747556523,0.6633550618813839,8
noisy,0.12,g1_location,bounded_energy,signed_riesz_dictionary,channel_readout_nrmse,2.791578346927562,2.7085514440998453,2.9868185365119344,8
noisy,0.12,g1_location,bounded_energy,signed_riesz_dictionary,witness_nrmse,3.3367845600580903,3.2704125533211865,3.3891067375800197,8
noisy,0.12,g1_location,diffusion_edm,direct_coupled_samples,channel_readout_nrmse,0.5135648402398084,0.5077773370455364,0.5221208771224877,8
noisy,0.12,g1_location,diffusion_edm,history_tangent_finite_target,channel_readout_nrmse,0.6330796217693433,0.5769846846453058,0.725521447852444,8
noisy,0.12,g1_location,diffusion_edm,history_tangent_finite_target,witness_nrmse,0.551641522054024,0.5242675653437667,0.5920809897136152,8
noisy,0.12,g1_location,diffusion_edm,signed_classifier,channel_readout_nrmse,0.5925362049129916,0.546320217145347,0.6922203882726805,8
noisy,0.12,g1_location,diffusion_edm,signed_classifier,witness_nrmse,0.6012233807322096,0.5744549692038713,0.6423989365685894,8
noisy,0.12,g1_location,diffusion_edm,signed_riesz_dictionary,channel_readout_nrmse,2.374074935060916,2.0728223220172692,2.663728064842314,8
noisy,0.12,g1_location,diffusion_edm,signed_riesz_dictionary,witness_nrmse,2.1201969085391985,1.975934768077234,2.193949267239561,8
noisy,0.12,g1_location,diffusion_gaussian_anchored,direct_coupled_samples,channel_readout_nrmse,0.29750541342945797,0.2688391105237803,0.3183983523474912,8
noisy,0.12,g1_location,diffusion_gaussian_anchored,history_tangent_finite_target,channel_readout_nrmse,0.575789429949326,0.5247893491525267,0.6738119796185738,8
noisy,0.12,g1_location,diffusion_gaussian_anchored,history_tangent_finite_target,witness_nrmse,0.5181266782155158,0.4816965905197965,0.5367580205317384,8
noisy,0.12,g1_location,diffusion_gaussian_anchored,signed_classifier,channel_readout_nrmse,0.6433294302150963,0.5154918702840455,0.7710544797126043,8
noisy,0.12,g1_location,diffusion_gaussian_anchored,signed_classifier,witness_nrmse,0.6030829828419699,0.5643518430993147,0.6171195121122562,8
noisy,0.12,g1_location,diffusion_gaussian_anchored,signed_riesz_dictionary,channel_readout_nrmse,2.359753976366943,1.8626549156497598,2.4975255227850024,8
noisy,0.12,g1_location,diffusion_gaussian_anchored,signed_riesz_dictionary,witness_nrmse,2.456291642703669,2.247383328031031,2.639686283586233,8
noisy,0.12,g1_location,diffusion_legacy,direct_coupled_samples,channel_readout_nrmse,1.2754654851333906,1.2456369328101315,1.3434914330176648,8
noisy,0.12,g1_location,diffusion_legacy,history_tangent_finite_target,channel_readout_nrmse,0.45313558686329103,0.43116540012568416,0.5314116830392412,8
noisy,0.12,g1_location,diffusion_legacy,history_tangent_finite_target,witness_nrmse,0.5011564136048279,0.46749018339330756,0.5426769708740826,8
noisy,0.12,g1_location,diffusion_legacy,signed_classifier,channel_readout_nrmse,0.9911871397359281,0.9882821416594921,0.9973953669172703,8
noisy,0.12,g1_location,diffusion_legacy,signed_classifier,witness_nrmse,0.9985723813782258,0.9982642832922005,0.9992334570904117,8
noisy,0.12,g1_location,diffusion_legacy,signed_riesz_dictionary,channel_readout_nrmse,0.9895007804341256,0.9827913514929445,0.9947038411654694,8
noisy,0.12,g1_location,diffusion_legacy,signed_riesz_dictionary,witness_nrmse,0.9947889807951396,0.994096232081604,0.9951813689254683,8
noisy,0.12,g1_location,flow_matching,direct_coupled_samples,channel_readout_nrmse,0.33731566907490107,0.31283964814244997,0.3871214517846716,8
noisy,0.12,g1_location,flow_matching,signed_classifier,channel_readout_nrmse,0.6936598944421459,0.6049885154592735,0.7484254585945133,8
noisy,0.12,g1_location,flow_matching,signed_classifier,witness_nrmse,0.5953641493375436,0.5703694547334193,0.6349734389754482,8
noisy,0.12,g1_location,flow_matching,signed_riesz_dictionary,channel_readout_nrmse,2.315896559762933,2.1240641647324994,2.6212262726838453,8
noisy,0.12,g1_location,flow_matching,signed_riesz_dictionary,witness_nrmse,2.2977143374792606,2.1943852177632563,2.4949834667971285,8
noisy,0.12,g1_location,flow_matching_gaussian_source,direct_coupled_samples,channel_readout_nrmse,0.36846411251193767,0.33275466410194016,0.4234243903746255,8
noisy,0.12,g1_location,flow_matching_gaussian_source,signed_classifier,channel_readout_nrmse,0.8214191516504501,0.6485236954175047,1.015630503227427,8
noisy,0.12,g1_location,flow_matching_gaussian_source,signed_classifier,witness_nrmse,0.68388260740377,0.5714581083043477,0.696966417890815,8
noisy,0.12,g1_location,flow_matching_gaussian_source,signed_riesz_dictionary,channel_readout_nrmse,2.540025093215939,2.202915785133295,3.0325595997582098,8
noisy,0.12,g1_location,flow_matching_gaussian_source,signed_riesz_dictionary,witness_nrmse,2.5554695968423475,2.470588213882157,2.729791327968079,8
noisy,0.12,g1_location,gaussian_dsm,direct_coupled_samples,channel_readout_nrmse,0.40464601502141034,0.3245258212979458,0.5297488029522875,8
noisy,0.12,g1_location,gaussian_dsm,signed_classifier,channel_readout_nrmse,0.6591746480529681,0.5852169031555449,0.7145564101319283,8
noisy,0.12,g1_location,gaussian_dsm,signed_classifier,witness_nrmse,0.6591250024332935,0.626022275538236,0.6996719389988544,8
noisy,0.12,g1_location,gaussian_dsm,signed_riesz_dictionary,channel_readout_nrmse,2.0969719328104954,1.9084388980353229,2.420198589334524,8
noisy,0.12,g1_location,gaussian_dsm,signed_riesz_dictionary,witness_nrmse,2.3503626744127866,2.2368667912936493,2.4227894730880757,8
noisy,0.12,g1_location,gaussian_nll,direct_coupled_samples,channel_readout_nrmse,0.31900189339101903,0.2839207464838875,0.3441227791537509,8
noisy,0.12,g1_location,gaussian_nll,signed_classifier,channel_readout_nrmse,0.6683221772999255,0.5813589158236171,0.7007105801201645,8
noisy,0.12,g1_location,gaussian_nll,signed_classifier,witness_nrmse,0.6511992637887234,0.5964495357986127,0.677284767600875,8
noisy,0.12,g1_location,gaussian_nll,signed_riesz_dictionary,channel_readout_nrmse,2.494528055794235,2.2118824508645023,2.641090498110712,8
noisy,0.12,g1_location,gaussian_nll,signed_riesz_dictionary,witness_nrmse,2.51473536078493,2.448644071232129,2.532193500834559,8
noisy,0.12,g1_location,mean,direct_coupled_samples,channel_readout_nrmse,0.3190720926835021,0.2889749855786997,0.3800641918621081,8
noisy,0.12,g1_location,mean,signed_classifier,channel_readout_nrmse,0.6522232030828872,0.5879954410537009,0.6801760188727796,8
noisy,0.12,g1_location,mean,signed_classifier,witness_nrmse,0.6461980112581482,0.619198448035424,0.6670566691875958,8
noisy,0.12,g1_location,mean,signed_riesz_dictionary,channel_readout_nrmse,2.3559238984582973,2.037332357624274,2.675138377279097,8
noisy,0.12,g1_location,mean,signed_riesz_dictionary,witness_nrmse,2.565949088701994,2.317933902152106,2.6040782843062753,8
noisy,0.12,g1_location,oracle_predictive_law,direct_coupled_samples,channel_readout_nrmse,0.1162650185619976,0.10829289034331788,0.12187045140356942,4
noisy,0.12,g1_location,oracle_predictive_law,oracle_finite_witness,channel_readout_nrmse,0.32999903000223263,0.31128683901087617,0.360602048405329,4
noisy,0.12,g1_location,oracle_predictive_law,oracle_finite_witness,witness_nrmse,0.0,0.0,0.0,4
noisy,0.12,g1_location,oracle_predictive_law,oracle_infinitesimal_tangent,channel_readout_nrmse,0.34480220034302755,0.3229516801485942,0.37636305265380665,4
noisy,0.12,g1_location,oracle_predictive_law,oracle_infinitesimal_tangent,witness_nrmse,0.0483041887985732,0.044541277912248,0.0535523651219435,4
noisy,0.12,g1_location,oracle_predictive_law,signed_classifier,channel_readout_nrmse,0.6052132432143156,0.587523880691309,0.7166780979790123,4
noisy,0.12,g1_location,oracle_predictive_law,signed_classifier,witness_nrmse,0.5926812067223777,0.5508194041856062,0.638699355680717,4
noisy,0.12,g1_location,oracle_predictive_law,signed_riesz_dictionary,channel_readout_nrmse,2.3348785292039453,2.146616528261634,2.4800881828280676,4
noisy,0.12,g1_location,oracle_predictive_law,signed_riesz_dictionary,witness_nrmse,2.44566407211836,2.361965177168297,2.619811677612516,4
noisy,0.12,g2_covariance,affine_flow,direct_coupled_samples,channel_readout_nrmse,0.6303439599815301,0.5577066469058248,0.7023630375789635,8
noisy,0.12,g2_covariance,affine_flow,signed_classifier,channel_readout_nrmse,0.5621991508108877,0.4804833260226553,0.6250789976644725,8
noisy,0.12,g2_covariance,affine_flow,signed_classifier,witness_nrmse,0.6911596488396754,0.6076179620620276,0.7729394484058398,8
noisy,0.12,g2_covariance,affine_flow,signed_riesz_dictionary,channel_readout_nrmse,3.3400501844748614,2.997637184435062,4.5933640060204945,8
noisy,0.12,g2_covariance,affine_flow,signed_riesz_dictionary,witness_nrmse,3.6704851420963553,3.529912318229848,3.9380870685756313,8
noisy,0.12,g2_covariance,autoregressive_mdn,direct_coupled_samples,channel_readout_nrmse,1.2849276920014452,1.1544596502700442,1.3990911855857269,8
noisy,0.12,g2_covariance,autoregressive_mdn,signed_classifier,channel_readout_nrmse,0.675817653894649,0.6066887571153762,0.765425155294984,8
noisy,0.12,g2_covariance,autoregressive_mdn,signed_classifier,witness_nrmse,0.7441558590645384,0.664976186120454,0.832422272748702,8
noisy,0.12,g2_covariance,autoregressive_mdn,signed_riesz_dictionary,channel_readout_nrmse,6.85841124053233,6.306539861183759,8.591910484402987,8
noisy,0.12,g2_covariance,autoregressive_mdn,signed_riesz_dictionary,witness_nrmse,8.880271898080103,7.00817326778377,9.85917307484506,8
noisy,0.12,g2_covariance,bounded_energy,direct_coupled_samples,channel_readout_nrmse,2.4400136275268514,2.034702284534167,2.560827538211994,8
noisy,0.12,g2_covariance,bounded_energy,signed_classifier,channel_readout_nrmse,0.6437535660381866,0.5992552474864581,0.7190729129180571,8
noisy,0.12,g2_covariance,bounded_energy,signed_classifier,witness_nrmse,0.7149566575286788,0.6601898683054426,0.8153516541885468,8
noisy,0.12,g2_covariance,bounded_energy,signed_riesz_dictionary,channel_readout_nrmse,8.09866834325669,7.212808166415035,9.23979646754585,8
noisy,0.12,g2_covariance,bounded_energy,signed_riesz_dictionary,witness_nrmse,11.620019120991305,10.560253350871859,12.003345226729907,8
noisy,0.12,g2_covariance,diffusion_edm,direct_coupled_samples,channel_readout_nrmse,0.5198245287666678,0.4149430041932382,0.545969125857772,8
noisy,0.12,g2_covariance,diffusion_edm,history_tangent_finite_target,channel_readout_nrmse,1.540116152316839,1.447630427736419,1.6868099602060573,8
noisy,0.12,g2_covariance,diffusion_edm,history_tangent_finite_target,witness_nrmse,1.0417545114921727,0.9798530406482822,1.241181070997805,8
noisy,0.12,g2_covariance,diffusion_edm,signed_classifier,channel_readout_nrmse,0.5520295055291631,0.48175151853086423,0.6235818063038252,8
noisy,0.12,g2_covariance,diffusion_edm,signed_classifier,witness_nrmse,0.704771642993647,0.6355464850113326,0.7865779141204905,8
noisy,0.12,g2_covariance,diffusion_edm,signed_riesz_dictionary,channel_readout_nrmse,3.503822677532458,2.723567108394613,3.9085342013681057,8
noisy,0.12,g2_covariance,diffusion_edm,signed_riesz_dictionary,witness_nrmse,3.175936667214351,2.966990563722227,3.348334371769963,8
noisy,0.12,g2_covariance,diffusion_gaussian_anchored,direct_coupled_samples,channel_readout_nrmse,0.5146543407526035,0.46868427532082596,0.5805730573093761,8
noisy,0.12,g2_covariance,diffusion_gaussian_anchored,history_tangent_finite_target,channel_readout_nrmse,1.0248992701986537,1.0043370202479753,1.0916416419075832,8
noisy,0.12,g2_covariance,diffusion_gaussian_anchored,history_tangent_finite_target,witness_nrmse,0.9759744717112567,0.897892349284306,1.0823858115237668,8
noisy,0.12,g2_covariance,diffusion_gaussian_anchored,signed_classifier,channel_readout_nrmse,0.603090444177929,0.5829170819509046,0.6636638722823375,8
noisy,0.12,g2_covariance,diffusion_gaussian_anchored,signed_classifier,witness_nrmse,0.6900868768774601,0.6154591133420569,0.7719453333803847,8
noisy,0.12,g2_covariance,diffusion_gaussian_anchored,signed_riesz_dictionary,channel_readout_nrmse,4.662377613926156,3.712171957521733,5.0801378938765644,8
noisy,0.12,g2_covariance,diffusion_gaussian_anchored,signed_riesz_dictionary,witness_nrmse,4.287521995695573,3.909857100425822,4.512391991948202,8
noisy,0.12,g2_covariance,diffusion_legacy,direct_coupled_samples,channel_readout_nrmse,1.2672834696615194,1.2175312730716852,1.3258649932387807,8
noisy,0.12,g2_covariance,diffusion_legacy,history_tangent_finite_target,channel_readout_nrmse,0.5547005679553192,0.44333152581433977,0.6520272336140622,8
noisy,0.12,g2_covariance,diffusion_legacy,history_tangent_finite_target,witness_nrmse,0.6509323234855338,0.5511378612225799,0.7569669628758027,8
noisy,0.12,g2_covariance,diffusion_legacy,signed_classifier,channel_readout_nrmse,0.9925836280573528,0.9897493417255185,0.9944723473370977,8
noisy,0.12,g2_covariance,diffusion_legacy,signed_classifier,witness_nrmse,1.0042911589991035,1.0003960782755075,1.006885322170953,8
noisy,0.12,g2_covariance,diffusion_legacy,signed_riesz_dictionary,channel_readout_nrmse,0.9921325768415485,0.9910719088043454,0.9940948069310689,8
noisy,0.12,g2_covariance,diffusion_legacy,signed_riesz_dictionary,witness_nrmse,0.9949034955592043,0.994114867377553,0.9962627307507617,8
noisy,0.12,g2_covariance,flow_matching,direct_coupled_samples,channel_readout_nrmse,0.4145242403292446,0.38878707248029853,0.4466075855020625,8
noisy,0.12,g2_covariance,flow_matching,signed_classifier,channel_readout_nrmse,0.6305011708331618,0.5761457621573722,0.6623915158544497,8
noisy,0.12,g2_covariance,flow_matching,signed_classifier,witness_nrmse,0.6980362153909577,0.6260494095674518,0.7847822981097013,8
noisy,0.12,g2_covariance,flow_matching,signed_riesz_dictionary,channel_readout_nrmse,3.832577443680578,3.098156334202717,4.2177440687097665,8
noisy,0.12,g2_covariance,flow_matching,signed_riesz_dictionary,witness_nrmse,3.5207732473247226,3.2737662222103343,3.7886969140543227,8
noisy,0.12,g2_covariance,flow_matching_gaussian_source,direct_coupled_samples,channel_readout_nrmse,0.6266685890601378,0.48999498431482125,0.6688089967926549,8
noisy,0.12,g2_covariance,flow_matching_gaussian_source,signed_classifier,channel_readout_nrmse,0.5992290078266023,0.570238848881191,0.6560271421219157,8
noisy,0.12,g2_covariance,flow_matching_gaussian_source,signed_classifier,witness_nrmse,0.6963588736487523,0.623058494532329,0.793549804895237,8
noisy,0.12,g2_covariance,flow_matching_gaussian_source,signed_riesz_dictionary,channel_readout_nrmse,4.81281954972303,4.267618071268535,6.71632091928843,8
noisy,0.12,g2_covariance,flow_matching_gaussian_source,signed_riesz_dictionary,witness_nrmse,4.714536328733196,4.587130431779607,5.164690036653325,8
noisy,0.12,g2_covariance,gaussian_dsm,direct_coupled_samples,channel_readout_nrmse,0.6124289149796891,0.5580462132530456,0.7226104889275237,8
noisy,0.12,g2_covariance,gaussian_dsm,signed_classifier,channel_readout_nrmse,0.5916408489485819,0.556546081282188,0.6542830176013508,8
noisy,0.12,g2_covariance,gaussian_dsm,signed_classifier,witness_nrmse,0.7151460715962475,0.6700650776994458,0.7951435076296471,8
noisy,0.12,g2_covariance,gaussian_dsm,signed_riesz_dictionary,channel_readout_nrmse,4.379373588584723,3.6256895673417553,4.9792764776329825,8
noisy,0.12,g2_covariance,gaussian_dsm,signed_riesz_dictionary,witness_nrmse,4.402689449343466,4.010073335815407,4.498070518025522,8
noisy,0.12,g2_covariance,gaussian_nll,direct_coupled_samples,channel_readout_nrmse,0.5659506808101825,0.5141015655220621,0.6008727648881136,8
noisy,0.12,g2_covariance,gaussian_nll,signed_classifier,channel_readout_nrmse,0.63977613920317,0.6263559076320685,0.6512721468119352,8
noisy,0.12,g2_covariance,gaussian_nll,signed_classifier,witness_nrmse,0.7337192050811989,0.6637482117935322,0.7848839106125737,8
noisy,0.12,g2_covariance,gaussian_nll,signed_riesz_dictionary,channel_readout_nrmse,4.465175416943626,3.7810952049446187,4.79174164047597,8
noisy,0.12,g2_covariance,gaussian_nll,signed_riesz_dictionary,witness_nrmse,4.46281484335779,3.615025606551968,4.483530452089185,8
noisy,0.12,g2_covariance,mean,direct_coupled_samples,channel_readout_nrmse,0.5024471395389607,0.45175120314541783,0.6007476619343578,8
noisy,0.12,g2_covariance,mean,signed_classifier,channel_readout_nrmse,0.6000527129368598,0.5202802204540528,0.7148600445038384,8
noisy,0.12,g2_covariance,mean,signed_classifier,witness_nrmse,0.7075852548081883,0.6395626304723838,0.7962024119277883,8
noisy,0.12,g2_covariance,mean,signed_riesz_dictionary,channel_readout_nrmse,4.977009534445932,3.944668013018685,6.3621139798642155,8
noisy,0.12,g2_covariance,mean,signed_riesz_dictionary,witness_nrmse,4.035863438985109,3.344074957031033,4.6613799744960085,8
noisy,0.12,g2_covariance,oracle_predictive_law,direct_coupled_samples,channel_readout_nrmse,0.20914057040866355,0.20796459222629443,0.21324663039132102,4
noisy,0.12,g2_covariance,oracle_predictive_law,oracle_finite_witness,channel_readout_nrmse,0.36627218622629787,0.33500439256274245,0.39492215674988324,4
noisy,0.12,g2_covariance,oracle_predictive_law,oracle_finite_witness,witness_nrmse,0.0,0.0,0.0,4
noisy,0.12,g2_covariance,oracle_predictive_law,oracle_infinitesimal_tangent,channel_readout_nrmse,0.3682730015362008,0.3361195497421773,0.3976529784165403,4
noisy,0.12,g2_covariance,oracle_predictive_law,oracle_infinitesimal_tangent,witness_nrmse,0.0056006400016536,0.004989527140088725,0.00579992890315685,4
noisy,0.12,g2_covariance,oracle_predictive_law,signed_classifier,channel_readout_nrmse,0.510623665555292,0.47675896979840193,0.5593933489169733,4
noisy,0.12,g2_covariance,oracle_predictive_law,signed_classifier,witness_nrmse,0.6534667926407309,0.5719571175042443,0.7436637086910479,4
noisy,0.12,g2_covariance,oracle_predictive_law,signed_riesz_dictionary,channel_readout_nrmse,4.414656991590698,3.8960168765046257,5.069820950419086,4
noisy,0.12,g2_covariance,oracle_predictive_law,signed_riesz_dictionary,witness_nrmse,3.959490005629098,3.592652560165289,4.4386223097129545,4
noisy,0.12,g3_skew,affine_flow,direct_coupled_samples,channel_readout_nrmse,1.501678449397172,1.395048854165545,1.8867579848836913,8
noisy,0.12,g3_skew,affine_flow,signed_classifier,channel_readout_nrmse,1.211351148718923,1.1129678333897475,1.421576760812402,8
noisy,0.12,g3_skew,affine_flow,signed_classifier,witness_nrmse,1.0564771067507184,1.0369730930918197,1.0808170763924487,8
noisy,0.12,g3_skew,affine_flow,signed_riesz_dictionary,channel_readout_nrmse,2.901226041971639,1.734537527499896,3.417278785820807,8
noisy,0.12,g3_skew,affine_flow,signed_riesz_dictionary,witness_nrmse,1.9861817068887024,1.6718055194056174,2.230893584279161,8
noisy,0.12,g3_skew,autoregressive_mdn,direct_coupled_samples,channel_readout_nrmse,3.3623331120662714,2.483311431037762,3.726486386229375,8
noisy,0.12,g3_skew,autoregressive_mdn,signed_classifier,channel_readout_nrmse,1.3137914504793735,1.2145594825212263,1.5015001655711697,8
noisy,0.12,g3_skew,autoregressive_mdn,signed_classifier,witness_nrmse,1.0707923748520352,1.0459859448872757,1.1121104235255141,8
noisy,0.12,g3_skew,autoregressive_mdn,signed_riesz_dictionary,channel_readout_nrmse,9.454966499886368,4.199900843861362,11.407582021786654,8
noisy,0.12,g3_skew,autoregressive_mdn,signed_riesz_dictionary,witness_nrmse,4.943782367281063,4.722385048591569,5.346749064631768,8
noisy,0.12,g3_skew,bounded_energy,direct_coupled_samples,channel_readout_nrmse,6.316125802443822,4.9104603149615915,7.287214340977731,8
noisy,0.12,g3_skew,bounded_energy,signed_classifier,channel_readout_nrmse,1.140768950290039,0.9881785840196933,1.6363333488235663,8
noisy,0.12,g3_skew,bounded_energy,signed_classifier,witness_nrmse,1.0842647926031619,1.000965447755199,1.1110350068161035,8
noisy,0.12,g3_skew,bounded_energy,signed_riesz_dictionary,channel_readout_nrmse,13.514021266076195,12.496266843898036,14.411620585255932,8
noisy,0.12,g3_skew,bounded_energy,signed_riesz_dictionary,witness_nrmse,10.224335860155964,9.061616765437623,10.79841377529278,8
noisy,0.12,g3_skew,diffusion_edm,direct_coupled_samples,channel_readout_nrmse,0.7267086379135008,0.6489171008025856,0.8263444285935462,8
noisy,0.12,g3_skew,diffusion_edm,history_tangent_finite_target,channel_readout_nrmse,3.827681059877218,2.665151014143808,5.349942270268166,8
noisy,0.12,g3_skew,diffusion_edm,history_tangent_finite_target,witness_nrmse,1.4714576182160197,1.3145344854275498,1.6020189157346854,8
noisy,0.12,g3_skew,diffusion_edm,signed_classifier,channel_readout_nrmse,1.0979940521402356,1.0435710051351395,1.175377084727044,8
noisy,0.12,g3_skew,diffusion_edm,signed_classifier,witness_nrmse,1.041410327593788,1.0262622760754838,1.0492800199902552,8
noisy,0.12,g3_skew,diffusion_edm,signed_riesz_dictionary,channel_readout_nrmse,2.079246512942036,1.5619194883903837,2.4482700294280995,8
noisy,0.12,g3_skew,diffusion_edm,signed_riesz_dictionary,witness_nrmse,1.0852419861989224,1.0487407978634695,1.110716131556993,8
noisy,0.12,g3_skew,diffusion_gaussian_anchored,direct_coupled_samples,channel_readout_nrmse,1.2159466578498337,1.2004055776291842,1.3455682581881718,8
noisy,0.12,g3_skew,diffusion_gaussian_anchored,history_tangent_finite_target,channel_readout_nrmse,2.8004031225044974,2.503100935041228,3.7442667943062813,8
noisy,0.12,g3_skew,diffusion_gaussian_anchored,history_tangent_finite_target,witness_nrmse,1.5440429771513207,1.4729548388628728,1.8276539243849492,8
noisy,0.12,g3_skew,diffusion_gaussian_anchored,signed_classifier,channel_readout_nrmse,1.5803076572274428,1.3383033390560808,1.6055028757080367,8
noisy,0.12,g3_skew,diffusion_gaussian_anchored,signed_classifier,witness_nrmse,1.0510792260134827,1.044901581629752,1.061001893686806,8
noisy,0.12,g3_skew,diffusion_gaussian_anchored,signed_riesz_dictionary,channel_readout_nrmse,3.02853488634479,2.6145783527051822,3.3441648684127934,8
noisy,0.12,g3_skew,diffusion_gaussian_anchored,signed_riesz_dictionary,witness_nrmse,1.694105886026308,1.4993195215948576,1.9881350928832644,8
noisy,0.12,g3_skew,diffusion_legacy,direct_coupled_samples,channel_readout_nrmse,1.1167591769229654,0.9304396082230475,1.2540197654088323,8
noisy,0.12,g3_skew,diffusion_legacy,history_tangent_finite_target,channel_readout_nrmse,1.069540576805806,0.9415049638217777,1.2291256534666455,8
noisy,0.12,g3_skew,diffusion_legacy,history_tangent_finite_target,witness_nrmse,0.957569276714625,0.9172817045491355,0.9829289941471977,8
noisy,0.12,g3_skew,diffusion_legacy,signed_classifier,channel_readout_nrmse,1.0103992925640823,1.0015402444634212,1.0354737627786939,8
noisy,0.12,g3_skew,diffusion_legacy,signed_classifier,witness_nrmse,1.016920837597973,1.012338087325301,1.024501950657652,8
noisy,0.12,g3_skew,diffusion_legacy,signed_riesz_dictionary,channel_readout_nrmse,1.0028807749545972,1.0015930605823407,1.0039292865538472,8
noisy,0.12,g3_skew,diffusion_legacy,signed_riesz_dictionary,witness_nrmse,0.9998086440517484,0.9997139347237203,1.0001463083942939,8
noisy,0.12,g3_skew,flow_matching,direct_coupled_samples,channel_readout_nrmse,0.922761265828111,0.7921264716293328,1.160213268468686,8
noisy,0.12,g3_skew,flow_matching,signed_classifier,channel_readout_nrmse,1.2744006298852644,0.9959433197930632,1.3870749865913732,8
noisy,0.12,g3_skew,flow_matching,signed_classifier,witness_nrmse,1.049171976787715,1.0365407992308746,1.0656832680400414,8
noisy,0.12,g3_skew,flow_matching,signed_riesz_dictionary,channel_readout_nrmse,1.4333744998725915,1.072408102740697,2.0027458000459037,8
noisy,0.12,g3_skew,flow_matching,signed_riesz_dictionary,witness_nrmse,1.075500944271584,1.0576300565113494,1.1921112704085863,8
noisy,0.12,g3_skew,flow_matching_gaussian_source,direct_coupled_samples,channel_readout_nrmse,1.7670775789770308,1.3410190347046036,2.0956604506890892,8
noisy,0.12,g3_skew,flow_matching_gaussian_source,signed_classifier,channel_readout_nrmse,1.0896314332599601,0.9931898817697539,1.5289774111431262,8
noisy,0.12,g3_skew,flow_matching_gaussian_source,signed_classifier,witness_nrmse,1.067163873981872,1.0538876036952998,1.0728389381747918,8
noisy,0.12,g3_skew,flow_matching_gaussian_source,signed_riesz_dictionary,channel_readout_nrmse,4.091245389463899,3.1241807163954025,4.570496214181965,8
noisy,0.12,g3_skew,flow_matching_gaussian_source,signed_riesz_dictionary,witness_nrmse,2.0826797963424983,1.8061759080330966,2.653360142177225,8
noisy,0.12,g3_skew,gaussian_dsm,direct_coupled_samples,channel_readout_nrmse,1.896664987851525,1.4706131611151247,2.381667314846207,8
noisy,0.12,g3_skew,gaussian_dsm,signed_classifier,channel_readout_nrmse,1.3420755954454209,1.1680514281622487,1.4830164951065414,8
noisy,0.12,g3_skew,gaussian_dsm,signed_classifier,witness_nrmse,1.0470466611372162,1.037452091819981,1.0593410001231898,8
noisy,0.12,g3_skew,gaussian_dsm,signed_riesz_dictionary,channel_readout_nrmse,2.6555824783662016,2.1201351164576394,4.497270652298928,8
noisy,0.12,g3_skew,gaussian_dsm,signed_riesz_dictionary,witness_nrmse,1.5890775840453122,1.400793964396473,1.7757996568804537,8
noisy,0.12,g3_skew,gaussian_nll,direct_coupled_samples,channel_readout_nrmse,1.4474714834199363,1.2409150197254977,1.4751159171210286,8
noisy,0.12,g3_skew,gaussian_nll,signed_classifier,channel_readout_nrmse,1.19791592370466,0.9867244178181241,1.3655027335761636,8
noisy,0.12,g3_skew,gaussian_nll,signed_classifier,witness_nrmse,1.0492012151289423,1.035670343440941,1.054140873722437,8
noisy,0.12,g3_skew,gaussian_nll,signed_riesz_dictionary,channel_readout_nrmse,1.9682800457244458,1.8203074159875543,3.1633143762700153,8
noisy,0.12,g3_skew,gaussian_nll,signed_riesz_dictionary,witness_nrmse,1.514894937867175,1.4588015472590112,1.536286543080355,8
noisy,0.12,g3_skew,mean,direct_coupled_samples,channel_readout_nrmse,1.1873335771960285,1.1226196274105416,1.3126101344638634,8
noisy,0.12,g3_skew,mean,signed_classifier,channel_readout_nrmse,1.238566536424049,1.0078397623516875,1.358633915428043,8
noisy,0.12,g3_skew,mean,signed_classifier,witness_nrmse,1.0416754021015173,1.0315199116780154,1.0643225643101968,8
noisy,0.12,g3_skew,mean,signed_riesz_dictionary,channel_readout_nrmse,1.8784844054624514,1.4164498144407012,2.370116231402684,8
noisy,0.12,g3_skew,mean,signed_riesz_dictionary,witness_nrmse,1.3812499494397898,1.2456796447583933,1.4129616013002462,8
noisy,0.12,g3_skew,oracle_predictive_law,direct_coupled_samples,channel_readout_nrmse,0.5717161146055044,0.49710078625038967,1.0512172898777024,4
noisy,0.12,g3_skew,oracle_predictive_law,oracle_finite_witness,channel_readout_nrmse,0.6028882287673865,0.5243222458695582,0.7338083869610158,4
noisy,0.12,g3_skew,oracle_predictive_law,oracle_finite_witness,witness_nrmse,0.0,0.0,0.0,4
noisy,0.12,g3_skew,oracle_predictive_law,oracle_infinitesimal_tangent,channel_readout_nrmse,0.605410734647217,0.526481522137884,0.735904452668922,4
noisy,0.12,g3_skew,oracle_predictive_law,oracle_infinitesimal_tangent,witness_nrmse,0.0040994205153638,0.00401974114747525,0.004226225779817875,4
noisy,0.12,g3_skew,oracle_predictive_law,signed_classifier,channel_readout_nrmse,1.0443022484704299,0.8524242395444531,1.315744924181981,4
noisy,0.12,g3_skew,oracle_predictive_law,signed_classifier,witness_nrmse,1.0456711763588786,1.039724556856257,1.05203256776685,4
noisy,0.12,g3_skew,oracle_predictive_law,signed_riesz_dictionary,channel_readout_nrmse,1.0297368709544001,0.8700621931449134,1.6937156297702927,4
noisy,0.12,g3_skew,oracle_predictive_law,signed_riesz_dictionary,witness_nrmse,1.448608250632482,1.2954428905295419,1.5875723282100536,4
noisy,0.12,g4_low_rank_mixture,affine_flow,direct_coupled_samples,channel_readout_nrmse,0.45929833007102583,0.4285894872186275,0.513917847575875,8
noisy,0.12,g4_low_rank_mixture,affine_flow,signed_classifier,channel_readout_nrmse,0.498030598655539,0.4795778882728352,0.5144888284745097,8
noisy,0.12,g4_low_rank_mixture,affine_flow,signed_classifier,witness_nrmse,0.5911250634796112,0.5365555745497289,0.6223569599828811,8
noisy,0.12,g4_low_rank_mixture,affine_flow,signed_riesz_dictionary,channel_readout_nrmse,1.3541461122433178,1.1627088920284472,1.5182453956102622,8
noisy,0.12,g4_low_rank_mixture,affine_flow,signed_riesz_dictionary,witness_nrmse,3.986829720941988,3.827088884706739,4.452157437498988,8
noisy,0.12,g4_low_rank_mixture,autoregressive_mdn,direct_coupled_samples,channel_readout_nrmse,0.5808505093127165,0.5221546189375575,0.617925006693981,8
noisy,0.12,g4_low_rank_mixture,autoregressive_mdn,signed_classifier,channel_readout_nrmse,0.501419630874485,0.4659299771344291,0.5572845956852122,8
noisy,0.12,g4_low_rank_mixture,autoregressive_mdn,signed_classifier,witness_nrmse,0.6852119233654188,0.6315003991091661,0.735071318706672,8
noisy,0.12,g4_low_rank_mixture,autoregressive_mdn,signed_riesz_dictionary,channel_readout_nrmse,1.469459476125402,0.9631142131137564,1.7106032267651743,8
noisy,0.12,g4_low_rank_mixture,autoregressive_mdn,signed_riesz_dictionary,witness_nrmse,5.362527885233672,5.058320835596915,5.75146955276883,8
noisy,0.12,g4_low_rank_mixture,bounded_energy,direct_coupled_samples,channel_readout_nrmse,0.8777189379660979,0.7843788920548085,1.0146485428585716,8
noisy,0.12,g4_low_rank_mixture,bounded_energy,signed_classifier,channel_readout_nrmse,0.6806092271877557,0.6033957557794924,0.8238517981579663,8
noisy,0.12,g4_low_rank_mixture,bounded_energy,signed_classifier,witness_nrmse,0.79247820794284,0.6668641165269868,0.9107734631783188,8
noisy,0.12,g4_low_rank_mixture,bounded_energy,signed_riesz_dictionary,channel_readout_nrmse,2.552883417384024,2.272349208286667,2.70548469454432,8
noisy,0.12,g4_low_rank_mixture,bounded_energy,signed_riesz_dictionary,witness_nrmse,7.71511328113332,7.133881395408515,8.140917092633948,8
noisy,0.12,g4_low_rank_mixture,diffusion_edm,direct_coupled_samples,channel_readout_nrmse,0.4292835495345819,0.37875497666074737,0.5310759049075391,8
noisy,0.12,g4_low_rank_mixture,diffusion_edm,history_tangent_finite_target,channel_readout_nrmse,1.0685745069212627,0.8154587243165358,1.6891203888811546,8
noisy,0.12,g4_low_rank_mixture,diffusion_edm,history_tangent_finite_target,witness_nrmse,1.457630216011444,1.255228730032406,1.6549802147976895,8
noisy,0.12,g4_low_rank_mixture,diffusion_edm,signed_classifier,channel_readout_nrmse,0.5143415035870605,0.4255290214233332,0.5384545230700878,8
noisy,0.12,g4_low_rank_mixture,diffusion_edm,signed_classifier,witness_nrmse,0.5789153998195913,0.559363559068959,0.6216857918683484,8
noisy,0.12,g4_low_rank_mixture,diffusion_edm,signed_riesz_dictionary,channel_readout_nrmse,1.2766379393527614,0.789208951196147,1.3243891568141635,8
noisy,0.12,g4_low_rank_mixture,diffusion_edm,signed_riesz_dictionary,witness_nrmse,3.1334481056002534,2.921575451931319,3.294063322784407,8
noisy,0.12,g4_low_rank_mixture,diffusion_gaussian_anchored,direct_coupled_samples,channel_readout_nrmse,0.5096412425776694,0.4874852778510681,0.5661963805432505,8
noisy,0.12,g4_low_rank_mixture,diffusion_gaussian_anchored,history_tangent_finite_target,channel_readout_nrmse,1.2855589016718083,0.9614511403594223,1.5469058107448506,8
noisy,0.12,g4_low_rank_mixture,diffusion_gaussian_anchored,history_tangent_finite_target,witness_nrmse,2.2732223975182095,2.0468395331324514,2.4500235794453027,8
noisy,0.12,g4_low_rank_mixture,diffusion_gaussian_anchored,signed_classifier,channel_readout_nrmse,0.5302417017233317,0.5035106939661802,0.5576731820945519,8
noisy,0.12,g4_low_rank_mixture,diffusion_gaussian_anchored,signed_classifier,witness_nrmse,0.6178255183812653,0.5728435793411589,0.6427835822547237,8
noisy,0.12,g4_low_rank_mixture,diffusion_gaussian_anchored,signed_riesz_dictionary,channel_readout_nrmse,1.7269219934501816,1.5928549480360727,2.202266630903683,8
noisy,0.12,g4_low_rank_mixture,diffusion_gaussian_anchored,signed_riesz_dictionary,witness_nrmse,5.177163141521962,4.707233406271128,5.574451047363658,8
noisy,0.12,g4_low_rank_mixture,diffusion_legacy,direct_coupled_samples,channel_readout_nrmse,1.1044560296898625,1.0946605578998565,1.1183309162492434,8
noisy,0.12,g4_low_rank_mixture,diffusion_legacy,history_tangent_finite_target,channel_readout_nrmse,0.8956466917350446,0.6177145490028662,1.078481448902982,8
noisy,0.12,g4_low_rank_mixture,diffusion_legacy,history_tangent_finite_target,witness_nrmse,0.9510628242814526,0.9007738143047186,0.9753446373252894,8
noisy,0.12,g4_low_rank_mixture,diffusion_legacy,signed_classifier,channel_readout_nrmse,0.9966886659478742,0.9929025193463624,0.9988195247667552,8
noisy,0.12,g4_low_rank_mixture,diffusion_legacy,signed_classifier,witness_nrmse,0.9999952046533804,0.9993216962908376,1.0015247611047426,8
noisy,0.12,g4_low_rank_mixture,diffusion_legacy,signed_riesz_dictionary,channel_readout_nrmse,0.9883178995824045,0.9845237986881605,0.98984118027709,8
noisy,0.12,g4_low_rank_mixture,diffusion_legacy,signed_riesz_dictionary,witness_nrmse,0.9894499713346591,0.988532348319022,0.9909064380621235,8
noisy,0.12,g4_low_rank_mixture,flow_matching,direct_coupled_samples,channel_readout_nrmse,0.41679718330197435,0.3693614291301342,0.4843025639041043,8
noisy,0.12,g4_low_rank_mixture,flow_matching,signed_classifier,channel_readout_nrmse,0.47160355570003376,0.4338221282235031,0.49574928145827263,8
noisy,0.12,g4_low_rank_mixture,flow_matching,signed_classifier,witness_nrmse,0.5683608369448763,0.5603835284307286,0.5997094222896818,8
noisy,0.12,g4_low_rank_mixture,flow_matching,signed_riesz_dictionary,channel_readout_nrmse,1.3125538496202058,1.15398537402228,1.6694154761528637,8
noisy,0.12,g4_low_rank_mixture,flow_matching,signed_riesz_dictionary,witness_nrmse,3.8048666033242933,3.4765988245616612,4.217115056379849,8
noisy,0.12,g4_low_rank_mixture,flow_matching_gaussian_source,direct_coupled_samples,channel_readout_nrmse,0.4847998924486106,0.4207760920105762,0.5727567479805946,8
noisy,0.12,g4_low_rank_mixture,flow_matching_gaussian_source,signed_classifier,channel_readout_nrmse,0.4805953111873361,0.4641891559104849,0.5042544209677445,8
noisy,0.12,g4_low_rank_mixture,flow_matching_gaussian_source,signed_classifier,witness_nrmse,0.5998920182509322,0.5553201848338066,0.6399646713453775,8
noisy,0.12,g4_low_rank_mixture,flow_matching_gaussian_source,signed_riesz_dictionary,channel_readout_nrmse,2.036472981741463,1.7588025332028216,2.3493083598874214,8
noisy,0.12,g4_low_rank_mixture,flow_matching_gaussian_source,signed_riesz_dictionary,witness_nrmse,6.325376585826703,5.933909596562781,6.520369421389626,8
noisy,0.12,g4_low_rank_mixture,gaussian_dsm,direct_coupled_samples,channel_readout_nrmse,0.7430973639730571,0.7278837305879505,0.7761084906282634,8
noisy,0.12,g4_low_rank_mixture,gaussian_dsm,signed_classifier,channel_readout_nrmse,0.8026616765280005,0.7039044025624779,0.9430552393520149,8
noisy,0.12,g4_low_rank_mixture,gaussian_dsm,signed_classifier,witness_nrmse,0.783960410565196,0.7186922932453448,0.8729477754741075,8
noisy,0.12,g4_low_rank_mixture,gaussian_dsm,signed_riesz_dictionary,channel_readout_nrmse,4.812676584098384,4.651846011791486,5.144523329742002,8
noisy,0.12,g4_low_rank_mixture,gaussian_dsm,signed_riesz_dictionary,witness_nrmse,6.838203854728105,6.421160599478162,7.272472552677915,8
noisy,0.12,g4_low_rank_mixture,gaussian_nll,direct_coupled_samples,channel_readout_nrmse,0.6664745334773408,0.6338295982762603,0.7097679236582111,8
noisy,0.12,g4_low_rank_mixture,gaussian_nll,signed_classifier,channel_readout_nrmse,0.8152757992818029,0.697988443460452,0.9438317919862398,8
noisy,0.12,g4_low_rank_mixture,gaussian_nll,signed_classifier,witness_nrmse,0.8159099637980072,0.7638013177792745,0.8565739794473112,8
noisy,0.12,g4_low_rank_mixture,gaussian_nll,signed_riesz_dictionary,channel_readout_nrmse,4.2970182662899346,3.811083807867404,4.793427354503862,8
noisy,0.12,g4_low_rank_mixture,gaussian_nll,signed_riesz_dictionary,witness_nrmse,6.96106838843854,6.501678877621105,7.534327931482879,8
noisy,0.12,g4_low_rank_mixture,mean,direct_coupled_samples,channel_readout_nrmse,0.7894802312795899,0.766653199161171,0.8268358682267694,8
noisy,0.12,g4_low_rank_mixture,mean,signed_classifier,channel_readout_nrmse,0.9375010592707889,0.6538299453486607,1.1972130405944192,8
noisy,0.12,g4_low_rank_mixture,mean,signed_classifier,witness_nrmse,0.9485407757986498,0.7912415949797287,0.9961426810395899,8
noisy,0.12,g4_low_rank_mixture,mean,signed_riesz_dictionary,channel_readout_nrmse,3.893118749075237,3.620721683580794,4.128723534225285,8
noisy,0.12,g4_low_rank_mixture,mean,signed_riesz_dictionary,witness_nrmse,6.094981436150952,5.864119958049963,6.276648871443044,8
noisy,0.12,g4_low_rank_mixture,oracle_predictive_law,direct_coupled_samples,channel_readout_nrmse,0.5826120590338456,0.5290356672497336,0.6174906590510483,4
noisy,0.12,g4_low_rank_mixture,oracle_predictive_law,oracle_finite_witness,channel_readout_nrmse,0.4076236589025754,0.3803709933408727,0.4511916992701284,4
noisy,0.12,g4_low_rank_mixture,oracle_predictive_law,oracle_finite_witness,witness_nrmse,0.0,0.0,0.0,4
noisy,0.12,g4_low_rank_mixture,oracle_predictive_law,oracle_infinitesimal_tangent,channel_readout_nrmse,0.4087261038209225,0.3819253855239757,0.4517084934779111,4
noisy,0.12,g4_low_rank_mixture,oracle_predictive_law,oracle_infinitesimal_tangent,witness_nrmse,0.01280430161291775,0.01143728839576865,0.0135401099667333,4
noisy,0.12,g4_low_rank_mixture,oracle_predictive_law,signed_classifier,channel_readout_nrmse,0.5207666292012518,0.48917103186504607,0.5489938279488438,4
noisy,0.12,g4_low_rank_mixture,oracle_predictive_law,signed_classifier,witness_nrmse,0.6070461099218305,0.5570487341619874,0.6805552717726775,4
noisy,0.12,g4_low_rank_mixture,oracle_predictive_law,signed_riesz_dictionary,channel_readout_nrmse,1.116994496711578,0.8365553598430009,1.3908480152910498,4
noisy,0.12,g4_low_rank_mixture,oracle_predictive_law,signed_riesz_dictionary,witness_nrmse,4.24584942957328,4.238178005067635,4.251501307630847,4
noisy,0.12,g5_near_manifold,affine_flow,direct_coupled_samples,channel_readout_nrmse,0.7823976786133988,0.6235755529207672,0.8296538573725908,8
noisy,0.12,g5_near_manifold,affine_flow,signed_classifier,channel_readout_nrmse,0.6226990084304496,0.5121942710311271,0.7670491697472983,8
noisy,0.12,g5_near_manifold,affine_flow,signed_classifier,witness_nrmse,0.8426677559744016,0.7871827186615821,0.8706428262896189,8
noisy,0.12,g5_near_manifold,affine_flow,signed_riesz_dictionary,channel_readout_nrmse,21.23505628877124,16.006419900485774,24.552164239880483,8
noisy,0.12,g5_near_manifold,affine_flow,signed_riesz_dictionary,witness_nrmse,23.04090756748658,20.222791869588402,26.166404643067594,8
noisy,0.12,g5_near_manifold,autoregressive_mdn,direct_coupled_samples,channel_readout_nrmse,0.6301578483630943,0.5028676939696894,0.7208781692252766,8
noisy,0.12,g5_near_manifold,autoregressive_mdn,signed_classifier,channel_readout_nrmse,0.6975924255568784,0.5851739626381305,0.8565552104559487,8
noisy,0.12,g5_near_manifold,autoregressive_mdn,signed_classifier,witness_nrmse,0.8657667445876742,0.7982483997056827,0.8824226800478866,8
noisy,0.12,g5_near_manifold,autoregressive_mdn,signed_riesz_dictionary,channel_readout_nrmse,6.899368051790075,6.194785108375179,8.062415102568021,8
noisy,0.12,g5_near_manifold,autoregressive_mdn,signed_riesz_dictionary,witness_nrmse,13.661359497526693,10.547490802198299,15.971094916264352,8
noisy,0.12,g5_near_manifold,autoregressive_transformer,direct_coupled_samples,channel_readout_nrmse,0.7161684274830442,0.4768689767991489,0.8400625179934541,8
noisy,0.12,g5_near_manifold,autoregressive_transformer,signed_classifier,channel_readout_nrmse,0.6427766670667973,0.5918596866112243,0.7681302458923874,8
noisy,0.12,g5_near_manifold,autoregressive_transformer,signed_classifier,witness_nrmse,0.8465662566902973,0.7618448432029276,0.8876935480215308,8
noisy,0.12,g5_near_manifold,autoregressive_transformer,signed_riesz_dictionary,channel_readout_nrmse,6.952770941401345,4.812039459795104,8.470675288568447,8
noisy,0.12,g5_near_manifold,autoregressive_transformer,signed_riesz_dictionary,witness_nrmse,13.888487018768085,11.0321789521352,17.082947331089137,8
noisy,0.12,g5_near_manifold,bounded_energy,direct_coupled_samples,channel_readout_nrmse,0.8174217440769279,0.7687842304993986,0.952228612129028,8
noisy,0.12,g5_near_manifold,bounded_energy,signed_classifier,channel_readout_nrmse,1.2423349030329491,0.7292670383395906,1.998776333600758,8
noisy,0.12,g5_near_manifold,bounded_energy,signed_classifier,witness_nrmse,0.965714088453147,0.9074369356419729,1.094967212852051,8
noisy,0.12,g5_near_manifold,bounded_energy,signed_riesz_dictionary,channel_readout_nrmse,52.66012077304417,38.24888599483183,71.76640629526804,8
noisy,0.12,g5_near_manifold,bounded_energy,signed_riesz_dictionary,witness_nrmse,51.25239736456319,35.76951543415605,58.98257527991821,8
noisy,0.12,g5_near_manifold,diffusion_edm,direct_coupled_samples,channel_readout_nrmse,0.6760525137348392,0.5223043401629681,0.8343555201558451,8
noisy,0.12,g5_near_manifold,diffusion_edm,history_tangent_finite_target,channel_readout_nrmse,2.1383991021964337,1.4687860716824912,3.6369088330247057,8
noisy,0.12,g5_near_manifold,diffusion_edm,history_tangent_finite_target,witness_nrmse,2.168423980201124,1.6853160676808248,2.371960074952768,8
noisy,0.12,g5_near_manifold,diffusion_edm,signed_classifier,channel_readout_nrmse,0.6440607822345062,0.5873734589988953,0.6784901925631026,8
noisy,0.12,g5_near_manifold,diffusion_edm,signed_classifier,witness_nrmse,0.8199305645632857,0.7635889703587093,0.8652210091717337,8
noisy,0.12,g5_near_manifold,diffusion_edm,signed_riesz_dictionary,channel_readout_nrmse,16.076510585196466,13.365329931402442,21.859185205364923,8
noisy,0.12,g5_near_manifold,diffusion_edm,signed_riesz_dictionary,witness_nrmse,20.117570016133598,16.62158351955231,25.68466424376874,8
noisy,0.12,g5_near_manifold,diffusion_gaussian_anchored,direct_coupled_samples,channel_readout_nrmse,0.679960139294555,0.6361751822669328,0.7673045174461042,8
noisy,0.12,g5_near_manifold,diffusion_gaussian_anchored,history_tangent_finite_target,channel_readout_nrmse,2.8671019782058416,2.4687107210609267,3.5346391665156682,8
noisy,0.12,g5_near_manifold,diffusion_gaussian_anchored,history_tangent_finite_target,witness_nrmse,4.877286046305516,4.579630032103454,5.973824279911289,8
noisy,0.12,g5_near_manifold,diffusion_gaussian_anchored,signed_classifier,channel_readout_nrmse,0.7158378520578752,0.5789510658034622,0.7694479889384167,8
noisy,0.12,g5_near_manifold,diffusion_gaussian_anchored,signed_classifier,witness_nrmse,0.8546295490633673,0.7957015219188335,0.8807373673555117,8
noisy,0.12,g5_near_manifold,diffusion_gaussian_anchored,signed_riesz_dictionary,channel_readout_nrmse,18.16955343771344,13.69434896978045,22.731531508778136,8
noisy,0.12,g5_near_manifold,diffusion_gaussian_anchored,signed_riesz_dictionary,witness_nrmse,23.745962497600228,17.12537461590063,29.60381751168125,8
noisy,0.12,g5_near_manifold,diffusion_legacy,direct_coupled_samples,channel_readout_nrmse,1.0210153218682967,1.0071629946077054,1.0358574144228387,8
noisy,0.12,g5_near_manifold,diffusion_legacy,history_tangent_finite_target,channel_readout_nrmse,0.8355126979047032,0.8048113591450803,0.9374483714978326,8
noisy,0.12,g5_near_manifold,diffusion_legacy,history_tangent_finite_target,witness_nrmse,0.8704415540350933,0.862761468785074,0.9000658667826917,8
noisy,0.12,g5_near_manifold,diffusion_legacy,signed_classifier,channel_readout_nrmse,1.013858351479156,0.9994478653377262,1.016102635783561,8
noisy,0.12,g5_near_manifold,diffusion_legacy,signed_classifier,witness_nrmse,1.0006602942111211,0.9991072406856609,1.0028934516665773,8
noisy,0.12,g5_near_manifold,diffusion_legacy,signed_riesz_dictionary,channel_readout_nrmse,33.354240136797856,19.388938329307955,43.28149750836974,8
noisy,0.12,g5_near_manifold,diffusion_legacy,signed_riesz_dictionary,witness_nrmse,28.901290567128612,27.423919655073725,40.01020497428415,8
noisy,0.12,g5_near_manifold,flow_matching,direct_coupled_samples,channel_readout_nrmse,0.6773123703746193,0.3940100041011388,0.8133478666575857,8
noisy,0.12,g5_near_manifold,flow_matching,signed_classifier,channel_readout_nrmse,0.638676130426538,0.5608005360278784,0.7211181432914016,8
noisy,0.12,g5_near_manifold,flow_matching,signed_classifier,witness_nrmse,0.8176445141127905,0.730101609505585,0.863603326207686,8
noisy,0.12,g5_near_manifold,flow_matching,signed_riesz_dictionary,channel_readout_nrmse,14.50512138604811,12.17605993579642,19.17001575802429,8
noisy,0.12,g5_near_manifold,flow_matching,signed_riesz_dictionary,witness_nrmse,20.439142373537983,17.49918046975589,25.59377484497947,8
noisy,0.12,g5_near_manifold,flow_matching_gaussian_source,direct_coupled_samples,channel_readout_nrmse,0.9089784139011106,0.7463090132055683,1.0070758824802875,8
noisy,0.12,g5_near_manifold,flow_matching_gaussian_source,signed_classifier,channel_readout_nrmse,0.6612529680041969,0.6297817458146949,0.7543486513991003,8
noisy,0.12,g5_near_manifold,flow_matching_gaussian_source,signed_classifier,witness_nrmse,0.8475779682686191,0.8251909868264825,0.8634878088226848,8
noisy,0.12,g5_near_manifold,flow_matching_gaussian_source,signed_riesz_dictionary,channel_readout_nrmse,14.224725140973467,10.829881651461172,19.905684867632612,8
noisy,0.12,g5_near_manifold,flow_matching_gaussian_source,signed_riesz_dictionary,witness_nrmse,25.179501999516635,16.791954058121508,29.00375325035395,8
noisy,0.12,g5_near_manifold,gaussian_dsm,direct_coupled_samples,channel_readout_nrmse,0.7445963593350052,0.6905494217322237,0.882982930595285,8
noisy,0.12,g5_near_manifold,gaussian_dsm,signed_classifier,channel_readout_nrmse,1.465278564915182,0.824694171901374,2.083269566397871,8
noisy,0.12,g5_near_manifold,gaussian_dsm,signed_classifier,witness_nrmse,1.0507644946189012,0.9915057116370903,1.2209998759294876,8
noisy,0.12,g5_near_manifold,gaussian_dsm,signed_riesz_dictionary,channel_readout_nrmse,60.34685059882942,45.75099389733785,65.95557068329919,8
noisy,0.12,g5_near_manifold,gaussian_dsm,signed_riesz_dictionary,witness_nrmse,53.42752675748815,42.44482578036653,59.04764551052206,8
noisy,0.12,g5_near_manifold,gaussian_nll,direct_coupled_samples,channel_readout_nrmse,0.7473239166455811,0.6685705571383933,0.8547990212172814,8
noisy,0.12,g5_near_manifold,gaussian_nll,signed_classifier,channel_readout_nrmse,1.4423718352966406,0.8768360011199382,2.0138019660816937,8
noisy,0.12,g5_near_manifold,gaussian_nll,signed_classifier,witness_nrmse,1.0475014691459208,0.9773612635194665,1.172171636851517,8
noisy,0.12,g5_near_manifold,gaussian_nll,signed_riesz_dictionary,channel_readout_nrmse,63.29272916561838,46.23526019330424,69.6766644339997,8
noisy,0.12,g5_near_manifold,gaussian_nll,signed_riesz_dictionary,witness_nrmse,56.167646620162486,39.84569682868064,64.58501286109808,8
noisy,0.12,g5_near_manifold,mean,direct_coupled_samples,channel_readout_nrmse,0.8405288928430967,0.8072353556373955,0.9465736353092281,8
noisy,0.12,g5_near_manifold,mean,signed_classifier,channel_readout_nrmse,1.3638561824802315,0.8348939483739861,2.410616428938023,8
noisy,0.12,g5_near_manifold,mean,signed_classifier,witness_nrmse,1.147018859026354,0.9444743226179305,1.3656961820183857,8
noisy,0.12,g5_near_manifold,mean,signed_riesz_dictionary,channel_readout_nrmse,61.638566366169165,48.4361661198511,79.04801465754831,8
noisy,0.12,g5_near_manifold,mean,signed_riesz_dictionary,witness_nrmse,65.3892241174238,47.557356076940835,77.8747238060063,8
noisy,0.12,g5_near_manifold,oracle_predictive_law,direct_coupled_samples,channel_readout_nrmse,0.40696358196278676,0.29755630420875046,0.5173775654670402,4
noisy,0.12,g5_near_manifold,oracle_predictive_law,oracle_finite_witness,channel_readout_nrmse,0.2849856078804846,0.22214313335379926,0.35910866688819776,4
noisy,0.12,g5_near_manifold,oracle_predictive_law,oracle_finite_witness,witness_nrmse,0.0,0.0,0.0,4
noisy,0.12,g5_near_manifold,oracle_predictive_law,oracle_infinitesimal_tangent,channel_readout_nrmse,0.3274819780317082,0.2933404745034351,0.3699871320473673,4
noisy,0.12,g5_near_manifold,oracle_predictive_law,oracle_infinitesimal_tangent,witness_nrmse,0.12012634976500015,0.057356126044538,0.18717982702023633,4
noisy,0.12,g5_near_manifold,oracle_predictive_law,signed_classifier,channel_readout_nrmse,0.6041713858690179,0.5306076813209077,0.6623026636985665,4
noisy,0.12,g5_near_manifold,oracle_predictive_law,signed_classifier,witness_nrmse,0.8435487526002309,0.7770697747550557,0.8708857641751497,4
noisy,0.12,g5_near_manifold,oracle_predictive_law,signed_riesz_dictionary,channel_readout_nrmse,1.4617291362176732,1.001950259595691,1.9094497955355827,4
noisy,0.12,g5_near_manifold,oracle_predictive_law,signed_riesz_dictionary,witness_nrmse,3.625853589189792,3.1171161090677257,4.499650201553824,4
noisy,0.12,g6_rough,affine_flow,direct_coupled_samples,channel_readout_nrmse,0.6506464906884004,0.6155452673852505,0.7345283459673402,8
noisy,0.12,g6_rough,affine_flow,signed_classifier,channel_readout_nrmse,0.576425282595705,0.557371284437159,0.676623851327625,8
noisy,0.12,g6_rough,affine_flow,signed_classifier,witness_nrmse,0.7078969943996594,0.6880562745737986,0.7380830035231213,8
noisy,0.12,g6_rough,affine_flow,signed_riesz_dictionary,channel_readout_nrmse,21.93703217191294,19.543594573326633,26.073573210582477,8
noisy,0.12,g6_rough,affine_flow,signed_riesz_dictionary,witness_nrmse,21.709091239417017,19.978771081475358,22.159237637599126,8
noisy,0.12,g6_rough,autoregressive_mdn,direct_coupled_samples,channel_readout_nrmse,1.1091429032172768,0.9354439128287901,1.2147338462976203,8
noisy,0.12,g6_rough,autoregressive_mdn,signed_classifier,channel_readout_nrmse,0.6144316878049407,0.5575414348236929,0.7086500650387315,8
noisy,0.12,g6_rough,autoregressive_mdn,signed_classifier,witness_nrmse,0.7422194428054796,0.71336220341984,0.79094437104175,8
noisy,0.12,g6_rough,autoregressive_mdn,signed_riesz_dictionary,channel_readout_nrmse,20.930831406114542,17.38905254369042,24.17878932635204,8
noisy,0.12,g6_rough,autoregressive_mdn,signed_riesz_dictionary,witness_nrmse,22.55300489325999,19.23316283482417,24.844863321657716,8
noisy,0.12,g6_rough,bounded_energy,direct_coupled_samples,channel_readout_nrmse,1.2778689201113984,0.9194375660278552,1.3209450531490998,8
noisy,0.12,g6_rough,bounded_energy,signed_classifier,channel_readout_nrmse,0.6171585574640199,0.529763521480656,0.6722153183683648,8
noisy,0.12,g6_rough,bounded_energy,signed_classifier,witness_nrmse,0.7076184345424181,0.6790220911016557,0.7359247097677598,8
noisy,0.12,g6_rough,bounded_energy,signed_riesz_dictionary,channel_readout_nrmse,20.922657645627282,19.706012182387063,25.42166451621192,8
noisy,0.12,g6_rough,bounded_energy,signed_riesz_dictionary,witness_nrmse,21.91358115178501,20.108922911713094,24.25586880441238,8
noisy,0.12,g6_rough,diffusion_edm,direct_coupled_samples,channel_readout_nrmse,0.5597869120975616,0.5139435111148426,0.5859890951245618,8
noisy,0.12,g6_rough,diffusion_edm,history_tangent_finite_target,channel_readout_nrmse,0.9177250533244772,0.8453995672770147,1.090259682028639,8
noisy,0.12,g6_rough,diffusion_edm,history_tangent_finite_target,witness_nrmse,0.9344148342518649,0.8253899409152756,0.9903288441724545,8
noisy,0.12,g6_rough,diffusion_edm,signed_classifier,channel_readout_nrmse,0.5151384485887203,0.4847021910886376,0.612331034911401,8
noisy,0.12,g6_rough,diffusion_edm,signed_classifier,witness_nrmse,0.7138083971085609,0.6914921527507285,0.7438538794716127,8
noisy,0.12,g6_rough,diffusion_edm,signed_riesz_dictionary,channel_readout_nrmse,17.972934189591967,13.607244198972305,20.361199337363693,8
noisy,0.12,g6_rough,diffusion_edm,signed_riesz_dictionary,witness_nrmse,17.124714300950075,16.49473935730259,18.104773826952496,8
noisy,0.12,g6_rough,diffusion_gaussian_anchored,direct_coupled_samples,channel_readout_nrmse,0.5726349798668418,0.4656921949723263,0.615863148012454,8
noisy,0.12,g6_rough,diffusion_gaussian_anchored,history_tangent_finite_target,channel_readout_nrmse,0.9272757557963898,0.7633443465981522,1.051048044939709,8
noisy,0.12,g6_rough,diffusion_gaussian_anchored,history_tangent_finite_target,witness_nrmse,0.9416375628593432,0.8208736715410465,0.9950885786220912,8
noisy,0.12,g6_rough,diffusion_gaussian_anchored,signed_classifier,channel_readout_nrmse,0.5714056018533493,0.5379844013345884,0.6613995348988672,8
noisy,0.12,g6_rough,diffusion_gaussian_anchored,signed_classifier,witness_nrmse,0.7157877759648612,0.6839898032041953,0.7434198693994741,8
noisy,0.12,g6_rough,diffusion_gaussian_anchored,signed_riesz_dictionary,channel_readout_nrmse,21.826800867266897,20.234719164765202,25.961163550586797,8
noisy,0.12,g6_rough,diffusion_gaussian_anchored,signed_riesz_dictionary,witness_nrmse,21.69458622976368,20.301646426695754,23.00012110117164,8
noisy,0.12,g6_rough,diffusion_legacy,direct_coupled_samples,channel_readout_nrmse,1.30161264072018,1.2253613497063278,1.3195746633006558,8
noisy,0.12,g6_rough,diffusion_legacy,history_tangent_finite_target,channel_readout_nrmse,0.5418953116272833,0.47458318814235473,0.5989056548619505,8
noisy,0.12,g6_rough,diffusion_legacy,history_tangent_finite_target,witness_nrmse,0.6989265182046394,0.6438843817710209,0.7367079055376364,8
noisy,0.12,g6_rough,diffusion_legacy,signed_classifier,channel_readout_nrmse,1.0026186543454008,0.9941388917473489,1.0178976425470379,8
noisy,0.12,g6_rough,diffusion_legacy,signed_classifier,witness_nrmse,0.9979284053729461,0.9948759392783944,1.0020465865519523,8
noisy,0.12,g6_rough,diffusion_legacy,signed_riesz_dictionary,channel_readout_nrmse,2.340352601454458,2.016739851111052,2.7468634931533056,8
noisy,0.12,g6_rough,diffusion_legacy,signed_riesz_dictionary,witness_nrmse,2.80957069795237,2.680338890742943,3.0542762162527555,8
noisy,0.12,g6_rough,flow_matching,direct_coupled_samples,channel_readout_nrmse,0.475596848946538,0.44097651795444465,0.5062253840561802,8
noisy,0.12,g6_rough,flow_matching,signed_classifier,channel_readout_nrmse,0.5619379736480583,0.5437517688681435,0.611426434158935,8
noisy,0.12,g6_rough,flow_matching,signed_classifier,witness_nrmse,0.7111099165518361,0.6781678704197501,0.7546386610079872,8
noisy,0.12,g6_rough,flow_matching,signed_riesz_dictionary,channel_readout_nrmse,21.364429700938214,20.22176959242597,22.218414058378247,8
noisy,0.12,g6_rough,flow_matching,signed_riesz_dictionary,witness_nrmse,21.074297038335047,20.003490869328175,21.970792329010138,8
noisy,0.12,g6_rough,flow_matching_gaussian_source,direct_coupled_samples,channel_readout_nrmse,0.6250975011534864,0.6011393182418344,0.6652253549151101,8
noisy,0.12,g6_rough,flow_matching_gaussian_source,signed_classifier,channel_readout_nrmse,0.5998223015299735,0.5780002086507996,0.6868410534721683,8
noisy,0.12,g6_rough,flow_matching_gaussian_source,signed_classifier,witness_nrmse,0.7263706063991394,0.6863510520466223,0.765860005700531,8
noisy,0.12,g6_rough,flow_matching_gaussian_source,signed_riesz_dictionary,channel_readout_nrmse,21.902887543905223,17.356695485756788,29.09559820451373,8
noisy,0.12,g6_rough,flow_matching_gaussian_source,signed_riesz_dictionary,witness_nrmse,21.933358506383897,20.559052290167156,25.487654968341612,8
noisy,0.12,g6_rough,gaussian_dsm,direct_coupled_samples,channel_readout_nrmse,0.5697438038558102,0.49879549794640854,0.667040141971603,8
noisy,0.12,g6_rough,gaussian_dsm,signed_classifier,channel_readout_nrmse,0.6054974629807199,0.548424428132511,0.6505240131197434,8
noisy,0.12,g6_rough,gaussian_dsm,signed_classifier,witness_nrmse,0.7014240276898699,0.6840795390803088,0.7639298385130451,8
noisy,0.12,g6_rough,gaussian_dsm,signed_riesz_dictionary,channel_readout_nrmse,21.992433617147974,18.86718245430847,24.323164320058613,8
noisy,0.12,g6_rough,gaussian_dsm,signed_riesz_dictionary,witness_nrmse,21.171623755180974,20.90120703037545,21.91187662755606,8
noisy,0.12,g6_rough,gaussian_nll,direct_coupled_samples,channel_readout_nrmse,0.5536867628705058,0.4832908310361921,0.5914902960658939,8
noisy,0.12,g6_rough,gaussian_nll,signed_classifier,channel_readout_nrmse,0.592418471598513,0.526089829524945,0.63537931681514,8
noisy,0.12,g6_rough,gaussian_nll,signed_classifier,witness_nrmse,0.7014215340900104,0.6767979009474995,0.7403553257983997,8
noisy,0.12,g6_rough,gaussian_nll,signed_riesz_dictionary,channel_readout_nrmse,25.764039659772884,23.21948384501325,26.664070484192198,8
noisy,0.12,g6_rough,gaussian_nll,signed_riesz_dictionary,witness_nrmse,22.465554545908958,20.78541118152294,24.104061216112232,8
noisy,0.12,g6_rough,mean,direct_coupled_samples,channel_readout_nrmse,0.4869942320974915,0.41509432492458764,0.49825977381777786,8
noisy,0.12,g6_rough,mean,signed_classifier,channel_readout_nrmse,0.6073588200882944,0.5463835865174044,0.6545865195168951,8
noisy,0.12,g6_rough,mean,signed_classifier,witness_nrmse,0.698654558154586,0.6835056611679191,0.7501535902578058,8
noisy,0.12,g6_rough,mean,signed_riesz_dictionary,channel_readout_nrmse,21.27757386093782,18.92791809536508,24.96255712129056,8
noisy,0.12,g6_rough,mean,signed_riesz_dictionary,witness_nrmse,20.789802853352896,20.0519990294085,21.666408442520666,8
noisy,0.12,g6_rough,oracle_predictive_law,direct_coupled_samples,channel_readout_nrmse,0.2318669908898176,0.1902258080916721,0.27098700381192575,4
noisy,0.12,g6_rough,oracle_predictive_law,oracle_finite_witness,channel_readout_nrmse,0.5237014311370957,0.5125130231906783,0.5377586409671542,4
noisy,0.12,g6_rough,oracle_predictive_law,oracle_finite_witness,witness_nrmse,0.0,0.0,0.0,4
noisy,0.12,g6_rough,oracle_predictive_law,oracle_infinitesimal_tangent,channel_readout_nrmse,0.6047282024239437,0.5914777552041848,0.6200132925197577,4
noisy,0.12,g6_rough,oracle_predictive_law,oracle_infinitesimal_tangent,witness_nrmse,0.2556561755494343,0.2426094360775033,0.26805101041262813,4
noisy,0.12,g6_rough,oracle_predictive_law,signed_classifier,channel_readout_nrmse,0.5622081146898265,0.5567956829492335,0.6024580344297905,4
noisy,0.12,g6_rough,oracle_predictive_law,signed_classifier,witness_nrmse,0.7069363959131548,0.6693802815825884,0.731608922540069,4
noisy,0.12,g6_rough,oracle_predictive_law,signed_riesz_dictionary,channel_readout_nrmse,24.21729594279944,21.379555839204738,27.499514048264007,4
noisy,0.12,g6_rough,oracle_predictive_law,signed_riesz_dictionary,witness_nrmse,24.15720582728501,23.01251074048937,25.46200744736792,4
noisy,0.12,g7_support,affine_flow,direct_coupled_samples,channel_readout_nrmse,0.8391992584302073,0.7597917749131594,1.848860182132927,8
noisy,0.12,g7_support,affine_flow,signed_classifier,channel_readout_nrmse,0.8813269128569767,0.7039627530844467,1.1415430171490257,8
noisy,0.12,g7_support,affine_flow,signed_classifier,witness_nrmse,0.7890749667894514,0.5758047825396582,1.0734456032182669,8
noisy,0.12,g7_support,affine_flow,signed_riesz_dictionary,channel_readout_nrmse,4.149112982363578,2.486766822405709,5.85615179407915,8
noisy,0.12,g7_support,affine_flow,signed_riesz_dictionary,witness_nrmse,9.523415671410977,7.201411566968185,12.78694985204818,8
noisy,0.12,g7_support,autoregressive_mdn,direct_coupled_samples,channel_readout_nrmse,1.9019988785542972,0.910297775473268,3.373811546096734,8
noisy,0.12,g7_support,autoregressive_mdn,signed_classifier,channel_readout_nrmse,0.8495193893125446,0.6979614207486649,1.3298681083407267,8
noisy,0.12,g7_support,autoregressive_mdn,signed_classifier,witness_nrmse,0.8271917176147314,0.612670129403907,1.164558506937975,8
noisy,0.12,g7_support,autoregressive_mdn,signed_riesz_dictionary,channel_readout_nrmse,7.416331059621389,2.2524527322758874,15.162567327812832,8
noisy,0.12,g7_support,autoregressive_mdn,signed_riesz_dictionary,witness_nrmse,25.356631692954515,11.056987818519236,39.537274665882634,8
noisy,0.12,g7_support,bounded_energy,direct_coupled_samples,channel_readout_nrmse,3.183139633454949,1.7742811173936954,5.939482200891078,8
noisy,0.12,g7_support,bounded_energy,signed_classifier,channel_readout_nrmse,1.4295386607539915,1.0104721254398104,1.708097448542618,8
noisy,0.12,g7_support,bounded_energy,signed_classifier,witness_nrmse,1.0670668913365962,0.8773981751769726,1.397690323561336,8
noisy,0.12,g7_support,bounded_energy,signed_riesz_dictionary,channel_readout_nrmse,9.31953603304654,5.35337027140723,19.63378862687266,8
noisy,0.12,g7_support,bounded_energy,signed_riesz_dictionary,witness_nrmse,33.331548075697356,16.02779496958151,51.62703063045884,8
noisy,0.12,g7_support,diffusion_edm,direct_coupled_samples,channel_readout_nrmse,0.8543859278659373,0.6398968714443661,1.1913876950202689,8
noisy,0.12,g7_support,diffusion_edm,history_tangent_finite_target,channel_readout_nrmse,1.6146026067596995,1.2094098607895467,3.282780375522887,8
noisy,0.12,g7_support,diffusion_edm,history_tangent_finite_target,witness_nrmse,2.3734172957668926,1.6117562535476482,3.879254623858929,8
noisy,0.12,g7_support,diffusion_edm,signed_classifier,channel_readout_nrmse,0.8714871737390695,0.7224499828172348,1.0625268757142816,8
noisy,0.12,g7_support,diffusion_edm,signed_classifier,witness_nrmse,0.7272812673198557,0.6720852183631842,0.8711219301944341,8
noisy,0.12,g7_support,diffusion_edm,signed_riesz_dictionary,channel_readout_nrmse,1.9925590312647967,1.3428437124183756,3.4861604334086915,8
noisy,0.12,g7_support,diffusion_edm,signed_riesz_dictionary,witness_nrmse,4.429354768064092,3.792537125342919,5.190495992712269,8
noisy,0.12,g7_support,diffusion_gaussian_anchored,direct_coupled_samples,channel_readout_nrmse,1.1579201331550233,0.7903668205617863,1.5565220455564708,8
noisy,0.12,g7_support,diffusion_gaussian_anchored,history_tangent_finite_target,channel_readout_nrmse,2.2685091983035424,1.2994674422842525,3.8472059154835487,8
noisy,0.12,g7_support,diffusion_gaussian_anchored,history_tangent_finite_target,witness_nrmse,3.8138118841624484,2.4432174788894887,5.353804863136911,8
noisy,0.12,g7_support,diffusion_gaussian_anchored,signed_classifier,channel_readout_nrmse,0.941847784919839,0.6915849849234554,1.3898835391903182,8
noisy,0.12,g7_support,diffusion_gaussian_anchored,signed_classifier,witness_nrmse,0.8425514429865982,0.6375681145156253,1.0638249852651864,8
noisy,0.12,g7_support,diffusion_gaussian_anchored,signed_riesz_dictionary,channel_readout_nrmse,3.339157304951092,2.4808275638531194,8.170277862047397,8
noisy,0.12,g7_support,diffusion_gaussian_anchored,signed_riesz_dictionary,witness_nrmse,9.760802459098091,6.557671548781873,12.183321724555551,8
noisy,0.12,g7_support,diffusion_legacy,direct_coupled_samples,channel_readout_nrmse,1.1269922049356014,1.0962011865385723,1.2869788965138078,8
noisy,0.12,g7_support,diffusion_legacy,history_tangent_finite_target,channel_readout_nrmse,1.5379512578455603,1.0620431360885667,2.0248119566046867,8
noisy,0.12,g7_support,diffusion_legacy,history_tangent_finite_target,witness_nrmse,1.4376513642810276,1.2181696062550502,1.5345861717453773,8
noisy,0.12,g7_support,diffusion_legacy,signed_classifier,channel_readout_nrmse,1.0027445699608308,0.9893291510601343,1.0048682410181824,8
noisy,0.12,g7_support,diffusion_legacy,signed_classifier,witness_nrmse,1.0225885501705236,0.9991324969623722,1.0613106923808762,8
noisy,0.12,g7_support,diffusion_legacy,signed_riesz_dictionary,channel_readout_nrmse,0.9908993757018825,0.9903012666109243,0.9929604708478894,8
noisy,0.12,g7_support,diffusion_legacy,signed_riesz_dictionary,witness_nrmse,0.9865552702767156,0.9845190567786639,0.9881544070695176,8
noisy,0.12,g7_support,flow_matching,direct_coupled_samples,channel_readout_nrmse,0.9478097326142071,0.6784737556990822,1.3443529469845863,8
noisy,0.12,g7_support,flow_matching,signed_classifier,channel_readout_nrmse,0.9127142086355197,0.7335411118642041,1.1343815526833603,8
noisy,0.12,g7_support,flow_matching,signed_classifier,witness_nrmse,0.7212609826403646,0.6012573696864143,0.970877993177891,8
noisy,0.12,g7_support,flow_matching,signed_riesz_dictionary,channel_readout_nrmse,2.6382938927958275,1.9246410996028023,5.45412962194494,8
noisy,0.12,g7_support,flow_matching,signed_riesz_dictionary,witness_nrmse,5.307908348031638,4.462510201049759,6.63067395881944,8
noisy,0.12,g7_support,flow_matching_gaussian_source,direct_coupled_samples,channel_readout_nrmse,0.9725950206295102,0.7110157500841345,1.5920998283188625,8
noisy,0.12,g7_support,flow_matching_gaussian_source,signed_classifier,channel_readout_nrmse,0.8828659005927093,0.7049041117291551,1.3779889186313756,8
noisy,0.12,g7_support,flow_matching_gaussian_source,signed_classifier,witness_nrmse,0.8170879329063829,0.5984922053969213,1.2185072270665982,8
noisy,0.12,g7_support,flow_matching_gaussian_source,signed_riesz_dictionary,channel_readout_nrmse,3.5638377717628122,2.268028432249415,8.051171199299388,8
noisy,0.12,g7_support,flow_matching_gaussian_source,signed_riesz_dictionary,witness_nrmse,9.779273739421283,6.897265477163053,15.263259042303877,8
noisy,0.12,g7_support,gaussian_dsm,direct_coupled_samples,channel_readout_nrmse,1.2055892833940836,0.8523187301894047,2.210841779360798,8
noisy,0.12,g7_support,gaussian_dsm,signed_classifier,channel_readout_nrmse,1.7842673461151333,1.4507633334827985,2.048855112053037,8
noisy,0.12,g7_support,gaussian_dsm,signed_classifier,witness_nrmse,1.3005907483100327,1.1495916578347396,1.5589320888774483,8
noisy,0.12,g7_support,gaussian_dsm,signed_riesz_dictionary,channel_readout_nrmse,7.757989629637234,5.719017753778701,9.968253220192725,8
noisy,0.12,g7_support,gaussian_dsm,signed_riesz_dictionary,witness_nrmse,11.71019523220566,9.29433498071078,13.21072792276852,8
noisy,0.12,g7_support,gaussian_nll,direct_coupled_samples,channel_readout_nrmse,1.1049467930352441,0.7796232179506729,1.4180778742670306,8
noisy,0.12,g7_support,gaussian_nll,signed_classifier,channel_readout_nrmse,1.5360267825568081,1.2047667018106365,1.6986650277740305,8
noisy,0.12,g7_support,gaussian_nll,signed_classifier,witness_nrmse,1.1608636758839919,0.9262610398579451,1.3566898462465455,8
noisy,0.12,g7_support,gaussian_nll,signed_riesz_dictionary,channel_readout_nrmse,7.059319173273539,5.866438035107591,10.17038885842691,8
noisy,0.12,g7_support,gaussian_nll,signed_riesz_dictionary,witness_nrmse,10.4119914776427,9.473172180745191,13.69532971685004,8
noisy,0.12,g7_support,mean,direct_coupled_samples,channel_readout_nrmse,1.032125071194172,0.858552013317966,1.262294989188143,8
noisy,0.12,g7_support,mean,signed_classifier,channel_readout_nrmse,1.7497671917736168,1.4932545796684737,1.8566488468123588,8
noisy,0.12,g7_support,mean,signed_classifier,witness_nrmse,1.2650411956568606,1.1463182050667413,1.3941679579160393,8
noisy,0.12,g7_support,mean,signed_riesz_dictionary,channel_readout_nrmse,6.171578859121186,4.562771747882756,6.747912772109172,8
noisy,0.12,g7_support,mean,signed_riesz_dictionary,witness_nrmse,9.761269526173706,9.104625956484359,10.529066970647612,8
noisy,0.12,g7_support,oracle_predictive_law,direct_coupled_samples,channel_readout_nrmse,1.10941977788096,0.9072034916817734,1.4761969055676647,4
noisy,0.12,g7_support,oracle_predictive_law,oracle_finite_witness,channel_readout_nrmse,0.864376955333313,0.6560945494907066,1.1961123350082048,4
noisy,0.12,g7_support,oracle_predictive_law,oracle_finite_witness,witness_nrmse,0.0,0.0,0.0,4
noisy,0.12,g7_support,oracle_predictive_law,oracle_infinitesimal_tangent,channel_readout_nrmse,0.8645350151218936,0.656273499192118,1.1961975599515795,4
noisy,0.12,g7_support,oracle_predictive_law,oracle_infinitesimal_tangent,witness_nrmse,0.00113846554008155,0.00013436892216325,0.002161109880623025,4
noisy,0.12,g7_support,oracle_predictive_law,signed_classifier,channel_readout_nrmse,0.8485135604905402,0.7388321606384711,1.0661725880704656,4
noisy,0.12,g7_support,oracle_predictive_law,signed_classifier,witness_nrmse,0.7438168982572166,0.6845588225604582,0.7704321476812929,4
noisy,0.12,g7_support,oracle_predictive_law,signed_riesz_dictionary,channel_readout_nrmse,3.2460677670972706,1.8442236517066262,4.6902433801632,4
noisy,0.12,g7_support,oracle_predictive_law,signed_riesz_dictionary,witness_nrmse,9.20651789943321,7.001688835914496,11.793999933980626,4
noisy,0.12,g8_functional_shape,affine_flow,direct_coupled_samples,channel_readout_nrmse,1.0039283299074637,0.9989401747794302,1.0134046248827902,8
noisy,0.12,g8_functional_shape,affine_flow,signed_classifier,channel_readout_nrmse,1.0021890103117006,0.9972743883571973,1.0091704761176752,8
noisy,0.12,g8_functional_shape,affine_flow,signed_classifier,witness_nrmse,1.010330032919541,1.0070985556129062,1.0109764351822998,8
noisy,0.12,g8_functional_shape,affine_flow,signed_riesz_dictionary,channel_readout_nrmse,15.49651705643182,10.969943340470365,16.48329945819267,8
noisy,0.12,g8_functional_shape,affine_flow,signed_riesz_dictionary,witness_nrmse,41.122617466237664,37.48359806352752,42.709380517847606,8
noisy,0.12,g8_functional_shape,autoregressive_mdn,direct_coupled_samples,channel_readout_nrmse,1.1017709801683915,1.0776142774843842,1.1329893155469217,8
noisy,0.12,g8_functional_shape,autoregressive_mdn,signed_classifier,channel_readout_nrmse,1.0053879438798012,1.0025775232027185,1.0131815961541415,8
noisy,0.12,g8_functional_shape,autoregressive_mdn,signed_classifier,witness_nrmse,1.002000303534118,1.0001761869286465,1.0136916167530183,8
noisy,0.12,g8_functional_shape,autoregressive_mdn,signed_riesz_dictionary,channel_readout_nrmse,12.384637872373743,10.870445698308124,13.53206348061331,8
noisy,0.12,g8_functional_shape,autoregressive_mdn,signed_riesz_dictionary,witness_nrmse,52.00598101991676,48.678325874488294,52.599210003945025,8
noisy,0.12,g8_functional_shape,autoregressive_transformer,direct_coupled_samples,channel_readout_nrmse,1.029969975888816,1.0011521119208708,1.0340640419794396,8
noisy,0.12,g8_functional_shape,autoregressive_transformer,signed_classifier,channel_readout_nrmse,1.0015484563357115,0.9899983415131786,1.0036011176525361,8
noisy,0.12,g8_functional_shape,autoregressive_transformer,signed_classifier,witness_nrmse,1.010034273309536,1.0065009261164208,1.0138984303052214,8
noisy,0.12,g8_functional_shape,autoregressive_transformer,signed_riesz_dictionary,channel_readout_nrmse,11.149305034498608,9.89848793998403,12.179870670615182,8
noisy,0.12,g8_functional_shape,autoregressive_transformer,signed_riesz_dictionary,witness_nrmse,42.26127684244,38.503856295471365,44.724447176443405,8
noisy,0.12,g8_functional_shape,bounded_energy,direct_coupled_samples,channel_readout_nrmse,1.090798006603098,1.0476556887978303,1.1280102328597352,8
noisy,0.12,g8_functional_shape,bounded_energy,signed_classifier,channel_readout_nrmse,1.0271118238517807,1.0181556822968032,1.0390494685958935,8
noisy,0.12,g8_functional_shape,bounded_energy,signed_classifier,witness_nrmse,1.0292700374815804,1.0136590644505157,1.047528099792083,8
noisy,0.12,g8_functional_shape,bounded_energy,signed_riesz_dictionary,channel_readout_nrmse,47.131377358420174,44.50950861049762,57.82947892545238,8
noisy,0.12,g8_functional_shape,bounded_energy,signed_riesz_dictionary,witness_nrmse,107.39891796149934,89.34710742780271,114.67837081435245,8
noisy,0.12,g8_functional_shape,diffusion_edm,direct_coupled_samples,channel_readout_nrmse,1.0035585291283058,0.9999198935776563,1.008836900200687,8
noisy,0.12,g8_functional_shape,diffusion_edm,history_tangent_finite_target,channel_readout_nrmse,1.290036728886801,1.223737475158415,1.35929131753465,8
noisy,0.12,g8_functional_shape,diffusion_edm,history_tangent_finite_target,witness_nrmse,1.3556914764625072,1.2778978973544273,1.4944146090145896,8
noisy,0.12,g8_functional_shape,diffusion_edm,signed_classifier,channel_readout_nrmse,1.004175502051964,1.0016102242221276,1.0132042695748353,8
noisy,0.12,g8_functional_shape,diffusion_edm,signed_classifier,witness_nrmse,1.0073430024061851,1.0015680277582626,1.0087828349982155,8
noisy,0.12,g8_functional_shape,diffusion_edm,signed_riesz_dictionary,channel_readout_nrmse,7.405762609543981,6.844584941930181,9.46827768401872,8
noisy,0.12,g8_functional_shape,diffusion_edm,signed_riesz_dictionary,witness_nrmse,19.16141272840466,18.5650484734973,22.273947453930745,8
noisy,0.12,g8_functional_shape,diffusion_gaussian_anchored,direct_coupled_samples,channel_readout_nrmse,1.0172021158998747,1.0086405411948287,1.0248138628171666,8
noisy,0.12,g8_functional_shape,diffusion_gaussian_anchored,history_tangent_finite_target,channel_readout_nrmse,1.117519580792299,1.0676002345841336,1.1487685740393219,8
noisy,0.12,g8_functional_shape,diffusion_gaussian_anchored,history_tangent_finite_target,witness_nrmse,1.4317330204109773,1.325325275564512,1.479054728271313,8
noisy,0.12,g8_functional_shape,diffusion_gaussian_anchored,signed_classifier,channel_readout_nrmse,1.0112122441917495,1.0025766986638187,1.0191181393415325,8
noisy,0.12,g8_functional_shape,diffusion_gaussian_anchored,signed_classifier,witness_nrmse,1.0094915988848752,1.0058100187625298,1.015739396927942,8
noisy,0.12,g8_functional_shape,diffusion_gaussian_anchored,signed_riesz_dictionary,channel_readout_nrmse,14.359395481526082,10.99891416809675,17.24818620274798,8
noisy,0.12,g8_functional_shape,diffusion_gaussian_anchored,signed_riesz_dictionary,witness_nrmse,55.783107581355665,42.67198507835026,58.302826689063835,8
noisy,0.12,g8_functional_shape,diffusion_legacy,direct_coupled_samples,channel_readout_nrmse,1.0003843060591455,0.9996635585080179,1.00123770959374,8
noisy,0.12,g8_functional_shape,diffusion_legacy,history_tangent_finite_target,channel_readout_nrmse,1.0112784370242172,1.0058695239407411,1.0154567960075522,8
noisy,0.12,g8_functional_shape,diffusion_legacy,history_tangent_finite_target,witness_nrmse,1.0464813735362917,1.0431346995704454,1.0546528142656908,8
noisy,0.12,g8_functional_shape,diffusion_legacy,signed_classifier,channel_readout_nrmse,0.9994307257344538,0.9985591421220128,1.0011265303139654,8
noisy,0.12,g8_functional_shape,diffusion_legacy,signed_classifier,witness_nrmse,1.0031125777787429,1.000972289398877,1.004120723589311,8
noisy,0.12,g8_functional_shape,diffusion_legacy,signed_riesz_dictionary,channel_readout_nrmse,8.920549061760099,6.052209060232858,12.597077052694353,8
noisy,0.12,g8_functional_shape,diffusion_legacy,signed_riesz_dictionary,witness_nrmse,25.943698272171186,20.439352230633816,32.71394790810934,8
noisy,0.12,g8_functional_shape,flow_matching,direct_coupled_samples,channel_readout_nrmse,1.004021999070741,1.0023065721275521,1.0058503912941263,8
noisy,0.12,g8_functional_shape,flow_matching,signed_classifier,channel_readout_nrmse,1.007186654714722,1.0037002186501363,1.0106822976515142,8
noisy,0.12,g8_functional_shape,flow_matching,signed_classifier,witness_nrmse,1.007471535210021,1.0057744933862678,1.0112247554865201,8
noisy,0.12,g8_functional_shape,flow_matching,signed_riesz_dictionary,channel_readout_nrmse,5.1402988889111425,4.695202500826741,5.612428065855121,8
noisy,0.12,g8_functional_shape,flow_matching,signed_riesz_dictionary,witness_nrmse,17.16248677845561,15.496057187691562,19.31816817955123,8
noisy,0.12,g8_functional_shape,flow_matching_gaussian_source,direct_coupled_samples,channel_readout_nrmse,1.0236589803628506,1.0161916791859158,1.0275364014104704,8
noisy,0.12,g8_functional_shape,flow_matching_gaussian_source,signed_classifier,channel_readout_nrmse,1.0134371214434608,1.0116602974851374,1.0182485426459102,8
noisy,0.12,g8_functional_shape,flow_matching_gaussian_source,signed_classifier,witness_nrmse,1.0059278337624336,1.004378781762535,1.0108599545372756,8
noisy,0.12,g8_functional_shape,flow_matching_gaussian_source,signed_riesz_dictionary,channel_readout_nrmse,11.236822363211191,10.319442781547979,16.616027175119633,8
noisy,0.12,g8_functional_shape,flow_matching_gaussian_source,signed_riesz_dictionary,witness_nrmse,45.65895157082174,35.11173384751826,47.141511226395586,8
noisy,0.12,g8_functional_shape,gaussian_dsm,direct_coupled_samples,channel_readout_nrmse,1.0073014864759955,1.0037395518915126,1.0103006543108335,8
noisy,0.12,g8_functional_shape,gaussian_dsm,signed_classifier,channel_readout_nrmse,1.0224100055880228,1.0136323755226035,1.0335520104836968,8
noisy,0.12,g8_functional_shape,gaussian_dsm,signed_classifier,witness_nrmse,1.0199480205196054,1.0183266369470478,1.032705397869153,8
noisy,0.12,g8_functional_shape,gaussian_dsm,signed_riesz_dictionary,channel_readout_nrmse,46.94204586824639,42.278832218875536,52.845999577143395,8
noisy,0.12,g8_functional_shape,gaussian_dsm,signed_riesz_dictionary,witness_nrmse,98.75732788788348,94.58328271792453,107.88711062434619,8
noisy,0.12,g8_functional_shape,gaussian_nll,direct_coupled_samples,channel_readout_nrmse,1.0102327824330612,1.0029463579660483,1.0130857953606003,8
noisy,0.12,g8_functional_shape,gaussian_nll,signed_classifier,channel_readout_nrmse,1.0269728719768842,1.0148193816793607,1.0465171628622156,8
noisy,0.12,g8_functional_shape,gaussian_nll,signed_classifier,witness_nrmse,1.0267113144394515,1.0107755006342896,1.042169462918498,8
noisy,0.12,g8_functional_shape,gaussian_nll,signed_riesz_dictionary,channel_readout_nrmse,57.5523022062569,50.9708152660403,72.29306565848964,8
noisy,0.12,g8_functional_shape,gaussian_nll,signed_riesz_dictionary,witness_nrmse,121.22948171244502,92.53488933617328,136.25686931207528,8
noisy,0.12,g8_functional_shape,mean,direct_coupled_samples,channel_readout_nrmse,1.007054980928221,1.004118086132131,1.0100710756373277,8
noisy,0.12,g8_functional_shape,mean,signed_classifier,channel_readout_nrmse,1.0342110383582317,1.0266089008231079,1.0431587868865897,8
noisy,0.12,g8_functional_shape,mean,signed_classifier,witness_nrmse,1.031984823343714,1.0232383461079761,1.0395857415814298,8
noisy,0.12,g8_functional_shape,mean,signed_riesz_dictionary,channel_readout_nrmse,64.39021578884737,56.22723217626081,69.81347356108569,8
noisy,0.12,g8_functional_shape,mean,signed_riesz_dictionary,witness_nrmse,136.17392279964946,120.83171691445699,142.5545636839177,8
noisy,0.12,g8_functional_shape,oracle_predictive_law,direct_coupled_samples,channel_readout_nrmse,1.2769684898649927,1.1087576234829062,1.445684388536138,4
noisy,0.12,g8_functional_shape,oracle_predictive_law,oracle_finite_witness,channel_readout_nrmse,0.9940121298811311,0.9912648644938634,0.9978035389542518,4
noisy,0.12,g8_functional_shape,oracle_predictive_law,oracle_finite_witness,witness_nrmse,0.0,0.0,0.0,4
noisy,0.12,g8_functional_shape,oracle_predictive_law,oracle_infinitesimal_tangent,channel_readout_nrmse,0.9940138848348383,0.9912475440472179,0.9978212917140177,4
noisy,0.12,g8_functional_shape,oracle_predictive_law,oracle_infinitesimal_tangent,witness_nrmse,0.0029829487037757,0.002896401958859725,0.003138861779061075,4
noisy,0.12,g8_functional_shape,oracle_predictive_law,signed_classifier,channel_readout_nrmse,0.9968384924228462,0.9924882562454138,1.000338709599362,4
noisy,0.12,g8_functional_shape,oracle_predictive_law,signed_classifier,witness_nrmse,1.0015732474409165,1.000205362597393,1.0051804927647252,4
noisy,0.12,g8_functional_shape,oracle_predictive_law,signed_riesz_dictionary,channel_readout_nrmse,3.634113775596764,3.3430907942169705,3.9399422743551673,4
noisy,0.12,g8_functional_shape,oracle_predictive_law,signed_riesz_dictionary,witness_nrmse,18.930566382352154,18.280863744431617,19.53799959197869,4
