law,data_seed,init,family,region,step,target,estimate,mc_se,truth,error
linear_gaussian,303,1701,transformer_mdn4,central,0.2,0,0.7482158919420071,0.0023578535177498,0.8,-0.0517841080579929
linear_gaussian,303,1701,transformer_mdn4,central,0.2,1,0.3015418874569031,0.0016737295576922,0.5,-0.1984581125430968
linear_gaussian,303,1701,transformer_mdn4,central,0.2,2,-0.1642985962526872,0.0030702054546515,-0.2,0.0357014037473127
linear_gaussian,303,1701,transformer_mdn4,central,0.1,0,0.7427169845032489,0.0023681165659867,0.8,-0.0572830154967511
linear_gaussian,303,1701,transformer_mdn4,central,0.1,1,0.2917860072085473,0.0018559623486032,0.5,-0.2082139927914527
linear_gaussian,303,1701,transformer_mdn4,central,0.1,2,-0.1664520375051638,0.0090245747737407,-0.2,0.0335479624948362
linear_gaussian,303,1701,transformer_mdn4,central,0.05,0,0.7410913671877619,0.0040784219279022,0.8,-0.0589086328122381
linear_gaussian,303,1701,transformer_mdn4,central,0.05,1,0.2908804067595439,0.0002469007830266,0.5,-0.209119593240456
linear_gaussian,303,1701,transformer_mdn4,central,0.05,2,-0.1655214602463787,0.0059348725927791,-0.2,0.0344785397536212
linear_gaussian,303,1701,transformer_mdn4,boundary,0.2,0,0.614039204472304,0.0024349008474586,0.8,-0.185960795527696
linear_gaussian,303,1701,transformer_mdn4,boundary,0.2,1,0.3909770829643172,0.0013543706890888,0.5,-0.1090229170356827
linear_gaussian,303,1701,transformer_mdn4,boundary,0.2,2,-0.3957733239328065,0.0018359274526284,-0.2,-0.1957733239328065
linear_gaussian,303,1701,transformer_mdn4,boundary,0.1,0,0.6218860610503877,0.0020462138806669,0.8,-0.1781139389496123
linear_gaussian,303,1701,transformer_mdn4,boundary,0.1,1,0.4008661922944505,0.0010165255639898,0.5,-0.0991338077055494
linear_gaussian,303,1701,transformer_mdn4,boundary,0.1,2,-0.3985371600691011,0.0013634911478101,-0.2,-0.1985371600691011
linear_gaussian,303,1701,transformer_mdn4,boundary,0.05,0,0.6268813900025153,0.0026678203181208,0.8,-0.1731186099974847
linear_gaussian,303,1701,transformer_mdn4,boundary,0.05,1,0.4076226733109906,0.0012054877676324,0.5,-0.0923773266890093
linear_gaussian,303,1701,transformer_mdn4,boundary,0.05,2,-0.3976443885268972,0.0064980666756279,-0.2,-0.1976443885268972
linear_gaussian,303,1701,transformer_mdn4,extrapolated,0.2,0,-0.0309356161772927,0.0015388674875353,0.8,-0.8309356161772928
linear_gaussian,303,1701,transformer_mdn4,extrapolated,0.2,1,-0.1673373041229682,0.0025634762059454,0.5,-0.6673373041229682
linear_gaussian,303,1701,transformer_mdn4,extrapolated,0.2,2,-0.0773066408540336,0.0049438350856966,-0.2,0.1226933591459663
linear_gaussian,303,1701,transformer_mdn4,extrapolated,0.1,0,-0.0313591392123598,0.0022795025226589,0.8,-0.8313591392123599
linear_gaussian,303,1701,transformer_mdn4,extrapolated,0.1,1,-0.1712088462371045,0.0027420829166207,0.5,-0.6712088462371045
linear_gaussian,303,1701,transformer_mdn4,extrapolated,0.1,2,-0.0776930586450125,0.0059985310943809,-0.2,0.1223069413549874
linear_gaussian,303,1701,transformer_mdn4,extrapolated,0.05,0,-0.029886918772766,0.002842288179168,0.8,-0.8298869187727661
linear_gaussian,303,1701,transformer_mdn4,extrapolated,0.05,1,-0.1729867836197594,0.0024433286142822,0.5,-0.6729867836197594
linear_gaussian,303,1701,transformer_mdn4,extrapolated,0.05,2,-0.0748594603532929,0.0053900398456344,-0.2,0.125140539646707
heavy_tailed,303,2903,transformer_mdn4,central,0.2,0,1.5945949325990458,0.0070832617523546,1.6,-0.0054050674009542
heavy_tailed,303,2903,transformer_mdn4,central,0.2,1,0.3784573431290473,0.0031030239125415,0.5,-0.1215426568709527
heavy_tailed,303,2903,transformer_mdn4,central,0.2,2,-0.1808452684391135,0.0020019363918475,-0.2,0.0191547315608864
heavy_tailed,303,2903,transformer_mdn4,central,0.1,0,1.6199470751290406,0.0093906320126352,1.6,0.0199470751290404
heavy_tailed,303,2903,transformer_mdn4,central,0.1,1,0.3875685929540136,0.003431957037457,0.5,-0.1124314070459864
heavy_tailed,303,2903,transformer_mdn4,central,0.1,2,-0.1932923046200766,0.0012818454559493,-0.2,0.0067076953799234
heavy_tailed,303,2903,transformer_mdn4,central,0.05,0,1.6240508307001926,0.0100012923744481,1.6,0.0240508307001925
heavy_tailed,303,2903,transformer_mdn4,central,0.05,1,0.3900161548122202,0.0057722054465896,0.5,-0.1099838451877797
heavy_tailed,303,2903,transformer_mdn4,central,0.05,2,-0.2014662106035144,0.004416963204561,-0.2,-0.0014662106035144
heavy_tailed,303,2903,transformer_mdn4,boundary,0.2,0,0.7401748349937783,0.0025980623583594,0.6182383242455304,0.1219365107482479
heavy_tailed,303,2903,transformer_mdn4,boundary,0.2,1,0.3953369881739525,0.0035010735902475,0.5,-0.1046630118260474
heavy_tailed,303,2903,transformer_mdn4,boundary,0.2,2,-0.1534880770793136,0.0021683909149048,-0.2,0.0465119229206863
heavy_tailed,303,2903,transformer_mdn4,boundary,0.1,0,0.7386986650009623,0.0024385192856395,0.6182383242455304,0.1204603407554318
heavy_tailed,303,2903,transformer_mdn4,boundary,0.1,1,0.4027339080521615,0.0008796742602551,0.5,-0.0972660919478384
heavy_tailed,303,2903,transformer_mdn4,boundary,0.1,2,-0.1525889778683554,0.0036659112475662,-0.2,0.0474110221316445
heavy_tailed,303,2903,transformer_mdn4,boundary,0.05,0,0.736695557833246,0.0053525130243639,0.6182383242455304,0.1184572335877156
heavy_tailed,303,2903,transformer_mdn4,boundary,0.05,1,0.3986224038280313,0.0030797169110237,0.5,-0.1013775961719686
heavy_tailed,303,2903,transformer_mdn4,boundary,0.05,2,-0.1484798349340253,0.0048010256319502,-0.2,0.0515201650659747
heavy_tailed,303,2903,transformer_mdn4,extrapolated,0.2,0,0.0680460768140929,0.0010250846271179,1.026929748370581,-0.958883671556488
heavy_tailed,303,2903,transformer_mdn4,extrapolated,0.2,1,-0.0401501006141962,0.0012526560653128,0.5,-0.5401501006141962
heavy_tailed,303,2903,transformer_mdn4,extrapolated,0.2,2,0.0382925780820215,0.0011362401195928,-0.2,0.2382925780820215
heavy_tailed,303,2903,transformer_mdn4,extrapolated,0.1,0,0.0654557682976708,0.0013574731683318,1.026929748370581,-0.9614739800729102
heavy_tailed,303,2903,transformer_mdn4,extrapolated,0.1,1,-0.0334778991935724,0.0005528657718192,0.5,-0.5334778991935725
heavy_tailed,303,2903,transformer_mdn4,extrapolated,0.1,2,0.0395381945495255,0.0032197569165378,-0.2,0.2395381945495255
heavy_tailed,303,2903,transformer_mdn4,extrapolated,0.05,0,0.0646579822851019,0.0043325486313778,1.026929748370581,-0.962271766085479
heavy_tailed,303,2903,transformer_mdn4,extrapolated,0.05,1,-0.0364136932531955,0.0024747927597993,0.5,-0.5364136932531955
heavy_tailed,303,2903,transformer_mdn4,extrapolated,0.05,2,0.0393460240276562,0.0041837777391652,-0.2,0.2393460240276562
heavy_tailed,303,1701,mdn4,central,0.2,0,1.6257886681439735,0.0089369115124908,1.6,0.0257886681439736
heavy_tailed,303,1701,mdn4,central,0.2,1,0.4929249566711685,0.0087790010311135,0.5,-0.0070750433288315
heavy_tailed,303,1701,mdn4,central,0.2,2,-0.1431035627201074,0.0064087628251159,-0.2,0.0568964372798925
heavy_tailed,303,1701,mdn4,central,0.1,0,1.6567335340898852,0.0087144278587868,1.6,0.0567335340898851
heavy_tailed,303,1701,mdn4,central,0.1,1,0.5027284599690353,0.0037355792916993,0.5,0.0027284599690352
heavy_tailed,303,1701,mdn4,central,0.1,2,-0.1351245225747079,0.0005473225156169,-0.2,0.064875477425292
heavy_tailed,303,1701,mdn4,central,0.05,0,1.6584564209560344,0.0183730866627736,1.6,0.0584564209560343
heavy_tailed,303,1701,mdn4,central,0.05,1,0.5017125012546753,0.0070282981636621,0.5,0.0017125012546752
heavy_tailed,303,1701,mdn4,central,0.05,2,-0.1327813791643186,0.0062668991029184,-0.2,0.0672186208356813
heavy_tailed,303,1701,mdn4,boundary,0.2,0,0.7451165666936994,0.0018128688200186,0.6182383242455304,0.126878242448169
heavy_tailed,303,1701,mdn4,boundary,0.2,1,0.3930114678070957,0.0009300663611181,0.5,-0.1069885321929042
heavy_tailed,303,1701,mdn4,boundary,0.2,2,-0.1403115788081304,0.005529830660636,-0.2,0.0596884211918695
heavy_tailed,303,1701,mdn4,boundary,0.1,0,0.741271133941665,0.0019104549990202,0.6182383242455304,0.1230328096961346
heavy_tailed,303,1701,mdn4,boundary,0.1,1,0.4001708297814888,0.0005553388462097,0.5,-0.0998291702185111
heavy_tailed,303,1701,mdn4,boundary,0.1,2,-0.1395844665873936,0.0085065987997725,-0.2,0.0604155334126063
heavy_tailed,303,1701,mdn4,boundary,0.05,0,0.7404638369572125,0.0037348741648495,0.6182383242455304,0.1222255127116821
heavy_tailed,303,1701,mdn4,boundary,0.05,1,0.3980295571117668,0.0027572025097509,0.5,-0.1019704428882331
heavy_tailed,303,1701,mdn4,boundary,0.05,2,-0.1481933718146721,0.0130324442411649,-0.2,0.0518066281853279
heavy_tailed,303,1701,mdn4,extrapolated,0.2,0,0.0144652232723517,0.0075392390047037,1.026929748370581,-1.0124645250982294
heavy_tailed,303,1701,mdn4,extrapolated,0.2,1,-0.2077928782217356,0.0040378039472199,0.5,-0.7077928782217356
heavy_tailed,303,1701,mdn4,extrapolated,0.2,2,0.0524793692396028,0.0137839038269437,-0.2,0.2524793692396029
heavy_tailed,303,1701,mdn4,extrapolated,0.1,0,0.0198963169100315,0.0083413289335739,1.026929748370581,-1.0070334314605496
heavy_tailed,303,1701,mdn4,extrapolated,0.1,1,-0.2026618092613978,0.0067324310142554,0.5,-0.7026618092613978
heavy_tailed,303,1701,mdn4,extrapolated,0.1,2,0.0633235514008987,0.0447346404810307,-0.2,0.2633235514008987
heavy_tailed,303,1701,mdn4,extrapolated,0.05,0,0.0161524081233295,0.0172925898878144,1.026929748370581,-1.0107773402472515
heavy_tailed,303,1701,mdn4,extrapolated,0.05,1,-0.205882206811185,0.0145002199848603,0.5,-0.7058822068111851
heavy_tailed,303,1701,mdn4,extrapolated,0.05,2,0.026700773294694,0.095093213084444,-0.2,0.2267007732946941
linear_gaussian,101,2903,gaussian_diag,central,0.2,0,0.741999519436515,7.176243675072236e-05,0.8,-0.058000480563485
linear_gaussian,101,2903,gaussian_diag,central,0.2,1,0.5013211246946612,2.3356241853594373e-05,0.5,0.0013211246946611
linear_gaussian,101,2903,gaussian_diag,central,0.2,2,-0.2673114698204884,9.248017503144495e-05,-0.2,-0.0673114698204884
linear_gaussian,101,2903,gaussian_diag,central,0.1,0,0.7409772612104817,7.201191083547148e-05,0.8,-0.0590227387895183
linear_gaussian,101,2903,gaussian_diag,central,0.1,1,0.5021911750582656,2.6086051062183243e-05,0.5,0.0021911750582656
linear_gaussian,101,2903,gaussian_diag,central,0.1,2,-0.2696153617107935,9.430794998004252e-05,-0.2,-0.0696153617107935
linear_gaussian,101,2903,gaussian_diag,central,0.05,0,0.7407263530062895,7.206991776208655e-05,0.8,-0.0592736469937105
linear_gaussian,101,2903,gaussian_diag,central,0.05,1,0.5024079112253156,2.67807051258716e-05,0.5,0.0024079112253155
linear_gaussian,101,2903,gaussian_diag,central,0.05,2,-0.2701924533405182,9.478791290898464e-05,-0.2,-0.0701924533405182
linear_gaussian,101,2903,gaussian_diag,boundary,0.2,0,0.8623703600802832,0.001061568814304,0.8,0.0623703600802831
linear_gaussian,101,2903,gaussian_diag,boundary,0.2,1,0.3857023808164976,0.0007367074222009,0.5,-0.1142976191835024
linear_gaussian,101,2903,gaussian_diag,boundary,0.2,2,-0.1060236297278613,0.0002630395718751,-0.2,0.0939763702721387
linear_gaussian,101,2903,gaussian_diag,boundary,0.1,0,0.8699371168826643,0.0010560928179961,0.8,0.0699371168826642
linear_gaussian,101,2903,gaussian_diag,boundary,0.1,1,0.3884582680277242,0.0007585382154028,0.5,-0.1115417319722757
linear_gaussian,101,2903,gaussian_diag,boundary,0.1,2,-0.1069639949386057,0.0002651574973751,-0.2,0.0930360050613942
linear_gaussian,101,2903,gaussian_diag,boundary,0.05,0,0.8717851988972628,0.0010545345589392,0.8,0.0717851988972627
linear_gaussian,101,2903,gaussian_diag,boundary,0.05,1,0.3891402086826164,0.0007640354087133,0.5,-0.1108597913173836
linear_gaussian,101,2903,gaussian_diag,boundary,0.05,2,-0.1072074940011609,0.0002656731466879,-0.2,0.0927925059988391
linear_gaussian,101,2903,gaussian_diag,extrapolated,0.2,0,-0.1569432061630504,0.0001353373043047,0.8,-0.9569432061630504
linear_gaussian,101,2903,gaussian_diag,extrapolated,0.2,1,-0.0683606982000857,0.0001776830472002,0.5,-0.5683606982000857
linear_gaussian,101,2903,gaussian_diag,extrapolated,0.2,2,0.0719724698474023,1.1272794198644464e-05,-0.2,0.2719724698474023
linear_gaussian,101,2903,gaussian_diag,extrapolated,0.1,0,-0.1589029317625108,0.0001293031094933,0.8,-0.958902931762511
linear_gaussian,101,2903,gaussian_diag,extrapolated,0.1,1,-0.0688426118791555,0.0001803959614838,0.5,-0.5688426118791555
linear_gaussian,101,2903,gaussian_diag,extrapolated,0.1,2,0.0717417468956765,1.0568822769804484e-05,-0.2,0.2717417468956765
linear_gaussian,101,2903,gaussian_diag,extrapolated,0.05,0,-0.1593799523125446,0.0001278127776546,0.8,-0.9593799523125448
linear_gaussian,101,2903,gaussian_diag,extrapolated,0.05,1,-0.0689590164987844,0.0001810907462657,0.5,-0.5689590164987844
linear_gaussian,101,2903,gaussian_diag,extrapolated,0.05,2,0.0716830845857203,1.0393528298782029e-05,-0.2,0.2716830845857203
linear_gaussian,303,2903,edm,central,0.2,0,0.7420683368988111,2.2539187322569063e-05,0.8,-0.0579316631011889
linear_gaussian,303,2903,edm,central,0.2,1,0.4268474098261345,0.000489301005507,0.5,-0.0731525901738655
linear_gaussian,303,2903,edm,central,0.2,2,-0.2459783418694658,9.78908095738514e-05,-0.2,-0.0459783418694658
linear_gaussian,303,2903,edm,central,0.1,0,0.7438872818409745,2.3475759185341652e-05,0.8,-0.0561127181590255
linear_gaussian,303,2903,edm,central,0.1,1,0.4290227256182891,0.0004926533901055,0.5,-0.0709772743817109
linear_gaussian,303,2903,edm,central,0.1,2,-0.2468231640106637,9.94621651326852e-05,-0.2,-0.0468231640106637
linear_gaussian,303,2903,edm,central,0.05,0,0.7443443653328196,2.3706119575929317e-05,0.8,-0.0556556346671804
linear_gaussian,303,2903,edm,central,0.05,1,0.4295719744936604,0.0004935176156221,0.5,-0.0704280255063395
linear_gaussian,303,2903,edm,central,0.05,2,-0.2470352619098776,9.986675361330576e-05,-0.2,-0.0470352619098776
linear_gaussian,303,2903,edm,boundary,0.2,0,0.5783695176204775,0.0001064884085875,0.8,-0.2216304823795225
linear_gaussian,303,2903,edm,boundary,0.2,1,0.3159678569644523,0.0001758436360389,0.5,-0.1840321430355476
linear_gaussian,303,2903,edm,boundary,0.2,2,-0.2010294411112133,0.0005017659270768,-0.2,-0.0010294411112133
linear_gaussian,303,2903,edm,boundary,0.1,0,0.5783606988925588,0.0001063779947208,0.8,-0.2216393011074412
linear_gaussian,303,2903,edm,boundary,0.1,1,0.3158553858787757,0.0001749084216001,0.5,-0.1841446141212242
linear_gaussian,303,2903,edm,boundary,0.1,2,-0.2016092795580466,0.0005054647809271,-0.2,-0.0016092795580466
linear_gaussian,303,2903,edm,boundary,0.05,0,0.5783553742490166,0.0001063451740369,0.8,-0.2216446257509834
linear_gaussian,303,2903,edm,boundary,0.05,1,0.3158228010061266,0.0001746738503936,0.5,-0.1841771989938733
linear_gaussian,303,2903,edm,boundary,0.05,2,-0.2017541377943935,0.0005063927398711,-0.2,-0.0017541377943935
linear_gaussian,303,2903,edm,extrapolated,0.2,0,0.1953689329035187,0.0001903097452962,0.8,-0.6046310670964813
linear_gaussian,303,2903,edm,extrapolated,0.2,1,0.0559072160545163,0.0001362340934053,0.5,-0.4440927839454836
linear_gaussian,303,2903,edm,extrapolated,0.2,2,0.0012169017338347,0.0004160427170703,-0.2,0.2012169017338347
linear_gaussian,303,2903,edm,extrapolated,0.1,0,0.1947373480975778,0.000190867012545,0.8,-0.6052626519024222
linear_gaussian,303,2903,edm,extrapolated,0.1,1,0.0555681463897496,0.0001370615616223,0.5,-0.4444318536102503
linear_gaussian,303,2903,edm,extrapolated,0.1,2,0.0017394332861119,0.0004161063586224,-0.2,0.2017394332861119
linear_gaussian,303,2903,edm,extrapolated,0.05,0,0.1945785280790842,0.0001910016555343,0.8,-0.6054214719209158
linear_gaussian,303,2903,edm,extrapolated,0.05,1,0.0554830623216033,0.0001372723120983,0.5,-0.4445169376783967
linear_gaussian,303,2903,edm,extrapolated,0.05,2,0.0018706311589603,0.000416109490611,-0.2,0.2018706311589604
heavy_tailed,101,2903,edm,central,0.2,0,1.361365192044712,0.0003039243160866,1.6,-0.238634807955288
heavy_tailed,101,2903,edm,central,0.2,1,0.4935556905763208,0.0001617274373011,0.5,-0.0064443094236791
heavy_tailed,101,2903,edm,central,0.2,2,-0.2398846123880992,0.000131995766967,-0.2,-0.0398846123880992
heavy_tailed,101,2903,edm,central,0.1,0,1.3682362703343325,0.0003083637231478,1.6,-0.2317637296656676
heavy_tailed,101,2903,edm,central,0.1,1,0.496478285710533,0.0001665271216954,0.5,-0.003521714289467
heavy_tailed,101,2903,edm,central,0.1,2,-0.2417507763994212,0.0001323896135803,-0.2,-0.0417507763994212
heavy_tailed,101,2903,edm,central,0.05,0,1.3699750843725187,0.0003095235909563,1.6,-0.2300249156274814
heavy_tailed,101,2903,edm,central,0.05,1,0.4972188805127935,0.0001677545301625,0.5,-0.0027811194872064
heavy_tailed,101,2903,edm,central,0.05,2,-0.2422288919782258,0.0001324872494348,-0.2,-0.0422288919782258
heavy_tailed,101,2903,edm,boundary,0.2,0,0.9519676672453236,0.0007731808628132,0.6182383242455304,0.3337293429997933
heavy_tailed,101,2903,edm,boundary,0.2,1,0.2963314649328863,0.0003736309012694,0.5,-0.2036685350671137
heavy_tailed,101,2903,edm,boundary,0.2,2,-0.1999558103035646,9.071039415803856e-05,-0.2,4.4189696435353865e-05
heavy_tailed,101,2903,edm,boundary,0.1,0,0.9515743784055124,0.0007747297879811,0.6182383242455304,0.3333360541599821
heavy_tailed,101,2903,edm,boundary,0.1,1,0.295894700200175,0.0003712238837442,0.5,-0.2041052997998249
heavy_tailed,101,2903,edm,boundary,0.1,2,-0.1999339206995188,9.119823610894098e-05,-0.2,6.60793004811644e-05
heavy_tailed,101,2903,edm,boundary,0.05,0,0.951469524324875,0.0007751115193626,0.6182383242455304,0.3332312000793446
heavy_tailed,101,2903,edm,boundary,0.05,1,0.2957825681117402,0.0003705798250506,0.5,-0.2042174318882597
heavy_tailed,101,2903,edm,boundary,0.05,2,-0.1999255653387785,9.135129482586668e-05,-0.2,7.443466122150633e-05
heavy_tailed,101,2903,edm,extrapolated,0.2,0,0.2741604716315053,0.0010845545311958,1.026929748370581,-0.7527692767390757
heavy_tailed,101,2903,edm,extrapolated,0.2,1,0.0449551809383375,8.639368492266361e-05,0.5,-0.4550448190616624
heavy_tailed,101,2903,edm,extrapolated,0.2,2,-0.0632053332783636,0.0001746943156515,-0.2,0.1367946667216363
heavy_tailed,101,2903,edm,extrapolated,0.1,0,0.2732439153598527,0.0010848950013599,1.026929748370581,-0.7536858330107283
heavy_tailed,101,2903,edm,extrapolated,0.1,1,0.0446523126523756,8.667969061094644e-05,0.5,-0.4553476873476243
heavy_tailed,101,2903,edm,extrapolated,0.1,2,-0.0630387685646065,0.0001747145591962,-0.2,0.1369612314353934
heavy_tailed,101,2903,edm,extrapolated,0.05,0,0.2730156826975586,0.0010849184599082,1.026929748370581,-0.7539140656730223
heavy_tailed,101,2903,edm,extrapolated,0.05,1,0.0445770174721434,8.674210537574508e-05,0.5,-0.4554229825278565
heavy_tailed,101,2903,edm,extrapolated,0.05,2,-0.0629970354412184,0.0001747149167773,-0.2,0.1370029645587815
bimodal,202,2903,gaussian_diag,central,0.2,0,2.072586406162898,0.0004337362869936,2.25,-0.1774135938371022
bimodal,202,2903,gaussian_diag,central,0.2,1,1.0404266235493709,0.0007486912923487,1.05,-0.0095733764506293
bimodal,202,2903,gaussian_diag,central,0.2,2,-0.305686126289003,0.0003516792049543,-0.35,0.0443138737109969
bimodal,202,2903,gaussian_diag,central,0.1,0,2.093723712102573,0.0004573580998821,2.25,-0.1562762878974268
bimodal,202,2903,gaussian_diag,central,0.1,1,1.050200653380884,0.0008485758868742,1.05,0.0002006533808838
bimodal,202,2903,gaussian_diag,central,0.1,2,-0.3065267273856533,0.0003662732897864,-0.35,0.0434732726143466
bimodal,202,2903,gaussian_diag,central,0.05,0,2.099143571899021,0.0004636372395491,2.25,-0.1508564281009792
bimodal,202,2903,gaussian_diag,central,0.05,1,1.0526890768517048,0.0008747720634973,1.05,0.0026890768517047
bimodal,202,2903,gaussian_diag,central,0.05,2,-0.306731827620023,0.0003700840849044,-0.35,0.0432681723799769
bimodal,202,2903,gaussian_diag,boundary,0.2,0,1.3041886004938237,0.0039885343243961,0.9347346089919524,0.3694539915018714
bimodal,202,2903,gaussian_diag,boundary,0.2,1,0.646207887460128,0.0058793655259943,0.7678045486315878,-0.1215966611714597
bimodal,202,2903,gaussian_diag,boundary,0.2,2,-0.337453694955993,2.322556757838467e-05,-0.2730376041722512,-0.0644160907837418
bimodal,202,2903,gaussian_diag,boundary,0.1,0,1.2999311141854726,0.0040204007050772,0.9347346089919524,0.3651965051935203
bimodal,202,2903,gaussian_diag,boundary,0.1,1,0.6467245989254732,0.0059657013101145,0.7678045486315878,-0.1210799497061145
bimodal,202,2903,gaussian_diag,boundary,0.1,2,-0.3388072341528467,2.4986186558683955e-05,-0.2730376041722512,-0.0657696299805955
bimodal,202,2903,gaussian_diag,boundary,0.05,0,1.2988023704807206,0.0040284293320432,0.9347346089919524,0.3640677614887683
bimodal,202,2903,gaussian_diag,boundary,0.05,1,0.6468615021253143,0.0059870707717473,0.7678045486315878,-0.1209430465062734
bimodal,202,2903,gaussian_diag,boundary,0.05,2,-0.3391508609552958,2.543651580148827e-05,-0.2730376041722512,-0.0661132567830446
bimodal,202,2903,gaussian_diag,extrapolated,0.2,0,-0.0589244361764706,8.193562065055239e-05,1.0442146957146352,-1.103139131891106
bimodal,202,2903,gaussian_diag,extrapolated,0.2,1,-0.012520974148642,0.0001082117142273,0.5146257246757381,-0.5271466988243801
bimodal,202,2903,gaussian_diag,extrapolated,0.2,2,-0.1509467135840527,0.0010193641389662,-0.203988834002474,0.0530421204184212
bimodal,202,2903,gaussian_diag,extrapolated,0.1,0,-0.06077873128932,8.005040202697686e-05,1.0442146957146352,-1.1049934270039552
bimodal,202,2903,gaussian_diag,extrapolated,0.1,1,-0.0139712146690399,0.0001064503241272,0.5146257246757381,-0.528596939344778
bimodal,202,2903,gaussian_diag,extrapolated,0.1,2,-0.150588788729436,0.0010211317189566,-0.203988834002474,0.0534000452730379
bimodal,202,2903,gaussian_diag,extrapolated,0.05,0,-0.0612397271060771,7.957294718083056e-05,1.0442146957146352,-1.1054544228207124
bimodal,202,2903,gaussian_diag,extrapolated,0.05,1,-0.0143312889936275,0.0001060123081102,0.5146257246757381,-0.5289570136693656
bimodal,202,2903,gaussian_diag,extrapolated,0.05,2,-0.150498431225086,0.0010215523491069,-0.203988834002474,0.053490402777388
bimodal,101,0,ridge,central,0.2,0,1.8523230577093377,4.6222270443732795e-16,2.25,-0.3976769422906623
bimodal,101,0,ridge,central,0.2,1,0.9643024717711508,1.0953200263044689e-15,1.05,-0.0856975282288493
bimodal,101,0,ridge,central,0.2,2,-0.3341357334572969,9.61481343191782e-17,-0.35,0.015864266542703
bimodal,101,0,ridge,central,0.1,0,1.8523230577093368,1.1285750616986414e-15,2.25,-0.3976769422906632
bimodal,101,0,ridge,central,0.1,1,0.9643024717711516,8.973825869789965e-16,1.05,-0.0856975282288485
bimodal,101,0,ridge,central,0.1,2,-0.3341357334572972,1.1555567610933196e-16,-0.35,0.0158642665427027
bimodal,101,0,ridge,central,0.05,0,1.8523230577093368,1.812986607347358e-16,2.25,-0.3976769422906632
bimodal,101,0,ridge,central,0.05,1,0.9643024717711518,2.603703785810335e-16,1.05,-0.0856975282288482
bimodal,101,0,ridge,central,0.05,2,-0.3341357334572969,1.8824747269678055e-16,-0.35,0.015864266542703
bimodal,101,0,ridge,boundary,0.2,0,1.8523230577093288,3.3343677636035645e-15,0.9347346089919524,0.9175884487173764
bimodal,101,0,ridge,boundary,0.2,1,0.9643024717711508,1.7157645869001676e-15,0.7678045486315878,0.1964979231395631
bimodal,101,0,ridge,boundary,0.2,2,-0.3341357334572967,7.876587032160198e-16,-0.2730376041722512,-0.0610981292850454
bimodal,101,0,ridge,boundary,0.1,0,1.8523230577093264,1.0315718549566778e-14,0.9347346089919524,0.917588448717374
bimodal,101,0,ridge,boundary,0.1,1,0.9643024717711492,5.7808052408267746e-15,0.7678045486315878,0.1964979231395615
bimodal,101,0,ridge,boundary,0.1,2,-0.3341357334572961,2.0458953408719603e-15,-0.2730376041722512,-0.0610981292850449
bimodal,101,0,ridge,boundary,0.05,0,1.8523230577093317,1.1632467371486227e-14,0.9347346089919524,0.9175884487173792
bimodal,101,0,ridge,boundary,0.05,1,0.9643024717711444,4.0037357696436256e-15,0.7678045486315878,0.1964979231395567
bimodal,101,0,ridge,boundary,0.05,2,-0.3341357334573005,4.902612130890298e-16,-0.2730376041722512,-0.0610981292850493
bimodal,101,0,ridge,extrapolated,0.2,0,1.8523230577093368,1.5454846843594067e-14,1.0442146957146352,0.8081083619947016
bimodal,101,0,ridge,extrapolated,0.2,1,0.9643024717711588,5.451598273822717e-15,0.5146257246757381,0.4496767470954206
bimodal,101,0,ridge,extrapolated,0.2,2,-0.3341357334572938,1.772449414026945e-15,-0.203988834002474,-0.1301468994548197
bimodal,101,0,ridge,extrapolated,0.1,0,1.852323057709387,1.941398849728274e-14,1.0442146957146352,0.8081083619947518
bimodal,101,0,ridge,extrapolated,0.1,1,0.9643024717711444,8.241988463701561e-15,0.5146257246757381,0.4496767470954061
bimodal,101,0,ridge,extrapolated,0.1,2,-0.3341357334572978,3.54489882805389e-15,-0.203988834002474,-0.1301468994548238
bimodal,101,0,ridge,extrapolated,0.05,0,1.8523230577094312,2.1349216376596303e-14,1.0442146957146352,0.8081083619947962
bimodal,101,0,ridge,extrapolated,0.05,1,0.9643024717711324,1.6011864169946884e-14,0.5146257246757381,0.4496767470953943
bimodal,101,0,ridge,extrapolated,0.05,2,-0.3341357334572918,6.058392203338497e-15,-0.203988834002474,-0.1301468994548177
nonlinear_heteroskedastic,101,0,ridge,central,0.2,0,1.3092164088037026,7.079939031228905e-16,1.6,-0.2907835911962975
nonlinear_heteroskedastic,101,0,ridge,central,0.2,1,0.5082743591625607,3.0404709722440593e-16,0.5,0.0082743591625606
nonlinear_heteroskedastic,101,0,ridge,central,0.2,2,-0.2073554514519172,1.026080748738465e-16,-0.2,-0.0073554514519172
nonlinear_heteroskedastic,101,0,ridge,central,0.1,0,1.3092164088037022,5.362886707379033e-16,1.6,-0.2907835911962979
nonlinear_heteroskedastic,101,0,ridge,central,0.1,1,0.5082743591625604,1.975656351854947e-16,0.5,0.0082743591625603
nonlinear_heteroskedastic,101,0,ridge,central,0.1,2,-0.2073554514519172,1.8722159327344614e-16,-0.2,-0.0073554514519172
nonlinear_heteroskedastic,101,0,ridge,central,0.05,0,1.3092164088037028,6.4736570491389385e-16,1.6,-0.2907835911962972
nonlinear_heteroskedastic,101,0,ridge,central,0.05,1,0.5082743591625608,3.654191330661934e-16,0.5,0.0082743591625608
nonlinear_heteroskedastic,101,0,ridge,central,0.05,2,-0.2073554514519169,2.5362582704159623e-16,-0.2,-0.0073554514519169
nonlinear_heteroskedastic,101,0,ridge,boundary,0.2,0,1.3092164088036995,1.3597399555105185e-15,0.6182383242455304,0.6909780845581693
nonlinear_heteroskedastic,101,0,ridge,boundary,0.2,1,0.5082743591625593,5.532580463291471e-16,0.5,0.0082743591625592
nonlinear_heteroskedastic,101,0,ridge,boundary,0.2,2,-0.207355451451917,3.0446909201073093e-16,-0.2,-0.0073554514519169
nonlinear_heteroskedastic,101,0,ridge,boundary,0.1,0,1.3092164088036933,9.805224261780596e-16,0.6182383242455304,0.6909780845581629
nonlinear_heteroskedastic,101,0,ridge,boundary,0.1,1,0.5082743591625634,8.98526478567621e-16,0.5,0.0082743591625633
nonlinear_heteroskedastic,101,0,ridge,boundary,0.1,2,-0.207355451451918,6.119878891926739e-16,-0.2,-0.007355451451918
nonlinear_heteroskedastic,101,0,ridge,boundary,0.05,0,1.3092164088037113,1.4812222630807101e-15,0.6182383242455304,0.6909780845581809
nonlinear_heteroskedastic,101,0,ridge,boundary,0.05,1,0.5082743591625701,6.793712234945725e-15,0.5,0.0082743591625701
nonlinear_heteroskedastic,101,0,ridge,boundary,0.05,2,-0.2073554514519165,2.155901419929615e-15,-0.2,-0.0073554514519165
nonlinear_heteroskedastic,101,0,ridge,extrapolated,0.2,0,1.3092164088037046,4.170854399321861e-15,1.026929748370581,0.2822866604331235
nonlinear_heteroskedastic,101,0,ridge,extrapolated,0.2,1,0.5082743591625558,2.8726685547954236e-15,0.5,0.0082743591625558
nonlinear_heteroskedastic,101,0,ridge,extrapolated,0.2,2,-0.207355451451918,1.4997002997450574e-15,-0.2,-0.007355451451918
nonlinear_heteroskedastic,101,0,ridge,extrapolated,0.1,0,1.3092164088037188,1.4747450902078426e-14,1.026929748370581,0.2822866604331377
nonlinear_heteroskedastic,101,0,ridge,extrapolated,0.1,1,0.5082743591625457,8.749773710596428e-15,0.5,0.0082743591625457
nonlinear_heteroskedastic,101,0,ridge,extrapolated,0.1,2,-0.2073554514519179,3.1565586902435663e-15,-0.2,-0.0073554514519179
nonlinear_heteroskedastic,101,0,ridge,extrapolated,0.05,0,1.309216408803729,3.4046879647286277e-14,1.026929748370581,0.282286660433148
nonlinear_heteroskedastic,101,0,ridge,extrapolated,0.05,1,0.5082743591625408,2.6687723254341592e-15,0.5,0.0082743591625408
nonlinear_heteroskedastic,101,0,ridge,extrapolated,0.05,2,-0.207355451451916,4.002966042486721e-15,-0.2,-0.007355451451916
heavy_tailed,303,2903,flow,central,0.2,0,1.490350854946196,0.0004332783081844,1.6,-0.1096491450538041
heavy_tailed,303,2903,flow,central,0.2,1,0.5772668828997318,0.0001982281160863,0.5,0.0772668828997318
heavy_tailed,303,2903,flow,central,0.2,2,-0.2174230197310264,0.0001128017903761,-0.2,-0.0174230197310263
heavy_tailed,303,2903,flow,central,0.1,0,1.4999135342938874,0.0004519135564139,1.6,-0.1000864657061126
heavy_tailed,303,2903,flow,central,0.1,1,0.5814234939553932,0.0002090951414323,0.5,0.0814234939553931
heavy_tailed,303,2903,flow,central,0.1,2,-0.2210341174477194,0.0001109297933503,-0.2,-0.0210341174477193
heavy_tailed,303,2903,flow,central,0.05,0,1.5023811889518086,0.0004568001441131,1.6,-0.0976188110481914
heavy_tailed,303,2903,flow,central,0.05,1,0.5824965561500554,0.0002119211800246,0.5,0.0824965561500553
heavy_tailed,303,2903,flow,central,0.05,2,-0.2219699793974344,0.0001104349442039,-0.2,-0.0219699793974344
heavy_tailed,303,2903,flow,boundary,0.2,0,1.0316592349045266,0.0004192818075495,0.6182383242455304,0.4134209106589962
heavy_tailed,303,2903,flow,boundary,0.2,1,0.4331406789083266,0.0007425233242681,0.5,-0.0668593210916734
heavy_tailed,303,2903,flow,boundary,0.2,2,-0.1420527928181692,0.0007418678738492,-0.2,0.0579472071818308
heavy_tailed,303,2903,flow,boundary,0.1,0,1.03110531157155,0.0004242892995374,0.6182383242455304,0.4128669873260197
heavy_tailed,303,2903,flow,boundary,0.1,1,0.4334909968458207,0.0007497754822042,0.5,-0.0665090031541792
heavy_tailed,303,2903,flow,boundary,0.1,2,-0.1413563524471005,0.000744502176613,-0.2,0.0586436475528994
heavy_tailed,303,2903,flow,boundary,0.05,0,1.03096338193385,0.0004256083558052,0.6182383242455304,0.4127250576883196
heavy_tailed,303,2903,flow,boundary,0.05,1,0.4335772816360319,0.0007516211116832,0.5,-0.066422718363968
heavy_tailed,303,2903,flow,boundary,0.05,2,-0.1411780844254076,0.0007451522790576,-0.2,0.0588219155745923
heavy_tailed,303,2903,flow,extrapolated,0.2,0,0.2209120906200449,0.0009940844460084,1.026929748370581,-0.8060176577505361
heavy_tailed,303,2903,flow,extrapolated,0.2,1,0.0477644049769314,0.000479439559126,0.5,-0.4522355950230685
heavy_tailed,303,2903,flow,extrapolated,0.2,2,-0.0302780884737003,0.000894843344329,-0.2,0.1697219115262996
heavy_tailed,303,2903,flow,extrapolated,0.1,0,0.2196821995090658,0.0009959561374433,1.026929748370581,-0.8072475488615152
heavy_tailed,303,2903,flow,extrapolated,0.1,1,0.0470395898918157,0.0004796170972265,0.5,-0.4529604101081842
heavy_tailed,303,2903,flow,extrapolated,0.1,2,-0.0301933416347091,0.000894682043399,-0.2,0.1698066583652908
heavy_tailed,303,2903,flow,extrapolated,0.05,0,0.2193748448501065,0.0009964221712392,1.026929748370581,-0.8075549035204745
heavy_tailed,303,2903,flow,extrapolated,0.05,1,0.0468586137512228,0.0004796677653161,0.5,-0.4531413862487772
heavy_tailed,303,2903,flow,extrapolated,0.05,2,-0.0301722190470095,0.0008946372635124,-0.2,0.1698277809529904
heavy_tailed,101,2903,student_rank2,central,0.2,0,1.5155526850570955,0.000614516754816,1.6,-0.0844473149429043
heavy_tailed,101,2903,student_rank2,central,0.2,1,0.5710481040088725,0.0006038631166831,0.5,0.0710481040088725
heavy_tailed,101,2903,student_rank2,central,0.2,2,-0.2653513986946507,0.0014358164553599,-0.2,-0.0653513986946507
heavy_tailed,101,2903,student_rank2,central,0.1,0,1.5278739491066442,0.0005963115355207,1.6,-0.0721260508933558
heavy_tailed,101,2903,student_rank2,central,0.1,1,0.5731976848199315,0.0006242995746862,0.5,0.0731976848199315
heavy_tailed,101,2903,student_rank2,central,0.1,2,-0.2677730584407856,0.0014774842780365,-0.2,-0.0677730584407856
heavy_tailed,101,2903,student_rank2,central,0.05,0,1.5309519362291395,0.0005921382794971,1.6,-0.0690480637708603
heavy_tailed,101,2903,student_rank2,central,0.05,1,0.5737279567391144,0.0006295514972416,0.5,0.0737279567391143
heavy_tailed,101,2903,student_rank2,central,0.05,2,-0.2683514064322647,0.0014882445358424,-0.2,-0.0683514064322646
heavy_tailed,101,2903,student_rank2,boundary,0.2,0,0.6842073233343319,0.0009093638327593,0.6182383242455304,0.0659689990888015
heavy_tailed,101,2903,student_rank2,boundary,0.2,1,0.3396741316066538,0.0018263361026357,0.5,-0.1603258683933462
heavy_tailed,101,2903,student_rank2,boundary,0.2,2,-0.032796132290909,0.0009077045388549,-0.2,0.167203867709091
heavy_tailed,101,2903,student_rank2,boundary,0.1,0,0.6770913544380855,0.0009111718630483,0.6182383242455304,0.0588530301925551
heavy_tailed,101,2903,student_rank2,boundary,0.1,1,0.3382653797144903,0.0018564830123536,0.5,-0.1617346202855097
heavy_tailed,101,2903,student_rank2,boundary,0.1,2,-0.0296122314559799,0.000913466639055,-0.2,0.17038776854402
heavy_tailed,101,2903,student_rank2,boundary,0.05,0,0.6752372296073069,0.0009116283499915,0.6182383242455304,0.0569989053617765
heavy_tailed,101,2903,student_rank2,boundary,0.05,1,0.3378897620130054,0.0018641011177069,0.5,-0.1621102379869946
heavy_tailed,101,2903,student_rank2,boundary,0.05,2,-0.0287813647310336,0.0009148185302204,-0.2,0.1712186352689663
heavy_tailed,101,2903,student_rank2,extrapolated,0.2,0,-0.0796225710744021,0.0009487757847781,1.026929748370581,-1.1065523194449831
heavy_tailed,101,2903,student_rank2,extrapolated,0.2,1,0.0471579392788443,0.0008259310194447,0.5,-0.4528420607211557
heavy_tailed,101,2903,student_rank2,extrapolated,0.2,2,0.0943548233256998,0.0002023897454346,-0.2,0.2943548233256998
heavy_tailed,101,2903,student_rank2,extrapolated,0.1,0,-0.0805135958165096,0.0009453133570081,1.026929748370581,-1.1074433441870908
heavy_tailed,101,2903,student_rank2,extrapolated,0.1,1,0.0467794985673471,0.0008248848390398,0.5,-0.4532205014326528
heavy_tailed,101,2903,student_rank2,extrapolated,0.1,2,0.0943008215881807,0.0002020290331063,-0.2,0.2943008215881807
heavy_tailed,101,2903,student_rank2,extrapolated,0.05,0,-0.0807329877083836,0.0009444326427514,1.026929748370581,-1.1076627360789646
heavy_tailed,101,2903,student_rank2,extrapolated,0.05,1,0.046684033605806,0.0008246235021806,0.5,-0.4533159663941939
heavy_tailed,101,2903,student_rank2,extrapolated,0.05,2,0.0942852564295763,0.000201940319198,-0.2,0.2942852564295763
linear_gaussian,303,1701,flow,central,0.2,0,0.8382675584609799,0.0012125237008236,0.8,0.0382675584609798
linear_gaussian,303,1701,flow,central,0.2,1,0.5291988823038567,0.0015677317897683,0.5,0.0291988823038567
linear_gaussian,303,1701,flow,central,0.2,2,-0.2439381898717797,8.161354809772035e-05,-0.2,-0.0439381898717796
linear_gaussian,303,1701,flow,central,0.1,0,0.8404473936584598,0.0012270236615332,0.8,0.0404473936584597
linear_gaussian,303,1701,flow,central,0.1,1,0.5313320003476057,0.0015842443225533,0.5,0.0313320003476057
linear_gaussian,303,1701,flow,central,0.1,2,-0.2441315894589249,7.78667893034354e-05,-0.2,-0.0441315894589249
linear_gaussian,303,1701,flow,central,0.05,0,0.8409923321823328,0.0012307120173483,0.8,0.0409923321823327
linear_gaussian,303,1701,flow,central,0.05,1,0.5318665666774948,0.0015884196930388,0.5,0.0318665666774947
linear_gaussian,303,1701,flow,central,0.05,2,-0.2441787554288844,7.689357814152033e-05,-0.2,-0.0441787554288844
linear_gaussian,303,1701,flow,boundary,0.2,0,0.6626399976621391,0.0003603888766444,0.8,-0.1373600023378609
linear_gaussian,303,1701,flow,boundary,0.2,1,0.4139951473050994,0.0010783809657926,0.5,-0.0860048526949006
linear_gaussian,303,1701,flow,boundary,0.2,2,-0.2519168436284507,0.0003265158065844,-0.2,-0.0519168436284506
linear_gaussian,303,1701,flow,boundary,0.1,0,0.6634288055534386,0.0003715029216965,0.8,-0.1365711944465614
linear_gaussian,303,1701,flow,boundary,0.1,1,0.4149368929162016,0.0010758078690578,0.5,-0.0850631070837983
linear_gaussian,303,1701,flow,boundary,0.1,2,-0.252746835345446,0.0003313805785617,-0.2,-0.052746835345446
linear_gaussian,303,1701,flow,boundary,0.05,0,0.6636217795306754,0.0003743614352491,0.8,-0.1363782204693246
linear_gaussian,303,1701,flow,boundary,0.05,1,0.4151695202953287,0.0010750933594326,0.5,-0.0848304797046712
linear_gaussian,303,1701,flow,boundary,0.05,2,-0.2529568298348366,0.0003326238398169,-0.2,-0.0529568298348366
linear_gaussian,303,1701,flow,extrapolated,0.2,0,0.1588289759480695,0.0006666663750474,0.8,-0.6411710240519305
linear_gaussian,303,1701,flow,extrapolated,0.2,1,-0.003796339810131,0.0003281414234292,0.5,-0.503796339810131
linear_gaussian,303,1701,flow,extrapolated,0.2,2,-0.0911121419610238,0.0004352497256342,-0.2,0.1088878580389762
linear_gaussian,303,1701,flow,extrapolated,0.1,0,0.1582309579177998,0.0006679919415422,0.8,-0.6417690420822002
linear_gaussian,303,1701,flow,extrapolated,0.1,1,-0.0044497978000583,0.0003280053039872,0.5,-0.5044497978000583
linear_gaussian,303,1701,flow,extrapolated,0.1,2,-0.090964998811807,0.0004349176392057,-0.2,0.109035001188193
linear_gaussian,303,1701,flow,extrapolated,0.05,0,0.1580813875412364,0.000668319716068,0.8,-0.6419186124587636
linear_gaussian,303,1701,flow,extrapolated,0.05,1,-0.0046131773369787,0.0003280082313958,0.5,-0.5046131773369787
linear_gaussian,303,1701,flow,extrapolated,0.05,2,-0.0909284075240884,0.0004348213526341,-0.2,0.1090715924759115
nonlinear_heteroskedastic,303,1701,transformer_mdn4,central,0.2,0,1.640418842724077,0.0063309357932919,1.6,0.0404188427240765
nonlinear_heteroskedastic,303,1701,transformer_mdn4,central,0.2,1,0.3067127574862124,0.0035308427061325,0.5,-0.1932872425137875
nonlinear_heteroskedastic,303,1701,transformer_mdn4,central,0.2,2,-0.153957376550753,0.0052941527410732,-0.2,0.046042623449247
nonlinear_heteroskedastic,303,1701,transformer_mdn4,central,0.1,0,1.6719096891613423,0.0074254707445113,1.6,0.0719096891613424
nonlinear_heteroskedastic,303,1701,transformer_mdn4,central,0.1,1,0.2793373547356044,0.0013178748831894,0.5,-0.2206626452643955
nonlinear_heteroskedastic,303,1701,transformer_mdn4,central,0.1,2,-0.1554942830374774,0.0094345919809743,-0.2,0.0445057169625225
nonlinear_heteroskedastic,303,1701,transformer_mdn4,central,0.05,0,1.6757206065257255,0.0054461520698748,1.6,0.0757206065257254
nonlinear_heteroskedastic,303,1701,transformer_mdn4,central,0.05,1,0.269106387615256,0.0056468225929418,0.5,-0.2308936123847439
nonlinear_heteroskedastic,303,1701,transformer_mdn4,central,0.05,2,-0.1535564855042553,0.0203123717647159,-0.2,0.0464435144957446
nonlinear_heteroskedastic,303,1701,transformer_mdn4,boundary,0.2,0,0.6931439021452247,0.0038971172716889,0.6182383242455304,0.0749055778996943
nonlinear_heteroskedastic,303,1701,transformer_mdn4,boundary,0.2,1,0.4051117871280943,0.0050105267014514,0.5,-0.0948882128719056
nonlinear_heteroskedastic,303,1701,transformer_mdn4,boundary,0.2,2,-0.3529922929229624,0.0046517830177149,-0.2,-0.1529922929229624
nonlinear_heteroskedastic,303,1701,transformer_mdn4,boundary,0.1,0,0.6915120192157472,0.0028575905934093,0.6182383242455304,0.0732736949702168
nonlinear_heteroskedastic,303,1701,transformer_mdn4,boundary,0.1,1,0.4154335463109093,0.0051181829374828,0.5,-0.0845664536890906
nonlinear_heteroskedastic,303,1701,transformer_mdn4,boundary,0.1,2,-0.3565384882416653,0.0061274532779728,-0.2,-0.1565384882416652
nonlinear_heteroskedastic,303,1701,transformer_mdn4,boundary,0.05,0,0.6940994996791313,0.0062276361769034,0.6182383242455304,0.0758611754336009
nonlinear_heteroskedastic,303,1701,transformer_mdn4,boundary,0.05,1,0.419016846522241,0.0053660867381405,0.5,-0.0809831534777589
nonlinear_heteroskedastic,303,1701,transformer_mdn4,boundary,0.05,2,-0.3591048750748897,0.0078135959618541,-0.2,-0.1591048750748896
nonlinear_heteroskedastic,303,1701,transformer_mdn4,extrapolated,0.2,0,-0.1019138100844977,0.0031049988097063,1.026929748370581,-1.1288435584550789
nonlinear_heteroskedastic,303,1701,transformer_mdn4,extrapolated,0.2,1,-0.198623354608454,0.0020146287145254,0.5,-0.698623354608454
nonlinear_heteroskedastic,303,1701,transformer_mdn4,extrapolated,0.2,2,-0.075401722062652,0.0013681072809501,-0.2,0.124598277937348
nonlinear_heteroskedastic,303,1701,transformer_mdn4,extrapolated,0.1,0,-0.1031708714863939,0.0017098564630411,1.026929748370581,-1.130100619856975
nonlinear_heteroskedastic,303,1701,transformer_mdn4,extrapolated,0.1,1,-0.1997659616412464,0.0004080085132331,0.5,-0.6997659616412465
nonlinear_heteroskedastic,303,1701,transformer_mdn4,extrapolated,0.1,2,-0.0738843722754247,0.005271765353742,-0.2,0.1261156277245753
nonlinear_heteroskedastic,303,1701,transformer_mdn4,extrapolated,0.05,0,-0.1020571174949388,0.0044388399931041,1.026929748370581,-1.1289868658655198
nonlinear_heteroskedastic,303,1701,transformer_mdn4,extrapolated,0.05,1,-0.2028184017629497,0.0012873477761282,0.5,-0.7028184017629497
nonlinear_heteroskedastic,303,1701,transformer_mdn4,extrapolated,0.05,2,-0.0690190041073479,0.004464304975233,-0.2,0.130980995892652
heavy_tailed,303,1701,gaussian_rank2,central,0.2,0,1.641135046527478,0.0013495595705942,1.6,0.0411350465274777
heavy_tailed,303,1701,gaussian_rank2,central,0.2,1,0.5875784035742554,0.0002676713682576,0.5,0.0875784035742553
heavy_tailed,303,1701,gaussian_rank2,central,0.2,2,-0.3010173058320175,9.723081592868394e-05,-0.2,-0.1010173058320175
heavy_tailed,303,1701,gaussian_rank2,central,0.1,0,1.6592267796142208,0.0014127690367138,1.6,0.0592267796142207
heavy_tailed,303,1701,gaussian_rank2,central,0.1,1,0.5924835458663492,0.000262705089957,0.5,0.0924835458663492
heavy_tailed,303,1701,gaussian_rank2,central,0.1,2,-0.30681862335374,0.0001046196606105,-0.2,-0.10681862335374
heavy_tailed,303,1701,gaussian_rank2,central,0.05,0,1.6638335317890107,0.0014289854040317,1.6,0.0638335317890106
heavy_tailed,303,1701,gaussian_rank2,central,0.05,1,0.5937233464184452,0.0002614545753399,0.5,0.0937233464184451
heavy_tailed,303,1701,gaussian_rank2,central,0.05,2,-0.3082942975580989,0.0001070685245469,-0.2,-0.1082942975580989
heavy_tailed,303,1701,gaussian_rank2,boundary,0.2,0,0.8420441844624863,0.0003357633487189,0.6182383242455304,0.2238058602169559
heavy_tailed,303,1701,gaussian_rank2,boundary,0.2,1,0.3703180239060655,0.0028357847688525,0.5,-0.1296819760939344
heavy_tailed,303,1701,gaussian_rank2,boundary,0.2,2,-0.1260285416309816,0.0004358008431087,-0.2,0.0739714583690183
heavy_tailed,303,1701,gaussian_rank2,boundary,0.1,0,0.8384956882471281,0.000340174233742,0.6182383242455304,0.2202573640015976
heavy_tailed,303,1701,gaussian_rank2,boundary,0.1,1,0.3701658597783721,0.0028521866898282,0.5,-0.1298341402216278
heavy_tailed,303,1701,gaussian_rank2,boundary,0.1,2,-0.1257167891396891,0.0004380200963839,-0.2,0.0742832108603108
heavy_tailed,303,1701,gaussian_rank2,boundary,0.05,0,0.8375909145160199,0.0003412597778933,0.6182383242455304,0.2193525902704894
heavy_tailed,303,1701,gaussian_rank2,boundary,0.05,1,0.3701164788458775,0.0028562516617295,0.5,-0.1298835211541225
heavy_tailed,303,1701,gaussian_rank2,boundary,0.05,2,-0.1256385795696306,0.0004385468285367,-0.2,0.0743614204303693
heavy_tailed,303,1701,gaussian_rank2,extrapolated,0.2,0,0.0266255752319793,0.0019284990105597,1.026929748370581,-1.0003041731386015
heavy_tailed,303,1701,gaussian_rank2,extrapolated,0.2,1,-0.0699342588531542,0.000613288283212,0.5,-0.5699342588531542
heavy_tailed,303,1701,gaussian_rank2,extrapolated,0.2,2,0.0955319451610167,0.0013864381328483,-0.2,0.2955319451610168
heavy_tailed,303,1701,gaussian_rank2,extrapolated,0.1,0,0.025545449491956,0.0019323069099454,1.026929748370581,-1.001384298878625
heavy_tailed,303,1701,gaussian_rank2,extrapolated,0.1,1,-0.0706024765982556,0.0006102440338079,0.5,-0.5706024765982557
heavy_tailed,303,1701,gaussian_rank2,extrapolated,0.1,2,0.0959395241691644,0.0013873314509339,-0.2,0.2959395241691644
heavy_tailed,303,1701,gaussian_rank2,extrapolated,0.05,0,0.0252786575467952,0.0019333178767756,1.026929748370581,-1.001651090823786
heavy_tailed,303,1701,gaussian_rank2,extrapolated,0.05,1,-0.0707701415911758,0.0006094670445529,0.5,-0.5707701415911758
heavy_tailed,303,1701,gaussian_rank2,extrapolated,0.05,2,0.0960406144356762,0.0013875867324998,-0.2,0.2960406144356762
bimodal,101,1701,transformer_mdn4,central,0.2,0,2.610007861601126,0.002177510714985,2.25,0.3600078616011259
bimodal,101,1701,transformer_mdn4,central,0.2,1,1.3392539690881191,0.0018052205402502,1.05,0.2892539690881193
bimodal,101,1701,transformer_mdn4,central,0.2,2,-0.3835427851351034,0.0021141329166597,-0.35,-0.0335427851351034
bimodal,101,1701,transformer_mdn4,central,0.1,0,2.6616793481016954,0.011860283635894,2.25,0.4116793481016954
bimodal,101,1701,transformer_mdn4,central,0.1,1,1.357208812117624,0.0091597633529119,1.05,0.3072088121176239
bimodal,101,1701,transformer_mdn4,central,0.1,2,-0.3885772164530583,0.0032483618405348,-0.35,-0.0385772164530583
bimodal,101,1701,transformer_mdn4,central,0.05,0,2.6742580208855613,0.0073989989975667,2.25,0.4242580208855613
bimodal,101,1701,transformer_mdn4,central,0.05,1,1.3634350974374605,0.0049126709802523,1.05,0.3134350974374604
bimodal,101,1701,transformer_mdn4,central,0.05,2,-0.3854776468454523,0.0073585311011527,-0.35,-0.0354776468454523
bimodal,101,1701,transformer_mdn4,boundary,0.2,0,0.6396581800574419,0.001012678450903,0.9347346089919524,-0.2950764289345103
bimodal,101,1701,transformer_mdn4,boundary,0.2,1,0.2076604533934946,0.0043811015411419,0.7678045486315878,-0.560144095238093
bimodal,101,1701,transformer_mdn4,boundary,0.2,2,-0.2112156069014794,0.0020932941804368,-0.2730376041722512,0.0618219972707717
bimodal,101,1701,transformer_mdn4,boundary,0.1,0,0.6172247148084017,0.00884732777963,0.9347346089919524,-0.3175098941835506
bimodal,101,1701,transformer_mdn4,boundary,0.1,1,0.1899212113273931,0.0039831059292734,0.7678045486315878,-0.5778833373041946
bimodal,101,1701,transformer_mdn4,boundary,0.1,2,-0.2094568080288341,0.0025301825831687,-0.2730376041722512,0.063580796143417
bimodal,101,1701,transformer_mdn4,boundary,0.05,0,0.6120703199180625,0.0103072803871724,0.9347346089919524,-0.3226642890738898
bimodal,101,1701,transformer_mdn4,boundary,0.05,1,0.1853995419465048,0.0054169838911815,0.7678045486315878,-0.5824050066850829
bimodal,101,1701,transformer_mdn4,boundary,0.05,2,-0.2049204359967699,0.0035895412511668,-0.2730376041722512,0.0681171681754813
bimodal,101,1701,transformer_mdn4,extrapolated,0.2,0,0.0542351486957726,0.0018605384499624,1.0442146957146352,-0.9899795470188626
bimodal,101,1701,transformer_mdn4,extrapolated,0.2,1,-0.0304447217739012,0.0009188862289025,0.5146257246757381,-0.5450704464496393
bimodal,101,1701,transformer_mdn4,extrapolated,0.2,2,0.0045308563292871,0.0004946157646403,-0.203988834002474,0.2085196903317611
bimodal,101,1701,transformer_mdn4,extrapolated,0.1,0,0.0538079120645214,0.0017788276025569,1.0442146957146352,-0.9904067836501136
bimodal,101,1701,transformer_mdn4,extrapolated,0.1,1,-0.0301154010694506,0.0015332033970869,0.5146257246757381,-0.5447411257451887
bimodal,101,1701,transformer_mdn4,extrapolated,0.1,2,0.0046358342621805,0.0007347546158227,-0.203988834002474,0.2086246682646545
bimodal,101,1701,transformer_mdn4,extrapolated,0.05,0,0.0588797241834767,0.0012562742265263,1.0442146957146352,-0.9853349715311585
bimodal,101,1701,transformer_mdn4,extrapolated,0.05,1,-0.0267272328309035,0.0019897093954196,0.5146257246757381,-0.5413529575066416
bimodal,101,1701,transformer_mdn4,extrapolated,0.05,2,0.004243549339515,0.0014454985358765,-0.203988834002474,0.2082323833419891
linear_gaussian,202,0,gp_rbf,central,0.2,0,0.7698422137424018,7.595344653527462e-07,0.8,-0.0301577862575982
linear_gaussian,202,0,gp_rbf,central,0.2,1,0.5129685192812835,3.868739180554095e-06,0.5,0.0129685192812835
linear_gaussian,202,0,gp_rbf,central,0.2,2,-0.2088631530425958,2.8608447275776052e-06,-0.2,-0.0088631530425958
linear_gaussian,202,0,gp_rbf,central,0.1,0,0.7679390689297003,8.151916925434984e-07,0.8,-0.0320609310702997
linear_gaussian,202,0,gp_rbf,central,0.1,1,0.5120856896747146,4.152232959994033e-06,0.5,0.0120856896747145
linear_gaussian,202,0,gp_rbf,central,0.1,2,-0.2101451675676736,3.0704819366933797e-06,-0.2,-0.0101451675676736
linear_gaussian,202,0,gp_rbf,central,0.05,0,0.7674418653446485,8.287850769750507e-07,0.8,-0.0325581346553515
linear_gaussian,202,0,gp_rbf,central,0.05,1,0.5118529645710016,4.2214717652867724e-06,0.5,0.0118529645710016
linear_gaussian,202,0,gp_rbf,central,0.05,2,-0.2104664210943379,3.121682460336415e-06,-0.2,-0.0104664210943379
linear_gaussian,202,0,gp_rbf,boundary,0.2,0,0.8064938950594502,0.0001389395467901,0.8,0.0064938950594501
linear_gaussian,202,0,gp_rbf,boundary,0.2,1,0.4520657697847286,0.0001086394831569,0.5,-0.0479342302152713
linear_gaussian,202,0,gp_rbf,boundary,0.2,2,-0.1675895856960559,9.76751680149564e-05,-0.2,0.032410414303944
linear_gaussian,202,0,gp_rbf,boundary,0.1,0,0.8150820048419427,0.0001215998291708,0.8,0.0150820048419426
linear_gaussian,202,0,gp_rbf,boundary,0.1,1,0.4567529152371918,9.508122703959336e-05,0.5,-0.0432470847628081
linear_gaussian,202,0,gp_rbf,boundary,0.1,2,-0.1687752131626396,8.548526333392099e-05,-0.2,0.0312247868373603
linear_gaussian,202,0,gp_rbf,boundary,0.05,0,0.8172519363411602,0.000117228087178,0.8,0.0172519363411601
linear_gaussian,202,0,gp_rbf,boundary,0.05,1,0.4579380624927004,9.166287854511084e-05,0.5,-0.0420619375072995
linear_gaussian,202,0,gp_rbf,boundary,0.05,2,-0.169073045986468,8.241190774046897e-05,-0.2,0.030926954013532
linear_gaussian,202,0,gp_rbf,extrapolated,0.2,0,-0.6383993660424946,0.0031363403559899,0.8,-1.4383993660424943
linear_gaussian,202,0,gp_rbf,extrapolated,0.2,1,-0.3586824762370075,0.0012077791435904,0.5,-0.8586824762370076
linear_gaussian,202,0,gp_rbf,extrapolated,0.2,2,0.1307623192166545,0.0033292803799185,-0.2,0.3307623192166545
linear_gaussian,202,0,gp_rbf,extrapolated,0.1,0,-0.6464528344671426,0.0031510621948463,0.8,-1.4464528344671428
linear_gaussian,202,0,gp_rbf,extrapolated,0.1,1,-0.3627615803132098,0.0012134484039093,0.5,-0.8627615803132098
linear_gaussian,202,0,gp_rbf,extrapolated,0.1,2,0.1321916598885603,0.0033449078704648,-0.2,0.3321916598885603
linear_gaussian,202,0,gp_rbf,extrapolated,0.05,0,-0.6484789600938989,0.0031547050588377,0.8,-1.448478960093899
linear_gaussian,202,0,gp_rbf,extrapolated,0.05,1,-0.3637865368428961,0.0012148512411814,0.5,-0.8637865368428961
linear_gaussian,202,0,gp_rbf,extrapolated,0.05,2,0.1325510943429917,0.0033487748345822,-0.2,0.3325510943429918
bimodal,303,1701,edm,central,0.2,0,1.8897490113295763,0.0106168406914957,2.25,-0.3602509886704237
bimodal,303,1701,edm,central,0.2,1,0.771308384875454,0.0060870063432828,1.05,-0.2786916151245461
bimodal,303,1701,edm,central,0.2,2,-0.25722122729655,0.0022576814369119,-0.35,0.0927787727034499
bimodal,303,1701,edm,central,0.1,0,1.90958122044584,0.0111034228384071,2.25,-0.3404187795541598
bimodal,303,1701,edm,central,0.1,1,0.7833222710134828,0.0063462736703167,1.05,-0.2666777289865172
bimodal,303,1701,edm,central,0.1,2,-0.2585679170710485,0.0023595211070903,-0.35,0.0914320829289515
bimodal,303,1701,edm,central,0.05,0,1.9144804693360191,0.0112478775028127,2.25,-0.3355195306639809
bimodal,303,1701,edm,central,0.05,1,0.7863766947448895,0.0064316315587922,1.05,-0.2636233052551106
bimodal,303,1701,edm,central,0.05,2,-0.2589482330588176,0.0023903607113979,-0.35,0.0910517669411823
bimodal,303,1701,edm,boundary,0.2,0,0.9763917188419006,0.0008376031764296,0.9347346089919524,0.0416571098499483
bimodal,303,1701,edm,boundary,0.2,1,0.4595509431326079,0.0003617570286654,0.7678045486315878,-0.3082536054989798
bimodal,303,1701,edm,boundary,0.2,2,-0.3118200886582449,3.314337578443462e-05,-0.2730376041722512,-0.0387824844859937
bimodal,303,1701,edm,boundary,0.1,0,0.972429458514652,0.0008848455476637,0.9347346089919524,0.0376948495226997
bimodal,303,1701,edm,boundary,0.1,1,0.4579399461921225,0.0003638916507777,0.7678045486315878,-0.3098646024394652
bimodal,303,1701,edm,boundary,0.1,2,-0.3117619314386389,6.00800152340311e-05,-0.2730376041722512,-0.0387243272663876
bimodal,303,1701,edm,boundary,0.05,0,0.9714331518089292,0.000898945466943,0.9347346089919524,0.0366985428169769
bimodal,303,1701,edm,boundary,0.05,1,0.4575301756820182,0.0003664455672269,0.7678045486315878,-0.3102743729495695
bimodal,303,1701,edm,boundary,0.05,2,-0.3117452702020026,6.799773285541477e-05,-0.2730376041722512,-0.0387076660297514
bimodal,303,1701,edm,extrapolated,0.2,0,0.2275939784679326,0.0007356471385836,1.0442146957146352,-0.8166207172467026
bimodal,303,1701,edm,extrapolated,0.2,1,0.0531342074253356,0.0001308133978417,0.5146257246757381,-0.4614915172504024
bimodal,303,1701,edm,extrapolated,0.2,2,-0.2845493740292555,0.000165039554804,-0.203988834002474,-0.0805605400267815
bimodal,303,1701,edm,extrapolated,0.1,0,0.2266396418463482,0.0007391303306395,1.0442146957146352,-0.817575053868287
bimodal,303,1701,edm,extrapolated,0.1,1,0.052857387242978,0.000133137047137,0.5146257246757381,-0.4617683374327599
bimodal,303,1701,edm,extrapolated,0.1,2,-0.2847595460478036,0.0001651328830396,-0.203988834002474,-0.0807707120453296
bimodal,303,1701,edm,extrapolated,0.05,0,0.2264012303323707,0.0007399955800171,1.0442146957146352,-0.8178134653822645
bimodal,303,1701,edm,extrapolated,0.05,1,0.052788176676,0.0001337305053827,0.5146257246757381,-0.461837547999738
bimodal,303,1701,edm,extrapolated,0.05,2,-0.2848123859299427,0.0001651532959536,-0.203988834002474,-0.0808235519274686
heavy_tailed,303,1701,student_rank2,central,0.2,0,1.576345311812019,0.0001646734205381,1.6,-0.0236546881879811
heavy_tailed,303,1701,student_rank2,central,0.2,1,0.4737795115073913,0.0015003980337313,0.5,-0.0262204884926087
heavy_tailed,303,1701,student_rank2,central,0.2,2,-0.2311364130440537,0.000516670492471,-0.2,-0.0311364130440537
heavy_tailed,303,1701,student_rank2,central,0.1,0,1.5924350783725194,0.000144677691518,1.6,-0.0075649216274806
heavy_tailed,303,1701,student_rank2,central,0.1,1,0.4728827756710629,0.0015389124282561,0.5,-0.027117224328937
heavy_tailed,303,1701,student_rank2,central,0.1,2,-0.2330087024108255,0.0005497809320439,-0.2,-0.0330087024108255
heavy_tailed,303,1701,student_rank2,central,0.05,0,1.596485022369011,0.0001400305296339,1.6,-0.003514977630989
heavy_tailed,303,1701,student_rank2,central,0.05,1,0.4726479974736799,0.0015486906712964,0.5,-0.02735200252632
heavy_tailed,303,1701,student_rank2,central,0.05,2,-0.2334997057584928,0.0005582473282237,-0.2,-0.0334997057584927
heavy_tailed,303,1701,student_rank2,boundary,0.2,0,0.6433204641685029,0.0012232405287129,0.6182383242455304,0.0250821399229724
heavy_tailed,303,1701,student_rank2,boundary,0.2,1,0.5042064167265301,0.0015825150644628,0.5,0.0042064167265301
heavy_tailed,303,1701,student_rank2,boundary,0.2,2,-0.1418225093998615,0.0005034516748599,-0.2,0.0581774906001385
heavy_tailed,303,1701,student_rank2,boundary,0.1,0,0.637763931444284,0.0012321820882062,0.6182383242455304,0.0195256071987536
heavy_tailed,303,1701,student_rank2,boundary,0.1,1,0.5089004240580883,0.001614919941178,0.5,0.0089004240580883
heavy_tailed,303,1701,student_rank2,boundary,0.1,2,-0.1433468865912001,0.0005093506450571,-0.2,0.0566531134087998
heavy_tailed,303,1701,student_rank2,boundary,0.05,0,0.6363364190466917,0.0012343423456939,0.6182383242455304,0.0180980948011613
heavy_tailed,303,1701,student_rank2,boundary,0.05,1,0.5101012187765718,0.0016231940977842,0.5,0.0101012187765717
heavy_tailed,303,1701,student_rank2,boundary,0.05,2,-0.1437319876808421,0.0005108189653815,-0.2,0.0562680123191579
heavy_tailed,303,1701,student_rank2,extrapolated,0.2,0,-0.0924225066800584,0.0001306606486508,1.026929748370581,-1.1193522550506394
heavy_tailed,303,1701,student_rank2,extrapolated,0.2,1,0.0085300911133455,0.0004974315230873,0.5,-0.4914699088866544
heavy_tailed,303,1701,student_rank2,extrapolated,0.2,2,0.0987333569844949,0.0010213035250292,-0.2,0.298733356984495
heavy_tailed,303,1701,student_rank2,extrapolated,0.1,0,-0.092902821107473,0.0001320198225748,1.026929748370581,-1.119832569478054
heavy_tailed,303,1701,student_rank2,extrapolated,0.1,1,0.0075439853404207,0.000486845899108,0.5,-0.4924560146595792
heavy_tailed,303,1701,student_rank2,extrapolated,0.1,2,0.0986779047569424,0.0010161271436586,-0.2,0.2986779047569424
heavy_tailed,303,1701,student_rank2,extrapolated,0.05,0,-0.0930190998438984,0.0001323581052061,1.026929748370581,-1.1199488482144797
heavy_tailed,303,1701,student_rank2,extrapolated,0.05,1,0.007298305010885,0.0004842142898665,0.5,-0.4927016949891149
heavy_tailed,303,1701,student_rank2,extrapolated,0.05,2,0.0986606344795538,0.0010148209583594,-0.2,0.2986606344795539
bimodal,202,2903,gaussian_rank2,central,0.2,0,2.2741198094750383,0.0018416603391309,2.25,0.0241198094750383
bimodal,202,2903,gaussian_rank2,central,0.2,1,1.1330505309858132,0.0011370172983305,1.05,0.0830505309858131
bimodal,202,2903,gaussian_rank2,central,0.2,2,-0.3246743786505313,0.000176982729926,-0.35,0.0253256213494686
bimodal,202,2903,gaussian_rank2,central,0.1,0,2.303574022134495,0.0018978375811714,2.25,0.0535740221344949
bimodal,202,2903,gaussian_rank2,central,0.1,1,1.1408815060114603,0.0011558433420354,1.05,0.0908815060114602
bimodal,202,2903,gaussian_rank2,central,0.1,2,-0.3274812305314429,0.0001897850689868,-0.35,0.022518769468557
bimodal,202,2903,gaussian_rank2,central,0.05,0,2.311110576747799,0.0019123791826672,2.25,0.061110576747799
bimodal,202,2903,gaussian_rank2,central,0.05,1,1.1428527204711108,0.0011607523794501,1.05,0.0928527204711107
bimodal,202,2903,gaussian_rank2,central,0.05,2,-0.3281886571654676,0.0001932551058752,-0.35,0.0218113428345324
bimodal,202,2903,gaussian_rank2,boundary,0.2,0,1.2911754871529155,0.0026952268697357,0.9347346089919524,0.3564408781609632
bimodal,202,2903,gaussian_rank2,boundary,0.2,1,0.7781349405832497,0.002415383946998,0.7678045486315878,0.0103303919516619
bimodal,202,2903,gaussian_rank2,boundary,0.2,2,-0.32429090000218,0.0010730022401204,-0.2730376041722512,-0.0512532958299288
bimodal,202,2903,gaussian_rank2,boundary,0.1,0,1.286242476170009,0.0027056367607653,0.9347346089919524,0.3515078671780568
bimodal,202,2903,gaussian_rank2,boundary,0.1,1,0.7785094898912347,0.0024226376700552,0.7678045486315878,0.0107049412596469
bimodal,202,2903,gaussian_rank2,boundary,0.1,2,-0.3233702686938355,0.0010819519468023,-0.2730376041722512,-0.0503326645215843
bimodal,202,2903,gaussian_rank2,boundary,0.05,0,1.284972541987272,0.0027082501899161,0.9347346089919524,0.3502379329953197
bimodal,202,2903,gaussian_rank2,boundary,0.05,1,0.7785960893418805,0.0024244235964308,0.7678045486315878,0.0107915407102927
bimodal,202,2903,gaussian_rank2,boundary,0.05,2,-0.32313804659114,0.0010842059989649,-0.2730376041722512,-0.0501004424188888
bimodal,202,2903,gaussian_rank2,extrapolated,0.2,0,0.0700618811367714,0.0034453917169475,1.0442146957146352,-0.9741528145778636
bimodal,202,2903,gaussian_rank2,extrapolated,0.2,1,0.0300116471182337,0.0017201228029926,0.5146257246757381,-0.4846140775575043
bimodal,202,2903,gaussian_rank2,extrapolated,0.2,2,-0.3460202344247142,0.0017692982214462,-0.203988834002474,-0.1420314004222402
bimodal,202,2903,gaussian_rank2,extrapolated,0.1,0,0.0679414426010723,0.003449434266033,1.0442146957146352,-0.9762732531135628
bimodal,202,2903,gaussian_rank2,extrapolated,0.1,1,0.0283312564415464,0.0017207662711445,0.5146257246757381,-0.4862944682341916
bimodal,202,2903,gaussian_rank2,extrapolated,0.1,2,-0.3467288409566828,0.0017700041028686,-0.203988834002474,-0.1427400069542088
bimodal,202,2903,gaussian_rank2,extrapolated,0.05,0,0.067412052089167,0.0034504556805767,1.0442146957146352,-0.976802643625468
bimodal,202,2903,gaussian_rank2,extrapolated,0.05,1,0.0279079485622883,0.0017209254545778,0.5146257246757381,-0.4867177761134497
bimodal,202,2903,gaussian_rank2,extrapolated,0.05,2,-0.346902659964939,0.0017701924280371,-0.203988834002474,-0.142913825962465
linear_gaussian,303,1701,gaussian_diag,central,0.2,0,0.8260375127210028,0.0011732965934432,0.8,0.0260375127210027
linear_gaussian,303,1701,gaussian_diag,central,0.2,1,0.5036567558660243,0.0003527555421579,0.5,0.0036567558660243
linear_gaussian,303,1701,gaussian_diag,central,0.2,2,-0.2596296150447227,0.0001187496255713,-0.2,-0.0596296150447227
linear_gaussian,303,1701,gaussian_diag,central,0.1,0,0.8288635803232207,0.0012116215432838,0.8,0.0288635803232206
linear_gaussian,303,1701,gaussian_diag,central,0.1,1,0.5052049314106767,0.0003542024219838,0.5,0.0052049314106766
linear_gaussian,303,1701,gaussian_diag,central,0.1,2,-0.2620298437259661,0.0001192851653758,-0.2,-0.062029843725966
linear_gaussian,303,1701,gaussian_diag,central,0.05,0,0.8295696499580107,0.0012212851367877,0.8,0.0295696499580107
linear_gaussian,303,1701,gaussian_diag,central,0.05,1,0.5055872583286002,0.0003545443276637,0.5,0.0055872583286001
linear_gaussian,303,1701,gaussian_diag,central,0.05,2,-0.2626339368363202,0.0001194196650994,-0.2,-0.0626339368363201
linear_gaussian,303,1701,gaussian_diag,boundary,0.2,0,0.6132912635251683,0.0005544036845156,0.8,-0.1867087364748317
linear_gaussian,303,1701,gaussian_diag,boundary,0.2,1,0.3888507903240766,0.0020111394331424,0.5,-0.1111492096759234
linear_gaussian,303,1701,gaussian_diag,boundary,0.2,2,-0.1467738939123836,8.482262004845748e-05,-0.2,0.0532261060876163
linear_gaussian,303,1701,gaussian_diag,boundary,0.1,0,0.6161954296743068,0.0005744637545769,0.8,-0.1838045703256932
linear_gaussian,303,1701,gaussian_diag,boundary,0.1,1,0.3908696891778202,0.0020310510001853,0.5,-0.1091303108221797
linear_gaussian,303,1701,gaussian_diag,boundary,0.1,2,-0.1478549467738562,8.705268504833389e-05,-0.2,0.0521450532261437
linear_gaussian,303,1701,gaussian_diag,boundary,0.05,0,0.6169312147410133,0.0005796266557974,0.8,-0.1830687852589867
linear_gaussian,303,1701,gaussian_diag,boundary,0.05,1,0.3913784723043347,0.0020360093196045,0.5,-0.1086215276956652
linear_gaussian,303,1701,gaussian_diag,boundary,0.05,2,-0.1481320406518309,8.7623039529176e-05,-0.2,0.051867959348169
linear_gaussian,303,1701,gaussian_diag,extrapolated,0.2,0,-0.0457215213091002,9.462419231861333e-05,0.8,-0.8457215213091003
linear_gaussian,303,1701,gaussian_diag,extrapolated,0.2,1,-0.064086664816323,1.7295385125210795e-05,0.5,-0.5640866648163231
linear_gaussian,303,1701,gaussian_diag,extrapolated,0.2,2,0.0594397027116847,0.0003966451927579,-0.2,0.2594397027116848
linear_gaussian,303,1701,gaussian_diag,extrapolated,0.1,0,-0.046877701938389,9.304872157394198e-05,0.8,-0.8468777019383891
linear_gaussian,303,1701,gaussian_diag,extrapolated,0.1,1,-0.0650023124351482,1.677653292939655e-05,0.5,-0.5650023124351482
linear_gaussian,303,1701,gaussian_diag,extrapolated,0.1,2,0.0594292420793071,0.0003979768582535,-0.2,0.2594292420793072
linear_gaussian,303,1701,gaussian_diag,extrapolated,0.05,0,-0.0471652621189007,9.265570195663014e-05,0.8,-0.8471652621189009
linear_gaussian,303,1701,gaussian_diag,extrapolated,0.05,1,-0.0652292277843854,1.6651466863730116e-05,0.5,-0.5652292277843854
linear_gaussian,303,1701,gaussian_diag,extrapolated,0.05,2,0.0594244147760382,0.0003983018590576,-0.2,0.2594244147760383
linear_gaussian,303,2903,mdn4,central,0.2,0,0.60964925174369,0.0084147122463677,0.8,-0.19035074825631
linear_gaussian,303,2903,mdn4,central,0.2,1,0.2523644575601852,0.0079034490937307,0.5,-0.2476355424398147
linear_gaussian,303,2903,mdn4,central,0.2,2,-0.2112511175140527,0.0023117844387015,-0.2,-0.0112511175140526
linear_gaussian,303,2903,mdn4,central,0.1,0,0.5745423642606763,0.0187391240924506,0.8,-0.2254576357393237
linear_gaussian,303,2903,mdn4,central,0.1,1,0.2278690729053718,0.0157102355338258,0.5,-0.2721309270946281
linear_gaussian,303,2903,mdn4,central,0.1,2,-0.2183855798480583,0.0100722993507988,-0.2,-0.0183855798480583
linear_gaussian,303,2903,mdn4,central,0.05,0,0.5795871063203449,0.0155287123562682,0.8,-0.2204128936796551
linear_gaussian,303,2903,mdn4,central,0.05,1,0.2342142660544225,0.0107731883376382,0.5,-0.2657857339455775
linear_gaussian,303,2903,mdn4,central,0.05,2,-0.2241140044979957,0.0115981992457322,-0.2,-0.0241140044979957
linear_gaussian,303,2903,mdn4,boundary,0.2,0,0.6435403531890874,0.0015702325587666,0.8,-0.1564596468109126
linear_gaussian,303,2903,mdn4,boundary,0.2,1,0.5351790670552875,0.0049684997344544,0.5,0.0351790670552875
linear_gaussian,303,2903,mdn4,boundary,0.2,2,-0.1351478280272385,0.0014755623539738,-0.2,0.0648521719727615
linear_gaussian,303,2903,mdn4,boundary,0.1,0,0.6394272605118986,0.00290740815633,0.8,-0.1605727394881014
linear_gaussian,303,2903,mdn4,boundary,0.1,1,0.5354682566105265,0.0058895046714327,0.5,0.0354682566105265
linear_gaussian,303,2903,mdn4,boundary,0.1,2,-0.1432221074627252,0.0059314878606835,-0.2,0.0567778925372747
linear_gaussian,303,2903,mdn4,boundary,0.05,0,0.6434576136783051,0.0020947010235007,0.8,-0.1565423863216949
linear_gaussian,303,2903,mdn4,boundary,0.05,1,0.543227300205284,0.0022337619499041,0.5,0.0432273002052839
linear_gaussian,303,2903,mdn4,boundary,0.05,2,-0.1490440137877351,0.0023046269627969,-0.2,0.0509559862122648
linear_gaussian,303,2903,mdn4,extrapolated,0.2,0,0.0990983724766242,0.0041391947592475,0.8,-0.7009016275233758
linear_gaussian,303,2903,mdn4,extrapolated,0.2,1,0.0557720036768837,0.00093658958188,0.5,-0.4442279963231162
linear_gaussian,303,2903,mdn4,extrapolated,0.2,2,0.1333768999016953,0.0035349999727442,-0.2,0.3333768999016953
linear_gaussian,303,2903,mdn4,extrapolated,0.1,0,0.1000270506046874,0.0050389747273632,0.8,-0.6999729493953126
linear_gaussian,303,2903,mdn4,extrapolated,0.1,1,0.0551931971277384,0.0012667407313456,0.5,-0.4448068028722615
linear_gaussian,303,2903,mdn4,extrapolated,0.1,2,0.1309089760726406,0.004696764100704,-0.2,0.3309089760726406
linear_gaussian,303,2903,mdn4,extrapolated,0.05,0,0.1017993634443237,0.0060491107429838,0.8,-0.6982006365556763
linear_gaussian,303,2903,mdn4,extrapolated,0.05,1,0.0595159740462392,0.0020107362901986,0.5,-0.4404840259537608
linear_gaussian,303,2903,mdn4,extrapolated,0.05,2,0.1359114276825827,0.0128950993291598,-0.2,0.3359114276825827
nonlinear_heteroskedastic,101,2903,gaussian_rank2,central,0.2,0,1.4972494108817775,0.0012297032718202,1.6,-0.1027505891182225
nonlinear_heteroskedastic,101,2903,gaussian_rank2,central,0.2,1,0.5331278975843762,0.0015330687169402,0.5,0.0331278975843761
nonlinear_heteroskedastic,101,2903,gaussian_rank2,central,0.2,2,-0.234565053535551,0.0007219158788069,-0.2,-0.0345650535355509
nonlinear_heteroskedastic,101,2903,gaussian_rank2,central,0.1,0,1.5093550634841282,0.0012510581833977,1.6,-0.0906449365158719
nonlinear_heteroskedastic,101,2903,gaussian_rank2,central,0.1,1,0.5343664609091661,0.0015753753497046,0.5,0.034366460909166
nonlinear_heteroskedastic,101,2903,gaussian_rank2,central,0.1,2,-0.2365248583192968,0.0007469506446478,-0.2,-0.0365248583192968
nonlinear_heteroskedastic,101,2903,gaussian_rank2,central,0.05,0,1.512402910210781,0.0012565609360341,1.6,-0.0875970897892191
nonlinear_heteroskedastic,101,2903,gaussian_rank2,central,0.05,1,0.5346732758391072,0.0015861755417156,0.5,0.0346732758391071
nonlinear_heteroskedastic,101,2903,gaussian_rank2,central,0.05,2,-0.2370016169025538,0.0007534717484331,-0.2,-0.0370016169025538
nonlinear_heteroskedastic,101,2903,gaussian_rank2,boundary,0.2,0,0.7700602625866368,0.0031111946208629,0.6182383242455304,0.1518219383411064
nonlinear_heteroskedastic,101,2903,gaussian_rank2,boundary,0.2,1,0.4124822933262961,0.0009294644311646,0.5,-0.0875177066737039
nonlinear_heteroskedastic,101,2903,gaussian_rank2,boundary,0.2,2,-0.0706003633909233,0.0023176021493654,-0.2,0.1293996366090766
nonlinear_heteroskedastic,101,2903,gaussian_rank2,boundary,0.1,0,0.7658302264234776,0.003114118986789,0.6182383242455304,0.1475919021779472
nonlinear_heteroskedastic,101,2903,gaussian_rank2,boundary,0.1,1,0.4132213182337782,0.0009430844922328,0.5,-0.0867786817662217
nonlinear_heteroskedastic,101,2903,gaussian_rank2,boundary,0.1,2,-0.0693163534665412,0.0023379550736249,-0.2,0.1306836465334587
nonlinear_heteroskedastic,101,2903,gaussian_rank2,boundary,0.05,0,0.7647154802890702,0.0031148503424476,0.6182383242455304,0.1464771560435398
nonlinear_heteroskedastic,101,2903,gaussian_rank2,boundary,0.05,1,0.413396781589719,0.0009465780011868,0.5,-0.086603218410281
nonlinear_heteroskedastic,101,2903,gaussian_rank2,boundary,0.05,2,-0.068971086141759,0.0023430617348306,-0.2,0.131028913858241
nonlinear_heteroskedastic,101,2903,gaussian_rank2,extrapolated,0.2,0,-0.1241180770356738,0.0007746192852204,1.026929748370581,-1.1510478254062548
nonlinear_heteroskedastic,101,2903,gaussian_rank2,extrapolated,0.2,1,0.0471961867701895,0.0004703434758072,0.5,-0.4528038132298104
nonlinear_heteroskedastic,101,2903,gaussian_rank2,extrapolated,0.2,2,0.1025301196079443,0.0006288220290013,-0.2,0.3025301196079443
nonlinear_heteroskedastic,101,2903,gaussian_rank2,extrapolated,0.1,0,-0.1255627074846791,0.0007784024294606,1.026929748370581,-1.1524924558552605
nonlinear_heteroskedastic,101,2903,gaussian_rank2,extrapolated,0.1,1,0.046394299097664,0.0004687472184014,0.5,-0.453605700902336
nonlinear_heteroskedastic,101,2903,gaussian_rank2,extrapolated,0.1,2,0.1027124846407178,0.000625967958398,-0.2,0.3027124846407178
nonlinear_heteroskedastic,101,2903,gaussian_rank2,extrapolated,0.05,0,-0.1259236283274571,0.0007793639345276,1.026929748370581,-1.1528533766980382
nonlinear_heteroskedastic,101,2903,gaussian_rank2,extrapolated,0.05,1,0.046193190054626,0.0004683459325042,0.5,-0.453806809945374
nonlinear_heteroskedastic,101,2903,gaussian_rank2,extrapolated,0.05,2,0.1027558392340759,0.0006252523246167,-0.2,0.3027558392340759
nonlinear_heteroskedastic,202,1701,student_rank2,central,0.2,0,1.5587342706953822,0.0005453007519894,1.6,-0.0412657293046179
nonlinear_heteroskedastic,202,1701,student_rank2,central,0.2,1,0.6100931889753977,0.0047362611231883,0.5,0.1100931889753976
nonlinear_heteroskedastic,202,1701,student_rank2,central,0.2,2,-0.2296698217223164,0.0016937629826002,-0.2,-0.0296698217223163
nonlinear_heteroskedastic,202,1701,student_rank2,central,0.1,0,1.571271904092775,0.0005352616425416,1.6,-0.0287280959072251
nonlinear_heteroskedastic,202,1701,student_rank2,central,0.1,1,0.6142251826773996,0.0048618238875597,0.5,0.1142251826773995
nonlinear_heteroskedastic,202,1701,student_rank2,central,0.1,2,-0.2314246294203552,0.0017307608754658,-0.2,-0.0314246294203552
nonlinear_heteroskedastic,202,1701,student_rank2,central,0.05,0,1.5744647095015711,0.0005339643047881,1.6,-0.0255352904984289
nonlinear_heteroskedastic,202,1701,student_rank2,central,0.05,1,0.6152760877798463,0.0048940728311798,0.5,0.1152760877798463
nonlinear_heteroskedastic,202,1701,student_rank2,central,0.05,2,-0.2318673016305592,0.0017403827906329,-0.2,-0.0318673016305592
nonlinear_heteroskedastic,202,1701,student_rank2,boundary,0.2,0,1.0121262037602232,0.0005804223463084,0.6182383242455304,0.3938878795146928
nonlinear_heteroskedastic,202,1701,student_rank2,boundary,0.2,1,0.416995878403233,0.0020903532527362,0.5,-0.083004121596767
nonlinear_heteroskedastic,202,1701,student_rank2,boundary,0.2,2,-0.1707124327020169,0.0009770420667912,-0.2,0.0292875672979831
nonlinear_heteroskedastic,202,1701,student_rank2,boundary,0.1,0,1.013924299740327,0.0006333959274934,0.6182383242455304,0.3956859754947966
nonlinear_heteroskedastic,202,1701,student_rank2,boundary,0.1,1,0.4183691542780006,0.002075567371405,0.5,-0.0816308457219993
nonlinear_heteroskedastic,202,1701,student_rank2,boundary,0.1,2,-0.1721000424968235,0.000997060727366,-0.2,0.0278999575031765
nonlinear_heteroskedastic,202,1701,student_rank2,boundary,0.05,0,1.0143799533898767,0.000646796953745,0.6182383242455304,0.3961416291443463
nonlinear_heteroskedastic,202,1701,student_rank2,boundary,0.05,1,0.4187199982460883,0.0020717579297481,0.5,-0.0812800017539116
nonlinear_heteroskedastic,202,1701,student_rank2,boundary,0.05,2,-0.1724496023704402,0.0010020738842727,-0.2,0.0275503976295597
nonlinear_heteroskedastic,202,1701,student_rank2,extrapolated,0.2,0,-0.0277551174229665,0.0020883321414051,1.026929748370581,-1.0546848657935477
nonlinear_heteroskedastic,202,1701,student_rank2,extrapolated,0.2,1,-0.0084472691044091,0.00194905833076,0.5,-0.5084472691044092
nonlinear_heteroskedastic,202,1701,student_rank2,extrapolated,0.2,2,0.0964471427315291,0.0013181601202896,-0.2,0.2964471427315291
nonlinear_heteroskedastic,202,1701,student_rank2,extrapolated,0.1,0,-0.0296217229361154,0.0020892763623028,1.026929748370581,-1.0565514713066966
nonlinear_heteroskedastic,202,1701,student_rank2,extrapolated,0.1,1,-0.0092907876295465,0.0019515038187111,0.5,-0.5092907876295465
nonlinear_heteroskedastic,202,1701,student_rank2,extrapolated,0.1,2,0.0969371441409671,0.0013189555205562,-0.2,0.2969371441409671
nonlinear_heteroskedastic,202,1701,student_rank2,extrapolated,0.05,0,-0.0300870553737294,0.0020894950467707,1.026929748370581,-1.0570168037443104
nonlinear_heteroskedastic,202,1701,student_rank2,extrapolated,0.05,1,-0.0094996931929539,0.0019521291178136,0.5,-0.509499693192954
nonlinear_heteroskedastic,202,1701,student_rank2,extrapolated,0.05,2,0.0970586846449116,0.0013191616881357,-0.2,0.2970586846449116
nonlinear_heteroskedastic,202,0,gp_rbf,central,0.2,0,1.5455878688633806,1.137962410938107e-06,1.6,-0.0544121311366194
nonlinear_heteroskedastic,202,0,gp_rbf,central,0.2,1,0.5220048421952074,3.997137859101441e-06,0.5,0.0220048421952073
nonlinear_heteroskedastic,202,0,gp_rbf,central,0.2,2,-0.2099296177183889,3.628066519661422e-06,-0.2,-0.0099296177183889
nonlinear_heteroskedastic,202,0,gp_rbf,central,0.1,0,1.559841936549039,1.221350111756448e-06,1.6,-0.040158063450961
nonlinear_heteroskedastic,202,0,gp_rbf,central,0.1,1,0.5215328616090016,4.290040447442275e-06,0.5,0.0215328616090015
nonlinear_heteroskedastic,202,0,gp_rbf,central,0.1,2,-0.2111235305674642,3.893924268807043e-06,-0.2,-0.0111235305674642
nonlinear_heteroskedastic,202,0,gp_rbf,central,0.05,0,1.563424711379027,1.2417162188907334e-06,1.6,-0.0365752886209731
nonlinear_heteroskedastic,202,0,gp_rbf,central,0.05,1,0.5214042631338662,4.361577204353635e-06,0.5,0.0214042631338662
nonlinear_heteroskedastic,202,0,gp_rbf,central,0.05,2,-0.2114224443865805,3.958855756686141e-06,-0.2,-0.0114224443865805
nonlinear_heteroskedastic,202,0,gp_rbf,boundary,0.2,0,0.6872307970831724,0.0002081643281223,0.6182383242455304,0.0689924728376419
nonlinear_heteroskedastic,202,0,gp_rbf,boundary,0.2,1,0.4391110808507414,0.0001122450935273,0.5,-0.0608889191492585
nonlinear_heteroskedastic,202,0,gp_rbf,boundary,0.2,2,-0.1876814487925562,0.0001238697100399,-0.2,0.0123185512074437
nonlinear_heteroskedastic,202,0,gp_rbf,boundary,0.1,0,0.6898850442891984,0.0001821853268123,0.6182383242455304,0.071646720043668
nonlinear_heteroskedastic,202,0,gp_rbf,boundary,0.1,1,0.443274894352462,9.823685562257029e-05,0.5,-0.0567251056475379
nonlinear_heteroskedastic,202,0,gp_rbf,boundary,0.1,2,-0.1887570860924284,0.0001084107147927,-0.2,0.0112429139075715
nonlinear_heteroskedastic,202,0,gp_rbf,boundary,0.05,0,0.690549042684759,0.0001756354225179,0.6182383242455304,0.0723107184392286
nonlinear_heteroskedastic,202,0,gp_rbf,boundary,0.05,1,0.4443273481584442,9.470505636521792e-05,0.5,-0.0556726518415557
nonlinear_heteroskedastic,202,0,gp_rbf,boundary,0.05,2,-0.1890265583444297,0.0001045131462073,-0.2,0.0109734416555703
nonlinear_heteroskedastic,202,0,gp_rbf,extrapolated,0.2,0,-0.6692628661243089,0.0046989802259574,1.026929748370581,-1.69619261449489
nonlinear_heteroskedastic,202,0,gp_rbf,extrapolated,0.2,1,-0.3484658614296747,0.0012478638428256,0.5,-0.8484658614296747
nonlinear_heteroskedastic,202,0,gp_rbf,extrapolated,0.2,2,0.1389134075663165,0.0042221273194149,-0.2,0.3389134075663166
nonlinear_heteroskedastic,202,0,gp_rbf,extrapolated,0.1,0,-0.6734227149947444,0.0047210370252281,1.026929748370581,-1.7003524633653253
nonlinear_heteroskedastic,202,0,gp_rbf,extrapolated,0.1,1,-0.3524314722044228,0.0012537212589003,0.5,-0.8524314722044228
nonlinear_heteroskedastic,202,0,gp_rbf,extrapolated,0.1,2,0.1407109038055581,0.0042419457928515,-0.2,0.3407109038055582
nonlinear_heteroskedastic,202,0,gp_rbf,extrapolated,0.05,0,-0.674461064310404,0.0047264948977598,1.026929748370581,-1.7013908126809851
nonlinear_heteroskedastic,202,0,gp_rbf,extrapolated,0.05,1,-0.3534281814402294,0.0012551706546137,0.5,-0.8534281814402294
nonlinear_heteroskedastic,202,0,gp_rbf,extrapolated,0.05,2,0.1411638764088069,0.004246849800015,-0.2,0.3411638764088069
heavy_tailed,101,1701,flow,central,0.2,0,1.4591509262560252,0.0004462361151382,1.6,-0.1408490737439749
heavy_tailed,101,1701,flow,central,0.2,1,0.6099404011392613,0.000516693071184,0.5,0.1099404011392612
heavy_tailed,101,1701,flow,central,0.2,2,-0.2996769252167175,4.272053657988223e-05,-0.2,-0.0996769252167175
heavy_tailed,101,1701,flow,central,0.1,0,1.4665431091213723,0.0004590261138951,1.6,-0.1334568908786277
heavy_tailed,101,1701,flow,central,0.1,1,0.6134067622855569,0.000524002176367,0.5,0.1134067622855569
heavy_tailed,101,1701,flow,central,0.1,2,-0.3022964669043977,4.395603196820818e-05,-0.2,-0.1022964669043977
heavy_tailed,101,1701,flow,central,0.05,0,1.4684201303308275,0.0004623297007425,1.6,-0.1315798696691723
heavy_tailed,101,1701,flow,central,0.05,1,0.6142838010941788,0.0005258518045249,0.5,0.1142838010941788
heavy_tailed,101,1701,flow,central,0.05,2,-0.3029638920373956,4.437546949970559e-05,-0.2,-0.1029638920373955
heavy_tailed,101,1701,flow,boundary,0.2,0,1.06027887064384,0.0010224236187328,0.6182383242455304,0.4420405463983096
heavy_tailed,101,1701,flow,boundary,0.2,1,0.3842405221982294,0.0001684887080333,0.5,-0.1157594778017706
heavy_tailed,101,1701,flow,boundary,0.2,2,-0.1953295729247427,0.0014598879123915,-0.2,0.0046704270752573
heavy_tailed,101,1701,flow,boundary,0.1,0,1.0605807580695925,0.0010277208172505,0.6182383242455304,0.4423424338240621
heavy_tailed,101,1701,flow,boundary,0.1,1,0.383769849579943,0.000167668852707,0.5,-0.1162301504200569
heavy_tailed,101,1701,flow,boundary,0.1,2,-0.1954690945899682,0.0014638794491301,-0.2,0.0045309054100318
heavy_tailed,101,1701,flow,boundary,0.05,0,1.0606508908079992,0.0010290207585446,0.6182383242455304,0.4424125665624688
heavy_tailed,101,1701,flow,boundary,0.05,1,0.3836489403667304,0.0001674615893073,0.5,-0.1163510596332695
heavy_tailed,101,1701,flow,boundary,0.05,2,-0.1955040372811038,0.0014648595846107,-0.2,0.0044959627188962
heavy_tailed,101,1701,flow,extrapolated,0.2,0,0.2092893094519798,0.0012180216838925,1.026929748370581,-0.8176404389186012
heavy_tailed,101,1701,flow,extrapolated,0.2,1,0.0582737913011403,0.0001030692273726,0.5,-0.4417262086988596
heavy_tailed,101,1701,flow,extrapolated,0.2,2,0.027918911484334,0.0006653607548377,-0.2,0.2279189114843341
heavy_tailed,101,1701,flow,extrapolated,0.1,0,0.2077953206521413,0.0012217712729727,1.026929748370581,-0.8191344277184397
heavy_tailed,101,1701,flow,extrapolated,0.1,1,0.0577437945262954,0.0001041834642572,0.5,-0.4422562054737046
heavy_tailed,101,1701,flow,extrapolated,0.1,2,0.0284449284876658,0.0006663610878571,-0.2,0.2284449284876659
heavy_tailed,101,1701,flow,extrapolated,0.05,0,0.2074217634162941,0.0012226615595389,1.026929748370581,-0.8195079849542869
heavy_tailed,101,1701,flow,extrapolated,0.05,1,0.0576115700163667,0.000104455566581,0.5,-0.4423884299836333
heavy_tailed,101,1701,flow,extrapolated,0.05,2,0.0285767873372146,0.0006666039416175,-0.2,0.2285767873372146
heavy_tailed,101,2903,gaussian_diag,central,0.2,0,1.459319195542862,0.0001891704508447,1.6,-0.1406808044571381
heavy_tailed,101,2903,gaussian_diag,central,0.2,1,0.5212998229990915,8.414142971784337e-05,0.5,0.0212998229990915
heavy_tailed,101,2903,gaussian_diag,central,0.2,2,-0.2282771428411931,2.060330332124752e-05,-0.2,-0.0282771428411931
heavy_tailed,101,2903,gaussian_diag,central,0.1,0,1.4702417404755157,0.0001953199029246,1.6,-0.1297582595244846
heavy_tailed,101,2903,gaussian_diag,central,0.1,1,0.5229395377115904,8.869384402477868e-05,0.5,0.0229395377115904
heavy_tailed,101,2903,gaussian_diag,central,0.1,2,-0.2304496706561113,2.6305396930908653e-05,-0.2,-0.0304496706561113
heavy_tailed,101,2903,gaussian_diag,central,0.05,0,1.472984802748946,0.0001968541387178,1.6,-0.127015197251054
heavy_tailed,101,2903,gaussian_diag,central,0.05,1,0.5233393424885429,8.98439492300823e-05,0.5,0.0233393424885428
heavy_tailed,101,2903,gaussian_diag,central,0.05,2,-0.2309897225683268,2.775087310582927e-05,-0.2,-0.0309897225683268
heavy_tailed,101,2903,gaussian_diag,boundary,0.2,0,0.745890152967006,0.0003404614017333,0.6182383242455304,0.1276518287214756
heavy_tailed,101,2903,gaussian_diag,boundary,0.2,1,0.3358176081222415,0.0005888887306176,0.5,-0.1641823918777585
heavy_tailed,101,2903,gaussian_diag,boundary,0.2,2,-0.0526635080222397,0.0002902984099672,-0.2,0.1473364919777602
heavy_tailed,101,2903,gaussian_diag,boundary,0.1,0,0.7433844112685454,0.0003540146074197,0.6182383242455304,0.125146087023015
heavy_tailed,101,2903,gaussian_diag,boundary,0.1,1,0.3350929918826987,0.0006045692306435,0.5,-0.1649070081173012
heavy_tailed,101,2903,gaussian_diag,boundary,0.1,2,-0.0504540087892822,0.0002957105397411,-0.2,0.1495459912107178
heavy_tailed,101,2903,gaussian_diag,boundary,0.05,0,0.7427347621668471,0.0003575379454274,0.6182383242455304,0.1244964379213167
heavy_tailed,101,2903,gaussian_diag,boundary,0.05,1,0.3349024046900075,0.0006085682903336,0.5,-0.1650975953099925
heavy_tailed,101,2903,gaussian_diag,boundary,0.05,2,-0.0498841206550243,0.0002970833177812,-0.2,0.1501158793449756
heavy_tailed,101,2903,gaussian_diag,extrapolated,0.2,0,-0.132700276090726,0.0001248374457245,1.026929748370581,-1.1596300244613071
heavy_tailed,101,2903,gaussian_diag,extrapolated,0.2,1,0.0660397730251121,7.334456016360534e-05,0.5,-0.4339602269748879
heavy_tailed,101,2903,gaussian_diag,extrapolated,0.2,2,0.0074676754695054,2.0339118288081583e-05,-0.2,0.2074676754695054
heavy_tailed,101,2903,gaussian_diag,extrapolated,0.1,0,-0.1341371401989684,0.0001236565855099,1.026929748370581,-1.1610668885695494
heavy_tailed,101,2903,gaussian_diag,extrapolated,0.1,1,0.0656242849741467,7.153150324882528e-05,0.5,-0.4343757150258532
heavy_tailed,101,2903,gaussian_diag,extrapolated,0.1,2,0.0073134735976836,1.97949964996776e-05,-0.2,0.2073134735976836
heavy_tailed,101,2903,gaussian_diag,extrapolated,0.05,0,-0.134495671590417,0.0001233520939503,1.026929748370581,-1.161425419960998
heavy_tailed,101,2903,gaussian_diag,extrapolated,0.05,1,0.0655202634808068,7.106978351338836e-05,0.5,-0.4344797365191932
heavy_tailed,101,2903,gaussian_diag,extrapolated,0.05,2,0.0072757560714006,1.9658290653189177e-05,-0.2,0.2072757560714007
nonlinear_heteroskedastic,303,2903,gaussian_rank2,central,0.2,0,1.587784396571968,0.0048696349018721,1.6,-0.012215603428032
nonlinear_heteroskedastic,303,2903,gaussian_rank2,central,0.2,1,0.5322138086353191,0.0041083185314395,0.5,0.032213808635319
nonlinear_heteroskedastic,303,2903,gaussian_rank2,central,0.2,2,-0.2465879050893619,0.0007577833555647,-0.2,-0.0465879050893619
nonlinear_heteroskedastic,303,2903,gaussian_rank2,central,0.1,0,1.6071677551150507,0.0048931316238941,1.6,0.0071677551150506
nonlinear_heteroskedastic,303,2903,gaussian_rank2,central,0.1,1,0.5336205732975221,0.0040868301531172,0.5,0.0336205732975221
nonlinear_heteroskedastic,303,2903,gaussian_rank2,central,0.1,2,-0.2495735327455597,0.000761052303723,-0.2,-0.0495735327455597
nonlinear_heteroskedastic,303,2903,gaussian_rank2,central,0.05,0,1.612080024853819,0.004898969952992,1.6,0.0120800248538188
nonlinear_heteroskedastic,303,2903,gaussian_rank2,central,0.05,1,0.5339619630855084,0.0040810742318775,0.5,0.0339619630855083
nonlinear_heteroskedastic,303,2903,gaussian_rank2,central,0.05,2,-0.2503448546608361,0.0007617461840028,-0.2,-0.0503448546608361
nonlinear_heteroskedastic,303,2903,gaussian_rank2,boundary,0.2,0,0.7074442608681472,0.0007742903987627,0.6182383242455304,0.0892059366226167
nonlinear_heteroskedastic,303,2903,gaussian_rank2,boundary,0.2,1,0.4796267967223211,0.0013771793600641,0.5,-0.0203732032776788
nonlinear_heteroskedastic,303,2903,gaussian_rank2,boundary,0.2,2,-0.1404099580153566,0.0010719478243483,-0.2,0.0595900419846433
nonlinear_heteroskedastic,303,2903,gaussian_rank2,boundary,0.1,0,0.7025153556411453,0.0007932693722684,0.6182383242455304,0.0842770313956149
nonlinear_heteroskedastic,303,2903,gaussian_rank2,boundary,0.1,1,0.479879064087216,0.0013831348990421,0.5,-0.020120935912784
nonlinear_heteroskedastic,303,2903,gaussian_rank2,boundary,0.1,2,-0.1400503843352499,0.0010767262828244,-0.2,0.05994961566475
nonlinear_heteroskedastic,303,2903,gaussian_rank2,boundary,0.05,0,0.7012705849855664,0.0007980531588379,0.6182383242455304,0.083032260740036
nonlinear_heteroskedastic,303,2903,gaussian_rank2,boundary,0.05,1,0.4799379249843318,0.0013846428736904,0.5,-0.0200620750156681
nonlinear_heteroskedastic,303,2903,gaussian_rank2,boundary,0.05,2,-0.139948152419834,0.0010779586175687,-0.2,0.060051847580166
nonlinear_heteroskedastic,303,2903,gaussian_rank2,extrapolated,0.2,0,0.0588646906477221,0.0003337814559376,1.026929748370581,-0.9680650577228588
nonlinear_heteroskedastic,303,2903,gaussian_rank2,extrapolated,0.2,1,0.2307403804673033,0.0019099328625266,0.5,-0.2692596195326967
nonlinear_heteroskedastic,303,2903,gaussian_rank2,extrapolated,0.2,2,0.074431746583628,0.0002261183249791,-0.2,0.274431746583628
nonlinear_heteroskedastic,303,2903,gaussian_rank2,extrapolated,0.1,0,0.0578736058765457,0.0003332915080969,1.026929748370581,-0.9690561424940352
nonlinear_heteroskedastic,303,2903,gaussian_rank2,extrapolated,0.1,1,0.2304803968557848,0.0019071954989812,0.5,-0.2695196031442152
nonlinear_heteroskedastic,303,2903,gaussian_rank2,extrapolated,0.1,2,0.0747945245234829,0.0002228652504401,-0.2,0.2747945245234829
nonlinear_heteroskedastic,303,2903,gaussian_rank2,extrapolated,0.05,0,0.0576228503867833,0.0003331610349241,1.026929748370581,-0.9693068979837977
nonlinear_heteroskedastic,303,2903,gaussian_rank2,extrapolated,0.05,1,0.2304177339385601,0.001906498320516,0.5,-0.2695822660614398
nonlinear_heteroskedastic,303,2903,gaussian_rank2,extrapolated,0.05,2,0.0748813917605684,0.0002220315137983,-0.2,0.2748813917605684
linear_gaussian,202,1701,gaussian_rank2,central,0.2,0,0.8855730840776334,0.0008329883477216,0.8,0.0855730840776333
linear_gaussian,202,1701,gaussian_rank2,central,0.2,1,0.6906632826794125,0.0060407795752137,0.5,0.1906632826794124
linear_gaussian,202,1701,gaussian_rank2,central,0.2,2,-0.2390316155213301,0.0016331484053365,-0.2,-0.03903161552133
linear_gaussian,202,1701,gaussian_rank2,central,0.1,0,0.8874527259621244,0.0008092643309656,0.8,0.0874527259621243
linear_gaussian,202,1701,gaussian_rank2,central,0.1,1,0.6983942823794091,0.0061798806711966,0.5,0.1983942823794091
linear_gaussian,202,1701,gaussian_rank2,central,0.1,2,-0.2405892457151372,0.0016511697171607,-0.2,-0.0405892457151371
linear_gaussian,202,1701,gaussian_rank2,central,0.05,0,0.8879291199116772,0.00080312139348,0.8,0.0879291199116771
linear_gaussian,202,1701,gaussian_rank2,central,0.05,1,0.7003740168189544,0.0062155567971437,0.5,0.2003740168189544
linear_gaussian,202,1701,gaussian_rank2,central,0.05,2,-0.2409843905006875,0.0016558647257236,-0.2,-0.0409843905006875
linear_gaussian,202,1701,gaussian_rank2,boundary,0.2,0,0.7575122389172965,0.0030365306770503,0.8,-0.0424877610827035
linear_gaussian,202,1701,gaussian_rank2,boundary,0.2,1,0.294445355058378,0.002263444522914,0.5,-0.205554644941622
linear_gaussian,202,1701,gaussian_rank2,boundary,0.2,2,-0.1472514306333576,0.001366013538694,-0.2,0.0527485693666423
linear_gaussian,202,1701,gaussian_rank2,boundary,0.1,0,0.7622842187897776,0.0031084362174803,0.8,-0.0377157812102224
linear_gaussian,202,1701,gaussian_rank2,boundary,0.1,1,0.2937385082872314,0.0022545169373505,0.5,-0.2062614917127685
linear_gaussian,202,1701,gaussian_rank2,boundary,0.1,2,-0.148767484790894,0.0013821971566947,-0.2,0.051232515209106
linear_gaussian,202,1701,gaussian_rank2,boundary,0.05,0,0.7635037331864988,0.003126699487086,0.8,-0.0364962668135012
linear_gaussian,202,1701,gaussian_rank2,boundary,0.05,1,0.2935646486710238,0.0022521491894571,0.5,-0.2064353513289762
linear_gaussian,202,1701,gaussian_rank2,boundary,0.05,2,-0.1491559454232635,0.0013862878633899,-0.2,0.0508440545767364
linear_gaussian,202,1701,gaussian_rank2,extrapolated,0.2,0,-0.002615437945036,0.001158662644101,0.8,-0.8026154379450361
linear_gaussian,202,1701,gaussian_rank2,extrapolated,0.2,1,-0.0879665810571157,0.0021049938786114,0.5,-0.5879665810571157
linear_gaussian,202,1701,gaussian_rank2,extrapolated,0.2,2,0.1021388143255023,0.0014323919961887,-0.2,0.3021388143255024
linear_gaussian,202,1701,gaussian_rank2,extrapolated,0.1,0,-0.0042556485084277,0.0011568159000068,0.8,-0.8042556485084278
linear_gaussian,202,1701,gaussian_rank2,extrapolated,0.1,1,-0.088386836954041,0.0021072553063045,0.5,-0.588386836954041
linear_gaussian,202,1701,gaussian_rank2,extrapolated,0.1,2,0.1025398657545989,0.0014319260231038,-0.2,0.3025398657545989
linear_gaussian,202,1701,gaussian_rank2,extrapolated,0.05,0,-0.0046645717395477,0.0011563422692019,0.8,-0.8046645717395478
linear_gaussian,202,1701,gaussian_rank2,extrapolated,0.05,1,-0.088491321930097,0.0021078061564567,0.5,-0.588491321930097
linear_gaussian,202,1701,gaussian_rank2,extrapolated,0.05,2,0.1026394080502487,0.0014318097141405,-0.2,0.3026394080502487
heavy_tailed,202,2903,transformer_mdn4,central,0.2,0,1.5155301955764484,0.0100320241978444,1.6,-0.0844698044235516
heavy_tailed,202,2903,transformer_mdn4,central,0.2,1,0.4053554746549877,0.0035711138644562,0.5,-0.0946445253450122
heavy_tailed,202,2903,transformer_mdn4,central,0.2,2,-0.1157889794791076,0.0011774147749606,-0.2,0.0842110205208924
heavy_tailed,202,2903,transformer_mdn4,central,0.1,0,1.5237860282846665,0.0088146715179122,1.6,-0.0762139717153336
heavy_tailed,202,2903,transformer_mdn4,central,0.1,1,0.3947594747590471,0.0052451430561963,0.5,-0.1052405252409529
heavy_tailed,202,2903,transformer_mdn4,central,0.1,2,-0.1078903586599639,0.0014612542443814,-0.2,0.0921096413400361
heavy_tailed,202,2903,transformer_mdn4,central,0.05,0,1.5144155580133123,0.0220669093288317,1.6,-0.0855844419866878
heavy_tailed,202,2903,transformer_mdn4,central,0.05,1,0.3898916549280998,0.0019795067283252,0.5,-0.1101083450719002
heavy_tailed,202,2903,transformer_mdn4,central,0.05,2,-0.1077126442901426,0.0046520410934754,-0.2,0.0922873557098573
heavy_tailed,202,2903,transformer_mdn4,boundary,0.2,0,0.7502406225316522,0.0014688281650313,0.6182383242455304,0.1320022982861218
heavy_tailed,202,2903,transformer_mdn4,boundary,0.2,1,0.383603948721696,0.0030663778348475,0.5,-0.1163960512783039
heavy_tailed,202,2903,transformer_mdn4,boundary,0.2,2,-0.3010517742750354,0.0076293280931013,-0.2,-0.1010517742750353
heavy_tailed,202,2903,transformer_mdn4,boundary,0.1,0,0.7644207051179922,0.0080365173264528,0.6182383242455304,0.1461823808724618
heavy_tailed,202,2903,transformer_mdn4,boundary,0.1,1,0.3742364389299091,0.0032295859736744,0.5,-0.1257635610700908
heavy_tailed,202,2903,transformer_mdn4,boundary,0.1,2,-0.3060642982275925,0.0105064549867298,-0.2,-0.1060642982275925
heavy_tailed,202,2903,transformer_mdn4,boundary,0.05,0,0.7645983322531199,0.0280280852877203,0.6182383242455304,0.1463600080075895
heavy_tailed,202,2903,transformer_mdn4,boundary,0.05,1,0.3821218724700093,0.0048296234428546,0.5,-0.1178781275299907
heavy_tailed,202,2903,transformer_mdn4,boundary,0.05,2,-0.306651267123435,0.0109447706655365,-0.2,-0.106651267123435
heavy_tailed,202,2903,transformer_mdn4,extrapolated,0.2,0,0.0570044766367587,0.0007679148780915,1.026929748370581,-0.9699252717338224
heavy_tailed,202,2903,transformer_mdn4,extrapolated,0.2,1,-0.0078146274031621,0.0014929516086042,0.5,-0.5078146274031622
heavy_tailed,202,2903,transformer_mdn4,extrapolated,0.2,2,0.0249767562184779,0.0019918562588398,-0.2,0.2249767562184779
heavy_tailed,202,2903,transformer_mdn4,extrapolated,0.1,0,0.0573783751438531,0.0018724829176297,1.026929748370581,-0.969551373226728
heavy_tailed,202,2903,transformer_mdn4,extrapolated,0.1,1,-0.0100356871143408,0.0027340476831392,0.5,-0.5100356871143409
heavy_tailed,202,2903,transformer_mdn4,extrapolated,0.1,2,0.0262300771014536,0.0032972779515158,-0.2,0.2262300771014537
heavy_tailed,202,2903,transformer_mdn4,extrapolated,0.05,0,0.0542288146063637,0.0040274353570674,1.026929748370581,-0.9727009337642172
heavy_tailed,202,2903,transformer_mdn4,extrapolated,0.05,1,-0.0065423879269144,0.0102612745816312,0.5,-0.5065423879269144
heavy_tailed,202,2903,transformer_mdn4,extrapolated,0.05,2,0.0281034690157031,0.0083982281584371,-0.2,0.2281034690157032
linear_gaussian,202,1701,transformer_mdn4,central,0.2,0,0.6574930462641898,0.0040359712792838,0.8,-0.1425069537358102
linear_gaussian,202,1701,transformer_mdn4,central,0.2,1,0.2824812128726673,0.0014586072469324,0.5,-0.2175187871273326
linear_gaussian,202,1701,transformer_mdn4,central,0.2,2,-0.2320981105050741,0.001354364993967,-0.2,-0.0320981105050741
linear_gaussian,202,1701,transformer_mdn4,central,0.1,0,0.6397939639459577,0.0041793431870241,0.8,-0.1602060360540423
linear_gaussian,202,1701,transformer_mdn4,central,0.1,1,0.2657429435734817,0.0053444892606551,0.5,-0.2342570564265182
linear_gaussian,202,1701,transformer_mdn4,central,0.1,2,-0.2333395819988866,0.0021220350560495,-0.2,-0.0333395819988866
linear_gaussian,202,1701,transformer_mdn4,central,0.05,0,0.6299195823783252,0.0087153690429964,0.8,-0.1700804176216748
linear_gaussian,202,1701,transformer_mdn4,central,0.05,1,0.2615455091709999,0.0084689207525506,0.5,-0.238454490829
linear_gaussian,202,1701,transformer_mdn4,central,0.05,2,-0.234739168048744,0.0024511964577399,-0.2,-0.034739168048744
linear_gaussian,202,1701,transformer_mdn4,boundary,0.2,0,0.7879276171931386,0.0045811058620558,0.8,-0.0120723828068614
linear_gaussian,202,1701,transformer_mdn4,boundary,0.2,1,0.5591947542945378,0.003819310294976,0.5,0.0591947542945378
linear_gaussian,202,1701,transformer_mdn4,boundary,0.2,2,-0.2829911147414057,0.0008095617484976,-0.2,-0.0829911147414056
linear_gaussian,202,1701,transformer_mdn4,boundary,0.1,0,0.7940970997378383,0.0063475171716687,0.8,-0.0059029002621617
linear_gaussian,202,1701,transformer_mdn4,boundary,0.1,1,0.5675113983933052,0.0031530359450546,0.5,0.0675113983933052
linear_gaussian,202,1701,transformer_mdn4,boundary,0.1,2,-0.2915605794937166,0.0011443484559961,-0.2,-0.0915605794937166
linear_gaussian,202,1701,transformer_mdn4,boundary,0.05,0,0.7948999483060204,0.0069528740784331,0.8,-0.0051000516939796
linear_gaussian,202,1701,transformer_mdn4,boundary,0.05,1,0.5695628098234033,0.0071685535667829,0.5,0.0695628098234033
linear_gaussian,202,1701,transformer_mdn4,boundary,0.05,2,-0.2918109225871689,0.0018546769297726,-0.2,-0.0918109225871689
linear_gaussian,202,1701,transformer_mdn4,extrapolated,0.2,0,0.0269328864892208,0.0024139498529567,0.8,-0.7730671135107793
linear_gaussian,202,1701,transformer_mdn4,extrapolated,0.2,1,-0.0092378544326167,0.0041885811389164,0.5,-0.5092378544326168
linear_gaussian,202,1701,transformer_mdn4,extrapolated,0.2,2,0.0352470643433533,0.0064014155527878,-0.2,0.2352470643433534
linear_gaussian,202,1701,transformer_mdn4,extrapolated,0.1,0,0.030413394564042,0.0017176979901568,0.8,-0.769586605435958
linear_gaussian,202,1701,transformer_mdn4,extrapolated,0.1,1,-0.011778952410257,0.0041566623177256,0.5,-0.5117789524102571
linear_gaussian,202,1701,transformer_mdn4,extrapolated,0.1,2,0.041782108588862,0.0073614268401017,-0.2,0.2417821085888621
linear_gaussian,202,1701,transformer_mdn4,extrapolated,0.05,0,0.0303465290402349,0.0017323505435065,0.8,-0.7696534709597651
linear_gaussian,202,1701,transformer_mdn4,extrapolated,0.05,1,-0.0141754548309939,0.0026550217539668,0.5,-0.5141754548309939
linear_gaussian,202,1701,transformer_mdn4,extrapolated,0.05,2,0.0505902011456147,0.0047846489313468,-0.2,0.2505902011456148
bimodal,202,2903,student_rank2,central,0.2,0,2.386509072581598,0.0014408973988695,2.25,0.1365090725815978
bimodal,202,2903,student_rank2,central,0.2,1,1.1817776567403666,0.0005411586560806,1.05,0.1317776567403665
bimodal,202,2903,student_rank2,central,0.2,2,-0.3302308349127625,0.002263505848773,-0.35,0.0197691650872374
bimodal,202,2903,student_rank2,central,0.1,0,2.418291271164303,0.0014701777132111,2.25,0.1682912711643029
bimodal,202,2903,student_rank2,central,0.1,1,1.1879616585103174,0.0006112303226015,1.05,0.1379616585103174
bimodal,202,2903,student_rank2,central,0.1,2,-0.3332341544090498,0.0023429509988022,-0.35,0.0167658455909501
bimodal,202,2903,student_rank2,central,0.05,0,2.426408609039823,0.0014777374470311,2.25,0.1764086090398229
bimodal,202,2903,student_rank2,central,0.05,1,1.1894996260655528,0.0006291083108969,1.05,0.1394996260655527
bimodal,202,2903,student_rank2,central,0.05,2,-0.3339895230544634,0.0023632436463743,-0.35,0.0160104769455365
bimodal,202,2903,student_rank2,boundary,0.2,0,1.249472854561368,0.0031195922641787,0.9347346089919524,0.3147382455694157
bimodal,202,2903,student_rank2,boundary,0.2,1,0.8305486251908524,0.0025302855325163,0.7678045486315878,0.0627440765592646
bimodal,202,2903,student_rank2,boundary,0.2,2,-0.2979390162081372,0.0010689536241117,-0.2730376041722512,-0.0249014120358859
bimodal,202,2903,student_rank2,boundary,0.1,0,1.2434749546509771,0.0031379965706344,0.9347346089919524,0.3087403456590248
bimodal,202,2903,student_rank2,boundary,0.1,1,0.8315104544109678,0.0025501715795668,0.7678045486315878,0.06370590577938
bimodal,202,2903,student_rank2,boundary,0.1,2,-0.2970627130577576,0.0010864665090406,-0.2730376041722512,-0.0240251088855064
bimodal,202,2903,student_rank2,boundary,0.05,0,1.24194175624519,0.0031425991183067,0.9347346089919524,0.3072071472532377
bimodal,202,2903,student_rank2,boundary,0.05,1,0.831746566143217,0.0025551289857494,0.7678045486315878,0.0639420175116292
bimodal,202,2903,student_rank2,boundary,0.05,2,-0.2968436651978391,0.0010908751978078,-0.2730376041722512,-0.0238060610255879
bimodal,202,2903,student_rank2,extrapolated,0.2,0,0.0230637424240261,0.0051922353236414,1.0442146957146352,-1.0211509532906091
bimodal,202,2903,student_rank2,extrapolated,0.2,1,0.0163150155240108,0.0041345139814383,0.5146257246757381,-0.4983107091517272
bimodal,202,2903,student_rank2,extrapolated,0.2,2,-0.291780277681565,0.0006852469001071,-0.203988834002474,-0.087791443679091
bimodal,202,2903,student_rank2,extrapolated,0.1,0,0.0212347372954295,0.0051898233018461,1.0442146957146352,-1.0229799584192056
bimodal,202,2903,student_rank2,extrapolated,0.1,1,0.0145902008698139,0.004131716087732,0.5146257246757381,-0.5000355238059241
bimodal,202,2903,student_rank2,extrapolated,0.1,2,-0.2922788218038608,0.0006841538108465,-0.203988834002474,-0.0882899878013867
bimodal,202,2903,student_rank2,extrapolated,0.05,0,0.02077987170131,0.0051892492508234,1.0442146957146352,-1.023434824013325
bimodal,202,2903,student_rank2,extrapolated,0.05,1,0.0141572639988877,0.0041310265778664,0.5146257246757381,-0.5004684606768504
bimodal,202,2903,student_rank2,extrapolated,0.05,2,-0.2924062419397126,0.000683883523602,-0.203988834002474,-0.0884174079372385
heavy_tailed,101,2903,mdn4,central,0.2,0,1.6605827111888602,0.000901655492847,1.6,0.0605827111888601
heavy_tailed,101,2903,mdn4,central,0.2,1,0.6307946003544403,0.0032916614642793,0.5,0.1307946003544403
heavy_tailed,101,2903,mdn4,central,0.2,2,-0.2188924956089961,0.0006352116006856,-0.2,-0.0188924956089961
heavy_tailed,101,2903,mdn4,central,0.1,0,1.69571469031368,0.0024089581453416,1.6,0.0957146903136798
heavy_tailed,101,2903,mdn4,central,0.1,1,0.6465952672030092,0.0044648876059904,0.5,0.1465952672030092
heavy_tailed,101,2903,mdn4,central,0.1,2,-0.2207509213612387,0.00211518554244,-0.2,-0.0207509213612387
heavy_tailed,101,2903,mdn4,central,0.05,0,1.7108796335178376,0.0007437784383857,1.6,0.1108796335178374
heavy_tailed,101,2903,mdn4,central,0.05,1,0.6538463650644695,0.0041269862330621,0.5,0.1538463650644694
heavy_tailed,101,2903,mdn4,central,0.05,2,-0.2200763341150264,0.0011558650340251,-0.2,-0.0200763341150264
heavy_tailed,101,2903,mdn4,boundary,0.2,0,0.6569494300885247,0.0034279486201613,0.6182383242455304,0.0387111058429943
heavy_tailed,101,2903,mdn4,boundary,0.2,1,0.2485230014986208,0.0020744311545203,0.5,-0.2514769985013791
heavy_tailed,101,2903,mdn4,boundary,0.2,2,-0.1950142602433944,0.0013380737853106,-0.2,0.0049857397566056
heavy_tailed,101,2903,mdn4,boundary,0.1,0,0.6537764703571277,0.0049972718615147,0.6182383242455304,0.0355381461115973
heavy_tailed,101,2903,mdn4,boundary,0.1,1,0.2520639633089193,0.0031671751651784,0.5,-0.2479360366910807
heavy_tailed,101,2903,mdn4,boundary,0.1,2,-0.1968917085230392,0.0024735998120338,-0.2,0.0031082914769607
heavy_tailed,101,2903,mdn4,boundary,0.05,0,0.6513707156313927,0.005197836967804,0.6182383242455304,0.0331323913858623
heavy_tailed,101,2903,mdn4,boundary,0.05,1,0.2518240570719626,0.0050157444232781,0.5,-0.2481759429280373
heavy_tailed,101,2903,mdn4,boundary,0.05,2,-0.1932425496245199,0.0023980126158372,-0.2,0.00675745037548
heavy_tailed,101,2903,mdn4,extrapolated,0.2,0,-0.1762933796827505,0.0048758277064874,1.026929748370581,-1.2032231280533316
heavy_tailed,101,2903,mdn4,extrapolated,0.2,1,-0.1909552716797064,0.0058772861317844,0.5,-0.6909552716797064
heavy_tailed,101,2903,mdn4,extrapolated,0.2,2,-0.0841555758885749,0.0016566652510402,-0.2,0.1158444241114251
heavy_tailed,101,2903,mdn4,extrapolated,0.1,0,-0.1735172828322817,0.0054399583880537,1.026929748370581,-1.2004470312028628
heavy_tailed,101,2903,mdn4,extrapolated,0.1,1,-0.1889040838110671,0.0036952891043471,0.5,-0.6889040838110672
heavy_tailed,101,2903,mdn4,extrapolated,0.1,2,-0.0848754436887196,0.0031756335012741,-0.2,0.1151245563112803
heavy_tailed,101,2903,mdn4,extrapolated,0.05,0,-0.1886436664663482,0.0187046618448158,1.026929748370581,-1.2155734148369293
heavy_tailed,101,2903,mdn4,extrapolated,0.05,1,-0.1954730205422317,0.0080388767573805,0.5,-0.6954730205422317
heavy_tailed,101,2903,mdn4,extrapolated,0.05,2,-0.0879389883066613,0.0052929354353329,-0.2,0.1120610116933387
heavy_tailed,101,1701,gaussian_rank2,central,0.2,0,1.57293738414693,0.0007480412906487,1.6,-0.02706261585307
heavy_tailed,101,1701,gaussian_rank2,central,0.2,1,0.567371060309685,0.0008480655277612,0.5,0.0673710603096849
heavy_tailed,101,1701,gaussian_rank2,central,0.2,2,-0.3892115345869871,0.0034181032927258,-0.2,-0.189211534586987
heavy_tailed,101,1701,gaussian_rank2,central,0.1,0,1.5949513144013512,0.0008477545585621,1.6,-0.0050486855986489
heavy_tailed,101,1701,gaussian_rank2,central,0.1,1,0.5716967670871623,0.0008423777844292,0.5,0.0716967670871623
heavy_tailed,101,1701,gaussian_rank2,central,0.1,2,-0.4001230422261089,0.003808957721015,-0.2,-0.2001230422261088
heavy_tailed,101,1701,gaussian_rank2,central,0.05,0,1.6006626962891397,0.0008739123914928,1.6,0.0006626962891396
heavy_tailed,101,1701,gaussian_rank2,central,0.05,1,0.5727898329060793,0.0008401469220403,0.5,0.0727898329060793
heavy_tailed,101,1701,gaussian_rank2,central,0.05,2,-0.4030327892410213,0.0039128776195214,-0.2,-0.2030327892410213
heavy_tailed,101,1701,gaussian_rank2,boundary,0.2,0,0.7726755391488753,0.0012444699618602,0.6182383242455304,0.1544372149033449
heavy_tailed,101,1701,gaussian_rank2,boundary,0.2,1,0.4377025972479271,0.0017618597146111,0.5,-0.0622974027520729
heavy_tailed,101,1701,gaussian_rank2,boundary,0.2,2,-0.1497550403314174,0.0022976240343761,-0.2,0.0502449596685825
heavy_tailed,101,1701,gaussian_rank2,boundary,0.1,0,0.7742574071938635,0.0012549361337206,0.6182383242455304,0.1560190829483331
heavy_tailed,101,1701,gaussian_rank2,boundary,0.1,1,0.4450147578196712,0.0017756917548879,0.5,-0.0549852421803288
heavy_tailed,101,1701,gaussian_rank2,boundary,0.1,2,-0.1465598882036306,0.0023605018137174,-0.2,0.0534401117963694
heavy_tailed,101,1701,gaussian_rank2,boundary,0.05,0,0.7746866050520965,0.0012575340667479,0.6182383242455304,0.1564482808065661
heavy_tailed,101,1701,gaussian_rank2,boundary,0.05,1,0.4469196170378458,0.0017791268807553,0.5,-0.0530803829621541
heavy_tailed,101,1701,gaussian_rank2,boundary,0.05,2,-0.1457511033725073,0.0023765711010783,-0.2,0.0542488966274926
heavy_tailed,101,1701,gaussian_rank2,extrapolated,0.2,0,-0.0663869116719031,0.0010245621957628,1.026929748370581,-1.0933166600424842
heavy_tailed,101,1701,gaussian_rank2,extrapolated,0.2,1,-0.0236682904631096,0.0012940693747307,0.5,-0.5236682904631096
heavy_tailed,101,1701,gaussian_rank2,extrapolated,0.2,2,-0.0621915563141019,0.0013111233195482,-0.2,0.1378084436858981
heavy_tailed,101,1701,gaussian_rank2,extrapolated,0.1,0,-0.0673581018728863,0.0010205957398718,1.026929748370581,-1.0942878502434674
heavy_tailed,101,1701,gaussian_rank2,extrapolated,0.1,1,-0.0247961663533128,0.0012931105108214,0.5,-0.5247961663533128
heavy_tailed,101,1701,gaussian_rank2,extrapolated,0.1,2,-0.0622451176543849,0.0013075508568161,-0.2,0.137754882345615
heavy_tailed,101,1701,gaussian_rank2,extrapolated,0.05,0,-0.0675964746812722,0.0010196101463051,1.026929748370581,-1.094526223051853
heavy_tailed,101,1701,gaussian_rank2,extrapolated,0.05,1,-0.0250782386158184,0.0012928620000443,0.5,-0.5250782386158185
heavy_tailed,101,1701,gaussian_rank2,extrapolated,0.05,2,-0.062258747451306,0.0013066424796954,-0.2,0.1377412525486939
linear_gaussian,101,2903,student_rank2,central,0.2,0,0.811040114930463,0.0004962059698611,0.8,0.0110401149304629
linear_gaussian,101,2903,student_rank2,central,0.2,1,0.5550075626316948,0.0002398389781952,0.5,0.0550075626316948
linear_gaussian,101,2903,student_rank2,central,0.2,2,-0.2361792911085976,0.0006147611149021,-0.2,-0.0361792911085976
linear_gaussian,101,2903,student_rank2,central,0.1,0,0.8113346933362434,0.0005024551899465,0.8,0.0113346933362433
linear_gaussian,101,2903,student_rank2,central,0.1,1,0.5574238405684513,0.0002608368200317,0.5,0.0574238405684512
linear_gaussian,101,2903,student_rank2,central,0.1,2,-0.2365371408274767,0.0006305153140839,-0.2,-0.0365371408274767
linear_gaussian,101,2903,student_rank2,central,0.05,0,0.8114036673379913,0.0005040885544666,0.8,0.0114036673379912
linear_gaussian,101,2903,student_rank2,central,0.05,1,0.5580341334911968,0.0002661011658652,0.5,0.0580341334911967
linear_gaussian,101,2903,student_rank2,central,0.05,2,-0.2366160168842586,0.0006345922920637,-0.2,-0.0366160168842585
linear_gaussian,101,2903,student_rank2,boundary,0.2,0,0.7160368040935282,0.0024171209890074,0.8,-0.0839631959064718
linear_gaussian,101,2903,student_rank2,boundary,0.2,1,0.3629390181677516,0.0024239167674374,0.5,-0.1370609818322484
linear_gaussian,101,2903,student_rank2,boundary,0.2,2,-0.1154505628330339,0.0015645763251284,-0.2,0.084549437166966
linear_gaussian,101,2903,student_rank2,boundary,0.1,0,0.7221653863809534,0.0024331044095622,0.8,-0.0778346136190466
linear_gaussian,101,2903,student_rank2,boundary,0.1,1,0.3642821601453327,0.0024631939436898,0.5,-0.1357178398546673
linear_gaussian,101,2903,student_rank2,boundary,0.1,2,-0.1169863953689547,0.0015857164541539,-0.2,0.0830136046310452
linear_gaussian,101,2903,student_rank2,boundary,0.05,0,0.7237322750762964,0.0024371606115117,0.8,-0.0762677249237036
linear_gaussian,101,2903,student_rank2,boundary,0.05,1,0.3646275038218061,0.0024732610210752,0.5,-0.1353724961781939
linear_gaussian,101,2903,student_rank2,boundary,0.05,2,-0.1173742858880519,0.0015911206050033,-0.2,0.082625714111948
linear_gaussian,101,2903,student_rank2,extrapolated,0.2,0,-0.0390798855845334,0.0003805385436453,0.8,-0.8390798855845335
linear_gaussian,101,2903,student_rank2,extrapolated,0.2,1,-0.0247133256839872,0.0005751554081115,0.5,-0.5247133256839873
linear_gaussian,101,2903,student_rank2,extrapolated,0.2,2,0.1132707566647143,0.0003195743107653,-0.2,0.3132707566647144
linear_gaussian,101,2903,student_rank2,extrapolated,0.1,0,-0.0404677488068679,0.000375205222571,0.8,-0.840467748806868
linear_gaussian,101,2903,student_rank2,extrapolated,0.1,1,-0.0253995222627804,0.0005680512379971,0.5,-0.5253995222627804
linear_gaussian,101,2903,student_rank2,extrapolated,0.1,2,0.1132617358486199,0.0003182351672197,-0.2,0.3132617358486199
linear_gaussian,101,2903,student_rank2,extrapolated,0.05,0,-0.0408137471232183,0.0003738640911285,0.8,-0.8408137471232184
linear_gaussian,101,2903,student_rank2,extrapolated,0.05,1,-0.0255704104112989,0.0005662777803302,0.5,-0.5255704104112989
linear_gaussian,101,2903,student_rank2,extrapolated,0.05,2,0.1132583300849032,0.000317890297588,-0.2,0.3132583300849033
linear_gaussian,101,1701,mdn4,central,0.2,0,0.9245630181960725,0.0024165347503708,0.8,0.1245630181960723
linear_gaussian,101,1701,mdn4,central,0.2,1,0.6772393007303249,0.0041775923149166,0.5,0.1772393007303249
linear_gaussian,101,1701,mdn4,central,0.2,2,-0.1302904354722487,0.0013899069570628,-0.2,0.0697095645277512
linear_gaussian,101,1701,mdn4,central,0.1,0,0.9306320965996367,0.010619557079696,0.8,0.1306320965996367
linear_gaussian,101,1701,mdn4,central,0.1,1,0.6868539058570898,0.013344925567201,0.5,0.1868539058570898
linear_gaussian,101,1701,mdn4,central,0.1,2,-0.1359584575753424,0.0093741011881666,-0.2,0.0640415424246576
linear_gaussian,101,1701,mdn4,central,0.05,0,0.9373939621143084,0.006467605395252,0.8,0.1373939621143083
linear_gaussian,101,1701,mdn4,central,0.05,1,0.6964788729126532,0.0095822286535968,0.5,0.1964788729126532
linear_gaussian,101,1701,mdn4,central,0.05,2,-0.130216861410426,0.0180898657094918,-0.2,0.069783138589574
linear_gaussian,101,1701,mdn4,boundary,0.2,0,0.4720856823795949,0.0013005341967428,0.8,-0.3279143176204051
linear_gaussian,101,1701,mdn4,boundary,0.2,1,0.104546166352938,0.0012274363601614,0.5,-0.3954538336470619
linear_gaussian,101,1701,mdn4,boundary,0.2,2,-0.2373865199571988,0.0026308071933901,-0.2,-0.0373865199571988
linear_gaussian,101,1701,mdn4,boundary,0.1,0,0.4703992035833153,0.0011903808522532,0.8,-0.3296007964166847
linear_gaussian,101,1701,mdn4,boundary,0.1,1,0.0976190644666877,0.0053048946027107,0.5,-0.4023809355333123
linear_gaussian,101,1701,mdn4,boundary,0.1,2,-0.2380365599903834,0.0035241894290336,-0.2,-0.0380365599903834
linear_gaussian,101,1701,mdn4,boundary,0.05,0,0.4708151140370387,0.0031630997429314,0.8,-0.3291848859629613
linear_gaussian,101,1701,mdn4,boundary,0.05,1,0.0975537855208545,0.0037687956586067,0.5,-0.4024462144791454
linear_gaussian,101,1701,mdn4,boundary,0.05,2,-0.2387606186274029,0.0021045542595357,-0.2,-0.0387606186274029
linear_gaussian,101,1701,mdn4,extrapolated,0.2,0,0.048481806050226,0.0012636520995755,0.8,-0.751518193949774
linear_gaussian,101,1701,mdn4,extrapolated,0.2,1,-0.1525868125163139,0.0019370432738048,0.5,-0.6525868125163139
linear_gaussian,101,1701,mdn4,extrapolated,0.2,2,-0.0763824055409954,0.0017823603341525,-0.2,0.1236175944590045
linear_gaussian,101,1701,mdn4,extrapolated,0.1,0,0.0508696213019318,0.0004088214691724,0.8,-0.7491303786980682
linear_gaussian,101,1701,mdn4,extrapolated,0.1,1,-0.1504052422394705,0.0010131049325526,0.5,-0.6504052422394706
linear_gaussian,101,1701,mdn4,extrapolated,0.1,2,-0.0772082106026784,0.00320601084621,-0.2,0.1227917893973215
linear_gaussian,101,1701,mdn4,extrapolated,0.05,0,0.0509199648840341,0.0028280489813603,0.8,-0.7490800351159659
linear_gaussian,101,1701,mdn4,extrapolated,0.05,1,-0.1532834542563373,0.0043123033206338,0.5,-0.6532834542563374
linear_gaussian,101,1701,mdn4,extrapolated,0.05,2,-0.0820883392356273,0.0120685810721611,-0.2,0.1179116607643726
nonlinear_heteroskedastic,303,2903,edm,central,0.2,0,1.3551830230497703,0.0016953012910007,1.6,-0.2448169769502297
nonlinear_heteroskedastic,303,2903,edm,central,0.2,1,0.4335904089970879,0.0007993736440499,0.5,-0.0664095910029121
nonlinear_heteroskedastic,303,2903,edm,central,0.2,2,-0.2362774218100074,0.0004091089097182,-0.2,-0.0362774218100074
nonlinear_heteroskedastic,303,2903,edm,central,0.1,0,1.362898810710807,0.0017248215355682,1.6,-0.2371011892891927
nonlinear_heteroskedastic,303,2903,edm,central,0.1,1,0.4379828877315193,0.0008087255771556,0.5,-0.0620171122684807
nonlinear_heteroskedastic,303,2903,edm,central,0.1,2,-0.2369131300645028,0.0004204788969972,-0.2,-0.0369131300645028
nonlinear_heteroskedastic,303,2903,edm,central,0.05,0,1.3648666557868507,0.0017324603037162,1.6,-0.2351333442131493
nonlinear_heteroskedastic,303,2903,edm,central,0.05,1,0.4391065401143574,0.0008111354746016,0.5,-0.0608934598856425
nonlinear_heteroskedastic,303,2903,edm,central,0.05,2,-0.2370732798185507,0.0004234296158666,-0.2,-0.0370732798185507
nonlinear_heteroskedastic,303,2903,edm,boundary,0.2,0,0.8732711458284625,0.0002552648909871,0.6182383242455304,0.2550328215829321
nonlinear_heteroskedastic,303,2903,edm,boundary,0.2,1,0.2488112272544075,0.000188197458297,0.5,-0.2511887727455925
nonlinear_heteroskedastic,303,2903,edm,boundary,0.2,2,-0.2119060480423453,0.000902389198387,-0.2,-0.0119060480423453
nonlinear_heteroskedastic,303,2903,edm,boundary,0.1,0,0.8723517791886414,0.0002572979867655,0.6182383242455304,0.254113454943111
nonlinear_heteroskedastic,303,2903,edm,boundary,0.1,1,0.2478669547472569,0.000187383528644,0.5,-0.252133045252743
nonlinear_heteroskedastic,303,2903,edm,boundary,0.1,2,-0.2128352862656419,0.0009077675083618,-0.2,-0.0128352862656419
nonlinear_heteroskedastic,303,2903,edm,boundary,0.05,0,0.8721178255695213,0.0002578189085689,0.6182383242455304,0.2538795013239909
nonlinear_heteroskedastic,303,2903,edm,boundary,0.05,1,0.2476260986420053,0.0001871880877314,0.5,-0.2523739013579946
nonlinear_heteroskedastic,303,2903,edm,boundary,0.05,2,-0.2130696589745105,0.0009091118090541,-0.2,-0.0130696589745104
nonlinear_heteroskedastic,303,2903,edm,extrapolated,0.2,0,0.1777569645421134,0.0002387243636478,1.026929748370581,-0.8491727838284676
nonlinear_heteroskedastic,303,2903,edm,extrapolated,0.2,1,0.0332672346533668,0.0001437756301569,0.5,-0.4667327653466331
nonlinear_heteroskedastic,303,2903,edm,extrapolated,0.2,2,-0.0169901370816504,0.0005214763212821,-0.2,0.1830098629183495
nonlinear_heteroskedastic,303,2903,edm,extrapolated,0.1,0,0.176652838775609,0.00023839109311,1.026929748370581,-0.8502769095949719
nonlinear_heteroskedastic,303,2903,edm,extrapolated,0.1,1,0.0330279478585565,0.0001442893236666,0.5,-0.4669720521414434
nonlinear_heteroskedastic,303,2903,edm,extrapolated,0.1,2,-0.016566363843845,0.000520648145147,-0.2,0.1834336361561549
nonlinear_heteroskedastic,303,2903,edm,extrapolated,0.05,0,0.1763766941305385,0.0002383156695788,1.026929748370581,-0.8505530542400425
nonlinear_heteroskedastic,303,2903,edm,extrapolated,0.05,1,0.0329681058632121,0.0001444342747227,0.5,-0.4670318941367878
nonlinear_heteroskedastic,303,2903,edm,extrapolated,0.05,2,-0.0164606917722698,0.0005204477550959,-0.2,0.1835393082277301
nonlinear_heteroskedastic,202,1701,gaussian_diag,central,0.2,0,1.5522988809502043,0.0018600767896718,1.6,-0.0477011190497955
nonlinear_heteroskedastic,202,1701,gaussian_diag,central,0.2,1,0.6421674282376416,0.0008759518798856,0.5,0.1421674282376416
nonlinear_heteroskedastic,202,1701,gaussian_diag,central,0.2,2,-0.2261185871059178,0.0001210615733604,-0.2,-0.0261185871059178
nonlinear_heteroskedastic,202,1701,gaussian_diag,central,0.1,0,1.5623090069465562,0.0018745088776551,1.6,-0.0376909930534439
nonlinear_heteroskedastic,202,1701,gaussian_diag,central,0.1,1,0.647039321439654,0.0009008910583384,0.5,0.147039321439654
nonlinear_heteroskedastic,202,1701,gaussian_diag,central,0.1,2,-0.2269094496236569,0.0001220085852974,-0.2,-0.0269094496236569
nonlinear_heteroskedastic,202,1701,gaussian_diag,central,0.05,0,1.5648670886661693,0.0018782832185322,1.6,-0.0351329113338307
nonlinear_heteroskedastic,202,1701,gaussian_diag,central,0.05,1,0.6482836722462774,0.000907135019708,0.5,0.1482836722462773
nonlinear_heteroskedastic,202,1701,gaussian_diag,central,0.05,2,-0.227105754953539,0.0001222060043731,-0.2,-0.0271057549535389
nonlinear_heteroskedastic,202,1701,gaussian_diag,boundary,0.2,0,1.0410867072014671,0.0035152230232155,0.6182383242455304,0.4228483829559369
nonlinear_heteroskedastic,202,1701,gaussian_diag,boundary,0.2,1,0.4127777781736418,0.0003575124311623,0.5,-0.0872222218263581
nonlinear_heteroskedastic,202,1701,gaussian_diag,boundary,0.2,2,-0.1930212362852151,0.0002386895386709,-0.2,0.0069787637147848
nonlinear_heteroskedastic,202,1701,gaussian_diag,boundary,0.1,0,1.0469084299665536,0.0035077536393008,0.6182383242455304,0.4286701057210232
nonlinear_heteroskedastic,202,1701,gaussian_diag,boundary,0.1,1,0.4146667937255133,0.0003613329550484,0.5,-0.0853332062744866
nonlinear_heteroskedastic,202,1701,gaussian_diag,boundary,0.1,2,-0.1947283550899644,0.000235677012085,-0.2,0.0052716449100355
nonlinear_heteroskedastic,202,1701,gaussian_diag,boundary,0.05,0,1.0484138173174449,0.0035057532375519,0.6182383242455304,0.4301754930719142
nonlinear_heteroskedastic,202,1701,gaussian_diag,boundary,0.05,1,0.4151525639034207,0.0003622724562072,0.5,-0.0848474360965792
nonlinear_heteroskedastic,202,1701,gaussian_diag,boundary,0.05,2,-0.1951602484999222,0.0002348750275723,-0.2,0.0048397515000777
nonlinear_heteroskedastic,202,1701,gaussian_diag,extrapolated,0.2,0,-0.0829602155280937,0.0031910435314875,1.026929748370581,-1.1098899638986748
nonlinear_heteroskedastic,202,1701,gaussian_diag,extrapolated,0.2,1,-0.0562304076339203,0.0004533036066088,0.5,-0.5562304076339203
nonlinear_heteroskedastic,202,1701,gaussian_diag,extrapolated,0.2,2,0.0799650802195936,0.0006059951231195,-0.2,0.2799650802195937
nonlinear_heteroskedastic,202,1701,gaussian_diag,extrapolated,0.1,0,-0.0842998158343784,0.0031867100525497,1.026929748370581,-1.1112295642049594
nonlinear_heteroskedastic,202,1701,gaussian_diag,extrapolated,0.1,1,-0.0567803447557146,0.0004532886006399,0.5,-0.5567803447557147
nonlinear_heteroskedastic,202,1701,gaussian_diag,extrapolated,0.1,2,0.0802215953355885,0.000606655501157,-0.2,0.2802215953355885
nonlinear_heteroskedastic,202,1701,gaussian_diag,extrapolated,0.05,0,-0.0846312325655129,0.0031856636896996,1.026929748370581,-1.111560980936094
nonlinear_heteroskedastic,202,1701,gaussian_diag,extrapolated,0.05,1,-0.0569166999374015,0.0004532795755053,0.5,-0.5569166999374016
nonlinear_heteroskedastic,202,1701,gaussian_diag,extrapolated,0.05,2,0.0802860473709941,0.0006068290432051,-0.2,0.2802860473709941
nonlinear_heteroskedastic,202,1701,mdn4,central,0.2,0,1.4031974626692518,0.0047133288070303,1.6,-0.1968025373307482
nonlinear_heteroskedastic,202,1701,mdn4,central,0.2,1,0.437122618897976,0.0007572486573151,0.5,-0.0628773811020239
nonlinear_heteroskedastic,202,1701,mdn4,central,0.2,2,-0.2128542191750245,0.0019397865645021,-0.2,-0.0128542191750245
nonlinear_heteroskedastic,202,1701,mdn4,central,0.1,0,1.390473306314844,0.0058996576782002,1.6,-0.209526693685156
nonlinear_heteroskedastic,202,1701,mdn4,central,0.1,1,0.4271336898254439,0.0053329152913527,0.5,-0.072866310174556
nonlinear_heteroskedastic,202,1701,mdn4,central,0.1,2,-0.2260527449063731,0.0031839933590036,-0.2,-0.0260527449063731
nonlinear_heteroskedastic,202,1701,mdn4,central,0.05,0,1.3973777585717653,0.0053905244819683,1.6,-0.2026222414282348
nonlinear_heteroskedastic,202,1701,mdn4,central,0.05,1,0.4239629603385594,0.007428565635363,0.5,-0.0760370396614405
nonlinear_heteroskedastic,202,1701,mdn4,central,0.05,2,-0.2262796464076726,0.0027745363607941,-0.2,-0.0262796464076726
nonlinear_heteroskedastic,202,1701,mdn4,boundary,0.2,0,0.7230157118201473,0.0019341220470804,0.6182383242455304,0.1047773875746169
nonlinear_heteroskedastic,202,1701,mdn4,boundary,0.2,1,0.2815027341450338,0.0009323343870826,0.5,-0.2184972658549661
nonlinear_heteroskedastic,202,1701,mdn4,boundary,0.2,2,-0.1169662379769315,0.0009975992692216,-0.2,0.0830337620230684
nonlinear_heteroskedastic,202,1701,mdn4,boundary,0.1,0,0.7096264248364204,0.0022015528512815,0.6182383242455304,0.0913881005908899
nonlinear_heteroskedastic,202,1701,mdn4,boundary,0.1,1,0.2760139209628143,0.0057630901501281,0.5,-0.2239860790371857
nonlinear_heteroskedastic,202,1701,mdn4,boundary,0.1,2,-0.1197828431502272,0.0009311530967087,-0.2,0.0802171568497728
nonlinear_heteroskedastic,202,1701,mdn4,boundary,0.05,0,0.7091908587363771,0.002860821030184,0.6182383242455304,0.0909525344908467
nonlinear_heteroskedastic,202,1701,mdn4,boundary,0.05,1,0.2695713653466412,0.0013298617583039,0.5,-0.2304286346533587
nonlinear_heteroskedastic,202,1701,mdn4,boundary,0.05,2,-0.116475462974934,0.001373274926291,-0.2,0.083524537025066
nonlinear_heteroskedastic,202,1701,mdn4,extrapolated,0.2,0,-0.1038038532930805,0.0009836961183368,1.026929748370581,-1.1307336016636615
nonlinear_heteroskedastic,202,1701,mdn4,extrapolated,0.2,1,-0.2422751134647173,0.0045272417362185,0.5,-0.7422751134647173
nonlinear_heteroskedastic,202,1701,mdn4,extrapolated,0.2,2,0.0554809675959096,0.0009349295160162,-0.2,0.2554809675959096
nonlinear_heteroskedastic,202,1701,mdn4,extrapolated,0.1,0,-0.1037561968109719,0.0014217645149201,1.026929748370581,-1.130685945181553
nonlinear_heteroskedastic,202,1701,mdn4,extrapolated,0.1,1,-0.2511397433516597,0.01503547021643,0.5,-0.7511397433516598
nonlinear_heteroskedastic,202,1701,mdn4,extrapolated,0.1,2,0.0565677072720253,0.0055344638431913,-0.2,0.2565677072720254
nonlinear_heteroskedastic,202,1701,mdn4,extrapolated,0.05,0,-0.1055294006053493,0.0016840657152664,1.026929748370581,-1.1324591489759304
nonlinear_heteroskedastic,202,1701,mdn4,extrapolated,0.05,1,-0.2519770066680368,0.00379591479516,0.5,-0.7519770066680369
nonlinear_heteroskedastic,202,1701,mdn4,extrapolated,0.05,2,0.0559373722251354,0.0040978776095109,-0.2,0.2559373722251354
linear_gaussian,303,1701,student_rank2,central,0.2,0,0.8550385479204681,0.0005148064488015,0.8,0.055038547920468
linear_gaussian,303,1701,student_rank2,central,0.2,1,0.5642915612481465,0.0015800750990318,0.5,0.0642915612481465
linear_gaussian,303,1701,student_rank2,central,0.2,2,-0.24189184623777,0.0005036535047536,-0.2,-0.04189184623777
linear_gaussian,303,1701,student_rank2,central,0.1,0,0.8571181692800667,0.0005141350577564,0.8,0.0571181692800666
linear_gaussian,303,1701,student_rank2,central,0.1,1,0.566946676414929,0.0015877601180998,0.5,0.066946676414929
linear_gaussian,303,1701,student_rank2,central,0.1,2,-0.2427793026043484,0.000501310083419,-0.2,-0.0427793026043483
linear_gaussian,303,1701,student_rank2,central,0.05,0,0.8576360657088125,0.000513972756329,0.8,0.0576360657088124
linear_gaussian,303,1701,student_rank2,central,0.05,1,0.567610849865856,0.0015896494697252,0.5,0.0676108498658559
linear_gaussian,303,1701,student_rank2,central,0.05,2,-0.2429982271043357,0.0005007054194436,-0.2,-0.0429982271043357
linear_gaussian,303,1701,student_rank2,boundary,0.2,0,0.6372803357958966,0.0009805081417969,0.8,-0.1627196642041034
linear_gaussian,303,1701,student_rank2,boundary,0.2,1,0.3989123686336327,0.0009088501017257,0.5,-0.1010876313663672
linear_gaussian,303,1701,student_rank2,boundary,0.2,2,-0.1725822917268019,0.0006296765856191,-0.2,0.027417708273198
linear_gaussian,303,1701,student_rank2,boundary,0.1,0,0.6386931120030223,0.0009777885137538,0.8,-0.1613068879969778
linear_gaussian,303,1701,student_rank2,boundary,0.1,1,0.4003449894897519,0.0009113225563136,0.5,-0.099655010510248
linear_gaussian,303,1701,student_rank2,boundary,0.1,2,-0.1743943079139837,0.0006306761032722,-0.2,0.0256056920860163
linear_gaussian,303,1701,student_rank2,boundary,0.05,0,0.6390468737693803,0.00097708022659,0.8,-0.1609531262306197
linear_gaussian,303,1701,student_rank2,boundary,0.05,1,0.4007031964829626,0.0009119465736061,0.5,-0.0992968035170373
linear_gaussian,303,1701,student_rank2,boundary,0.05,2,-0.1748552294866193,0.0006309231110564,-0.2,0.0251447705133806
linear_gaussian,303,1701,student_rank2,extrapolated,0.2,0,0.029641182742035,0.0035772759522446,0.8,-0.770358817257965
linear_gaussian,303,1701,student_rank2,extrapolated,0.2,1,-0.0971072220934874,0.0010619775003714,0.5,-0.5971072220934874
linear_gaussian,303,1701,student_rank2,extrapolated,0.2,2,0.0936395022891968,0.0021855062612708,-0.2,0.2936395022891968
linear_gaussian,303,1701,student_rank2,extrapolated,0.1,0,0.0281424275788359,0.0035760908258781,0.8,-0.7718575724211642
linear_gaussian,303,1701,student_rank2,extrapolated,0.1,1,-0.0982498537236897,0.0010614493315421,0.5,-0.5982498537236898
linear_gaussian,303,1701,student_rank2,extrapolated,0.1,2,0.0941320402562843,0.0021890715231438,-0.2,0.2941320402562843
linear_gaussian,303,1701,student_rank2,extrapolated,0.05,0,0.027767223014438,0.0035757514452932,0.8,-0.772232776985562
linear_gaussian,303,1701,student_rank2,extrapolated,0.05,1,-0.0985358421289232,0.0010613499757447,0.5,-0.5985358421289232
linear_gaussian,303,1701,student_rank2,extrapolated,0.05,2,0.0942549284789213,0.0021899558596465,-0.2,0.2942549284789214
bimodal,202,1701,mdn4,central,0.2,0,2.0579478522494745,0.0227091254843532,2.25,-0.1920521477505254
bimodal,202,1701,mdn4,central,0.2,1,0.9674306466946714,0.0218812970646575,1.05,-0.0825693533053286
bimodal,202,1701,mdn4,central,0.2,2,-0.3119376232494991,0.0088237135166361,-0.35,0.0380623767505008
bimodal,202,1701,mdn4,central,0.1,0,2.088411731820075,0.0347109268552087,2.25,-0.161588268179925
bimodal,202,1701,mdn4,central,0.1,1,0.981318271498292,0.0277890593754449,1.05,-0.0686817285017081
bimodal,202,1701,mdn4,central,0.1,2,-0.3193998293284557,0.0075469055038181,-0.35,0.0306001706715443
bimodal,202,1701,mdn4,central,0.05,0,2.07851481478257,0.036829094549543,2.25,-0.1714851852174299
bimodal,202,1701,mdn4,central,0.05,1,0.9637193037008656,0.0413117185150986,1.05,-0.0862806962991343
bimodal,202,1701,mdn4,central,0.05,2,-0.3091806958233919,0.0073694287046448,-0.35,0.040819304176608
bimodal,202,1701,mdn4,boundary,0.2,0,0.9190209100615436,0.0123441713253549,0.9347346089919524,-0.0157136989304085
bimodal,202,1701,mdn4,boundary,0.2,1,0.5011124098201601,0.0077255361937939,0.7678045486315878,-0.2666921388114276
bimodal,202,1701,mdn4,boundary,0.2,2,-0.2776974169682926,0.0015984168582917,-0.2730376041722512,-0.0046598127960413
bimodal,202,1701,mdn4,boundary,0.1,0,0.9149827438048008,0.0102518632475778,0.9347346089919524,-0.0197518651871515
bimodal,202,1701,mdn4,boundary,0.1,1,0.5063565617797282,0.0050119521596222,0.7678045486315878,-0.2614479868518595
bimodal,202,1701,mdn4,boundary,0.1,2,-0.2792874103516581,0.0015328706174007,-0.2730376041722512,-0.0062498061794069
bimodal,202,1701,mdn4,boundary,0.05,0,0.8995064107922257,0.0154485284825684,0.9347346089919524,-0.0352281981997265
bimodal,202,1701,mdn4,boundary,0.05,1,0.4920989662681204,0.008873114114995,0.7678045486315878,-0.2757055823634673
bimodal,202,1701,mdn4,boundary,0.05,2,-0.275082407631559,0.0013813565820332,-0.2730376041722512,-0.0020448034593078
bimodal,202,1701,mdn4,extrapolated,0.2,0,-0.1155276034103726,0.0034133075523436,1.0442146957146352,-1.159742299125008
bimodal,202,1701,mdn4,extrapolated,0.2,1,-0.5661502672369223,0.0081265057199631,0.5146257246757381,-1.0807759919126605
bimodal,202,1701,mdn4,extrapolated,0.2,2,0.0582394628270878,0.0017679127744888,-0.203988834002474,0.2622282968295618
bimodal,202,1701,mdn4,extrapolated,0.1,0,-0.118205727450393,0.0032285717974283,1.0442146957146352,-1.162420423165028
bimodal,202,1701,mdn4,extrapolated,0.1,1,-0.5775901224150312,0.0065156112524875,0.5146257246757381,-1.0922158470907692
bimodal,202,1701,mdn4,extrapolated,0.1,2,0.0620165186233344,0.0018228533092536,-0.203988834002474,0.2660053526258085
bimodal,202,1701,mdn4,extrapolated,0.05,0,-0.1125706963786391,0.0019569363298868,1.0442146957146352,-1.1567853920932745
bimodal,202,1701,mdn4,extrapolated,0.05,1,-0.5752453006221817,0.0146770419358446,0.5146257246757381,-1.0898710252979198
bimodal,202,1701,mdn4,extrapolated,0.05,2,0.0614182862764881,0.0050688905617684,-0.203988834002474,0.2654071202789622
linear_gaussian,101,2903,flow,central,0.2,0,0.8332340083144588,0.000257404516606,0.8,0.0332340083144587
linear_gaussian,101,2903,flow,central,0.2,1,0.5270416306130387,0.0001646189029371,0.5,0.0270416306130386
linear_gaussian,101,2903,flow,central,0.2,2,-0.2287915131552992,0.0001647831904192,-0.2,-0.0287915131552991
linear_gaussian,101,2903,flow,central,0.1,0,0.834963509276179,0.0002563481362945,0.8,0.0349635092761789
linear_gaussian,101,2903,flow,central,0.1,1,0.5285562113301344,0.0001634016596095,0.5,0.0285562113301344
linear_gaussian,101,2903,flow,central,0.1,2,-0.2291634850963041,0.0001673276473739,-0.2,-0.0291634850963041
linear_gaussian,101,2903,flow,central,0.05,0,0.835396430354277,0.000256103984108,0.8,0.0353964303542769
linear_gaussian,101,2903,flow,central,0.05,1,0.5289350249837117,0.0001631296603258,0.5,0.0289350249837117
linear_gaussian,101,2903,flow,central,0.05,2,-0.2292562127973125,0.0001679674763078,-0.2,-0.0292562127973125
linear_gaussian,101,2903,flow,boundary,0.2,0,0.6948853126133544,0.000470676086585,0.8,-0.1051146873866456
linear_gaussian,101,2903,flow,boundary,0.2,1,0.3760536210233336,0.0004978213334064,0.5,-0.1239463789766663
linear_gaussian,101,2903,flow,boundary,0.2,2,-0.1938167253690746,0.000180018834579,-0.2,0.0061832746309253
linear_gaussian,101,2903,flow,boundary,0.1,0,0.6958956717551071,0.0004647379011764,0.8,-0.1041043282448929
linear_gaussian,101,2903,flow,boundary,0.1,1,0.3769923368092351,0.0004970766308489,0.5,-0.1230076631907648
linear_gaussian,101,2903,flow,boundary,0.1,2,-0.1941546241104841,0.0001816295584545,-0.2,0.0058453758895158
linear_gaussian,101,2903,flow,boundary,0.05,0,0.6961494656105635,0.0004632325251271,0.8,-0.1038505343894365
linear_gaussian,101,2903,flow,boundary,0.05,1,0.3772288937207753,0.0004968717586426,0.5,-0.1227711062792246
linear_gaussian,101,2903,flow,boundary,0.05,2,-0.1942398595977334,0.0001820346444274,-0.2,0.0057601404022666
linear_gaussian,101,2903,flow,extrapolated,0.2,0,0.1807413736057554,0.0008109055831381,0.8,-0.6192586263942447
linear_gaussian,101,2903,flow,extrapolated,0.2,1,-0.0634950671251101,0.0008058497471805,0.5,-0.5634950671251102
linear_gaussian,101,2903,flow,extrapolated,0.2,2,-0.0514979683757905,7.13144786291368e-05,-0.2,0.1485020316242095
linear_gaussian,101,2903,flow,extrapolated,0.1,0,0.1793978490439603,0.0008151568381043,0.8,-0.6206021509560397
linear_gaussian,101,2903,flow,extrapolated,0.1,1,-0.0649697926244015,0.0008075951790784,0.5,-0.5649697926244016
linear_gaussian,101,2903,flow,extrapolated,0.1,2,-0.0512156838341024,7.212188050928821e-05,-0.2,0.1487843161658976
linear_gaussian,101,2903,flow,extrapolated,0.05,0,0.1790602554617833,0.0008162507350652,0.8,-0.6209397445382167
linear_gaussian,101,2903,flow,extrapolated,0.05,1,-0.0653405230324296,0.0008080093488318,0.5,-0.5653405230324297
linear_gaussian,101,2903,flow,extrapolated,0.05,2,-0.0511448131469301,7.234420810588221e-05,-0.2,0.1488551868530698
heavy_tailed,303,1701,gaussian_diag,central,0.2,0,1.461574114941925,0.0008194255293477,1.6,-0.138425885058075
heavy_tailed,303,1701,gaussian_diag,central,0.2,1,0.5037964499637724,0.0003213310204297,0.5,0.0037964499637723
heavy_tailed,303,1701,gaussian_diag,central,0.2,2,-0.2756059012931636,1.2014938563597523e-05,-0.2,-0.0756059012931635
heavy_tailed,303,1701,gaussian_diag,central,0.1,0,1.4733419238280376,0.0008331935847557,1.6,-0.1266580761719624
heavy_tailed,303,1701,gaussian_diag,central,0.1,1,0.5061264491882457,0.0003343378300342,0.5,0.0061264491882456
heavy_tailed,303,1701,gaussian_diag,central,0.1,2,-0.275851319143488,1.1270244238930628e-05,-0.2,-0.0758513191434879
heavy_tailed,303,1701,gaussian_diag,central,0.05,0,1.4762784928430992,0.000836606071095,1.6,-0.1237215071569008
heavy_tailed,303,1701,gaussian_diag,central,0.05,1,0.5067224373877266,0.0003376414065043,0.5,0.0067224373877265
heavy_tailed,303,1701,gaussian_diag,central,0.05,2,-0.2758989338517516,1.1059742299754657e-05,-0.2,-0.0758989338517516
heavy_tailed,303,1701,gaussian_diag,boundary,0.2,0,0.7508896362832639,1.0401096582913988e-05,0.6182383242455304,0.1326513120377335
heavy_tailed,303,1701,gaussian_diag,boundary,0.2,1,0.4142510688617138,0.0020331180072999,0.5,-0.0857489311382861
heavy_tailed,303,1701,gaussian_diag,boundary,0.2,2,-0.1432113755834038,0.0001929572559236,-0.2,0.0567886244165961
heavy_tailed,303,1701,gaussian_diag,boundary,0.1,0,0.7535426401403859,4.487757116346363e-06,0.6182383242455304,0.1353043158948554
heavy_tailed,303,1701,gaussian_diag,boundary,0.1,1,0.4165952446340413,0.0020464260318774,0.5,-0.0834047553659586
heavy_tailed,303,1701,gaussian_diag,boundary,0.1,2,-0.1449368076895786,0.0001915695437743,-0.2,0.0550631923104213
heavy_tailed,303,1701,gaussian_diag,boundary,0.05,0,0.7542528466185039,3.008311494311537e-06,0.6182383242455304,0.1360145223729735
heavy_tailed,303,1701,gaussian_diag,boundary,0.05,1,0.417193373794895,0.0020497044068407,0.5,-0.0828066262051049
heavy_tailed,303,1701,gaussian_diag,boundary,0.05,2,-0.1453878519631315,0.000191187374342,-0.2,0.0546121480368685
heavy_tailed,303,1701,gaussian_diag,extrapolated,0.2,0,-0.135335565158669,0.0002780200902455,1.026929748370581,-1.1622653135292502
heavy_tailed,303,1701,gaussian_diag,extrapolated,0.2,1,-0.0253007934802849,4.561905693044405e-05,0.5,-0.5253007934802849
heavy_tailed,303,1701,gaussian_diag,extrapolated,0.2,2,0.0361381883896028,0.0003429159608084,-0.2,0.2361381883896029
heavy_tailed,303,1701,gaussian_diag,extrapolated,0.1,0,-0.1360245501123358,0.0002781678809967,1.026929748370581,-1.1629542984829169
heavy_tailed,303,1701,gaussian_diag,extrapolated,0.1,1,-0.0262808925683879,4.472792670127473e-05,0.5,-0.526280892568388
heavy_tailed,303,1701,gaussian_diag,extrapolated,0.1,2,0.0356026225938664,0.0003423071279042,-0.2,0.2356026225938664
heavy_tailed,303,1701,gaussian_diag,extrapolated,0.05,0,-0.1361956874957311,0.0002782052438322,1.026929748370581,-1.163125435866312
heavy_tailed,303,1701,gaussian_diag,extrapolated,0.05,1,-0.0265233723422952,4.450725035495154e-05,0.5,-0.5265233723422953
heavy_tailed,303,1701,gaussian_diag,extrapolated,0.05,2,0.0354694185318251,0.0003421483430427,-0.2,0.2354694185318251
nonlinear_heteroskedastic,202,1701,transformer_mdn4,central,0.2,0,1.3463521816352884,0.0044989443091751,1.6,-0.2536478183647117
nonlinear_heteroskedastic,202,1701,transformer_mdn4,central,0.2,1,0.2079668792373587,0.0025865977385969,0.5,-0.2920331207626413
nonlinear_heteroskedastic,202,1701,transformer_mdn4,central,0.2,2,-0.2076681094318977,0.0030261918010953,-0.2,-0.0076681094318976
nonlinear_heteroskedastic,202,1701,transformer_mdn4,central,0.1,0,1.3240393916489468,0.0187728336372451,1.6,-0.2759606083510533
nonlinear_heteroskedastic,202,1701,transformer_mdn4,central,0.1,1,0.1837709042556456,0.0021590763865452,0.5,-0.3162290957443543
nonlinear_heteroskedastic,202,1701,transformer_mdn4,central,0.1,2,-0.209757722204542,0.0026481618838135,-0.2,-0.009757722204542
nonlinear_heteroskedastic,202,1701,transformer_mdn4,central,0.05,0,1.3177346188287118,0.0400872897609023,1.6,-0.2822653811712883
nonlinear_heteroskedastic,202,1701,transformer_mdn4,central,0.05,1,0.1794317429491372,0.005043310410364,0.5,-0.3205682570508628
nonlinear_heteroskedastic,202,1701,transformer_mdn4,central,0.05,2,-0.2103509012153116,0.0045797780204098,-0.2,-0.0103509012153115
nonlinear_heteroskedastic,202,1701,transformer_mdn4,boundary,0.2,0,0.7981542320087326,0.0028248379080861,0.6182383242455304,0.1799159077632022
nonlinear_heteroskedastic,202,1701,transformer_mdn4,boundary,0.2,1,0.4800233613423889,0.004644917352693,0.5,-0.019976638657611
nonlinear_heteroskedastic,202,1701,transformer_mdn4,boundary,0.2,2,-0.2887356154675388,0.0019449577324235,-0.2,-0.0887356154675388
nonlinear_heteroskedastic,202,1701,transformer_mdn4,boundary,0.1,0,0.7901991629081767,0.0039412386278993,0.6182383242455304,0.1719608386626463
nonlinear_heteroskedastic,202,1701,transformer_mdn4,boundary,0.1,1,0.4814625596897747,0.0044667112590876,0.5,-0.0185374403102252
nonlinear_heteroskedastic,202,1701,transformer_mdn4,boundary,0.1,2,-0.2929416956123924,0.0006213968064713,-0.2,-0.0929416956123924
nonlinear_heteroskedastic,202,1701,transformer_mdn4,boundary,0.05,0,0.7899939105843287,0.00067131293164,0.6182383242455304,0.1717555863387982
nonlinear_heteroskedastic,202,1701,transformer_mdn4,boundary,0.05,1,0.4855356585583747,0.0076326011066322,0.5,-0.0144643414416252
nonlinear_heteroskedastic,202,1701,transformer_mdn4,boundary,0.05,2,-0.2966326861223997,0.0010730118325095,-0.2,-0.0966326861223997
nonlinear_heteroskedastic,202,1701,transformer_mdn4,extrapolated,0.2,0,0.0246823013512246,0.0009027971574349,1.026929748370581,-1.0022474470193563
nonlinear_heteroskedastic,202,1701,transformer_mdn4,extrapolated,0.2,1,-0.002731127085555,0.0012939838466485,0.5,-0.502731127085555
nonlinear_heteroskedastic,202,1701,transformer_mdn4,extrapolated,0.2,2,0.0424699724291674,0.009695483511725,-0.2,0.2424699724291675
nonlinear_heteroskedastic,202,1701,transformer_mdn4,extrapolated,0.1,0,0.0288140797986324,0.0065726456329433,1.026929748370581,-0.9981156685719486
nonlinear_heteroskedastic,202,1701,transformer_mdn4,extrapolated,0.1,1,0.0008978938430918,0.0030550877863179,0.5,-0.4991021061569081
nonlinear_heteroskedastic,202,1701,transformer_mdn4,extrapolated,0.1,2,0.0346604484086326,0.0127656302855221,-0.2,0.2346604484086327
nonlinear_heteroskedastic,202,1701,transformer_mdn4,extrapolated,0.05,0,0.0248461900364627,0.0074839327216133,1.026929748370581,-1.0020835583341183
nonlinear_heteroskedastic,202,1701,transformer_mdn4,extrapolated,0.05,1,-0.0011018126011178,0.0035435079336005,0.5,-0.5011018126011179
nonlinear_heteroskedastic,202,1701,transformer_mdn4,extrapolated,0.05,2,0.0402200108571082,0.0177218961193995,-0.2,0.2402200108571082
bimodal,202,2903,flow,central,0.2,0,2.146039609691938,0.0042031236260469,2.25,-0.1039603903080621
bimodal,202,2903,flow,central,0.2,1,1.0794824478859024,0.0024301090762483,1.05,0.0294824478859023
bimodal,202,2903,flow,central,0.2,2,-0.3003982080781726,0.0009103642061057,-0.35,0.0496017919218273
bimodal,202,2903,flow,central,0.1,0,2.1588393374573993,0.0042841509039922,2.25,-0.0911606625426006
bimodal,202,2903,flow,central,0.1,1,1.0872626486471793,0.0026972972956272,1.05,0.0372626486471792
bimodal,202,2903,flow,central,0.1,2,-0.3012563397958498,0.0009622846907994,-0.35,0.0487436602041501
bimodal,202,2903,flow,central,0.05,0,2.1619863947437277,0.0044123707099884,2.25,-0.0880136052562723
bimodal,202,2903,flow,central,0.05,1,1.0891878417844691,0.0028703863717332,1.05,0.0391878417844691
bimodal,202,2903,flow,central,0.05,2,-0.301470255919739,0.0009950243411529,-0.35,0.0485297440802609
bimodal,202,2903,flow,boundary,0.2,0,1.371735943361622,0.0136329094442312,0.9347346089919524,0.4370013343696696
bimodal,202,2903,flow,boundary,0.2,1,0.6680115996032291,0.0087830871730506,0.7678045486315878,-0.0997929490283586
bimodal,202,2903,flow,boundary,0.2,2,-0.3434091586495013,0.0020077949677619,-0.2730376041722512,-0.0703715544772501
bimodal,202,2903,flow,boundary,0.1,0,1.3726253929520844,0.0140930641114059,0.9347346089919524,0.4378907839601321
bimodal,202,2903,flow,boundary,0.1,1,0.668557669031823,0.0092351184547765,0.7678045486315878,-0.0992468795997647
bimodal,202,2903,flow,boundary,0.1,2,-0.3471568411722711,0.0021252147789476,-0.2730376041722512,-0.0741192370000199
bimodal,202,2903,flow,boundary,0.05,0,1.3728115572175037,0.0141957193805834,0.9347346089919524,0.4380769482255514
bimodal,202,2903,flow,boundary,0.05,1,0.6686675909347942,0.0093459419638165,0.7678045486315878,-0.0991369576967935
bimodal,202,2903,flow,boundary,0.05,2,-0.3481153934577028,0.0021584892624416,-0.2730376041722512,-0.0750777892854516
bimodal,202,2903,flow,extrapolated,0.2,0,0.3011170648005157,5.033615881065352e-05,1.0442146957146352,-0.7430976309141195
bimodal,202,2903,flow,extrapolated,0.2,1,0.0523308707880326,0.0002629063880741,0.5146257246757381,-0.4622948538877054
bimodal,202,2903,flow,extrapolated,0.2,2,0.0444568909097922,0.0018385955666271,-0.203988834002474,0.2484457249122662
bimodal,202,2903,flow,extrapolated,0.1,0,0.3006608666382189,5.9597688705214066e-05,1.0442146957146352,-0.7435538290764163
bimodal,202,2903,flow,extrapolated,0.1,1,0.0515717409976238,0.0002697608598849,0.5146257246757381,-0.4630539836781142
bimodal,202,2903,flow,extrapolated,0.1,2,0.0451229655216972,0.0018399297199391,-0.203988834002474,0.2491117995241712
bimodal,202,2903,flow,extrapolated,0.05,0,0.3005490599001259,6.19304180854685e-05,1.0442146957146352,-0.7436656358145093
bimodal,202,2903,flow,extrapolated,0.05,1,0.0513822994674254,0.0002714742984031,0.5146257246757381,-0.4632434252083126
bimodal,202,2903,flow,extrapolated,0.05,2,0.0452893458550361,0.0018402664043745,-0.203988834002474,0.2492781798575101
bimodal,101,0,gp_rbf,central,0.2,0,2.03649350982035,7.07770859775133e-05,2.25,-0.2135064901796499
bimodal,101,0,gp_rbf,central,0.2,1,0.9236780875707096,5.574683904754253e-05,1.05,-0.1263219124292904
bimodal,101,0,gp_rbf,central,0.2,2,-0.4402952080379285,3.7877863865756574e-05,-0.35,-0.0902952080379285
bimodal,101,0,gp_rbf,central,0.1,0,2.023983130294962,8.238213414351751e-05,2.25,-0.2260168697050382
bimodal,101,0,gp_rbf,central,0.1,1,0.8924289711239766,6.488743509362167e-05,1.05,-0.1575710288760234
bimodal,101,0,gp_rbf,central,0.1,2,-0.4395605294535573,4.4088552374133774e-05,-0.35,-0.0895605294535573
bimodal,101,0,gp_rbf,central,0.05,0,2.020318371360888,8.550049841757772e-05,2.25,-0.2296816286391121
bimodal,101,0,gp_rbf,central,0.05,1,0.8839483173282122,6.734358243215282e-05,1.05,-0.1660516826717878
bimodal,101,0,gp_rbf,central,0.05,2,-0.4392818411058345,4.575741138241283e-05,-0.35,-0.0892818411058345
bimodal,101,0,gp_rbf,boundary,0.2,0,-0.4973868458236082,0.0023295542784542,0.9347346089919524,-1.4321214548155603
bimodal,101,0,gp_rbf,boundary,0.2,1,-0.3255811600509539,0.0004277753390571,0.7678045486315878,-1.0933857086825416
bimodal,101,0,gp_rbf,boundary,0.2,2,-0.0816878465150518,0.0005051984269572,-0.2730376041722512,0.1913497576571993
bimodal,101,0,gp_rbf,boundary,0.1,0,-0.5334887385858497,0.0016782360510871,0.9347346089919524,-1.468223347577802
bimodal,101,0,gp_rbf,boundary,0.1,1,-0.3480311062537844,0.0003081739723369,0.7678045486315878,-1.1158356548853725
bimodal,101,0,gp_rbf,boundary,0.1,2,-0.0808166113397535,0.0003639504006886,-0.2730376041722512,0.1922209928324976
bimodal,101,0,gp_rbf,boundary,0.05,0,-0.5428411245500234,0.0015028615841858,0.9347346089919524,-1.4775757335419757
bimodal,101,0,gp_rbf,boundary,0.05,1,-0.3539218208857908,0.0002759700126617,0.7678045486315878,-1.1217263695173787
bimodal,101,0,gp_rbf,boundary,0.05,2,-0.0805654826455278,0.0003259178441557,-0.2730376041722512,0.1924721215267233
bimodal,101,0,gp_rbf,extrapolated,0.2,0,0.0585806750100277,0.0003045577004842,1.0442146957146352,-0.9856340207046076
bimodal,101,0,gp_rbf,extrapolated,0.2,1,0.0543828656966546,0.0002484218947451,0.5146257246757381,-0.4602428589790834
bimodal,101,0,gp_rbf,extrapolated,0.2,2,0.0824754315733497,0.0001196608087378,-0.203988834002474,0.2864642655758238
bimodal,101,0,gp_rbf,extrapolated,0.1,0,0.0640280458182826,0.0002438647404326,1.0442146957146352,-0.9801866498963526
bimodal,101,0,gp_rbf,extrapolated,0.1,1,0.0562011181898784,0.0001989158073609,0.5146257246757381,-0.4584246064858597
bimodal,101,0,gp_rbf,extrapolated,0.1,2,0.0796417622671208,9.58145271535238e-05,-0.203988834002474,0.2836305962695948
bimodal,101,0,gp_rbf,extrapolated,0.05,0,0.0653181290642263,0.0002292451082344,1.0442146957146352,-0.9788965666504088
bimodal,101,0,gp_rbf,extrapolated,0.05,1,0.0566061019569229,0.0001869908528268,0.5146257246757381,-0.4580196227188151
bimodal,101,0,gp_rbf,extrapolated,0.05,2,0.0789161896483441,9.00704694276314e-05,-0.203988834002474,0.2829050236508182
heavy_tailed,202,1701,edm,central,0.2,0,1.4013013961518572,0.0004743785806496,1.6,-0.1986986038481428
heavy_tailed,202,1701,edm,central,0.2,1,0.5085192707622213,0.0007787872019884,0.5,0.0085192707622212
heavy_tailed,202,1701,edm,central,0.2,2,-0.2028935163907689,0.0002163826460118,-0.2,-0.0028935163907689
heavy_tailed,202,1701,edm,central,0.1,0,1.4080091383637157,0.0004812821692143,1.6,-0.1919908616362844
heavy_tailed,202,1701,edm,central,0.1,1,0.5127365322796283,0.0007898240351607,0.5,0.0127365322796283
heavy_tailed,202,1701,edm,central,0.1,2,-0.2033237601240149,0.0002100634692671,-0.2,-0.0033237601240148
heavy_tailed,202,1701,edm,central,0.05,0,1.409708308071781,0.0004831303654608,1.6,-0.1902916919282191
heavy_tailed,202,1701,edm,central,0.05,1,0.5138051530944937,0.0007927441102049,0.5,0.0138051530944937
heavy_tailed,202,1701,edm,central,0.05,2,-0.2034306056980727,0.0002084123610041,-0.2,-0.0034306056980727
heavy_tailed,202,1701,edm,boundary,0.2,0,1.0324030060018283,0.0011783366871613,0.6182383242455304,0.4141646817562981
heavy_tailed,202,1701,edm,boundary,0.2,1,0.2222834711577372,0.000272027896892,0.5,-0.2777165288422628
heavy_tailed,202,1701,edm,boundary,0.2,2,-0.1921900935486123,0.0009125905442895,-0.2,0.0078099064513876
heavy_tailed,202,1701,edm,boundary,0.1,0,1.0325896468300824,0.0011854294504289,0.6182383242455304,0.414351322584552
heavy_tailed,202,1701,edm,boundary,0.1,1,0.2209361450470822,0.0002747409874358,0.5,-0.2790638549529177
heavy_tailed,202,1701,edm,boundary,0.1,2,-0.1925880116669373,0.0009164431101296,-0.2,0.0074119883330627
heavy_tailed,202,1701,edm,boundary,0.05,0,1.03263353123009,0.0011872455493142,0.6182383242455304,0.4143952069845596
heavy_tailed,202,1701,edm,boundary,0.05,1,0.2205917778849784,0.0002754265309154,0.5,-0.2794082221150216
heavy_tailed,202,1701,edm,boundary,0.05,2,-0.1926861171874555,0.0009173922065993,-0.2,0.0073138828125444
heavy_tailed,202,1701,edm,extrapolated,0.2,0,0.3223377598328185,0.0005171167643224,1.026929748370581,-0.7045919885377625
heavy_tailed,202,1701,edm,extrapolated,0.2,1,-0.0404854407061314,4.03743155522195e-05,0.5,-0.5404854407061315
heavy_tailed,202,1701,edm,extrapolated,0.2,2,-0.0568046828366682,0.00053172391732,-0.2,0.1431953171633317
heavy_tailed,202,1701,edm,extrapolated,0.1,0,0.3214401080632445,0.0005183138985475,1.026929748370581,-0.7054896403073365
heavy_tailed,202,1701,edm,extrapolated,0.1,1,-0.0408518016117578,3.8998213471246785e-05,0.5,-0.5408518016117578
heavy_tailed,202,1701,edm,extrapolated,0.1,2,-0.056668092257319,0.0005314111201633,-0.2,0.1433319077426809
heavy_tailed,202,1701,edm,extrapolated,0.05,0,0.321216596844307,0.0005186279997336,1.026929748370581,-0.705713151526274
heavy_tailed,202,1701,edm,extrapolated,0.05,1,-0.0409430336470734,3.8651854602708776e-05,0.5,-0.5409430336470734
heavy_tailed,202,1701,edm,extrapolated,0.05,2,-0.05663365488042,0.000531325419066,-0.2,0.1433663451195799
nonlinear_heteroskedastic,202,2903,flow,central,0.2,0,1.5137978609987588,0.001112159510266,1.6,-0.0862021390012413
nonlinear_heteroskedastic,202,2903,flow,central,0.2,1,0.5205874175575204,0.0004300885467986,0.5,0.0205874175575203
nonlinear_heteroskedastic,202,2903,flow,central,0.2,2,-0.151344028753966,0.000137360494859,-0.2,0.0486559712460339
nonlinear_heteroskedastic,202,2903,flow,central,0.1,0,1.5189954263771532,0.0011246266477731,1.6,-0.0810045736228468
nonlinear_heteroskedastic,202,2903,flow,central,0.1,1,0.5215874139042925,0.0004373012514281,0.5,0.0215874139042925
nonlinear_heteroskedastic,202,2903,flow,central,0.1,2,-0.1499076697913989,0.0001441756595781,-0.2,0.050092330208601
nonlinear_heteroskedastic,202,2903,flow,central,0.05,0,1.5202954461581004,0.0011278333489806,1.6,-0.0797045538418996
nonlinear_heteroskedastic,202,2903,flow,central,0.05,1,0.5218368684888196,0.0004391015558121,0.5,0.0218368684888196
nonlinear_heteroskedastic,202,2903,flow,central,0.05,2,-0.1495435193239221,0.0001458926269682,-0.2,0.0504564806760778
nonlinear_heteroskedastic,202,2903,flow,boundary,0.2,0,1.1374853030102188,0.0015999414616664,0.6182383242455304,0.5192469787646884
nonlinear_heteroskedastic,202,2903,flow,boundary,0.2,1,0.3612306192200813,0.0005653804856481,0.5,-0.1387693807799186
nonlinear_heteroskedastic,202,2903,flow,boundary,0.2,2,-0.2662992004570007,0.0007289314069468,-0.2,-0.0662992004570006
nonlinear_heteroskedastic,202,2903,flow,boundary,0.1,0,1.1387653731648644,0.0016021648799952,0.6182383242455304,0.520527048919334
nonlinear_heteroskedastic,202,2903,flow,boundary,0.1,1,0.3624355591519335,0.0005614675225884,0.5,-0.1375644408480665
nonlinear_heteroskedastic,202,2903,flow,boundary,0.1,2,-0.2693647680952372,0.0007397747212558,-0.2,-0.0693647680952371
nonlinear_heteroskedastic,202,2903,flow,boundary,0.05,0,1.1390681104073568,0.0016027563818712,0.6182383242455304,0.5208297861618264
nonlinear_heteroskedastic,202,2903,flow,boundary,0.05,1,0.3627410081682686,0.0005604701242869,0.5,-0.1372589918317313
nonlinear_heteroskedastic,202,2903,flow,boundary,0.05,2,-0.2701461561820682,0.0007425596883444,-0.2,-0.0701461561820682
nonlinear_heteroskedastic,202,2903,flow,extrapolated,0.2,0,0.1627834620191056,0.0006056329354053,1.026929748370581,-0.8641462863514754
nonlinear_heteroskedastic,202,2903,flow,extrapolated,0.2,1,-0.0605543050370363,0.0005201072959372,0.5,-0.5605543050370363
nonlinear_heteroskedastic,202,2903,flow,extrapolated,0.2,2,-0.0038634705050365,0.0018487787350129,-0.2,0.1961365294949635
nonlinear_heteroskedastic,202,2903,flow,extrapolated,0.1,0,0.1615779497013614,0.0006061599492195,1.026929748370581,-0.8653517986692196
nonlinear_heteroskedastic,202,2903,flow,extrapolated,0.1,1,-0.0611990827415268,0.0005214524524612,0.5,-0.5611990827415269
nonlinear_heteroskedastic,202,2903,flow,extrapolated,0.1,2,-0.0032994254133202,0.0018491480991769,-0.2,0.1967005745866797
nonlinear_heteroskedastic,202,2903,flow,extrapolated,0.05,0,0.1612778586352877,0.0006063288069036,1.026929748370581,-0.8656518897352933
nonlinear_heteroskedastic,202,2903,flow,extrapolated,0.05,1,-0.0613603014768926,0.0005218001019088,0.5,-0.5613603014768926
nonlinear_heteroskedastic,202,2903,flow,extrapolated,0.05,2,-0.0031584951767175,0.0018492529749454,-0.2,0.1968415048232824
heavy_tailed,101,2903,flow,central,0.2,0,1.4765245884330995,0.0005005021130872,1.6,-0.1234754115669003
heavy_tailed,101,2903,flow,central,0.2,1,0.5485513919913454,0.0002676894669172,0.5,0.0485513919913453
heavy_tailed,101,2903,flow,central,0.2,2,-0.264213531909756,0.000202308115586,-0.2,-0.0642135319097559
heavy_tailed,101,2903,flow,central,0.1,0,1.4842189917555768,0.000501963267622,1.6,-0.1157810082444232
heavy_tailed,101,2903,flow,central,0.1,1,0.5502724670863507,0.0002709732708809,0.5,0.0502724670863506
heavy_tailed,101,2903,flow,central,0.1,2,-0.2658278145027322,0.0002045533478194,-0.2,-0.0658278145027321
heavy_tailed,101,2903,flow,central,0.05,0,1.4861717775674783,0.0005023534502506,1.6,-0.1138282224325215
heavy_tailed,101,2903,flow,central,0.05,1,0.5507054853883414,0.000271870713553,0.5,0.0507054853883414
heavy_tailed,101,2903,flow,central,0.05,2,-0.2662401153596518,0.000205126545292,-0.2,-0.0662401153596518
heavy_tailed,101,2903,flow,boundary,0.2,0,1.065486772270206,0.0008149152088243,0.6182383242455304,0.4472484480246755
heavy_tailed,101,2903,flow,boundary,0.2,1,0.4147542907355059,0.0006819791712494,0.5,-0.085245709264494
heavy_tailed,101,2903,flow,boundary,0.2,2,-0.1618064149869933,0.0005165892972392,-0.2,0.0381935850130067
heavy_tailed,101,2903,flow,boundary,0.1,0,1.0654498262093048,0.000812491197339,0.6182383242455304,0.4472115019637744
heavy_tailed,101,2903,flow,boundary,0.1,1,0.4160725205784779,0.0006848589442434,0.5,-0.083927479421522
heavy_tailed,101,2903,flow,boundary,0.1,2,-0.1610767907940944,0.0005213029046408,-0.2,0.0389232092059055
heavy_tailed,101,2903,flow,boundary,0.05,0,1.065443881989278,0.0008118957960921,0.6182383242455304,0.4472055577437476
heavy_tailed,101,2903,flow,boundary,0.05,1,0.4164125483281082,0.0006855893498671,0.5,-0.0835874516718918
heavy_tailed,101,2903,flow,boundary,0.05,2,-0.1608904364676464,0.0005224863837948,-0.2,0.0391095635323536
heavy_tailed,101,2903,flow,extrapolated,0.2,0,0.3503642863108121,0.0012936433885112,1.026929748370581,-0.676565462059769
heavy_tailed,101,2903,flow,extrapolated,0.2,1,0.0345546951230927,0.0007801748229996,0.5,-0.4654453048769072
heavy_tailed,101,2903,flow,extrapolated,0.2,2,-0.0931363468027998,0.0001585083512732,-0.2,0.1068636531972001
heavy_tailed,101,2903,flow,extrapolated,0.1,0,0.3492387982322453,0.0012980494110083,1.026929748370581,-0.6776909501383357
heavy_tailed,101,2903,flow,extrapolated,0.1,1,0.0335390334169157,0.0007816829734142,0.5,-0.4664609665830843
heavy_tailed,101,2903,flow,extrapolated,0.1,2,-0.0931940435910984,0.0001582787293212,-0.2,0.1068059564089015
heavy_tailed,101,2903,flow,extrapolated,0.05,0,0.3489570318518931,0.0012991483617984,1.026929748370581,-0.677972716518688
heavy_tailed,101,2903,flow,extrapolated,0.05,1,0.033284385079985,0.0007820472004701,0.5,-0.4667156149200149
heavy_tailed,101,2903,flow,extrapolated,0.05,2,-0.0932088516797067,0.0001582261031475,-0.2,0.1067911483202932
nonlinear_heteroskedastic,303,1701,gaussian_rank2,central,0.2,0,1.653177444172897,0.001847752190226,1.6,0.0531774441728969
nonlinear_heteroskedastic,303,1701,gaussian_rank2,central,0.2,1,0.5755069760123225,0.0009007449007633,0.5,0.0755069760123224
nonlinear_heteroskedastic,303,1701,gaussian_rank2,central,0.2,2,-0.2883488008432178,0.0006992870982614,-0.2,-0.0883488008432178
nonlinear_heteroskedastic,303,1701,gaussian_rank2,central,0.1,0,1.6742725459064705,0.0018806008161264,1.6,0.0742725459064703
nonlinear_heteroskedastic,303,1701,gaussian_rank2,central,0.1,1,0.5803278900553198,0.0009179361015878,0.5,0.0803278900553198
nonlinear_heteroskedastic,303,1701,gaussian_rank2,central,0.1,2,-0.2942572163860095,0.0007341786113416,-0.2,-0.0942572163860095
nonlinear_heteroskedastic,303,1701,gaussian_rank2,central,0.05,0,1.6796671110237475,0.001889254600745,1.6,0.0796671110237474
nonlinear_heteroskedastic,303,1701,gaussian_rank2,central,0.05,1,0.5815432892229482,0.0009222601263303,0.5,0.0815432892229481
nonlinear_heteroskedastic,303,1701,gaussian_rank2,central,0.05,2,-0.295769822474124,0.0007432583803498,-0.2,-0.095769822474124
nonlinear_heteroskedastic,303,1701,gaussian_rank2,boundary,0.2,0,0.8026114542515841,0.0012462091289066,0.6182383242455304,0.1843731300060537
nonlinear_heteroskedastic,303,1701,gaussian_rank2,boundary,0.2,1,0.4017933711437791,0.0019705906027909,0.5,-0.0982066288562208
nonlinear_heteroskedastic,303,1701,gaussian_rank2,boundary,0.2,2,-0.1695396213037046,0.0006755744850148,-0.2,0.0304603786962953
nonlinear_heteroskedastic,303,1701,gaussian_rank2,boundary,0.1,0,0.7981784415609834,0.0012493991096984,0.6182383242455304,0.179940117315453
nonlinear_heteroskedastic,303,1701,gaussian_rank2,boundary,0.1,1,0.4017147643668476,0.0019812498470307,0.5,-0.0982852356331523
nonlinear_heteroskedastic,303,1701,gaussian_rank2,boundary,0.1,2,-0.1697729387555297,0.0006850368926465,-0.2,0.0302270612444703
nonlinear_heteroskedastic,303,1701,gaussian_rank2,boundary,0.05,0,0.7970484386702196,0.0012501532870781,0.6182383242455304,0.1788101144246892
nonlinear_heteroskedastic,303,1701,gaussian_rank2,boundary,0.05,1,0.4016791014388865,0.0019838577670901,0.5,-0.0983208985611134
nonlinear_heteroskedastic,303,1701,gaussian_rank2,boundary,0.05,2,-0.1698322515904869,0.0006873842885326,-0.2,0.0301677484095131
nonlinear_heteroskedastic,303,1701,gaussian_rank2,extrapolated,0.2,0,0.0326435455313295,0.0021223101341124,1.026929748370581,-0.9942862028392516
nonlinear_heteroskedastic,303,1701,gaussian_rank2,extrapolated,0.2,1,-0.0598451717786823,0.000634483772124,0.5,-0.5598451717786823
nonlinear_heteroskedastic,303,1701,gaussian_rank2,extrapolated,0.2,2,0.0532241593954397,0.001747570393597,-0.2,0.2532241593954398
nonlinear_heteroskedastic,303,1701,gaussian_rank2,extrapolated,0.1,0,0.0317640712496103,0.002121252182708,1.026929748370581,-0.9951656771209708
nonlinear_heteroskedastic,303,1701,gaussian_rank2,extrapolated,0.1,1,-0.0605006010675107,0.0006314162710101,0.5,-0.5605006010675108
nonlinear_heteroskedastic,303,1701,gaussian_rank2,extrapolated,0.1,2,0.0536283357674157,0.0017472069860161,-0.2,0.2536283357674157
nonlinear_heteroskedastic,303,1701,gaussian_rank2,extrapolated,0.05,0,0.0315507505125907,0.002120969220032,1.026929748370581,-0.9953789978579902
nonlinear_heteroskedastic,303,1701,gaussian_rank2,extrapolated,0.05,1,-0.0606628510715497,0.0006306158577618,0.5,-0.5606628510715498
nonlinear_heteroskedastic,303,1701,gaussian_rank2,extrapolated,0.05,2,0.0537287977488321,0.0017471343471569,-0.2,0.2537287977488322
heavy_tailed,101,1701,gaussian_diag,central,0.2,0,1.435886385901444,0.0002589255287326,1.6,-0.1641136140985561
heavy_tailed,101,1701,gaussian_diag,central,0.2,1,0.5483024137342887,0.0005185361276115,0.5,0.0483024137342886
heavy_tailed,101,1701,gaussian_diag,central,0.2,2,-0.4108955406265244,0.0005061625565335,-0.2,-0.2108955406265243
heavy_tailed,101,1701,gaussian_diag,central,0.1,0,1.4455189840179268,0.0002789429076467,1.6,-0.1544810159820733
heavy_tailed,101,1701,gaussian_diag,central,0.1,1,0.5505992943642259,0.0005842904175595,0.5,0.0505992943642259
heavy_tailed,101,1701,gaussian_diag,central,0.1,2,-0.4258824639027372,0.0005564405677877,-0.2,-0.2258824639027372
heavy_tailed,101,1701,gaussian_diag,central,0.05,0,1.4479818991681643,0.0002842371895977,1.6,-0.1520181008318357
heavy_tailed,101,1701,gaussian_diag,central,0.05,1,0.5511682001091822,0.0006016876249245,0.5,0.0511682001091822
heavy_tailed,101,1701,gaussian_diag,central,0.05,2,-0.4297824534248533,0.0005696249169842,-0.2,-0.2297824534248533
heavy_tailed,101,1701,gaussian_diag,boundary,0.2,0,0.9115189170967796,0.0002336605666428,0.6182383242455304,0.2932805928512492
heavy_tailed,101,1701,gaussian_diag,boundary,0.2,1,0.4104389399774477,0.0001763744430437,0.5,-0.0895610600225522
heavy_tailed,101,1701,gaussian_diag,boundary,0.2,2,0.0226050599304727,0.0024039603958174,-0.2,0.2226050599304727
heavy_tailed,101,1701,gaussian_diag,boundary,0.1,0,0.9160411750454024,0.0002451021211925,0.6182383242455304,0.297802850799872
heavy_tailed,101,1701,gaussian_diag,boundary,0.1,1,0.4187724472663433,0.0001819854586822,0.5,-0.0812275527336567
heavy_tailed,101,1701,gaussian_diag,boundary,0.1,2,0.0296899292453577,0.0024611158215562,-0.2,0.2296899292453577
heavy_tailed,101,1701,gaussian_diag,boundary,0.05,0,0.917209175582824,0.000247841641767,0.6182383242455304,0.2989708513372937
heavy_tailed,101,1701,gaussian_diag,boundary,0.05,1,0.4209515156985423,0.0001833740457212,0.5,-0.0790484843014576
heavy_tailed,101,1701,gaussian_diag,boundary,0.05,2,0.0315074940602476,0.0024751366214313,-0.2,0.2315074940602477
heavy_tailed,101,1701,gaussian_diag,extrapolated,0.2,0,-0.0368853642466883,0.0001728789642455,1.026929748370581,-1.0638151126172697
heavy_tailed,101,1701,gaussian_diag,extrapolated,0.2,1,-0.0660131884221287,0.0001565266948249,0.5,-0.5660131884221288
heavy_tailed,101,1701,gaussian_diag,extrapolated,0.2,2,0.0178566018004361,0.0001248138502558,-0.2,0.2178566018004361
heavy_tailed,101,1701,gaussian_diag,extrapolated,0.1,0,-0.0378073517439214,0.0001725116468138,1.026929748370581,-1.0647371001145025
heavy_tailed,101,1701,gaussian_diag,extrapolated,0.1,1,-0.0668363608862591,0.000157079766577,0.5,-0.5668363608862591
heavy_tailed,101,1701,gaussian_diag,extrapolated,0.1,2,0.0176634781011237,0.0001252322995327,-0.2,0.2176634781011237
heavy_tailed,101,1701,gaussian_diag,extrapolated,0.05,0,-0.0380372825191225,0.0001724259468861,1.026929748370581,-1.0649670308897037
heavy_tailed,101,1701,gaussian_diag,extrapolated,0.05,1,-0.0670422986216763,0.0001572190809388,0.5,-0.5670422986216764
heavy_tailed,101,1701,gaussian_diag,extrapolated,0.05,2,0.0176144745649848,0.0001253316465191,-0.2,0.2176144745649848
linear_gaussian,101,1701,student_rank2,central,0.2,0,0.808815697249725,0.0021481538283212,0.8,0.0088156972497249
linear_gaussian,101,1701,student_rank2,central,0.2,1,0.634340416139437,0.0026211677595703,0.5,0.134340416139437
linear_gaussian,101,1701,student_rank2,central,0.2,2,-0.3539417739969657,0.000332983020817,-0.2,-0.1539417739969657
linear_gaussian,101,1701,student_rank2,central,0.1,0,0.809610409479678,0.0021907682396774,0.8,0.0096104094796779
linear_gaussian,101,1701,student_rank2,central,0.1,1,0.64006252313257,0.0026665411762685,0.5,0.1400625231325699
linear_gaussian,101,1701,student_rank2,central,0.1,2,-0.3628457485697121,0.0003457379141869,-0.2,-0.162845748569712
linear_gaussian,101,1701,student_rank2,central,0.05,0,0.8098151815617989,0.0022016589279606,0.8,0.0098151815617988
linear_gaussian,101,1701,student_rank2,central,0.05,1,0.6415195619944992,0.002678250562974,0.5,0.1415195619944992
linear_gaussian,101,1701,student_rank2,central,0.05,2,-0.3651284447091072,0.0003490218474146,-0.2,-0.1651284447091072
linear_gaussian,101,1701,student_rank2,boundary,0.2,0,0.7697498758877946,8.636829091646012e-05,0.8,-0.0302501241122054
linear_gaussian,101,1701,student_rank2,boundary,0.2,1,0.32485958202955,0.0006528634286548,0.5,-0.1751404179704499
linear_gaussian,101,1701,student_rank2,boundary,0.2,2,-0.0082151151935412,0.0020373303611414,-0.2,0.1917848848064587
linear_gaussian,101,1701,student_rank2,boundary,0.1,0,0.7740599232249331,8.658590796553328e-05,0.8,-0.0259400767750669
linear_gaussian,101,1701,student_rank2,boundary,0.1,1,0.3264106469316996,0.0006469169717816,0.5,-0.1735893530683004
linear_gaussian,101,1701,student_rank2,boundary,0.1,2,-0.0041951194413788,0.0020346965247226,-0.2,0.1958048805586211
linear_gaussian,101,1701,student_rank2,boundary,0.05,0,0.7751608193933168,8.670147406360476e-05,0.8,-0.0248391806066832
linear_gaussian,101,1701,student_rank2,boundary,0.05,1,0.3268230412069145,0.0006454488286304,0.5,-0.1731769587930854
linear_gaussian,101,1701,student_rank2,boundary,0.05,2,-0.0031659921266362,0.0020339720522664,-0.2,0.1968340078733637
linear_gaussian,101,1701,student_rank2,extrapolated,0.2,0,0.1228250743172802,0.0012279839223675,0.8,-0.6771749256827199
linear_gaussian,101,1701,student_rank2,extrapolated,0.2,1,-0.0920039431734153,0.0013151416775505,0.5,-0.5920039431734153
linear_gaussian,101,1701,student_rank2,extrapolated,0.2,2,0.0638934664332897,0.0014013759941648,-0.2,0.2638934664332898
linear_gaussian,101,1701,student_rank2,extrapolated,0.1,0,0.1214492425611894,0.0012288657795039,0.8,-0.6785507574388107
linear_gaussian,101,1701,student_rank2,extrapolated,0.1,1,-0.0930276915684582,0.0013202828156337,0.5,-0.5930276915684582
linear_gaussian,101,1701,student_rank2,extrapolated,0.1,2,0.0635770624321477,0.0014018696725882,-0.2,0.2635770624321478
linear_gaussian,101,1701,student_rank2,extrapolated,0.05,0,0.1211095614038944,0.0012290977541845,0.8,-0.6788904385961055
linear_gaussian,101,1701,student_rank2,extrapolated,0.05,1,-0.0932806225144211,0.001321569983559,0.5,-0.5932806225144212
linear_gaussian,101,1701,student_rank2,extrapolated,0.05,2,0.0634997550094249,0.0014020011320317,-0.2,0.2634997550094249
heavy_tailed,101,2903,gaussian_rank2,central,0.2,0,1.5111122007958333,0.0011507610683602,1.6,-0.0888877992041667
heavy_tailed,101,2903,gaussian_rank2,central,0.2,1,0.5787460825837132,0.0006694815030587,0.5,0.0787460825837131
heavy_tailed,101,2903,gaussian_rank2,central,0.2,2,-0.2898640210232531,0.0016060746721839,-0.2,-0.089864021023253
heavy_tailed,101,2903,gaussian_rank2,central,0.1,0,1.5241567640298328,0.0011679589070827,1.6,-0.0758432359701672
heavy_tailed,101,2903,gaussian_rank2,central,0.1,1,0.5820366359840238,0.0006943217830421,0.5,0.0820366359840237
heavy_tailed,101,2903,gaussian_rank2,central,0.1,2,-0.2936014448437581,0.0016489179713329,-0.2,-0.0936014448437581
heavy_tailed,101,2903,gaussian_rank2,central,0.05,0,1.5274467810641366,0.0011727208798908,1.6,-0.0725532189358635
heavy_tailed,101,2903,gaussian_rank2,central,0.05,1,0.5828660457805519,0.0007007134337931,0.5,0.0828660457805519
heavy_tailed,101,2903,gaussian_rank2,central,0.05,2,-0.2945272396500258,0.001659979914021,-0.2,-0.0945272396500258
heavy_tailed,101,2903,gaussian_rank2,boundary,0.2,0,0.7212550500092977,0.0019072982074027,0.6182383242455304,0.1030167257637673
heavy_tailed,101,2903,gaussian_rank2,boundary,0.2,1,0.3455651908877235,0.0014670766740744,0.5,-0.1544348091122764
heavy_tailed,101,2903,gaussian_rank2,boundary,0.2,2,-0.0141945586119109,0.000743804007567,-0.2,0.1858054413880891
heavy_tailed,101,2903,gaussian_rank2,boundary,0.1,0,0.7157855468342919,0.0019240042040131,0.6182383242455304,0.0975472225887614
heavy_tailed,101,2903,gaussian_rank2,boundary,0.1,1,0.3447711355809968,0.0014848086575354,0.5,-0.1552288644190032
heavy_tailed,101,2903,gaussian_rank2,boundary,0.1,2,-0.011729645441855,0.0007611496124272,-0.2,0.1882703545581449
heavy_tailed,101,2903,gaussian_rank2,boundary,0.05,0,0.7143741839884096,0.0019283142029582,0.6182383242455304,0.0961358597428791
heavy_tailed,101,2903,gaussian_rank2,boundary,0.05,1,0.3445625694917414,0.0014893261635933,0.5,-0.1554374305082586
heavy_tailed,101,2903,gaussian_rank2,boundary,0.05,2,-0.011087144318367,0.0007656143798026,-0.2,0.1889128556816329
heavy_tailed,101,2903,gaussian_rank2,extrapolated,0.2,0,0.0009990001838355,0.0011269426005244,1.026929748370581,-1.0259307481867457
heavy_tailed,101,2903,gaussian_rank2,extrapolated,0.2,1,0.0720927439836654,0.0006704478180773,0.5,-0.4279072560163346
heavy_tailed,101,2903,gaussian_rank2,extrapolated,0.2,2,0.1394218681158949,0.0006985310734921,-0.2,0.3394218681158949
heavy_tailed,101,2903,gaussian_rank2,extrapolated,0.1,0,8.408492014999602e-05,0.0011247029253955,1.026929748370581,-1.026845663450431
heavy_tailed,101,2903,gaussian_rank2,extrapolated,0.1,1,0.0717259574752436,0.0006691302823655,0.5,-0.4282740425247563
heavy_tailed,101,2903,gaussian_rank2,extrapolated,0.1,2,0.1394872990863034,0.0006987166554342,-0.2,0.3394872990863034
heavy_tailed,101,2903,gaussian_rank2,extrapolated,0.05,0,-0.0001454424122056,0.0011241550994381,1.026929748370581,-1.0270751907827866
heavy_tailed,101,2903,gaussian_rank2,extrapolated,0.05,1,0.0716346859194412,0.0006688027639667,0.5,-0.4283653140805587
heavy_tailed,101,2903,gaussian_rank2,extrapolated,0.05,2,0.1395014167967184,0.0006987633752133,-0.2,0.3395014167967185
heavy_tailed,303,0,gp_rbf,central,0.2,0,1.542658502268362,4.823195345454747e-06,1.6,-0.0573414977316379
heavy_tailed,303,0,gp_rbf,central,0.2,1,0.4675255904595123,1.457937479966635e-06,0.5,-0.0324744095404876
heavy_tailed,303,0,gp_rbf,central,0.2,2,-0.2264109347356817,8.16654194377142e-07,-0.2,-0.0264109347356817
heavy_tailed,303,0,gp_rbf,central,0.1,0,1.5594902114545344,5.119663242100466e-06,1.6,-0.0405097885454657
heavy_tailed,303,0,gp_rbf,central,0.1,1,0.4676624110141416,1.5475526890452517e-06,0.5,-0.0323375889858583
heavy_tailed,303,0,gp_rbf,central,0.1,2,-0.2254939457787867,8.668515706485246e-07,-0.2,-0.0254939457787866
heavy_tailed,303,0,gp_rbf,central,0.05,0,1.5637278511808357,5.19324648271084e-06,1.6,-0.0362721488191646
heavy_tailed,303,0,gp_rbf,central,0.05,1,0.4676877149815588,1.5697951558249623e-06,0.5,-0.0323122850184411
heavy_tailed,303,0,gp_rbf,central,0.05,2,-0.2252553417795977,8.793105438399418e-07,-0.2,-0.0252553417795976
heavy_tailed,303,0,gp_rbf,boundary,0.2,0,0.5481495579100727,0.0001166861243898,0.6182383242455304,-0.0700887663354576
heavy_tailed,303,0,gp_rbf,boundary,0.2,1,0.4588413560931768,0.0001609245442409,0.5,-0.0411586439068231
heavy_tailed,303,0,gp_rbf,boundary,0.2,2,-0.1246969115835234,3.9221471208156054e-05,-0.2,0.0753030884164765
heavy_tailed,303,0,gp_rbf,boundary,0.1,0,0.5453232446054398,9.404985030324854e-05,0.6182383242455304,-0.0729150796400905
heavy_tailed,303,0,gp_rbf,boundary,0.1,1,0.4629758980641738,0.0001297063329129,0.5,-0.0370241019358261
heavy_tailed,303,0,gp_rbf,boundary,0.1,2,-0.1320388732782116,3.161278614089528e-05,-0.2,0.0679611267217883
heavy_tailed,303,0,gp_rbf,boundary,0.05,0,0.5445977504176192,8.841673831983707e-05,0.6182383242455304,-0.0736405738279112
heavy_tailed,303,0,gp_rbf,boundary,0.05,1,0.464019312060752,0.0001219375773241,0.5,-0.0359806879392479
heavy_tailed,303,0,gp_rbf,boundary,0.05,2,-0.1339019882996738,2.9719339586347697e-05,-0.2,0.0660980117003261
heavy_tailed,303,0,gp_rbf,extrapolated,0.2,0,-0.5534793563151175,0.0062498777442936,1.026929748370581,-1.5804091046856985
heavy_tailed,303,0,gp_rbf,extrapolated,0.2,1,-0.3646710282273522,0.0023621262995014,0.5,-0.8646710282273522
heavy_tailed,303,0,gp_rbf,extrapolated,0.2,2,0.2386376827355262,0.0009024103409317,-0.2,0.4386376827355263
heavy_tailed,303,0,gp_rbf,extrapolated,0.1,0,-0.5565779144371769,0.0062893825860949,1.026929748370581,-1.583507662807758
heavy_tailed,303,0,gp_rbf,extrapolated,0.1,1,-0.3691686319514798,0.0023770570596819,0.5,-0.8691686319514798
heavy_tailed,303,0,gp_rbf,extrapolated,0.1,2,0.2391931709159107,0.0009081143849491,-0.2,0.4391931709159107
heavy_tailed,303,0,gp_rbf,extrapolated,0.05,0,-0.5573535049280846,0.0062992610197495,1.026929748370581,-1.5842832532986657
heavy_tailed,303,0,gp_rbf,extrapolated,0.05,1,-0.3703004815170342,0.0023807905899829,0.5,-0.8703004815170343
heavy_tailed,303,0,gp_rbf,extrapolated,0.05,2,0.2393229779341293,0.000909540716957,-0.2,0.4393229779341294
linear_gaussian,101,0,gp_rbf,central,0.2,0,0.7269290682383304,1.5962270674889685e-06,0.8,-0.0730709317616696
linear_gaussian,101,0,gp_rbf,central,0.2,1,0.4826240857633918,1.670530970140037e-06,0.5,-0.0173759142366081
linear_gaussian,101,0,gp_rbf,central,0.2,2,-0.3013474554106257,1.4537398216589254e-06,-0.2,-0.1013474554106256
linear_gaussian,101,0,gp_rbf,central,0.1,0,0.7249695017461804,1.7162908376213693e-06,0.8,-0.0750304982538196
linear_gaussian,101,0,gp_rbf,central,0.1,1,0.4838366549666055,1.7961836740466109e-06,0.5,-0.0161633450333944
linear_gaussian,101,0,gp_rbf,central,0.1,2,-0.3059897345813695,1.5630860969809805e-06,-0.2,-0.1059897345813695
linear_gaussian,101,0,gp_rbf,central,0.05,0,0.7244614335412228,1.7466714245077817e-06,0.8,-0.0755385664587772
linear_gaussian,101,0,gp_rbf,central,0.05,1,0.4841365367436775,1.827978468125798e-06,0.5,-0.0158634632563224
linear_gaussian,101,0,gp_rbf,central,0.05,2,-0.3071609121506548,1.590754760071948e-06,-0.2,-0.1071609121506548
linear_gaussian,101,0,gp_rbf,boundary,0.2,0,0.6942779690065151,0.0002297919276864,0.8,-0.1057220309934849
linear_gaussian,101,0,gp_rbf,boundary,0.2,1,0.3462167094172242,5.606734229501194e-05,0.5,-0.1537832905827758
linear_gaussian,101,0,gp_rbf,boundary,0.2,2,-0.0556734125207154,8.480532823053025e-05,-0.2,0.1443265874792845
linear_gaussian,101,0,gp_rbf,boundary,0.1,0,0.7011329903133561,0.000197962795231,0.8,-0.0988670096866439
linear_gaussian,101,0,gp_rbf,boundary,0.1,1,0.348450687286671,4.830129549395057e-05,0.5,-0.151549312713329
linear_gaussian,101,0,gp_rbf,boundary,0.1,2,-0.0552455489763297,7.305870139039823e-05,-0.2,0.1447544510236702
linear_gaussian,101,0,gp_rbf,boundary,0.05,0,0.7028649757751534,0.0001899581448321,0.8,-0.0971350242248466
linear_gaussian,101,0,gp_rbf,boundary,0.05,1,0.3490136414713869,4.6348226567418504e-05,0.5,-0.150986358528613
linear_gaussian,101,0,gp_rbf,boundary,0.05,2,-0.0551352951562085,7.010456365878281e-05,-0.2,0.1448647048437914
linear_gaussian,101,0,gp_rbf,extrapolated,0.2,0,-0.5616424369207473,0.0025902140425555,0.8,-1.3616424369207474
linear_gaussian,101,0,gp_rbf,extrapolated,0.2,1,-0.274356931361482,0.0028072961507525,0.5,-0.774356931361482
linear_gaussian,101,0,gp_rbf,extrapolated,0.2,2,0.0750312733297176,0.0017318776906077,-0.2,0.2750312733297176
linear_gaussian,101,0,gp_rbf,extrapolated,0.1,0,-0.5684681173530174,0.0026053017576928,0.8,-1.3684681173530175
linear_gaussian,101,0,gp_rbf,extrapolated,0.1,1,-0.277301502715249,0.0028236483455611,0.5,-0.777301502715249
linear_gaussian,101,0,gp_rbf,extrapolated,0.1,2,0.0745637017743499,0.0017419656898278,-0.2,0.2745637017743499
linear_gaussian,101,0,gp_rbf,extrapolated,0.05,0,-0.5701854165836725,0.0026090572645478,0.8,-1.3701854165836729
linear_gaussian,101,0,gp_rbf,extrapolated,0.05,1,-0.2780418406833864,0.0028277185960452,0.5,-0.7780418406833864
linear_gaussian,101,0,gp_rbf,extrapolated,0.05,2,0.0744429841710887,0.0017444767095529,-0.2,0.2744429841710888
linear_gaussian,202,2903,gaussian_rank2,central,0.2,0,0.812964643463769,0.0025721236258816,0.8,0.0129646434637689
linear_gaussian,202,2903,gaussian_rank2,central,0.2,1,0.5950128314955626,0.0037339923666692,0.5,0.0950128314955626
linear_gaussian,202,2903,gaussian_rank2,central,0.2,2,-0.2183334857869335,0.0013410565227519,-0.2,-0.0183334857869335
linear_gaussian,202,2903,gaussian_rank2,central,0.1,0,0.8115364443404659,0.0026247136201139,0.8,0.0115364443404658
linear_gaussian,202,2903,gaussian_rank2,central,0.1,1,0.5973736058019483,0.0037649972813175,0.5,0.0973736058019483
linear_gaussian,202,2903,gaussian_rank2,central,0.1,2,-0.2202049873498135,0.0013446394297455,-0.2,-0.0202049873498135
linear_gaussian,202,2903,gaussian_rank2,central,0.05,0,0.8111680998311931,0.002638170684702,0.8,0.011168099831193
linear_gaussian,202,2903,gaussian_rank2,central,0.05,1,0.597963684376715,0.0037728396817556,0.5,0.0979636843767149
linear_gaussian,202,2903,gaussian_rank2,central,0.05,2,-0.2206777647966498,0.001345602247778,-0.2,-0.0206777647966498
linear_gaussian,202,2903,gaussian_rank2,boundary,0.2,0,0.7993690071195751,0.0010349585722348,0.8,-0.0006309928804248
linear_gaussian,202,2903,gaussian_rank2,boundary,0.2,1,0.3657486879977338,0.0008834178606379,0.5,-0.1342513120022661
linear_gaussian,202,2903,gaussian_rank2,boundary,0.2,2,-0.1904225642203956,0.0011071815086273,-0.2,0.0095774357796043
linear_gaussian,202,2903,gaussian_rank2,boundary,0.1,0,0.8016170479019941,0.0010387983590942,0.8,0.001617047901994
linear_gaussian,202,2903,gaussian_rank2,boundary,0.1,1,0.3652447004693711,0.0008897050278169,0.5,-0.1347552995306289
linear_gaussian,202,2903,gaussian_rank2,boundary,0.1,2,-0.1895440117287636,0.0011134079391816,-0.2,0.0104559882712364
linear_gaussian,202,2903,gaussian_rank2,boundary,0.05,0,0.8021754057902767,0.0010397712191319,0.8,0.0021754057902766
linear_gaussian,202,2903,gaussian_rank2,boundary,0.05,1,0.36511863844802,0.0008912850825017,0.5,-0.1348813615519799
linear_gaussian,202,2903,gaussian_rank2,boundary,0.05,2,-0.1893222029708477,0.0011149410589231,-0.2,0.0106777970291522
linear_gaussian,202,2903,gaussian_rank2,extrapolated,0.2,0,0.1702101214965914,0.0009573856693227,0.8,-0.6297898785034086
linear_gaussian,202,2903,gaussian_rank2,extrapolated,0.2,1,0.0575419972844386,0.0013471960202034,0.5,-0.4424580027155613
linear_gaussian,202,2903,gaussian_rank2,extrapolated,0.2,2,-0.2078371979229975,0.0012855424267276,-0.2,-0.0078371979229975
linear_gaussian,202,2903,gaussian_rank2,extrapolated,0.1,0,0.1688912779915782,0.0009593377546852,0.8,-0.6311087220084218
linear_gaussian,202,2903,gaussian_rank2,extrapolated,0.1,1,0.0570427941890339,0.0013478304087103,0.5,-0.4429572058109661
linear_gaussian,202,2903,gaussian_rank2,extrapolated,0.1,2,-0.2085182620849209,0.0012899793525136,-0.2,-0.0085182620849209
linear_gaussian,202,2903,gaussian_rank2,extrapolated,0.05,0,0.1685602638833409,0.000959836488679,0.8,-0.6314397361166592
linear_gaussian,202,2903,gaussian_rank2,extrapolated,0.05,1,0.0569170543762701,0.0013480047370268,0.5,-0.4430829456237298
linear_gaussian,202,2903,gaussian_rank2,extrapolated,0.05,2,-0.208687795391668,0.0012910841998228,-0.2,-0.008687795391668
heavy_tailed,101,1701,mdn4,central,0.2,0,1.6246322282939063,0.002560224767227,1.6,0.0246322282939062
heavy_tailed,101,1701,mdn4,central,0.2,1,0.5819316001469733,0.0025015830025879,0.5,0.0819316001469733
heavy_tailed,101,1701,mdn4,central,0.2,2,-0.2222198932150111,0.0048878946202363,-0.2,-0.022219893215011
heavy_tailed,101,1701,mdn4,central,0.1,0,1.651233530731726,0.0026329717697958,1.6,0.0512335307317257
heavy_tailed,101,1701,mdn4,central,0.1,1,0.5915061946485004,0.0002345121931797,0.5,0.0915061946485004
heavy_tailed,101,1701,mdn4,central,0.1,2,-0.2264851503074278,0.0060602936508068,-0.2,-0.0264851503074278
heavy_tailed,101,1701,mdn4,central,0.05,0,1.6569708160760852,0.0035296585872693,1.6,0.0569708160760851
heavy_tailed,101,1701,mdn4,central,0.05,1,0.5976047006423636,0.0039685314067258,0.5,0.0976047006423636
heavy_tailed,101,1701,mdn4,central,0.05,2,-0.2426355994320419,0.0104208987735075,-0.2,-0.0426355994320419
heavy_tailed,101,1701,mdn4,boundary,0.2,0,0.6631879478203556,0.0034387290115555,0.6182383242455304,0.0449496235748252
heavy_tailed,101,1701,mdn4,boundary,0.2,1,0.1948951816319879,0.004352388404269,0.5,-0.305104818368012
heavy_tailed,101,1701,mdn4,boundary,0.2,2,-0.0968770120314194,0.0042830401402381,-0.2,0.1031229879685805
heavy_tailed,101,1701,mdn4,boundary,0.1,0,0.6560487796528539,0.0043058408470501,0.6182383242455304,0.0378104554073235
heavy_tailed,101,1701,mdn4,boundary,0.1,1,0.1975162766599265,0.0118253647391993,0.5,-0.3024837233400734
heavy_tailed,101,1701,mdn4,boundary,0.1,2,-0.0986877497145103,0.0047870718613368,-0.2,0.1013122502854896
heavy_tailed,101,1701,mdn4,boundary,0.05,0,0.6601649426001521,0.0031603772647022,0.6182383242455304,0.0419266183546217
heavy_tailed,101,1701,mdn4,boundary,0.05,1,0.2123388166711914,0.0076937635889264,0.5,-0.2876611833288085
heavy_tailed,101,1701,mdn4,boundary,0.05,2,-0.0968349677640263,0.0172250387203222,-0.2,0.1031650322359736
heavy_tailed,101,1701,mdn4,extrapolated,0.2,0,0.0558282579975832,0.0011800192438365,1.026929748370581,-0.9711014903729978
heavy_tailed,101,1701,mdn4,extrapolated,0.2,1,-0.0939940407020424,0.004174217809909,0.5,-0.5939940407020424
heavy_tailed,101,1701,mdn4,extrapolated,0.2,2,0.0715275999930252,0.0052051192247853,-0.2,0.2715275999930252
heavy_tailed,101,1701,mdn4,extrapolated,0.1,0,0.0540572931307451,0.0023885684269912,1.026929748370581,-0.972872455239836
heavy_tailed,101,1701,mdn4,extrapolated,0.1,1,-0.0956189520966066,0.0044090377994566,0.5,-0.5956189520966066
heavy_tailed,101,1701,mdn4,extrapolated,0.1,2,0.0715069011298616,0.001852744332482,-0.2,0.2715069011298616
heavy_tailed,101,1701,mdn4,extrapolated,0.05,0,0.0538751707299045,0.0039069339596761,1.026929748370581,-0.9730545776406764
heavy_tailed,101,1701,mdn4,extrapolated,0.05,1,-0.1015480356172386,0.0057998580996768,0.5,-0.6015480356172386
heavy_tailed,101,1701,mdn4,extrapolated,0.05,2,0.0830649393442222,0.0258697330242826,-0.2,0.2830649393442223
bimodal,202,1701,student_rank2,central,0.2,0,2.074589328124644,0.0020354964816576,2.25,-0.175410671875356
bimodal,202,1701,student_rank2,central,0.2,1,0.9650084123515716,0.0056579620884358,1.05,-0.0849915876484284
bimodal,202,1701,student_rank2,central,0.2,2,-0.3177003833806353,0.0007647400864619,-0.35,0.0322996166193646
bimodal,202,1701,student_rank2,central,0.1,0,2.0902829137260066,0.0019503843414778,2.25,-0.1597170862739934
bimodal,202,1701,student_rank2,central,0.1,1,0.9637055891784972,0.0058456015969624,1.05,-0.0862944108215029
bimodal,202,1701,student_rank2,central,0.1,2,-0.3185886623472178,0.000804004991031,-0.35,0.0314113376527822
bimodal,202,1701,student_rank2,central,0.05,0,2.0942542308073717,0.001928022460666,2.25,-0.1557457691926282
bimodal,202,1701,student_rank2,central,0.05,1,0.96335629663646,0.0058938958843305,1.05,-0.0866437033635399
bimodal,202,1701,student_rank2,central,0.05,2,-0.3188065505825017,0.0008141919135435,-0.35,0.0311934494174982
bimodal,202,1701,student_rank2,boundary,0.2,0,1.180376180260979,0.0137228648168811,0.9347346089919524,0.2456415712690264
bimodal,202,1701,student_rank2,boundary,0.2,1,0.8019250106258183,0.0076385924425231,0.7678045486315878,0.0341204619942305
bimodal,202,1701,student_rank2,boundary,0.2,2,-0.2278518533982441,0.0005410157294159,-0.2730376041722512,0.0451857507740071
bimodal,202,1701,student_rank2,boundary,0.1,0,1.1782270070889211,0.0139040608777642,0.9347346089919524,0.2434923980969688
bimodal,202,1701,student_rank2,boundary,0.1,1,0.8082662232858109,0.0077066710172769,0.7678045486315878,0.0404616746542231
bimodal,202,1701,student_rank2,boundary,0.1,2,-0.2297609328630195,0.0005430355882792,-0.2730376041722512,0.0432766713092316
bimodal,202,1701,student_rank2,boundary,0.05,0,1.1776603590646288,0.0139496703296214,0.9347346089919524,0.2429257500726765
bimodal,202,1701,student_rank2,boundary,0.05,1,0.8098771155857502,0.0077237331051184,0.7678045486315878,0.0420725669541623
bimodal,202,1701,student_rank2,boundary,0.05,2,-0.2302420004010402,0.0005434363007724,-0.2730376041722512,0.0427956037712109
bimodal,202,1701,student_rank2,extrapolated,0.2,0,0.0854977391297836,0.0033091750590957,1.0442146957146352,-0.9587169565848516
bimodal,202,1701,student_rank2,extrapolated,0.2,1,-0.0539724981435911,0.0032768893672574,0.5146257246757381,-0.5685982228193291
bimodal,202,1701,student_rank2,extrapolated,0.2,2,0.110899156020714,0.0007746192680437,-0.203988834002474,0.314887990023188
bimodal,202,1701,student_rank2,extrapolated,0.1,0,0.0847614291100369,0.0032967589396644,1.0442146957146352,-0.9594532666045982
bimodal,202,1701,student_rank2,extrapolated,0.1,1,-0.0550264292022217,0.0032711493193294,0.5146257246757381,-0.5696521538779599
bimodal,202,1701,student_rank2,extrapolated,0.1,2,0.1113717119960811,0.0007724178726489,-0.203988834002474,0.3153605459985552
bimodal,202,1701,student_rank2,extrapolated,0.05,0,0.0845796505056591,0.0032936813033016,1.0442146957146352,-0.959635045208976
bimodal,202,1701,student_rank2,extrapolated,0.05,1,-0.0552888456745355,0.0032697251048324,0.5146257246757381,-0.5699145703502737
bimodal,202,1701,student_rank2,extrapolated,0.05,2,0.1114899556199812,0.0007718599539838,-0.203988834002474,0.3154787896224553
linear_gaussian,202,2903,transformer_mdn4,central,0.2,0,0.8235821483063862,0.0016061872214481,0.8,0.0235821483063861
linear_gaussian,202,2903,transformer_mdn4,central,0.2,1,0.4879459908375225,0.0014878366947733,0.5,-0.0120540091624774
linear_gaussian,202,2903,transformer_mdn4,central,0.2,2,-0.0842024984242209,0.0014881507905261,-0.2,0.115797501575779
linear_gaussian,202,2903,transformer_mdn4,central,0.1,0,0.8225908956592916,0.0018955890463125,0.8,0.0225908956592915
linear_gaussian,202,2903,transformer_mdn4,central,0.1,1,0.4852185376469027,0.0007633123850827,0.5,-0.0147814623530972
linear_gaussian,202,2903,transformer_mdn4,central,0.1,2,-0.071824624500494,0.0024775480771332,-0.2,0.1281753754995059
linear_gaussian,202,2903,transformer_mdn4,central,0.05,0,0.8269479597091283,0.0102277616602408,0.8,0.0269479597091282
linear_gaussian,202,2903,transformer_mdn4,central,0.05,1,0.493833855115553,0.0069563767167091,0.5,-0.006166144884447
linear_gaussian,202,2903,transformer_mdn4,central,0.05,2,-0.0721835462308116,0.011063061593964,-0.2,0.1278164537691883
linear_gaussian,202,2903,transformer_mdn4,boundary,0.2,0,0.6805519962515083,0.0057398055189868,0.8,-0.1194480037484917
linear_gaussian,202,2903,transformer_mdn4,boundary,0.2,1,0.4210824779107915,0.0031771183800711,0.5,-0.0789175220892084
linear_gaussian,202,2903,transformer_mdn4,boundary,0.2,2,-0.1968759746157733,0.0027767748692646,-0.2,0.0031240253842267
linear_gaussian,202,2903,transformer_mdn4,boundary,0.1,0,0.6983846211617301,0.0066063742413421,0.8,-0.1016153788382699
linear_gaussian,202,2903,transformer_mdn4,boundary,0.1,1,0.4348554713629746,0.0012171846563146,0.5,-0.0651445286370253
linear_gaussian,202,2903,transformer_mdn4,boundary,0.1,2,-0.1879405227243749,0.0019475553647556,-0.2,0.012059477275625
linear_gaussian,202,2903,transformer_mdn4,boundary,0.05,0,0.73032709661727,0.0151326711567402,0.8,-0.06967290338273
linear_gaussian,202,2903,transformer_mdn4,boundary,0.05,1,0.4471340501547886,0.0040525547655065,0.5,-0.0528659498452113
linear_gaussian,202,2903,transformer_mdn4,boundary,0.05,2,-0.1773581955426576,0.0038249197152224,-0.2,0.0226418044573424
linear_gaussian,202,2903,transformer_mdn4,extrapolated,0.2,0,0.0012149240467305,0.0094888036305745,0.8,-0.7987850759532695
linear_gaussian,202,2903,transformer_mdn4,extrapolated,0.2,1,-0.1681614280811207,0.0007453649155997,0.5,-0.6681614280811208
linear_gaussian,202,2903,transformer_mdn4,extrapolated,0.2,2,0.0520956024460283,0.0005498290065216,-0.2,0.2520956024460283
linear_gaussian,202,2903,transformer_mdn4,extrapolated,0.1,0,-0.0128799463828188,0.0145832061233999,0.8,-0.8128799463828189
linear_gaussian,202,2903,transformer_mdn4,extrapolated,0.1,1,-0.1808730217335382,0.0021899356992126,0.5,-0.6808730217335383
linear_gaussian,202,2903,transformer_mdn4,extrapolated,0.1,2,0.0524880886496814,0.0009074339254799,-0.2,0.2524880886496815
linear_gaussian,202,2903,transformer_mdn4,extrapolated,0.05,0,-0.0083940692915884,0.0090874500756895,0.8,-0.8083940692915885
linear_gaussian,202,2903,transformer_mdn4,extrapolated,0.05,1,-0.1827385967148095,0.0037808080539016,0.5,-0.6827385967148095
linear_gaussian,202,2903,transformer_mdn4,extrapolated,0.05,2,0.0514417400388624,0.0009374540579844,-0.2,0.2514417400388624
heavy_tailed,202,1701,transformer_mdn4,central,0.2,0,1.4075199470010744,0.0047969177524841,1.6,-0.1924800529989256
heavy_tailed,202,1701,transformer_mdn4,central,0.2,1,0.2609298230868844,0.0024991446118389,0.5,-0.2390701769131156
heavy_tailed,202,1701,transformer_mdn4,central,0.2,2,-0.2182423353643195,0.0026912910755024,-0.2,-0.0182423353643194
heavy_tailed,202,1701,transformer_mdn4,central,0.1,0,1.3941924398826064,0.003819927220411,1.6,-0.2058075601173936
heavy_tailed,202,1701,transformer_mdn4,central,0.1,1,0.2229477052962062,0.0037068019081842,0.5,-0.2770522947037938
heavy_tailed,202,1701,transformer_mdn4,central,0.1,2,-0.2238572246450933,0.0025710971844119,-0.2,-0.0238572246450932
heavy_tailed,202,1701,transformer_mdn4,central,0.05,0,1.3839889014837226,0.0060141536843844,1.6,-0.2160110985162775
heavy_tailed,202,1701,transformer_mdn4,central,0.05,1,0.2062929070502593,0.0057864585714949,0.5,-0.2937070929497407
heavy_tailed,202,1701,transformer_mdn4,central,0.05,2,-0.2229563957062408,0.007030721007761,-0.2,-0.0229563957062407
heavy_tailed,202,1701,transformer_mdn4,boundary,0.2,0,0.8019538975586619,0.0046547885825397,0.6182383242455304,0.1837155733131314
heavy_tailed,202,1701,transformer_mdn4,boundary,0.2,1,0.380228105301152,0.0050697317812856,0.5,-0.1197718946988479
heavy_tailed,202,1701,transformer_mdn4,boundary,0.2,2,-0.2217493813922094,0.001706533548415,-0.2,-0.0217493813922094
heavy_tailed,202,1701,transformer_mdn4,boundary,0.1,0,0.8003353026983451,0.0038292076941344,0.6182383242455304,0.1820969784528147
heavy_tailed,202,1701,transformer_mdn4,boundary,0.1,1,0.3786651435938441,0.0021867143997971,0.5,-0.1213348564061558
heavy_tailed,202,1701,transformer_mdn4,boundary,0.1,2,-0.2225461855939588,0.0023264271178906,-0.2,-0.0225461855939588
heavy_tailed,202,1701,transformer_mdn4,boundary,0.05,0,0.7975224504491715,0.0075720309842024,0.6182383242455304,0.1792841262036411
heavy_tailed,202,1701,transformer_mdn4,boundary,0.05,1,0.3723477350312167,0.007915718027697,0.5,-0.1276522649687832
heavy_tailed,202,1701,transformer_mdn4,boundary,0.05,2,-0.2174249447900166,0.0033972075775422,-0.2,-0.0174249447900166
heavy_tailed,202,1701,transformer_mdn4,extrapolated,0.2,0,0.0500888766987689,0.001687669288071,1.026929748370581,-0.976840871671812
heavy_tailed,202,1701,transformer_mdn4,extrapolated,0.2,1,0.0051912300736728,0.0016533325782371,0.5,-0.4948087699263271
heavy_tailed,202,1701,transformer_mdn4,extrapolated,0.2,2,0.0240089873874408,0.0057378368907428,-0.2,0.2240089873874408
heavy_tailed,202,1701,transformer_mdn4,extrapolated,0.1,0,0.047795677222994,0.0015650117463657,1.026929748370581,-0.979134071147587
heavy_tailed,202,1701,transformer_mdn4,extrapolated,0.1,1,0.0026171174851347,0.0026737165757478,0.5,-0.4973828825148653
heavy_tailed,202,1701,transformer_mdn4,extrapolated,0.1,2,0.0214921136999545,0.004352269104149,-0.2,0.2214921136999545
heavy_tailed,202,1701,transformer_mdn4,extrapolated,0.05,0,0.0527027899287631,0.0037814954740724,1.026929748370581,-0.9742269584418178
heavy_tailed,202,1701,transformer_mdn4,extrapolated,0.05,1,0.0090600415255207,0.0033618528992601,0.5,-0.4909399584744792
heavy_tailed,202,1701,transformer_mdn4,extrapolated,0.05,2,0.0265906584135709,0.0052192995141915,-0.2,0.2265906584135709
linear_gaussian,303,2903,student_rank2,central,0.2,0,0.8211643408165211,0.0038250500735378,0.8,0.021164340816521
linear_gaussian,303,2903,student_rank2,central,0.2,1,0.5471569507567581,0.0033470276237415,0.5,0.047156950756758
linear_gaussian,303,2903,student_rank2,central,0.2,2,-0.2354936248010704,0.0013032142086517,-0.2,-0.0354936248010704
linear_gaussian,303,2903,student_rank2,central,0.1,0,0.8224514790186775,0.0038522875185557,0.8,0.0224514790186775
linear_gaussian,303,2903,student_rank2,central,0.1,1,0.5496114582959076,0.0033235689403775,0.5,0.0496114582959076
linear_gaussian,303,2903,student_rank2,central,0.1,2,-0.2369119117257199,0.0013385289874303,-0.2,-0.0369119117257199
linear_gaussian,303,2903,student_rank2,central,0.05,0,0.8227713663686592,0.0038592550679198,0.8,0.0227713663686591
linear_gaussian,303,2903,student_rank2,central,0.05,1,0.550227646417223,0.0033175612359916,0.5,0.0502276464172229
linear_gaussian,303,2903,student_rank2,central,0.05,2,-0.2372701587883615,0.001347567343808,-0.2,-0.0372701587883615
linear_gaussian,303,2903,student_rank2,boundary,0.2,0,0.6532198163308366,0.0010424348493197,0.8,-0.1467801836691634
linear_gaussian,303,2903,student_rank2,boundary,0.2,1,0.4045250018568539,0.0008808743303992,0.5,-0.095474998143146
linear_gaussian,303,2903,student_rank2,boundary,0.2,2,-0.2018632603386145,0.0011713404023978,-0.2,-0.0018632603386144
linear_gaussian,303,2903,student_rank2,boundary,0.1,0,0.6535476949797158,0.001052340875117,0.8,-0.1464523050202842
linear_gaussian,303,2903,student_rank2,boundary,0.1,1,0.4047070323005718,0.000878298384603,0.5,-0.0952929676994281
linear_gaussian,303,2903,student_rank2,boundary,0.1,2,-0.2021779831746916,0.0011804665167305,-0.2,-0.0021779831746916
linear_gaussian,303,2903,student_rank2,boundary,0.05,0,0.653627358650872,0.0010548267731682,0.8,-0.146372641349128
linear_gaussian,303,2903,student_rank2,boundary,0.05,1,0.404748269025369,0.0008776341137505,0.5,-0.095251730974631
linear_gaussian,303,2903,student_rank2,boundary,0.05,2,-0.2022565847102308,0.0011827626436137,-0.2,-0.0022565847102307
linear_gaussian,303,2903,student_rank2,extrapolated,0.2,0,0.2225235673944224,0.0002405477036894,0.8,-0.5774764326055777
linear_gaussian,303,2903,student_rank2,extrapolated,0.2,1,0.0753133627755286,0.0022622476902669,0.5,-0.4246866372244713
linear_gaussian,303,2903,student_rank2,extrapolated,0.2,2,-0.0509543022044918,7.13891865803137e-05,-0.2,0.1490456977955081
linear_gaussian,303,2903,student_rank2,extrapolated,0.1,0,0.2217709464879532,0.0002436794747842,0.8,-0.5782290535120468
linear_gaussian,303,2903,student_rank2,extrapolated,0.1,1,0.074714005034507,0.0022571869136536,0.5,-0.4252859949654929
linear_gaussian,303,2903,student_rank2,extrapolated,0.1,2,-0.0506892542606059,7.340849849824366e-05,-0.2,0.149310745739394
linear_gaussian,303,2903,student_rank2,extrapolated,0.05,0,0.2215817942172981,0.0002444407330983,0.8,-0.5784182057827019
linear_gaussian,303,2903,student_rank2,extrapolated,0.05,1,0.0745632580275127,0.0022559117790232,0.5,-0.4254367419724872
linear_gaussian,303,2903,student_rank2,extrapolated,0.05,2,-0.0506239809053375,7.390907021630418e-05,-0.2,0.1493760190946625
heavy_tailed,101,0,ridge,central,0.2,0,1.3150051633292332,2.7194799110210365e-16,1.6,-0.2849948366707668
heavy_tailed,101,0,ridge,central,0.2,1,0.5069689474225378,2.9721370557657876e-16,0.5,0.0069689474225378
heavy_tailed,101,0,ridge,central,0.2,2,-0.2120602732348821,1.962615573354719e-17,-0.2,-0.012060273234882
heavy_tailed,101,0,ridge,central,0.1,0,1.3150051633292337,9.805224261780596e-16,1.6,-0.2849948366707664
heavy_tailed,101,0,ridge,central,0.1,1,0.5069689474225381,4.440892098500626e-16,0.5,0.006968947422538
heavy_tailed,101,0,ridge,central,0.1,2,-0.212060273234882,1.6996749443881482e-16,-0.2,-0.012060273234882
heavy_tailed,101,0,ridge,central,0.05,0,1.3150051633292332,6.4736570491389385e-16,1.6,-0.2849948366707668
heavy_tailed,101,0,ridge,central,0.05,1,0.5069689474225383,6.409875621278546e-17,0.5,0.0069689474225382
heavy_tailed,101,0,ridge,central,0.05,2,-0.2120602732348822,1.31167732959975e-16,-0.2,-0.0120602732348822
heavy_tailed,101,0,ridge,boundary,0.2,0,1.315005163329232,2.597384107108316e-15,0.6182383242455304,0.6967668390837017
heavy_tailed,101,0,ridge,boundary,0.2,1,0.5069689474225388,1.0915624851228492e-15,0.5,0.0069689474225388
heavy_tailed,101,0,ridge,boundary,0.2,2,-0.2120602732348825,3.6064451875905637e-16,-0.2,-0.0120602732348825
heavy_tailed,101,0,ridge,boundary,0.1,0,1.3150051633292363,3.916848369075509e-15,0.6182383242455304,0.696766839083706
heavy_tailed,101,0,ridge,boundary,0.1,1,0.5069689474225378,2.176527987845343e-15,0.5,0.0069689474225378
heavy_tailed,101,0,ridge,boundary,0.1,2,-0.2120602732348827,6.223895158830088e-16,-0.2,-0.0120602732348827
heavy_tailed,101,0,ridge,boundary,0.05,0,1.3150051633292332,1.5294505886144807e-14,0.6182383242455304,0.6967668390837028
heavy_tailed,101,0,ridge,boundary,0.05,1,0.5069689474225331,8.479468414379337e-16,0.5,0.006968947422533
heavy_tailed,101,0,ridge,boundary,0.05,2,-0.2120602732348853,1.0669964328863092e-15,-0.2,-0.0120602732348853
heavy_tailed,101,0,ridge,extrapolated,0.2,0,1.3150051633292277,5.451786685520705e-15,1.026929748370581,0.2880754149586464
heavy_tailed,101,0,ridge,extrapolated,0.2,1,0.5069689474225403,2.220446049250314e-15,0.5,0.0069689474225402
heavy_tailed,101,0,ridge,extrapolated,0.2,2,-0.2120602732348854,1.6270386922950138e-15,-0.2,-0.0120602732348854
heavy_tailed,101,0,ridge,extrapolated,0.1,0,1.3150051633292896,6.324049686275883e-15,1.026929748370581,0.2880754149587086
heavy_tailed,101,0,ridge,extrapolated,0.1,1,0.50696894742254,3.709983737954581e-16,0.5,0.0069689474225399
heavy_tailed,101,0,ridge,extrapolated,0.1,2,-0.21206027323488,2.8889585687003025e-15,-0.2,-0.01206027323488
heavy_tailed,101,0,ridge,extrapolated,0.05,0,1.3150051633291977,4.36876169374888e-14,1.026929748370581,0.2880754149586166
heavy_tailed,101,0,ridge,extrapolated,0.05,1,0.5069689474225533,1.5186603818419156e-14,0.5,0.0069689474225532
heavy_tailed,101,0,ridge,extrapolated,0.05,2,-0.2120602732348819,4.4869129348949825e-15,-0.2,-0.0120602732348819
nonlinear_heteroskedastic,202,2903,mdn4,central,0.2,0,1.6674399395200934,0.0046370501320584,1.6,0.0674399395200933
nonlinear_heteroskedastic,202,2903,mdn4,central,0.2,1,0.903397448259774,0.0051942141490341,0.5,0.4033974482597738
nonlinear_heteroskedastic,202,2903,mdn4,central,0.2,2,-0.1665937760546272,0.0039162774948012,-0.2,0.0334062239453728
nonlinear_heteroskedastic,202,2903,mdn4,central,0.1,0,1.651361890423635,0.0109075577766999,1.6,0.0513618904236348
nonlinear_heteroskedastic,202,2903,mdn4,central,0.1,1,0.8866116507947549,0.0135536695853777,0.5,0.3866116507947549
nonlinear_heteroskedastic,202,2903,mdn4,central,0.1,2,-0.1654636361883815,0.003069384609252,-0.2,0.0345363638116184
nonlinear_heteroskedastic,202,2903,mdn4,central,0.05,0,1.6619999459579262,0.016873360732175,1.6,0.0619999459579261
nonlinear_heteroskedastic,202,2903,mdn4,central,0.05,1,0.8863853415571427,0.0218282675875008,0.5,0.3863853415571426
nonlinear_heteroskedastic,202,2903,mdn4,central,0.05,2,-0.1541021504123846,0.0181179507854653,-0.2,0.0458978495876153
nonlinear_heteroskedastic,202,2903,mdn4,boundary,0.2,0,0.6612856873894192,0.0047788691792395,0.6182383242455304,0.0430473631438887
nonlinear_heteroskedastic,202,2903,mdn4,boundary,0.2,1,-0.0210732887558505,0.0035944474692566,0.5,-0.5210732887558506
nonlinear_heteroskedastic,202,2903,mdn4,boundary,0.2,2,-0.1731077818920177,0.0019601808637647,-0.2,0.0268922181079822
nonlinear_heteroskedastic,202,2903,mdn4,boundary,0.1,0,0.6517781083981178,0.0059694215948253,0.6182383242455304,0.0335397841525874
nonlinear_heteroskedastic,202,2903,mdn4,boundary,0.1,1,-0.0310797835579769,0.0046158506533187,0.5,-0.531079783557977
nonlinear_heteroskedastic,202,2903,mdn4,boundary,0.1,2,-0.1720610587768973,0.0040586768487021,-0.2,0.0279389412231026
nonlinear_heteroskedastic,202,2903,mdn4,boundary,0.05,0,0.6471657219561755,0.0040751744458539,0.6182383242455304,0.0289273977106451
nonlinear_heteroskedastic,202,2903,mdn4,boundary,0.05,1,-0.0361309612755735,0.0098481572536604,0.5,-0.5361309612755736
nonlinear_heteroskedastic,202,2903,mdn4,boundary,0.05,2,-0.1724586128932598,0.0022022198142599,-0.2,0.0275413871067402
nonlinear_heteroskedastic,202,2903,mdn4,extrapolated,0.2,0,0.0799627907655655,0.0033321283574951,1.026929748370581,-0.9469669576050156
nonlinear_heteroskedastic,202,2903,mdn4,extrapolated,0.2,1,-0.060863574059277,0.0040069667493709,0.5,-0.560863574059277
nonlinear_heteroskedastic,202,2903,mdn4,extrapolated,0.2,2,0.0130434686204379,0.0045683921134679,-0.2,0.2130434686204379
nonlinear_heteroskedastic,202,2903,mdn4,extrapolated,0.1,0,0.0813456074354164,0.0030614326402164,1.026929748370581,-0.9455841409351644
nonlinear_heteroskedastic,202,2903,mdn4,extrapolated,0.1,1,-0.0522564196443821,0.0074187943268417,0.5,-0.5522564196443822
nonlinear_heteroskedastic,202,2903,mdn4,extrapolated,0.1,2,0.0091017208524509,0.0051089477509591,-0.2,0.2091017208524509
nonlinear_heteroskedastic,202,2903,mdn4,extrapolated,0.05,0,0.0808198648161373,0.0064098104736696,1.026929748370581,-0.9461098835544436
nonlinear_heteroskedastic,202,2903,mdn4,extrapolated,0.05,1,-0.0510444498031141,0.0080113840985024,0.5,-0.5510444498031141
nonlinear_heteroskedastic,202,2903,mdn4,extrapolated,0.05,2,0.0145599592634741,0.0018465212831246,-0.2,0.2145599592634741
bimodal,202,2903,mdn4,central,0.2,0,2.463573653243133,0.0146651424563249,2.25,0.2135736532431331
bimodal,202,2903,mdn4,central,0.2,1,1.237007446662222,0.010258085006354,1.05,0.187007446662222
bimodal,202,2903,mdn4,central,0.2,2,-0.3798626040498592,0.0027744684318938,-0.35,-0.0298626040498592
bimodal,202,2903,mdn4,central,0.1,0,2.5284378161435286,0.0226336512426054,2.25,0.2784378161435286
bimodal,202,2903,mdn4,central,0.1,1,1.2730422924812503,0.0209212954827503,1.05,0.2230422924812503
bimodal,202,2903,mdn4,central,0.1,2,-0.3920306288931863,0.0067530662494567,-0.35,-0.0420306288931863
bimodal,202,2903,mdn4,central,0.05,0,2.5547658530237496,0.0041170908198355,2.25,0.3047658530237496
bimodal,202,2903,mdn4,central,0.05,1,1.2845538520697175,0.0035045394194994,1.05,0.2345538520697176
bimodal,202,2903,mdn4,central,0.05,2,-0.3842020927416925,0.0094420754906232,-0.35,-0.0342020927416925
bimodal,202,2903,mdn4,boundary,0.2,0,0.9229154201068516,0.0015883646493193,0.9347346089919524,-0.0118191888851005
bimodal,202,2903,mdn4,boundary,0.2,1,0.4909956264452401,0.0056247936749304,0.7678045486315878,-0.2768089221863476
bimodal,202,2903,mdn4,boundary,0.2,2,-0.3056136242376677,0.0038212795043065,-0.2730376041722512,-0.0325760200654165
bimodal,202,2903,mdn4,boundary,0.1,0,0.8987330011463289,0.0175072741658792,0.9347346089919524,-0.0360016078456233
bimodal,202,2903,mdn4,boundary,0.1,1,0.4689850596260316,0.0201848851356947,0.7678045486315878,-0.2988194890055561
bimodal,202,2903,mdn4,boundary,0.1,2,-0.3000267228926723,0.0067045786601028,-0.2730376041722512,-0.026989118720421
bimodal,202,2903,mdn4,boundary,0.05,0,0.9119101762076894,0.0236763192642904,0.9347346089919524,-0.0228244327842628
bimodal,202,2903,mdn4,boundary,0.05,1,0.4817514258703148,0.0228059255164016,0.7678045486315878,-0.2860531227612729
bimodal,202,2903,mdn4,boundary,0.05,2,-0.3213565458642782,0.0075411068810904,-0.2730376041722512,-0.048318941692027
bimodal,202,2903,mdn4,extrapolated,0.2,0,0.1121930776863489,0.001188563098858,1.0442146957146352,-0.9320216180282864
bimodal,202,2903,mdn4,extrapolated,0.2,1,-0.0550661016891807,0.0030369011193149,0.5146257246757381,-0.5696918263649189
bimodal,202,2903,mdn4,extrapolated,0.2,2,0.0943183944827459,0.0031800103850433,-0.203988834002474,0.29830722848522
bimodal,202,2903,mdn4,extrapolated,0.1,0,0.1131715099854776,0.0021063536969258,1.0442146957146352,-0.9310431857291576
bimodal,202,2903,mdn4,extrapolated,0.1,1,-0.0528765593804521,0.0076751183685257,0.5146257246757381,-0.5675022840561903
bimodal,202,2903,mdn4,extrapolated,0.1,2,0.0943310199164928,0.0054965091449633,-0.203988834002474,0.2983198539189668
bimodal,202,2903,mdn4,extrapolated,0.05,0,0.113045609663754,0.0018343014141652,1.0442146957146352,-0.9311690860508812
bimodal,202,2903,mdn4,extrapolated,0.05,1,-0.055012526087513,0.011660241979423,0.5146257246757381,-0.5696382507632511
bimodal,202,2903,mdn4,extrapolated,0.05,2,0.0915478203932806,0.005874777704829,-0.203988834002474,0.2955366543957547
linear_gaussian,101,2903,mdn4,central,0.2,0,0.7792113545967899,0.0050921161322785,0.8,-0.0207886454032101
linear_gaussian,101,2903,mdn4,central,0.2,1,0.5162006129662656,0.0041649156336857,0.5,0.0162006129662656
linear_gaussian,101,2903,mdn4,central,0.2,2,-0.2441667970495865,0.0013847624376406,-0.2,-0.0441667970495865
linear_gaussian,101,2903,mdn4,central,0.1,0,0.7755010820776723,0.0067792464001991,0.8,-0.0244989179223277
linear_gaussian,101,2903,mdn4,central,0.1,1,0.5147592672611884,0.0047981745862368,0.5,0.0147592672611883
linear_gaussian,101,2903,mdn4,central,0.1,2,-0.2483676677676231,0.0030629555382845,-0.2,-0.0483676677676231
linear_gaussian,101,2903,mdn4,central,0.05,0,0.77645368852551,0.0108950026633061,0.8,-0.02354631147449
linear_gaussian,101,2903,mdn4,central,0.05,1,0.5182086984805186,0.0101788933265133,0.5,0.0182086984805186
linear_gaussian,101,2903,mdn4,central,0.05,2,-0.2509262400613821,0.0008267961584618,-0.2,-0.0509262400613821
linear_gaussian,101,2903,mdn4,boundary,0.2,0,0.6420131262803711,0.0009919025906808,0.8,-0.1579868737196289
linear_gaussian,101,2903,mdn4,boundary,0.2,1,0.2927485462102137,0.0029992361515591,0.5,-0.2072514537897862
linear_gaussian,101,2903,mdn4,boundary,0.2,2,-0.2097173577293348,0.0013015507012748,-0.2,-0.0097173577293348
linear_gaussian,101,2903,mdn4,boundary,0.1,0,0.6427451730575501,0.0018212377733167,0.8,-0.1572548269424499
linear_gaussian,101,2903,mdn4,boundary,0.1,1,0.2947312977823769,0.0030476924950969,0.5,-0.2052687022176231
linear_gaussian,101,2903,mdn4,boundary,0.1,2,-0.2105612055472474,0.0017547581774574,-0.2,-0.0105612055472474
linear_gaussian,101,2903,mdn4,boundary,0.05,0,0.6412470999852438,0.0032057184648151,0.8,-0.1587529000147562
linear_gaussian,101,2903,mdn4,boundary,0.05,1,0.2940389974898043,0.0035600095944588,0.5,-0.2059610025101957
linear_gaussian,101,2903,mdn4,boundary,0.05,2,-0.2119461435624835,0.000543434860937,-0.2,-0.0119461435624834
linear_gaussian,101,2903,mdn4,extrapolated,0.2,0,-0.0909427842790003,0.0059381772293283,0.8,-0.8909427842790003
linear_gaussian,101,2903,mdn4,extrapolated,0.2,1,-0.1635650674870396,0.0035613473391692,0.5,-0.6635650674870397
linear_gaussian,101,2903,mdn4,extrapolated,0.2,2,-0.1115365395021117,0.00153824773162,-0.2,0.0884634604978882
linear_gaussian,101,2903,mdn4,extrapolated,0.1,0,-0.0962432874106894,0.0059662306934701,0.8,-0.8962432874106895
linear_gaussian,101,2903,mdn4,extrapolated,0.1,1,-0.1645517311196793,0.0033395703983849,0.5,-0.6645517311196794
linear_gaussian,101,2903,mdn4,extrapolated,0.1,2,-0.1121834926963212,0.0029262760784277,-0.2,0.0878165073036787
linear_gaussian,101,2903,mdn4,extrapolated,0.05,0,-0.0943806634433349,0.0061091958466443,0.8,-0.894380663443335
linear_gaussian,101,2903,mdn4,extrapolated,0.05,1,-0.1661953531054318,0.0028593260798199,0.5,-0.6661953531054319
linear_gaussian,101,2903,mdn4,extrapolated,0.05,2,-0.1106483592925975,0.0033112305358454,-0.2,0.0893516407074024
nonlinear_heteroskedastic,202,2903,gaussian_diag,central,0.2,0,1.5866518214409624,0.0002496546123427,1.6,-0.0133481785590376
nonlinear_heteroskedastic,202,2903,gaussian_diag,central,0.2,1,0.6591193711064588,0.0002298984581981,0.5,0.1591193711064588
nonlinear_heteroskedastic,202,2903,gaussian_diag,central,0.2,2,-0.1381441099873388,8.917976534332777e-05,-0.2,0.0618558900126612
nonlinear_heteroskedastic,202,2903,gaussian_diag,central,0.1,0,1.6029350012719343,0.0002333618834767,1.6,0.0029350012719342
nonlinear_heteroskedastic,202,2903,gaussian_diag,central,0.1,1,0.6665350818646891,0.000217025069857,0.5,0.1665350818646891
nonlinear_heteroskedastic,202,2903,gaussian_diag,central,0.1,2,-0.1355083885269982,0.0001034335602791,-0.2,0.0644916114730017
nonlinear_heteroskedastic,202,2903,gaussian_diag,central,0.05,0,1.6071605414073324,0.0002290950093131,1.6,0.0071605414073323
nonlinear_heteroskedastic,202,2903,gaussian_diag,central,0.05,1,0.6684103095304481,0.0002136118578597,0.5,0.1684103095304481
nonlinear_heteroskedastic,202,2903,gaussian_diag,central,0.05,2,-0.1347947553809952,0.0001072119558644,-0.2,0.0652052446190047
nonlinear_heteroskedastic,202,2903,gaussian_diag,boundary,0.2,0,1.0301320599928916,0.0023427972061334,0.6182383242455304,0.4118937357473612
nonlinear_heteroskedastic,202,2903,gaussian_diag,boundary,0.2,1,0.3296388302641007,0.0003577514084862,0.5,-0.1703611697358992
nonlinear_heteroskedastic,202,2903,gaussian_diag,boundary,0.2,2,-0.281532946325065,5.884913600897739e-05,-0.2,-0.081532946325065
nonlinear_heteroskedastic,202,2903,gaussian_diag,boundary,0.1,0,1.0259016812323665,0.0023537861187189,0.6182383242455304,0.4076633569868361
nonlinear_heteroskedastic,202,2903,gaussian_diag,boundary,0.1,1,0.3286421587241183,0.0003599731566901,0.5,-0.1713578412758817
nonlinear_heteroskedastic,202,2903,gaussian_diag,boundary,0.1,2,-0.2826540267132653,6.006896311852088e-05,-0.2,-0.0826540267132652
nonlinear_heteroskedastic,202,2903,gaussian_diag,boundary,0.05,0,1.024802943275071,0.0023565243525837,0.6182383242455304,0.4065646190295405
nonlinear_heteroskedastic,202,2903,gaussian_diag,boundary,0.05,1,0.3283913422992475,0.0003605057021492,0.5,-0.1716086577007524
nonlinear_heteroskedastic,202,2903,gaussian_diag,boundary,0.05,2,-0.2829371888121826,6.037511010181878e-05,-0.2,-0.0829371888121826
nonlinear_heteroskedastic,202,2903,gaussian_diag,extrapolated,0.2,0,0.0680451750482178,0.0006234603920469,1.026929748370581,-0.9588845733223632
nonlinear_heteroskedastic,202,2903,gaussian_diag,extrapolated,0.2,1,-0.0012924986495804,4.142065161115017e-05,0.5,-0.5012924986495805
nonlinear_heteroskedastic,202,2903,gaussian_diag,extrapolated,0.2,2,-0.268187415349526,0.0004301280273944,-0.2,-0.0681874153495259
nonlinear_heteroskedastic,202,2903,gaussian_diag,extrapolated,0.1,0,0.0665769464497934,0.0006245176745708,1.026929748370581,-0.9603528019207876
nonlinear_heteroskedastic,202,2903,gaussian_diag,extrapolated,0.1,1,-0.0018872047712562,4.174255599282394e-05,0.5,-0.5018872047712563
nonlinear_heteroskedastic,202,2903,gaussian_diag,extrapolated,0.1,2,-0.2684199209316794,0.0004298627488119,-0.2,-0.0684199209316793
nonlinear_heteroskedastic,202,2903,gaussian_diag,extrapolated,0.05,0,0.0662123257342991,0.0006247781764508,1.026929748370581,-0.960717422636282
nonlinear_heteroskedastic,202,2903,gaussian_diag,extrapolated,0.05,1,-0.0020350522798125,4.182283233660914e-05,0.5,-0.5020350522798126
nonlinear_heteroskedastic,202,2903,gaussian_diag,extrapolated,0.05,2,-0.2684778392822225,0.0004297888892074,-0.2,-0.0684778392822225
nonlinear_heteroskedastic,303,1701,edm,central,0.2,0,1.346657247801418,0.0023736922516397,1.6,-0.253342752198582
nonlinear_heteroskedastic,303,1701,edm,central,0.2,1,0.3664139621297346,0.0012922041419574,0.5,-0.1335860378702653
nonlinear_heteroskedastic,303,1701,edm,central,0.2,2,-0.1388254735168035,0.0004338519738611,-0.2,0.0611745264831965
nonlinear_heteroskedastic,303,1701,edm,central,0.1,0,1.3548761845266324,0.0023827176164404,1.6,-0.2451238154733677
nonlinear_heteroskedastic,303,1701,edm,central,0.1,1,0.370970413811061,0.0013207729961794,0.5,-0.129029586188939
nonlinear_heteroskedastic,303,1701,edm,central,0.1,2,-0.1371964782908254,0.0004348714219744,-0.2,0.0628035217091746
nonlinear_heteroskedastic,303,1701,edm,central,0.05,0,1.3569596151315997,0.0023847397938724,1.6,-0.2430403848684004
nonlinear_heteroskedastic,303,1701,edm,central,0.05,1,0.3721593905818054,0.0013278807899028,0.5,-0.1278406094181945
nonlinear_heteroskedastic,303,1701,edm,central,0.05,2,-0.1367834750620384,0.0004349942654732,-0.2,0.0632165249379616
nonlinear_heteroskedastic,303,1701,edm,boundary,0.2,0,0.9012985879711736,0.0005511738803892,0.6182383242455304,0.2830602637256433
nonlinear_heteroskedastic,303,1701,edm,boundary,0.2,1,0.2510298882332104,0.000310166764338,0.5,-0.2489701117667896
nonlinear_heteroskedastic,303,1701,edm,boundary,0.2,2,-0.1947372680143897,0.0003477410959795,-0.2,0.0052627319856102
nonlinear_heteroskedastic,303,1701,edm,boundary,0.1,0,0.9001933230881981,0.0005612351323479,0.6182383242455304,0.2819549988426677
nonlinear_heteroskedastic,303,1701,edm,boundary,0.1,1,0.2505145143491985,0.0003063277794344,0.5,-0.2494854856508014
nonlinear_heteroskedastic,303,1701,edm,boundary,0.1,2,-0.1953878178600279,0.0003511137592604,-0.2,0.0046121821399721
nonlinear_heteroskedastic,303,1701,edm,boundary,0.05,0,0.8999090723722766,0.0005637827204806,0.6182383242455304,0.2816707481267462
nonlinear_heteroskedastic,303,1701,edm,boundary,0.05,1,0.2503780211184742,0.0003053263000058,0.5,-0.2496219788815258
nonlinear_heteroskedastic,303,1701,edm,boundary,0.05,2,-0.1955490964510521,0.0003519159642084,-0.2,0.0044509035489479
nonlinear_heteroskedastic,303,1701,edm,extrapolated,0.2,0,0.2888461747123962,0.0004013372255979,1.026929748370581,-0.7380835736581848
nonlinear_heteroskedastic,303,1701,edm,extrapolated,0.2,1,0.0167065099063252,6.299947862045929e-05,0.5,-0.4832934900936748
nonlinear_heteroskedastic,303,1701,edm,extrapolated,0.2,2,-0.1278014793978691,0.0002339962985091,-0.2,0.0721985206021308
nonlinear_heteroskedastic,303,1701,edm,extrapolated,0.1,0,0.2881614228573999,0.0004016455952646,1.026929748370581,-0.7387683255131812
nonlinear_heteroskedastic,303,1701,edm,extrapolated,0.1,1,0.0164229133708901,6.325361109563159e-05,0.5,-0.4835770866291098
nonlinear_heteroskedastic,303,1701,edm,extrapolated,0.1,2,-0.127741603575001,0.0002338895526569,-0.2,0.072258396424999
nonlinear_heteroskedastic,303,1701,edm,extrapolated,0.05,0,0.2879905841219643,0.000401728453552,1.026929748370581,-0.7389391642486167
nonlinear_heteroskedastic,303,1701,edm,extrapolated,0.05,1,0.0163521003708414,6.331660894924938e-05,0.5,-0.4836478996291585
nonlinear_heteroskedastic,303,1701,edm,extrapolated,0.05,2,-0.1277265793640325,0.0002338507343943,-0.2,0.0722734206359674
heavy_tailed,202,2903,edm,central,0.2,0,1.4328545810789055,0.0009520758289849,1.6,-0.1671454189210945
heavy_tailed,202,2903,edm,central,0.2,1,0.5338291533282441,0.0007149462226602,0.5,0.0338291533282441
heavy_tailed,202,2903,edm,central,0.2,2,-0.2291631194216037,7.22469340057958e-05,-0.2,-0.0291631194216037
heavy_tailed,202,2903,edm,central,0.1,0,1.4446293983087692,0.0009583934745285,1.6,-0.1553706016912308
heavy_tailed,202,2903,edm,central,0.1,1,0.5406350456660239,0.0007155255988986,0.5,0.0406350456660239
heavy_tailed,202,2903,edm,central,0.1,2,-0.2311870754867288,7.104602428047422e-05,-0.2,-0.0311870754867288
heavy_tailed,202,2903,edm,central,0.05,0,1.4476325941155732,0.0009599215535193,1.6,-0.1523674058844268
heavy_tailed,202,2903,edm,central,0.05,1,0.5423657406813893,0.0007153976534062,0.5,0.0423657406813893
heavy_tailed,202,2903,edm,central,0.05,2,-0.2317109908340682,7.113576081768097e-05,-0.2,-0.0317109908340682
heavy_tailed,202,2903,edm,boundary,0.2,0,0.9702476129605804,0.0013889592678171,0.6182383242455304,0.3520092887150499
heavy_tailed,202,2903,edm,boundary,0.2,1,0.1879960583730359,0.0003788896203565,0.5,-0.3120039416269641
heavy_tailed,202,2903,edm,boundary,0.2,2,-0.1593331639752685,0.0002108275660978,-0.2,0.0406668360247314
heavy_tailed,202,2903,edm,boundary,0.1,0,0.9697052034003087,0.0013971584769115,0.6182383242455304,0.3514668791547783
heavy_tailed,202,2903,edm,boundary,0.1,1,0.1861864853785754,0.0003985585781103,0.5,-0.3138135146214246
heavy_tailed,202,2903,edm,boundary,0.1,2,-0.1590734412744305,0.0002143662315911,-0.2,0.0409265587255695
heavy_tailed,202,2903,edm,boundary,0.05,0,0.9695622138856256,0.0013992105768744,0.6182383242455304,0.3513238896400952
heavy_tailed,202,2903,edm,boundary,0.05,1,0.1857247261273266,0.000403585224122,0.5,-0.3142752738726733
heavy_tailed,202,2903,edm,boundary,0.05,2,-0.1590082409984916,0.0002152519383619,-0.2,0.0409917590015083
heavy_tailed,202,2903,edm,extrapolated,0.2,0,0.155247139547033,0.0005039656490596,1.026929748370581,-0.871682608823548
heavy_tailed,202,2903,edm,extrapolated,0.2,1,-0.0606481745824443,0.0002002378781138,0.5,-0.5606481745824444
heavy_tailed,202,2903,edm,extrapolated,0.2,2,-0.081745210598704,0.000849172169909,-0.2,0.1182547894012959
heavy_tailed,202,2903,edm,extrapolated,0.1,0,0.1539783556488198,0.0005038207542184,1.026929748370581,-0.8729513927217613
heavy_tailed,202,2903,edm,extrapolated,0.1,1,-0.0609184583490124,0.0002018204304359,0.5,-0.5609184583490124
heavy_tailed,202,2903,edm,extrapolated,0.1,2,-0.0817192059101763,0.0008499364689351,-0.2,0.1182807940898236
heavy_tailed,202,2903,edm,extrapolated,0.05,0,0.1536615260899276,0.0005038022540405,1.026929748370581,-0.8732682222806534
heavy_tailed,202,2903,edm,extrapolated,0.05,1,-0.0609852409973656,0.0002022235316792,0.5,-0.5609852409973657
heavy_tailed,202,2903,edm,extrapolated,0.05,2,-0.0817125098866572,0.0008501266613376,-0.2,0.1182874901133427
bimodal,202,1701,flow,central,0.2,0,2.113033125950656,0.0093492637558012,2.25,-0.1369668740493441
bimodal,202,1701,flow,central,0.2,1,1.033265599922368,0.0065289496466831,1.05,-0.0167344000776319
bimodal,202,1701,flow,central,0.2,2,-0.3010939426313098,0.0014552811492007,-0.35,0.0489060573686901
bimodal,202,1701,flow,central,0.1,0,2.128717579000274,0.0100094534999427,2.25,-0.121282420999726
bimodal,202,1701,flow,central,0.1,1,1.0405860350152836,0.0068880575735899,1.05,-0.0094139649847164
bimodal,202,1701,flow,central,0.1,2,-0.3015539172754924,0.0014798988388565,-0.35,0.0484460827245075
bimodal,202,1701,flow,central,0.05,0,2.132737509834719,0.0101340772227238,2.25,-0.1172624901652805
bimodal,202,1701,flow,central,0.05,1,1.042464059669624,0.0069446420758036,1.05,-0.007535940330376
bimodal,202,1701,flow,central,0.05,2,-0.3016821149253031,0.0014782203957869,-0.35,0.0483178850746968
bimodal,202,1701,flow,boundary,0.2,0,1.4379960981055786,0.003045464499965,0.9347346089919524,0.5032614891136263
bimodal,202,1701,flow,boundary,0.2,1,0.643964350626929,0.0020455449464893,0.7678045486315878,-0.1238401980046587
bimodal,202,1701,flow,boundary,0.2,2,-0.3735254370348446,0.0006415550522518,-0.2730376041722512,-0.1004878328625933
bimodal,202,1701,flow,boundary,0.1,0,1.4356967771815723,0.0032402785130138,0.9347346089919524,0.50096216818962
bimodal,202,1701,flow,boundary,0.1,1,0.645156424901058,0.0022004382319665,0.7678045486315878,-0.1226481237305298
bimodal,202,1701,flow,boundary,0.1,2,-0.3746451649625871,0.0006713328043808,-0.2730376041722512,-0.1016075607903359
bimodal,202,1701,flow,boundary,0.05,0,1.4350643972109391,0.0032922186324094,0.9347346089919524,0.5003297882189869
bimodal,202,1701,flow,boundary,0.05,1,0.6454301495052572,0.0022405386092361,0.7678045486315878,-0.1223743991263305
bimodal,202,1701,flow,boundary,0.05,2,-0.3749162658215582,0.0006778586617994,-0.2730376041722512,-0.1018786616493069
bimodal,202,1701,flow,extrapolated,0.2,0,0.3634641463530778,0.0022996465071386,1.0442146957146352,-0.6807505493615573
bimodal,202,1701,flow,extrapolated,0.2,1,-0.1005036863320922,0.0009727537697054,0.5146257246757381,-0.6151294110078304
bimodal,202,1701,flow,extrapolated,0.2,2,-0.1149256580740511,0.0015048574024282,-0.203988834002474,0.0890631759284228
bimodal,202,1701,flow,extrapolated,0.1,0,0.3638290232684027,0.0022738183437268,1.0442146957146352,-0.6803856724462325
bimodal,202,1701,flow,extrapolated,0.1,1,-0.1007236074457851,0.0009726921622616,0.5146257246757381,-0.6153493321215232
bimodal,202,1701,flow,extrapolated,0.1,2,-0.1143632937615237,0.0015156837534299,-0.203988834002474,0.0896255402409503
bimodal,202,1701,flow,extrapolated,0.05,0,0.3639306515078748,0.0022672045813884,1.0442146957146352,-0.6802840442067604
bimodal,202,1701,flow,extrapolated,0.05,1,-0.1007688189889854,0.0009727861764434,0.5146257246757381,-0.6153945436647236
bimodal,202,1701,flow,extrapolated,0.05,2,-0.114224469660978,0.001518374263748,-0.203988834002474,0.0897643643414959
nonlinear_heteroskedastic,202,1701,flow,central,0.2,0,1.446058491572237,0.0009138250245292,1.6,-0.1539415084277631
nonlinear_heteroskedastic,202,1701,flow,central,0.2,1,0.550104094953213,0.0004205255595279,0.5,0.0501040949532129
nonlinear_heteroskedastic,202,1701,flow,central,0.2,2,-0.217160814863273,0.0002165582948205,-0.2,-0.0171608148632729
nonlinear_heteroskedastic,202,1701,flow,central,0.1,0,1.4519972802077863,0.000920345444788,1.6,-0.1480027197922135
nonlinear_heteroskedastic,202,1701,flow,central,0.1,1,0.5525381287465855,0.0004204931897012,0.5,0.0525381287465854
nonlinear_heteroskedastic,202,1701,flow,central,0.1,2,-0.2174146124417428,0.0002217716969785,-0.2,-0.0174146124417428
nonlinear_heteroskedastic,202,1701,flow,central,0.05,0,1.4535017305203188,0.0009219908568922,1.6,-0.1464982694796812
nonlinear_heteroskedastic,202,1701,flow,central,0.05,1,0.5531553755349995,0.000420474990727,0.5,0.0531553755349994
nonlinear_heteroskedastic,202,1701,flow,central,0.05,2,-0.2174798148632574,0.00022311267056,-0.2,-0.0174798148632573
nonlinear_heteroskedastic,202,1701,flow,boundary,0.2,0,1.1854931645637112,0.001832988980163,0.6182383242455304,0.5672548403181809
nonlinear_heteroskedastic,202,1701,flow,boundary,0.2,1,0.3966221411404294,0.0009968322243244,0.5,-0.1033778588595705
nonlinear_heteroskedastic,202,1701,flow,boundary,0.2,2,-0.2750703830959816,0.0008059906277746,-0.2,-0.0750703830959815
nonlinear_heteroskedastic,202,1701,flow,boundary,0.1,0,1.185739380257716,0.001829523806051,0.6182383242455304,0.5675010560121855
nonlinear_heteroskedastic,202,1701,flow,boundary,0.1,1,0.3968871875767706,0.0009958040992736,0.5,-0.1031128124232294
nonlinear_heteroskedastic,202,1701,flow,boundary,0.1,2,-0.2759208262081825,0.0008081925831844,-0.2,-0.0759208262081825
nonlinear_heteroskedastic,202,1701,flow,boundary,0.05,0,1.1857955021813775,0.0018286802238118,0.6182383242455304,0.5675571779358474
nonlinear_heteroskedastic,202,1701,flow,boundary,0.05,1,0.3969511901011911,0.0009955517141839,0.5,-0.1030488098988088
nonlinear_heteroskedastic,202,1701,flow,boundary,0.05,2,-0.2761331980898972,0.0008087336276316,-0.2,-0.0761331980898972
nonlinear_heteroskedastic,202,1701,flow,extrapolated,0.2,0,0.4635062809579267,0.0038643371210273,1.026929748370581,-0.5634234674126544
nonlinear_heteroskedastic,202,1701,flow,extrapolated,0.2,1,-0.0053078370129235,0.0018846350184103,0.5,-0.5053078370129236
nonlinear_heteroskedastic,202,1701,flow,extrapolated,0.2,2,-0.1332365291531656,0.0006827116964519,-0.2,0.0667634708468343
nonlinear_heteroskedastic,202,1701,flow,extrapolated,0.1,0,0.462996215975356,0.0038812257799754,1.026929748370581,-0.563933532395225
nonlinear_heteroskedastic,202,1701,flow,extrapolated,0.1,1,-0.0062591528887169,0.0019014546668903,0.5,-0.506259152888717
nonlinear_heteroskedastic,202,1701,flow,extrapolated,0.1,2,-0.1329825705573917,0.0006845671952675,-0.2,0.0670174294426083
nonlinear_heteroskedastic,202,1701,flow,extrapolated,0.05,0,0.4628693542985888,0.0038855066360335,1.026929748370581,-0.5640603940719922
nonlinear_heteroskedastic,202,1701,flow,extrapolated,0.05,1,-0.00649847881614,0.0019057194849082,0.5,-0.5064984788161401
nonlinear_heteroskedastic,202,1701,flow,extrapolated,0.05,2,-0.1329191253545902,0.0006850245222884,-0.2,0.0670808746454097
heavy_tailed,303,2903,gaussian_diag,central,0.2,0,1.5041142063481832,0.0007639227974783,1.6,-0.0958857936518169
heavy_tailed,303,2903,gaussian_diag,central,0.2,1,0.533353680969319,0.0006770157312346,0.5,0.033353680969319
heavy_tailed,303,2903,gaussian_diag,central,0.2,2,-0.2643336222043513,9.518121086502827e-05,-0.2,-0.0643336222043512
heavy_tailed,303,2903,gaussian_diag,central,0.1,0,1.5182603169069095,0.0007591721296201,1.6,-0.0817396830930905
heavy_tailed,303,2903,gaussian_diag,central,0.1,1,0.5358209340289033,0.0007026054811128,0.5,0.0358209340289032
heavy_tailed,303,2903,gaussian_diag,central,0.1,2,-0.2671004677663482,0.0001014489552479,-0.2,-0.0671004677663482
heavy_tailed,303,2903,gaussian_diag,central,0.05,0,1.521844426012809,0.0007575925023607,1.6,-0.078155573987191
heavy_tailed,303,2903,gaussian_diag,central,0.05,1,0.5364453206531202,0.0007091617918453,0.5,0.0364453206531202
heavy_tailed,303,2903,gaussian_diag,central,0.05,2,-0.2677929137155601,0.000103091744524,-0.2,-0.0677929137155601
heavy_tailed,303,2903,gaussian_diag,boundary,0.2,0,0.8839186591426907,7.264053465011224e-05,0.6182383242455304,0.2656803348971603
heavy_tailed,303,2903,gaussian_diag,boundary,0.2,1,0.4034086806018112,0.0008206000457486,0.5,-0.0965913193981888
heavy_tailed,303,2903,gaussian_diag,boundary,0.2,2,-0.1591426184847507,0.0005041853273779,-0.2,0.0408573815152492
heavy_tailed,303,2903,gaussian_diag,boundary,0.1,0,0.8830030916344748,7.387749263220955e-05,0.6182383242455304,0.2647647673889444
heavy_tailed,303,2903,gaussian_diag,boundary,0.1,1,0.4037662225573704,0.0008192409682901,0.5,-0.0962337774426295
heavy_tailed,303,2903,gaussian_diag,boundary,0.1,2,-0.1588623995729499,0.0005074368962913,-0.2,0.0411376004270501
heavy_tailed,303,2903,gaussian_diag,boundary,0.05,0,0.8827839975831134,7.42121982781592e-05,0.6182383242455304,0.264545673337583
heavy_tailed,303,2903,gaussian_diag,boundary,0.05,1,0.403855454264184,0.0008189123812755,0.5,-0.0961445457358159
heavy_tailed,303,2903,gaussian_diag,boundary,0.05,2,-0.1587840113941985,0.0005082749093139,-0.2,0.0412159886058015
heavy_tailed,303,2903,gaussian_diag,extrapolated,0.2,0,0.2092857617284804,0.0002715879574082,1.026929748370581,-0.8176439866421006
heavy_tailed,303,2903,gaussian_diag,extrapolated,0.2,1,0.1009083101931513,0.0001941288476292,0.5,-0.3990916898068486
heavy_tailed,303,2903,gaussian_diag,extrapolated,0.2,2,-0.0059750509484284,0.0009348293390219,-0.2,0.1940249490515715
heavy_tailed,303,2903,gaussian_diag,extrapolated,0.1,0,0.208210661714581,0.0002716687630068,1.026929748370581,-0.818719086656
heavy_tailed,303,2903,gaussian_diag,extrapolated,0.1,1,0.1003939516332338,0.0001931876806932,0.5,-0.3996060483667662
heavy_tailed,303,2903,gaussian_diag,extrapolated,0.1,2,-0.0058005844186055,0.0009360038136887,-0.2,0.1941994155813945
heavy_tailed,303,2903,gaussian_diag,extrapolated,0.05,0,0.2079440849209871,0.0002716910288608,1.026929748370581,-0.8189856634495939
heavy_tailed,303,2903,gaussian_diag,extrapolated,0.05,1,0.1002657254346972,0.0001929501432407,0.5,-0.3997342745653027
heavy_tailed,303,2903,gaussian_diag,extrapolated,0.05,2,-0.0057588497670355,0.0009363075721903,-0.2,0.1942411502329644
nonlinear_heteroskedastic,202,2903,transformer_mdn4,central,0.2,0,1.5125090691132117,0.0021495214204327,1.6,-0.0874909308867886
nonlinear_heteroskedastic,202,2903,transformer_mdn4,central,0.2,1,0.4456493050327164,0.0011107563705109,0.5,-0.0543506949672836
nonlinear_heteroskedastic,202,2903,transformer_mdn4,central,0.2,2,-0.0733597746556977,0.0031251105653892,-0.2,0.1266402253443022
nonlinear_heteroskedastic,202,2903,transformer_mdn4,central,0.1,0,1.5037194050271296,0.0012638883246654,1.6,-0.0962805949728704
nonlinear_heteroskedastic,202,2903,transformer_mdn4,central,0.1,1,0.4338883035330461,0.0045122605017044,0.5,-0.0661116964669538
nonlinear_heteroskedastic,202,2903,transformer_mdn4,central,0.1,2,-0.0635292158841182,0.0036819820224151,-0.2,0.1364707841158818
nonlinear_heteroskedastic,202,2903,transformer_mdn4,central,0.05,0,1.5089065109478306,0.0041786373946199,1.6,-0.0910934890521695
nonlinear_heteroskedastic,202,2903,transformer_mdn4,central,0.05,1,0.4262069407654441,0.0027384261298673,0.5,-0.0737930592345559
nonlinear_heteroskedastic,202,2903,transformer_mdn4,central,0.05,2,-0.0533542306790414,0.0038160606150245,-0.2,0.1466457693209585
nonlinear_heteroskedastic,202,2903,transformer_mdn4,boundary,0.2,0,0.8107266673786842,0.0255195104888021,0.6182383242455304,0.1924883431331537
nonlinear_heteroskedastic,202,2903,transformer_mdn4,boundary,0.2,1,0.3525782915761526,0.0088392892791247,0.5,-0.1474217084238474
nonlinear_heteroskedastic,202,2903,transformer_mdn4,boundary,0.2,2,-0.2440054233405822,0.0024933769517488,-0.2,-0.0440054233405822
nonlinear_heteroskedastic,202,2903,transformer_mdn4,boundary,0.1,0,0.7945698477281837,0.017454914681532,0.6182383242455304,0.1763315234826533
nonlinear_heteroskedastic,202,2903,transformer_mdn4,boundary,0.1,1,0.3419605862798273,0.0149648156726622,0.5,-0.1580394137201726
nonlinear_heteroskedastic,202,2903,transformer_mdn4,boundary,0.1,2,-0.2498888267317094,0.0045512982488394,-0.2,-0.0498888267317094
nonlinear_heteroskedastic,202,2903,transformer_mdn4,boundary,0.05,0,0.7486932292666918,0.0141962510693429,0.6182383242455304,0.1304549050211614
nonlinear_heteroskedastic,202,2903,transformer_mdn4,boundary,0.05,1,0.3436138222644319,0.0112460896379922,0.5,-0.1563861777355681
nonlinear_heteroskedastic,202,2903,transformer_mdn4,boundary,0.05,2,-0.2576449930225397,0.0013108404476834,-0.2,-0.0576449930225396
nonlinear_heteroskedastic,202,2903,transformer_mdn4,extrapolated,0.2,0,0.0788558024825638,0.0044252745006229,1.026929748370581,-0.9480739458880172
nonlinear_heteroskedastic,202,2903,transformer_mdn4,extrapolated,0.2,1,0.0258840071498695,0.0032718125661517,0.5,-0.4741159928501304
nonlinear_heteroskedastic,202,2903,transformer_mdn4,extrapolated,0.2,2,0.0014628687826993,0.0005408483943922,-0.2,0.2014628687826993
nonlinear_heteroskedastic,202,2903,transformer_mdn4,extrapolated,0.1,0,0.0792751885522794,0.0031648812681176,1.026929748370581,-0.9476545598183016
nonlinear_heteroskedastic,202,2903,transformer_mdn4,extrapolated,0.1,1,0.0293002236966214,0.0067862418767224,0.5,-0.4706997763033785
nonlinear_heteroskedastic,202,2903,transformer_mdn4,extrapolated,0.1,2,0.0005430920743478,0.0022352448800356,-0.2,0.2005430920743478
nonlinear_heteroskedastic,202,2903,transformer_mdn4,extrapolated,0.05,0,0.0751057625014602,0.0041564213249161,1.026929748370581,-0.9518239858691208
nonlinear_heteroskedastic,202,2903,transformer_mdn4,extrapolated,0.05,1,0.0338797781782633,0.0020862465843787,0.5,-0.4661202218217367
nonlinear_heteroskedastic,202,2903,transformer_mdn4,extrapolated,0.05,2,-0.0005433757066706,0.0020982722323583,-0.2,0.1994566242933293
linear_gaussian,101,1701,flow,central,0.2,0,0.8893827167278999,0.0003661929384629,0.8,0.0893827167278998
linear_gaussian,101,1701,flow,central,0.2,1,0.6241130204008504,0.000305364141045,0.5,0.1241130204008503
linear_gaussian,101,1701,flow,central,0.2,2,-0.2432562767160175,0.0003468342962742,-0.2,-0.0432562767160174
linear_gaussian,101,1701,flow,central,0.1,0,0.894022372065128,0.0003638461119247,0.8,0.0940223720651279
linear_gaussian,101,1701,flow,central,0.1,1,0.6288135872766843,0.0003119674086355,0.5,0.1288135872766843
linear_gaussian,101,1701,flow,central,0.1,2,-0.2447498232112651,0.0003453849960578,-0.2,-0.0447498232112651
linear_gaussian,101,1701,flow,central,0.05,0,0.895198993429991,0.0003632581381792,0.8,0.0951989934299909
linear_gaussian,101,1701,flow,central,0.05,1,0.6300082954662469,0.0003136775580909,0.5,0.1300082954662469
linear_gaussian,101,1701,flow,central,0.05,2,-0.2451290753424505,0.0003450086680531,-0.2,-0.0451290753424505
linear_gaussian,101,1701,flow,boundary,0.2,0,0.643127982575321,0.0007069001415065,0.8,-0.156872017424679
linear_gaussian,101,1701,flow,boundary,0.2,1,0.3476356885714195,0.0009419345223736,0.5,-0.1523643114285804
linear_gaussian,101,1701,flow,boundary,0.2,2,-0.1408618534385488,0.0005839936742252,-0.2,0.0591381465614511
linear_gaussian,101,1701,flow,boundary,0.1,0,0.6429511099301831,0.0007117386118484,0.8,-0.1570488900698169
linear_gaussian,101,1701,flow,boundary,0.1,1,0.3470721429319567,0.0009478947155675,0.5,-0.1529278570680432
linear_gaussian,101,1701,flow,boundary,0.1,2,-0.1404030645086552,0.0005884400473026,-0.2,0.0595969354913447
linear_gaussian,101,1701,flow,boundary,0.05,0,0.6429039560254942,0.0007129450555418,0.8,-0.1570960439745058
linear_gaussian,101,1701,flow,boundary,0.05,1,0.3469271055283001,0.0009493841172734,0.5,-0.1530728944716998
linear_gaussian,101,1701,flow,boundary,0.05,2,-0.1402875623181302,0.000589551786523,-0.2,0.0597124376818697
linear_gaussian,101,1701,flow,extrapolated,0.2,0,0.1974752978637526,0.00069861960273,0.8,-0.6025247021362474
linear_gaussian,101,1701,flow,extrapolated,0.2,1,-0.0359581599149682,0.0001297061490135,0.5,-0.5359581599149682
linear_gaussian,101,1701,flow,extrapolated,0.2,2,-0.0532248583707612,0.0002404974026566,-0.2,0.1467751416292387
linear_gaussian,101,1701,flow,extrapolated,0.1,0,0.1968559918396732,0.0006998004321962,0.8,-0.6031440081603269
linear_gaussian,101,1701,flow,extrapolated,0.1,1,-0.0366333292309032,0.0001304790065814,0.5,-0.5366333292309032
linear_gaussian,101,1701,flow,extrapolated,0.1,2,-0.0531336338356253,0.0002411056986568,-0.2,0.1468663661643747
linear_gaussian,101,1701,flow,extrapolated,0.05,0,0.1967013832054457,0.0007001075476561,0.8,-0.6032986167945543
linear_gaussian,101,1701,flow,extrapolated,0.05,1,-0.0368020598698729,0.0001306713668254,0.5,-0.536802059869873
linear_gaussian,101,1701,flow,extrapolated,0.05,2,-0.0531109159099503,0.0002412568676906,-0.2,0.1468890840900496
heavy_tailed,101,1701,edm,central,0.2,0,1.4405336643822482,0.0009534072003214,1.6,-0.1594663356177519
heavy_tailed,101,1701,edm,central,0.2,1,0.5665711980905981,0.0007225381496651,0.5,0.066571198090598
heavy_tailed,101,1701,edm,central,0.2,2,-0.2737294866937371,0.0002417837034577,-0.2,-0.0737294866937371
heavy_tailed,101,1701,edm,central,0.1,0,1.455132748960725,0.0009948826555875,1.6,-0.144867251039275
heavy_tailed,101,1701,edm,central,0.1,1,0.5758062536320724,0.0007495841446048,0.5,0.0758062536320723
heavy_tailed,101,1701,edm,central,0.1,2,-0.2762532368725416,0.0002673093369718,-0.2,-0.0762532368725416
heavy_tailed,101,1701,edm,central,0.05,0,1.4588938362909505,0.0010055040995463,1.6,-0.1411061637090498
heavy_tailed,101,1701,edm,central,0.05,1,0.5781841770689229,0.0007562751557144,0.5,0.0781841770689228
heavy_tailed,101,1701,edm,central,0.05,2,-0.2768900603956766,0.0002746517788139,-0.2,-0.0768900603956765
heavy_tailed,101,1701,edm,boundary,0.2,0,0.8950198546153492,0.000380738650149,0.6182383242455304,0.2767815303698188
heavy_tailed,101,1701,edm,boundary,0.2,1,0.2351081096809757,0.0005584333137144,0.5,-0.2648918903190242
heavy_tailed,101,1701,edm,boundary,0.2,2,-0.17608559693971,0.0017875103017585,-0.2,0.0239144030602899
heavy_tailed,101,1701,edm,boundary,0.1,0,0.8929950892267952,0.0003836944520994,0.6182383242455304,0.2747567649812648
heavy_tailed,101,1701,edm,boundary,0.1,1,0.2333499481378006,0.0005648154948488,0.5,-0.2666500518621993
heavy_tailed,101,1701,edm,boundary,0.1,2,-0.1759150423658132,0.0017902400160883,-0.2,0.0240849576341868
heavy_tailed,101,1701,edm,boundary,0.05,0,0.8924858643289624,0.0003844846950674,0.6182383242455304,0.274247540083432
heavy_tailed,101,1701,edm,boundary,0.05,1,0.2329088766894932,0.0005664329572849,0.5,-0.2670911233105068
heavy_tailed,101,1701,edm,boundary,0.05,2,-0.1758687173100755,0.0017908909540471,-0.2,0.0241312826899244
heavy_tailed,101,1701,edm,extrapolated,0.2,0,0.3400145049134579,0.0005423272200552,1.026929748370581,-0.6869152434571231
heavy_tailed,101,1701,edm,extrapolated,0.2,1,0.0278921161448036,7.04202989752834e-05,0.5,-0.4721078838551963
heavy_tailed,101,1701,edm,extrapolated,0.2,2,0.0142756195345462,0.0004645629854603,-0.2,0.2142756195345463
heavy_tailed,101,1701,edm,extrapolated,0.1,0,0.3394107072518837,0.000542844057101,1.026929748370581,-0.6875190411186973
heavy_tailed,101,1701,edm,extrapolated,0.1,1,0.0276683814366207,7.021985951919144e-05,0.5,-0.4723316185633792
heavy_tailed,101,1701,edm,extrapolated,0.1,2,0.014576345111759,0.0004646894716393,-0.2,0.214576345111759
heavy_tailed,101,1701,edm,extrapolated,0.05,0,0.3392604265958199,0.000542932437778,1.026929748370581,-0.6876693217747611
heavy_tailed,101,1701,edm,extrapolated,0.05,1,0.0276127506479421,7.01845931836379e-05,0.5,-0.4723872493520578
heavy_tailed,101,1701,edm,extrapolated,0.05,2,0.0146513560001576,0.0004647260360341,-0.2,0.2146513560001576
linear_gaussian,303,1701,edm,central,0.2,0,0.7714167121947998,0.0004482160877211,0.8,-0.0285832878052002
linear_gaussian,303,1701,edm,central,0.2,1,0.3820387899054522,0.0005293064256704,0.5,-0.1179612100945478
linear_gaussian,303,1701,edm,central,0.2,2,-0.2052807123425082,2.1960982092883352e-05,-0.2,-0.0052807123425082
linear_gaussian,303,1701,edm,central,0.1,0,0.7743215407122652,0.0004392892906324,0.8,-0.0256784592877348
linear_gaussian,303,1701,edm,central,0.1,1,0.3838604072036726,0.000539784748457,0.5,-0.1161395927963274
linear_gaussian,303,1701,edm,central,0.1,2,-0.2038880439108834,3.08911828767617e-05,-0.2,-0.0038880439108834
linear_gaussian,303,1701,edm,central,0.05,0,0.7750490563178319,0.0004368764591914,0.8,-0.0249509436821681
linear_gaussian,303,1701,edm,central,0.05,1,0.3843317073773765,0.0005423331897293,0.5,-0.1156682926226235
linear_gaussian,303,1701,edm,central,0.05,2,-0.2035283323228424,3.3199347430575844e-05,-0.2,-0.0035283323228424
linear_gaussian,303,1701,edm,boundary,0.2,0,0.531763650413666,0.0003914772987425,0.8,-0.268236349586334
linear_gaussian,303,1701,edm,boundary,0.2,1,0.2934058803366091,0.0002077635273596,0.5,-0.2065941196633908
linear_gaussian,303,1701,edm,boundary,0.2,2,-0.2357603271115383,0.0001601074281738,-0.2,-0.0357603271115383
linear_gaussian,303,1701,edm,boundary,0.1,0,0.5314711327121828,0.0003988529932401,0.8,-0.2685288672878172
linear_gaussian,303,1701,edm,boundary,0.1,1,0.2935325823723984,0.0002048950102668,0.5,-0.2064674176276015
linear_gaussian,303,1701,edm,boundary,0.1,2,-0.2365790078908317,0.0001633498776204,-0.2,-0.0365790078908317
linear_gaussian,303,1701,edm,boundary,0.05,0,0.5313954069274962,0.0004007362594841,0.8,-0.2686045930725038
linear_gaussian,303,1701,edm,boundary,0.05,1,0.2935594946987173,0.0002041281442469,0.5,-0.2064405053012827
linear_gaussian,303,1701,edm,boundary,0.05,2,-0.236784355950294,0.0001641347914542,-0.2,-0.036784355950294
linear_gaussian,303,1701,edm,extrapolated,0.2,0,0.1859514493229302,0.0002851536782758,0.8,-0.6140485506770698
linear_gaussian,303,1701,edm,extrapolated,0.2,1,0.0542773069083127,0.000118758455685,0.5,-0.4457226930916872
linear_gaussian,303,1701,edm,extrapolated,0.2,2,-0.1332266170106932,0.000172623098788,-0.2,0.0667733829893067
linear_gaussian,303,1701,edm,extrapolated,0.1,0,0.1855899905030848,0.0002860108373364,0.8,-0.6144100094969153
linear_gaussian,303,1701,edm,extrapolated,0.1,1,0.0539843733834745,0.0001193046453358,0.5,-0.4460156266165254
linear_gaussian,303,1701,edm,extrapolated,0.1,2,-0.1331244081049754,0.0001729940536439,-0.2,0.0668755918950246
linear_gaussian,303,1701,edm,extrapolated,0.05,0,0.1855001083693756,0.0002862250361085,0.8,-0.6144998916306245
linear_gaussian,303,1701,edm,extrapolated,0.05,1,0.0539115396462356,0.000119428239926,0.5,-0.4460884603537643
linear_gaussian,303,1701,edm,extrapolated,0.05,2,-0.1330989796932339,0.0001730896132745,-0.2,0.066901020306766
bimodal,202,0,gp_rbf,central,0.2,0,1.8840847835202987,1.4110736316319324e-06,2.25,-0.3659152164797012
bimodal,202,0,gp_rbf,central,0.2,1,0.6909918494370547,5.460543163252114e-06,1.05,-0.3590081505629453
bimodal,202,0,gp_rbf,central,0.2,2,-0.264105747157976,3.1124845870141454e-06,-0.35,0.0858942528420239
bimodal,202,0,gp_rbf,central,0.1,0,1.8724212518002232,7.184556688432128e-07,2.25,-0.3775787481997767
bimodal,202,0,gp_rbf,central,0.1,1,0.6661797614324314,2.780264690824462e-06,1.05,-0.3838202385675686
bimodal,202,0,gp_rbf,central,0.1,2,-0.2542149048481004,1.5847381359553555e-06,-0.35,0.0957850951518995
bimodal,202,0,gp_rbf,central,0.05,0,1.8689664830865047,5.671213006466851e-07,2.25,-0.3810335169134953
bimodal,202,0,gp_rbf,central,0.05,1,0.6595875251714222,2.1946341202986276e-06,1.05,-0.3904124748285779
bimodal,202,0,gp_rbf,central,0.05,2,-0.2515225254068955,1.250931395615271e-06,-0.35,0.0984774745931044
bimodal,202,0,gp_rbf,boundary,0.2,0,0.3025473069131847,0.001530683750948,0.9347346089919524,-0.6321873020787676
bimodal,202,0,gp_rbf,boundary,0.2,1,0.3006243352613897,0.0009093089936457,0.7678045486315878,-0.467180213370198
bimodal,202,0,gp_rbf,boundary,0.2,2,-0.1968166732588452,0.0006301653106582,-0.2730376041722512,0.0762209309134059
bimodal,202,0,gp_rbf,boundary,0.1,0,0.2777557261967241,0.0011807605126065,0.9347346089919524,-0.6569788827952281
bimodal,202,0,gp_rbf,boundary,0.1,1,0.2760597861947267,0.0007014356510857,0.7678045486315878,-0.491744762436861
bimodal,202,0,gp_rbf,boundary,0.1,2,-0.1986571819936168,0.0004861058430739,-0.2730376041722512,0.0743804221786344
bimodal,202,0,gp_rbf,boundary,0.05,0,0.2711246362964152,0.0010843940495334,0.9347346089919524,-0.6636099726955371
bimodal,202,0,gp_rbf,boundary,0.05,1,0.2694207461160254,0.0006441887563483,0.7678045486315878,-0.4983838025155623
bimodal,202,0,gp_rbf,boundary,0.05,2,-0.1990550207039804,0.0004464328524258,-0.2730376041722512,0.0739825834682708
bimodal,202,0,gp_rbf,extrapolated,0.2,0,-0.2483466276527208,0.0002322016712461,1.0442146957146352,-1.292561323367356
bimodal,202,0,gp_rbf,extrapolated,0.2,1,-0.2211353661065764,6.793504734452592e-05,0.5146257246757381,-0.7357610907823144
bimodal,202,0,gp_rbf,extrapolated,0.2,2,0.1012896876008001,0.000144345502859,-0.203988834002474,0.3052785216032742
bimodal,202,0,gp_rbf,extrapolated,0.1,0,-0.2362875499457648,0.0001777184613201,1.0442146957146352,-1.2805022456604
bimodal,202,0,gp_rbf,extrapolated,0.1,1,-0.2136539448114275,5.199494051413377e-05,0.5146257246757381,-0.7282796694871656
bimodal,202,0,gp_rbf,extrapolated,0.1,2,0.0979670758038511,0.0001104766409689,-0.203988834002474,0.3019559098063252
bimodal,202,0,gp_rbf,extrapolated,0.05,0,-0.2332280221741175,0.0001648262468108,1.0442146957146352,-1.2774427178887529
bimodal,202,0,gp_rbf,extrapolated,0.05,1,-0.2117203283132126,4.822307617609381e-05,0.5146257246757381,-0.7263460529889507
bimodal,202,0,gp_rbf,extrapolated,0.05,2,0.0971068059956906,0.0001024623438445,-0.203988834002474,0.3010956399981647
bimodal,202,1701,gaussian_diag,central,0.2,0,1.9389710304762808,0.001922658685589,2.25,-0.3110289695237194
bimodal,202,1701,gaussian_diag,central,0.2,1,0.976078184392982,0.0003858665274595,1.05,-0.073921815607018
bimodal,202,1701,gaussian_diag,central,0.2,2,-0.2853268782912917,0.0001173890369466,-0.35,0.0646731217087082
bimodal,202,1701,gaussian_diag,central,0.1,0,1.94608385486056,0.0020459664647435,2.25,-0.3039161451394401
bimodal,202,1701,gaussian_diag,central,0.1,1,0.976063393323347,0.0004221033012814,1.05,-0.073936606676653
bimodal,202,1701,gaussian_diag,central,0.1,2,-0.2848051985403971,0.0001158601847291,-0.35,0.0651948014596028
bimodal,202,1701,gaussian_diag,central,0.05,0,1.9478829720510895,0.0020780599380923,2.25,-0.3021170279489105
bimodal,202,1701,gaussian_diag,central,0.05,1,0.9760396229726804,0.0004315922693176,1.05,-0.0739603770273197
bimodal,202,1701,gaussian_diag,central,0.05,2,-0.2846634261981154,0.0001154246030372,-0.35,0.0653365738018845
bimodal,202,1701,gaussian_diag,boundary,0.2,0,1.4453273405190403,0.0052716795316164,0.9347346089919524,0.5105927315270883
bimodal,202,1701,gaussian_diag,boundary,0.2,1,0.8382599157460926,0.002264277099836,0.7678045486315878,0.0704553671145048
bimodal,202,1701,gaussian_diag,boundary,0.2,2,-0.2911189574480735,9.45732289571831e-05,-0.2730376041722512,-0.0180813532758222
bimodal,202,1701,gaussian_diag,boundary,0.1,0,1.4551316368845233,0.0054004211006046,0.9347346089919524,0.520397027892571
bimodal,202,1701,gaussian_diag,boundary,0.1,1,0.8469898927137368,0.0023129267330988,0.7678045486315878,0.079185344082149
bimodal,202,1701,gaussian_diag,boundary,0.1,2,-0.2949853294739233,0.0001027509958977,-0.2730376041722512,-0.0219477253016721
bimodal,202,1701,gaussian_diag,boundary,0.05,0,1.4576568537902492,0.0054327669923198,0.9347346089919524,0.522922244798297
bimodal,202,1701,gaussian_diag,boundary,0.05,1,0.8492238185223125,0.0023252735698869,0.7678045486315878,0.0814192698907247
bimodal,202,1701,gaussian_diag,boundary,0.05,2,-0.295971465162857,0.0001048724388329,-0.2730376041722512,-0.0229338609906057
bimodal,202,1701,gaussian_diag,extrapolated,0.2,0,-0.0574945400853747,0.0010340636451132,1.0442146957146352,-1.10170923580001
bimodal,202,1701,gaussian_diag,extrapolated,0.2,1,-0.1322171029466284,9.693297805012316e-06,0.5146257246757381,-0.6468428276223666
bimodal,202,1701,gaussian_diag,extrapolated,0.2,2,0.1085586464226843,0.0004778258777107,-0.203988834002474,0.3125474804251584
bimodal,202,1701,gaussian_diag,extrapolated,0.1,0,-0.0592800546152486,0.0010422858035124,1.0442146957146352,-1.103494750329884
bimodal,202,1701,gaussian_diag,extrapolated,0.1,1,-0.1333995405164079,1.2672810595007444e-05,0.5146257246757381,-0.648025265192146
bimodal,202,1701,gaussian_diag,extrapolated,0.1,2,0.1090440866186742,0.0004790676461027,-0.203988834002474,0.3130329206211483
bimodal,202,1701,gaussian_diag,extrapolated,0.05,0,-0.0597205686395637,0.0010443320541701,1.0442146957146352,-1.1039352643541989
bimodal,202,1701,gaussian_diag,extrapolated,0.05,1,-0.133690665750256,1.3409051250446176e-05,0.5146257246757381,-0.6483163904259941
bimodal,202,1701,gaussian_diag,extrapolated,0.05,2,0.1091633926563517,0.0004793753915849,-0.203988834002474,0.3131522266588258
linear_gaussian,101,1701,gaussian_diag,central,0.2,0,0.7614184458512637,6.149544486021998e-05,0.8,-0.0385815541487363
linear_gaussian,101,1701,gaussian_diag,central,0.2,1,0.6460161339795915,0.00039388222149,0.5,0.1460161339795914
linear_gaussian,101,1701,gaussian_diag,central,0.2,2,-0.3823233251236797,0.0002041816168195,-0.2,-0.1823233251236797
linear_gaussian,101,1701,gaussian_diag,central,0.1,0,0.7581795860015569,6.783758423616332e-05,0.8,-0.0418204139984431
linear_gaussian,101,1701,gaussian_diag,central,0.1,1,0.6530870798460406,0.000385152761258,0.5,0.1530870798460406
linear_gaussian,101,1701,gaussian_diag,central,0.1,2,-0.3929610709701186,0.0002261469975538,-0.2,-0.1929610709701186
linear_gaussian,101,1701,gaussian_diag,central,0.05,0,0.7573334144850138,6.950469621086465e-05,0.8,-0.0426665855149862
linear_gaussian,101,1701,gaussian_diag,central,0.05,1,0.6549178895210394,0.0003827995244563,0.5,0.1549178895210393
linear_gaussian,101,1701,gaussian_diag,central,0.05,2,-0.3956948992066416,0.0002317264621954,-0.2,-0.1956948992066416
linear_gaussian,101,1701,gaussian_diag,boundary,0.2,0,0.8291350953254334,0.0005921804583327,0.8,0.0291350953254333
linear_gaussian,101,1701,gaussian_diag,boundary,0.2,1,0.4035747459347046,0.0001015138599473,0.5,-0.0964252540652954
linear_gaussian,101,1701,gaussian_diag,boundary,0.2,2,0.027266686200309,0.0023969071779377,-0.2,0.227266686200309
linear_gaussian,101,1701,gaussian_diag,boundary,0.1,0,0.8401116802281448,0.0005842563917024,0.8,0.0401116802281447
linear_gaussian,101,1701,gaussian_diag,boundary,0.1,1,0.4090370304071859,0.0001007639788962,0.5,-0.090962969592814
linear_gaussian,101,1701,gaussian_diag,boundary,0.1,2,0.0330800402627144,0.0024781546367553,-0.2,0.2330800402627144
linear_gaussian,101,1701,gaussian_diag,boundary,0.05,0,0.8429464517962874,0.0005822000834459,0.8,0.0429464517962873
linear_gaussian,101,1701,gaussian_diag,boundary,0.05,1,0.4104688262651949,0.0001005562183443,0.5,-0.089531173734805
linear_gaussian,101,1701,gaussian_diag,boundary,0.05,2,0.0345688790691232,0.0024989824198395,-0.2,0.2345688790691232
linear_gaussian,101,1701,gaussian_diag,extrapolated,0.2,0,0.0129469620448804,0.0005671712439581,0.8,-0.7870530379551196
linear_gaussian,101,1701,gaussian_diag,extrapolated,0.2,1,-0.1145537808828908,7.312272045466127e-05,0.5,-0.6145537808828909
linear_gaussian,101,1701,gaussian_diag,extrapolated,0.2,2,0.0427332061446232,0.0001557986246959,-0.2,0.2427332061446232
linear_gaussian,101,1701,gaussian_diag,extrapolated,0.1,0,0.0116746618341767,0.0005649526838703,0.8,-0.7883253381658233
linear_gaussian,101,1701,gaussian_diag,extrapolated,0.1,1,-0.1157065270236223,7.346958132487883e-05,0.5,-0.6157065270236224
linear_gaussian,101,1701,gaussian_diag,extrapolated,0.1,2,0.0421609205743402,0.0001568644058867,-0.2,0.2421609205743403
linear_gaussian,101,1701,gaussian_diag,extrapolated,0.05,0,0.0113590658083769,0.0005643840092723,0.8,-0.7886409341916231
linear_gaussian,101,1701,gaussian_diag,extrapolated,0.05,1,-0.1159942762505938,7.35539299966336e-05,0.5,-0.6159942762505939
linear_gaussian,101,1701,gaussian_diag,extrapolated,0.05,2,0.0420181436582688,0.0001571308174037,-0.2,0.2420181436582689
heavy_tailed,303,2903,mdn4,central,0.2,0,1.5364206476124966,0.0071230623469126,1.6,-0.0635793523875034
heavy_tailed,303,2903,mdn4,central,0.2,1,0.3917914204747663,0.0068104634720181,0.5,-0.1082085795252336
heavy_tailed,303,2903,mdn4,central,0.2,2,-0.1909219922719782,0.0047788630738691,-0.2,0.0090780077280217
heavy_tailed,303,2903,mdn4,central,0.1,0,1.560061502545528,0.0051866678179881,1.6,-0.039938497454472
heavy_tailed,303,2903,mdn4,central,0.1,1,0.3956565931237842,0.0084498043463576,0.5,-0.1043434068762157
heavy_tailed,303,2903,mdn4,central,0.1,2,-0.1944156618631621,0.0084114682650177,-0.2,0.0055843381368378
heavy_tailed,303,2903,mdn4,central,0.05,0,1.5657644818418224,0.0083893927340631,1.6,-0.0342355181581777
heavy_tailed,303,2903,mdn4,central,0.05,1,0.3928571438221377,0.0079966465634254,0.5,-0.1071428561778622
heavy_tailed,303,2903,mdn4,central,0.05,2,-0.1934668684464541,0.0020760489499175,-0.2,0.0065331315535458
heavy_tailed,303,2903,mdn4,boundary,0.2,0,0.702905463194372,0.0020169226998803,0.6182383242455304,0.0846671389488415
heavy_tailed,303,2903,mdn4,boundary,0.2,1,0.4826438546669762,0.006113721712979,0.5,-0.0173561453330237
heavy_tailed,303,2903,mdn4,boundary,0.2,2,-0.1495045729766208,0.0035516599086802,-0.2,0.0504954270233792
heavy_tailed,303,2903,mdn4,boundary,0.1,0,0.6941269483689334,0.0030968017835819,0.6182383242455304,0.075888624123403
heavy_tailed,303,2903,mdn4,boundary,0.1,1,0.4895831551209036,0.0144016907228088,0.5,-0.0104168448790963
heavy_tailed,303,2903,mdn4,boundary,0.1,2,-0.1551156951591994,0.012586853525855,-0.2,0.0448843048408006
heavy_tailed,303,2903,mdn4,boundary,0.05,0,0.6943361399654161,0.0043917034550403,0.6182383242455304,0.0760978157198857
heavy_tailed,303,2903,mdn4,boundary,0.05,1,0.4926720545904241,0.0274111744224104,0.5,-0.0073279454095758
heavy_tailed,303,2903,mdn4,boundary,0.05,2,-0.1511913938217257,0.0290677101814551,-0.2,0.0488086061782742
heavy_tailed,303,2903,mdn4,extrapolated,0.2,0,0.1255326434362695,0.0011642263740062,1.026929748370581,-0.9013971049343116
heavy_tailed,303,2903,mdn4,extrapolated,0.2,1,-0.0854588050991724,0.0080328676126103,0.5,-0.5854588050991725
heavy_tailed,303,2903,mdn4,extrapolated,0.2,2,0.1433852120736375,0.0029326384269345,-0.2,0.3433852120736375
heavy_tailed,303,2903,mdn4,extrapolated,0.1,0,0.1292971123344336,0.0023001852053185,1.026929748370581,-0.8976326360361474
heavy_tailed,303,2903,mdn4,extrapolated,0.1,1,-0.0715418278737667,0.0097312454313104,0.5,-0.5715418278737667
heavy_tailed,303,2903,mdn4,extrapolated,0.1,2,0.14275653777439,0.0044252520957765,-0.2,0.34275653777439
heavy_tailed,303,2903,mdn4,extrapolated,0.05,0,0.1296082260026591,0.0033318420983314,1.026929748370581,-0.897321522367922
heavy_tailed,303,2903,mdn4,extrapolated,0.05,1,-0.0763489526147709,0.010549536614583,0.5,-0.5763489526147709
heavy_tailed,303,2903,mdn4,extrapolated,0.05,2,0.1448916224892039,0.0045086970225852,-0.2,0.344891622489204
heavy_tailed,303,1701,transformer_mdn4,central,0.2,0,1.6223061086676502,0.0029687051751038,1.6,0.0223061086676501
heavy_tailed,303,1701,transformer_mdn4,central,0.2,1,0.4379724566061473,0.0015236584807226,0.5,-0.0620275433938526
heavy_tailed,303,1701,transformer_mdn4,central,0.2,2,-0.324843757115998,0.0032700357848065,-0.2,-0.1248437571159979
heavy_tailed,303,1701,transformer_mdn4,central,0.1,0,1.6497955409564746,0.0028776759826074,1.6,0.0497955409564745
heavy_tailed,303,1701,transformer_mdn4,central,0.1,1,0.4341956821142433,0.0026478622501619,0.5,-0.0658043178857566
heavy_tailed,303,1701,transformer_mdn4,central,0.1,2,-0.3863316027445663,0.0077092879741791,-0.2,-0.1863316027445662
heavy_tailed,303,1701,transformer_mdn4,central,0.05,0,1.6600209495691474,0.0079538099239658,1.6,0.0600209495691472
heavy_tailed,303,1701,transformer_mdn4,central,0.05,1,0.4294799056720839,0.0044230558548565,0.5,-0.070520094327916
heavy_tailed,303,1701,transformer_mdn4,central,0.05,2,-0.4156378204330699,0.0133099823119778,-0.2,-0.2156378204330699
heavy_tailed,303,1701,transformer_mdn4,boundary,0.2,0,0.6655353673631881,0.0027673329047585,0.6182383242455304,0.0472970431176577
heavy_tailed,303,1701,transformer_mdn4,boundary,0.2,1,0.4166268640274455,0.000372152448613,0.5,-0.0833731359725544
heavy_tailed,303,1701,transformer_mdn4,boundary,0.2,2,-0.1188728318965151,0.0099543817322497,-0.2,0.0811271681034848
heavy_tailed,303,1701,transformer_mdn4,boundary,0.1,0,0.6598521399413463,0.0043032329568978,0.6182383242455304,0.0416138156958159
heavy_tailed,303,1701,transformer_mdn4,boundary,0.1,1,0.4185541146777633,0.0032843680644735,0.5,-0.0814458853222366
heavy_tailed,303,1701,transformer_mdn4,boundary,0.1,2,-0.1208321839781892,0.0176741819066746,-0.2,0.0791678160218107
heavy_tailed,303,1701,transformer_mdn4,boundary,0.05,0,0.6570721297249523,0.0039814239715799,0.6182383242455304,0.0388338054794219
heavy_tailed,303,1701,transformer_mdn4,boundary,0.05,1,0.4174439616780961,0.0065891399761909,0.5,-0.0825560383219038
heavy_tailed,303,1701,transformer_mdn4,boundary,0.05,2,-0.1167921473332964,0.0174031444662051,-0.2,0.0832078526667036
heavy_tailed,303,1701,transformer_mdn4,extrapolated,0.2,0,0.0064850520085809,0.0021225675722237,1.026929748370581,-1.0204446963620002
heavy_tailed,303,1701,transformer_mdn4,extrapolated,0.2,1,-0.1676689769953293,0.0052450328373107,0.5,-0.6676689769953293
heavy_tailed,303,1701,transformer_mdn4,extrapolated,0.2,2,-0.0996262000136901,0.0014879011055885,-0.2,0.1003737999863098
heavy_tailed,303,1701,transformer_mdn4,extrapolated,0.1,0,0.0053578136983045,0.0018914397810787,1.026929748370581,-1.0215719346722765
heavy_tailed,303,1701,transformer_mdn4,extrapolated,0.1,1,-0.1666295452189579,0.0073208576551296,0.5,-0.6666295452189579
heavy_tailed,303,1701,transformer_mdn4,extrapolated,0.1,2,-0.1034792938151137,0.0028266189379483,-0.2,0.0965207061848862
heavy_tailed,303,1701,transformer_mdn4,extrapolated,0.05,0,-0.0005461545288606,0.0052132437049951,1.026929748370581,-1.0274759028994416
heavy_tailed,303,1701,transformer_mdn4,extrapolated,0.05,1,-0.1753669547953682,0.0166532875385761,0.5,-0.6753669547953682
heavy_tailed,303,1701,transformer_mdn4,extrapolated,0.05,2,-0.1037653654270714,0.0019936698347486,-0.2,0.0962346345729285
linear_gaussian,303,2903,transformer_mdn4,central,0.2,0,0.7266024347092306,0.003679254064601,0.8,-0.0733975652907694
linear_gaussian,303,2903,transformer_mdn4,central,0.2,1,0.4702748933977789,0.0018282199924258,0.5,-0.0297251066022211
linear_gaussian,303,2903,transformer_mdn4,central,0.2,2,-0.2430876208057756,0.0060139583393401,-0.2,-0.0430876208057755
linear_gaussian,303,2903,transformer_mdn4,central,0.1,0,0.7116678645264836,0.0045356355987838,0.8,-0.0883321354735164
linear_gaussian,303,2903,transformer_mdn4,central,0.1,1,0.4572298635297669,0.0027615320861286,0.5,-0.042770136470233
linear_gaussian,303,2903,transformer_mdn4,central,0.1,2,-0.2408243382102517,0.004259741986165,-0.2,-0.0408243382102517
linear_gaussian,303,2903,transformer_mdn4,central,0.05,0,0.7020879982959313,0.0073685443519259,0.8,-0.0979120017040687
linear_gaussian,303,2903,transformer_mdn4,central,0.05,1,0.4539844942940353,0.0012864375666688,0.5,-0.0460155057059646
linear_gaussian,303,2903,transformer_mdn4,central,0.05,2,-0.241177247336521,0.0047738528616034,-0.2,-0.041177247336521
linear_gaussian,303,2903,transformer_mdn4,boundary,0.2,0,0.728632954412738,0.002672808137904,0.8,-0.071367045587262
linear_gaussian,303,2903,transformer_mdn4,boundary,0.2,1,0.438200123913854,0.00893905682748,0.5,-0.0617998760861459
linear_gaussian,303,2903,transformer_mdn4,boundary,0.2,2,-0.1264673782941366,0.0037034789074922,-0.2,0.0735326217058634
linear_gaussian,303,2903,transformer_mdn4,boundary,0.1,0,0.73945415063895,0.0035377615837919,0.8,-0.06054584936105
linear_gaussian,303,2903,transformer_mdn4,boundary,0.1,1,0.4506900103592908,0.0079647712587653,0.5,-0.0493099896407092
linear_gaussian,303,2903,transformer_mdn4,boundary,0.1,2,-0.1242531565003356,0.0054257383544724,-0.2,0.0757468434996643
linear_gaussian,303,2903,transformer_mdn4,boundary,0.05,0,0.7430839824196044,0.0073259168188393,0.8,-0.0569160175803956
linear_gaussian,303,2903,transformer_mdn4,boundary,0.05,1,0.4403548656365408,0.022608597789682,0.5,-0.0596451343634591
linear_gaussian,303,2903,transformer_mdn4,boundary,0.05,2,-0.1246932014798151,0.0118706332727371,-0.2,0.0753067985201848
linear_gaussian,303,2903,transformer_mdn4,extrapolated,0.2,0,-0.0112054908587498,0.0013619857259228,0.8,-0.8112054908587498
linear_gaussian,303,2903,transformer_mdn4,extrapolated,0.2,1,-0.1355384928804671,0.001218716928535,0.5,-0.6355384928804672
linear_gaussian,303,2903,transformer_mdn4,extrapolated,0.2,2,0.0347056228152197,0.0004172199862464,-0.2,0.2347056228152197
linear_gaussian,303,2903,transformer_mdn4,extrapolated,0.1,0,-0.0134678087117049,0.0026445137683292,0.8,-0.813467808711705
linear_gaussian,303,2903,transformer_mdn4,extrapolated,0.1,1,-0.1346974730305703,0.0007920228326531,0.5,-0.6346974730305703
linear_gaussian,303,2903,transformer_mdn4,extrapolated,0.1,2,0.0340857104915151,0.0026043534555708,-0.2,0.2340857104915151
linear_gaussian,303,2903,transformer_mdn4,extrapolated,0.05,0,-0.0136554448199658,0.0011053598449074,0.8,-0.8136554448199659
linear_gaussian,303,2903,transformer_mdn4,extrapolated,0.05,1,-0.1367950558608906,0.0026601852988305,0.5,-0.6367950558608907
linear_gaussian,303,2903,transformer_mdn4,extrapolated,0.05,2,0.034398606902081,0.0024460946658559,-0.2,0.234398606902081
heavy_tailed,101,1701,student_rank2,central,0.2,0,1.5659667717064434,0.001626467635751,1.6,-0.0340332282935567
heavy_tailed,101,1701,student_rank2,central,0.2,1,0.5648476950485697,0.0013369990281689,0.5,0.0648476950485696
heavy_tailed,101,1701,student_rank2,central,0.2,2,-0.3677810974715673,0.000568986123844,-0.2,-0.1677810974715673
heavy_tailed,101,1701,student_rank2,central,0.1,0,1.5840927760375454,0.0016535634676285,1.6,-0.0159072239624546
heavy_tailed,101,1701,student_rank2,central,0.1,1,0.5678261054710787,0.0013621996550079,0.5,0.0678261054710787
heavy_tailed,101,1701,student_rank2,central,0.1,2,-0.378573322138525,0.0005886777783989,-0.2,-0.178573322138525
heavy_tailed,101,1701,student_rank2,central,0.05,0,1.5887530295634924,0.0016603280630198,1.6,-0.0112469704365076
heavy_tailed,101,1701,student_rank2,central,0.05,1,0.5685784156563736,0.0013687411769018,0.5,0.0685784156563735
heavy_tailed,101,1701,student_rank2,central,0.05,2,-0.3813633191975412,0.0005938626626086,-0.2,-0.1813633191975411
heavy_tailed,101,1701,student_rank2,boundary,0.2,0,0.8100089373942527,0.0005646355983485,0.6182383242455304,0.1917706131487223
heavy_tailed,101,1701,student_rank2,boundary,0.2,1,0.3632730509616415,0.0007427599825139,0.5,-0.1367269490383584
heavy_tailed,101,1701,student_rank2,boundary,0.2,2,-0.019528521260544,0.0025826154885877,-0.2,0.1804714787394559
heavy_tailed,101,1701,student_rank2,boundary,0.1,0,0.8075402033746141,0.0005728963937204,0.6182383242455304,0.1893018791290837
heavy_tailed,101,1701,student_rank2,boundary,0.1,1,0.3665980763760186,0.0007495006998734,0.5,-0.1334019236239814
heavy_tailed,101,1701,student_rank2,boundary,0.1,2,-0.0147600595871997,0.0025872804662199,-0.2,0.1852399404128002
heavy_tailed,101,1701,student_rank2,boundary,0.05,0,0.8069090191318843,0.0005748919776254,0.6182383242455304,0.1886706948863539
heavy_tailed,101,1701,student_rank2,boundary,0.05,1,0.3674583912880766,0.0007511567081357,0.5,-0.1325416087119233
heavy_tailed,101,1701,student_rank2,boundary,0.05,2,-0.0135451301728275,0.0025885181500535,-0.2,0.1864548698271725
heavy_tailed,101,1701,student_rank2,extrapolated,0.2,0,-0.0248698552879926,0.0004894782679764,1.026929748370581,-1.0517996036585735
heavy_tailed,101,1701,student_rank2,extrapolated,0.2,1,-0.0316217238460983,0.0013983886678988,0.5,-0.5316217238460983
heavy_tailed,101,1701,student_rank2,extrapolated,0.2,2,0.0143225410842991,0.0018818282972561,-0.2,0.2143225410842991
heavy_tailed,101,1701,student_rank2,extrapolated,0.1,0,-0.0260614416214096,0.0004904457111324,1.026929748370581,-1.0529911899919906
heavy_tailed,101,1701,student_rank2,extrapolated,0.1,1,-0.0324087633424371,0.0014001861603075,0.5,-0.5324087633424371
heavy_tailed,101,1701,student_rank2,extrapolated,0.1,2,0.0140958976871267,0.0018828379486138,-0.2,0.2140958976871267
heavy_tailed,101,1701,student_rank2,extrapolated,0.05,0,-0.0263578540159111,0.0004907014358209,1.026929748370581,-1.053287602386492
heavy_tailed,101,1701,student_rank2,extrapolated,0.05,1,-0.0326055006898721,0.0014006474210294,0.5,-0.5326055006898721
heavy_tailed,101,1701,student_rank2,extrapolated,0.05,2,0.0140411317388546,0.0018830844331827,-0.2,0.2140411317388546
heavy_tailed,303,1701,flow,central,0.2,0,1.4318619040393106,0.002002347040427,1.6,-0.1681380959606895
heavy_tailed,303,1701,flow,central,0.2,1,0.5646004891931008,0.0016837201104324,0.5,0.0646004891931008
heavy_tailed,303,1701,flow,central,0.2,2,-0.2732027571884755,0.0002994233594171,-0.2,-0.0732027571884754
heavy_tailed,303,1701,flow,central,0.1,0,1.4383814859738353,0.0020356313260665,1.6,-0.1616185140261647
heavy_tailed,303,1701,flow,central,0.1,1,0.56863552899965,0.0017116604769878,0.5,0.0686355289996499
heavy_tailed,303,1701,flow,central,0.1,2,-0.2752969534158925,0.0003031481264747,-0.2,-0.0752969534158924
heavy_tailed,303,1701,flow,central,0.05,0,1.4400252136585732,0.0020441456663966,1.6,-0.1599747863414269
heavy_tailed,303,1701,flow,central,0.05,1,0.5696576888567594,0.00171882004098,0.5,0.0696576888567593
heavy_tailed,303,1701,flow,central,0.05,2,-0.275830201636951,0.000304093881071,-0.2,-0.0758302016369509
heavy_tailed,303,1701,flow,boundary,0.2,0,1.0220422494013677,0.0008004162502813,0.6182383242455304,0.4038039251558373
heavy_tailed,303,1701,flow,boundary,0.2,1,0.4055685715800641,0.0015054218540362,0.5,-0.0944314284199359
heavy_tailed,303,1701,flow,boundary,0.2,2,-0.2009240017759805,0.0004604055119775,-0.2,-0.0009240017759804
heavy_tailed,303,1701,flow,boundary,0.1,0,1.021124481819795,0.0008214801914566,0.6182383242455304,0.4028861575742647
heavy_tailed,303,1701,flow,boundary,0.1,1,0.4050644320480514,0.0015065421185457,0.5,-0.0949355679519485
heavy_tailed,303,1701,flow,boundary,0.1,2,-0.2009857751236141,0.0004617206934776,-0.2,-0.0009857751236141
heavy_tailed,303,1701,flow,boundary,0.05,0,1.0208802570574986,0.0008268754347431,0.6182383242455304,0.4026419328119682
heavy_tailed,303,1701,flow,boundary,0.05,1,0.4049290835341928,0.0015067500517572,0.5,-0.0950709164658071
heavy_tailed,303,1701,flow,boundary,0.05,2,-0.2009975492408674,0.0004620375780142,-0.2,-0.0009975492408673
heavy_tailed,303,1701,flow,extrapolated,0.2,0,0.2813130854511462,0.0009163780429422,1.026929748370581,-0.7456166629194347
heavy_tailed,303,1701,flow,extrapolated,0.2,1,0.0802739070136602,0.0002012926936142,0.5,-0.4197260929863397
heavy_tailed,303,1701,flow,extrapolated,0.2,2,0.0261316259537247,0.0007481250790607,-0.2,0.2261316259537247
heavy_tailed,303,1701,flow,extrapolated,0.1,0,0.2805297046484378,0.00091736965914,1.026929748370581,-0.7464000437221432
heavy_tailed,303,1701,flow,extrapolated,0.1,1,0.0799016185302895,0.0002008984413242,0.5,-0.4200983814697104
heavy_tailed,303,1701,flow,extrapolated,0.1,2,0.0264067107331844,0.000747762564834,-0.2,0.2264067107331844
heavy_tailed,303,1701,flow,extrapolated,0.05,0,0.2803340253787996,0.0009176070749802,1.026929748370581,-0.7465957229917815
heavy_tailed,303,1701,flow,extrapolated,0.05,1,0.0798087277230626,0.0002008101248552,0.5,-0.4201912722769373
heavy_tailed,303,1701,flow,extrapolated,0.05,2,0.0264753435297315,0.0007476709888891,-0.2,0.2264753435297316
bimodal,101,2903,transformer_mdn4,central,0.2,0,2.004882905853969,0.0142907909613278,2.25,-0.2451170941460314
bimodal,101,2903,transformer_mdn4,central,0.2,1,0.8800934572251915,0.0070121654894071,1.05,-0.1699065427748085
bimodal,101,2903,transformer_mdn4,central,0.2,2,-0.4389913118052724,0.0025044512698546,-0.35,-0.0889913118052724
bimodal,101,2903,transformer_mdn4,central,0.1,0,1.9809024835607196,0.0296189186517146,2.25,-0.2690975164392803
bimodal,101,2903,transformer_mdn4,central,0.1,1,0.842305046506072,0.0182211401102585,1.05,-0.207694953493928
bimodal,101,2903,transformer_mdn4,central,0.1,2,-0.4517186424389612,0.0061705774006369,-0.35,-0.1017186424389612
bimodal,101,2903,transformer_mdn4,central,0.05,0,1.9704448843958795,0.0307987631181872,2.25,-0.2795551156041203
bimodal,101,2903,transformer_mdn4,central,0.05,1,0.8322006451950176,0.0224177610352542,1.05,-0.2177993548049824
bimodal,101,2903,transformer_mdn4,central,0.05,2,-0.4437309521901489,0.0100395614866333,-0.35,-0.0937309521901489
bimodal,101,2903,transformer_mdn4,boundary,0.2,0,0.8449136411378411,0.0084387032836015,0.9347346089919524,-0.0898209678541112
bimodal,101,2903,transformer_mdn4,boundary,0.2,1,0.5171033638015766,0.0087260319055545,0.7678045486315878,-0.2507011848300111
bimodal,101,2903,transformer_mdn4,boundary,0.2,2,-0.0842981984204291,0.0015492409080697,-0.2730376041722512,0.188739405751822
bimodal,101,2903,transformer_mdn4,boundary,0.1,0,0.8141293445158656,0.0081224271514121,0.9347346089919524,-0.1206052644760866
bimodal,101,2903,transformer_mdn4,boundary,0.1,1,0.4972946215570804,0.007810580616603,0.7678045486315878,-0.2705099270745073
bimodal,101,2903,transformer_mdn4,boundary,0.1,2,-0.0813109223136893,0.002817483722768,-0.2730376041722512,0.1917266818585619
bimodal,101,2903,transformer_mdn4,boundary,0.05,0,0.8261174883554075,0.0156107400882437,0.9347346089919524,-0.1086171206365447
bimodal,101,2903,transformer_mdn4,boundary,0.05,1,0.5094671145512438,0.0138721212501144,0.7678045486315878,-0.2583374340803439
bimodal,101,2903,transformer_mdn4,boundary,0.05,2,-0.0815767866600734,0.0051575805043296,-0.2730376041722512,0.1914608175121777
bimodal,101,2903,transformer_mdn4,extrapolated,0.2,0,0.0522626240249805,0.0028640024693989,1.0442146957146352,-0.9919520716896548
bimodal,101,2903,transformer_mdn4,extrapolated,0.2,1,0.0475366877754538,0.0015868753609614,0.5146257246757381,-0.4670890369002842
bimodal,101,2903,transformer_mdn4,extrapolated,0.2,2,-0.003612074692903,0.0008166321261418,-0.203988834002474,0.2003767593095709
bimodal,101,2903,transformer_mdn4,extrapolated,0.1,0,0.050192343166329,0.0026414377632321,1.0442146957146352,-0.9940223525483062
bimodal,101,2903,transformer_mdn4,extrapolated,0.1,1,0.0473422949768683,0.0015622351299047,0.5146257246757381,-0.4672834296988697
bimodal,101,2903,transformer_mdn4,extrapolated,0.1,2,-0.0068721779032435,0.0012006829035855,-0.203988834002474,0.1971166560992305
bimodal,101,2903,transformer_mdn4,extrapolated,0.05,0,0.0531980874630437,0.0057155840709792,1.0442146957146352,-0.9910166082515915
bimodal,101,2903,transformer_mdn4,extrapolated,0.05,1,0.0495439720207809,0.0073177919318074,0.5146257246757381,-0.4650817526549571
bimodal,101,2903,transformer_mdn4,extrapolated,0.05,2,-0.0026141966879261,0.0032729799814058,-0.203988834002474,0.2013746373145478
bimodal,303,2903,edm,central,0.2,0,1.8983352074587436,0.0031870296906922,2.25,-0.3516647925412564
bimodal,303,2903,edm,central,0.2,1,0.8969906218937703,0.0023929132180704,1.05,-0.1530093781062297
bimodal,303,2903,edm,central,0.2,2,-0.2771215413306084,0.0009327371119507,-0.35,0.0728784586693915
bimodal,303,2903,edm,central,0.1,0,1.9130932149213364,0.0033026174325505,2.25,-0.3369067850786635
bimodal,303,2903,edm,central,0.1,1,0.9065722983440152,0.0024608626348236,1.05,-0.1434277016559847
bimodal,303,2903,edm,central,0.1,2,-0.280469362214021,0.0009647976812712,-0.35,0.0695306377859789
bimodal,303,2903,edm,central,0.05,0,1.916863239226789,0.0033326329412374,2.25,-0.3331367607732109
bimodal,303,2903,edm,central,0.05,1,0.909024725888476,0.00247876029415,1.05,-0.140975274111524
bimodal,303,2903,edm,central,0.05,2,-0.2813314299826329,0.0009731844744128,-0.35,0.068668570017367
bimodal,303,2903,edm,boundary,0.2,0,1.164659373664778,0.0021661604658765,0.9347346089919524,0.2299247646728256
bimodal,303,2903,edm,boundary,0.2,1,0.5154510651904719,0.0011329518112297,0.7678045486315878,-0.2523534834411158
bimodal,303,2903,edm,boundary,0.2,2,-0.1346557229347024,0.0008460544105896,-0.2730376041722512,0.1383818812375488
bimodal,303,2903,edm,boundary,0.1,0,1.1611111515771146,0.0021915031582121,0.9347346089919524,0.2263765425851623
bimodal,303,2903,edm,boundary,0.1,1,0.5132318890606732,0.0011498556214099,0.7678045486315878,-0.2545726595709146
bimodal,303,2903,edm,boundary,0.1,2,-0.1344093364468711,0.0008428662037657,-0.2730376041722512,0.13862826772538
bimodal,303,2903,edm,boundary,0.05,0,1.1602074697157625,0.0021977956445659,0.9347346089919524,0.22547286072381
bimodal,303,2903,edm,boundary,0.05,1,0.5126658569154899,0.0011541172342115,0.7678045486315878,-0.2551386917160978
bimodal,303,2903,edm,boundary,0.05,2,-0.1343462424164615,0.0008420614400266,-0.2730376041722512,0.1386913617557896
bimodal,303,2903,edm,extrapolated,0.2,0,0.3276891162871058,0.0002123842143547,1.0442146957146352,-0.7165255794275294
bimodal,303,2903,edm,extrapolated,0.2,1,0.0734859323017135,0.0005020902554823,0.5146257246757381,-0.4411397923740245
bimodal,303,2903,edm,extrapolated,0.2,2,0.0619089778479304,0.0006877997298838,-0.203988834002474,0.2658978118504045
bimodal,303,2903,edm,extrapolated,0.1,0,0.3263412920882176,0.0002138313058086,1.0442146957146352,-0.7178734036264176
bimodal,303,2903,edm,extrapolated,0.1,1,0.0729202749089245,0.000504595662619,0.5146257246757381,-0.4417054497668135
bimodal,303,2903,edm,extrapolated,0.1,2,0.062369074830799,0.0006869504968157,-0.203988834002474,0.2663579088332731
bimodal,303,2903,edm,extrapolated,0.05,0,0.3260040215447546,0.0002141681711618,1.0442146957146352,-0.7182106741698806
bimodal,303,2903,edm,extrapolated,0.05,1,0.0727778115753097,0.0005052262596418,0.5146257246757381,-0.4418479131004283
bimodal,303,2903,edm,extrapolated,0.05,2,0.0624844239050459,0.000686736100657,-0.203988834002474,0.2664732579075199
heavy_tailed,303,2903,student_rank2,central,0.2,0,1.5889895241377914,0.0064952457824433,1.6,-0.0110104758622087
heavy_tailed,303,2903,student_rank2,central,0.2,1,0.5140633550388464,0.0055718731074968,0.5,0.0140633550388463
heavy_tailed,303,2903,student_rank2,central,0.2,2,-0.2339172153347694,0.0032722363570736,-0.2,-0.0339172153347694
heavy_tailed,303,2903,student_rank2,central,0.1,0,1.6095013947786734,0.0065510822243552,1.6,0.0095013947786732
heavy_tailed,303,2903,student_rank2,central,0.1,1,0.5154269489319371,0.0055586551345725,0.5,0.015426948931937
heavy_tailed,303,2903,student_rank2,central,0.1,2,-0.2365728727187236,0.0033507153547094,-0.2,-0.0365728727187236
heavy_tailed,303,2903,student_rank2,central,0.05,0,1.6147166135911704,0.0065655531965188,1.6,0.0147166135911702
heavy_tailed,303,2903,student_rank2,central,0.05,1,0.5157552138245892,0.0055549366879603,0.5,0.0157552138245892
heavy_tailed,303,2903,student_rank2,central,0.05,2,-0.2372631456093411,0.0033711087218998,-0.2,-0.0372631456093411
heavy_tailed,303,2903,student_rank2,boundary,0.2,0,0.6430540387533982,0.0024522142986789,0.6182383242455304,0.0248157145078677
heavy_tailed,303,2903,student_rank2,boundary,0.2,1,0.4041633948202328,0.0029805189980196,0.5,-0.0958366051797671
heavy_tailed,303,2903,student_rank2,boundary,0.2,2,-0.1425982510047199,0.0013899421023398,-0.2,0.05740174899528
heavy_tailed,303,2903,student_rank2,boundary,0.1,0,0.6369594066573617,0.0024543042883525,0.6182383242455304,0.0187210824118313
heavy_tailed,303,2903,student_rank2,boundary,0.1,1,0.4040332349364339,0.0030018110800329,0.5,-0.095966765063566
heavy_tailed,303,2903,student_rank2,boundary,0.1,2,-0.1415056115476284,0.0013845876881825,-0.2,0.0584943884523716
heavy_tailed,303,2903,student_rank2,boundary,0.05,0,0.6354198957828427,0.0024546634762113,0.6182383242455304,0.0171815715373123
heavy_tailed,303,2903,student_rank2,boundary,0.05,1,0.403996859604015,0.0030071834066119,0.5,-0.0960031403959849
heavy_tailed,303,2903,student_rank2,boundary,0.05,2,-0.1412127256697522,0.0013831873072371,-0.2,0.0587872743302477
heavy_tailed,303,2903,student_rank2,extrapolated,0.2,0,0.0771546465197362,0.0002350330102891,1.026929748370581,-0.9497751018508448
heavy_tailed,303,2903,student_rank2,extrapolated,0.2,1,0.1731133603319127,0.0013586711745537,0.5,-0.3268866396680873
heavy_tailed,303,2903,student_rank2,extrapolated,0.2,2,0.0419067092502883,0.0007147953406437,-0.2,0.2419067092502883
heavy_tailed,303,2903,student_rank2,extrapolated,0.1,0,0.0764870765508244,0.0002368914513331,1.026929748370581,-0.9504426718197566
heavy_tailed,303,2903,student_rank2,extrapolated,0.1,1,0.1728475962786333,0.0013541822496881,0.5,-0.3271524037213666
heavy_tailed,303,2903,student_rank2,extrapolated,0.1,2,0.0420954440850356,0.0007123379608377,-0.2,0.2420954440850357
heavy_tailed,303,2903,student_rank2,extrapolated,0.05,0,0.0763212463594609,0.0002373609044707,1.026929748370581,-0.95060850201112
heavy_tailed,303,2903,student_rank2,extrapolated,0.05,1,0.1727813771387868,0.0013530412021029,0.5,-0.3272186228612131
heavy_tailed,303,2903,student_rank2,extrapolated,0.05,2,0.0421416006988582,0.0007117001031223,-0.2,0.2421416006988582
linear_gaussian,101,0,ridge,central,0.2,0,0.7840740241497198,3.2049378106392735e-16,0.8,-0.0159259758502802
linear_gaussian,101,0,ridge,central,0.2,1,0.5070892248736835,3.299685432320659e-16,0.5,0.0070892248736834
linear_gaussian,101,0,ridge,central,0.2,2,-0.2091773230650192,6.985000018454545e-17,-0.2,-0.0091773230650192
linear_gaussian,101,0,ridge,central,0.1,0,0.7840740241497208,7.266096582219055e-16,0.8,-0.0159259758502792
linear_gaussian,101,0,ridge,central,0.1,1,0.5070892248736834,4.5324665183683945e-17,0.5,0.0070892248736833
linear_gaussian,101,0,ridge,central,0.1,2,-0.2091773230650192,6.607148558400768e-17,-0.2,-0.0091773230650192
linear_gaussian,101,0,ridge,central,0.05,0,0.78407402414972,4.275920361596572e-16,0.8,-0.0159259758502799
linear_gaussian,101,0,ridge,central,0.05,1,0.5070892248736832,2.3111135221866393e-16,0.5,0.0070892248736832
linear_gaussian,101,0,ridge,central,0.05,2,-0.2091773230650194,8.479468414379335e-17,-0.2,-0.0091773230650194
linear_gaussian,101,0,ridge,boundary,0.2,0,0.7840740241497212,6.707437923744494e-16,0.8,-0.0159259758502788
linear_gaussian,101,0,ridge,boundary,0.2,1,0.5070892248736828,7.209329333060755e-16,0.5,0.0070892248736827
linear_gaussian,101,0,ridge,boundary,0.2,2,-0.2091773230650197,9.95402812293807e-16,-0.2,-0.0091773230650197
linear_gaussian,101,0,ridge,boundary,0.1,0,0.7840740241497194,1.5811748348850877e-15,0.8,-0.0159259758502806
linear_gaussian,101,0,ridge,boundary,0.1,1,0.5070892248736775,9.098863035716385e-16,0.5,0.0070892248736774
linear_gaussian,101,0,ridge,boundary,0.1,2,-0.2091773230650179,9.845733790200245e-16,-0.2,-0.0091773230650178
linear_gaussian,101,0,ridge,boundary,0.05,0,0.7840740241497168,6.505313262608409e-15,0.8,-0.0159259758502832
linear_gaussian,101,0,ridge,boundary,0.05,1,0.5070892248736839,2.978006415022363e-15,0.5,0.0070892248736839
linear_gaussian,101,0,ridge,boundary,0.05,2,-0.2091773230650221,2.575616721443045e-15,-0.2,-0.0091773230650221
linear_gaussian,101,0,ridge,extrapolated,0.2,0,0.7840740241497204,4.800350674544976e-15,0.8,-0.0159259758502796
linear_gaussian,101,0,ridge,extrapolated,0.2,1,0.5070892248736788,7.282617359108946e-15,0.5,0.0070892248736788
linear_gaussian,101,0,ridge,extrapolated,0.2,2,-0.2091773230650169,1.1804552140716639e-15,-0.2,-0.0091773230650168
linear_gaussian,101,0,ridge,extrapolated,0.1,0,0.7840740241497227,4.637092046001957e-15,0.8,-0.0159259758502773
linear_gaussian,101,0,ridge,extrapolated,0.1,1,0.5070892248736836,9.244454088746558e-15,0.5,0.0070892248736835
linear_gaussian,101,0,ridge,extrapolated,0.1,2,-0.2091773230650215,3.2527158417476457e-15,-0.2,-0.0091773230650214
linear_gaussian,101,0,ridge,extrapolated,0.05,0,0.784074024149736,4.121056544172368e-15,0.8,-0.015925975850264
linear_gaussian,101,0,ridge,extrapolated,0.05,1,0.5070892248736655,1.9956599858119325e-14,0.5,0.0070892248736654
linear_gaussian,101,0,ridge,extrapolated,0.05,2,-0.209177323065024,1.110223024625157e-15,-0.2,-0.009177323065024
nonlinear_heteroskedastic,303,2903,transformer_mdn4,central,0.2,0,1.5426348222097854,0.0037510264310195,1.6,-0.0573651777902146
nonlinear_heteroskedastic,303,2903,transformer_mdn4,central,0.2,1,0.4013615313271413,0.0042972510854053,0.5,-0.0986384686728586
nonlinear_heteroskedastic,303,2903,transformer_mdn4,central,0.2,2,-0.2324629462437948,0.0020150442839484,-0.2,-0.0324629462437948
nonlinear_heteroskedastic,303,2903,transformer_mdn4,central,0.1,0,1.5577471392939233,0.0045682060266853,1.6,-0.0422528607060768
nonlinear_heteroskedastic,303,2903,transformer_mdn4,central,0.1,1,0.3818303099114013,0.0059930690861026,0.5,-0.1181696900885986
nonlinear_heteroskedastic,303,2903,transformer_mdn4,central,0.1,2,-0.2414398777475363,0.0031218532705309,-0.2,-0.0414398777475363
nonlinear_heteroskedastic,303,2903,transformer_mdn4,central,0.05,0,1.5596766517428708,0.006789727101203,1.6,-0.0403233482571292
nonlinear_heteroskedastic,303,2903,transformer_mdn4,central,0.05,1,0.3789040042338852,0.0032092042433603,0.5,-0.1210959957661148
nonlinear_heteroskedastic,303,2903,transformer_mdn4,central,0.05,2,-0.2497218638614856,0.0009408144046611,-0.2,-0.0497218638614856
nonlinear_heteroskedastic,303,2903,transformer_mdn4,boundary,0.2,0,0.6770413394626064,0.0028811590597431,0.6182383242455304,0.0588030152170759
nonlinear_heteroskedastic,303,2903,transformer_mdn4,boundary,0.2,1,0.377802807283663,0.0068590724579407,0.5,-0.122197192716337
nonlinear_heteroskedastic,303,2903,transformer_mdn4,boundary,0.2,2,-0.1530612476197622,0.0028767160570929,-0.2,0.0469387523802377
nonlinear_heteroskedastic,303,2903,transformer_mdn4,boundary,0.1,0,0.6661610781102293,0.0039258662208678,0.6182383242455304,0.0479227538646989
nonlinear_heteroskedastic,303,2903,transformer_mdn4,boundary,0.1,1,0.3738798907612539,0.0053578379553657,0.5,-0.126120109238746
nonlinear_heteroskedastic,303,2903,transformer_mdn4,boundary,0.1,2,-0.153639379915218,0.0022186424887183,-0.2,0.0463606200847819
nonlinear_heteroskedastic,303,2903,transformer_mdn4,boundary,0.05,0,0.6558545977225161,0.0057502428609624,0.6182383242455304,0.0376162734769857
nonlinear_heteroskedastic,303,2903,transformer_mdn4,boundary,0.05,1,0.359963750293383,0.0019323097793614,0.5,-0.140036249706617
nonlinear_heteroskedastic,303,2903,transformer_mdn4,boundary,0.05,2,-0.1519685265032717,0.002683541174744,-0.2,0.0480314734967282
nonlinear_heteroskedastic,303,2903,transformer_mdn4,extrapolated,0.2,0,0.0508184609283285,0.0004573933711933,1.026929748370581,-0.9761112874422524
nonlinear_heteroskedastic,303,2903,transformer_mdn4,extrapolated,0.2,1,-0.0483834445207649,0.0023241934220632,0.5,-0.5483834445207649
nonlinear_heteroskedastic,303,2903,transformer_mdn4,extrapolated,0.2,2,0.0533881793832996,0.000856405702734,-0.2,0.2533881793832996
nonlinear_heteroskedastic,303,2903,transformer_mdn4,extrapolated,0.1,0,0.0505811106567251,0.0004976505441107,1.026929748370581,-0.9763486377138558
nonlinear_heteroskedastic,303,2903,transformer_mdn4,extrapolated,0.1,1,-0.0503139829626484,0.0017633769929085,0.5,-0.5503139829626484
nonlinear_heteroskedastic,303,2903,transformer_mdn4,extrapolated,0.1,2,0.0534698935850417,0.0015381332587074,-0.2,0.2534698935850418
nonlinear_heteroskedastic,303,2903,transformer_mdn4,extrapolated,0.05,0,0.0472074188047932,0.0011318254775929,1.026929748370581,-0.9797223295657878
nonlinear_heteroskedastic,303,2903,transformer_mdn4,extrapolated,0.05,1,-0.0474748056558508,0.0041124088757987,0.5,-0.5474748056558508
nonlinear_heteroskedastic,303,2903,transformer_mdn4,extrapolated,0.05,2,0.0494394448141144,0.000642989295404,-0.2,0.2494394448141144
linear_gaussian,303,2903,flow,central,0.2,0,0.845894415943074,0.00021048304852,0.8,0.0458944159430739
linear_gaussian,303,2903,flow,central,0.2,1,0.5269755422130177,0.0003753782257989,0.5,0.0269755422130176
linear_gaussian,303,2903,flow,central,0.2,2,-0.2303449155074609,0.000171222217968,-0.2,-0.0303449155074609
linear_gaussian,303,2903,flow,central,0.1,0,0.8477578670412798,0.0002118548869625,0.8,0.0477578670412797
linear_gaussian,303,2903,flow,central,0.1,1,0.5280335033529433,0.0003775406335408,0.5,0.0280335033529433
linear_gaussian,303,2903,flow,central,0.1,2,-0.2310138417859335,0.0001720002474105,-0.2,-0.0310138417859335
linear_gaussian,303,2903,flow,central,0.05,0,0.8482246675529588,0.0002121923377308,0.8,0.0482246675529587
linear_gaussian,303,2903,flow,central,0.05,1,0.5282959143050308,0.0003780906348424,0.5,0.0282959143050307
linear_gaussian,303,2903,flow,central,0.05,2,-0.2311800214441291,0.0001721903904687,-0.2,-0.0311800214441291
linear_gaussian,303,2903,flow,boundary,0.2,0,0.6764755238289829,0.0001629397256809,0.8,-0.1235244761710171
linear_gaussian,303,2903,flow,boundary,0.2,1,0.4674837521006829,0.0003401586009237,0.5,-0.0325162478993171
linear_gaussian,303,2903,flow,boundary,0.2,2,-0.2259579052026256,0.0003991230882569,-0.2,-0.0259579052026256
linear_gaussian,303,2903,flow,boundary,0.1,0,0.6775344995134853,0.0001642889437259,0.8,-0.1224655004865147
linear_gaussian,303,2903,flow,boundary,0.1,1,0.4690583719751031,0.0003421742856754,0.5,-0.0309416280248968
linear_gaussian,303,2903,flow,boundary,0.1,2,-0.2265620262026948,0.0004001848575901,-0.2,-0.0265620262026948
linear_gaussian,303,2903,flow,boundary,0.05,0,0.6777983467063057,0.0001646448789164,0.8,-0.1222016532936943
linear_gaussian,303,2903,flow,boundary,0.05,1,0.4694534466313088,0.0003426789886974,0.5,-0.0305465533686912
linear_gaussian,303,2903,flow,boundary,0.05,2,-0.2267129369584581,0.0004004578956655,-0.2,-0.0267129369584581
linear_gaussian,303,2903,flow,extrapolated,0.2,0,0.1273502509543772,0.0006311557617328,0.8,-0.6726497490456228
linear_gaussian,303,2903,flow,extrapolated,0.2,1,0.0283926237226314,0.0004617439096202,0.5,-0.4716073762773685
linear_gaussian,303,2903,flow,extrapolated,0.2,2,-0.0767654786862915,0.0007154736615983,-0.2,0.1232345213137084
linear_gaussian,303,2903,flow,extrapolated,0.1,0,0.1264008436280439,0.000633043298121,0.8,-0.6735991563719561
linear_gaussian,303,2903,flow,extrapolated,0.1,1,0.0273794686706091,0.0004628584400901,0.5,-0.4726205313293908
linear_gaussian,303,2903,flow,extrapolated,0.1,2,-0.0765645608896325,0.000716029011429,-0.2,0.1234354391103675
linear_gaussian,303,2903,flow,extrapolated,0.05,0,0.1261629946518313,0.0006334973270906,0.8,-0.6738370053481687
linear_gaussian,303,2903,flow,extrapolated,0.05,1,0.0271256917712429,0.0004631575602851,0.5,-0.472874308228757
linear_gaussian,303,2903,flow,extrapolated,0.05,2,-0.0765145080254015,0.000716154986766,-0.2,0.1234854919745985
heavy_tailed,303,2903,gaussian_rank2,central,0.2,0,1.5455545578584964,0.0071981983314535,1.6,-0.0544454421415037
heavy_tailed,303,2903,gaussian_rank2,central,0.2,1,0.5093274356325954,0.0056499918384725,0.5,0.0093274356325954
heavy_tailed,303,2903,gaussian_rank2,central,0.2,2,-0.3001151731365394,0.0035981808662998,-0.2,-0.1001151731365394
heavy_tailed,303,2903,gaussian_rank2,central,0.1,0,1.5620870866036587,0.0072774777348739,1.6,-0.0379129133963414
heavy_tailed,303,2903,gaussian_rank2,central,0.1,1,0.5109218702248887,0.0056369260571788,0.5,0.0109218702248886
heavy_tailed,303,2903,gaussian_rank2,central,0.1,2,-0.3056116554897892,0.0037068553221253,-0.2,-0.1056116554897892
heavy_tailed,303,2903,gaussian_rank2,central,0.05,0,1.5662842200791172,0.007298187109669,1.6,-0.0337157799208829
heavy_tailed,303,2903,gaussian_rank2,central,0.05,1,0.5113147559847117,0.0056333566379391,0.5,0.0113147559847116
heavy_tailed,303,2903,gaussian_rank2,central,0.05,2,-0.3070305626550404,0.003735089286791,-0.2,-0.1070305626550404
heavy_tailed,303,2903,gaussian_rank2,boundary,0.2,0,0.7403114223024786,0.0023122265773307,0.6182383242455304,0.1220730980569482
heavy_tailed,303,2903,gaussian_rank2,boundary,0.2,1,0.3720731662039578,0.0012145253397347,0.5,-0.1279268337960422
heavy_tailed,303,2903,gaussian_rank2,boundary,0.2,2,-0.1100683930388248,0.001882446743526,-0.2,0.0899316069611751
heavy_tailed,303,2903,gaussian_rank2,boundary,0.1,0,0.7360614977209025,0.0023295434809515,0.6182383242455304,0.117823173475372
heavy_tailed,303,2903,gaussian_rank2,boundary,0.1,1,0.3717517373268699,0.0012269496672046,0.5,-0.12824826267313
heavy_tailed,303,2903,gaussian_rank2,boundary,0.1,2,-0.1082732181192814,0.0018939316390112,-0.2,0.0917267818807185
heavy_tailed,303,2903,gaussian_rank2,boundary,0.05,0,0.7349892964501407,0.0023337716462878,0.6182383242455304,0.1167509722046102
heavy_tailed,303,2903,gaussian_rank2,boundary,0.05,1,0.3716682365936476,0.0012300769771377,0.5,-0.1283317634063523
heavy_tailed,303,2903,gaussian_rank2,boundary,0.05,2,-0.1078100660426801,0.0018968400281887,-0.2,0.0921899339573198
heavy_tailed,303,2903,gaussian_rank2,extrapolated,0.2,0,0.1292139672795082,0.0005068168986271,1.026929748370581,-0.8977157810910729
heavy_tailed,303,2903,gaussian_rank2,extrapolated,0.2,1,0.1628297633882353,0.001893440211801,0.5,-0.3371702366117646
heavy_tailed,303,2903,gaussian_rank2,extrapolated,0.2,2,0.0536670041930567,0.000327598442883,-0.2,0.2536670041930567
heavy_tailed,303,2903,gaussian_rank2,extrapolated,0.1,0,0.1284010641479767,0.0005045957569102,1.026929748370581,-0.8985286842226042
heavy_tailed,303,2903,gaussian_rank2,extrapolated,0.1,1,0.1625853803440441,0.0018875731056061,0.5,-0.3374146196559558
heavy_tailed,303,2903,gaussian_rank2,extrapolated,0.1,2,0.0538244697707828,0.0003281754426685,-0.2,0.2538244697707828
heavy_tailed,303,2903,gaussian_rank2,extrapolated,0.05,0,0.1281998112281039,0.0005040577876433,1.026929748370581,-0.8987299371424772
heavy_tailed,303,2903,gaussian_rank2,extrapolated,0.05,1,0.1625247327412175,0.0018860642800761,0.5,-0.3374752672587825
heavy_tailed,303,2903,gaussian_rank2,extrapolated,0.05,2,0.0538619507051758,0.0003283278946962,-0.2,0.2538619507051758
nonlinear_heteroskedastic,101,1701,gaussian_rank2,central,0.2,0,1.577033991177908,0.000639124779456,1.6,-0.0229660088220922
nonlinear_heteroskedastic,101,1701,gaussian_rank2,central,0.2,1,0.6728013653859212,0.001583751585604,0.5,0.1728013653859211
nonlinear_heteroskedastic,101,1701,gaussian_rank2,central,0.2,2,-0.3812421328024927,0.0003992274114778,-0.2,-0.1812421328024926
nonlinear_heteroskedastic,101,1701,gaussian_rank2,central,0.1,0,1.5945143133567907,0.0006861968815388,1.6,-0.0054856866432093
nonlinear_heteroskedastic,101,1701,gaussian_rank2,central,0.1,1,0.680894247475928,0.0016254980453407,0.5,0.1808942474759279
nonlinear_heteroskedastic,101,1701,gaussian_rank2,central,0.1,2,-0.3945284109831666,0.0003879948171491,-0.2,-0.1945284109831666
nonlinear_heteroskedastic,101,1701,gaussian_rank2,central,0.05,0,1.5990181008508806,0.0006983963542535,1.6,-0.0009818991491195
nonlinear_heteroskedastic,101,1701,gaussian_rank2,central,0.05,1,0.6829726408914748,0.0016364176255225,0.5,0.1829726408914748
nonlinear_heteroskedastic,101,1701,gaussian_rank2,central,0.05,2,-0.3979755648478882,0.0003851056957484,-0.2,-0.1979755648478882
nonlinear_heteroskedastic,101,1701,gaussian_rank2,boundary,0.2,0,0.907553616257324,0.0016646318047777,0.6182383242455304,0.2893152920117936
nonlinear_heteroskedastic,101,1701,gaussian_rank2,boundary,0.2,1,0.3421820035839337,0.0003277074343214,0.5,-0.1578179964160662
nonlinear_heteroskedastic,101,1701,gaussian_rank2,boundary,0.2,2,-0.002295307568811,0.0023642576945584,-0.2,0.1977046924311889
nonlinear_heteroskedastic,101,1701,gaussian_rank2,boundary,0.1,0,0.9055830638680428,0.0016771887947497,0.6182383242455304,0.2873447396225125
nonlinear_heteroskedastic,101,1701,gaussian_rank2,boundary,0.1,1,0.3435134794057942,0.0003261247544894,0.5,-0.1564865205942058
nonlinear_heteroskedastic,101,1701,gaussian_rank2,boundary,0.1,2,0.0028941787784512,0.0023688177414771,-0.2,0.2028941787784512
nonlinear_heteroskedastic,101,1701,gaussian_rank2,boundary,0.05,0,0.905070937570093,0.001680286712955,0.6182383242455304,0.2868326133245626
nonlinear_heteroskedastic,101,1701,gaussian_rank2,boundary,0.05,1,0.3438572903707363,0.000325717343689,0.5,-0.1561427096292636
nonlinear_heteroskedastic,101,1701,gaussian_rank2,boundary,0.05,2,0.0042129819075701,0.0023699923096397,-0.2,0.2042129819075701
nonlinear_heteroskedastic,101,1701,gaussian_rank2,extrapolated,0.2,0,0.044367236884538,0.0006529418622523,1.026929748370581,-0.982562511486043
nonlinear_heteroskedastic,101,1701,gaussian_rank2,extrapolated,0.2,1,-0.0479137492787401,0.0010266802987592,0.5,-0.5479137492787401
nonlinear_heteroskedastic,101,1701,gaussian_rank2,extrapolated,0.2,2,0.0371076900951256,0.001230636467926,-0.2,0.2371076900951256
nonlinear_heteroskedastic,101,1701,gaussian_rank2,extrapolated,0.1,0,0.0430764606913943,0.0006538148047875,1.026929748370581,-0.9838532876791868
nonlinear_heteroskedastic,101,1701,gaussian_rank2,extrapolated,0.1,1,-0.0486312192041201,0.0010290481640154,0.5,-0.5486312192041202
nonlinear_heteroskedastic,101,1701,gaussian_rank2,extrapolated,0.1,2,0.0369112523737216,0.0012311379715669,-0.2,0.2369112523737216
nonlinear_heteroskedastic,101,1701,gaussian_rank2,extrapolated,0.05,0,0.0427501597536994,0.0006540364118622,1.026929748370581,-0.9841795886168816
nonlinear_heteroskedastic,101,1701,gaussian_rank2,extrapolated,0.05,1,-0.0488105720284145,0.0010296342802153,0.5,-0.5488105720284145
nonlinear_heteroskedastic,101,1701,gaussian_rank2,extrapolated,0.05,2,0.0368620237713484,0.0012312510455267,-0.2,0.2368620237713484
nonlinear_heteroskedastic,202,2903,student_rank2,central,0.2,0,1.7068080107254555,0.0042948687023126,1.6,0.1068080107254554
nonlinear_heteroskedastic,202,2903,student_rank2,central,0.2,1,0.7514626527073968,0.0046732340283485,0.5,0.2514626527073967
nonlinear_heteroskedastic,202,2903,student_rank2,central,0.2,2,-0.1701457005464095,0.0028296014677468,-0.2,0.0298542994535905
nonlinear_heteroskedastic,202,2903,student_rank2,central,0.1,0,1.7277264896090962,0.0043528553832263,1.6,0.1277264896090961
nonlinear_heteroskedastic,202,2903,student_rank2,central,0.1,1,0.7653604707082255,0.0047690986556028,0.5,0.2653604707082255
nonlinear_heteroskedastic,202,2903,student_rank2,central,0.1,2,-0.1698446415716064,0.0028587590899321,-0.2,0.0301553584283935
nonlinear_heteroskedastic,202,2903,student_rank2,central,0.05,0,1.7330965769849644,0.0043680099332649,1.6,0.1330965769849643
nonlinear_heteroskedastic,202,2903,student_rank2,central,0.05,1,0.768939882846781,0.0047940230003882,0.5,0.268939882846781
nonlinear_heteroskedastic,202,2903,student_rank2,central,0.05,2,-0.1697414950981902,0.002866111889712,-0.2,0.0302585049018097
nonlinear_heteroskedastic,202,2903,student_rank2,boundary,0.2,0,0.9042789305668858,0.0022325944071958,0.6182383242455304,0.2860406063213554
nonlinear_heteroskedastic,202,2903,student_rank2,boundary,0.2,1,0.3307082178885865,0.0015722566592916,0.5,-0.1692917821114135
nonlinear_heteroskedastic,202,2903,student_rank2,boundary,0.2,2,-0.2577851725778753,0.0013778269242578,-0.2,-0.0577851725778753
nonlinear_heteroskedastic,202,2903,student_rank2,boundary,0.1,0,0.8982284545232225,0.0022411118511956,0.6182383242455304,0.2799901302776921
nonlinear_heteroskedastic,202,2903,student_rank2,boundary,0.1,1,0.3287585548820287,0.0015661386869642,0.5,-0.1712414451179713
nonlinear_heteroskedastic,202,2903,student_rank2,boundary,0.1,2,-0.2586019770443326,0.0013886466431397,-0.2,-0.0586019770443326
nonlinear_heteroskedastic,202,2903,student_rank2,boundary,0.05,0,0.8966808859547881,0.0022432183734137,0.6182383242455304,0.2784425617092577
nonlinear_heteroskedastic,202,2903,student_rank2,boundary,0.05,1,0.3282692559057719,0.0015645710328586,0.5,-0.1717307440942281
nonlinear_heteroskedastic,202,2903,student_rank2,boundary,0.05,2,-0.2588064935329919,0.0013913569655962,-0.2,-0.0588064935329919
nonlinear_heteroskedastic,202,2903,student_rank2,extrapolated,0.2,0,0.115353433403616,0.0016166704671629,1.026929748370581,-0.911576314966965
nonlinear_heteroskedastic,202,2903,student_rank2,extrapolated,0.2,1,0.0027955526254308,0.0010154413433763,0.5,-0.4972044473745691
nonlinear_heteroskedastic,202,2903,student_rank2,extrapolated,0.2,2,-0.2103314094534401,0.0025520669025408,-0.2,-0.0103314094534401
nonlinear_heteroskedastic,202,2903,student_rank2,extrapolated,0.1,0,0.1144663633620572,0.0016147527365384,1.026929748370581,-0.912463385008524
nonlinear_heteroskedastic,202,2903,student_rank2,extrapolated,0.1,1,0.0023087441311523,0.0010147753465117,0.5,-0.4976912558688476
nonlinear_heteroskedastic,202,2903,student_rank2,extrapolated,0.1,2,-0.2104286259953245,0.0025502783364436,-0.2,-0.0104286259953245
nonlinear_heteroskedastic,202,2903,student_rank2,extrapolated,0.05,0,0.1142467730339391,0.00161430716764,1.026929748370581,-0.912682975336642
nonlinear_heteroskedastic,202,2903,student_rank2,extrapolated,0.05,1,0.0021880079651248,0.0010146017268567,0.5,-0.4978119920348751
nonlinear_heteroskedastic,202,2903,student_rank2,extrapolated,0.05,2,-0.2104545969104565,0.0025498227779175,-0.2,-0.0104545969104565
bimodal,202,1701,gaussian_rank2,central,0.2,0,2.0244144931414874,0.0013323033975433,2.25,-0.2255855068585126
bimodal,202,1701,gaussian_rank2,central,0.2,1,0.9297753799489338,0.0049209397378433,1.05,-0.1202246200510662
bimodal,202,1701,gaussian_rank2,central,0.2,2,-0.3308401885640338,0.0008428296183122,-0.35,0.0191598114359661
bimodal,202,1701,gaussian_rank2,central,0.1,0,2.0394940658249507,0.0012652952740809,2.25,-0.2105059341750492
bimodal,202,1701,gaussian_rank2,central,0.1,1,0.9292381345338994,0.0050844463169212,1.05,-0.1207618654661006
bimodal,202,1701,gaussian_rank2,central,0.1,2,-0.3317714621727459,0.0008804219866503,-0.35,0.018228537827254
bimodal,202,1701,gaussian_rank2,central,0.05,0,2.043322368257337,0.0012479442745543,2.25,-0.206677631742663
bimodal,202,1701,gaussian_rank2,central,0.05,1,0.9290979566448646,0.0051264310269081,1.05,-0.1209020433551354
bimodal,202,1701,gaussian_rank2,central,0.05,2,-0.3320019375454571,0.0008901182610383,-0.35,0.0179980624545428
bimodal,202,1701,gaussian_rank2,boundary,0.2,0,1.2627097305636024,0.0104151926425389,0.9347346089919524,0.3279751215716501
bimodal,202,1701,gaussian_rank2,boundary,0.2,1,0.8325407401263286,0.0057829502649868,0.7678045486315878,0.0647361914947408
bimodal,202,1701,gaussian_rank2,boundary,0.2,2,-0.2580817893768751,0.0007235247352443,-0.2730376041722512,0.0149558147953761
bimodal,202,1701,gaussian_rank2,boundary,0.1,0,1.2633851706408084,0.0105540273972271,0.9347346089919524,0.3286505616488561
bimodal,202,1701,gaussian_rank2,boundary,0.1,1,0.8392280477371078,0.0058121242295181,0.7678045486315878,0.07142349910552
bimodal,202,1701,gaussian_rank2,boundary,0.1,2,-0.2608149712381002,0.0007350985951238,-0.2730376041722512,0.0122226329341509
bimodal,202,1701,gaussian_rank2,boundary,0.05,0,1.2635553899536272,0.0105890374491879,0.9347346089919524,0.3288207809616749
bimodal,202,1701,gaussian_rank2,boundary,0.05,1,0.840929388899642,0.0058192779377045,0.7678045486315878,0.0731248402680542
bimodal,202,1701,gaussian_rank2,boundary,0.05,2,-0.2615083760767089,0.0007379828972774,-0.2730376041722512,0.0115292280955422
bimodal,202,1701,gaussian_rank2,extrapolated,0.2,0,0.0619093239181282,0.0026249491600872,1.0442146957146352,-0.982305371796507
bimodal,202,1701,gaussian_rank2,extrapolated,0.2,1,-0.0660833130710867,0.0035483552593087,0.5146257246757381,-0.5807090377468248
bimodal,202,1701,gaussian_rank2,extrapolated,0.2,2,0.1458299859870288,0.0008874729685579,-0.203988834002474,0.3498188199895029
bimodal,202,1701,gaussian_rank2,extrapolated,0.1,0,0.0603603681190064,0.0026124786590733,1.0442146957146352,-0.9838543275956289
bimodal,202,1701,gaussian_rank2,extrapolated,0.1,1,-0.067789105788852,0.0035457718611699,0.5146257246757381,-0.5824148304645902
bimodal,202,1701,gaussian_rank2,extrapolated,0.1,2,0.1465731687144056,0.0008860273796002,-0.203988834002474,0.3505620027168796
bimodal,202,1701,gaussian_rank2,extrapolated,0.05,0,0.0599751438612298,0.0026093496263832,1.0442146957146352,-0.9842395518534054
bimodal,202,1701,gaussian_rank2,extrapolated,0.05,1,-0.0682139137363739,0.0035450961916904,0.5146257246757381,-0.582839638412112
bimodal,202,1701,gaussian_rank2,extrapolated,0.05,2,0.1467588040107922,0.0008856574893921,-0.203988834002474,0.3507476380132662
linear_gaussian,303,2903,gaussian_diag,central,0.2,0,0.7675385780640903,0.0006469598578522,0.8,-0.0324614219359097
linear_gaussian,303,2903,gaussian_diag,central,0.2,1,0.4690632625821734,0.0004704907392287,0.5,-0.0309367374178266
linear_gaussian,303,2903,gaussian_diag,central,0.2,2,-0.2385561250160197,0.0001237209472225,-0.2,-0.0385561250160197
linear_gaussian,303,2903,gaussian_diag,central,0.1,0,0.7669267477846712,0.0006517667854525,0.8,-0.0330732522153288
linear_gaussian,303,2903,gaussian_diag,central,0.1,1,0.4683661743329789,0.0004805388546207,0.5,-0.031633825667021
linear_gaussian,303,2903,gaussian_diag,central,0.1,2,-0.2387184645927017,0.0001355987495593,-0.2,-0.0387184645927017
linear_gaussian,303,2903,gaussian_diag,central,0.05,0,0.7667798918890237,0.0006530244723607,0.8,-0.0332201081109763
linear_gaussian,303,2903,gaussian_diag,central,0.05,1,0.4681879088708268,0.000483092371954,0.5,-0.0318120911291732
linear_gaussian,303,2903,gaussian_diag,central,0.05,2,-0.2387469670831775,0.0001386752047319,-0.2,-0.0387469670831775
linear_gaussian,303,2903,gaussian_diag,boundary,0.2,0,0.7226800550459279,6.52206119355463e-05,0.8,-0.0773199449540721
linear_gaussian,303,2903,gaussian_diag,boundary,0.2,1,0.4826193249664144,0.0010108253190458,0.5,-0.0173806750335855
linear_gaussian,303,2903,gaussian_diag,boundary,0.2,2,-0.1932358254490936,0.000251893081624,-0.2,0.0067641745509063
linear_gaussian,303,2903,gaussian_diag,boundary,0.1,0,0.7256916556644651,6.562113640977107e-05,0.8,-0.0743083443355349
linear_gaussian,303,2903,gaussian_diag,boundary,0.1,1,0.4851495913478894,0.0010145318549262,0.5,-0.0148504086521105
linear_gaussian,303,2903,gaussian_diag,boundary,0.1,2,-0.1939824391575564,0.0002614545611524,-0.2,0.0060175608424435
linear_gaussian,303,2903,gaussian_diag,boundary,0.05,0,0.7264627940474249,6.569755031208551e-05,0.8,-0.0735372059525751
linear_gaussian,303,2903,gaussian_diag,boundary,0.05,1,0.4857878805091855,0.0010154627071977,0.5,-0.0142121194908145
linear_gaussian,303,2903,gaussian_diag,boundary,0.05,2,-0.1941702384544141,0.0002638358297895,-0.2,0.0058297615455858
linear_gaussian,303,2903,gaussian_diag,extrapolated,0.2,0,0.2119978613358419,0.0001072614892543,0.8,-0.5880021386641581
linear_gaussian,303,2903,gaussian_diag,extrapolated,0.2,1,0.0804958850993535,0.000243542919167,0.5,-0.4195041149006464
linear_gaussian,303,2903,gaussian_diag,extrapolated,0.2,2,-0.044023835168482,0.0005511860204588,-0.2,0.1559761648315179
linear_gaussian,303,2903,gaussian_diag,extrapolated,0.1,0,0.2108109534960078,0.0001071381421562,0.8,-0.5891890465039922
linear_gaussian,303,2903,gaussian_diag,extrapolated,0.1,1,0.0796867147182558,0.0002417967583283,0.5,-0.4203132852817442
linear_gaussian,303,2903,gaussian_diag,extrapolated,0.1,2,-0.0437740841723269,0.0005524969479966,-0.2,0.1562259158276731
linear_gaussian,303,2903,gaussian_diag,extrapolated,0.05,0,0.2105141560536908,0.0001071072729674,0.8,-0.5894858439463092
linear_gaussian,303,2903,gaussian_diag,extrapolated,0.05,1,0.079484447850198,0.0002413417760316,0.5,-0.4205155521498019
linear_gaussian,303,2903,gaussian_diag,extrapolated,0.05,2,-0.0437123184287735,0.0005528251791998,-0.2,0.1562876815712264
nonlinear_heteroskedastic,101,0,gp_rbf,central,0.2,0,1.4974322071429746,2.389521382762305e-06,1.6,-0.1025677928570254
nonlinear_heteroskedastic,101,0,gp_rbf,central,0.2,1,0.4706968139173172,1.7377528124314894e-06,0.5,-0.0293031860826827
nonlinear_heteroskedastic,101,0,gp_rbf,central,0.2,2,-0.2997678063893023,1.8576590030455385e-06,-0.2,-0.0997678063893022
nonlinear_heteroskedastic,101,0,gp_rbf,central,0.1,0,1.5116174115940286,2.5692545508323075e-06,1.6,-0.0883825884059714
nonlinear_heteroskedastic,101,0,gp_rbf,central,0.1,1,0.4715372442681456,1.8684617562150284e-06,0.5,-0.0284627557318543
nonlinear_heteroskedastic,101,0,gp_rbf,central,0.1,2,-0.3044036062331825,1.9973869576737395e-06,-0.2,-0.1044036062331825
nonlinear_heteroskedastic,101,0,gp_rbf,central,0.05,0,1.5151846061421157,2.6147337077378484e-06,1.6,-0.0848153938578843
nonlinear_heteroskedastic,101,0,gp_rbf,central,0.05,1,0.471743278441296,1.901535967498539e-06,0.5,-0.028256721558704
nonlinear_heteroskedastic,101,0,gp_rbf,central,0.05,2,-0.3055731577385501,2.032743313361625e-06,-0.2,-0.10557315773855
nonlinear_heteroskedastic,101,0,gp_rbf,boundary,0.2,0,0.5454914197787458,0.000343994119742,0.6182383242455304,-0.0727469044667845
nonlinear_heteroskedastic,101,0,gp_rbf,boundary,0.2,1,0.3477900265411119,5.832348126332474e-05,0.5,-0.152209973458888
nonlinear_heteroskedastic,101,0,gp_rbf,boundary,0.2,2,-0.0455020558464989,0.0001083683470284,-0.2,0.154497944153501
nonlinear_heteroskedastic,101,0,gp_rbf,boundary,0.1,0,0.5464336360200047,0.0002963465173603,0.6182383242455304,-0.0718046882255256
nonlinear_heteroskedastic,101,0,gp_rbf,boundary,0.1,1,0.3504181979338364,5.024493024909808e-05,0.5,-0.1495818020661636
nonlinear_heteroskedastic,101,0,gp_rbf,boundary,0.1,2,-0.0449421359011431,9.335793954160042e-05,-0.2,0.1550578640988568
nonlinear_heteroskedastic,101,0,gp_rbf,boundary,0.05,0,0.5466660830263089,0.0002843637088434,0.6182383242455304,-0.0715722412192214
nonlinear_heteroskedastic,101,0,gp_rbf,boundary,0.05,1,0.3510812079971219,4.8213270206127046e-05,0.5,-0.1489187920028781
nonlinear_heteroskedastic,101,0,gp_rbf,boundary,0.05,2,-0.0447986386325255,8.958299957425466e-05,-0.2,0.1552013613674744
nonlinear_heteroskedastic,101,0,gp_rbf,extrapolated,0.2,0,-0.5998295243491478,0.0038775008700109,1.026929748370581,-1.6267592727197289
nonlinear_heteroskedastic,101,0,gp_rbf,extrapolated,0.2,1,-0.2756632095341498,0.0029202612027808,0.5,-0.7756632095341498
nonlinear_heteroskedastic,101,0,gp_rbf,extrapolated,0.2,2,0.0704535651832813,0.0022130770141637,-0.2,0.2704535651832814
nonlinear_heteroskedastic,101,0,gp_rbf,extrapolated,0.1,0,-0.6028677550444894,0.0039000868909311,1.026929748370581,-1.6297975034150705
nonlinear_heteroskedastic,101,0,gp_rbf,extrapolated,0.1,1,-0.2785533674571743,0.0029372714067327,0.5,-0.7785533674571743
nonlinear_heteroskedastic,101,0,gp_rbf,extrapolated,0.1,2,0.0699217136568535,0.0022259679471172,-0.2,0.2699217136568536
nonlinear_heteroskedastic,101,0,gp_rbf,extrapolated,0.05,0,-0.603624100951047,0.0039057088128578,1.026929748370581,-1.630553849321628
nonlinear_heteroskedastic,101,0,gp_rbf,extrapolated,0.05,1,-0.2792795605398853,0.0029415054433081,0.5,-0.7792795605398852
nonlinear_heteroskedastic,101,0,gp_rbf,extrapolated,0.05,2,0.0697848661617245,0.0022291766494786,-0.2,0.2697848661617245
linear_gaussian,303,1701,mdn4,central,0.2,0,0.6752894682140066,0.003574242152602,0.8,-0.1247105317859934
linear_gaussian,303,1701,mdn4,central,0.2,1,0.3369505519100615,0.0034598419123829,0.5,-0.1630494480899384
linear_gaussian,303,1701,mdn4,central,0.2,2,-0.2215402008689903,0.0043585546620459,-0.2,-0.0215402008689903
linear_gaussian,303,1701,mdn4,central,0.1,0,0.6685727576796028,0.0069164595556741,0.8,-0.1314272423203972
linear_gaussian,303,1701,mdn4,central,0.1,1,0.3315496926774373,0.0062023658788467,0.5,-0.1684503073225626
linear_gaussian,303,1701,mdn4,central,0.1,2,-0.2235644623662128,0.0023955967519938,-0.2,-0.0235644623662128
linear_gaussian,303,1701,mdn4,central,0.05,0,0.6704081069875225,0.0057407415889762,0.8,-0.1295918930124775
linear_gaussian,303,1701,mdn4,central,0.05,1,0.3388341300957358,0.0053633240966152,0.5,-0.1611658699042641
linear_gaussian,303,1701,mdn4,central,0.05,2,-0.2269452613696293,0.0026475130300033,-0.2,-0.0269452613696293
linear_gaussian,303,1701,mdn4,boundary,0.2,0,0.6873307418745123,0.0050741339639695,0.8,-0.1126692581254877
linear_gaussian,303,1701,mdn4,boundary,0.2,1,0.5429355655243121,0.0021535015444335,0.5,0.0429355655243121
linear_gaussian,303,1701,mdn4,boundary,0.2,2,-0.2874602896191496,0.0050842762652571,-0.2,-0.0874602896191496
linear_gaussian,303,1701,mdn4,boundary,0.1,0,0.6971986037463176,0.0062047592014772,0.8,-0.1028013962536824
linear_gaussian,303,1701,mdn4,boundary,0.1,1,0.5569398080818552,0.0064171555502656,0.5,0.0569398080818551
linear_gaussian,303,1701,mdn4,boundary,0.1,2,-0.2871862564365102,0.0098462238326169,-0.2,-0.0871862564365102
linear_gaussian,303,1701,mdn4,boundary,0.05,0,0.6942973212234742,0.0068581828391388,0.8,-0.1057026787765258
linear_gaussian,303,1701,mdn4,boundary,0.05,1,0.5515908642480585,0.0099363447007085,0.5,0.0515908642480584
linear_gaussian,303,1701,mdn4,boundary,0.05,2,-0.2901073521435759,0.0061877913004153,-0.2,-0.0901073521435759
linear_gaussian,303,1701,mdn4,extrapolated,0.2,0,-0.0565174542493855,0.0046676697933776,0.8,-0.8565174542493855
linear_gaussian,303,1701,mdn4,extrapolated,0.2,1,-0.2003320727814721,0.0024897565760278,0.5,-0.7003320727814721
linear_gaussian,303,1701,mdn4,extrapolated,0.2,2,-0.1834883708410886,0.0147210533846993,-0.2,0.0165116291589113
linear_gaussian,303,1701,mdn4,extrapolated,0.1,0,-0.058349398753061,0.007278007949205,0.8,-0.8583493987530612
linear_gaussian,303,1701,mdn4,extrapolated,0.1,1,-0.2018593369351986,0.0036273552147481,0.5,-0.7018593369351986
linear_gaussian,303,1701,mdn4,extrapolated,0.1,2,-0.219274712952617,0.0198250279985614,-0.2,-0.0192747129526169
linear_gaussian,303,1701,mdn4,extrapolated,0.05,0,-0.0608930566967432,0.008280230160413,0.8,-0.8608930566967433
linear_gaussian,303,1701,mdn4,extrapolated,0.05,1,-0.2062257377496371,0.0041933847458952,0.5,-0.7062257377496372
linear_gaussian,303,1701,mdn4,extrapolated,0.05,2,-0.2123912099588905,0.021899031856206,-0.2,-0.0123912099588905
linear_gaussian,202,1701,mdn4,central,0.2,0,0.8218764980056669,0.0032906259390484,0.8,0.0218764980056668
linear_gaussian,202,1701,mdn4,central,0.2,1,0.671803070298813,0.0026392665697753,0.5,0.171803070298813
linear_gaussian,202,1701,mdn4,central,0.2,2,-0.3008759572671033,0.0013381257732964,-0.2,-0.1008759572671033
linear_gaussian,202,1701,mdn4,central,0.1,0,0.8262580638812486,0.004540124929292,0.8,0.0262580638812485
linear_gaussian,202,1701,mdn4,central,0.1,1,0.6890856864983159,0.0064956848070694,0.5,0.1890856864983159
linear_gaussian,202,1701,mdn4,central,0.1,2,-0.3192371367228528,0.0029162050637706,-0.2,-0.1192371367228528
linear_gaussian,202,1701,mdn4,central,0.05,0,0.821111890253346,0.0054181736249613,0.8,0.0211118902533459
linear_gaussian,202,1701,mdn4,central,0.05,1,0.6851969022773318,0.0078438319017353,0.5,0.1851969022773317
linear_gaussian,202,1701,mdn4,central,0.05,2,-0.3237959717798048,0.0023736013812697,-0.2,-0.1237959717798047
linear_gaussian,202,1701,mdn4,boundary,0.2,0,0.5657187136517577,0.0010481374138273,0.8,-0.2342812863482423
linear_gaussian,202,1701,mdn4,boundary,0.2,1,0.1455734734014593,0.004978751065927,0.5,-0.3544265265985407
linear_gaussian,202,1701,mdn4,boundary,0.2,2,-0.1128238373150745,0.0012547861899434,-0.2,0.0871761626849254
linear_gaussian,202,1701,mdn4,boundary,0.1,0,0.553842271832845,0.0001876328335655,0.8,-0.2461577281671551
linear_gaussian,202,1701,mdn4,boundary,0.1,1,0.1326817944369557,0.0078787523946645,0.5,-0.3673182055630443
linear_gaussian,202,1701,mdn4,boundary,0.1,2,-0.1133760018129806,0.0029800555601263,-0.2,0.0866239981870193
linear_gaussian,202,1701,mdn4,boundary,0.05,0,0.5514702336935895,0.0005395803737359,0.8,-0.2485297663064105
linear_gaussian,202,1701,mdn4,boundary,0.05,1,0.1327239210467556,0.0077285254398045,0.5,-0.3672760789532443
linear_gaussian,202,1701,mdn4,boundary,0.05,2,-0.1167825087573102,0.0018281001437117,-0.2,0.0832174912426897
linear_gaussian,202,1701,mdn4,extrapolated,0.2,0,-0.081365792460524,0.0008346513033061,0.8,-0.881365792460524
linear_gaussian,202,1701,mdn4,extrapolated,0.2,1,-0.1987770295390023,0.0018967921425868,0.5,-0.6987770295390023
linear_gaussian,202,1701,mdn4,extrapolated,0.2,2,-0.0767464121810606,0.0005144687940765,-0.2,0.1232535878189393
linear_gaussian,202,1701,mdn4,extrapolated,0.1,0,-0.0808699134730385,0.0005993654333984,0.8,-0.8808699134730387
linear_gaussian,202,1701,mdn4,extrapolated,0.1,1,-0.2032525450332193,0.0041908253242472,0.5,-0.7032525450332193
linear_gaussian,202,1701,mdn4,extrapolated,0.1,2,-0.0754170283239947,0.0008473470204178,-0.2,0.1245829716760052
linear_gaussian,202,1701,mdn4,extrapolated,0.05,0,-0.0810158887152493,0.0003875200415686,0.8,-0.8810158887152494
linear_gaussian,202,1701,mdn4,extrapolated,0.05,1,-0.2033769817971678,0.0048325539935402,0.5,-0.7033769817971679
linear_gaussian,202,1701,mdn4,extrapolated,0.05,2,-0.0757286800619757,0.0014352921160209,-0.2,0.1242713199380243
linear_gaussian,101,2903,transformer_mdn4,central,0.2,0,0.6077945536921311,0.0013908348566262,0.8,-0.1922054463078689
linear_gaussian,101,2903,transformer_mdn4,central,0.2,1,0.3842530075583029,0.0015995001026939,0.5,-0.1157469924416971
linear_gaussian,101,2903,transformer_mdn4,central,0.2,2,-0.3430477995669483,0.0024709954470508,-0.2,-0.1430477995669483
linear_gaussian,101,2903,transformer_mdn4,central,0.1,0,0.5974580952378364,0.001465368902933,0.8,-0.2025419047621636
linear_gaussian,101,2903,transformer_mdn4,central,0.1,1,0.3738034747758378,0.0022292683344987,0.5,-0.1261965252241622
linear_gaussian,101,2903,transformer_mdn4,central,0.1,2,-0.3586338149667302,0.0048163291156973,-0.2,-0.1586338149667302
linear_gaussian,101,2903,transformer_mdn4,central,0.05,0,0.595869003596838,0.0031350444452297,0.8,-0.204130996403162
linear_gaussian,101,2903,transformer_mdn4,central,0.05,1,0.3724908653668043,0.0021959430836441,0.5,-0.1275091346331956
linear_gaussian,101,2903,transformer_mdn4,central,0.05,2,-0.3715195123209165,0.0073857013241409,-0.2,-0.1715195123209165
linear_gaussian,101,2903,transformer_mdn4,boundary,0.2,0,0.7229305882489893,0.0009022181490954,0.8,-0.0770694117510107
linear_gaussian,101,2903,transformer_mdn4,boundary,0.2,1,0.3847682803340232,0.0019811371388736,0.5,-0.1152317196659767
linear_gaussian,101,2903,transformer_mdn4,boundary,0.2,2,-0.1073571719446145,0.0010124618342275,-0.2,0.0926428280553854
linear_gaussian,101,2903,transformer_mdn4,boundary,0.1,0,0.7349583891691293,0.0039889672090079,0.8,-0.0650416108308707
linear_gaussian,101,2903,transformer_mdn4,boundary,0.1,1,0.3859737705443369,0.0008476011886925,0.5,-0.114026229455663
linear_gaussian,101,2903,transformer_mdn4,boundary,0.1,2,-0.1027898863217951,0.0013804211980113,-0.2,0.0972101136782049
linear_gaussian,101,2903,transformer_mdn4,boundary,0.05,0,0.7353097346326654,0.0052719508595908,0.8,-0.0646902653673346
linear_gaussian,101,2903,transformer_mdn4,boundary,0.05,1,0.3826679164510179,0.0016436400431826,0.5,-0.1173320835489821
linear_gaussian,101,2903,transformer_mdn4,boundary,0.05,2,-0.1017775506947486,0.0011864630463949,-0.2,0.0982224493052513
linear_gaussian,101,2903,transformer_mdn4,extrapolated,0.2,0,-0.0010308729413537,0.0018899681479802,0.8,-0.8010308729413538
linear_gaussian,101,2903,transformer_mdn4,extrapolated,0.2,1,-0.0293512937103976,0.0021851578858694,0.5,-0.5293512937103977
linear_gaussian,101,2903,transformer_mdn4,extrapolated,0.2,2,-0.0206811387084041,0.0007356850049771,-0.2,0.1793188612915958
linear_gaussian,101,2903,transformer_mdn4,extrapolated,0.1,0,-0.0030563591061116,0.0006905388010574,0.8,-0.8030563591061117
linear_gaussian,101,2903,transformer_mdn4,extrapolated,0.1,1,-0.0298629975490009,0.0028004954615498,0.5,-0.5298629975490009
linear_gaussian,101,2903,transformer_mdn4,extrapolated,0.1,2,-0.019005737822223,0.0027421135410142,-0.2,0.1809942621777769
linear_gaussian,101,2903,transformer_mdn4,extrapolated,0.05,0,-0.0026995893564418,0.0015274866102877,0.8,-0.8026995893564419
linear_gaussian,101,2903,transformer_mdn4,extrapolated,0.05,1,-0.0306427370129084,0.0031862492630297,0.5,-0.5306427370129084
linear_gaussian,101,2903,transformer_mdn4,extrapolated,0.05,2,-0.0158981831624525,0.0031772004414881,-0.2,0.1841018168375474
heavy_tailed,101,1701,transformer_mdn4,central,0.2,0,1.528750339852756,0.0005785700721956,1.6,-0.0712496601472441
heavy_tailed,101,1701,transformer_mdn4,central,0.2,1,0.5104997418574728,0.0008769806140416,0.5,0.0104997418574728
heavy_tailed,101,1701,transformer_mdn4,central,0.2,2,-0.1319934093833432,0.0029213723814258,-0.2,0.0680065906166567
heavy_tailed,101,1701,transformer_mdn4,central,0.1,0,1.5378951628560895,0.0016576463006063,1.6,-0.0621048371439105
heavy_tailed,101,1701,transformer_mdn4,central,0.1,1,0.5188203568067149,0.0009928978646923,0.5,0.0188203568067149
heavy_tailed,101,1701,transformer_mdn4,central,0.1,2,-0.126185300226647,0.0023553015072003,-0.2,0.073814699773353
heavy_tailed,101,1701,transformer_mdn4,central,0.05,0,1.5374821321525325,0.0022610374084211,1.6,-0.0625178678474676
heavy_tailed,101,1701,transformer_mdn4,central,0.05,1,0.5250899782714719,0.0034435656423204,0.5,0.0250899782714718
heavy_tailed,101,1701,transformer_mdn4,central,0.05,2,-0.1275821649156892,0.002032559505277,-0.2,0.0724178350843107
heavy_tailed,101,1701,transformer_mdn4,boundary,0.2,0,0.6761554050389321,0.0032842228838383,0.6182383242455304,0.0579170807934017
heavy_tailed,101,1701,transformer_mdn4,boundary,0.2,1,0.3283777802416612,0.0011333147894153,0.5,-0.1716222197583387
heavy_tailed,101,1701,transformer_mdn4,boundary,0.2,2,-0.1818994226630469,0.0069020205334468,-0.2,0.018100577336953
heavy_tailed,101,1701,transformer_mdn4,boundary,0.1,0,0.6617751478911649,0.0052045101554235,0.6182383242455304,0.0435368236456344
heavy_tailed,101,1701,transformer_mdn4,boundary,0.1,1,0.3250778038046287,0.0015366157652879,0.5,-0.1749221961953713
heavy_tailed,101,1701,transformer_mdn4,boundary,0.1,2,-0.1782263679231238,0.0069631332941558,-0.2,0.0217736320768761
heavy_tailed,101,1701,transformer_mdn4,boundary,0.05,0,0.6605133292994917,0.0060755238291267,0.6182383242455304,0.0422750050539613
heavy_tailed,101,1701,transformer_mdn4,boundary,0.05,1,0.3252505192105019,0.0019848244502737,0.5,-0.1747494807894981
heavy_tailed,101,1701,transformer_mdn4,boundary,0.05,2,-0.1827116705658142,0.006300497617695,-0.2,0.0172883294341858
heavy_tailed,101,1701,transformer_mdn4,extrapolated,0.2,0,0.0539268939646294,0.0045358053064515,1.026929748370581,-0.9730028544059516
heavy_tailed,101,1701,transformer_mdn4,extrapolated,0.2,1,0.0431418543390322,0.0009852011216497,0.5,-0.4568581456609677
heavy_tailed,101,1701,transformer_mdn4,extrapolated,0.2,2,0.0204093806850976,0.0021519825134307,-0.2,0.2204093806850976
heavy_tailed,101,1701,transformer_mdn4,extrapolated,0.1,0,0.0586749062751079,0.0043781189768131,1.026929748370581,-0.9682548420954732
heavy_tailed,101,1701,transformer_mdn4,extrapolated,0.1,1,0.0432857669306543,0.0015172862879446,0.5,-0.4567142330693457
heavy_tailed,101,1701,transformer_mdn4,extrapolated,0.1,2,0.0215424738310852,0.0027936077765372,-0.2,0.2215424738310852
heavy_tailed,101,1701,transformer_mdn4,extrapolated,0.05,0,0.0588442516507048,0.004488764382603,1.026929748370581,-0.9680854967198762
heavy_tailed,101,1701,transformer_mdn4,extrapolated,0.05,1,0.0449838955646719,0.0050569205073199,0.5,-0.455016104435328
heavy_tailed,101,1701,transformer_mdn4,extrapolated,0.05,2,0.0241301686919373,0.0072113461381969,-0.2,0.2241301686919373
nonlinear_heteroskedastic,303,0,gp_rbf,central,0.2,0,1.5621221651973167,7.097913750487715e-06,1.6,-0.0378778348026833
nonlinear_heteroskedastic,303,0,gp_rbf,central,0.2,1,0.434575019595173,2.1920002327768465e-06,0.5,-0.065424980404827
nonlinear_heteroskedastic,303,0,gp_rbf,central,0.2,2,-0.2025632664275561,1.2145105199731895e-06,-0.2,-0.002563266427556
nonlinear_heteroskedastic,303,0,gp_rbf,central,0.1,0,1.5792094607398344,7.651679879970258e-06,1.6,-0.0207905392601657
nonlinear_heteroskedastic,303,0,gp_rbf,central,0.1,1,0.4338674887736195,2.3630160448359942e-06,0.5,-0.0661325112263804
nonlinear_heteroskedastic,303,0,gp_rbf,central,0.1,2,-0.2009111255463204,1.3092643891097962e-06,-0.2,-0.0009111255463204
nonlinear_heteroskedastic,303,0,gp_rbf,central,0.05,0,1.583510588136966,7.793258002232849e-06,1.6,-0.016489411863034
nonlinear_heteroskedastic,303,0,gp_rbf,central,0.05,1,0.4336805265793912,2.406738649936292e-06,0.5,-0.0663194734206087
nonlinear_heteroskedastic,303,0,gp_rbf,central,0.05,2,-0.2004888775534585,1.33348955248168e-06,-0.2,-0.0004888775534585
nonlinear_heteroskedastic,303,0,gp_rbf,boundary,0.2,0,0.4656111520593192,0.0001444068827382,0.6182383242455304,-0.1526271721862112
nonlinear_heteroskedastic,303,0,gp_rbf,boundary,0.2,1,0.4555624068906098,0.0002034683179016,0.5,-0.0444375931093901
nonlinear_heteroskedastic,303,0,gp_rbf,boundary,0.2,2,-0.2491552977786677,4.905234519835272e-05,-0.2,-0.0491552977786677
nonlinear_heteroskedastic,303,0,gp_rbf,boundary,0.1,0,0.4640001935786937,0.0001257946790448,0.6182383242455304,-0.1542381306668366
nonlinear_heteroskedastic,303,0,gp_rbf,boundary,0.1,1,0.4607902158313416,0.0001772438491907,0.5,-0.0392097841686583
nonlinear_heteroskedastic,303,0,gp_rbf,boundary,0.1,2,-0.2542960136446889,4.27301241016521e-05,-0.2,-0.0542960136446888
nonlinear_heteroskedastic,303,0,gp_rbf,boundary,0.05,0,0.4635855293836588,0.0001211178104267,0.6182383242455304,-0.1546527948618715
nonlinear_heteroskedastic,303,0,gp_rbf,boundary,0.05,1,0.4621109068169389,0.0001706541730458,0.5,-0.037889093183061
nonlinear_heteroskedastic,303,0,gp_rbf,boundary,0.05,2,-0.2555974965034538,4.114147839926623e-05,-0.2,-0.0555974965034538
nonlinear_heteroskedastic,303,0,gp_rbf,extrapolated,0.2,0,-0.5564571258256067,0.0050402154853655,1.026929748370581,-1.5833868741961878
nonlinear_heteroskedastic,303,0,gp_rbf,extrapolated,0.2,1,-0.3612571358327339,0.0019461957798302,0.5,-0.8612571358327339
nonlinear_heteroskedastic,303,0,gp_rbf,extrapolated,0.2,2,0.2221206876608881,0.0007354427374987,-0.2,0.4221206876608881
nonlinear_heteroskedastic,303,0,gp_rbf,extrapolated,0.1,0,-0.5585431027829617,0.0050704455053349,1.026929748370581,-1.5854728511535428
nonlinear_heteroskedastic,303,0,gp_rbf,extrapolated,0.1,1,-0.3654359083923986,0.0019578686016486,0.5,-0.8654359083923986
nonlinear_heteroskedastic,303,0,gp_rbf,extrapolated,0.1,2,0.2241869230918736,0.0007398537490328,-0.2,0.4241869230918736
nonlinear_heteroskedastic,303,0,gp_rbf,extrapolated,0.05,0,-0.5590599657821523,0.0050779746564111,1.026929748370581,-1.5859897141527337
nonlinear_heteroskedastic,303,0,gp_rbf,extrapolated,0.05,1,-0.3664859546664715,0.0019607758587088,0.5,-0.8664859546664716
nonlinear_heteroskedastic,303,0,gp_rbf,extrapolated,0.05,2,0.2247032657693618,0.0007409523646561,-0.2,0.4247032657693619
nonlinear_heteroskedastic,101,1701,mdn4,central,0.2,0,1.7330067609409332,0.004158907342622,1.6,0.1330067609409331
nonlinear_heteroskedastic,101,1701,mdn4,central,0.2,1,0.7218179869792835,0.0072666990326734,0.5,0.2218179869792834
nonlinear_heteroskedastic,101,1701,mdn4,central,0.2,2,-0.1478897720654602,0.0052728573487034,-0.2,0.0521102279345397
nonlinear_heteroskedastic,101,1701,mdn4,central,0.1,0,1.7969942832437436,0.0008714783487571,1.6,0.1969942832437434
nonlinear_heteroskedastic,101,1701,mdn4,central,0.1,1,0.7585758641897198,0.003291464980685,0.5,0.2585758641897198
nonlinear_heteroskedastic,101,1701,mdn4,central,0.1,2,-0.1463549973920506,0.0047571736304018,-0.2,0.0536450026079493
nonlinear_heteroskedastic,101,1701,mdn4,central,0.05,0,1.813812906470492,0.0043679791151547,1.6,0.2138129064704919
nonlinear_heteroskedastic,101,1701,mdn4,central,0.05,1,0.7501179891878982,0.0068114885828656,0.5,0.2501179891878982
nonlinear_heteroskedastic,101,1701,mdn4,central,0.05,2,-0.1393904433114908,0.0113908823976107,-0.2,0.0606095566885091
nonlinear_heteroskedastic,101,1701,mdn4,boundary,0.2,0,0.5545704186285474,0.0028305013894971,0.6182383242455304,-0.0636679056169829
nonlinear_heteroskedastic,101,1701,mdn4,boundary,0.2,1,0.0459092820907433,0.0018759644379203,0.5,-0.4540907179092566
nonlinear_heteroskedastic,101,1701,mdn4,boundary,0.2,2,-0.2460554312393619,0.0023220820844932,-0.2,-0.0460554312393619
nonlinear_heteroskedastic,101,1701,mdn4,boundary,0.1,0,0.5435892163687447,0.0042446836960758,0.6182383242455304,-0.0746491078767856
nonlinear_heteroskedastic,101,1701,mdn4,boundary,0.1,1,0.0374438209730519,0.001268975142378,0.5,-0.462556179026948
nonlinear_heteroskedastic,101,1701,mdn4,boundary,0.1,2,-0.2537083806077739,0.0075912569238066,-0.2,-0.0537083806077739
nonlinear_heteroskedastic,101,1701,mdn4,boundary,0.05,0,0.542337667432935,0.0058867516758118,0.6182383242455304,-0.0759006568125953
nonlinear_heteroskedastic,101,1701,mdn4,boundary,0.05,1,0.0367896360205688,0.0014929560100561,0.5,-0.4632103639794311
nonlinear_heteroskedastic,101,1701,mdn4,boundary,0.05,2,-0.2588881661785178,0.0076529998993883,-0.2,-0.0588881661785177
nonlinear_heteroskedastic,101,1701,mdn4,extrapolated,0.2,0,0.0188184722601599,0.0012931472169719,1.026929748370581,-1.0081112761104212
nonlinear_heteroskedastic,101,1701,mdn4,extrapolated,0.2,1,-0.1521613105310233,0.0030007670154063,0.5,-0.6521613105310233
nonlinear_heteroskedastic,101,1701,mdn4,extrapolated,0.2,2,0.0163115862275964,0.0025003288355707,-0.2,0.2163115862275964
nonlinear_heteroskedastic,101,1701,mdn4,extrapolated,0.1,0,0.0200670598562554,0.0003421703206017,1.026929748370581,-1.0068626885143257
nonlinear_heteroskedastic,101,1701,mdn4,extrapolated,0.1,1,-0.1511483222104769,0.0016654321544259,0.5,-0.6511483222104769
nonlinear_heteroskedastic,101,1701,mdn4,extrapolated,0.1,2,0.0214135694537008,0.0008899885102557,-0.2,0.2214135694537009
nonlinear_heteroskedastic,101,1701,mdn4,extrapolated,0.05,0,0.0202553970764363,0.0015176097887275,1.026929748370581,-1.0066743512941447
nonlinear_heteroskedastic,101,1701,mdn4,extrapolated,0.05,1,-0.150636240564627,0.001918913062021,0.5,-0.650636240564627
nonlinear_heteroskedastic,101,1701,mdn4,extrapolated,0.05,2,0.0285432874230691,0.0004551866172388,-0.2,0.2285432874230692
heavy_tailed,202,1701,gaussian_diag,central,0.2,0,1.475305239399285,0.0004259691926179,1.6,-0.1246947606007151
heavy_tailed,202,1701,gaussian_diag,central,0.2,1,0.5587383483274123,0.0011867708373134,0.5,0.0587383483274123
heavy_tailed,202,1701,gaussian_diag,central,0.2,2,-0.202023806359644,0.0006009124267341,-0.2,-0.0020238063596439
heavy_tailed,202,1701,gaussian_diag,central,0.1,0,1.4835976498988908,0.0004304098025026,1.6,-0.1164023501011093
heavy_tailed,202,1701,gaussian_diag,central,0.1,1,0.5607351188820892,0.0012177970113408,0.5,0.0607351188820891
heavy_tailed,202,1701,gaussian_diag,central,0.1,2,-0.2017799283756803,0.000611566780801,-0.2,-0.0017799283756802
heavy_tailed,202,1701,gaussian_diag,central,0.05,0,1.485697362809294,0.0004314701165109,1.6,-0.1143026371907061
heavy_tailed,202,1701,gaussian_diag,central,0.05,1,0.5612371753109902,0.001225647218716,0.5,0.0612371753109901
heavy_tailed,202,1701,gaussian_diag,central,0.05,2,-0.2017105072179986,0.0006142504410195,-0.2,-0.0017105072179986
heavy_tailed,202,1701,gaussian_diag,boundary,0.2,0,0.989603289187194,0.0003793330110759,0.6182383242455304,0.3713649649416635
heavy_tailed,202,1701,gaussian_diag,boundary,0.2,1,0.3732261180832061,0.0003678720882306,0.5,-0.1267738819167938
heavy_tailed,202,1701,gaussian_diag,boundary,0.2,2,-0.1901044742926655,3.158707373494786e-05,-0.2,0.0098955257073344
heavy_tailed,202,1701,gaussian_diag,boundary,0.1,0,0.9930413886049404,0.0003682474163218,0.6182383242455304,0.3748030643594101
heavy_tailed,202,1701,gaussian_diag,boundary,0.1,1,0.37543907384186,0.0003744233264489,0.5,-0.1245609261581399
heavy_tailed,202,1701,gaussian_diag,boundary,0.1,2,-0.1927456328686786,3.2770685150061035e-05,-0.2,0.0072543671313214
heavy_tailed,202,1701,gaussian_diag,boundary,0.05,0,0.9939196602015218,0.000365411215167,0.6182383242455304,0.3756813359559914
heavy_tailed,202,1701,gaussian_diag,boundary,0.05,1,0.3760046896245555,0.0003760688183943,0.5,-0.1239953103754444
heavy_tailed,202,1701,gaussian_diag,boundary,0.05,2,-0.1934165815884813,3.308324058108571e-05,-0.2,0.0065834184115186
heavy_tailed,202,1701,gaussian_diag,extrapolated,0.2,0,-0.0518330025086673,0.002316867681166,1.026929748370581,-1.0787627508792483
heavy_tailed,202,1701,gaussian_diag,extrapolated,0.2,1,-0.0669523372787513,0.0005144220488882,0.5,-0.5669523372787514
heavy_tailed,202,1701,gaussian_diag,extrapolated,0.2,2,0.1058246224438137,0.0005527685266509,-0.2,0.3058246224438137
heavy_tailed,202,1701,gaussian_diag,extrapolated,0.1,0,-0.0533148849137769,0.0023199840190757,1.026929748370581,-1.080244633284358
heavy_tailed,202,1701,gaussian_diag,extrapolated,0.1,1,-0.0675733580429717,0.0005141151381558,0.5,-0.5675733580429718
heavy_tailed,202,1701,gaussian_diag,extrapolated,0.1,2,0.1062275231698007,0.0005538483941053,-0.2,0.3062275231698007
heavy_tailed,202,1701,gaussian_diag,extrapolated,0.05,0,-0.0536822257792627,0.0023207536367952,1.026929748370581,-1.080611974149844
heavy_tailed,202,1701,gaussian_diag,extrapolated,0.05,1,-0.0677249225329782,0.0005140332600804,0.5,-0.5677249225329782
heavy_tailed,202,1701,gaussian_diag,extrapolated,0.05,2,0.1063273799920026,0.0005541195304622,-0.2,0.3063273799920026
bimodal,303,2903,gaussian_rank2,central,0.2,0,2.5107261272607397,0.0044323120600007,2.25,0.2607261272607397
bimodal,303,2903,gaussian_rank2,central,0.2,1,1.2496191880962588,0.0015274597132672,1.05,0.1996191880962587
bimodal,303,2903,gaussian_rank2,central,0.2,2,-0.5194022279972001,0.0004719461473266,-0.35,-0.1694022279972001
bimodal,303,2903,gaussian_rank2,central,0.1,0,2.549016756777565,0.0045462757832935,2.25,0.2990167567775645
bimodal,303,2903,gaussian_rank2,central,0.1,1,1.2638665710741364,0.0014791566837936,1.05,0.2138665710741363
bimodal,303,2903,gaussian_rank2,central,0.1,2,-0.5319669292396437,0.0004907327909872,-0.35,-0.1819669292396437
bimodal,303,2903,gaussian_rank2,central,0.05,0,2.5588133146790564,0.0045763602338561,2.25,0.3088133146790563
bimodal,303,2903,gaussian_rank2,central,0.05,1,1.267478182539684,0.0014666608134981,1.05,0.2174781825396841
bimodal,303,2903,gaussian_rank2,central,0.05,2,-0.5352233060928807,0.0004977006448353,-0.35,-0.1852233060928807
bimodal,303,2903,gaussian_rank2,boundary,0.2,0,0.9753524110850323,0.0027438002741604,0.9347346089919524,0.04061780209308
bimodal,303,2903,gaussian_rank2,boundary,0.2,1,0.604539695582837,0.0021457501681869,0.7678045486315878,-0.1632648530487507
bimodal,303,2903,gaussian_rank2,boundary,0.2,2,-0.1090632951233248,0.0003118611393004,-0.2730376041722512,0.1639743090489263
bimodal,303,2903,gaussian_rank2,boundary,0.1,0,0.966179635013352,0.0027578990647393,0.9347346089919524,0.0314450260213996
bimodal,303,2903,gaussian_rank2,boundary,0.1,1,0.600693790299572,0.0021521927474735,0.7678045486315878,-0.1671107583320157
bimodal,303,2903,gaussian_rank2,boundary,0.1,2,-0.1051320151713674,0.00033100103741,-0.2730376041722512,0.1679055890008838
bimodal,303,2903,gaussian_rank2,boundary,0.05,0,0.9638828651891962,0.0027612592547268,0.9347346089919524,0.0291482561972439
bimodal,303,2903,gaussian_rank2,boundary,0.05,1,0.5997226804640351,0.0021538275056299,0.7678045486315878,-0.1680818681675526
bimodal,303,2903,gaussian_rank2,boundary,0.05,2,-0.1041363828545148,0.0003358757815343,-0.2730376041722512,0.1689012213177363
bimodal,303,2903,gaussian_rank2,extrapolated,0.2,0,0.1749502945266101,0.0028429115000894,1.0442146957146352,-0.8692644011880251
bimodal,303,2903,gaussian_rank2,extrapolated,0.2,1,0.1284753014970861,0.0012600639493285,0.5146257246757381,-0.386150423178652
bimodal,303,2903,gaussian_rank2,extrapolated,0.2,2,0.0693250738912024,0.0004638675623734,-0.203988834002474,0.2733139078936765
bimodal,303,2903,gaussian_rank2,extrapolated,0.1,0,0.1740425702083681,0.0028430054649589,1.0442146957146352,-0.8701721255062671
bimodal,303,2903,gaussian_rank2,extrapolated,0.1,1,0.1279127386079463,0.0012577422352515,0.5146257246757381,-0.3867129860677918
bimodal,303,2903,gaussian_rank2,extrapolated,0.1,2,0.0694694331499122,0.0004612930928897,-0.203988834002474,0.2734582671523863
bimodal,303,2903,gaussian_rank2,extrapolated,0.05,0,0.1738175905677967,0.0028430511601929,1.0442146957146352,-0.8703971051468385
bimodal,303,2903,gaussian_rank2,extrapolated,0.05,1,0.1277722684409162,0.0012571410148972,0.5146257246757381,-0.3868534562348218
bimodal,303,2903,gaussian_rank2,extrapolated,0.05,2,0.0695074224894141,0.00046066654815,-0.203988834002474,0.2734962564918882
bimodal,101,1701,mdn4,central,0.2,0,2.1718497147142597,0.0234707748071537,2.25,-0.0781502852857403
bimodal,101,1701,mdn4,central,0.2,1,1.0748659845124442,0.0153145129061885,1.05,0.0248659845124441
bimodal,101,1701,mdn4,central,0.2,2,-0.4779539665024443,0.0086738798154992,-0.35,-0.1279539665024444
bimodal,101,1701,mdn4,central,0.1,0,2.211937706675854,0.0209998739970072,2.25,-0.0380622933241459
bimodal,101,1701,mdn4,central,0.1,1,1.1002183089724455,0.0185728592243006,1.05,0.0502183089724455
bimodal,101,1701,mdn4,central,0.1,2,-0.5075027400640226,0.0076086531642834,-0.35,-0.1575027400640226
bimodal,101,1701,mdn4,central,0.05,0,2.226804846081229,0.0665151347665685,2.25,-0.0231951539187709
bimodal,101,1701,mdn4,central,0.05,1,1.1120775180733593,0.0524874065623792,1.05,0.0620775180733592
bimodal,101,1701,mdn4,central,0.05,2,-0.5253768607221588,0.0164518522619866,-0.35,-0.1753768607221588
bimodal,101,1701,mdn4,boundary,0.2,0,0.8277080232090341,0.0045555686824889,0.9347346089919524,-0.1070265857829181
bimodal,101,1701,mdn4,boundary,0.2,1,0.7180880697446069,0.0053538075104364,0.7678045486315878,-0.0497164788869808
bimodal,101,1701,mdn4,boundary,0.2,2,-0.4265167923265898,0.003104820579013,-0.2730376041722512,-0.1534791881543385
bimodal,101,1701,mdn4,boundary,0.1,0,0.8087934381552335,0.0092618516623479,0.9347346089919524,-0.1259411708367187
bimodal,101,1701,mdn4,boundary,0.1,1,0.7181724594166741,0.0121809738327217,0.7678045486315878,-0.0496320892149136
bimodal,101,1701,mdn4,boundary,0.1,2,-0.4350007726782408,0.0044170865046328,-0.2730376041722512,-0.1619631685059895
bimodal,101,1701,mdn4,boundary,0.05,0,0.8021538705591813,0.0184733498958617,0.9347346089919524,-0.1325807384327709
bimodal,101,1701,mdn4,boundary,0.05,1,0.7141753165149884,0.0128292029184229,0.7678045486315878,-0.0536292321165993
bimodal,101,1701,mdn4,boundary,0.05,2,-0.4330914539744204,0.0033066430331424,-0.2730376041722512,-0.1600538498021692
bimodal,101,1701,mdn4,extrapolated,0.2,0,0.0196284261325385,0.0041723551505696,1.0442146957146352,-1.0245862695820966
bimodal,101,1701,mdn4,extrapolated,0.2,1,-0.3242695538898577,0.0014017837010972,0.5146257246757381,-0.8388952785655958
bimodal,101,1701,mdn4,extrapolated,0.2,2,0.3491779506323181,0.0025431279307721,-0.203988834002474,0.5531667846347921
bimodal,101,1701,mdn4,extrapolated,0.1,0,0.015863667669812,0.0090965789315897,1.0442146957146352,-1.0283510280448231
bimodal,101,1701,mdn4,extrapolated,0.1,1,-0.3196342100230555,0.0025251638060539,0.5146257246757381,-0.8342599346987936
bimodal,101,1701,mdn4,extrapolated,0.1,2,0.3533374033656922,0.0047274430989506,-0.203988834002474,0.5573262373681662
bimodal,101,1701,mdn4,extrapolated,0.05,0,0.0060761026197823,0.0043247886702852,1.0442146957146352,-1.0381385930948528
bimodal,101,1701,mdn4,extrapolated,0.05,1,-0.3192752258151014,0.0076461578689047,0.5146257246757381,-0.8339009504908395
bimodal,101,1701,mdn4,extrapolated,0.05,2,0.3610790874165165,0.0065552774527211,-0.203988834002474,0.5650679214189906
linear_gaussian,101,1701,gaussian_rank2,central,0.2,0,0.8232942108885436,0.0022952776058121,0.8,0.0232942108885435
linear_gaussian,101,1701,gaussian_rank2,central,0.2,1,0.6380851918574715,0.0032121193109438,0.5,0.1380851918574714
linear_gaussian,101,1701,gaussian_rank2,central,0.2,2,-0.3533526859431288,0.0002425621078525,-0.2,-0.1533526859431288
linear_gaussian,101,1701,gaussian_rank2,central,0.1,0,0.8247898442535789,0.0023355715509205,0.8,0.0247898442535788
linear_gaussian,101,1701,gaussian_rank2,central,0.1,1,0.6438047149029514,0.0032686691198909,0.5,0.1438047149029514
linear_gaussian,101,1701,gaussian_rank2,central,0.1,2,-0.3621860612404551,0.0002465539767313,-0.2,-0.1621860612404551
linear_gaussian,101,1701,gaussian_rank2,central,0.05,0,0.8251737827477768,0.0023458195738482,0.8,0.0251737827477767
linear_gaussian,101,1701,gaussian_rank2,central,0.05,1,0.6452601033657616,0.0032832890923227,0.5,0.1452601033657615
linear_gaussian,101,1701,gaussian_rank2,central,0.05,2,-0.3644520989452326,0.0002476107742415,-0.2,-0.1644520989452326
linear_gaussian,101,1701,gaussian_rank2,boundary,0.2,0,0.7516781763316596,0.0001751654045122,0.8,-0.0483218236683404
linear_gaussian,101,1701,gaussian_rank2,boundary,0.2,1,0.3254709515742859,0.0005776862860407,0.5,-0.1745290484257141
linear_gaussian,101,1701,gaussian_rank2,boundary,0.2,2,-0.0071877196175606,0.0020235161963986,-0.2,0.1928122803824393
linear_gaussian,101,1701,gaussian_rank2,boundary,0.1,0,0.7551437828420683,0.0001699156919857,0.8,-0.0448562171579317
linear_gaussian,101,1701,gaussian_rank2,boundary,0.1,1,0.3267552599418162,0.000564672011871,0.5,-0.1732447400581837
linear_gaussian,101,1701,gaussian_rank2,boundary,0.1,2,-0.0032170464410657,0.0020238573271168,-0.2,0.1967829535589343
linear_gaussian,101,1701,gaussian_rank2,boundary,0.05,0,0.7560258219244425,0.0001687227763081,0.8,-0.0439741780755575
linear_gaussian,101,1701,gaussian_rank2,boundary,0.05,1,0.3270977087058361,0.0005613807122258,0.5,-0.1729022912941638
linear_gaussian,101,1701,gaussian_rank2,boundary,0.05,2,-0.0021999555598528,0.0020238884934545,-0.2,0.1978000444401471
linear_gaussian,101,1701,gaussian_rank2,extrapolated,0.2,0,0.1359903623447678,0.0009363623790029,0.8,-0.6640096376552322
linear_gaussian,101,1701,gaussian_rank2,extrapolated,0.2,1,-0.0781226060587847,0.0009476521689047,0.5,-0.5781226060587847
linear_gaussian,101,1701,gaussian_rank2,extrapolated,0.2,2,0.0700787331881579,0.0011570480416682,-0.2,0.2700787331881579
linear_gaussian,101,1701,gaussian_rank2,extrapolated,0.1,0,0.1347036922568264,0.0009370828232759,0.8,-0.6652963077431736
linear_gaussian,101,1701,gaussian_rank2,extrapolated,0.1,1,-0.0790993770207965,0.0009513542108343,0.5,-0.5790993770207965
linear_gaussian,101,1701,gaussian_rank2,extrapolated,0.1,2,0.0698010800760845,0.0011572432783868,-0.2,0.2698010800760845
linear_gaussian,101,1701,gaussian_rank2,extrapolated,0.05,0,0.1343815599496389,0.0009372564763788,0.8,-0.6656184400503611
linear_gaussian,101,1701,gaussian_rank2,extrapolated,0.05,1,-0.0793429157122741,0.0009522794553907,0.5,-0.5793429157122741
linear_gaussian,101,1701,gaussian_rank2,extrapolated,0.05,2,0.069731349742918,0.0011572936842306,-0.2,0.269731349742918
linear_gaussian,202,2903,flow,central,0.2,0,0.8732638337435633,0.0005128199012427,0.8,0.0732638337435632
linear_gaussian,202,2903,flow,central,0.2,1,0.5271226278028279,0.0003083489886113,0.5,0.0271226278028279
linear_gaussian,202,2903,flow,central,0.2,2,-0.1697540931178352,0.0001877069725136,-0.2,0.0302459068821647
linear_gaussian,202,2903,flow,central,0.1,0,0.8739228112760772,0.0005148970381284,0.8,0.0739228112760771
linear_gaussian,202,2903,flow,central,0.1,1,0.5277354989976045,0.0003130085993078,0.5,0.0277354989976045
linear_gaussian,202,2903,flow,central,0.1,2,-0.1698095708368236,0.0001880210197281,-0.2,0.0301904291631764
linear_gaussian,202,2903,flow,central,0.05,0,0.8740863692298774,0.0005154192414352,0.8,0.0740863692298773
linear_gaussian,202,2903,flow,central,0.05,1,0.5278906138807941,0.0003141947692442,0.5,0.027890613880794
linear_gaussian,202,2903,flow,central,0.05,2,-0.1698259380032353,0.0001881194473808,-0.2,0.0301740619967647
linear_gaussian,202,2903,flow,boundary,0.2,0,0.8445433127248673,0.0009587953119248,0.8,0.0445433127248672
linear_gaussian,202,2903,flow,boundary,0.2,1,0.4530171717896625,0.0007182584877978,0.5,-0.0469828282103375
linear_gaussian,202,2903,flow,boundary,0.2,2,-0.2490210354840161,0.0003776901729079,-0.2,-0.049021035484016
linear_gaussian,202,2903,flow,boundary,0.1,0,0.8476752680240235,0.0009706319324266,0.8,0.0476752680240234
linear_gaussian,202,2903,flow,boundary,0.1,1,0.4531021979316347,0.0007287566063927,0.5,-0.0468978020683653
linear_gaussian,202,2903,flow,boundary,0.1,2,-0.2499613296488303,0.0003748456046706,-0.2,-0.0499613296488303
linear_gaussian,202,2903,flow,boundary,0.05,0,0.8484587695957982,0.0009736560144142,0.8,0.0484587695957982
linear_gaussian,202,2903,flow,boundary,0.05,1,0.4531136555181638,0.0007314371480681,0.5,-0.0468863444818361
linear_gaussian,202,2903,flow,boundary,0.05,2,-0.2501933713843122,0.0003741153856121,-0.2,-0.0501933713843122
linear_gaussian,202,2903,flow,extrapolated,0.2,0,0.1308000043198352,0.000379442640494,0.8,-0.6691999956801649
linear_gaussian,202,2903,flow,extrapolated,0.2,1,0.0595297486492807,0.0004706688904263,0.5,-0.4404702513507192
linear_gaussian,202,2903,flow,extrapolated,0.2,2,-0.022727138475221,0.00153471053635,-0.2,0.1772728615247789
linear_gaussian,202,2903,flow,extrapolated,0.1,0,0.129020905159007,0.0003781989241786,0.8,-0.6709790948409929
linear_gaussian,202,2903,flow,extrapolated,0.1,1,0.0582997759309716,0.0004713655046052,0.5,-0.4417002240690283
linear_gaussian,202,2903,flow,extrapolated,0.1,2,-0.0218981664023094,0.0015368579272343,-0.2,0.1781018335976905
linear_gaussian,202,2903,flow,extrapolated,0.05,0,0.1285771253610468,0.0003778697991242,0.8,-0.6714228746389532
linear_gaussian,202,2903,flow,extrapolated,0.05,1,0.0579917401734194,0.0004715327526889,0.5,-0.4420082598265806
linear_gaussian,202,2903,flow,extrapolated,0.05,2,-0.021690050328455,0.0015373873782003,-0.2,0.1783099496715449
linear_gaussian,202,1701,student_rank2,central,0.2,0,0.8915465823581612,0.0005566187908624,0.8,0.0915465823581611
linear_gaussian,202,1701,student_rank2,central,0.2,1,0.6862146086302139,0.0059175284467416,0.5,0.1862146086302138
linear_gaussian,202,1701,student_rank2,central,0.2,2,-0.2255535591723875,0.0018325971513013,-0.2,-0.0255535591723874
linear_gaussian,202,1701,student_rank2,central,0.1,0,0.8928438068907099,0.000525927708273,0.8,0.0928438068907098
linear_gaussian,202,1701,student_rank2,central,0.1,1,0.6930954470799989,0.0060511148516179,0.5,0.1930954470799989
linear_gaussian,202,1701,student_rank2,central,0.1,2,-0.2268827803132162,0.0018543037767073,-0.2,-0.0268827803132161
linear_gaussian,202,1701,student_rank2,central,0.05,0,0.8931701990759392,0.0005180743760925,0.8,0.0931701990759391
linear_gaussian,202,1701,student_rank2,central,0.05,1,0.6948533333037196,0.0060853175744048,0.5,0.1948533333037195
linear_gaussian,202,1701,student_rank2,central,0.05,2,-0.2272202811604482,0.0018599590530535,-0.2,-0.0272202811604482
linear_gaussian,202,1701,student_rank2,boundary,0.2,0,0.7695156749617743,0.0031191080159056,0.8,-0.0304843250382257
linear_gaussian,202,1701,student_rank2,boundary,0.2,1,0.3070120272343407,0.0031858705987805,0.5,-0.1929879727656593
linear_gaussian,202,1701,student_rank2,boundary,0.2,2,-0.1641329599277062,0.0010988943182602,-0.2,0.0358670400722937
linear_gaussian,202,1701,student_rank2,boundary,0.1,0,0.7749491400983591,0.0032039860700013,0.8,-0.0250508599016409
linear_gaussian,202,1701,student_rank2,boundary,0.1,1,0.3068262685081939,0.0031811973311764,0.5,-0.1931737314918061
linear_gaussian,202,1701,student_rank2,boundary,0.1,2,-0.166015980880949,0.0011204336901759,-0.2,0.0339840191190509
linear_gaussian,202,1701,student_rank2,boundary,0.05,0,0.7763374105900644,0.003225586543055,0.8,-0.0236625894099355
linear_gaussian,202,1701,student_rank2,boundary,0.05,1,0.3067849724788507,0.0031798490388566,0.5,-0.1932150275211492
linear_gaussian,202,1701,student_rank2,boundary,0.05,2,-0.1664977069282057,0.0011259205161338,-0.2,0.0335022930717942
linear_gaussian,202,1701,student_rank2,extrapolated,0.2,0,-0.0122502687575578,0.0010346448253743,0.8,-0.8122502687575579
linear_gaussian,202,1701,student_rank2,extrapolated,0.2,1,-0.089382046193069,0.0027976253770217,0.5,-0.589382046193069
linear_gaussian,202,1701,student_rank2,extrapolated,0.2,2,0.0920383534449343,0.0013353946297118,-0.2,0.2920383534449344
linear_gaussian,202,1701,student_rank2,extrapolated,0.1,0,-0.0139458204169259,0.0010365113593024,0.8,-0.813945820416926
linear_gaussian,202,1701,student_rank2,extrapolated,0.1,1,-0.0898208850523315,0.0027988439612496,0.5,-0.5898208850523315
linear_gaussian,202,1701,student_rank2,extrapolated,0.1,2,0.0924438668555749,0.0013335952124298,-0.2,0.2924438668555749
linear_gaussian,202,1701,student_rank2,extrapolated,0.05,0,-0.0143656505171526,0.0010370033262829,0.8,-0.8143656505171527
linear_gaussian,202,1701,student_rank2,extrapolated,0.05,1,-0.0899302692430781,0.0027991504174732,0.5,-0.5899302692430781
linear_gaussian,202,1701,student_rank2,extrapolated,0.05,2,0.0925447909083171,0.0013331463173256,-0.2,0.2925447909083171
bimodal,101,2903,edm,central,0.2,0,1.7504823774320293,0.0040330578610855,2.25,-0.4995176225679707
bimodal,101,2903,edm,central,0.2,1,0.7755195807242696,0.0024537307075806,1.05,-0.2744804192757304
bimodal,101,2903,edm,central,0.2,2,-0.3490699100753748,0.0008513993799758,-0.35,0.0009300899246251
bimodal,101,2903,edm,central,0.1,0,1.7624395648646267,0.0042053066364544,2.25,-0.4875604351353733
bimodal,101,2903,edm,central,0.1,1,0.7827273261748561,0.0025598625803699,1.05,-0.2672726738251439
bimodal,101,2903,edm,central,0.1,2,-0.3521260082521425,0.0008905767070502,-0.35,-0.0021260082521425
bimodal,101,2903,edm,central,0.05,0,1.7654695864514764,0.0042502055386631,2.25,-0.4845304135485235
bimodal,101,2903,edm,central,0.05,1,0.7845593491575249,0.0025874683225555,1.05,-0.2654406508424751
bimodal,101,2903,edm,central,0.05,2,-0.3529002917373544,0.0009007313204377,-0.35,-0.0029002917373544
bimodal,101,2903,edm,boundary,0.2,0,1.057713038459532,0.0020267817845421,0.9347346089919524,0.1229784294675798
bimodal,101,2903,edm,boundary,0.2,1,0.3935429856101711,0.0011792630885121,0.7678045486315878,-0.3742615630214166
bimodal,101,2903,edm,boundary,0.2,2,-0.2250164865462908,0.0008029354957493,-0.2730376041722512,0.0480211176259603
bimodal,101,2903,edm,boundary,0.1,0,1.0550811952281205,0.002057936351557,0.9347346089919524,0.120346586236168
bimodal,101,2903,edm,boundary,0.1,1,0.391114154507507,0.0011897557869673,0.7678045486315878,-0.3766903941240808
bimodal,101,2903,edm,boundary,0.1,2,-0.2244320659651928,0.000814822928869,-0.2730376041722512,0.0486055382070583
bimodal,101,2903,edm,boundary,0.05,0,1.054408044616913,0.0020661852317165,0.9347346089919524,0.1196734356249608
bimodal,101,2903,edm,boundary,0.05,1,0.3904965774087376,0.001192581343543,0.7678045486315878,-0.3773079712228501
bimodal,101,2903,edm,boundary,0.05,2,-0.2242806227785856,0.0008179518944123,-0.2730376041722512,0.0487569813936656
bimodal,101,2903,edm,extrapolated,0.2,0,0.2251942154982337,0.0015999387337129,1.0442146957146352,-0.8190204802164015
bimodal,101,2903,edm,extrapolated,0.2,1,0.0823427305101946,7.135447674110671e-05,0.5146257246757381,-0.4322829941655434
bimodal,101,2903,edm,extrapolated,0.2,2,-0.052739405334524,0.0001992243013286,-0.203988834002474,0.1512494286679499
bimodal,101,2903,edm,extrapolated,0.1,0,0.2241984519624029,0.001601224835841,1.0442146957146352,-0.8200162437522323
bimodal,101,2903,edm,extrapolated,0.1,1,0.0821177873454148,7.271889533858725e-05,0.5146257246757381,-0.4325079373303232
bimodal,101,2903,edm,extrapolated,0.1,2,-0.0526148012532149,0.0001989544145605,-0.203988834002474,0.151374032749259
bimodal,101,2903,edm,extrapolated,0.05,0,0.223949887399506,0.0016015631626285,1.0442146957146352,-0.8202648083151292
bimodal,101,2903,edm,extrapolated,0.05,1,0.0820619585492773,7.303381942214277e-05,0.5146257246757381,-0.4325637661264608
bimodal,101,2903,edm,extrapolated,0.05,2,-0.0525835613176661,0.0001988869922447,-0.203988834002474,0.1514052726848078
heavy_tailed,202,1701,gaussian_rank2,central,0.2,0,1.5104123799601374,0.0019121586898099,1.6,-0.0895876200398626
heavy_tailed,202,1701,gaussian_rank2,central,0.2,1,0.572091295392721,0.0046098219557893,0.5,0.0720912953927209
heavy_tailed,202,1701,gaussian_rank2,central,0.2,2,-0.2255761503772453,0.0018829333053482,-0.2,-0.0255761503772452
heavy_tailed,202,1701,gaussian_rank2,central,0.1,0,1.5229808599525263,0.0019086201926052,1.6,-0.0770191400474737
heavy_tailed,202,1701,gaussian_rank2,central,0.1,1,0.5761803249369939,0.0046984922547728,0.5,0.0761803249369938
heavy_tailed,202,1701,gaussian_rank2,central,0.1,2,-0.2275784890112615,0.0018951698187868,-0.2,-0.0275784890112615
heavy_tailed,202,1701,gaussian_rank2,central,0.05,0,1.526176142258257,0.0019075702481208,1.6,-0.0738238577417431
heavy_tailed,202,1701,gaussian_rank2,central,0.05,1,0.5772236769645135,0.004721143444735,0.5,0.0772236769645134
heavy_tailed,202,1701,gaussian_rank2,central,0.05,2,-0.2280835519609516,0.0018983353720271,-0.2,-0.0280835519609516
heavy_tailed,202,1701,gaussian_rank2,boundary,0.2,0,0.9151883107809594,0.0043917966221498,0.6182383242455304,0.296949986535429
heavy_tailed,202,1701,gaussian_rank2,boundary,0.2,1,0.3394573097414086,0.0030177604316842,0.5,-0.1605426902585913
heavy_tailed,202,1701,gaussian_rank2,boundary,0.2,2,-0.1371378507257941,0.0016585905414773,-0.2,0.0628621492742059
heavy_tailed,202,1701,gaussian_rank2,boundary,0.1,0,0.91366564750026,0.0044310835726302,0.6182383242455304,0.2954273232547297
heavy_tailed,202,1701,gaussian_rank2,boundary,0.1,1,0.3395048021182715,0.0030268238781084,0.5,-0.1604951978817284
heavy_tailed,202,1701,gaussian_rank2,boundary,0.1,2,-0.1378937384704566,0.0016591325461678,-0.2,0.0621062615295433
heavy_tailed,202,1701,gaussian_rank2,boundary,0.05,0,0.9132630667873584,0.0044407898054936,0.6182383242455304,0.295024742541828
heavy_tailed,202,1701,gaussian_rank2,boundary,0.05,1,0.3395162593000352,0.0030290431248969,0.5,-0.1604837406999648
heavy_tailed,202,1701,gaussian_rank2,boundary,0.05,2,-0.1380798240255748,0.0016591787827449,-0.2,0.0619201759744251
heavy_tailed,202,1701,gaussian_rank2,extrapolated,0.2,0,0.0405674791175823,0.0010369907219107,1.026929748370581,-0.9863622692529987
heavy_tailed,202,1701,gaussian_rank2,extrapolated,0.2,1,-0.0111669042477161,0.002066848924027,0.5,-0.511166904247716
heavy_tailed,202,1701,gaussian_rank2,extrapolated,0.2,2,0.1339728532570426,0.0011531051580727,-0.2,0.3339728532570426
heavy_tailed,202,1701,gaussian_rank2,extrapolated,0.1,0,0.0391585902563029,0.0010335811083719,1.026929748370581,-0.987771158114278
heavy_tailed,202,1701,gaussian_rank2,extrapolated,0.1,1,-0.0118410723796097,0.0020660279216093,0.5,-0.5118410723796097
heavy_tailed,202,1701,gaussian_rank2,extrapolated,0.1,2,0.1346187839176367,0.0011550247321295,-0.2,0.3346187839176368
heavy_tailed,202,1701,gaussian_rank2,extrapolated,0.05,0,0.038808634458336,0.0010327317262937,1.026929748370581,-0.988121113912245
heavy_tailed,202,1701,gaussian_rank2,extrapolated,0.05,1,-0.0120106765148468,0.0020658244712958,0.5,-0.5120106765148468
heavy_tailed,202,1701,gaussian_rank2,extrapolated,0.05,2,0.134779651755361,0.0011555102774346,-0.2,0.334779651755361
bimodal,101,2903,flow,central,0.2,0,2.162768971045147,0.0053409087719148,2.25,-0.0872310289548528
bimodal,101,2903,flow,central,0.2,1,1.112423309113339,0.0031258671660074,1.05,0.062423309113339
bimodal,101,2903,flow,central,0.2,2,-0.4349462120331335,0.0006918111069575,-0.35,-0.0849462120331335
bimodal,101,2903,flow,central,0.1,0,2.1802568720495894,0.0057914070719009,2.25,-0.0697431279504106
bimodal,101,2903,flow,central,0.1,1,1.1231115732746575,0.0034139256228789,1.05,0.0731115732746574
bimodal,101,2903,flow,central,0.1,2,-0.4388653876812339,0.0007513430380383,-0.35,-0.0888653876812339
bimodal,101,2903,flow,central,0.05,0,2.1847180038673653,0.0059176736678426,2.25,-0.0652819961326347
bimodal,101,2903,flow,central,0.05,1,1.1258385932201822,0.0034956064380093,1.05,0.0758385932201821
bimodal,101,2903,flow,central,0.05,2,-0.4398654673750311,0.0007690027322233,-0.35,-0.0898654673750311
bimodal,101,2903,flow,boundary,0.2,0,1.2054743383444413,0.0027161199376388,0.9347346089919524,0.270739729352489
bimodal,101,2903,flow,boundary,0.2,1,0.5218619129949146,0.0022436125320795,0.7678045486315878,-0.2459426356366731
bimodal,101,2903,flow,boundary,0.2,2,-0.2256003498057629,0.0009914437622095,-0.2730376041722512,0.0474372543664882
bimodal,101,2903,flow,boundary,0.1,0,1.2007345775486564,0.0028058948312071,0.9347346089919524,0.2659999685567041
bimodal,101,2903,flow,boundary,0.1,1,0.5180980925892172,0.0023076142707478,0.7678045486315878,-0.2497064560423705
bimodal,101,2903,flow,boundary,0.1,2,-0.2244067579816278,0.0009964496986131,-0.2730376041722512,0.0486308461906233
bimodal,101,2903,flow,boundary,0.05,0,1.199538855431698,0.0028266462506394,0.9347346089919524,0.2648042464397458
bimodal,101,2903,flow,boundary,0.05,1,0.5171478243292793,0.0023223023971129,0.7678045486315878,-0.2506567243023084
bimodal,101,2903,flow,boundary,0.05,2,-0.2241067690431741,0.0009971810839319,-0.2730376041722512,0.048930835129077
bimodal,101,2903,flow,extrapolated,0.2,0,0.3972794050924595,0.0017707521720901,1.0442146957146352,-0.6469352906221757
bimodal,101,2903,flow,extrapolated,0.2,1,0.155068526227979,0.0012572342061574,0.5146257246757381,-0.359557198447759
bimodal,101,2903,flow,extrapolated,0.2,2,-0.107950445687748,0.0001790615399427,-0.203988834002474,0.0960383883147259
bimodal,101,2903,flow,extrapolated,0.1,0,0.3964995689306801,0.0017749153805662,1.0442146957146352,-0.6477151267839552
bimodal,101,2903,flow,extrapolated,0.1,1,0.1548946470013087,0.0012580877553595,0.5146257246757381,-0.3597310776744293
bimodal,101,2903,flow,extrapolated,0.1,2,-0.1079137810133682,0.0001791434604365,-0.203988834002474,0.0960750529891057
bimodal,101,2903,flow,extrapolated,0.05,0,0.3963065817970094,0.0017759614178739,1.0442146957146352,-0.6479081139176257
bimodal,101,2903,flow,extrapolated,0.05,1,0.1548516053469365,0.0012582968365979,0.5146257246757381,-0.3597741193288015
bimodal,101,2903,flow,extrapolated,0.05,2,-0.1079051913082884,0.0001791681747779,-0.203988834002474,0.0960836426941855
bimodal,101,1701,student_rank2,central,0.2,0,2.3461712916864546,0.0010642494981302,2.25,0.0961712916864545
bimodal,101,1701,student_rank2,central,0.2,1,1.1249968549301057,0.0028924257665683,1.05,0.0749968549301056
bimodal,101,1701,student_rank2,central,0.2,2,-0.5565014330310931,0.0006416343197478,-0.35,-0.2065014330310931
bimodal,101,1701,student_rank2,central,0.1,0,2.374176425005889,0.0010969231741844,2.25,0.1241764250058889
bimodal,101,1701,student_rank2,central,0.1,1,1.1291139644034989,0.0029586768367283,1.05,0.0791139644034988
bimodal,101,1701,student_rank2,central,0.1,2,-0.5696703113515745,0.0006251641512108,-0.35,-0.2196703113515745
bimodal,101,1701,student_rank2,central,0.05,0,2.3813533094961667,0.001104999079071,2.25,0.1313533094961667
bimodal,101,1701,student_rank2,central,0.05,1,1.1300949113195753,0.0029757025550262,1.05,0.0800949113195752
bimodal,101,1701,student_rank2,central,0.05,2,-0.5730813532216285,0.0006206644750188,-0.35,-0.2230813532216284
bimodal,101,1701,student_rank2,boundary,0.2,0,0.9854835955620888,0.0044599597124672,0.9347346089919524,0.0507489865701364
bimodal,101,1701,student_rank2,boundary,0.2,1,0.6401471512436672,0.0034668756281926,0.7678045486315878,-0.1276573973879206
bimodal,101,1701,student_rank2,boundary,0.2,2,-0.1417613397574339,0.0026399749442896,-0.2730376041722512,0.1312762644148172
bimodal,101,1701,student_rank2,boundary,0.1,0,0.9792975341909276,0.0044927553565441,0.9347346089919524,0.0445629251989752
bimodal,101,1701,student_rank2,boundary,0.1,1,0.6440335932036029,0.0034806827135906,0.7678045486315878,-0.1237709554279848
bimodal,101,1701,student_rank2,boundary,0.1,2,-0.1371432740478555,0.0026626413397352,-0.2730376041722512,0.1358943301243956
bimodal,101,1701,student_rank2,boundary,0.05,0,0.9777163283338028,0.0045010303275539,0.9347346089919524,0.0429817193418504
bimodal,101,1701,student_rank2,boundary,0.05,1,0.6450282984047387,0.0034840571646089,0.7678045486315878,-0.122776250226849
bimodal,101,1701,student_rank2,boundary,0.05,2,-0.1359751574895743,0.0026683387349186,-0.2730376041722512,0.1370624466826768
bimodal,101,1701,student_rank2,extrapolated,0.2,0,-0.128527959831845,0.0015114156116819,1.0442146957146352,-1.1727426555464802
bimodal,101,1701,student_rank2,extrapolated,0.2,1,-0.070382247828676,0.0024934840766331,0.5146257246757381,-0.5850079725044142
bimodal,101,1701,student_rank2,extrapolated,0.2,2,-0.0517612061115654,0.0013764647459753,-0.203988834002474,0.1522276278909086
bimodal,101,1701,student_rank2,extrapolated,0.1,0,-0.1299225036161622,0.0015035597828095,1.0442146957146352,-1.1741371993307974
bimodal,101,1701,student_rank2,extrapolated,0.1,1,-0.0716523743380048,0.0024912243236447,0.5146257246757381,-0.586278099013743
bimodal,101,1701,student_rank2,extrapolated,0.1,2,-0.0519544357124808,0.0013784672297443,-0.203988834002474,0.1520343982899931
bimodal,101,1701,student_rank2,extrapolated,0.05,0,-0.1302724097597551,0.0015015626041206,1.0442146957146352,-1.1744871054743904
bimodal,101,1701,student_rank2,extrapolated,0.05,1,-0.0719724073291994,0.0024906743225384,0.5146257246757381,-0.5865981320049375
bimodal,101,1701,student_rank2,extrapolated,0.05,2,-0.0520026876205944,0.0013789692456082,-0.203988834002474,0.1519861463818796
nonlinear_heteroskedastic,303,1701,gaussian_diag,central,0.2,0,1.5234283959693469,0.0031718612167496,1.6,-0.0765716040306532
nonlinear_heteroskedastic,303,1701,gaussian_diag,central,0.2,1,0.4203836258845692,0.0009574888305528,0.5,-0.0796163741154307
nonlinear_heteroskedastic,303,1701,gaussian_diag,central,0.2,2,-0.2633416212969121,8.929126623674834e-05,-0.2,-0.063341621296912
nonlinear_heteroskedastic,303,1701,gaussian_diag,central,0.1,0,1.539158750743989,0.0032275518723809,1.6,-0.060841249256011
nonlinear_heteroskedastic,303,1701,gaussian_diag,central,0.1,1,0.4193726410083507,0.0009893811283868,0.5,-0.0806273589916493
nonlinear_heteroskedastic,303,1701,gaussian_diag,central,0.1,2,-0.2657895031298165,9.478271805100552e-05,-0.2,-0.0657895031298164
nonlinear_heteroskedastic,303,1701,gaussian_diag,central,0.05,0,1.543130330253627,0.0032416634839,1.6,-0.056869669746373
nonlinear_heteroskedastic,303,1701,gaussian_diag,central,0.05,1,0.419110875800383,0.0009974486169877,0.5,-0.0808891241996169
nonlinear_heteroskedastic,303,1701,gaussian_diag,central,0.05,2,-0.2664183787251377,9.618467645196668e-05,-0.2,-0.0664183787251377
nonlinear_heteroskedastic,303,1701,gaussian_diag,boundary,0.2,0,0.6983318289406881,6.0770642483751066e-05,0.6182383242455304,0.0800935046951577
nonlinear_heteroskedastic,303,1701,gaussian_diag,boundary,0.2,1,0.4827922143284693,0.0005385088012502,0.5,-0.0172077856715306
nonlinear_heteroskedastic,303,1701,gaussian_diag,boundary,0.2,2,-0.1637765575352077,0.0002069940858877,-0.2,0.0362234424647922
nonlinear_heteroskedastic,303,1701,gaussian_diag,boundary,0.1,0,0.6989280551967539,4.720216763685842e-05,0.6182383242455304,0.0806897309512235
nonlinear_heteroskedastic,303,1701,gaussian_diag,boundary,0.1,1,0.4857034572194958,0.0005349111137849,0.5,-0.0142965427805041
nonlinear_heteroskedastic,303,1701,gaussian_diag,boundary,0.1,2,-0.1671975905045507,0.0002095289218312,-0.2,0.0328024094954492
nonlinear_heteroskedastic,303,1701,gaussian_diag,boundary,0.05,0,0.6990977386592904,4.3774628995390005e-05,0.6182383242455304,0.0808594144137599
nonlinear_heteroskedastic,303,1701,gaussian_diag,boundary,0.05,1,0.4864272228072258,0.0005339904838539,0.5,-0.0135727771927742
nonlinear_heteroskedastic,303,1701,gaussian_diag,boundary,0.05,2,-0.1680892989130248,0.0002101496227991,-0.2,0.0319107010869751
nonlinear_heteroskedastic,303,1701,gaussian_diag,extrapolated,0.2,0,-0.1893248061970483,6.47696959439406e-05,1.026929748370581,-1.216254554567629
nonlinear_heteroskedastic,303,1701,gaussian_diag,extrapolated,0.2,1,-0.0016026934599642,3.802115751342132e-05,0.5,-0.5016026934599642
nonlinear_heteroskedastic,303,1701,gaussian_diag,extrapolated,0.2,2,0.0559425559215729,3.857148763101516e-06,-0.2,0.255942555921573
nonlinear_heteroskedastic,303,1701,gaussian_diag,extrapolated,0.1,0,-0.1899903468088933,6.53871049114057e-05,1.026929748370581,-1.2169200951794743
nonlinear_heteroskedastic,303,1701,gaussian_diag,extrapolated,0.1,1,-0.0030183842874396,3.795035077264504e-05,0.5,-0.5030183842874396
nonlinear_heteroskedastic,303,1701,gaussian_diag,extrapolated,0.1,2,0.0554099000861529,5.085673577167071e-06,-0.2,0.2554099000861529
nonlinear_heteroskedastic,303,1701,gaussian_diag,extrapolated,0.05,0,-0.1901548788372394,6.555100518455208e-05,1.026929748370581,-1.2170846272078204
nonlinear_heteroskedastic,303,1701,gaussian_diag,extrapolated,0.05,1,-0.003371146281352,3.794089951350287e-05,0.5,-0.503371146281352
nonlinear_heteroskedastic,303,1701,gaussian_diag,extrapolated,0.05,2,0.0552748221205935,5.395968547325544e-06,-0.2,0.2552748221205935
nonlinear_heteroskedastic,101,2903,flow,central,0.2,0,1.4604741799292629,0.00020575957639,1.6,-0.1395258200707372
nonlinear_heteroskedastic,101,2903,flow,central,0.2,1,0.5206399573165646,0.0001291524675808,0.5,0.0206399573165646
nonlinear_heteroskedastic,101,2903,flow,central,0.2,2,-0.2502545080226117,6.39796403359564e-05,-0.2,-0.0502545080226116
nonlinear_heteroskedastic,101,2903,flow,central,0.1,0,1.4674901526675586,0.0001985386194054,1.6,-0.1325098473324415
nonlinear_heteroskedastic,101,2903,flow,central,0.1,1,0.5208870206499805,0.0001436383290946,0.5,0.0208870206499804
nonlinear_heteroskedastic,101,2903,flow,central,0.1,2,-0.252236284251849,6.906333233824969e-05,-0.2,-0.052236284251849
nonlinear_heteroskedastic,101,2903,flow,central,0.05,0,1.46925858823851,0.0001968542804605,1.6,-0.13074141176149
nonlinear_heteroskedastic,101,2903,flow,central,0.05,1,0.5209352281812575,0.000147330674564,0.5,0.0209352281812574
nonlinear_heteroskedastic,101,2903,flow,central,0.05,2,-0.2527367133586232,7.036223413523818e-05,-0.2,-0.0527367133586231
nonlinear_heteroskedastic,101,2903,flow,boundary,0.2,0,1.0149210354992029,0.0021785972426226,0.6182383242455304,0.3966827112536722
nonlinear_heteroskedastic,101,2903,flow,boundary,0.2,1,0.3865897155228429,0.0012678898935498,0.5,-0.1134102844771571
nonlinear_heteroskedastic,101,2903,flow,boundary,0.2,2,-0.1328668476440742,0.0004266090576524,-0.2,0.0671331523559257
nonlinear_heteroskedastic,101,2903,flow,boundary,0.1,0,1.0164555899960976,0.0021920845398046,0.6182383242455304,0.3982172657505672
nonlinear_heteroskedastic,101,2903,flow,boundary,0.1,1,0.3889431203938354,0.0012828109319542,0.5,-0.1110568796061646
nonlinear_heteroskedastic,101,2903,flow,boundary,0.1,2,-0.1316706293446914,0.0004314040525856,-0.2,0.0683293706553085
nonlinear_heteroskedastic,101,2903,flow,boundary,0.05,0,1.0168524864306077,0.0021955364165301,0.6182383242455304,0.3986141621850773
nonlinear_heteroskedastic,101,2903,flow,boundary,0.05,1,0.3895483782585049,0.0012866453264384,0.5,-0.110451621741495
nonlinear_heteroskedastic,101,2903,flow,boundary,0.05,2,-0.1313643683958645,0.0004326217958741,-0.2,0.0686356316041354
nonlinear_heteroskedastic,101,2903,flow,extrapolated,0.2,0,0.2010566937668612,0.0016107239384122,1.026929748370581,-0.8258730546037198
nonlinear_heteroskedastic,101,2903,flow,extrapolated,0.2,1,-0.0306742039036703,0.0003708852756887,0.5,-0.5306742039036703
nonlinear_heteroskedastic,101,2903,flow,extrapolated,0.2,2,-0.0832432318477049,0.0001740284454429,-0.2,0.1167567681522951
nonlinear_heteroskedastic,101,2903,flow,extrapolated,0.1,0,0.1995960295556131,0.001617083901462,1.026929748370581,-0.8273337188149679
nonlinear_heteroskedastic,101,2903,flow,extrapolated,0.1,1,-0.0317666133383692,0.0003666419894663,0.5,-0.5317666133383693
nonlinear_heteroskedastic,101,2903,flow,extrapolated,0.1,2,-0.0832514051153161,0.000173542429751,-0.2,0.1167485948846838
nonlinear_heteroskedastic,101,2903,flow,extrapolated,0.05,0,0.1992315989838422,0.0016186738692054,1.026929748370581,-0.8276981493867388
nonlinear_heteroskedastic,101,2903,flow,extrapolated,0.05,1,-0.0320400630105484,0.0003655681057777,0.5,-0.5320400630105485
nonlinear_heteroskedastic,101,2903,flow,extrapolated,0.05,2,-0.083253472023191,0.0001734086781684,-0.2,0.1167465279768089
nonlinear_heteroskedastic,101,2903,transformer_mdn4,central,0.2,0,1.3563267123573255,0.0025294628667911,1.6,-0.2436732876426746
nonlinear_heteroskedastic,101,2903,transformer_mdn4,central,0.2,1,0.3549427504285068,0.0019729453089594,0.5,-0.1450572495714931
nonlinear_heteroskedastic,101,2903,transformer_mdn4,central,0.2,2,-0.2264179008676999,0.0037848553317918,-0.2,-0.0264179008676999
nonlinear_heteroskedastic,101,2903,transformer_mdn4,central,0.1,0,1.348430319283357,0.0032382930590489,1.6,-0.2515696807166427
nonlinear_heteroskedastic,101,2903,transformer_mdn4,central,0.1,1,0.3340483855635317,0.0030735457737383,0.5,-0.1659516144364682
nonlinear_heteroskedastic,101,2903,transformer_mdn4,central,0.1,2,-0.2367811217326846,0.0056830236319544,-0.2,-0.0367811217326845
nonlinear_heteroskedastic,101,2903,transformer_mdn4,central,0.05,0,1.3397448820177598,0.0094373683119145,1.6,-0.2602551179822403
nonlinear_heteroskedastic,101,2903,transformer_mdn4,central,0.05,1,0.3266903685521165,0.0063978412326724,0.5,-0.1733096314478834
nonlinear_heteroskedastic,101,2903,transformer_mdn4,central,0.05,2,-0.2342224490181442,0.009126550455513,-0.2,-0.0342224490181442
nonlinear_heteroskedastic,101,2903,transformer_mdn4,boundary,0.2,0,0.7522356020965527,0.0051277765969289,0.6182383242455304,0.1339972778510223
nonlinear_heteroskedastic,101,2903,transformer_mdn4,boundary,0.2,1,0.4161276437537144,0.0026548756576642,0.5,-0.0838723562462855
nonlinear_heteroskedastic,101,2903,transformer_mdn4,boundary,0.2,2,-0.1348592676129349,0.0033130209308156,-0.2,0.065140732387065
nonlinear_heteroskedastic,101,2903,transformer_mdn4,boundary,0.1,0,0.7473710822395775,0.0032958125609155,0.6182383242455304,0.1291327579940471
nonlinear_heteroskedastic,101,2903,transformer_mdn4,boundary,0.1,1,0.4198864995837186,0.0047160107453249,0.5,-0.0801135004162813
nonlinear_heteroskedastic,101,2903,transformer_mdn4,boundary,0.1,2,-0.1352645597128905,0.002677051285766,-0.2,0.0647354402871094
nonlinear_heteroskedastic,101,2903,transformer_mdn4,boundary,0.05,0,0.7255350199339946,0.0021212685686789,0.6182383242455304,0.1072966956884642
nonlinear_heteroskedastic,101,2903,transformer_mdn4,boundary,0.05,1,0.4117824012736266,0.0110001424331474,0.5,-0.0882175987263734
nonlinear_heteroskedastic,101,2903,transformer_mdn4,boundary,0.05,2,-0.1333694918665623,0.0055195927851828,-0.2,0.0666305081334376
nonlinear_heteroskedastic,101,2903,transformer_mdn4,extrapolated,0.2,0,0.0139326943023983,0.0033784238855718,1.026929748370581,-1.0129970540681827
nonlinear_heteroskedastic,101,2903,transformer_mdn4,extrapolated,0.2,1,0.0182030553163364,0.0014736315655347,0.5,-0.4817969446836635
nonlinear_heteroskedastic,101,2903,transformer_mdn4,extrapolated,0.2,2,0.001626468251214,0.0006035922719197,-0.2,0.201626468251214
nonlinear_heteroskedastic,101,2903,transformer_mdn4,extrapolated,0.1,0,0.0102959975238333,0.0064538848403868,1.026929748370581,-1.0166337508467478
nonlinear_heteroskedastic,101,2903,transformer_mdn4,extrapolated,0.1,1,0.0161013598548559,0.0035691011080729,0.5,-0.483898640145144
nonlinear_heteroskedastic,101,2903,transformer_mdn4,extrapolated,0.1,2,0.0009433879117578,0.0009402710638799,-0.2,0.2009433879117578
nonlinear_heteroskedastic,101,2903,transformer_mdn4,extrapolated,0.05,0,0.0068302909057282,0.0122374451446911,1.026929748370581,-1.0200994574648528
nonlinear_heteroskedastic,101,2903,transformer_mdn4,extrapolated,0.05,1,0.0156584899589403,0.0056470236463468,0.5,-0.4843415100410597
nonlinear_heteroskedastic,101,2903,transformer_mdn4,extrapolated,0.05,2,-0.0003696658884649,0.0022006280370305,-0.2,0.199630334111535
heavy_tailed,202,1701,flow,central,0.2,0,1.4361706146482929,0.0004099760805928,1.6,-0.1638293853517072
heavy_tailed,202,1701,flow,central,0.2,1,0.5415131135921857,0.0004782066235034,0.5,0.0415131135921856
heavy_tailed,202,1701,flow,central,0.2,2,-0.2132774730216891,0.000427531348439,-0.2,-0.0132774730216891
heavy_tailed,202,1701,flow,central,0.1,0,1.4414622463467284,0.000410021024473,1.6,-0.1585377536532717
heavy_tailed,202,1701,flow,central,0.1,1,0.5437078714333881,0.0004792432199958,0.5,0.043707871433388
heavy_tailed,202,1701,flow,central,0.1,2,-0.213571822141961,0.000434957929257,-0.2,-0.013571822141961
heavy_tailed,202,1701,flow,central,0.05,0,1.4428017739214605,0.0004100243556638,1.6,-0.1571982260785398
heavy_tailed,202,1701,flow,central,0.05,1,0.5442638442120532,0.0004795007186908,0.5,0.0442638442120532
heavy_tailed,202,1701,flow,central,0.05,2,-0.2136460520314108,0.0004368246041111,-0.2,-0.0136460520314108
heavy_tailed,202,1701,flow,boundary,0.2,0,1.1721382523747474,0.0011405659581504,0.6182383242455304,0.5538999281292171
heavy_tailed,202,1701,flow,boundary,0.2,1,0.429566201678766,0.0013359295354436,0.5,-0.0704337983212339
heavy_tailed,202,1701,flow,boundary,0.2,2,-0.255303275279519,0.0007637614336566,-0.2,-0.055303275279519
heavy_tailed,202,1701,flow,boundary,0.1,0,1.1723996895543634,0.0011333308190326,0.6182383242455304,0.554161365308833
heavy_tailed,202,1701,flow,boundary,0.1,1,0.4306195648384143,0.0013361121403208,0.5,-0.0693804351615856
heavy_tailed,202,1701,flow,boundary,0.1,2,-0.2562756121402014,0.0007636738249126,-0.2,-0.0562756121402014
heavy_tailed,202,1701,flow,boundary,0.05,0,1.1724616974770947,0.0011315265968658,0.6182383242455304,0.5542233732315643
heavy_tailed,202,1701,flow,boundary,0.05,1,0.4308824492153669,0.0013361570219302,0.5,-0.069117550784633
heavy_tailed,202,1701,flow,boundary,0.05,2,-0.2565180345332595,0.0007636478564618,-0.2,-0.0565180345332595
heavy_tailed,202,1701,flow,extrapolated,0.2,0,0.4494450537713308,0.0043381994350545,1.026929748370581,-0.5774846945992502
heavy_tailed,202,1701,flow,extrapolated,0.2,1,-0.0638235581300582,0.0025565445939618,0.5,-0.5638235581300582
heavy_tailed,202,1701,flow,extrapolated,0.2,2,-0.0935286853590309,0.0007862152517143,-0.2,0.106471314640969
heavy_tailed,202,1701,flow,extrapolated,0.1,0,0.4489898065384386,0.0043638358340788,1.026929748370581,-0.5779399418321425
heavy_tailed,202,1701,flow,extrapolated,0.1,1,-0.0652611029538992,0.0025867678698117,0.5,-0.5652611029538993
heavy_tailed,202,1701,flow,extrapolated,0.1,2,-0.0930821935061233,0.0007890475130861,-0.2,0.1069178064938766
heavy_tailed,202,1701,flow,extrapolated,0.05,0,0.4488770425206375,0.0043703427431276,1.026929748370581,-0.5780527058499436
heavy_tailed,202,1701,flow,extrapolated,0.05,1,-0.0656224983729599,0.00259444745823,0.5,-0.56562249837296
heavy_tailed,202,1701,flow,extrapolated,0.05,2,-0.092970009640748,0.0007897640156743,-0.2,0.107029990359252
nonlinear_heteroskedastic,202,0,ridge,central,0.2,0,1.33752880458774,3.845925372767128e-16,1.6,-0.26247119541226
nonlinear_heteroskedastic,202,0,ridge,central,0.2,1,0.5339490145339103,5.187645042750225e-16,0.5,0.0339490145339103
nonlinear_heteroskedastic,202,0,ridge,central,0.2,2,-0.2017293412825214,5.665583147960492e-17,-0.2,-0.0017293412825214
nonlinear_heteroskedastic,202,0,ridge,central,0.1,0,1.3375288045877405,4.6222270443732795e-16,1.6,-0.2624711954122596
nonlinear_heteroskedastic,202,0,ridge,central,0.1,1,0.5339490145339109,3.764949453935611e-16,0.5,0.0339490145339108
nonlinear_heteroskedastic,202,0,ridge,central,0.1,2,-0.2017293412825213,1.1274368112207335e-16,-0.2,-0.0017293412825213
nonlinear_heteroskedastic,202,0,ridge,central,0.05,0,1.3375288045877385,3.391787365751734e-16,1.6,-0.2624711954122616
nonlinear_heteroskedastic,202,0,ridge,central,0.05,1,0.5339490145339109,2.0770370905276122e-16,0.5,0.0339490145339108
nonlinear_heteroskedastic,202,0,ridge,central,0.05,2,-0.2017293412825214,4.2397342071896675e-17,-0.2,-0.0017293412825213
nonlinear_heteroskedastic,202,0,ridge,boundary,0.2,0,1.3375288045877396,5.6385049384234815e-15,0.6182383242455304,0.7192904803422092
nonlinear_heteroskedastic,202,0,ridge,boundary,0.2,1,0.5339490145339086,4.8393499691331275e-16,0.5,0.0339490145339086
nonlinear_heteroskedastic,202,0,ridge,boundary,0.2,2,-0.2017293412825213,4.01577556656276e-16,-0.2,-0.0017293412825212
nonlinear_heteroskedastic,202,0,ridge,boundary,0.1,0,1.33752880458774,3.3343677636035645e-15,0.6182383242455304,0.7192904803422097
nonlinear_heteroskedastic,202,0,ridge,boundary,0.1,1,0.5339490145339133,1.648597081617964e-15,0.5,0.0339490145339133
nonlinear_heteroskedastic,202,0,ridge,boundary,0.1,2,-0.2017293412825207,7.782292527558784e-16,-0.2,-0.0017293412825207
nonlinear_heteroskedastic,202,0,ridge,boundary,0.05,0,1.337528804587744,1.6813679240650574e-14,0.6182383242455304,0.7192904803422137
nonlinear_heteroskedastic,202,0,ridge,boundary,0.05,1,0.533949014533906,4.4869129348949825e-15,0.5,0.0339490145339059
nonlinear_heteroskedastic,202,0,ridge,boundary,0.05,2,-0.2017293412825198,1.0427135998304652e-15,-0.2,-0.0017293412825198
nonlinear_heteroskedastic,202,0,ridge,extrapolated,0.2,0,1.337528804587727,9.978428602784338e-15,1.026929748370581,0.3105990562171459
nonlinear_heteroskedastic,202,0,ridge,extrapolated,0.2,1,0.53394901453391,4.923518887275036e-16,0.5,0.0339490145339099
nonlinear_heteroskedastic,202,0,ridge,extrapolated,0.2,2,-0.2017293412825219,1.1812163421845045e-15,-0.2,-0.0017293412825219
nonlinear_heteroskedastic,202,0,ridge,extrapolated,0.1,0,1.3375288045877165,1.2582962986464434e-14,1.026929748370581,0.3105990562171352
nonlinear_heteroskedastic,202,0,ridge,extrapolated,0.1,1,0.5339490145339065,8.973825869789965e-15,0.5,0.0339490145339065
nonlinear_heteroskedastic,202,0,ridge,extrapolated,0.1,2,-0.201729341282523,1.2517220967226829e-15,-0.2,-0.001729341282523
nonlinear_heteroskedastic,202,0,ridge,extrapolated,0.05,0,1.3375288045877642,1.1749496091904412e-14,1.026929748370581,0.3105990562171832
nonlinear_heteroskedastic,202,0,ridge,extrapolated,0.05,1,0.5339490145338958,1.1561521638789909e-14,0.5,0.0339490145338957
nonlinear_heteroskedastic,202,0,ridge,extrapolated,0.05,2,-0.2017293412825216,1.110223024625157e-15,-0.2,-0.0017293412825216
bimodal,202,0,ridge,central,0.2,0,1.8296685287177088,3.737567639961684e-16,2.25,-0.4203314712822912
bimodal,202,0,ridge,central,0.2,1,0.9505422488541307,2.2662332591841974e-16,1.05,-0.0994577511458693
bimodal,202,0,ridge,central,0.2,2,-0.3167636343194056,1.949487562649258e-16,-0.35,0.0332363656805943
bimodal,202,0,ridge,central,0.1,0,1.829668528717708,1.0012545798738546e-15,2.25,-0.4203314712822921
bimodal,202,0,ridge,central,0.1,1,0.9505422488541316,5.305116045288624e-16,1.05,-0.0994577511458685
bimodal,202,0,ridge,central,0.1,2,-0.3167636343194057,1.8549918689772904e-16,-0.35,0.0332363656805942
bimodal,202,0,ridge,central,0.05,0,1.8296685287177088,8.741904837807691e-16,2.25,-0.4203314712822912
bimodal,202,0,ridge,central,0.05,1,0.9505422488541312,1.5032490816276447e-16,1.05,-0.0994577511458688
bimodal,202,0,ridge,central,0.05,2,-0.3167636343194055,2.0521614974769298e-16,-0.35,0.0332363656805944
bimodal,202,0,ridge,boundary,0.2,0,1.829668528717716,3.0146865528996112e-15,0.9347346089919524,0.8949339197257636
bimodal,202,0,ridge,boundary,0.2,1,0.9505422488541324,5.9787339602818175e-16,0.7678045486315878,0.1827377002225446
bimodal,202,0,ridge,boundary,0.2,2,-0.3167636343194062,4.335559509131367e-16,-0.2730376041722512,-0.0437260301471549
bimodal,202,0,ridge,boundary,0.1,0,1.82966852871772,1.4135774147626351e-14,0.9347346089919524,0.8949339197257676
bimodal,202,0,ridge,boundary,0.1,1,0.9505422488541324,8.51573145259177e-16,0.7678045486315878,0.1827377002225447
bimodal,202,0,ridge,boundary,0.1,2,-0.3167636343194051,2.634782473413812e-15,-0.2730376041722512,-0.0437260301471538
bimodal,202,0,ridge,boundary,0.05,0,1.8296685287176917,1.2625990704234372e-14,0.9347346089919524,0.8949339197257394
bimodal,202,0,ridge,boundary,0.05,1,0.9505422488541372,3.899765378009121e-15,0.7678045486315878,0.1827377002225494
bimodal,202,0,ridge,boundary,0.05,2,-0.3167636343194059,1.7651906014250404e-15,-0.2730376041722512,-0.0437260301471547
bimodal,202,0,ridge,extrapolated,0.2,0,1.8296685287177008,4.622227044373279e-15,1.0442146957146352,0.7854538330030654
bimodal,202,0,ridge,extrapolated,0.2,1,0.9505422488541274,7.031461183116361e-15,0.5146257246757381,0.4359165241783893
bimodal,202,0,ridge,extrapolated,0.2,2,-0.3167636343194079,2.6445106946387896e-15,-0.203988834002474,-0.1127748003169338
bimodal,202,0,ridge,extrapolated,0.1,0,1.8296685287177168,1.5666082210807886e-14,1.0442146957146352,0.7854538330030816
bimodal,202,0,ridge,extrapolated,0.1,1,0.950542248854116,0.0,0.5146257246757381,0.4359165241783779
bimodal,202,0,ridge,extrapolated,0.1,2,-0.3167636343194024,3.938293516080098e-15,-0.203988834002474,-0.1127748003169284
bimodal,202,0,ridge,extrapolated,0.05,0,1.8296685287176917,1.8488908177493116e-14,1.0442146957146352,0.7854538330030565
bimodal,202,0,ridge,extrapolated,0.05,1,0.9505422488541804,2.0986837273596e-14,0.5146257246757381,0.4359165241784423
bimodal,202,0,ridge,extrapolated,0.05,2,-0.316763634319398,6.3129953521171866e-15,-0.203988834002474,-0.112774800316924
bimodal,303,2903,student_rank2,central,0.2,0,2.6345985987024525,0.0041859307158196,2.25,0.3845985987024525
bimodal,303,2903,student_rank2,central,0.2,1,1.341700657795742,0.0030908062068177,1.05,0.2917006577957419
bimodal,303,2903,student_rank2,central,0.2,2,-0.5201925621212501,0.0006479496168261,-0.35,-0.1701925621212501
bimodal,303,2903,student_rank2,central,0.1,0,2.6762155928212628,0.0042456286747822,2.25,0.4262155928212627
bimodal,303,2903,student_rank2,central,0.1,1,1.3581427294846915,0.0030687062321544,1.05,0.3081427294846914
bimodal,303,2903,student_rank2,central,0.1,2,-0.532172218828484,0.000616784441823,-0.35,-0.182172218828484
bimodal,303,2903,student_rank2,central,0.05,0,2.6868174676593353,0.00426156673299,2.25,0.4368174676593352
bimodal,303,2903,student_rank2,central,0.05,1,1.3622934341161426,0.0030627920042656,1.05,0.3122934341161425
bimodal,303,2903,student_rank2,central,0.05,2,-0.535282866109622,0.0006087998221656,-0.35,-0.1852828661096219
bimodal,303,2903,student_rank2,boundary,0.2,0,0.951062672864215,0.0031668581838852,0.9347346089919524,0.0163280638722627
bimodal,303,2903,student_rank2,boundary,0.2,1,0.5810666977595355,0.0025537266105441,0.7678045486315878,-0.1867378508720523
bimodal,303,2903,student_rank2,boundary,0.2,2,-0.1190881767103906,8.381161486392216e-05,-0.2730376041722512,0.1539494274618605
bimodal,303,2903,student_rank2,boundary,0.1,0,0.9411757052771108,0.0031796303103297,0.9347346089919524,0.0064410962851585
bimodal,303,2903,student_rank2,boundary,0.1,1,0.5763103015849752,0.0025595257930821,0.7678045486315878,-0.1914942470466125
bimodal,303,2903,student_rank2,boundary,0.1,2,-0.1150925050087232,9.22088490715461e-05,-0.2730376041722512,0.1579450991635279
bimodal,303,2903,student_rank2,boundary,0.05,0,0.9387042713217004,0.0031825876869222,0.9347346089919524,0.0039696623297482
bimodal,303,2903,student_rank2,boundary,0.05,1,0.5751075699237426,0.0025609712085624,0.7678045486315878,-0.1926969787078452
bimodal,303,2903,student_rank2,boundary,0.05,2,-0.1140764404997692,9.441740360418524e-05,-0.2730376041722512,0.1589611636724819
bimodal,303,2903,student_rank2,extrapolated,0.2,0,0.1628499883435685,0.0022040238120198,1.0442146957146352,-0.8813647073710666
bimodal,303,2903,student_rank2,extrapolated,0.2,1,0.1087509411204196,0.0016075001491971,0.5146257246757381,-0.4058747835553185
bimodal,303,2903,student_rank2,extrapolated,0.2,2,0.0605879734834341,0.0001863523595479,-0.203988834002474,0.2645768074859081
bimodal,303,2903,student_rank2,extrapolated,0.1,0,0.1619671513419573,0.0022073420503681,1.0442146957146352,-0.8822475443726778
bimodal,303,2903,student_rank2,extrapolated,0.1,1,0.1082242833279678,0.0016056230821827,0.5146257246757381,-0.4064014413477702
bimodal,303,2903,student_rank2,extrapolated,0.1,2,0.0607188221403072,0.0001849302995911,-0.203988834002474,0.2647076561427813
bimodal,303,2903,student_rank2,extrapolated,0.05,0,0.1617439126210958,0.0022081913877334,1.0442146957146352,-0.8824707830935393
bimodal,303,2903,student_rank2,extrapolated,0.05,1,0.1080915274147857,0.0016051471741941,0.5146257246757381,-0.4065341972609523
bimodal,303,2903,student_rank2,extrapolated,0.05,2,0.0607519887740852,0.0001845752413216,-0.203988834002474,0.2647408227765592
bimodal,303,2903,transformer_mdn4,central,0.2,0,2.4832965224289274,0.0091455010878389,2.25,0.2332965224289274
bimodal,303,2903,transformer_mdn4,central,0.2,1,1.0220091664644435,0.0095780060570318,1.05,-0.0279908335355565
bimodal,303,2903,transformer_mdn4,central,0.2,2,-0.2890196175130016,0.0023245528758299,-0.35,0.0609803824869983
bimodal,303,2903,transformer_mdn4,central,0.1,0,2.5136814811177177,0.0184097928390421,2.25,0.2636814811177177
bimodal,303,2903,transformer_mdn4,central,0.1,1,1.0188536207071095,0.0248731502742876,1.05,-0.0311463792928905
bimodal,303,2903,transformer_mdn4,central,0.1,2,-0.2846859365173993,0.0048590131370263,-0.35,0.0653140634826006
bimodal,303,2903,transformer_mdn4,central,0.05,0,2.573703164894954,0.0724986156229966,2.25,0.3237031648949542
bimodal,303,2903,transformer_mdn4,central,0.05,1,1.054956569329023,0.0808458538892458,1.05,0.0049565693290229
bimodal,303,2903,transformer_mdn4,central,0.05,2,-0.2869104231675271,0.0150555841518884,-0.35,0.0630895768324729
bimodal,303,2903,transformer_mdn4,boundary,0.2,0,0.9056304780744708,0.0189065287591366,0.9347346089919524,-0.0291041309174815
bimodal,303,2903,transformer_mdn4,boundary,0.2,1,0.5703188390714752,0.0132838916231224,0.7678045486315878,-0.1974857095601125
bimodal,303,2903,transformer_mdn4,boundary,0.2,2,-0.2037365518845238,0.0035001417342774,-0.2730376041722512,0.0693010522877274
bimodal,303,2903,transformer_mdn4,boundary,0.1,0,0.8791501971936503,0.0106256511299422,0.9347346089919524,-0.0555844117983019
bimodal,303,2903,transformer_mdn4,boundary,0.1,1,0.5549962830727263,0.0074275131330865,0.7678045486315878,-0.2128082655588614
bimodal,303,2903,transformer_mdn4,boundary,0.1,2,-0.2029123138034153,0.0042833122455708,-0.2730376041722512,0.0701252903688358
bimodal,303,2903,transformer_mdn4,boundary,0.05,0,0.8932198948781322,0.0063594995068145,0.9347346089919524,-0.04151471411382
bimodal,303,2903,transformer_mdn4,boundary,0.05,1,0.5699111115497165,0.005100531976014,0.7678045486315878,-0.1978934370818712
bimodal,303,2903,transformer_mdn4,boundary,0.05,2,-0.2059169965546305,0.0017232434631596,-0.2730376041722512,0.0671206076176206
bimodal,303,2903,transformer_mdn4,extrapolated,0.2,0,0.0911820503130019,0.0042520141113073,1.0442146957146352,-0.9530326454016332
bimodal,303,2903,transformer_mdn4,extrapolated,0.2,1,-0.0147185638142627,0.001125392778944,0.5146257246757381,-0.5293442884900008
bimodal,303,2903,transformer_mdn4,extrapolated,0.2,2,0.0800625833158395,0.0017324778298697,-0.203988834002474,0.2840514173183136
bimodal,303,2903,transformer_mdn4,extrapolated,0.1,0,0.0881390178897293,0.0063823643247515,1.0442146957146352,-0.956075677824906
bimodal,303,2903,transformer_mdn4,extrapolated,0.1,1,-0.0171254519192665,0.0019379524680261,0.5146257246757381,-0.5317511765950046
bimodal,303,2903,transformer_mdn4,extrapolated,0.1,2,0.0809142164916063,0.0018979268717979,-0.203988834002474,0.2849030504940803
bimodal,303,2903,transformer_mdn4,extrapolated,0.05,0,0.0853903376236934,0.0113206812798998,1.0442146957146352,-0.9588243580909418
bimodal,303,2903,transformer_mdn4,extrapolated,0.05,1,-0.0185680587746328,0.0055916929749941,0.5146257246757381,-0.5331937834503709
bimodal,303,2903,transformer_mdn4,extrapolated,0.05,2,0.0792725334427874,0.0019229000930054,-0.203988834002474,0.2832613674452614
nonlinear_heteroskedastic,101,2903,gaussian_diag,central,0.2,0,1.4320473321873204,0.0006992725486121,1.6,-0.1679526678126797
nonlinear_heteroskedastic,101,2903,gaussian_diag,central,0.2,1,0.5465786248585841,1.211177528973324e-05,0.5,0.0465786248585841
nonlinear_heteroskedastic,101,2903,gaussian_diag,central,0.2,2,-0.2635600354684292,0.0002090986848209,-0.2,-0.0635600354684292
nonlinear_heteroskedastic,101,2903,gaussian_diag,central,0.1,0,1.4440748362651288,0.0007008860553473,1.6,-0.1559251637348713
nonlinear_heteroskedastic,101,2903,gaussian_diag,central,0.1,1,0.5495260718575042,1.2463785513235868e-05,0.5,0.0495260718575042
nonlinear_heteroskedastic,101,2903,gaussian_diag,central,0.1,2,-0.2663573606936566,0.000216155114021,-0.2,-0.0663573606936566
nonlinear_heteroskedastic,101,2903,gaussian_diag,central,0.05,0,1.4471286899027584,0.0007012635663654,1.6,-0.1528713100972416
nonlinear_heteroskedastic,101,2903,gaussian_diag,central,0.05,1,0.5502685398405981,1.2535883956950224e-05,0.5,0.050268539840598
nonlinear_heteroskedastic,101,2903,gaussian_diag,central,0.05,2,-0.2670622926662513,0.0002179852361143,-0.2,-0.0670622926662513
nonlinear_heteroskedastic,101,2903,gaussian_diag,boundary,0.2,0,0.8375459237630075,0.0017869428258436,0.6182383242455304,0.2193075995174771
nonlinear_heteroskedastic,101,2903,gaussian_diag,boundary,0.2,1,0.3914482878696136,0.0002604244452435,0.5,-0.1085517121303863
nonlinear_heteroskedastic,101,2903,gaussian_diag,boundary,0.2,2,-0.1546470746740371,0.0002068057737617,-0.2,0.0453529253259628
nonlinear_heteroskedastic,101,2903,gaussian_diag,boundary,0.1,0,0.835170451989915,0.001782153167214,0.6182383242455304,0.2169321277443846
nonlinear_heteroskedastic,101,2903,gaussian_diag,boundary,0.1,1,0.3910050630285801,0.0002576833301918,0.5,-0.1089949369714198
nonlinear_heteroskedastic,101,2903,gaussian_diag,boundary,0.1,2,-0.1531730089565891,0.0002081974378625,-0.2,0.0468269910434109
nonlinear_heteroskedastic,101,2903,gaussian_diag,boundary,0.05,0,0.8345549832907614,0.0017808416115494,0.6182383242455304,0.216316659045231
nonlinear_heteroskedastic,101,2903,gaussian_diag,boundary,0.05,1,0.390884825887256,0.0002569546306588,0.5,-0.109115174112744
nonlinear_heteroskedastic,101,2903,gaussian_diag,boundary,0.05,2,-0.1527910744185181,0.0002085422422944,-0.2,0.0472089255814819
nonlinear_heteroskedastic,101,2903,gaussian_diag,extrapolated,0.2,0,-0.0910558906375983,0.0009932156974072,1.026929748370581,-1.1179856390081797
nonlinear_heteroskedastic,101,2903,gaussian_diag,extrapolated,0.2,1,0.0365877822143376,0.0004573841846127,0.5,-0.4634122177856624
nonlinear_heteroskedastic,101,2903,gaussian_diag,extrapolated,0.2,2,-0.0303210625784748,9.198182913832156e-06,-0.2,0.1696789374215251
nonlinear_heteroskedastic,101,2903,gaussian_diag,extrapolated,0.1,0,-0.0935340118198964,0.0009933608895399,1.026929748370581,-1.1204637601904774
nonlinear_heteroskedastic,101,2903,gaussian_diag,extrapolated,0.1,1,0.0356470871488047,0.0004580595634812,0.5,-0.4643529128511952
nonlinear_heteroskedastic,101,2903,gaussian_diag,extrapolated,0.1,2,-0.0300918931370383,9.577264702578727e-06,-0.2,0.1699081068629616
nonlinear_heteroskedastic,101,2903,gaussian_diag,extrapolated,0.05,0,-0.094155249920198,0.0009933930451499,1.026929748370581,-1.1210849982907791
nonlinear_heteroskedastic,101,2903,gaussian_diag,extrapolated,0.05,1,0.0354110876413512,0.0004582284692749,0.5,-0.4645889123586488
nonlinear_heteroskedastic,101,2903,gaussian_diag,extrapolated,0.05,2,-0.0300346241847787,9.671571440041824e-06,-0.2,0.1699653758152212
nonlinear_heteroskedastic,202,2903,edm,central,0.2,0,1.4259221131005908,0.0014699996661608,1.6,-0.1740778868994092
nonlinear_heteroskedastic,202,2903,edm,central,0.2,1,0.5142910019551885,0.0008623467739096,0.5,0.0142910019551885
nonlinear_heteroskedastic,202,2903,edm,central,0.2,2,-0.2402284688329053,0.0002015241677023,-0.2,-0.0402284688329052
nonlinear_heteroskedastic,202,2903,edm,central,0.1,0,1.437113697590531,0.0014962196200148,1.6,-0.1628863024094691
nonlinear_heteroskedastic,202,2903,edm,central,0.1,1,0.5205705983716719,0.000871668146368,0.5,0.0205705983716718
nonlinear_heteroskedastic,202,2903,edm,central,0.1,2,-0.2418504519158685,0.0001965558851444,-0.2,-0.0418504519158684
nonlinear_heteroskedastic,202,2903,edm,central,0.05,0,1.4399624526963226,0.0015031053438774,1.6,-0.1600375473036774
nonlinear_heteroskedastic,202,2903,edm,central,0.05,1,0.5221649720091505,0.0008739288950315,0.5,0.0221649720091504
nonlinear_heteroskedastic,202,2903,edm,central,0.05,2,-0.2422646019252859,0.0001952202398044,-0.2,-0.0422646019252858
nonlinear_heteroskedastic,202,2903,edm,boundary,0.2,0,0.9624280364849088,0.0015095466458908,0.6182383242455304,0.3441897122393784
nonlinear_heteroskedastic,202,2903,edm,boundary,0.2,1,0.1503006792385871,0.0001193116199898,0.5,-0.3496993207614128
nonlinear_heteroskedastic,202,2903,edm,boundary,0.2,2,-0.1622070024866381,0.0001247124122808,-0.2,0.0377929975133618
nonlinear_heteroskedastic,202,2903,edm,boundary,0.1,0,0.9616298356045986,0.0015191370087823,0.6182383242455304,0.3433915113590682
nonlinear_heteroskedastic,202,2903,edm,boundary,0.1,1,0.1481767979441198,0.00013982814527,0.5,-0.3518232020558802
nonlinear_heteroskedastic,202,2903,edm,boundary,0.1,2,-0.1618949792557454,0.0001258422535964,-0.2,0.0381050207442545
nonlinear_heteroskedastic,202,2903,edm,boundary,0.05,0,0.9614156791748026,0.0015215555548844,0.6182383242455304,0.3431773549292722
nonlinear_heteroskedastic,202,2903,edm,boundary,0.05,1,0.1476347446222009,0.0001450987591901,0.5,-0.352365255377799
nonlinear_heteroskedastic,202,2903,edm,boundary,0.05,2,-0.1618158036435256,0.0001261252008098,-0.2,0.0381841963564743
nonlinear_heteroskedastic,202,2903,edm,extrapolated,0.2,0,0.1135265227737157,0.0004457273676536,1.026929748370581,-0.9134032255968654
nonlinear_heteroskedastic,202,2903,edm,extrapolated,0.2,1,-0.0819208268983199,0.0002680580218669,0.5,-0.5819208268983199
nonlinear_heteroskedastic,202,2903,edm,extrapolated,0.2,2,-0.0685672558083575,0.0007349198936116,-0.2,0.1314327441916424
nonlinear_heteroskedastic,202,2903,edm,extrapolated,0.1,0,0.1122818535844405,0.0004445944855497,1.026929748370581,-0.9146478947861404
nonlinear_heteroskedastic,202,2903,edm,extrapolated,0.1,1,-0.0821486511636572,0.0002694566247783,0.5,-0.5821486511636573
nonlinear_heteroskedastic,202,2903,edm,extrapolated,0.1,2,-0.0684934651826315,0.0007352766761106,-0.2,0.1315065348173685
nonlinear_heteroskedastic,202,2903,edm,extrapolated,0.05,0,0.1119716056573187,0.0004442924103713,1.026929748370581,-0.9149581427132624
nonlinear_heteroskedastic,202,2903,edm,extrapolated,0.05,1,-0.0822047451983903,0.0002698080263072,0.5,-0.5822047451983904
nonlinear_heteroskedastic,202,2903,edm,extrapolated,0.05,2,-0.0684751921214343,0.0007353642092024,-0.2,0.1315248078785656
linear_gaussian,101,1701,edm,central,0.2,0,0.7195184627559496,0.000200109966083,0.8,-0.0804815372440505
linear_gaussian,101,1701,edm,central,0.2,1,0.4798648309537551,0.0002983331941875,0.5,-0.0201351690462448
linear_gaussian,101,1701,edm,central,0.2,2,-0.2548114142856738,0.0001270402992473,-0.2,-0.0548114142856738
linear_gaussian,101,1701,edm,central,0.1,0,0.7200149596228503,0.0001928872299043,0.8,-0.0799850403771497
linear_gaussian,101,1701,edm,central,0.1,1,0.4818571682429504,0.0002913162069294,0.5,-0.0181428317570496
linear_gaussian,101,1701,edm,central,0.1,2,-0.2569697802706112,0.0001282502564382,-0.2,-0.0569697802706112
linear_gaussian,101,1701,edm,central,0.05,0,0.7201319134520868,0.0001910067575823,0.8,-0.0798680865479132
linear_gaussian,101,1701,edm,central,0.05,1,0.4823567865288944,0.0002895155434737,0.5,-0.0176432134711055
linear_gaussian,101,1701,edm,central,0.05,2,-0.2575225821148181,0.0001285468881986,-0.2,-0.057522582114818
linear_gaussian,101,1701,edm,boundary,0.2,0,0.6282617721636953,0.0001206611694755,0.8,-0.1717382278363047
linear_gaussian,101,1701,edm,boundary,0.2,1,0.3165548227128736,0.0005675144017217,0.5,-0.1834451772871263
linear_gaussian,101,1701,edm,boundary,0.2,2,-0.1886606186698093,0.0004297098083504,-0.2,0.0113393813301907
linear_gaussian,101,1701,edm,boundary,0.1,0,0.62921754651452,0.0001248547666437,0.8,-0.17078245348548
linear_gaussian,101,1701,edm,boundary,0.1,1,0.3164146769760467,0.0005740038153595,0.5,-0.1835853230239533
linear_gaussian,101,1701,edm,boundary,0.1,2,-0.1886663100848347,0.0004316322170554,-0.2,0.0113336899151653
linear_gaussian,101,1701,edm,boundary,0.05,0,0.6294546181723878,0.0001259370419089,0.8,-0.1705453818276122
linear_gaussian,101,1701,edm,boundary,0.05,1,0.3163756583217368,0.0005756752021399,0.5,-0.1836243416782632
linear_gaussian,101,1701,edm,boundary,0.05,2,-0.1886652990388823,0.0004320982230124,-0.2,0.0113347009611176
linear_gaussian,101,1701,edm,extrapolated,0.2,0,0.2526095776884448,0.0002356953163693,0.8,-0.5473904223115553
linear_gaussian,101,1701,edm,extrapolated,0.2,1,0.0425315047174646,0.0002081397152023,0.5,-0.4574684952825353
linear_gaussian,101,1701,edm,extrapolated,0.2,2,-0.0271495262868351,0.0002212190581684,-0.2,0.1728504737131649
linear_gaussian,101,1701,edm,extrapolated,0.1,0,0.2521322307651304,0.0002360958897599,0.8,-0.5478677692348697
linear_gaussian,101,1701,edm,extrapolated,0.1,1,0.0421618194118646,0.0002080492667433,0.5,-0.4578381805881353
linear_gaussian,101,1701,edm,extrapolated,0.1,2,-0.0269146670136277,0.0002212838497892,-0.2,0.1730853329863722
linear_gaussian,101,1701,edm,extrapolated,0.05,0,0.2520132723933617,0.0002361775034084,0.8,-0.5479867276066384
linear_gaussian,101,1701,edm,extrapolated,0.05,1,0.0420699410588147,0.0002080471244441,0.5,-0.4579300589411852
linear_gaussian,101,1701,edm,extrapolated,0.05,2,-0.0268559080222657,0.0002212983063823,-0.2,0.1731440919777342
heavy_tailed,303,1701,edm,central,0.2,0,1.3771742150173685,0.0005493393645611,1.6,-0.2228257849826316
heavy_tailed,303,1701,edm,central,0.2,1,0.4492463200068132,0.0010976406915958,0.5,-0.0507536799931867
heavy_tailed,303,1701,edm,central,0.2,2,-0.159159052695334,0.0001776538820822,-0.2,0.040840947304666
heavy_tailed,303,1701,edm,central,0.1,0,1.3885592428010256,0.0005319153108025,1.6,-0.2114407571989744
heavy_tailed,303,1701,edm,central,0.1,1,0.454929014542832,0.0011081384813682,0.5,-0.0450709854571679
heavy_tailed,303,1701,edm,central,0.1,2,-0.1583309785699048,0.0001929012178381,-0.2,0.0416690214300951
heavy_tailed,303,1701,edm,central,0.05,0,1.3914283269553078,0.0005269740936194,1.6,-0.2085716730446922
heavy_tailed,303,1701,edm,central,0.05,1,0.4564212649519263,0.0011103582357503,0.5,-0.0435787350480736
heavy_tailed,303,1701,edm,central,0.05,2,-0.1581408028920923,0.0001968711702679,-0.2,0.0418591971079077
heavy_tailed,303,1701,edm,boundary,0.2,0,0.8348644910370867,0.0002361648643786,0.6182383242455304,0.2166261667915563
heavy_tailed,303,1701,edm,boundary,0.2,1,0.2753700632617882,0.0009625140744213,0.5,-0.2246299367382118
heavy_tailed,303,1701,edm,boundary,0.2,2,-0.2234137379531796,0.0005081272968877,-0.2,-0.0234137379531796
heavy_tailed,303,1701,edm,boundary,0.1,0,0.8331081811712823,0.0002429949325074,0.6182383242455304,0.2148698569257519
heavy_tailed,303,1701,edm,boundary,0.1,1,0.274863296861339,0.000958102564885,0.5,-0.2251367031386609
heavy_tailed,303,1701,edm,boundary,0.1,2,-0.2239569013872397,0.0005091458339134,-0.2,-0.0239569013872397
heavy_tailed,303,1701,edm,boundary,0.05,0,0.8326640120270468,0.0002446919623391,0.6182383242455304,0.2144256877815163
heavy_tailed,303,1701,edm,boundary,0.05,1,0.2747296269474532,0.0009569426991427,0.5,-0.2252703730525467
heavy_tailed,303,1701,edm,boundary,0.05,2,-0.2240892222593244,0.0005093681836415,-0.2,-0.0240892222593244
heavy_tailed,303,1701,edm,extrapolated,0.2,0,0.2514466493483382,0.0004469163757525,1.026929748370581,-0.7754830990222428
heavy_tailed,303,1701,edm,extrapolated,0.2,1,-0.0227739098233315,4.042457970573269e-05,0.5,-0.5227739098233315
heavy_tailed,303,1701,edm,extrapolated,0.2,2,-0.1343234786845108,0.0003505841830293,-0.2,0.0656765213154891
heavy_tailed,303,1701,edm,extrapolated,0.1,0,0.250806310840335,0.0004473433834046,1.026929748370581,-0.7761234375302459
heavy_tailed,303,1701,edm,extrapolated,0.1,1,-0.0231632077200554,4.0696082299196664e-05,0.5,-0.5231632077200554
heavy_tailed,303,1701,edm,extrapolated,0.1,2,-0.134284211560911,0.0003505042027544,-0.2,0.0657157884390889
heavy_tailed,303,1701,edm,extrapolated,0.05,0,0.2506470481745541,0.0004474508571302,1.026929748370581,-0.7762827001960269
heavy_tailed,303,1701,edm,extrapolated,0.05,1,-0.023260290421763,4.0773464013247995e-05,0.5,-0.523260290421763
heavy_tailed,303,1701,edm,extrapolated,0.05,2,-0.1342749404367094,0.0003504951602033,-0.2,0.0657250595632906
heavy_tailed,202,2903,mdn4,central,0.2,0,1.3752777514868226,0.0071038528148628,1.6,-0.2247222485131774
heavy_tailed,202,2903,mdn4,central,0.2,1,0.3260240102833467,0.005496238924482,0.5,-0.1739759897166533
heavy_tailed,202,2903,mdn4,central,0.2,2,-0.1161613441004062,0.0044343099659798,-0.2,0.0838386558995938
heavy_tailed,202,2903,mdn4,central,0.1,0,1.31304289553285,0.0126295909121977,1.6,-0.2869571044671499
heavy_tailed,202,2903,mdn4,central,0.1,1,0.249440453555538,0.0081188425710421,0.5,-0.250559546444462
heavy_tailed,202,2903,mdn4,central,0.1,2,-0.1216577389530735,0.0060033351815062,-0.2,0.0783422610469264
heavy_tailed,202,2903,mdn4,central,0.05,0,1.2809328450252395,0.0220726763555413,1.6,-0.3190671549747603
heavy_tailed,202,2903,mdn4,central,0.05,1,0.2173368263199976,0.023605129575136,0.5,-0.2826631736800024
heavy_tailed,202,2903,mdn4,central,0.05,2,-0.1230643453667516,0.0026628537925952,-0.2,0.0769356546332483
heavy_tailed,202,2903,mdn4,boundary,0.2,0,0.7478256891734715,0.0014116327688209,0.6182383242455304,0.1295873649279411
heavy_tailed,202,2903,mdn4,boundary,0.2,1,0.2489965383134084,0.0014175293430994,0.5,-0.2510034616865916
heavy_tailed,202,2903,mdn4,boundary,0.2,2,-0.1682217249992902,0.0025068371480256,-0.2,0.0317782750007098
heavy_tailed,202,2903,mdn4,boundary,0.1,0,0.7408184590664085,0.0009455135548012,0.6182383242455304,0.1225801348208781
heavy_tailed,202,2903,mdn4,boundary,0.1,1,0.2408832678788682,0.0031798735854858,0.5,-0.2591167321211317
heavy_tailed,202,2903,mdn4,boundary,0.1,2,-0.1676035415675282,0.001574377799404,-0.2,0.0323964584324717
heavy_tailed,202,2903,mdn4,boundary,0.05,0,0.7425957320449136,0.0039712862555246,0.6182383242455304,0.1243574077993832
heavy_tailed,202,2903,mdn4,boundary,0.05,1,0.2425350562850312,0.0064409630252719,0.5,-0.2574649437149687
heavy_tailed,202,2903,mdn4,boundary,0.05,2,-0.1611977890903829,0.0001619915795398,-0.2,0.0388022109096171
heavy_tailed,202,2903,mdn4,extrapolated,0.2,0,0.1015323069561102,0.0014019815665618,1.026929748370581,-0.9253974414144708
heavy_tailed,202,2903,mdn4,extrapolated,0.2,1,-0.0700561752061208,0.0025015929623952,0.5,-0.5700561752061208
heavy_tailed,202,2903,mdn4,extrapolated,0.2,2,-0.0046256119197462,0.0035699484763829,-0.2,0.1953743880802537
heavy_tailed,202,2903,mdn4,extrapolated,0.1,0,0.1027935793241859,0.0021784794317522,1.026929748370581,-0.9241361690463952
heavy_tailed,202,2903,mdn4,extrapolated,0.1,1,-0.0714149131093018,0.0018252001818386,0.5,-0.5714149131093018
heavy_tailed,202,2903,mdn4,extrapolated,0.1,2,-0.0064077519014031,0.0032096510031811,-0.2,0.1935922480985968
heavy_tailed,202,2903,mdn4,extrapolated,0.05,0,0.1015604725461398,0.0069948275105862,1.026929748370581,-0.9253692758244412
heavy_tailed,202,2903,mdn4,extrapolated,0.05,1,-0.0717503138669164,0.0078145150403242,0.5,-0.5717503138669164
heavy_tailed,202,2903,mdn4,extrapolated,0.05,2,-0.0104326049762432,0.0027706653664545,-0.2,0.1895673950237568
linear_gaussian,303,0,ridge,central,0.2,0,0.7804043438461069,4.3709524189038452e-16,0.8,-0.0195956561538931
linear_gaussian,303,0,ridge,central,0.2,1,0.469625203851472,3.709983737954581e-16,0.5,-0.0303747961485279
linear_gaussian,303,0,ridge,central,0.2,2,-0.2072459970977267,4.80740671595891e-17,-0.2,-0.0072459970977266
linear_gaussian,303,0,ridge,central,0.1,0,0.7804043438461062,3.0740683565041353e-16,0.8,-0.0195956561538938
linear_gaussian,303,0,ridge,central,0.1,1,0.4696252038514719,1.0385185452638061e-16,0.5,-0.0303747961485281
linear_gaussian,303,0,ridge,central,0.1,2,-0.2072459970977266,6.509259464525836e-17,-0.2,-0.0072459970977266
linear_gaussian,303,0,ridge,central,0.05,0,0.7804043438461061,5.532580463291471e-16,0.8,-0.0195956561538939
linear_gaussian,303,0,ridge,central,0.05,1,0.4696252038514719,3.859256176596032e-16,0.5,-0.0303747961485281
linear_gaussian,303,0,ridge,central,0.05,2,-0.2072459970977267,1.230879721818759e-16,-0.2,-0.0072459970977267
linear_gaussian,303,0,ridge,boundary,0.2,0,0.7804043438461082,9.678699938266253e-16,0.8,-0.0195956561538918
linear_gaussian,303,0,ridge,boundary,0.2,1,0.4696252038514716,7.731808680624463e-16,0.5,-0.0303747961485283
linear_gaussian,303,0,ridge,boundary,0.2,2,-0.207245997097727,1.050809133373904e-16,-0.2,-0.007245997097727
linear_gaussian,303,0,ridge,boundary,0.1,0,0.7804043438461039,1.784433852716382e-15,0.8,-0.0195956561538961
linear_gaussian,303,0,ridge,boundary,0.1,1,0.4696252038514692,1.2098374922832816e-15,0.5,-0.0303747961485307
linear_gaussian,303,0,ridge,boundary,0.1,2,-0.2072459970977264,1.688305753616065e-15,-0.2,-0.0072459970977263
linear_gaussian,303,0,ridge,boundary,0.05,0,0.7804043438461009,1.1255402110656148e-14,0.8,-0.0195956561538991
linear_gaussian,303,0,ridge,boundary,0.05,1,0.4696252038514679,4.821700854056141e-15,0.5,-0.0303747961485321
linear_gaussian,303,0,ridge,boundary,0.05,2,-0.2072459970977254,1.4541025714432713e-15,-0.2,-0.0072459970977253
linear_gaussian,303,0,ridge,extrapolated,0.2,0,0.7804043438461038,1.0315718549566777e-15,0.8,-0.0195956561538962
linear_gaussian,303,0,ridge,extrapolated,0.2,1,0.4696252038514698,2.101984796111421e-15,0.5,-0.0303747961485301
linear_gaussian,303,0,ridge,extrapolated,0.2,2,-0.2072459970977261,1.827692887460814e-15,-0.2,-0.0072459970977261
linear_gaussian,303,0,ridge,extrapolated,0.1,0,0.7804043438461093,6.1151355637352456e-15,0.8,-0.0195956561538906
linear_gaussian,303,0,ridge,extrapolated,0.1,1,0.4696252038514732,4.170546548565309e-15,0.5,-0.0303747961485267
linear_gaussian,303,0,ridge,extrapolated,0.1,2,-0.2072459970977239,2.1756724517525492e-15,-0.2,-0.0072459970977239
linear_gaussian,303,0,ridge,extrapolated,0.05,0,0.7804043438461225,5.181106865866458e-15,0.8,-0.0195956561538775
linear_gaussian,303,0,ridge,extrapolated,0.05,1,0.4696252038514396,1.6232733175300873e-14,0.5,-0.0303747961485603
linear_gaussian,303,0,ridge,extrapolated,0.05,2,-0.2072459970977295,4.0708230136933186e-15,-0.2,-0.0072459970977295
nonlinear_heteroskedastic,303,1701,student_rank2,central,0.2,0,1.595456011430474,0.0011966607279187,1.6,-0.0045439885695259
nonlinear_heteroskedastic,303,1701,student_rank2,central,0.2,1,0.5170699889118314,0.0029551311723962,0.5,0.0170699889118314
nonlinear_heteroskedastic,303,1701,student_rank2,central,0.2,2,-0.2940521196500689,0.0044410587691977,-0.2,-0.0940521196500688
nonlinear_heteroskedastic,303,1701,student_rank2,central,0.1,0,1.6124874633695023,0.0012397142322345,1.6,0.0124874633695022
nonlinear_heteroskedastic,303,1701,student_rank2,central,0.1,1,0.5182679783338385,0.0029921437313925,0.5,0.0182679783338385
nonlinear_heteroskedastic,303,1701,student_rank2,central,0.1,2,-0.2987259593723481,0.0045099722540973,-0.2,-0.0987259593723481
nonlinear_heteroskedastic,303,1701,student_rank2,central,0.05,0,1.6167993263175229,0.0012508298380314,1.6,0.0167993263175227
nonlinear_heteroskedastic,303,1701,student_rank2,central,0.05,1,0.5185582649679955,0.0030015040681527,0.5,0.0185582649679955
nonlinear_heteroskedastic,303,1701,student_rank2,central,0.05,2,-0.2999116898964226,0.0045274205227476,-0.2,-0.0999116898964226
nonlinear_heteroskedastic,303,1701,student_rank2,boundary,0.2,0,0.7645200851254833,0.0006162205793999,0.6182383242455304,0.1462817608799529
nonlinear_heteroskedastic,303,1701,student_rank2,boundary,0.2,1,0.4464076222714643,0.0009663116765464,0.5,-0.0535923777285356
nonlinear_heteroskedastic,303,1701,student_rank2,boundary,0.2,2,-0.1181818713117229,0.0005830276402598,-0.2,0.0818181286882771
nonlinear_heteroskedastic,303,1701,student_rank2,boundary,0.1,0,0.7613507591386499,0.0006086541103473,0.6182383242455304,0.1431124348931195
nonlinear_heteroskedastic,303,1701,student_rank2,boundary,0.1,1,0.4482912654862265,0.0009968148626716,0.5,-0.0517087345137734
nonlinear_heteroskedastic,303,1701,student_rank2,boundary,0.1,2,-0.1184221704588811,0.0006067116277589,-0.2,0.0815778295411189
nonlinear_heteroskedastic,303,1701,student_rank2,boundary,0.05,0,0.7605409332427637,0.0006067544799935,0.6182383242455304,0.1423026089972333
nonlinear_heteroskedastic,303,1701,student_rank2,boundary,0.05,1,0.4487603246035269,0.0010046100693264,0.5,-0.051239675396473
nonlinear_heteroskedastic,303,1701,student_rank2,boundary,0.05,2,-0.1184869070321906,0.0006126534358192,-0.2,0.0815130929678094
nonlinear_heteroskedastic,303,1701,student_rank2,extrapolated,0.2,0,-0.0556118775800673,0.0003318785280421,1.026929748370581,-1.0825416259506484
nonlinear_heteroskedastic,303,1701,student_rank2,extrapolated,0.2,1,-0.0127496552181572,0.0019809668004116,0.5,-0.5127496552181573
nonlinear_heteroskedastic,303,1701,student_rank2,extrapolated,0.2,2,0.1032340426154542,0.0022770110885713,-0.2,0.3032340426154542
nonlinear_heteroskedastic,303,1701,student_rank2,extrapolated,0.1,0,-0.0564827012583827,0.0003333301990004,1.026929748370581,-1.083412449628964
nonlinear_heteroskedastic,303,1701,student_rank2,extrapolated,0.1,1,-0.0135667037722344,0.0019735739301702,0.5,-0.5135667037722345
nonlinear_heteroskedastic,303,1701,student_rank2,extrapolated,0.1,2,0.1034696374737012,0.002274976574009,-0.2,0.3034696374737012
nonlinear_heteroskedastic,303,1701,student_rank2,extrapolated,0.05,0,-0.0566973681569941,0.0003336713849895,1.026929748370581,-1.0836271165275753
nonlinear_heteroskedastic,303,1701,student_rank2,extrapolated,0.05,1,-0.0137702385505674,0.0019717010150633,0.5,-0.5137702385505675
nonlinear_heteroskedastic,303,1701,student_rank2,extrapolated,0.05,2,0.1035286649246254,0.0022744111083544,-0.2,0.3035286649246254
bimodal,101,1701,gaussian_diag,central,0.2,0,2.122966995348205,4.5744701028931534e-05,2.25,-0.1270330046517949
bimodal,101,1701,gaussian_diag,central,0.2,1,1.2420832845745773,0.0005648838677445,1.05,0.1920832845745772
bimodal,101,1701,gaussian_diag,central,0.2,2,-0.551188919309077,0.0001232184561233,-0.35,-0.201188919309077
bimodal,101,1701,gaussian_diag,central,0.1,0,2.1393169935405183,3.525527643589613e-05,2.25,-0.1106830064594817
bimodal,101,1701,gaussian_diag,central,0.1,1,1.2569241158760345,0.0006209254097248,1.05,0.2069241158760344
bimodal,101,1701,gaussian_diag,central,0.1,2,-0.5671896898612162,0.0001589847825973,-0.35,-0.2171896898612162
bimodal,101,1701,gaussian_diag,central,0.05,0,2.1435139063937405,3.2452514590221394e-05,2.25,-0.1064860936062594
bimodal,101,1701,gaussian_diag,central,0.05,1,1.2607660339877569,0.0006360546492219,1.05,0.2107660339877568
bimodal,101,1701,gaussian_diag,central,0.05,2,-0.5713214191137145,0.0001683707698148,-0.35,-0.2213214191137145
bimodal,101,1701,gaussian_diag,boundary,0.2,0,1.3259038071559948,0.0018641859522955,0.9347346089919524,0.3911691981640425
bimodal,101,1701,gaussian_diag,boundary,0.2,1,0.6426098560102053,0.0004859771118324,0.7678045486315878,-0.1251946926213825
bimodal,101,1701,gaussian_diag,boundary,0.2,2,-0.0193452222597845,0.0029356307523241,-0.2730376041722512,0.2536923819124666
bimodal,101,1701,gaussian_diag,boundary,0.1,0,1.3315163578001932,0.00187481729309,0.9347346089919524,0.3967817488082409
bimodal,101,1701,gaussian_diag,boundary,0.1,1,0.6490265551849057,0.0004954191433658,0.7678045486315878,-0.118777993446682
bimodal,101,1701,gaussian_diag,boundary,0.1,2,-0.0116224331560174,0.0029860308894284,-0.2730376041722512,0.2614151710162337
bimodal,101,1701,gaussian_diag,boundary,0.05,0,1.3329682247757375,0.0018772123791152,0.9347346089919524,0.3982336157837852
bimodal,101,1701,gaussian_diag,boundary,0.05,1,0.6507153326559963,0.0004978528503878,0.7678045486315878,-0.1170892159755914
bimodal,101,1701,gaussian_diag,boundary,0.05,2,-0.0096506533341491,0.0029984977903241,-0.2730376041722512,0.2633869508381021
bimodal,101,1701,gaussian_diag,extrapolated,0.2,0,-0.0644505692545438,0.0002571018311902,1.0442146957146352,-1.108665264969179
bimodal,101,1701,gaussian_diag,extrapolated,0.2,1,-0.2000610011893849,3.4016942118785594e-05,0.5146257246757381,-0.714686725865123
bimodal,101,1701,gaussian_diag,extrapolated,0.2,2,0.0036811545239526,0.0001487617604776,-0.203988834002474,0.2076699885264267
bimodal,101,1701,gaussian_diag,extrapolated,0.1,0,-0.0665272647545063,0.0002588582626537,1.0442146957146352,-1.1107419604691415
bimodal,101,1701,gaussian_diag,extrapolated,0.1,1,-0.2016034351716744,3.5167352680406056e-05,0.5146257246757381,-0.7162291598474125
bimodal,101,1701,gaussian_diag,extrapolated,0.1,2,0.0032353419755058,0.0001501044912805,-0.203988834002474,0.2072241759779798
bimodal,101,1701,gaussian_diag,extrapolated,0.05,0,-0.067042135133725,0.000259290664332,1.0442146957146352,-1.1112568308483604
bimodal,101,1701,gaussian_diag,extrapolated,0.05,1,-0.2019859237526625,3.54609312815361e-05,0.5146257246757381,-0.7166116484284006
bimodal,101,1701,gaussian_diag,extrapolated,0.05,2,0.0031242132545378,0.0001504338035774,-0.203988834002474,0.2071130472570118
linear_gaussian,202,2903,edm,central,0.2,0,0.8087109376077127,0.0006069106921967,0.8,0.0087109376077126
linear_gaussian,202,2903,edm,central,0.2,1,0.5043868144349277,0.0007198190281814,0.5,0.0043868144349277
linear_gaussian,202,2903,edm,central,0.2,2,-0.2278257532373553,0.0001696110633266,-0.2,-0.0278257532373552
linear_gaussian,202,2903,edm,central,0.1,0,0.8128389696288889,0.0006010285917412,0.8,0.0128389696288888
linear_gaussian,202,2903,edm,central,0.1,1,0.5090579810071164,0.0007176888662217,0.5,0.0090579810071164
linear_gaussian,202,2903,edm,central,0.1,2,-0.2290395339916704,0.0001687364948195,-0.2,-0.0290395339916704
linear_gaussian,202,2903,edm,central,0.05,0,0.8138727654469196,0.0005994646600243,0.8,0.0138727654469195
linear_gaussian,202,2903,edm,central,0.05,1,0.5102353575519966,0.0007170467450672,0.5,0.0102353575519965
linear_gaussian,202,2903,edm,central,0.05,2,-0.229347786787878,0.0001685019054147,-0.2,-0.029347786787878
linear_gaussian,202,2903,edm,boundary,0.2,0,0.6299912709646278,0.0009804440800837,0.8,-0.1700087290353722
linear_gaussian,202,2903,edm,boundary,0.2,1,0.1835033580100728,0.0004246433130114,0.5,-0.3164966419899272
linear_gaussian,202,2903,edm,boundary,0.2,2,-0.1848644491997666,0.000129482798287,-0.2,0.0151355508002333
linear_gaussian,202,2903,edm,boundary,0.1,0,0.6309796198209732,0.0009873162225655,0.8,-0.1690203801790268
linear_gaussian,202,2903,edm,boundary,0.1,1,0.1823899018043724,0.0004541037609654,0.5,-0.3176100981956276
linear_gaussian,202,2903,edm,boundary,0.1,2,-0.184867071960213,0.000128523964004,-0.2,0.0151329280397869
linear_gaussian,202,2903,edm,boundary,0.05,0,0.6312177043126266,0.0009890817900548,0.8,-0.1687822956873734
linear_gaussian,202,2903,edm,boundary,0.05,1,0.1821002889125339,0.0004617205717543,0.5,-0.317899711087466
linear_gaussian,202,2903,edm,boundary,0.05,2,-0.1848652661463594,0.0001282913175609,-0.2,0.0151347338536405
linear_gaussian,202,2903,edm,extrapolated,0.2,0,0.0642070335009142,0.0002315819210024,0.8,-0.7357929664990858
linear_gaussian,202,2903,edm,extrapolated,0.2,1,-0.1080324257363357,0.0002952713851752,0.5,-0.6080324257363358
linear_gaussian,202,2903,edm,extrapolated,0.2,2,-0.0690786116452335,0.000507612149587,-0.2,0.1309213883547664
linear_gaussian,202,2903,edm,extrapolated,0.1,0,0.0633746356746397,0.0002303612666027,0.8,-0.7366253643253603
linear_gaussian,202,2903,edm,extrapolated,0.1,1,-0.1082460843258221,0.0002965927890003,0.5,-0.6082460843258222
linear_gaussian,202,2903,edm,extrapolated,0.1,2,-0.0689853167301872,0.0005081542894245,-0.2,0.1310146832698128
linear_gaussian,202,2903,edm,extrapolated,0.05,0,0.0631672498310242,0.0002300227897314,0.8,-0.7368327501689758
linear_gaussian,202,2903,edm,extrapolated,0.05,1,-0.1082982315649712,0.0002969180039211,0.5,-0.6082982315649713
linear_gaussian,202,2903,edm,extrapolated,0.05,2,-0.0689618875418396,0.000508301444155,-0.2,0.1310381124581603
nonlinear_heteroskedastic,303,1701,flow,central,0.2,0,1.436686236634954,0.0033787616821247,1.6,-0.1633137633650461
nonlinear_heteroskedastic,303,1701,flow,central,0.2,1,0.5495247078862122,0.0020885024421565,0.5,0.0495247078862122
nonlinear_heteroskedastic,303,1701,flow,central,0.2,2,-0.2458448741387674,8.561846617135589e-05,-0.2,-0.0458448741387674
nonlinear_heteroskedastic,303,1701,flow,central,0.1,0,1.4426357436753972,0.0034238467381413,1.6,-0.1573642563246029
nonlinear_heteroskedastic,303,1701,flow,central,0.1,1,0.5524558731238804,0.0021159040952689,0.5,0.0524558731238804
nonlinear_heteroskedastic,303,1701,flow,central,0.1,2,-0.2458248919969293,0.0001003038266269,-0.2,-0.0458248919969293
nonlinear_heteroskedastic,303,1701,flow,central,0.05,0,1.4441193970424706,0.0034351474423559,1.6,-0.1558806029575294
nonlinear_heteroskedastic,303,1701,flow,central,0.05,1,0.5531893846669816,0.002122802091805,0.5,0.0531893846669816
nonlinear_heteroskedastic,303,1701,flow,central,0.05,2,-0.2458090258336263,0.0001042094868096,-0.2,-0.0458090258336263
nonlinear_heteroskedastic,303,1701,flow,boundary,0.2,0,1.0329622792692883,0.0008606047340182,0.6182383242455304,0.4147239550237579
nonlinear_heteroskedastic,303,1701,flow,boundary,0.2,1,0.4255535708559301,0.0013406811176261,0.5,-0.0744464291440699
nonlinear_heteroskedastic,303,1701,flow,boundary,0.2,2,-0.211422189297201,0.0004239507972974,-0.2,-0.011422189297201
nonlinear_heteroskedastic,303,1701,flow,boundary,0.1,0,1.0323345010319287,0.0008873574944244,0.6182383242455304,0.4140961767863983
nonlinear_heteroskedastic,303,1701,flow,boundary,0.1,1,0.4255285589902334,0.0013392295097396,0.5,-0.0744714410097666
nonlinear_heteroskedastic,303,1701,flow,boundary,0.1,2,-0.2121549442454466,0.0004257643126053,-0.2,-0.0121549442454466
nonlinear_heteroskedastic,303,1701,flow,boundary,0.05,0,1.0321548964544054,0.0008942895396227,0.6182383242455304,0.413916572208875
nonlinear_heteroskedastic,303,1701,flow,boundary,0.05,1,0.4255111395340034,0.0013387406824022,0.5,-0.0744888604659966
nonlinear_heteroskedastic,303,1701,flow,boundary,0.05,2,-0.2123342688113456,0.0004261944543393,-0.2,-0.0123342688113456
nonlinear_heteroskedastic,303,1701,flow,extrapolated,0.2,0,0.1923595776364802,0.0009113726846409,1.026929748370581,-0.8345701707341008
nonlinear_heteroskedastic,303,1701,flow,extrapolated,0.2,1,0.0625686185780814,0.0002242948090757,0.5,-0.4374313814219185
nonlinear_heteroskedastic,303,1701,flow,extrapolated,0.2,2,0.0293971598638127,0.0007216894647914,-0.2,0.2293971598638127
nonlinear_heteroskedastic,303,1701,flow,extrapolated,0.1,0,0.1913281485973739,0.0009124322164717,1.026929748370581,-0.8356015997732071
nonlinear_heteroskedastic,303,1701,flow,extrapolated,0.1,1,0.0621111461443041,0.0002244160757139,0.5,-0.4378888538556958
nonlinear_heteroskedastic,303,1701,flow,extrapolated,0.1,2,0.0297335182766425,0.0007212349506661,-0.2,0.2297335182766425
nonlinear_heteroskedastic,303,1701,flow,extrapolated,0.05,0,0.191071064402033,0.000912675707065,1.026929748370581,-0.835858683968548
nonlinear_heteroskedastic,303,1701,flow,extrapolated,0.05,1,0.0619972549555417,0.0002244541943543,0.5,-0.4380027450444582
nonlinear_heteroskedastic,303,1701,flow,extrapolated,0.05,2,0.0298175081142311,0.0007211328214691,-0.2,0.2298175081142312
bimodal,303,1701,flow,central,0.2,0,2.210133758905231,0.007731335259954,2.25,-0.0398662410947685
bimodal,303,1701,flow,central,0.2,1,1.124074169707169,0.0052956664463006,1.05,0.0740741697071689
bimodal,303,1701,flow,central,0.2,2,-0.4116392249961654,0.0019349823864836,-0.35,-0.0616392249961654
bimodal,303,1701,flow,central,0.1,0,2.2308570156525165,0.0081595478675415,2.25,-0.0191429843474835
bimodal,303,1701,flow,central,0.1,1,1.1375128262564578,0.0056106762180142,1.05,0.0875128262564577
bimodal,303,1701,flow,central,0.1,2,-0.4166217552952411,0.0020526177576693,-0.35,-0.0666217552952411
bimodal,303,1701,flow,central,0.05,0,2.2361594968379244,0.0082756690833093,2.25,-0.0138405031620756
bimodal,303,1701,flow,central,0.05,1,1.1409509183825046,0.0056957623364053,1.05,0.0909509183825045
bimodal,303,1701,flow,central,0.05,2,-0.4178968226971327,0.0020848883172235,-0.35,-0.0678968226971327
bimodal,303,1701,flow,boundary,0.2,0,1.2774253053733495,0.0016526230350573,0.9347346089919524,0.3426906963813972
bimodal,303,1701,flow,boundary,0.2,1,0.5894641870924788,0.0006155260382782,0.7678045486315878,-0.1783403615391089
bimodal,303,1701,flow,boundary,0.2,2,-0.210835129004682,0.0003930667411447,-0.2730376041722512,0.0622024751675691
bimodal,303,1701,flow,boundary,0.1,0,1.2740996891367884,0.0016582404209815,0.9347346089919524,0.3393650801448361
bimodal,303,1701,flow,boundary,0.1,1,0.5867908367935869,0.000618904203368,0.7678045486315878,-0.1810137118380008
bimodal,303,1701,flow,boundary,0.1,2,-0.2101160556109082,0.0003887807086708,-0.2730376041722512,0.062921548561343
bimodal,303,1701,flow,boundary,0.05,0,1.2732560239256665,0.0016593090969758,0.9347346089919524,0.338521414933714
bimodal,303,1701,flow,boundary,0.05,1,0.5861163858614579,0.0006198276982543,0.7678045486315878,-0.1816881627701299
bimodal,303,1701,flow,boundary,0.05,2,-0.2099329833685394,0.0003875427145314,-0.2730376041722512,0.0631046208037117
bimodal,303,1701,flow,extrapolated,0.2,0,0.1954466728383093,0.0015664196103988,1.0442146957146352,-0.8487680228763258
bimodal,303,1701,flow,extrapolated,0.2,1,0.12205417513355,0.0004694747032829,0.5146257246757381,-0.392571549542188
bimodal,303,1701,flow,extrapolated,0.2,2,0.035510648385037,0.0006334283763549,-0.203988834002474,0.239499482387511
bimodal,303,1701,flow,extrapolated,0.1,0,0.193817101247864,0.001571709449582,1.0442146957146352,-0.8503975944667712
bimodal,303,1701,flow,extrapolated,0.1,1,0.1216263131923889,0.0004709862796656,0.5146257246757381,-0.3929994114833491
bimodal,303,1701,flow,extrapolated,0.1,2,0.035887343266131,0.0006340731353078,-0.203988834002474,0.2398761772686051
bimodal,303,1701,flow,extrapolated,0.05,0,0.1934103254634485,0.0015730318115069,1.0442146957146352,-0.8508043702511866
bimodal,303,1701,flow,extrapolated,0.05,1,0.1215210484482964,0.0004713856871169,0.5146257246757381,-0.3931046762274416
bimodal,303,1701,flow,extrapolated,0.05,2,0.0359819920892142,0.0006342378160931,-0.203988834002474,0.2399708260916882
linear_gaussian,202,1701,gaussian_diag,central,0.2,0,0.8502212812199256,2.2094772498783795e-05,0.8,0.0502212812199255
linear_gaussian,202,1701,gaussian_diag,central,0.2,1,0.6212701500803789,0.0008672264003673,0.5,0.1212701500803788
linear_gaussian,202,1701,gaussian_diag,central,0.2,2,-0.2180518147728415,0.0001164576758344,-0.2,-0.0180518147728415
linear_gaussian,202,1701,gaussian_diag,central,0.1,0,0.8507252757797716,2.485168255598615e-05,0.8,0.0507252757797715
linear_gaussian,202,1701,gaussian_diag,central,0.1,1,0.6248039192036509,0.0008915349171436,0.5,0.1248039192036508
linear_gaussian,202,1701,gaussian_diag,central,0.1,2,-0.2189739481004508,0.0001210825780793,-0.2,-0.0189739481004508
linear_gaussian,202,1701,gaussian_diag,central,0.05,0,0.8508571216806491,2.5598767038628703e-05,0.8,0.050857121680649
linear_gaussian,202,1701,gaussian_diag,central,0.05,1,0.6257020437235825,0.0008976735069721,0.5,0.1257020437235825
linear_gaussian,202,1701,gaussian_diag,central,0.05,2,-0.2192056636214924,0.0001222474484074,-0.2,-0.0192056636214924
linear_gaussian,202,1701,gaussian_diag,boundary,0.2,0,0.8195936793199249,0.0011460064109534,0.8,0.0195936793199248
linear_gaussian,202,1701,gaussian_diag,boundary,0.2,1,0.3804740074794782,0.0001700234939235,0.5,-0.1195259925205218
linear_gaussian,202,1701,gaussian_diag,boundary,0.2,2,-0.1745002996365266,0.0001913539537368,-0.2,0.0254997003634734
linear_gaussian,202,1701,gaussian_diag,boundary,0.1,0,0.8279880096798656,0.0011278135900803,0.8,0.0279880096798655
linear_gaussian,202,1701,gaussian_diag,boundary,0.1,1,0.3827238415580262,0.0001693755845075,0.5,-0.1172761584419737
linear_gaussian,202,1701,gaussian_diag,boundary,0.1,2,-0.1769549529428813,0.0001893631975467,-0.2,0.0230450470571187
linear_gaussian,202,1701,gaussian_diag,boundary,0.05,0,0.8301366069004712,0.0011230911581241,0.8,0.0301366069004711
linear_gaussian,202,1701,gaussian_diag,boundary,0.05,1,0.383303116637461,0.0001691846056725,0.5,-0.1166968833625389
linear_gaussian,202,1701,gaussian_diag,boundary,0.05,2,-0.1775838373607009,0.000188838566203,-0.2,0.0224161626392991
linear_gaussian,202,1701,gaussian_diag,extrapolated,0.2,0,-0.0636255843962739,0.0026510383274836,0.8,-0.8636255843962739
linear_gaussian,202,1701,gaussian_diag,extrapolated,0.2,1,-0.0872696300186482,0.0005889139038126,0.5,-0.5872696300186483
linear_gaussian,202,1701,gaussian_diag,extrapolated,0.2,2,0.088915485211477,0.0005661161109302,-0.2,0.2889154852114771
linear_gaussian,202,1701,gaussian_diag,extrapolated,0.1,0,-0.0652534144436893,0.0026516471157016,0.8,-0.8652534144436893
linear_gaussian,202,1701,gaussian_diag,extrapolated,0.1,1,-0.0877244371594452,0.0005890603719881,0.5,-0.5877244371594452
linear_gaussian,202,1701,gaussian_diag,extrapolated,0.1,2,0.0891266601728744,0.0005670034543738,-0.2,0.2891266601728745
linear_gaussian,202,1701,gaussian_diag,extrapolated,0.05,0,-0.0656551701922092,0.0026517671960012,0.8,-0.8656551701922093
linear_gaussian,202,1701,gaussian_diag,extrapolated,0.05,1,-0.0878356727451434,0.0005890995090684,0.5,-0.5878356727451435
linear_gaussian,202,1701,gaussian_diag,extrapolated,0.05,2,0.089177132745203,0.0005672291303806,-0.2,0.289177132745203
heavy_tailed,202,1701,student_rank2,central,0.2,0,1.548567967394044,0.0009859819961556,1.6,-0.051432032605956
heavy_tailed,202,1701,student_rank2,central,0.2,1,0.5482425043184321,0.0039243358812337,0.5,0.0482425043184321
heavy_tailed,202,1701,student_rank2,central,0.2,2,-0.2122935434339158,0.0021315883840009,-0.2,-0.0122935434339157
heavy_tailed,202,1701,student_rank2,central,0.1,0,1.5617289321789318,0.0009660924648466,1.6,-0.0382710678210682
heavy_tailed,202,1701,student_rank2,central,0.1,1,0.5508389158801376,0.0039991533422743,0.5,0.0508389158801375
heavy_tailed,202,1701,student_rank2,central,0.1,2,-0.2143499457130426,0.0021567158202876,-0.2,-0.0143499457130426
heavy_tailed,202,1701,student_rank2,central,0.05,0,1.5650755041234508,0.0009610221599191,1.6,-0.0349244958765493
heavy_tailed,202,1701,student_rank2,central,0.05,1,0.5514962881741158,0.0040182438394002,0.5,0.0514962881741157
heavy_tailed,202,1701,student_rank2,central,0.05,2,-0.2148711039730092,0.0021632043703311,-0.2,-0.0148711039730092
heavy_tailed,202,1701,student_rank2,boundary,0.2,0,0.9365139543524362,0.0032049368398592,0.6182383242455304,0.3182756301069058
heavy_tailed,202,1701,student_rank2,boundary,0.2,1,0.3700503140329703,0.002091100971235,0.5,-0.1299496859670297
heavy_tailed,202,1701,student_rank2,boundary,0.2,2,-0.1240007219386499,0.0022890413294919,-0.2,0.0759992780613501
heavy_tailed,202,1701,student_rank2,boundary,0.1,0,0.9350554241961818,0.0032392445043031,0.6182383242455304,0.3168170999506514
heavy_tailed,202,1701,student_rank2,boundary,0.1,1,0.3706007504050998,0.0021009630119425,0.5,-0.1293992495949001
heavy_tailed,202,1701,student_rank2,boundary,0.1,2,-0.1246733241605145,0.0022969605943382,-0.2,0.0753266758394854
heavy_tailed,202,1701,student_rank2,boundary,0.05,0,0.93467743788277,0.0032477561461505,0.6182383242455304,0.3164391136372397
heavy_tailed,202,1701,student_rank2,boundary,0.05,1,0.370741599018672,0.0021033913339961,0.5,-0.1292584009813279
heavy_tailed,202,1701,student_rank2,boundary,0.05,2,-0.1248382146589103,0.0022988657161637,-0.2,0.0751617853410896
heavy_tailed,202,1701,student_rank2,extrapolated,0.2,0,0.0498396963658167,0.0012941687539441,1.026929748370581,-0.9770900520047644
heavy_tailed,202,1701,student_rank2,extrapolated,0.2,1,0.0149768241528204,0.0018497105711012,0.5,-0.4850231758471796
heavy_tailed,202,1701,student_rank2,extrapolated,0.2,2,0.1423204834562658,0.001938957360043,-0.2,0.3423204834562658
heavy_tailed,202,1701,student_rank2,extrapolated,0.1,0,0.0482620737172001,0.001291690053485,1.026929748370581,-0.9786676746533808
heavy_tailed,202,1701,student_rank2,extrapolated,0.1,1,0.0141962612036015,0.0018497096921188,0.5,-0.4858037387963984
heavy_tailed,202,1701,student_rank2,extrapolated,0.1,2,0.1429767375607408,0.0019402478443476,-0.2,0.3429767375607409
heavy_tailed,202,1701,student_rank2,extrapolated,0.05,0,0.0478695592652204,0.0012911188783416,1.026929748370581,-0.9790601891053606
heavy_tailed,202,1701,student_rank2,extrapolated,0.05,1,0.0139998709234993,0.0018497051133994,0.5,-0.4860001290765006
heavy_tailed,202,1701,student_rank2,extrapolated,0.05,2,0.1431404360422304,0.0019405577713306,-0.2,0.3431404360422304
bimodal,303,2903,mdn4,central,0.2,0,2.694889213596866,0.0197525571775942,2.25,0.4448892135968658
bimodal,303,2903,mdn4,central,0.2,1,1.4320348123181903,0.0151093775122081,1.05,0.3820348123181905
bimodal,303,2903,mdn4,central,0.2,2,-0.5235810245089768,0.0097636123535207,-0.35,-0.1735810245089768
bimodal,303,2903,mdn4,central,0.1,0,2.8265483873153454,0.0273058860186997,2.25,0.5765483873153454
bimodal,303,2903,mdn4,central,0.1,1,1.5313610049278912,0.0178799376496855,1.05,0.4813610049278911
bimodal,303,2903,mdn4,central,0.1,2,-0.5517442910265085,0.00708795829727,-0.35,-0.2017442910265084
bimodal,303,2903,mdn4,central,0.05,0,2.8979008861184083,0.0620046481307267,2.25,0.6479008861184083
bimodal,303,2903,mdn4,central,0.05,1,1.5902118235294456,0.0503141380594065,1.05,0.5402118235294455
bimodal,303,2903,mdn4,central,0.05,2,-0.5834162366792413,0.0190545466638967,-0.35,-0.2334162366792412
bimodal,303,2903,mdn4,boundary,0.2,0,0.8334592190150447,0.0130015217534695,0.9347346089919524,-0.1012753899769075
bimodal,303,2903,mdn4,boundary,0.2,1,0.5274494451144992,0.0125797501807378,0.7678045486315878,-0.2403551035170885
bimodal,303,2903,mdn4,boundary,0.2,2,-0.2302941318415966,0.0012771268528837,-0.2730376041722512,0.0427434723306545
bimodal,303,2903,mdn4,boundary,0.1,0,0.8276397491799644,0.0204542927446948,0.9347346089919524,-0.1070948598119878
bimodal,303,2903,mdn4,boundary,0.1,1,0.5288805681247896,0.0172641246402848,0.7678045486315878,-0.2389239805067982
bimodal,303,2903,mdn4,boundary,0.1,2,-0.237800502379913,0.0062198550341404,-0.2730376041722512,0.0352371017923381
bimodal,303,2903,mdn4,boundary,0.05,0,0.8168212347980486,0.0226780461133331,0.9347346089919524,-0.1179133741939036
bimodal,303,2903,mdn4,boundary,0.05,1,0.5202482531305882,0.0186119221165029,0.7678045486315878,-0.2475562955009995
bimodal,303,2903,mdn4,boundary,0.05,2,-0.2451383357916523,0.0014938614355049,-0.2730376041722512,0.0278992683805988
bimodal,303,2903,mdn4,extrapolated,0.2,0,0.1448359277347473,0.0028021248227079,1.0442146957146352,-0.8993787679798878
bimodal,303,2903,mdn4,extrapolated,0.2,1,0.0577425678692689,0.0031533098986829,0.5146257246757381,-0.4568831568064692
bimodal,303,2903,mdn4,extrapolated,0.2,2,0.179071737679812,0.0056654262842251,-0.203988834002474,0.383060571682286
bimodal,303,2903,mdn4,extrapolated,0.1,0,0.146344816242124,0.0034344048109,1.0442146957146352,-0.8978698794725112
bimodal,303,2903,mdn4,extrapolated,0.1,1,0.0577779490086327,0.0092825240502362,0.5146257246757381,-0.4568477756671053
bimodal,303,2903,mdn4,extrapolated,0.1,2,0.1833482243463285,0.0121594038436514,-0.203988834002474,0.3873370583488026
bimodal,303,2903,mdn4,extrapolated,0.05,0,0.1477958303628801,0.00125250939303,1.0442146957146352,-0.8964188653517551
bimodal,303,2903,mdn4,extrapolated,0.05,1,0.0608395023457412,0.0024738311165615,0.5146257246757381,-0.4537862223299968
bimodal,303,2903,mdn4,extrapolated,0.05,2,0.1815668175936326,0.0015876228613142,-0.203988834002474,0.3855556515961067
nonlinear_heteroskedastic,303,2903,mdn4,central,0.2,0,1.5403129837617109,0.0009964713228453,1.6,-0.0596870162382894
nonlinear_heteroskedastic,303,2903,mdn4,central,0.2,1,0.4326057914042476,0.0012621511200877,0.5,-0.0673942085957524
nonlinear_heteroskedastic,303,2903,mdn4,central,0.2,2,-0.2424398427996928,0.0025787231961467,-0.2,-0.0424398427996928
nonlinear_heteroskedastic,303,2903,mdn4,central,0.1,0,1.5725186015923909,0.0042554474088284,1.6,-0.0274813984076092
nonlinear_heteroskedastic,303,2903,mdn4,central,0.1,1,0.4367337924546564,0.0030331569059394,0.5,-0.0632662075453436
nonlinear_heteroskedastic,303,2903,mdn4,central,0.1,2,-0.2477144232132526,0.0099048101208085,-0.2,-0.0477144232132526
nonlinear_heteroskedastic,303,2903,mdn4,central,0.05,0,1.5866921541332235,0.0068020032375059,1.6,-0.0133078458667765
nonlinear_heteroskedastic,303,2903,mdn4,central,0.05,1,0.4406626609261268,0.0068583560125264,0.5,-0.0593373390738731
nonlinear_heteroskedastic,303,2903,mdn4,central,0.05,2,-0.2658256103403228,0.0178616606309226,-0.2,-0.0658256103403228
nonlinear_heteroskedastic,303,2903,mdn4,boundary,0.2,0,0.6190620671816739,0.0078437863827799,0.6182383242455304,0.0008237429361435
nonlinear_heteroskedastic,303,2903,mdn4,boundary,0.2,1,0.4326850924653414,0.0067441655398939,0.5,-0.0673149075346585
nonlinear_heteroskedastic,303,2903,mdn4,boundary,0.2,2,-0.1977747337132035,0.0045566115999614,-0.2,0.0022252662867965
nonlinear_heteroskedastic,303,2903,mdn4,boundary,0.1,0,0.5947960238536573,0.0049266871239259,0.6182383242455304,-0.0234423003918731
nonlinear_heteroskedastic,303,2903,mdn4,boundary,0.1,1,0.4281844951859981,0.0067854671240193,0.5,-0.0718155048140018
nonlinear_heteroskedastic,303,2903,mdn4,boundary,0.1,2,-0.1978233262859915,0.0102270470281734,-0.2,0.0021766737140084
nonlinear_heteroskedastic,303,2903,mdn4,boundary,0.05,0,0.593204802199038,0.0027247355691021,0.6182383242455304,-0.0250335220464923
nonlinear_heteroskedastic,303,2903,mdn4,boundary,0.05,1,0.4239248700615821,0.0124378768964372,0.5,-0.0760751299384178
nonlinear_heteroskedastic,303,2903,mdn4,boundary,0.05,2,-0.1897863877966662,0.0106948739027616,-0.2,0.0102136122033338
nonlinear_heteroskedastic,303,2903,mdn4,extrapolated,0.2,0,0.1052486439266655,0.0017951552311455,1.026929748370581,-0.9216811044439156
nonlinear_heteroskedastic,303,2903,mdn4,extrapolated,0.2,1,0.1221618695457284,0.0035180268419404,0.5,-0.3778381304542715
nonlinear_heteroskedastic,303,2903,mdn4,extrapolated,0.2,2,0.2088786711449389,0.0032391246198816,-0.2,0.408878671144939
nonlinear_heteroskedastic,303,2903,mdn4,extrapolated,0.1,0,0.1054306521313475,0.0019613204261243,1.026929748370581,-0.9214990962392337
nonlinear_heteroskedastic,303,2903,mdn4,extrapolated,0.1,1,0.1242035085532209,0.0057547144173855,0.5,-0.375796491446779
nonlinear_heteroskedastic,303,2903,mdn4,extrapolated,0.1,2,0.2116066079154582,0.0052138311026771,-0.2,0.4116066079154582
nonlinear_heteroskedastic,303,2903,mdn4,extrapolated,0.05,0,0.1030978408298074,0.0010078152768872,1.026929748370581,-0.9238319075407736
nonlinear_heteroskedastic,303,2903,mdn4,extrapolated,0.05,1,0.1281895156862204,0.0110345214609843,0.5,-0.3718104843137796
nonlinear_heteroskedastic,303,2903,mdn4,extrapolated,0.05,2,0.2076835576600366,0.0083792463439423,-0.2,0.4076835576600366
nonlinear_heteroskedastic,101,1701,edm,central,0.2,0,1.4429821937612477,0.0015009520225551,1.6,-0.1570178062387526
nonlinear_heteroskedastic,101,1701,edm,central,0.2,1,0.5550755160976716,0.0010119306551473,0.5,0.0550755160976715
nonlinear_heteroskedastic,101,1701,edm,central,0.2,2,-0.2819248941895668,0.0002897092125355,-0.2,-0.0819248941895668
nonlinear_heteroskedastic,101,1701,edm,central,0.1,0,1.4600748282991287,0.0015746681865237,1.6,-0.1399251717008713
nonlinear_heteroskedastic,101,1701,edm,central,0.1,1,0.5657235869063563,0.0010431584056913,0.5,0.0657235869063562
nonlinear_heteroskedastic,101,1701,edm,central,0.1,2,-0.2850355794884633,0.000321194794832,-0.2,-0.0850355794884633
nonlinear_heteroskedastic,101,1701,edm,central,0.05,0,1.464521916431498,0.0015942265548029,1.6,-0.1354780835685021
nonlinear_heteroskedastic,101,1701,edm,central,0.05,1,0.5684750840575205,0.0010508381849081,0.5,0.0684750840575204
nonlinear_heteroskedastic,101,1701,edm,central,0.05,2,-0.2858248393771935,0.0003296055247529,-0.2,-0.0858248393771935
nonlinear_heteroskedastic,101,1701,edm,boundary,0.2,0,0.8671987501517283,0.0008074911358323,0.6182383242455304,0.2489604259061979
nonlinear_heteroskedastic,101,1701,edm,boundary,0.2,1,0.2017893362352657,0.0008616144656923,0.5,-0.2982106637647342
nonlinear_heteroskedastic,101,1701,edm,boundary,0.2,2,-0.1593644202735301,0.0016103246452547,-0.2,0.0406355797264698
nonlinear_heteroskedastic,101,1701,edm,boundary,0.1,0,0.8647590192055103,0.0008030495019273,0.6182383242455304,0.2465206949599799
nonlinear_heteroskedastic,101,1701,edm,boundary,0.1,1,0.1997921456572397,0.0008639578859224,0.5,-0.3002078543427603
nonlinear_heteroskedastic,101,1701,edm,boundary,0.1,2,-0.1589226984352809,0.0016126893288578,-0.2,0.041077301564719
nonlinear_heteroskedastic,101,1701,edm,boundary,0.05,0,0.8641453682562735,0.0008019771334257,0.6182383242455304,0.2459070440107431
nonlinear_heteroskedastic,101,1701,edm,boundary,0.05,1,0.1992922766843446,0.0008645806308564,0.5,-0.3007077233156553
nonlinear_heteroskedastic,101,1701,edm,boundary,0.05,2,-0.1588082960165579,0.0016132663980399,-0.2,0.041191703983442
nonlinear_heteroskedastic,101,1701,edm,extrapolated,0.2,0,0.3023516577339193,0.0004590734475022,1.026929748370581,-0.7245780906366617
nonlinear_heteroskedastic,101,1701,edm,extrapolated,0.2,1,0.0185239122536489,0.0001010328244523,0.5,-0.481476087746351
nonlinear_heteroskedastic,101,1701,edm,extrapolated,0.2,2,0.0219812362185853,0.000433701772298,-0.2,0.2219812362185853
nonlinear_heteroskedastic,101,1701,edm,extrapolated,0.1,0,0.3017230066447389,0.0004595312299832,1.026929748370581,-0.7252067417258421
nonlinear_heteroskedastic,101,1701,edm,extrapolated,0.1,1,0.0183405746266375,0.0001005950088662,0.5,-0.4816594253733624
nonlinear_heteroskedastic,101,1701,edm,extrapolated,0.1,2,0.0222625352658048,0.0004337150663009,-0.2,0.2222625352658048
nonlinear_heteroskedastic,101,1701,edm,extrapolated,0.05,0,0.3015663514626721,0.0004595979286113,1.026929748370581,-0.725363396907909
nonlinear_heteroskedastic,101,1701,edm,extrapolated,0.05,1,0.0182948569688399,0.000100481480067,0.5,-0.48170514303116
nonlinear_heteroskedastic,101,1701,edm,extrapolated,0.05,2,0.0223330031620722,0.0004337080366837,-0.2,0.2223330031620722
linear_gaussian,303,0,gp_rbf,central,0.2,0,0.797240947057869,4.766750442244857e-06,0.8,-0.002759052942131
linear_gaussian,303,0,gp_rbf,central,0.2,1,0.4356114785369905,2.0900136893541677e-06,0.5,-0.0643885214630095
linear_gaussian,303,0,gp_rbf,central,0.2,2,-0.2129138129277959,9.537813735367031e-07,-0.2,-0.0129138129277958
linear_gaussian,303,0,gp_rbf,central,0.1,0,0.7984873302066743,5.1386435137703e-06,0.8,-0.0015126697933257
linear_gaussian,303,0,gp_rbf,central,0.1,1,0.4345471582070723,2.25307269954928e-06,0.5,-0.0654528417929277
linear_gaussian,303,0,gp_rbf,central,0.1,2,-0.211830079981293,1.0281936359554094e-06,-0.2,-0.011830079981293
linear_gaussian,303,0,gp_rbf,central,0.05,0,0.7987896057872524,5.233723224278785e-06,0.8,-0.0012103942127476
linear_gaussian,303,0,gp_rbf,central,0.05,1,0.4342698447673873,2.2947610359785164e-06,0.5,-0.0657301552326126
linear_gaussian,303,0,gp_rbf,central,0.05,2,-0.2115514801098246,1.0472181805362286e-06,-0.2,-0.0115514801098246
linear_gaussian,303,0,gp_rbf,boundary,0.2,0,0.6192565414764358,9.697942191587948e-05,0.8,-0.1807434585235642
linear_gaussian,303,0,gp_rbf,boundary,0.2,1,0.4814135911941257,0.0001940016079465,0.5,-0.0185864088058742
linear_gaussian,303,0,gp_rbf,boundary,0.2,2,-0.2378417160108159,3.852186737844561e-05,-0.2,-0.0378417160108159
linear_gaussian,303,0,gp_rbf,boundary,0.1,0,0.6234489911872395,8.448001246669153e-05,0.8,-0.1765510088127605
linear_gaussian,303,0,gp_rbf,boundary,0.1,1,0.4868987646753734,0.0001689972772977,0.5,-0.0131012353246265
linear_gaussian,303,0,gp_rbf,boundary,0.1,2,-0.242745094226403,3.35568904408864e-05,-0.2,-0.042745094226403
linear_gaussian,303,0,gp_rbf,boundary,0.05,0,0.6245058634429094,8.133916484141771e-05,0.8,-0.1754941365570906
linear_gaussian,303,0,gp_rbf,boundary,0.05,1,0.4882843239560984,0.0001627141970586,0.5,-0.0117156760439016
linear_gaussian,303,0,gp_rbf,boundary,0.05,2,-0.2439863109926493,3.2309292618269586e-05,-0.2,-0.0439863109926493
linear_gaussian,303,0,gp_rbf,extrapolated,0.2,0,-0.5191376050205746,0.0033848607132565,0.8,-1.3191376050205743
linear_gaussian,303,0,gp_rbf,extrapolated,0.2,1,-0.3796479665735561,0.0018556457071837,0.5,-0.8796479665735562
linear_gaussian,303,0,gp_rbf,extrapolated,0.2,2,0.2196727973684394,0.000577559084765,-0.2,0.4196727973684395
linear_gaussian,303,0,gp_rbf,extrapolated,0.1,0,-0.5251196936995902,0.0034051623069618,0.8,-1.3251196936995902
linear_gaussian,303,0,gp_rbf,extrapolated,0.1,1,-0.3841943581273719,0.0018667754310906,0.5,-0.8841943581273719
linear_gaussian,303,0,gp_rbf,extrapolated,0.1,2,0.2215942760273664,0.0005810231475056,-0.2,0.4215942760273664
linear_gaussian,303,0,gp_rbf,extrapolated,0.05,0,-0.5266252274261688,0.0034102186637288,0.8,-1.326625227426169
linear_gaussian,303,0,gp_rbf,extrapolated,0.05,1,-0.3853373345243651,0.00186954742307,0.5,-0.8853373345243651
linear_gaussian,303,0,gp_rbf,extrapolated,0.05,2,0.2220740196740358,0.0005818859141103,-0.2,0.4220740196740358
heavy_tailed,101,0,gp_rbf,central,0.2,0,1.5011560946391764,2.397163187752863e-06,1.6,-0.0988439053608236
heavy_tailed,101,0,gp_rbf,central,0.2,1,0.4745711387774832,1.7217976148474982e-06,0.5,-0.0254288612225168
heavy_tailed,101,0,gp_rbf,central,0.2,2,-0.2871568712213447,1.8526850100281845e-06,-0.2,-0.0871568712213447
heavy_tailed,101,0,gp_rbf,central,0.1,0,1.5142207444256697,2.57747114916811e-06,1.6,-0.0857792555743306
heavy_tailed,101,0,gp_rbf,central,0.1,1,0.474644049322366,1.8513064532410664e-06,0.5,-0.0253559506776339
heavy_tailed,101,0,gp_rbf,central,0.1,2,-0.2908761942384557,1.992038834916936e-06,-0.2,-0.0908761942384556
heavy_tailed,101,0,gp_rbf,central,0.05,0,1.517503961341066,2.6230957510411373e-06,1.6,-0.0824960386589341
heavy_tailed,101,0,gp_rbf,central,0.05,1,0.4746551317464444,1.884076993062084e-06,0.5,-0.0253448682535555
heavy_tailed,101,0,gp_rbf,central,0.05,2,-0.2918138360908957,2.0273005214645545e-06,-0.2,-0.0918138360908956
heavy_tailed,101,0,gp_rbf,boundary,0.2,0,0.667317056495238,0.0003450942294496,0.6182383242455304,0.0490787322497076
heavy_tailed,101,0,gp_rbf,boundary,0.2,1,0.4337969323192275,5.778798355293675e-05,0.5,-0.0662030676807725
heavy_tailed,101,0,gp_rbf,boundary,0.2,2,-0.0639590997577946,0.0001080781842987,-0.2,0.1360409002422053
heavy_tailed,101,0,gp_rbf,boundary,0.1,0,0.6697781701006648,0.0002972942477461,0.6182383242455304,0.0515398458551343
heavy_tailed,101,0,gp_rbf,boundary,0.1,1,0.4371079446153463,4.978360584850031e-05,0.5,-0.0628920553846536
heavy_tailed,101,0,gp_rbf,boundary,0.1,2,-0.0634817071161207,9.310796807585758e-05,-0.2,0.1365182928838792
heavy_tailed,101,0,gp_rbf,boundary,0.05,0,0.6703935860542661,0.0002852731176293,0.6182383242455304,0.0521552618087357
heavy_tailed,101,0,gp_rbf,boundary,0.05,1,0.4379426489636769,4.7770599515334e-05,0.5,-0.062057351036323
heavy_tailed,101,0,gp_rbf,boundary,0.05,2,-0.0633593734917305,8.93431357362264e-05,-0.2,0.1366406265082694
heavy_tailed,101,0,gp_rbf,extrapolated,0.2,0,-0.6707358567885576,0.0038899013038906,1.026929748370581,-1.6976656051591386
heavy_tailed,101,0,gp_rbf,extrapolated,0.2,1,-0.3266216775621172,0.0028934487911804,0.5,-0.8266216775621171
heavy_tailed,101,0,gp_rbf,extrapolated,0.2,2,0.0782048474275134,0.0022071513681186,-0.2,0.2782048474275134
heavy_tailed,101,0,gp_rbf,extrapolated,0.1,0,-0.675148562700242,0.0039125595559921,1.026929748370581,-1.702078311070823
heavy_tailed,101,0,gp_rbf,extrapolated,0.1,1,-0.3306841080950137,0.0029103028157496,0.5,-0.8306841080950138
heavy_tailed,101,0,gp_rbf,extrapolated,0.1,2,0.0780680383802081,0.0022200077848282,-0.2,0.2780680383802081
heavy_tailed,101,0,gp_rbf,extrapolated,0.05,0,-0.676251779606755,0.0039181994570949,1.026929748370581,-1.703181527977336
heavy_tailed,101,0,gp_rbf,extrapolated,0.05,1,-0.3317068212230841,0.0029144979774721,0.5,-0.831706821223084
heavy_tailed,101,0,gp_rbf,extrapolated,0.05,2,0.078031455237687,0.0022232078956968,-0.2,0.2780314552376871
bimodal,202,1701,edm,central,0.2,0,1.5759910236994497,0.0043276265841344,2.25,-0.6740089763005503
bimodal,202,1701,edm,central,0.2,1,0.727563136727326,0.0021200563859788,1.05,-0.322436863272674
bimodal,202,1701,edm,central,0.2,2,-0.2459597225798371,0.0005093992601532,-0.35,0.1040402774201628
bimodal,202,1701,edm,central,0.1,0,1.5809588386940934,0.0043445782866823,2.25,-0.6690411613059066
bimodal,202,1701,edm,central,0.1,1,0.7322827664443569,0.0021210482842785,1.05,-0.3177172335556432
bimodal,202,1701,edm,central,0.1,2,-0.2456479852078648,0.0004958503344566,-0.35,0.1043520147921351
bimodal,202,1701,edm,central,0.05,0,1.582202026258055,0.0043470524290998,2.25,-0.667797973741945
bimodal,202,1701,edm,central,0.05,1,0.7334717968902122,0.002120398376228,1.05,-0.3165282031097878
bimodal,202,1701,edm,central,0.05,2,-0.2455655598110611,0.0004922230513821,-0.35,0.1044344401889388
bimodal,202,1701,edm,boundary,0.2,0,1.3330174459436464,0.0031703828798258,0.9347346089919524,0.3982828369516941
bimodal,202,1701,edm,boundary,0.2,1,0.4906772046268715,0.0019142514608144,0.7678045486315878,-0.2771273440047162
bimodal,202,1701,edm,boundary,0.2,2,-0.3256193862883111,0.0010215210359872,-0.2730376041722512,-0.0525817821160599
bimodal,202,1701,edm,boundary,0.1,0,1.335752631544335,0.0031256914517287,0.9347346089919524,0.401018022552383
bimodal,202,1701,edm,boundary,0.1,1,0.4919438166795587,0.0018900345962189,0.7678045486315878,-0.275860731952029
bimodal,202,1701,edm,boundary,0.1,2,-0.327272926745156,0.001031919494475,-0.2730376041722512,-0.0542353225729048
bimodal,202,1701,edm,boundary,0.05,0,1.3364433499524395,0.0031114585031584,0.9347346089919524,0.4017087409604872
bimodal,202,1701,edm,boundary,0.05,1,0.4922646869732331,0.0018821192781503,0.7678045486315878,-0.2755398616583546
bimodal,202,1701,edm,boundary,0.05,2,-0.3276925542099839,0.0010342263301604,-0.2730376041722512,-0.0546549500377326
bimodal,202,1701,edm,extrapolated,0.2,0,0.4436758482764587,0.0002218260684404,1.0442146957146352,-0.6005388474381765
bimodal,202,1701,edm,extrapolated,0.2,1,-0.0593740239845695,0.0002230811894758,0.5146257246757381,-0.5739997486603076
bimodal,202,1701,edm,extrapolated,0.2,2,-0.1385956452500059,0.000561134837571,-0.203988834002474,0.065393188752468
bimodal,202,1701,edm,extrapolated,0.1,0,0.4426054972271998,0.0002180197016464,1.0442146957146352,-0.6016091984874354
bimodal,202,1701,edm,extrapolated,0.1,1,-0.0603154734493377,0.0002176549906875,0.5146257246757381,-0.5749411981250758
bimodal,202,1701,edm,extrapolated,0.1,2,-0.1384266116937645,0.0005587425324674,-0.203988834002474,0.0655622223087094
bimodal,202,1701,edm,extrapolated,0.05,0,0.4423391992071046,0.0002171769854467,1.0442146957146352,-0.6018754965075306
bimodal,202,1701,edm,extrapolated,0.05,1,-0.0605506858112632,0.0002163449619728,0.5146257246757381,-0.5751764104870014
bimodal,202,1701,edm,extrapolated,0.05,2,-0.1383847681912009,0.0005581599321092,-0.203988834002474,0.0656040658112731
linear_gaussian,303,1701,gaussian_rank2,central,0.2,0,0.8553835966517743,0.0002093138878152,0.8,0.0553835966517742
linear_gaussian,303,1701,gaussian_rank2,central,0.2,1,0.5648499932810753,0.0005531508677139,0.5,0.0648499932810753
linear_gaussian,303,1701,gaussian_rank2,central,0.2,2,-0.2383249051662365,0.0003399951211188,-0.2,-0.0383249051662365
linear_gaussian,303,1701,gaussian_rank2,central,0.1,0,0.8575505701881031,0.000213686287464,0.8,0.057550570188103
linear_gaussian,303,1701,gaussian_rank2,central,0.1,1,0.5678440681820349,0.0005582858420217,0.5,0.0678440681820349
linear_gaussian,303,1701,gaussian_rank2,central,0.1,2,-0.2392133184734312,0.0003305286402357,-0.2,-0.0392133184734312
linear_gaussian,303,1701,gaussian_rank2,central,0.05,0,0.8580898923173695,0.0002147516188509,0.8,0.0580898923173694
linear_gaussian,303,1701,gaussian_rank2,central,0.05,1,0.5685938188975914,0.0005595513638963,0.5,0.0685938188975914
linear_gaussian,303,1701,gaussian_rank2,central,0.05,2,-0.2394317782468552,0.0003281334822617,-0.2,-0.0394317782468552
linear_gaussian,303,1701,gaussian_rank2,boundary,0.2,0,0.656300007324391,0.0003287043227042,0.8,-0.143699992675609
linear_gaussian,303,1701,gaussian_rank2,boundary,0.2,1,0.4024812663674404,0.0004278020896584,0.5,-0.0975187336325595
linear_gaussian,303,1701,gaussian_rank2,boundary,0.2,2,-0.1722218725458784,0.0002410398837102,-0.2,0.0277781274541215
linear_gaussian,303,1701,gaussian_rank2,boundary,0.1,0,0.6578369067147283,0.0003222125345725,0.8,-0.1421630932852717
linear_gaussian,303,1701,gaussian_rank2,boundary,0.1,1,0.4036970827872801,0.0004236187118037,0.5,-0.0963029172127198
linear_gaussian,303,1701,gaussian_rank2,boundary,0.1,2,-0.1744126577355334,0.0002389749558964,-0.2,0.0255873422644665
linear_gaussian,303,1701,gaussian_rank2,boundary,0.05,0,0.6582198328389625,0.0003205946108276,0.8,-0.1417801671610375
linear_gaussian,303,1701,gaussian_rank2,boundary,0.05,1,0.4039999050227862,0.000422545407943,0.5,-0.0960000949772137
linear_gaussian,303,1701,gaussian_rank2,boundary,0.05,2,-0.174969268767842,0.0002384513508997,-0.2,0.025030731232158
linear_gaussian,303,1701,gaussian_rank2,extrapolated,0.2,0,0.0079862187055949,0.0039213352992423,0.8,-0.7920137812944051
linear_gaussian,303,1701,gaussian_rank2,extrapolated,0.2,1,-0.0844208266372788,0.0013132057471523,0.5,-0.5844208266372789
linear_gaussian,303,1701,gaussian_rank2,extrapolated,0.2,2,0.1153811280022017,0.001889414752567,-0.2,0.3153811280022017
linear_gaussian,303,1701,gaussian_rank2,extrapolated,0.1,0,0.0061756714403793,0.0039234116351194,0.8,-0.7938243285596207
linear_gaussian,303,1701,gaussian_rank2,extrapolated,0.1,1,-0.085557849352573,0.0013207510198092,0.5,-0.585557849352573
linear_gaussian,303,1701,gaussian_rank2,extrapolated,0.1,2,0.1158705195092447,0.0018949447124544,-0.2,0.3158705195092447
linear_gaussian,303,1701,gaussian_rank2,extrapolated,0.05,0,0.0057221584426736,0.0039238699840629,0.8,-0.7942778415573264
linear_gaussian,303,1701,gaussian_rank2,extrapolated,0.05,1,-0.0858416917426955,0.0013226598965524,0.5,-0.5858416917426955
linear_gaussian,303,1701,gaussian_rank2,extrapolated,0.05,2,0.1159905573149676,0.001896280020882,-0.2,0.3159905573149676
bimodal,101,2903,gaussian_rank2,central,0.2,0,2.3033356042636974,0.0009518037815978,2.25,0.0533356042636974
bimodal,101,2903,gaussian_rank2,central,0.2,1,1.1956945147887674,0.0021500896883556,1.05,0.1456945147887673
bimodal,101,2903,gaussian_rank2,central,0.2,2,-0.3933064347982243,0.0007104058944968,-0.35,-0.0433064347982243
bimodal,101,2903,gaussian_rank2,central,0.1,0,2.3263922252745526,0.0009762353291031,2.25,0.0763922252745525
bimodal,101,2903,gaussian_rank2,central,0.1,1,1.2052675806431297,0.0022230226472364,1.05,0.1552675806431296
bimodal,101,2903,gaussian_rank2,central,0.1,2,-0.3961845860154475,0.0007217866964463,-0.35,-0.0461845860154475
bimodal,101,2903,gaussian_rank2,central,0.05,0,2.3322458408650433,0.0009819911465533,2.25,0.0822458408650432
bimodal,101,2903,gaussian_rank2,central,0.05,1,1.207697194540459,0.0022415755669649,1.05,0.157697194540459
bimodal,101,2903,gaussian_rank2,central,0.05,2,-0.3969095623201935,0.0007247364296285,-0.35,-0.0469095623201935
bimodal,101,2903,gaussian_rank2,boundary,0.2,0,0.9166237809664998,0.0023668955105746,0.9347346089919524,-0.0181108280254524
bimodal,101,2903,gaussian_rank2,boundary,0.2,1,0.5378248650920738,0.0005145837771929,0.7678045486315878,-0.2299796835395139
bimodal,101,2903,gaussian_rank2,boundary,0.2,2,-0.1834967308579464,0.0004210715695865,-0.2730376041722512,0.0895408733143047
bimodal,101,2903,gaussian_rank2,boundary,0.1,0,0.908043434867469,0.0023916313739457,0.9347346089919524,-0.0266911741244832
bimodal,101,2903,gaussian_rank2,boundary,0.1,1,0.5344659453621438,0.0005177325656148,0.7678045486315878,-0.233338603269444
bimodal,101,2903,gaussian_rank2,boundary,0.1,2,-0.1825632720490612,0.000428965894994,-0.2730376041722512,0.0904743321231899
bimodal,101,2903,gaussian_rank2,boundary,0.05,0,0.9058345310290048,0.0023976340364793,0.9347346089919524,-0.0289000779629475
bimodal,101,2903,gaussian_rank2,boundary,0.05,1,0.5336044787498218,0.0005184933597897,0.7678045486315878,-0.234200069881766
bimodal,101,2903,gaussian_rank2,boundary,0.05,2,-0.1823179019319454,0.0004309820964786,-0.2730376041722512,0.0907197022403057
bimodal,101,2903,gaussian_rank2,extrapolated,0.2,0,-0.1781477542649318,0.0002593106402918,1.0442146957146352,-1.222362449979567
bimodal,101,2903,gaussian_rank2,extrapolated,0.2,1,0.0117356890490066,0.0003755835908368,0.5146257246757381,-0.5028900356267314
bimodal,101,2903,gaussian_rank2,extrapolated,0.2,2,0.0405949276192114,0.000570866532628,-0.203988834002474,0.2445837616216854
bimodal,101,2903,gaussian_rank2,extrapolated,0.1,0,-0.1794934860677336,0.0002580324096568,1.0442146957146352,-1.223708181782369
bimodal,101,2903,gaussian_rank2,extrapolated,0.1,1,0.0111066629000389,0.0003746226397257,0.5146257246757381,-0.5035190617756992
bimodal,101,2903,gaussian_rank2,extrapolated,0.1,2,0.040936643439435,0.0005709509212305,-0.203988834002474,0.2449254774419091
bimodal,101,2903,gaussian_rank2,extrapolated,0.05,0,-0.1798329242382723,0.0002577108101488,1.0442146957146352,-1.2240476199529076
bimodal,101,2903,gaussian_rank2,extrapolated,0.05,1,0.0109487738443103,0.0003743998896559,0.5146257246757381,-0.5036769508314277
bimodal,101,2903,gaussian_rank2,extrapolated,0.05,2,0.0410223374053114,0.0005709768246878,-0.203988834002474,0.2450111714077855
nonlinear_heteroskedastic,101,2903,student_rank2,central,0.2,0,1.4917835623671207,0.0021047309839954,1.6,-0.1082164376328793
nonlinear_heteroskedastic,101,2903,student_rank2,central,0.2,1,0.5158156519297609,0.0013381730973341,0.5,0.0158156519297608
nonlinear_heteroskedastic,101,2903,student_rank2,central,0.2,2,-0.2577425134733142,0.0006637915983291,-0.2,-0.0577425134733142
nonlinear_heteroskedastic,101,2903,student_rank2,central,0.1,0,1.5037142972863948,0.0021288898563602,1.6,-0.0962857027136052
nonlinear_heteroskedastic,101,2903,student_rank2,central,0.1,1,0.5165770821533984,0.0013758367751629,0.5,0.0165770821533983
nonlinear_heteroskedastic,101,2903,student_rank2,central,0.1,2,-0.2604072019585894,0.0007123499416643,-0.2,-0.0604072019585893
nonlinear_heteroskedastic,101,2903,student_rank2,central,0.05,0,1.5067041799406702,0.002134850065612,1.6,-0.0932958200593299
nonlinear_heteroskedastic,101,2903,student_rank2,central,0.05,1,0.5167572200307933,0.0013855027470169,0.5,0.0167572200307932
nonlinear_heteroskedastic,101,2903,student_rank2,central,0.05,2,-0.2610564060633395,0.0007249450008414,-0.2,-0.0610564060633395
nonlinear_heteroskedastic,101,2903,student_rank2,boundary,0.2,0,0.7580865358201048,0.0033366200343906,0.6182383242455304,0.1398482115745744
nonlinear_heteroskedastic,101,2903,student_rank2,boundary,0.2,1,0.4153918789774382,0.0009357908231244,0.5,-0.0846081210225617
nonlinear_heteroskedastic,101,2903,student_rank2,boundary,0.2,2,-0.0595379864719751,0.0023287134683983,-0.2,0.1404620135280248
nonlinear_heteroskedastic,101,2903,student_rank2,boundary,0.1,0,0.7533678960113598,0.0033517957431912,0.6182383242455304,0.1351295717658294
nonlinear_heteroskedastic,101,2903,student_rank2,boundary,0.1,1,0.4163748049298874,0.000956036783028,0.5,-0.0836251950701126
nonlinear_heteroskedastic,101,2903,student_rank2,boundary,0.1,2,-0.0571805418400296,0.0023483097412484,-0.2,0.1428194581599704
nonlinear_heteroskedastic,101,2903,student_rank2,boundary,0.05,0,0.7521291871334701,0.0033556855928665,0.6182383242455304,0.1338908628879397
nonlinear_heteroskedastic,101,2903,student_rank2,boundary,0.05,1,0.4166122168707249,0.0009612338239519,0.5,-0.083387783129275
nonlinear_heteroskedastic,101,2903,student_rank2,boundary,0.05,2,-0.0565611057321859,0.0023532662639662,-0.2,0.143438894267814
nonlinear_heteroskedastic,101,2903,student_rank2,extrapolated,0.2,0,-0.1174444788365871,0.0005382454093977,1.026929748370581,-1.1443742272071682
nonlinear_heteroskedastic,101,2903,student_rank2,extrapolated,0.2,1,0.0423985024416162,0.0004369962999081,0.5,-0.4576014975583837
nonlinear_heteroskedastic,101,2903,student_rank2,extrapolated,0.2,2,0.0856590167697362,0.0005804898788018,-0.2,0.2856590167697362
nonlinear_heteroskedastic,101,2903,student_rank2,extrapolated,0.1,0,-0.1187455321283803,0.0005362211956476,1.026929748370581,-1.1456752804989614
nonlinear_heteroskedastic,101,2903,student_rank2,extrapolated,0.1,1,0.041596443945054,0.000435506556292,0.5,-0.4584035560549459
nonlinear_heteroskedastic,101,2903,student_rank2,extrapolated,0.1,2,0.085711314282593,0.0005779615105152,-0.2,0.285711314282593
nonlinear_heteroskedastic,101,2903,student_rank2,extrapolated,0.05,0,-0.1190689340949953,0.0005357281473484,1.026929748370581,-1.1459986824655763
nonlinear_heteroskedastic,101,2903,student_rank2,extrapolated,0.05,1,0.0413960103481688,0.0004351303077917,0.5,-0.4586039896518312
nonlinear_heteroskedastic,101,2903,student_rank2,extrapolated,0.05,2,0.0857231288015888,0.0005773240730197,-0.2,0.2857231288015889
bimodal,303,2903,gaussian_diag,central,0.2,0,2.4560989637006485,0.0061184742519094,2.25,0.2060989637006485
bimodal,303,2903,gaussian_diag,central,0.2,1,1.0349031315586334,0.001485420518748,1.05,-0.0150968684413665
bimodal,303,2903,gaussian_diag,central,0.2,2,-0.3571194755721323,0.0002192912356206,-0.35,-0.0071194755721323
bimodal,303,2903,gaussian_diag,central,0.1,0,2.498775463879132,0.0065363894350261,2.25,0.2487754638791321
bimodal,303,2903,gaussian_diag,central,0.1,1,1.0413697590248188,0.0015535437210225,1.05,-0.0086302409751812
bimodal,303,2903,gaussian_diag,central,0.1,2,-0.3588016826446978,0.000252024643888,-0.35,-0.0088016826446978
bimodal,303,2903,gaussian_diag,central,0.05,0,2.5095940628482807,0.0066465934562245,2.25,0.2595940628482807
bimodal,303,2903,gaussian_diag,central,0.05,1,1.0429476928990644,0.0015711377164774,1.05,-0.0070523071009356
bimodal,303,2903,gaussian_diag,central,0.05,2,-0.3592149327851646,0.0002606617475159,-0.35,-0.0092149327851646
bimodal,303,2903,gaussian_diag,boundary,0.2,0,1.0156822045185403,0.0007991086240969,0.9347346089919524,0.0809475955265882
bimodal,303,2903,gaussian_diag,boundary,0.2,1,0.7095926672785495,0.0018978174403781,0.7678045486315878,-0.0582118813530382
bimodal,303,2903,gaussian_diag,boundary,0.2,2,-0.228603826518288,0.0005517968528076,-0.2730376041722512,0.0444337776539631
bimodal,303,2903,gaussian_diag,boundary,0.1,0,1.0088690271737712,0.0008049377329785,0.9347346089919524,0.0741344181818189
bimodal,303,2903,gaussian_diag,boundary,0.1,1,0.7091228067835752,0.0019264353191808,0.7678045486315878,-0.0586817418480125
bimodal,303,2903,gaussian_diag,boundary,0.1,2,-0.227039054018466,0.000552465762354,-0.2730376041722512,0.0459985501537851
bimodal,303,2903,gaussian_diag,boundary,0.05,0,1.00717882451756,0.0008062740181822,0.9347346089919524,0.0724442155256076
bimodal,303,2903,gaussian_diag,boundary,0.05,1,0.7089950352745094,0.0019334729522848,0.7678045486315878,-0.0588095133570784
bimodal,303,2903,gaussian_diag,boundary,0.05,2,-0.2266221457852731,0.0005525331568194,-0.2730376041722512,0.046415458386978
bimodal,303,2903,gaussian_diag,extrapolated,0.2,0,0.2039772247646398,0.0002902570441642,1.0442146957146352,-0.8402374709499953
bimodal,303,2903,gaussian_diag,extrapolated,0.2,1,0.1393772981207948,0.0003325773887384,0.5146257246757381,-0.3752484265549431
bimodal,303,2903,gaussian_diag,extrapolated,0.2,2,-0.0254760683285057,8.244601171238432e-05,-0.203988834002474,0.1785127656739682
bimodal,303,2903,gaussian_diag,extrapolated,0.1,0,0.2028304679840772,0.0002886180278623,1.0442146957146352,-0.841384227730558
bimodal,303,2903,gaussian_diag,extrapolated,0.1,1,0.1384848517325335,0.00033102137172,0.5146257246757381,-0.3761408729432045
bimodal,303,2903,gaussian_diag,extrapolated,0.1,2,-0.0253345096390312,8.341558498077764e-05,-0.203988834002474,0.1786543243634427
bimodal,303,2903,gaussian_diag,extrapolated,0.05,0,0.2025427187720474,0.000288198905337,1.0442146957146352,-0.8416719769425878
bimodal,303,2903,gaussian_diag,extrapolated,0.05,1,0.1382626234073206,0.0003306390540282,0.5146257246757381,-0.3763631012684174
bimodal,303,2903,gaussian_diag,extrapolated,0.05,2,-0.025299007503469,8.36517547934284e-05,-0.203988834002474,0.1786898264990049
nonlinear_heteroskedastic,202,2903,gaussian_rank2,central,0.2,0,1.708505761920326,0.0041279432740239,1.6,0.1085057619203258
nonlinear_heteroskedastic,202,2903,gaussian_rank2,central,0.2,1,0.740825362632814,0.00448333425192,0.5,0.2408253626328139
nonlinear_heteroskedastic,202,2903,gaussian_rank2,central,0.2,2,-0.1876451906458025,0.0026552451265311,-0.2,0.0123548093541974
nonlinear_heteroskedastic,202,2903,gaussian_rank2,central,0.1,0,1.7297742799660931,0.0042264993264276,1.6,0.129774279966093
nonlinear_heteroskedastic,202,2903,gaussian_rank2,central,0.1,1,0.7553697448698915,0.0045764720512022,0.5,0.2553697448698915
nonlinear_heteroskedastic,202,2903,gaussian_rank2,central,0.1,2,-0.1884273042788906,0.0026824991129102,-0.2,0.0115726957211093
nonlinear_heteroskedastic,202,2903,gaussian_rank2,central,0.05,0,1.7352255065399929,0.0042522424466878,1.6,0.1352255065399927
nonlinear_heteroskedastic,202,2903,gaussian_rank2,central,0.05,1,0.7591183677513648,0.0046006279513549,0.5,0.2591183677513647
nonlinear_heteroskedastic,202,2903,gaussian_rank2,central,0.05,2,-0.1886104034428658,0.0026893567147569,-0.2,0.0113895965571341
nonlinear_heteroskedastic,202,2903,gaussian_rank2,boundary,0.2,0,0.9061399633158188,0.0035491363545836,0.6182383242455304,0.2879016390702883
nonlinear_heteroskedastic,202,2903,gaussian_rank2,boundary,0.2,1,0.3226728502047684,0.0017187685977155,0.5,-0.1773271497952316
nonlinear_heteroskedastic,202,2903,gaussian_rank2,boundary,0.2,2,-0.2542106315478838,0.0006242807340605,-0.2,-0.0542106315478838
nonlinear_heteroskedastic,202,2903,gaussian_rank2,boundary,0.1,0,0.9001489440528099,0.0035686448106169,0.6182383242455304,0.2819106198072795
nonlinear_heteroskedastic,202,2903,gaussian_rank2,boundary,0.1,1,0.3203506129317998,0.0017224443703428,0.5,-0.1796493870682001
nonlinear_heteroskedastic,202,2903,gaussian_rank2,boundary,0.1,2,-0.2547046850104554,0.0006274416883254,-0.2,-0.0547046850104554
nonlinear_heteroskedastic,202,2903,gaussian_rank2,boundary,0.05,0,0.8986174748311493,0.0035734889885405,0.6182383242455304,0.2803791505856189
nonlinear_heteroskedastic,202,2903,gaussian_rank2,boundary,0.05,1,0.319766028551129,0.0017232977600712,0.5,-0.1802339714488709
nonlinear_heteroskedastic,202,2903,gaussian_rank2,boundary,0.05,2,-0.2548279006050547,0.0006282401351785,-0.2,-0.0548279006050547
nonlinear_heteroskedastic,202,2903,gaussian_rank2,extrapolated,0.2,0,0.12920970417672,0.0009547585842048,1.026929748370581,-0.897720044193861
nonlinear_heteroskedastic,202,2903,gaussian_rank2,extrapolated,0.2,1,0.0004450361869452,0.0005391086854973,0.5,-0.4995549638130547
nonlinear_heteroskedastic,202,2903,gaussian_rank2,extrapolated,0.2,2,-0.2141885729333749,0.0022800790870678,-0.2,-0.0141885729333749
nonlinear_heteroskedastic,202,2903,gaussian_rank2,extrapolated,0.1,0,0.1283631981267741,0.0009520399038818,1.026929748370581,-0.8985665502438069
nonlinear_heteroskedastic,202,2903,gaussian_rank2,extrapolated,0.1,1,-1.5106343445407214e-05,0.0005370589508681,0.5,-0.5000151063434454
nonlinear_heteroskedastic,202,2903,gaussian_rank2,extrapolated,0.1,2,-0.2143269832320699,0.0022797679036141,-0.2,-0.0143269832320698
nonlinear_heteroskedastic,202,2903,gaussian_rank2,extrapolated,0.05,0,0.128151177261219,0.0009513280157403,1.026929748370581,-0.898778571109362
nonlinear_heteroskedastic,202,2903,gaussian_rank2,extrapolated,0.05,1,-0.000130549926471,0.0005365380325456,0.5,-0.5001305499264711
nonlinear_heteroskedastic,202,2903,gaussian_rank2,extrapolated,0.05,2,-0.2143626389251733,0.0022797164564035,-0.2,-0.0143626389251732
heavy_tailed,303,0,ridge,central,0.2,0,1.3129439539851708,5.127900497022838e-16,1.6,-0.2870560460148292
heavy_tailed,303,0,ridge,central,0.2,1,0.4689951545832549,2.4408079184232934e-16,0.5,-0.031004845416745
heavy_tailed,303,0,ridge,central,0.2,2,-0.2041928409975932,1.050809133373904e-16,-0.2,-0.0041928409975931
heavy_tailed,303,0,ridge,central,0.1,0,1.3129439539851706,5.588000014763637e-16,1.6,-0.2870560460148295
heavy_tailed,303,0,ridge,central,0.1,1,0.4689951545832548,1.868783819980842e-16,0.5,-0.0310048454167451
heavy_tailed,303,0,ridge,central,0.1,2,-0.2041928409975931,0.0,-0.2,-0.0041928409975931
heavy_tailed,303,0,ridge,central,0.05,0,1.3129439539851713,8.551840723193144e-16,1.6,-0.2870560460148288
heavy_tailed,303,0,ridge,central,0.05,1,0.4689951545832547,1.634204043630099e-16,0.5,-0.0310048454167452
heavy_tailed,303,0,ridge,central,0.05,2,-0.2041928409975933,1.1217282337237454e-16,-0.2,-0.0041928409975932
heavy_tailed,303,0,ridge,boundary,0.2,0,1.312943953985171,3.5492425361262697e-15,0.6182383242455304,0.6947056297396407
heavy_tailed,303,0,ridge,boundary,0.2,1,0.4689951545832538,1.2885683539188169e-15,0.5,-0.0310048454167461
heavy_tailed,303,0,ridge,boundary,0.2,2,-0.2041928409975929,5.454282526079989e-16,-0.2,-0.0041928409975929
heavy_tailed,303,0,ridge,boundary,0.1,0,1.3129439539851748,4.896742243398191e-15,0.6182383242455304,0.6947056297396444
heavy_tailed,303,0,ridge,boundary,0.1,1,0.4689951545832528,1.2853758600600049e-15,0.5,-0.0310048454167471
heavy_tailed,303,0,ridge,boundary,0.1,2,-0.2041928409975932,3.498010136254645e-16,-0.2,-0.0041928409975931
heavy_tailed,303,0,ridge,boundary,0.05,0,1.3129439539851755,3.701113471256863e-15,0.6182383242455304,0.6947056297396453
heavy_tailed,303,0,ridge,boundary,0.05,1,0.4689951545832539,3.714618322819609e-15,0.5,-0.031004845416746
heavy_tailed,303,0,ridge,boundary,0.05,2,-0.2041928409975945,1.488960092362774e-15,-0.2,-0.0041928409975945
heavy_tailed,303,0,ridge,extrapolated,0.2,0,1.312943953985169,6.547492635971756e-15,1.026929748370581,0.286014205614588
heavy_tailed,303,0,ridge,extrapolated,0.2,1,0.4689951545832575,2.872579162423888e-15,0.5,-0.0310048454167424
heavy_tailed,303,0,ridge,extrapolated,0.2,2,-0.2041928409975938,9.286718629831552e-16,-0.2,-0.0041928409975938
heavy_tailed,303,0,ridge,extrapolated,0.1,0,1.3129439539851766,7.727556344991046e-15,1.026929748370581,0.2860142056145955
heavy_tailed,303,0,ridge,extrapolated,0.1,1,0.4689951545832638,2.563950248511419e-15,0.5,-0.0310048454167362
heavy_tailed,303,0,ridge,extrapolated,0.1,2,-0.2041928409975898,1.7724131939124225e-15,-0.2,-0.0041928409975897
heavy_tailed,303,0,ridge,extrapolated,0.05,0,1.312943953985144,2.6645352591003763e-14,1.026929748370581,0.2860142056145629
heavy_tailed,303,0,ridge,extrapolated,0.05,1,0.468995154583256,3.3917873657517347e-15,0.5,-0.0310048454167439
heavy_tailed,303,0,ridge,extrapolated,0.05,2,-0.2041928409975818,4.091790681743921e-15,-0.2,-0.0041928409975818
bimodal,202,2903,transformer_mdn4,central,0.2,0,1.980035886262546,0.0096979637948706,2.25,-0.269964113737454
bimodal,202,2903,transformer_mdn4,central,0.2,1,0.7636072191469537,0.0079080592135847,1.05,-0.2863927808530463
bimodal,202,2903,transformer_mdn4,central,0.2,2,-0.2084604902313389,0.0029395799160566,-0.35,0.141539509768661
bimodal,202,2903,transformer_mdn4,central,0.1,0,2.014301909512223,0.0151222001061905,2.25,-0.235698090487777
bimodal,202,2903,transformer_mdn4,central,0.1,1,0.7670877201382202,0.0089996362677507,1.05,-0.2829122798617798
bimodal,202,2903,transformer_mdn4,central,0.1,2,-0.1974258585108047,0.00227044728961,-0.35,0.1525741414891952
bimodal,202,2903,transformer_mdn4,central,0.05,0,1.9816935530669888,0.0107830266443525,2.25,-0.2683064469330112
bimodal,202,2903,transformer_mdn4,central,0.05,1,0.7428694962556901,0.0054040765806622,1.05,-0.3071305037443099
bimodal,202,2903,transformer_mdn4,central,0.05,2,-0.1985180014608016,0.003618957481561,-0.35,0.1514819985391984
bimodal,202,2903,transformer_mdn4,boundary,0.2,0,1.0904175287096185,0.0148610005223207,0.9347346089919524,0.1556829197176662
bimodal,202,2903,transformer_mdn4,boundary,0.2,1,0.6463671268486046,0.0118036556247174,0.7678045486315878,-0.1214374217829831
bimodal,202,2903,transformer_mdn4,boundary,0.2,2,-0.2669350484147168,0.0050135480455194,-0.2730376041722512,0.0061025557575343
bimodal,202,2903,transformer_mdn4,boundary,0.1,0,1.0887858873521277,0.0208804401334323,0.9347346089919524,0.1540512783601754
bimodal,202,2903,transformer_mdn4,boundary,0.1,1,0.6452577421210451,0.0161830694970954,0.7678045486315878,-0.1225468065105426
bimodal,202,2903,transformer_mdn4,boundary,0.1,2,-0.2674926420126358,0.0038017667635384,-0.2730376041722512,0.0055449621596153
bimodal,202,2903,transformer_mdn4,boundary,0.05,0,1.135702219637882,0.0071895254291889,0.9347346089919524,0.2009676106459296
bimodal,202,2903,transformer_mdn4,boundary,0.05,1,0.6690758331039097,0.0119702774158495,0.7678045486315878,-0.098728715527678
bimodal,202,2903,transformer_mdn4,boundary,0.05,2,-0.2716237670028708,0.0043640684889532,-0.2730376041722512,0.0014138371693804
bimodal,202,2903,transformer_mdn4,extrapolated,0.2,0,0.0815924652676843,0.0039475677928769,1.0442146957146352,-0.9626222304469508
bimodal,202,2903,transformer_mdn4,extrapolated,0.2,1,-0.0313672990985564,0.002224964929881,0.5146257246757381,-0.5459930237742945
bimodal,202,2903,transformer_mdn4,extrapolated,0.2,2,0.0451708667521454,0.0021560325788452,-0.203988834002474,0.2491597007546195
bimodal,202,2903,transformer_mdn4,extrapolated,0.1,0,0.0689252291233089,0.0024161533375168,1.0442146957146352,-0.9752894665913264
bimodal,202,2903,transformer_mdn4,extrapolated,0.1,1,-0.0338726808767784,0.0023794067175261,0.5146257246757381,-0.5484984055525165
bimodal,202,2903,transformer_mdn4,extrapolated,0.1,2,0.0475300706320352,0.0012277362634915,-0.203988834002474,0.2515189046345093
bimodal,202,2903,transformer_mdn4,extrapolated,0.05,0,0.064053739600108,0.0036742041370582,1.0442146957146352,-0.9801609561145272
bimodal,202,2903,transformer_mdn4,extrapolated,0.05,1,-0.0339652492886725,0.0035597351647155,0.5146257246757381,-0.5485909739644106
bimodal,202,2903,transformer_mdn4,extrapolated,0.05,2,0.0427812082726114,0.0028057499948574,-0.203988834002474,0.2467700422750854
nonlinear_heteroskedastic,303,2903,flow,central,0.2,0,1.503523223477074,0.0008913202920325,1.6,-0.0964767765229261
nonlinear_heteroskedastic,303,2903,flow,central,0.2,1,0.5700548689727997,0.0005414227946225,0.5,0.0700548689727996
nonlinear_heteroskedastic,303,2903,flow,central,0.2,2,-0.2094638404775909,0.0001263998859577,-0.2,-0.0094638404775908
nonlinear_heteroskedastic,303,2903,flow,central,0.1,0,1.5128081251631065,0.0009104150036723,1.6,-0.0871918748368938
nonlinear_heteroskedastic,303,2903,flow,central,0.1,1,0.5738642010077176,0.0005546969419045,0.5,0.0738642010077176
nonlinear_heteroskedastic,303,2903,flow,central,0.1,2,-0.2114253370793062,0.0001326447707391,-0.2,-0.0114253370793061
nonlinear_heteroskedastic,303,2903,flow,central,0.05,0,1.5151909431956458,0.000915470651505,1.6,-0.0848090568043542
nonlinear_heteroskedastic,303,2903,flow,central,0.05,1,0.5748383858458274,0.0005582206850466,0.5,0.0748383858458273
nonlinear_heteroskedastic,303,2903,flow,central,0.05,2,-0.2119253395036908,0.0001343234757268,-0.2,-0.0119253395036908
nonlinear_heteroskedastic,303,2903,flow,boundary,0.2,0,1.0190806715182632,0.0004056230046178,0.6182383242455304,0.4008423472727328
nonlinear_heteroskedastic,303,2903,flow,boundary,0.2,1,0.4185958728176475,0.0004945757432302,0.5,-0.0814041271823525
nonlinear_heteroskedastic,303,2903,flow,boundary,0.2,2,-0.1637159930524647,0.0006643380112165,-0.2,0.0362840069475352
nonlinear_heteroskedastic,303,2903,flow,boundary,0.1,0,1.0181444400719153,0.0004058552405187,0.6182383242455304,0.3999061158263849
nonlinear_heteroskedastic,303,2903,flow,boundary,0.1,1,0.4184323877296107,0.0004978296762211,0.5,-0.0815676122703892
nonlinear_heteroskedastic,303,2903,flow,boundary,0.1,2,-0.1632939596985374,0.0006682249479512,-0.2,0.0367060403014625
nonlinear_heteroskedastic,303,2903,flow,boundary,0.05,0,1.0179004432132317,0.000405969233773,0.6182383242455304,0.3996621189677013
nonlinear_heteroskedastic,303,2903,flow,boundary,0.05,1,0.4183852826303698,0.0004986789423562,0.5,-0.0816147173696301
nonlinear_heteroskedastic,303,2903,flow,boundary,0.05,2,-0.163181859794022,0.0006692023021576,-0.2,0.0368181402059779
nonlinear_heteroskedastic,303,2903,flow,extrapolated,0.2,0,0.1699914300774352,0.0010539741703892,1.026929748370581,-0.8569383182931458
nonlinear_heteroskedastic,303,2903,flow,extrapolated,0.2,1,0.0531303981817536,0.0004147601083902,0.5,-0.4468696018182463
nonlinear_heteroskedastic,303,2903,flow,extrapolated,0.2,2,-0.0218072715875901,0.0007651331860919,-0.2,0.1781927284124098
nonlinear_heteroskedastic,303,2903,flow,extrapolated,0.1,0,0.1687509937316641,0.0010550521627647,1.026929748370581,-0.8581787546389169
nonlinear_heteroskedastic,303,2903,flow,extrapolated,0.1,1,0.0525321342493791,0.000414681655691,0.5,-0.4474678657506208
nonlinear_heteroskedastic,303,2903,flow,extrapolated,0.1,2,-0.02167472896915,0.0007647925476381,-0.2,0.1783252710308499
nonlinear_heteroskedastic,303,2903,flow,extrapolated,0.05,0,0.1684407584803541,0.0010553202684226,1.026929748370581,-0.8584889898902269
nonlinear_heteroskedastic,303,2903,flow,extrapolated,0.05,1,0.0523820629575344,0.0004146449320129,0.5,-0.4476179370424655
nonlinear_heteroskedastic,303,2903,flow,extrapolated,0.05,2,-0.0216414420094068,0.000764709239091,-0.2,0.1783585579905931
linear_gaussian,202,2903,gaussian_diag,central,0.2,0,0.9839368519082416,0.000306134706306,0.8,0.1839368519082415
linear_gaussian,202,2903,gaussian_diag,central,0.2,1,0.7992707380504788,0.0001919026698323,0.5,0.2992707380504787
linear_gaussian,202,2903,gaussian_diag,central,0.2,2,-0.2395004326053003,0.0002092870353259,-0.2,-0.0395004326053003
linear_gaussian,202,2903,gaussian_diag,central,0.1,0,0.9893966779078006,0.0003253094124337,0.8,0.1893966779078005
linear_gaussian,202,2903,gaussian_diag,central,0.1,1,0.8193128270101352,0.0001927751690096,0.5,0.3193128270101352
linear_gaussian,202,2903,gaussian_diag,central,0.1,2,-0.240287564621474,0.0002305488831735,-0.2,-0.040287564621474
linear_gaussian,202,2903,gaussian_diag,central,0.05,0,0.9907237877318066,0.0003304158555236,0.8,0.1907237877318065
linear_gaussian,202,2903,gaussian_diag,central,0.05,1,0.8245166769054978,0.0001930493322595,0.5,0.3245166769054978
linear_gaussian,202,2903,gaussian_diag,central,0.05,2,-0.2404509815446492,0.0002363475172304,-0.2,-0.0404509815446492
linear_gaussian,202,2903,gaussian_diag,boundary,0.2,0,0.5809802591071472,0.0013588159824683,0.8,-0.2190197408928528
linear_gaussian,202,2903,gaussian_diag,boundary,0.2,1,0.1743976713181105,0.0001651264923928,0.5,-0.3256023286818894
linear_gaussian,202,2903,gaussian_diag,boundary,0.2,2,-0.1517670499733635,8.858053925326573e-05,-0.2,0.0482329500266364
linear_gaussian,202,2903,gaussian_diag,boundary,0.1,0,0.5764784835088452,0.0013715003870043,0.8,-0.2235215164911548
linear_gaussian,202,2903,gaussian_diag,boundary,0.1,1,0.1713872401768278,0.0001716940672461,0.5,-0.3286127598231722
linear_gaussian,202,2903,gaussian_diag,boundary,0.1,2,-0.1514971918918196,9.008177205554952e-05,-0.2,0.0485028081081804
linear_gaussian,202,2903,gaussian_diag,boundary,0.05,0,0.5753255757940409,0.0013746211048875,0.8,-0.2246744242059591
linear_gaussian,202,2903,gaussian_diag,boundary,0.05,1,0.1706461484054181,0.0001733689663993,0.5,-0.3293538515945818
linear_gaussian,202,2903,gaussian_diag,boundary,0.05,2,-0.1514291220803345,9.045374350758942e-05,-0.2,0.0485708779196654
linear_gaussian,202,2903,gaussian_diag,extrapolated,0.2,0,0.0887620874391005,0.0003413955521692,0.8,-0.7112379125608994
linear_gaussian,202,2903,gaussian_diag,extrapolated,0.2,1,-0.0221796641808287,5.549617780224479e-05,0.5,-0.5221796641808287
linear_gaussian,202,2903,gaussian_diag,extrapolated,0.2,2,-0.0998882700686447,0.0008096627081718,-0.2,0.1001117299313553
linear_gaussian,202,2903,gaussian_diag,extrapolated,0.1,0,0.0882406893808688,0.0003417425948967,0.8,-0.7117593106191312
linear_gaussian,202,2903,gaussian_diag,extrapolated,0.1,1,-0.0224633400078205,5.550056305631869e-05,0.5,-0.5224633400078206
linear_gaussian,202,2903,gaussian_diag,extrapolated,0.1,2,-0.0999218791658728,0.0008106216840174,-0.2,0.1000781208341271
linear_gaussian,202,2903,gaussian_diag,extrapolated,0.05,0,0.0881121975183848,0.0003418282529085,0.8,-0.7118878024816152
linear_gaussian,202,2903,gaussian_diag,extrapolated,0.05,1,-0.0225348404685044,5.550480733645128e-05,0.5,-0.5225348404685044
linear_gaussian,202,2903,gaussian_diag,extrapolated,0.05,2,-0.0999312997896018,0.0008108564436646,-0.2,0.1000687002103982
bimodal,303,2903,flow,central,0.2,0,2.10302160400338,0.0040959673116258,2.25,-0.1469783959966197
bimodal,303,2903,flow,central,0.2,1,1.1057691966566507,0.0031600124735936,1.05,0.0557691966566507
bimodal,303,2903,flow,central,0.2,2,-0.3758534561448048,0.0010742204693153,-0.35,-0.0258534561448048
bimodal,303,2903,flow,central,0.1,0,2.122745164628435,0.0040473635814767,2.25,-0.127254835371565
bimodal,303,2903,flow,central,0.1,1,1.1189866322285764,0.00317625369966,1.05,0.0689866322285763
bimodal,303,2903,flow,central,0.1,2,-0.3818683950321496,0.001108725312387,-0.35,-0.0318683950321496
bimodal,303,2903,flow,central,0.05,0,2.1280789168561154,0.0040001775852539,2.25,-0.1219210831438846
bimodal,303,2903,flow,central,0.05,1,1.1225744370859736,0.003182332543348,1.05,0.0725744370859735
bimodal,303,2903,flow,central,0.05,2,-0.3835052787682528,0.0011155530466507,-0.35,-0.0335052787682528
bimodal,303,2903,flow,boundary,0.2,0,1.3542349764160058,0.0016634695382152,0.9347346089919524,0.4195003674240535
bimodal,303,2903,flow,boundary,0.2,1,0.657032763595172,0.0007088051631581,0.7678045486315878,-0.1107717850364157
bimodal,303,2903,flow,boundary,0.2,2,-0.2207109612398339,0.0007786079926625,-0.2730376041722512,0.0523266429324172
bimodal,303,2903,flow,boundary,0.1,0,1.3509788342096307,0.0017344718844806,0.9347346089919524,0.4162442252176784
bimodal,303,2903,flow,boundary,0.1,1,0.654876046931526,0.0007695588959743,0.7678045486315878,-0.1129285017000617
bimodal,303,2903,flow,boundary,0.1,2,-0.2198804129263397,0.0007988992209872,-0.2730376041722512,0.0531571912459114
bimodal,303,2903,flow,boundary,0.05,0,1.350148664317927,0.0017504504801968,0.9347346089919524,0.4154140553259747
bimodal,303,2903,flow,boundary,0.05,1,0.6543263385496142,0.0007839308145125,0.7678045486315878,-0.1134782100819735
bimodal,303,2903,flow,boundary,0.05,2,-0.2196680969192388,0.0008042597470295,-0.2730376041722512,0.0533695072530123
bimodal,303,2903,flow,extrapolated,0.2,0,0.3910341678268392,0.0003594162082344,1.0442146957146352,-0.653180527887796
bimodal,303,2903,flow,extrapolated,0.2,1,0.1102896845362303,0.0007281734311958,0.5146257246757381,-0.4043360401395077
bimodal,303,2903,flow,extrapolated,0.2,2,-0.0202425982716655,0.0006321373903247,-0.203988834002474,0.1837462357308085
bimodal,303,2903,flow,extrapolated,0.1,0,0.3908218524759517,0.0003530491126365,1.0442146957146352,-0.6533928432386835
bimodal,303,2903,flow,extrapolated,0.1,1,0.1099135873080255,0.0007340732599953,0.5146257246757381,-0.4047121373677125
bimodal,303,2903,flow,extrapolated,0.1,2,-0.0199401673109852,0.0006337241889756,-0.203988834002474,0.1840486666914888
bimodal,303,2903,flow,extrapolated,0.05,0,0.3907704567991388,0.0003515568984474,1.0442146957146352,-0.6534442389154964
bimodal,303,2903,flow,extrapolated,0.05,1,0.1098202151441392,0.0007356374360684,0.5146257246757381,-0.4048055095315988
bimodal,303,2903,flow,extrapolated,0.05,2,-0.0198643057436398,0.0006341343079961,-0.203988834002474,0.1841245282588341
nonlinear_heteroskedastic,303,2903,student_rank2,central,0.2,0,1.5799622549868404,0.0042705385586616,1.6,-0.0200377450131596
nonlinear_heteroskedastic,303,2903,student_rank2,central,0.2,1,0.5669364202589356,0.0038655068204513,0.5,0.0669364202589356
nonlinear_heteroskedastic,303,2903,student_rank2,central,0.2,2,-0.2540503303412877,0.0009367118880751,-0.2,-0.0540503303412877
nonlinear_heteroskedastic,303,2903,student_rank2,central,0.1,0,1.599953938050674,0.0043049543871676,1.6,-4.606194932610386e-05
nonlinear_heteroskedastic,303,2903,student_rank2,central,0.1,1,0.5717995395232761,0.003873630639608,0.5,0.0717995395232761
nonlinear_heteroskedastic,303,2903,student_rank2,central,0.1,2,-0.2578399349881288,0.0009477994118259,-0.2,-0.0578399349881287
nonlinear_heteroskedastic,303,2903,student_rank2,central,0.05,0,1.605029810636721,0.0043136397004689,1.6,0.0050298106367205
nonlinear_heteroskedastic,303,2903,student_rank2,central,0.05,1,0.5730274624574413,0.0038754674493645,0.5,0.0730274624574413
nonlinear_heteroskedastic,303,2903,student_rank2,central,0.05,2,-0.2588165312826382,0.0009506891271605,-0.2,-0.0588165312826382
nonlinear_heteroskedastic,303,2903,student_rank2,boundary,0.2,0,0.7182222538346889,0.0010783045302098,0.6182383242455304,0.0999839295891584
nonlinear_heteroskedastic,303,2903,student_rank2,boundary,0.2,1,0.4012014212752712,0.0015041890542052,0.5,-0.0987985787247288
nonlinear_heteroskedastic,303,2903,student_rank2,boundary,0.2,2,-0.1419408620950477,0.0011517594193295,-0.2,0.0580591379049522
nonlinear_heteroskedastic,303,2903,student_rank2,boundary,0.1,0,0.7135443814274622,0.001090032795844,0.6182383242455304,0.0953060571819318
nonlinear_heteroskedastic,303,2903,student_rank2,boundary,0.1,1,0.4005293151370477,0.0015128736747833,0.5,-0.0994706848629523
nonlinear_heteroskedastic,303,2903,student_rank2,boundary,0.1,2,-0.1411537416511061,0.0011538725101703,-0.2,0.0588462583488938
nonlinear_heteroskedastic,303,2903,student_rank2,boundary,0.05,0,0.7123657789221113,0.0010929608548514,0.6182383242455304,0.0941274546765809
nonlinear_heteroskedastic,303,2903,student_rank2,boundary,0.05,1,0.400353432649258,0.0015150502814493,0.5,-0.099646567350742
nonlinear_heteroskedastic,303,2903,student_rank2,boundary,0.05,2,-0.1409490351655593,0.0011543973882686,-0.2,0.0590509648344407
nonlinear_heteroskedastic,303,2903,student_rank2,extrapolated,0.2,0,0.115741829103001,0.000432901238968,1.026929748370581,-0.91118791926758
nonlinear_heteroskedastic,303,2903,student_rank2,extrapolated,0.2,1,0.152775424684057,0.0018409229574018,0.5,-0.347224575315943
nonlinear_heteroskedastic,303,2903,student_rank2,extrapolated,0.2,2,0.0247900075806032,0.0001193043239122,-0.2,0.2247900075806033
nonlinear_heteroskedastic,303,2903,student_rank2,extrapolated,0.1,0,0.1150415073676691,0.0004315717748439,1.026929748370581,-0.911888241002912
nonlinear_heteroskedastic,303,2903,student_rank2,extrapolated,0.1,1,0.1525349701358917,0.0018379425582461,0.5,-0.3474650298641083
nonlinear_heteroskedastic,303,2903,student_rank2,extrapolated,0.1,2,0.0250107922947928,0.0001184709922387,-0.2,0.2250107922947928
nonlinear_heteroskedastic,303,2903,student_rank2,extrapolated,0.05,0,0.1148690277394896,0.0004312396940219,1.026929748370581,-0.9120607206310914
nonlinear_heteroskedastic,303,2903,student_rank2,extrapolated,0.05,1,0.1524754828290198,0.0018371968494427,0.5,-0.3475245171709802
nonlinear_heteroskedastic,303,2903,student_rank2,extrapolated,0.05,2,0.0250656518279802,0.0001182533616328,-0.2,0.2250656518279802
linear_gaussian,202,1701,edm,central,0.2,0,0.7336584106327497,0.000247161362514,0.8,-0.0663415893672503
linear_gaussian,202,1701,edm,central,0.2,1,0.4676146650024348,0.0005450011864189,0.5,-0.0323853349975651
linear_gaussian,202,1701,edm,central,0.2,2,-0.1914120736324914,0.0002329193332003,-0.2,0.0085879263675085
linear_gaussian,202,1701,edm,central,0.1,0,0.7341820326572298,0.0002500970746109,0.8,-0.0658179673427702
linear_gaussian,202,1701,edm,central,0.1,1,0.4690656324493756,0.0005532584404562,0.5,-0.0309343675506243
linear_gaussian,202,1701,edm,central,0.1,2,-0.1912835181875315,0.0002337070242587,-0.2,0.0087164818124684
linear_gaussian,202,1701,edm,central,0.05,0,0.7343079572546473,0.0002508799170731,0.8,-0.0656920427453527
linear_gaussian,202,1701,edm,central,0.05,1,0.4694261615453257,0.0005553566389737,0.5,-0.0305738384546742
linear_gaussian,202,1701,edm,central,0.05,2,-0.191249367937745,0.0002338925171071,-0.2,0.0087506320622549
linear_gaussian,202,1701,edm,boundary,0.2,0,0.6938312104948864,0.0008427635102566,0.8,-0.1061687895051136
linear_gaussian,202,1701,edm,boundary,0.2,1,0.3236626241114683,0.0002528529102463,0.5,-0.1763373758885316
linear_gaussian,202,1701,edm,boundary,0.2,2,-0.2195681590659925,0.0006867641796689,-0.2,-0.0195681590659925
linear_gaussian,202,1701,edm,boundary,0.1,0,0.695974101058948,0.0008577797247435,0.8,-0.104025898941052
linear_gaussian,202,1701,edm,boundary,0.1,1,0.324641282158019,0.0002558796774208,0.5,-0.1753587178419809
linear_gaussian,202,1701,edm,boundary,0.1,2,-0.2209045887598134,0.0006959438325578,-0.2,-0.0209045887598134
linear_gaussian,202,1701,edm,boundary,0.05,0,0.6965175458374618,0.0008616489512649,0.8,-0.1034824541625382
linear_gaussian,202,1701,edm,boundary,0.05,1,0.3248897467661203,0.0002566316961634,0.5,-0.1751102532338797
linear_gaussian,202,1701,edm,boundary,0.05,2,-0.2212438726501522,0.000698285182026,-0.2,-0.0212438726501521
linear_gaussian,202,1701,edm,extrapolated,0.2,0,0.2400718366143458,0.0001924349423813,0.8,-0.5599281633856542
linear_gaussian,202,1701,edm,extrapolated,0.2,1,-0.0235957802763616,0.0002096763019216,0.5,-0.5235957802763617
linear_gaussian,202,1701,edm,extrapolated,0.2,2,-0.0398057998372258,0.0003857041355195,-0.2,0.1601942001627742
linear_gaussian,202,1701,edm,extrapolated,0.1,0,0.2392838837058345,0.0001909711255312,0.8,-0.5607161162941655
linear_gaussian,202,1701,edm,extrapolated,0.1,1,-0.0241681975333637,0.000206797767809,0.5,-0.5241681975333637
linear_gaussian,202,1701,edm,extrapolated,0.1,2,-0.0394811651648382,0.000385051500012,-0.2,0.1605188348351617
linear_gaussian,202,1701,edm,extrapolated,0.05,0,0.2390870739341869,0.000190610590302,0.8,-0.5609129260658131
linear_gaussian,202,1701,edm,extrapolated,0.05,1,-0.0243116092543264,0.0002060739473057,0.5,-0.5243116092543264
linear_gaussian,202,1701,edm,extrapolated,0.05,2,-0.0394004282350179,0.0003848831588523,-0.2,0.160599571764982
bimodal,101,2903,gaussian_diag,central,0.2,0,2.4305978455830104,0.0004109035085503,2.25,0.1805978455830104
bimodal,101,2903,gaussian_diag,central,0.2,1,1.2628657660520393,0.0001861310970472,1.05,0.2128657660520392
bimodal,101,2903,gaussian_diag,central,0.2,2,-0.352642720493213,0.0003293919916023,-0.35,-0.002642720493213
bimodal,101,2903,gaussian_diag,central,0.1,0,2.458738304607881,0.0004179029807743,2.25,0.2087383046078805
bimodal,101,2903,gaussian_diag,central,0.1,1,1.277389886689538,0.0001942367390898,1.05,0.2273898866895378
bimodal,101,2903,gaussian_diag,central,0.1,2,-0.3552337141510002,0.0003409826469954,-0.35,-0.0052337141510002
bimodal,101,2903,gaussian_diag,central,0.05,0,2.4659144323551776,0.0004196581838395,2.25,0.2159144323551776
bimodal,101,2903,gaussian_diag,central,0.05,1,1.2810959846295604,0.0001963408051184,1.05,0.2310959846295603
bimodal,101,2903,gaussian_diag,central,0.05,2,-0.3558962429159433,0.0003439748605826,-0.35,-0.0058962429159433
bimodal,101,2903,gaussian_diag,boundary,0.2,0,0.9389669519512256,0.001828086317434,0.9347346089919524,0.0042323429592732
bimodal,101,2903,gaussian_diag,boundary,0.2,1,0.5394141935598146,0.0009123800340887,0.7678045486315878,-0.2283903550717732
bimodal,101,2903,gaussian_diag,boundary,0.2,2,-0.2202466603981635,0.0002181387791918,-0.2730376041722512,0.0527909437740876
bimodal,101,2903,gaussian_diag,boundary,0.1,0,0.9298388050439867,0.0018299922949067,0.9347346089919524,-0.0048958039479654
bimodal,101,2903,gaussian_diag,boundary,0.1,1,0.5348770698614863,0.0009143589830311,0.7678045486315878,-0.2329274787701014
bimodal,101,2903,gaussian_diag,boundary,0.1,2,-0.2201016328468397,0.0002176553445715,-0.2730376041722512,0.0529359713254114
bimodal,101,2903,gaussian_diag,boundary,0.05,0,0.9275145725152578,0.0018303031735369,0.9347346089919524,-0.0072200364766944
bimodal,101,2903,gaussian_diag,boundary,0.05,1,0.5337234486462447,0.0009148263182048,0.7678045486315878,-0.2340810999853431
bimodal,101,2903,gaussian_diag,boundary,0.05,2,-0.2200687915440471,0.0002175161907973,-0.2730376041722512,0.0529688126282041
bimodal,101,2903,gaussian_diag,extrapolated,0.2,0,-0.1619652120622006,0.0001097903162289,1.0442146957146352,-1.2061799077768358
bimodal,101,2903,gaussian_diag,extrapolated,0.2,1,-0.0049011208518142,3.752158084864848e-05,0.5146257246757381,-0.5195268455275524
bimodal,101,2903,gaussian_diag,extrapolated,0.2,2,-0.0606447572198079,3.1546835055173914e-05,-0.203988834002474,0.143344076782666
bimodal,101,2903,gaussian_diag,extrapolated,0.1,0,-0.1633078935120147,0.0001119412106175,1.0442146957146352,-1.20752258922665
bimodal,101,2903,gaussian_diag,extrapolated,0.1,1,-0.0055700011892053,3.57987373678466e-05,0.5146257246757381,-0.5201957258649434
bimodal,101,2903,gaussian_diag,extrapolated,0.1,2,-0.0603483850722405,3.185672959935751e-05,-0.203988834002474,0.1436404489302334
bimodal,101,2903,gaussian_diag,extrapolated,0.05,0,-0.1636433709393222,0.0001124817634274,1.0442146957146352,-1.2078580666539571
bimodal,101,2903,gaussian_diag,extrapolated,0.05,1,-0.0057353422669977,3.5348528049521794e-05,0.5146257246757381,-0.5203610669427359
bimodal,101,2903,gaussian_diag,extrapolated,0.05,2,-0.0602765300569916,3.1933665288303174e-05,-0.203988834002474,0.1437123039454823
bimodal,303,0,gp_rbf,central,0.2,0,2.2733034484798407,1.0883573033660976e-05,2.25,0.0233034484798406
bimodal,303,0,gp_rbf,central,0.2,1,1.034500544439366,3.7387599867261423e-06,1.05,-0.015499455560634
bimodal,303,0,gp_rbf,central,0.2,2,-0.3755642993110011,1.2556332341103446e-06,-0.35,-0.0255642993110011
bimodal,303,0,gp_rbf,central,0.1,0,2.300149901414101,1.17326893141219e-05,2.25,0.0501499014141009
bimodal,303,0,gp_rbf,central,0.1,1,1.0416785122915362,4.0304511406306465e-06,1.05,-0.0083214877084638
bimodal,303,0,gp_rbf,central,0.1,2,-0.3766954313011834,1.353595421099618e-06,-0.35,-0.0266954313011834
bimodal,303,0,gp_rbf,central,0.05,0,2.3069096942697147,1.1949777868652685e-05,2.25,0.0569096942697147
bimodal,303,0,gp_rbf,central,0.05,1,1.0434779233416214,4.105026098815442e-06,1.05,-0.0065220766583786
bimodal,303,0,gp_rbf,central,0.05,2,-0.3769748593378859,1.378640836364254e-06,-0.35,-0.0269748593378859
bimodal,303,0,gp_rbf,boundary,0.2,0,0.5979321544853438,0.0002214260288935,0.9347346089919524,-0.3368024545066085
bimodal,303,0,gp_rbf,boundary,0.2,1,0.5726871850586522,0.0003470433963501,0.7678045486315878,-0.1951173635729355
bimodal,303,0,gp_rbf,boundary,0.2,2,-0.2630047061767804,5.071323288305244e-05,-0.2730376041722512,0.0100328979954707
bimodal,303,0,gp_rbf,boundary,0.1,0,0.5932521408535981,0.00019288704047,0.9347346089919524,-0.3414824681383541
bimodal,303,0,gp_rbf,boundary,0.1,1,0.5752133582963389,0.0003023139328956,0.7678045486315878,-0.1925911903352488
bimodal,303,0,gp_rbf,boundary,0.1,2,-0.2671105558769158,4.417694456551012e-05,-0.2730376041722512,0.0059270482953353
bimodal,303,0,gp_rbf,boundary,0.05,0,0.5920570662252778,0.0001857157725438,0.9347346089919524,-0.3426775427666745
bimodal,303,0,gp_rbf,boundary,0.05,1,0.5758474181347925,0.0002910743275577,0.7678045486315878,-0.1919571304967953
bimodal,303,0,gp_rbf,boundary,0.05,2,-0.2681492202139152,4.2534508118255035e-05,-0.2730376041722512,0.004888383958336
bimodal,303,0,gp_rbf,extrapolated,0.2,0,-0.7300911474321455,0.0077284051737957,1.0442146957146352,-1.7743058431467809
bimodal,303,0,gp_rbf,extrapolated,0.2,1,-0.5065546517058975,0.0033195064487361,0.5146257246757381,-1.0211803763816356
bimodal,303,0,gp_rbf,extrapolated,0.2,2,0.2516682316156715,0.0007603444579012,-0.203988834002474,0.4556570656181455
bimodal,303,0,gp_rbf,extrapolated,0.1,0,-0.7322702800205074,0.0077747583194939,1.0442146957146352,-1.7764849757351426
bimodal,303,0,gp_rbf,extrapolated,0.1,1,-0.5109200108453846,0.0033394160630195,0.5146257246757381,-1.0255457355211228
bimodal,303,0,gp_rbf,extrapolated,0.1,2,0.2535306214728203,0.000764904824063,-0.203988834002474,0.4575194554752943
bimodal,303,0,gp_rbf,extrapolated,0.05,0,-0.7328080132216895,0.0077863031294963,1.0442146957146352,-1.7770227089363249
bimodal,303,0,gp_rbf,extrapolated,0.05,1,-0.5120152270063524,0.0033443747925843,0.5146257246757381,-1.0266409516820905
bimodal,303,0,gp_rbf,extrapolated,0.05,2,0.2539949272617955,0.0007660406382573,-0.203988834002474,0.4579837612642695
bimodal,303,1701,mdn4,central,0.2,0,2.519085583844206,0.0103809073812339,2.25,0.2690855838442059
bimodal,303,1701,mdn4,central,0.2,1,1.322024339661463,0.0112127694600345,1.05,0.272024339661463
bimodal,303,1701,mdn4,central,0.2,2,-0.5003987782172968,0.0052309747403037,-0.35,-0.1503987782172968
bimodal,303,1701,mdn4,central,0.1,0,2.576736505197536,0.012225182043549,2.25,0.3267365051975361
bimodal,303,1701,mdn4,central,0.1,1,1.3675932364787726,0.0076225491441976,1.05,0.3175932364787726
bimodal,303,1701,mdn4,central,0.1,2,-0.5092802304911346,0.003825783102698,-0.35,-0.1592802304911346
bimodal,303,1701,mdn4,central,0.05,0,2.5396273347862315,0.0140690586889116,2.25,0.2896273347862315
bimodal,303,1701,mdn4,central,0.05,1,1.3263775106580011,0.0128414809874866,1.05,0.2763775106580011
bimodal,303,1701,mdn4,central,0.05,2,-0.4915732422929554,0.0068947854452978,-0.35,-0.1415732422929554
bimodal,303,1701,mdn4,boundary,0.2,0,0.8588250535288564,0.0099406871906223,0.9347346089919524,-0.0759095554630958
bimodal,303,1701,mdn4,boundary,0.2,1,0.6080941788474387,0.0126721290670146,0.7678045486315878,-0.1597103697841491
bimodal,303,1701,mdn4,boundary,0.2,2,-0.2060682495726494,0.0066073014969169,-0.2730376041722512,0.0669693545996017
bimodal,303,1701,mdn4,boundary,0.1,0,0.8400691364083775,0.0048659624667793,0.9347346089919524,-0.0946654725835747
bimodal,303,1701,mdn4,boundary,0.1,1,0.5990678233528709,0.011463575836177,0.7678045486315878,-0.1687367252787168
bimodal,303,1701,mdn4,boundary,0.1,2,-0.1988882655064654,0.0127932435757125,-0.2730376041722512,0.0741493386657857
bimodal,303,1701,mdn4,boundary,0.05,0,0.8286626046573168,0.0192041003901414,0.9347346089919524,-0.1060720043346354
bimodal,303,1701,mdn4,boundary,0.05,1,0.5921060756574267,0.0208020891386707,0.7678045486315878,-0.175698472974161
bimodal,303,1701,mdn4,boundary,0.05,2,-0.1925266511523902,0.0195330861939875,-0.2730376041722512,0.0805109530198609
bimodal,303,1701,mdn4,extrapolated,0.2,0,0.0531145504158843,0.0053203457235982,1.0442146957146352,-0.9911001452987508
bimodal,303,1701,mdn4,extrapolated,0.2,1,-0.3769433505401666,0.0063266708930515,0.5146257246757381,-0.8915690752159047
bimodal,303,1701,mdn4,extrapolated,0.2,2,0.1391246112679463,0.0073057117623169,-0.203988834002474,0.3431134452704204
bimodal,303,1701,mdn4,extrapolated,0.1,0,0.058351142512516,0.0018974907530199,1.0442146957146352,-0.9858635532021192
bimodal,303,1701,mdn4,extrapolated,0.1,1,-0.3665185251828308,0.0041153009400274,0.5146257246757381,-0.8811442498585689
bimodal,303,1701,mdn4,extrapolated,0.1,2,0.1360519540449769,0.0093121255631891,-0.203988834002474,0.3400407880474509
bimodal,303,1701,mdn4,extrapolated,0.05,0,0.0698377326821764,0.0104591287789579,1.0442146957146352,-0.9743769630324588
bimodal,303,1701,mdn4,extrapolated,0.05,1,-0.3623197216584365,0.0059578084287904,0.5146257246757381,-0.8769454463341746
bimodal,303,1701,mdn4,extrapolated,0.05,2,0.1391850346049555,0.0134418378635247,-0.203988834002474,0.3431738686074296
nonlinear_heteroskedastic,101,2903,edm,central,0.2,0,1.3217809261310238,0.0005928612874573,1.6,-0.2782190738689762
nonlinear_heteroskedastic,101,2903,edm,central,0.2,1,0.4660205402526753,0.000308652638497,0.5,-0.0339794597473246
nonlinear_heteroskedastic,101,2903,edm,central,0.2,2,-0.2224696390977988,7.324170378343971e-05,-0.2,-0.0224696390977987
nonlinear_heteroskedastic,101,2903,edm,central,0.1,0,1.3289590327060914,0.0006044894169108,1.6,-0.2710409672939087
nonlinear_heteroskedastic,101,2903,edm,central,0.1,1,0.4688087928658704,0.000317650566913,0.5,-0.0311912071341295
nonlinear_heteroskedastic,101,2903,edm,central,0.1,2,-0.2238968945584863,7.524325070952082e-05,-0.2,-0.0238968945584862
nonlinear_heteroskedastic,101,2903,edm,central,0.05,0,1.330779087392716,0.0006075091269136,1.6,-0.269220912607284
nonlinear_heteroskedastic,101,2903,edm,central,0.05,1,0.4695151223179394,0.0003199968896332,0.5,-0.0304848776820605
nonlinear_heteroskedastic,101,2903,edm,central,0.05,2,-0.2242614688437733,7.57748498182925e-05,-0.2,-0.0242614688437733
nonlinear_heteroskedastic,101,2903,edm,boundary,0.2,0,0.865822647696172,0.0010531858845683,0.6182383242455304,0.2475843234506416
nonlinear_heteroskedastic,101,2903,edm,boundary,0.2,1,0.2660361768258542,0.0004438479338952,0.5,-0.2339638231741457
nonlinear_heteroskedastic,101,2903,edm,boundary,0.2,2,-0.1857208637035107,4.097839694581829e-05,-0.2,0.0142791362964893
nonlinear_heteroskedastic,101,2903,edm,boundary,0.1,0,0.8648530346789117,0.0010508852336066,0.6182383242455304,0.2466147104333813
nonlinear_heteroskedastic,101,2903,edm,boundary,0.1,1,0.2654166268648912,0.00044024910538,0.5,-0.2345833731351088
nonlinear_heteroskedastic,101,2903,edm,boundary,0.1,2,-0.1858408573495432,4.045299338248302e-05,-0.2,0.0141591426504567
nonlinear_heteroskedastic,101,2903,edm,boundary,0.05,0,0.8646016526517979,0.0010502857377728,0.6182383242455304,0.2463633284062675
nonlinear_heteroskedastic,101,2903,edm,boundary,0.05,1,0.2652579596613409,0.0004393100587247,0.5,-0.234742040338659
nonlinear_heteroskedastic,101,2903,edm,boundary,0.05,2,-0.1858693189923219,4.033434043414044e-05,-0.2,0.014130681007678
nonlinear_heteroskedastic,101,2903,edm,extrapolated,0.2,0,0.2013961492691533,0.001081108685127,1.026929748370581,-0.8255335991014278
nonlinear_heteroskedastic,101,2903,edm,extrapolated,0.2,1,0.0272562525392535,2.75986856453398e-05,0.5,-0.4727437474607465
nonlinear_heteroskedastic,101,2903,edm,extrapolated,0.2,2,-0.0543094484606098,0.0001858701388054,-0.2,0.1456905515393901
nonlinear_heteroskedastic,101,2903,edm,extrapolated,0.1,0,0.2004984342340802,0.0010808982585608,1.026929748370581,-0.8264313141365008
nonlinear_heteroskedastic,101,2903,edm,extrapolated,0.1,1,0.0269716618822361,2.736963329188067e-05,0.5,-0.4730283381177638
nonlinear_heteroskedastic,101,2903,edm,extrapolated,0.1,2,-0.0541310090622571,0.0001857710421732,-0.2,0.1458689909377428
nonlinear_heteroskedastic,101,2903,edm,extrapolated,0.05,0,0.2002748238325861,0.0010808597110072,1.026929748370581,-0.8266549245379949
nonlinear_heteroskedastic,101,2903,edm,extrapolated,0.05,1,0.0269005735762117,2.7317672107825012e-05,0.5,-0.4730994264237882
nonlinear_heteroskedastic,101,2903,edm,extrapolated,0.05,2,-0.0540856699547874,0.0001857530752131,-0.2,0.1459143300452126
nonlinear_heteroskedastic,303,1701,mdn4,central,0.2,0,1.6114747266534692,0.0044554366398364,1.6,0.0114747266534691
nonlinear_heteroskedastic,303,1701,mdn4,central,0.2,1,0.3743254412077605,0.0079807674663796,0.5,-0.1256745587922394
nonlinear_heteroskedastic,303,1701,mdn4,central,0.2,2,-0.126236366357789,0.0039799027913623,-0.2,0.073763633642211
nonlinear_heteroskedastic,303,1701,mdn4,central,0.1,0,1.6675480083890095,0.0120643715933654,1.6,0.0675480083890094
nonlinear_heteroskedastic,303,1701,mdn4,central,0.1,1,0.3799890050475668,0.0209769860799933,0.5,-0.1200109949524332
nonlinear_heteroskedastic,303,1701,mdn4,central,0.1,2,-0.1123287389222549,0.0048071559554709,-0.2,0.087671261077745
nonlinear_heteroskedastic,303,1701,mdn4,central,0.05,0,1.6770356394961248,0.0206492020470261,1.6,0.0770356394961246
nonlinear_heteroskedastic,303,1701,mdn4,central,0.05,1,0.3918499094069153,0.0199998425145164,0.5,-0.1081500905930847
nonlinear_heteroskedastic,303,1701,mdn4,central,0.05,2,-0.1106736796837682,0.003671494141116,-0.2,0.0893263203162317
nonlinear_heteroskedastic,303,1701,mdn4,boundary,0.2,0,0.7397253026424494,0.002765127853335,0.6182383242455304,0.121486978396919
nonlinear_heteroskedastic,303,1701,mdn4,boundary,0.2,1,0.5014082477824733,0.0024191163999281,0.5,0.0014082477824732
nonlinear_heteroskedastic,303,1701,mdn4,boundary,0.2,2,-0.278636720116808,0.0036656534525641,-0.2,-0.078636720116808
nonlinear_heteroskedastic,303,1701,mdn4,boundary,0.1,0,0.7376793314898779,0.0026792044709296,0.6182383242455304,0.1194410072443474
nonlinear_heteroskedastic,303,1701,mdn4,boundary,0.1,1,0.5103284287870612,0.0023329006465335,0.5,0.0103284287870611
nonlinear_heteroskedastic,303,1701,mdn4,boundary,0.1,2,-0.2812116687163616,0.0037915668732338,-0.2,-0.0812116687163616
nonlinear_heteroskedastic,303,1701,mdn4,boundary,0.05,0,0.7401958849135829,0.002401547659927,0.6182383242455304,0.1219575606680525
nonlinear_heteroskedastic,303,1701,mdn4,boundary,0.05,1,0.5161811110325857,0.0041062468783167,0.5,0.0161811110325856
nonlinear_heteroskedastic,303,1701,mdn4,boundary,0.05,2,-0.2767790172728043,0.0083056344015766,-0.2,-0.0767790172728043
nonlinear_heteroskedastic,303,1701,mdn4,extrapolated,0.2,0,0.0261325267548551,0.0011773583372915,1.026929748370581,-1.000797221615726
nonlinear_heteroskedastic,303,1701,mdn4,extrapolated,0.2,1,-0.1849751708074437,0.0004297227048967,0.5,-0.6849751708074437
nonlinear_heteroskedastic,303,1701,mdn4,extrapolated,0.2,2,-0.0362723023080861,0.0045858465302901,-0.2,0.1637276976919139
nonlinear_heteroskedastic,303,1701,mdn4,extrapolated,0.1,0,0.0189546240682044,0.0068028719327027,1.026929748370581,-1.007975124302377
nonlinear_heteroskedastic,303,1701,mdn4,extrapolated,0.1,1,-0.1894422329727851,0.0064468147592303,0.5,-0.6894422329727852
nonlinear_heteroskedastic,303,1701,mdn4,extrapolated,0.1,2,-0.0429194146980319,0.0072887699406031,-0.2,0.157080585301968
nonlinear_heteroskedastic,303,1701,mdn4,extrapolated,0.05,0,0.0333744139556705,0.0110733863076767,1.026929748370581,-0.9935553344149104
nonlinear_heteroskedastic,303,1701,mdn4,extrapolated,0.05,1,-0.182397454742326,0.0105132040131983,0.5,-0.682397454742326
nonlinear_heteroskedastic,303,1701,mdn4,extrapolated,0.05,2,-0.0414055001190416,0.0083273051670196,-0.2,0.1585944998809583
heavy_tailed,202,0,ridge,central,0.2,0,1.3356639575012637,8.599750569898519e-16,1.6,-0.2643360424987364
heavy_tailed,202,0,ridge,central,0.2,1,0.5295521153321832,2.4408079184232934e-16,0.5,0.0295521153321831
heavy_tailed,202,0,ridge,central,0.2,2,-0.1945714976396838,5.1925927263190304e-17,-0.2,0.0054285023603161
heavy_tailed,202,0,ridge,central,0.1,0,1.3356639575012623,9.678699938266253e-16,1.6,-0.2643360424987375
heavy_tailed,202,0,ridge,central,0.1,1,0.5295521153321834,1.695893682875867e-16,0.5,0.0295521153321833
heavy_tailed,202,0,ridge,central,0.1,2,-0.194571497639684,9.412373634839028e-17,-0.2,0.0054285023603159
heavy_tailed,202,0,ridge,central,0.05,0,1.3356639575012623,6.080941944488119e-16,1.6,-0.2643360424987377
heavy_tailed,202,0,ridge,central,0.05,1,0.5295521153321828,2.7940000073818183e-16,0.5,0.0295521153321828
heavy_tailed,202,0,ridge,central,0.05,2,-0.194571497639684,1.4903822336993328e-16,-0.2,0.0054285023603159
heavy_tailed,202,0,ridge,boundary,0.2,0,1.33566395750127,2.958280863490754e-15,0.6182383242455304,0.7174256332557395
heavy_tailed,202,0,ridge,boundary,0.2,1,0.5295521153321824,2.239790686457079e-15,0.5,0.0295521153321823
heavy_tailed,202,0,ridge,boundary,0.2,2,-0.1945714976396834,6.572076451634172e-16,-0.2,0.0054285023603165
heavy_tailed,202,0,ridge,boundary,0.1,0,1.335663957501265,3.2909577397160252e-15,0.6182383242455304,0.7174256332557346
heavy_tailed,202,0,ridge,boundary,0.1,1,0.5295521153321814,1.3702748995905636e-15,0.5,0.0295521153321813
heavy_tailed,202,0,ridge,boundary,0.1,2,-0.1945714976396843,8.441528768080325e-16,-0.2,0.0054285023603156
heavy_tailed,202,0,ridge,boundary,0.05,0,1.3356639575012543,1.4785292051842495e-14,0.6182383242455304,0.717425633255724
heavy_tailed,202,0,ridge,boundary,0.05,1,0.5295521153321777,2.1817130104319956e-15,0.5,0.0295521153321777
heavy_tailed,202,0,ridge,boundary,0.05,2,-0.1945714976396852,6.671930813585398e-16,-0.2,0.0054285023603147
heavy_tailed,202,0,ridge,extrapolated,0.2,0,1.335663957501268,2.5910490144871157e-15,1.026929748370581,0.308734209130687
heavy_tailed,202,0,ridge,extrapolated,0.2,1,0.5295521153321799,3.1457407466161085e-15,0.5,0.0295521153321799
heavy_tailed,202,0,ridge,extrapolated,0.2,2,-0.1945714976396846,1.1217282337237456e-15,-0.2,0.0054285023603153
heavy_tailed,202,0,ridge,extrapolated,0.1,0,1.3356639575012703,1.5023468614313606e-14,1.026929748370581,0.3087342091306893
heavy_tailed,202,0,ridge,extrapolated,0.1,1,0.5295521153321769,7.691850745534256e-15,0.5,0.0295521153321769
heavy_tailed,202,0,ridge,extrapolated,0.1,2,-0.1945714976396848,1.7651542323631866e-15,-0.2,0.0054285023603151
heavy_tailed,202,0,ridge,extrapolated,0.05,0,1.33566395750128,3.924885711168694e-14,1.026929748370581,0.308734209130699
heavy_tailed,202,0,ridge,extrapolated,0.05,1,0.5295521153321666,1.692662349645606e-14,0.5,0.0295521153321666
heavy_tailed,202,0,ridge,extrapolated,0.05,2,-0.1945714976396834,2.0014830212433605e-15,-0.2,0.0054285023603166
heavy_tailed,202,2903,student_rank2,central,0.2,0,1.6880633067388748,0.0040410161590674,1.6,0.0880633067388747
heavy_tailed,202,2903,student_rank2,central,0.2,1,0.7026899627223102,0.0067630148721557,0.5,0.2026899627223102
heavy_tailed,202,2903,student_rank2,central,0.2,2,-0.1852108247578781,0.0045160582868768,-0.2,0.0147891752421219
heavy_tailed,202,2903,student_rank2,central,0.1,0,1.7097362179639564,0.0040648178737779,1.6,0.1097362179639562
heavy_tailed,202,2903,student_rank2,central,0.1,1,0.7116361646406067,0.0068951361668992,0.5,0.2116361646406067
heavy_tailed,202,2903,student_rank2,central,0.1,2,-0.1853970152964266,0.0045897872487578,-0.2,0.0146029847035733
heavy_tailed,202,2903,student_rank2,central,0.05,0,1.7153367194698663,0.0040713082214756,1.6,0.1153367194698664
heavy_tailed,202,2903,student_rank2,central,0.05,1,0.7139099612812531,0.0069293772125069,0.5,0.213909961281253
heavy_tailed,202,2903,student_rank2,central,0.05,2,-0.185420105719722,0.0046089778822984,-0.2,0.014579894280278
heavy_tailed,202,2903,student_rank2,boundary,0.2,0,0.9402329337342192,0.0011803261140951,0.6182383242455304,0.3219946094886888
heavy_tailed,202,2903,student_rank2,boundary,0.2,1,0.3354069708051996,0.0013161566824135,0.5,-0.1645930291948004
heavy_tailed,202,2903,student_rank2,boundary,0.2,2,-0.2135767562662496,0.0012993232115321,-0.2,-0.0135767562662496
heavy_tailed,202,2903,student_rank2,boundary,0.1,0,0.9359473361364796,0.0011841233827843,0.6182383242455304,0.3177090118909493
heavy_tailed,202,2903,student_rank2,boundary,0.1,1,0.3342177787332179,0.0013118445038313,0.5,-0.1657822212667821
heavy_tailed,202,2903,student_rank2,boundary,0.1,2,-0.2137596896411614,0.0013080974585416,-0.2,-0.0137596896411613
heavy_tailed,202,2903,student_rank2,boundary,0.05,0,0.9348506729054183,0.0011850676164085,0.6182383242455304,0.3166123486598881
heavy_tailed,202,2903,student_rank2,boundary,0.05,1,0.3339220304730898,0.0013107297235213,0.5,-0.1660779695269101
heavy_tailed,202,2903,student_rank2,boundary,0.05,2,-0.2138088428651139,0.0013102710843174,-0.2,-0.0138088428651139
heavy_tailed,202,2903,student_rank2,extrapolated,0.2,0,0.106444270025414,0.0039524609004458,1.026929748370581,-0.920485478345167
heavy_tailed,202,2903,student_rank2,extrapolated,0.2,1,0.0045960886215969,0.0017707906349277,0.5,-0.495403911378403
heavy_tailed,202,2903,student_rank2,extrapolated,0.2,2,-0.2166965095359336,0.0025289489884944,-0.2,-0.0166965095359336
heavy_tailed,202,2903,student_rank2,extrapolated,0.1,0,0.1053386450885307,0.0039544875853685,1.026929748370581,-0.9215911032820504
heavy_tailed,202,2903,student_rank2,extrapolated,0.1,1,0.0040532030934474,0.0017699179098014,0.5,-0.4959467969065526
heavy_tailed,202,2903,student_rank2,extrapolated,0.1,2,-0.2169446180374351,0.0025288737090391,-0.2,-0.0169446180374351
heavy_tailed,202,2903,student_rank2,extrapolated,0.05,0,0.1050598472506532,0.0039550026259785,1.026929748370581,-0.9218699011199276
heavy_tailed,202,2903,student_rank2,extrapolated,0.05,1,0.0039171580739975,0.0017697107395872,0.5,-0.4960828419260024
heavy_tailed,202,2903,student_rank2,extrapolated,0.05,2,-0.2170064996992401,0.0025288765631587,-0.2,-0.01700649969924
linear_gaussian,303,2903,gaussian_rank2,central,0.2,0,0.8150380716718066,0.0041090145613174,0.8,0.0150380716718065
linear_gaussian,303,2903,gaussian_rank2,central,0.2,1,0.513203976139057,0.0039742546735981,0.5,0.0132039761390569
linear_gaussian,303,2903,gaussian_rank2,central,0.2,2,-0.2418211416771308,0.0012943800158538,-0.2,-0.0418211416771308
linear_gaussian,303,2903,gaussian_rank2,central,0.1,0,0.8154645169037988,0.0041296302824991,0.8,0.0154645169037987
linear_gaussian,303,2903,gaussian_rank2,central,0.1,1,0.514279520660978,0.0039409791138276,0.5,0.014279520660978
linear_gaussian,303,2903,gaussian_rank2,central,0.1,2,-0.2433940652681808,0.0013361226698066,-0.2,-0.0433940652681808
linear_gaussian,303,2903,gaussian_rank2,central,0.05,0,0.8155693471770222,0.0041349803526121,0.8,0.0155693471770221
linear_gaussian,303,2903,gaussian_rank2,central,0.05,1,0.5145476036328437,0.0039325064737255,0.5,0.0145476036328436
linear_gaussian,303,2903,gaussian_rank2,central,0.05,2,-0.2437896154834514,0.0013468254446521,-0.2,-0.0437896154834514
linear_gaussian,303,2903,gaussian_rank2,boundary,0.2,0,0.6763311948081429,0.0013167040983361,0.8,-0.1236688051918571
linear_gaussian,303,2903,gaussian_rank2,boundary,0.2,1,0.456180030597841,0.0007060232030294,0.5,-0.0438199694021589
linear_gaussian,303,2903,gaussian_rank2,boundary,0.2,2,-0.189441978283797,0.0016048289299879,-0.2,0.0105580217162029
linear_gaussian,303,2903,gaussian_rank2,boundary,0.1,0,0.6768473812938033,0.0013308761881117,0.8,-0.1231526187061967
linear_gaussian,303,2903,gaussian_rank2,boundary,0.1,1,0.45709215891383,0.0007027048576079,0.5,-0.04290784108617
linear_gaussian,303,2903,gaussian_rank2,boundary,0.1,2,-0.1896924480019776,0.001617515943926,-0.2,0.0103075519980223
linear_gaussian,303,2903,gaussian_rank2,boundary,0.05,0,0.6769730284256023,0.0013344446559632,0.8,-0.1230269715743977
linear_gaussian,303,2903,gaussian_rank2,boundary,0.05,1,0.4573192156137158,0.0007018671691673,0.5,-0.0426807843862841
linear_gaussian,303,2903,gaussian_rank2,boundary,0.05,2,-0.1897519215565843,0.0016207190927473,-0.2,0.0102480784434157
linear_gaussian,303,2903,gaussian_rank2,extrapolated,0.2,0,0.236247433865158,0.0001243251505044,0.8,-0.563752566134842
linear_gaussian,303,2903,gaussian_rank2,extrapolated,0.2,1,0.1197294752338568,0.0017353711453089,0.5,-0.3802705247661432
linear_gaussian,303,2903,gaussian_rank2,extrapolated,0.2,2,-0.0330968554015688,0.000873197676804,-0.2,0.1669031445984311
linear_gaussian,303,2903,gaussian_rank2,extrapolated,0.1,0,0.2354031461933114,0.0001228412535607,0.8,-0.5645968538066886
linear_gaussian,303,2903,gaussian_rank2,extrapolated,0.1,1,0.1190297414792224,0.0017294339203312,0.5,-0.3809702585207776
linear_gaussian,303,2903,gaussian_rank2,extrapolated,0.1,2,-0.0328411022737935,0.0008715846237217,-0.2,0.1671588977262064
linear_gaussian,303,2903,gaussian_rank2,extrapolated,0.05,0,0.2351916745436925,0.0001224985051973,0.8,-0.5648083254563075
linear_gaussian,303,2903,gaussian_rank2,extrapolated,0.05,1,0.1188544491473323,0.0017279915926739,0.5,-0.3811455508526676
linear_gaussian,303,2903,gaussian_rank2,extrapolated,0.05,2,-0.0327773561970864,0.0008711892554127,-0.2,0.1672226438029136
bimodal,202,2903,edm,central,0.2,0,1.754693328129453,0.0016348698199083,2.25,-0.495306671870547
bimodal,202,2903,edm,central,0.2,1,0.8090405057471654,0.0012380693748028,1.05,-0.2409594942528347
bimodal,202,2903,edm,central,0.2,2,-0.259158225836229,0.0004985269930977,-0.35,0.0908417741637709
bimodal,202,2903,edm,central,0.1,0,1.7597629091293563,0.0017482559985739,2.25,-0.4902370908706437
bimodal,202,2903,edm,central,0.1,1,0.808544513523441,0.001293795130216,1.05,-0.241455486476559
bimodal,202,2903,edm,central,0.1,2,-0.2595022470629661,0.0004960727300069,-0.35,0.0904977529370338
bimodal,202,2903,edm,central,0.05,0,1.7609392179476056,0.0018013250156914,2.25,-0.4890607820523944
bimodal,202,2903,edm,central,0.05,1,0.8083441170428981,0.0013230765601171,1.05,-0.2416558829571019
bimodal,202,2903,edm,central,0.05,2,-0.2595669360023082,0.0004924336146497,-0.35,0.0904330639976917
bimodal,202,2903,edm,boundary,0.2,0,1.0807440651582538,0.003542814667571,0.9347346089919524,0.1460094561663015
bimodal,202,2903,edm,boundary,0.2,1,0.4383996824224299,0.0014097416239876,0.7678045486315878,-0.3294048662091579
bimodal,202,2903,edm,boundary,0.2,2,-0.2610944823600034,0.000499769412808,-0.2730376041722512,0.0119431218122477
bimodal,202,2903,edm,boundary,0.1,0,1.078615294939376,0.0036454180923235,0.9347346089919524,0.1438806859474238
bimodal,202,2903,edm,boundary,0.1,1,0.4386557700690754,0.0014659591862798,0.7678045486315878,-0.3291487785625123
bimodal,202,2903,edm,boundary,0.1,2,-0.2614080353775111,0.0005050469212424,-0.2730376041722512,0.01162956879474
bimodal,202,2903,edm,boundary,0.05,0,1.0780062940361712,0.0036686406848163,0.9347346089919524,0.1432716850442189
bimodal,202,2903,edm,boundary,0.05,1,0.4386800415955383,0.001481512400419,0.7678045486315878,-0.3291245070360494
bimodal,202,2903,edm,boundary,0.05,2,-0.2614737544641655,0.0005055412403599,-0.2730376041722512,0.0115638497080857
bimodal,202,2903,edm,extrapolated,0.2,0,-0.1027559287985322,0.0012542645871281,1.0442146957146352,-1.1469706245131674
bimodal,202,2903,edm,extrapolated,0.2,1,-0.1881892425961621,0.0014721672698516,0.5146257246757381,-0.7028149672719002
bimodal,202,2903,edm,extrapolated,0.2,2,-0.0878432028750671,0.0008690451498631,-0.203988834002474,0.1161456311274069
bimodal,202,2903,edm,extrapolated,0.1,0,-0.104773473674193,0.0012607458710313,1.0442146957146352,-1.1489881693888282
bimodal,202,2903,edm,extrapolated,0.1,1,-0.1890522518594282,0.0014759265231646,0.5146257246757381,-0.7036779765351663
bimodal,202,2903,edm,extrapolated,0.1,2,-0.0875962623553462,0.0008671903549637,-0.203988834002474,0.1163925716471278
bimodal,202,2903,edm,extrapolated,0.05,0,-0.1052776548099328,0.001262387407551,1.0442146957146352,-1.149492350524568
bimodal,202,2903,edm,extrapolated,0.05,1,-0.1892665491592715,0.0014768047093059,0.5146257246757381,-0.7038922738350096
bimodal,202,2903,edm,extrapolated,0.05,2,-0.0875343990302622,0.0008667052736884,-0.203988834002474,0.1164544349722118
nonlinear_heteroskedastic,202,1701,gaussian_rank2,central,0.2,0,1.5539433601031876,0.0009511614406072,1.6,-0.0460566398968125
nonlinear_heteroskedastic,202,1701,gaussian_rank2,central,0.2,1,0.633578850270073,0.0043366071553258,0.5,0.133578850270073
nonlinear_heteroskedastic,202,1701,gaussian_rank2,central,0.2,2,-0.2282338692157371,0.0017184582881269,-0.2,-0.028233869215737
nonlinear_heteroskedastic,202,1701,gaussian_rank2,central,0.1,0,1.5667457996974072,0.000975090245546,1.6,-0.0332542003025928
nonlinear_heteroskedastic,202,1701,gaussian_rank2,central,0.1,1,0.638724318306675,0.0044529283683081,0.5,0.1387243183066749
nonlinear_heteroskedastic,202,1701,gaussian_rank2,central,0.1,2,-0.2299816690780184,0.0017530006094025,-0.2,-0.0299816690780184
nonlinear_heteroskedastic,202,1701,gaussian_rank2,central,0.05,0,1.5700063992808555,0.000981692376719,1.6,-0.0299936007191445
nonlinear_heteroskedastic,202,1701,gaussian_rank2,central,0.05,1,0.6400385516372563,0.0044828709421355,0.5,0.1400385516372563
nonlinear_heteroskedastic,202,1701,gaussian_rank2,central,0.05,2,-0.2304235062567714,0.0017619514748717,-0.2,-0.0304235062567714
nonlinear_heteroskedastic,202,1701,gaussian_rank2,boundary,0.2,0,1.0208410143402415,0.0008482758375955,0.6182383242455304,0.4026026900947111
nonlinear_heteroskedastic,202,1701,gaussian_rank2,boundary,0.2,1,0.417126789640091,0.0019426006040894,0.5,-0.0828732103599089
nonlinear_heteroskedastic,202,1701,gaussian_rank2,boundary,0.2,2,-0.1737255637201627,0.0013916004348153,-0.2,0.0262744362798372
nonlinear_heteroskedastic,202,1701,gaussian_rank2,boundary,0.1,0,1.022297526967302,0.0008690430375731,0.6182383242455304,0.4040592027217716
nonlinear_heteroskedastic,202,1701,gaussian_rank2,boundary,0.1,1,0.4180281047097735,0.0019292224542601,0.5,-0.0819718952902264
nonlinear_heteroskedastic,202,1701,gaussian_rank2,boundary,0.1,2,-0.1750429325506324,0.0014088168162255,-0.2,0.0249570674493675
nonlinear_heteroskedastic,202,1701,gaussian_rank2,boundary,0.05,0,1.0226678151423136,0.00087451088174,0.6182383242455304,0.4044294908967832
nonlinear_heteroskedastic,202,1701,gaussian_rank2,boundary,0.05,1,0.4182609600478869,0.0019257676438197,0.5,-0.0817390399521131
nonlinear_heteroskedastic,202,1701,gaussian_rank2,boundary,0.05,2,-0.1753747630629622,0.0014131379437056,-0.2,0.0246252369370377
nonlinear_heteroskedastic,202,1701,gaussian_rank2,extrapolated,0.2,0,-0.0168826404778713,0.0016798332725595,1.026929748370581,-1.0438123888484525
nonlinear_heteroskedastic,202,1701,gaussian_rank2,extrapolated,0.2,1,-0.0111949246020349,0.0018650389674841,0.5,-0.511194924602035
nonlinear_heteroskedastic,202,1701,gaussian_rank2,extrapolated,0.2,2,0.0898708531852286,0.0011740570839815,-0.2,0.2898708531852286
nonlinear_heteroskedastic,202,1701,gaussian_rank2,extrapolated,0.1,0,-0.01877472331273,0.0016798765410506,1.026929748370581,-1.045704471683311
nonlinear_heteroskedastic,202,1701,gaussian_rank2,extrapolated,0.1,1,-0.012006755458133,0.0018674968852556,0.5,-0.512006755458133
nonlinear_heteroskedastic,202,1701,gaussian_rank2,extrapolated,0.1,2,0.0903967405097703,0.0011763581113076,-0.2,0.2903967405097703
nonlinear_heteroskedastic,202,1701,gaussian_rank2,extrapolated,0.05,0,-0.0192443577411564,0.001679902426426,1.026929748370581,-1.0461741061117376
nonlinear_heteroskedastic,202,1701,gaussian_rank2,extrapolated,0.05,1,-0.0122084356412018,0.0018681169925504,0.5,-0.5122084356412019
nonlinear_heteroskedastic,202,1701,gaussian_rank2,extrapolated,0.05,2,0.0905282676079277,0.0011769276256521,-0.2,0.2905282676079277
bimodal,202,1701,transformer_mdn4,central,0.2,0,1.8797245075958948,0.0095902796011959,2.25,-0.3702754924041052
bimodal,202,1701,transformer_mdn4,central,0.2,1,0.5334837270633249,0.0132255504879665,1.05,-0.5165162729366751
bimodal,202,1701,transformer_mdn4,central,0.2,2,-0.2263651060967742,0.003314870697768,-0.35,0.1236348939032257
bimodal,202,1701,transformer_mdn4,central,0.1,0,1.8572709715198037,0.000706984379424,2.25,-0.3927290284801963
bimodal,202,1701,transformer_mdn4,central,0.1,1,0.4615133536681662,0.0064390326758744,1.05,-0.5884866463318339
bimodal,202,1701,transformer_mdn4,central,0.1,2,-0.2230650586121578,0.00322085335735,-0.35,0.1269349413878421
bimodal,202,1701,transformer_mdn4,central,0.05,0,1.8374124977099051,0.0058130183973585,2.25,-0.4125875022900949
bimodal,202,1701,transformer_mdn4,central,0.05,1,0.4302051289989295,0.0052863301618991,1.05,-0.6197948710010706
bimodal,202,1701,transformer_mdn4,central,0.05,2,-0.2201446068743644,0.0038072953318295,-0.35,0.1298553931256355
bimodal,202,1701,transformer_mdn4,boundary,0.2,0,1.1049477072134612,0.0213105904192208,0.9347346089919524,0.1702130982215089
bimodal,202,1701,transformer_mdn4,boundary,0.2,1,0.7746338034848034,0.0206653552960172,0.7678045486315878,0.0068292548532156
bimodal,202,1701,transformer_mdn4,boundary,0.2,2,-0.2066859619064673,0.0041103423900587,-0.2730376041722512,0.0663516422657839
bimodal,202,1701,transformer_mdn4,boundary,0.1,0,1.0870200415460545,0.0115010976762111,0.9347346089919524,0.1522854325541022
bimodal,202,1701,transformer_mdn4,boundary,0.1,1,0.7628047888320392,0.0114306449481643,0.7678045486315878,-0.0049997597995485
bimodal,202,1701,transformer_mdn4,boundary,0.1,2,-0.2046084929442353,0.0024025457289194,-0.2730376041722512,0.0684291112280159
bimodal,202,1701,transformer_mdn4,boundary,0.05,0,1.088652831493413,0.019167272097048,0.9347346089919524,0.1539182225014607
bimodal,202,1701,transformer_mdn4,boundary,0.05,1,0.7646852146156716,0.0192041284040054,0.7678045486315878,-0.0031193340159161
bimodal,202,1701,transformer_mdn4,boundary,0.05,2,-0.2026505751524795,0.0048417634222641,-0.2730376041722512,0.0703870290197717
bimodal,202,1701,transformer_mdn4,extrapolated,0.2,0,0.1030710883684286,0.0036440483241563,1.0442146957146352,-0.9411436073462066
bimodal,202,1701,transformer_mdn4,extrapolated,0.2,1,0.0685748113594564,0.0042817588991102,0.5146257246757381,-0.4460509133162816
bimodal,202,1701,transformer_mdn4,extrapolated,0.2,2,-0.0031599741372724,0.0049092734759332,-0.203988834002474,0.2008288598652015
bimodal,202,1701,transformer_mdn4,extrapolated,0.1,0,0.1078017937356038,0.0036069500143117,1.0442146957146352,-0.9364129019790314
bimodal,202,1701,transformer_mdn4,extrapolated,0.1,1,0.0717941619385716,0.0046660324841914,0.5146257246757381,-0.4428315627371664
bimodal,202,1701,transformer_mdn4,extrapolated,0.1,2,-0.0082055000841066,0.0067472129700777,-0.203988834002474,0.1957833339183673
bimodal,202,1701,transformer_mdn4,extrapolated,0.05,0,0.1033724364848254,0.0060942660001046,1.0442146957146352,-0.9408422592298098
bimodal,202,1701,transformer_mdn4,extrapolated,0.05,1,0.0693533131359854,0.0072258292702219,0.5146257246757381,-0.4452724115397526
bimodal,202,1701,transformer_mdn4,extrapolated,0.05,2,-0.0092843194416963,0.0199709559892372,-0.203988834002474,0.1947045145607776
nonlinear_heteroskedastic,101,1701,student_rank2,central,0.2,0,1.5549103068225991,0.0007745006963952,1.6,-0.0450896931774009
nonlinear_heteroskedastic,101,1701,student_rank2,central,0.2,1,0.6397465666008144,0.0011549439937581,0.5,0.1397465666008144
nonlinear_heteroskedastic,101,1701,student_rank2,central,0.2,2,-0.4019877212421276,0.0007573594174466,-0.2,-0.2019877212421276
nonlinear_heteroskedastic,101,1701,student_rank2,central,0.1,0,1.572418904234846,0.000758757914927,1.6,-0.0275810957651541
nonlinear_heteroskedastic,101,1701,student_rank2,central,0.1,1,0.6464476345798903,0.0011805533388884,0.5,0.1464476345798903
nonlinear_heteroskedastic,101,1701,student_rank2,central,0.1,2,-0.4153980676051195,0.0007667503086816,-0.2,-0.2153980676051194
nonlinear_heteroskedastic,101,1701,student_rank2,central,0.05,0,1.5769338857371296,0.0007550055232851,1.6,-0.0230661142628705
nonlinear_heteroskedastic,101,1701,student_rank2,central,0.05,1,0.6481668907862622,0.0011871703642827,0.5,0.1481668907862622
nonlinear_heteroskedastic,101,1701,student_rank2,central,0.05,2,-0.4188761252240265,0.0007693132198787,-0.2,-0.2188761252240265
nonlinear_heteroskedastic,101,1701,student_rank2,boundary,0.2,0,0.860237376353372,0.0013575662654065,0.6182383242455304,0.2419990521078416
nonlinear_heteroskedastic,101,1701,student_rank2,boundary,0.2,1,0.3562010910578211,0.0003588814663651,0.5,-0.1437989089421789
nonlinear_heteroskedastic,101,1701,student_rank2,boundary,0.2,2,-0.0228143666567456,0.0020132030687728,-0.2,0.1771856333432543
nonlinear_heteroskedastic,101,1701,student_rank2,boundary,0.1,0,0.8582807991995915,0.0013676913646348,0.6182383242455304,0.2400424749540611
nonlinear_heteroskedastic,101,1701,student_rank2,boundary,0.1,1,0.3584129130151267,0.0003575175616052,0.5,-0.1415870869848732
nonlinear_heteroskedastic,101,1701,student_rank2,boundary,0.1,2,-0.0176939486269945,0.0020154655423643,-0.2,0.1823060513730054
nonlinear_heteroskedastic,101,1701,student_rank2,boundary,0.05,0,0.8577763538293507,0.001370237823343,0.6182383242455304,0.2395380295838203
nonlinear_heteroskedastic,101,1701,student_rank2,boundary,0.05,1,0.3589873959868523,0.0003571871357885,0.5,-0.1410126040131477
nonlinear_heteroskedastic,101,1701,student_rank2,boundary,0.05,2,-0.0163925823123931,0.0020160662349554,-0.2,0.1836074176876069
nonlinear_heteroskedastic,101,1701,student_rank2,extrapolated,0.2,0,0.0140138363149687,0.0007465689358458,1.026929748370581,-1.0129159120556124
nonlinear_heteroskedastic,101,1701,student_rank2,extrapolated,0.2,1,-0.0379776307765346,0.0014081025402934,0.5,-0.5379776307765347
nonlinear_heteroskedastic,101,1701,student_rank2,extrapolated,0.2,2,0.0217632007131756,0.0012040140498946,-0.2,0.2217632007131756
nonlinear_heteroskedastic,101,1701,student_rank2,extrapolated,0.1,0,0.0127608900464052,0.0007479374819629,1.026929748370581,-1.0141688583241757
nonlinear_heteroskedastic,101,1701,student_rank2,extrapolated,0.1,1,-0.0387182556535697,0.0014107869260564,0.5,-0.5387182556535698
nonlinear_heteroskedastic,101,1701,student_rank2,extrapolated,0.1,2,0.0215644647425607,0.0012052373278341,-0.2,0.2215644647425607
nonlinear_heteroskedastic,101,1701,student_rank2,extrapolated,0.05,0,0.0124457320349454,0.0007482828876179,1.026929748370581,-1.0144840163356357
nonlinear_heteroskedastic,101,1701,student_rank2,extrapolated,0.05,1,-0.0389008617624423,0.0014114535146504,0.5,-0.5389008617624423
nonlinear_heteroskedastic,101,1701,student_rank2,extrapolated,0.05,2,0.0215136602489866,0.0012055418609318,-0.2,0.2215136602489867
bimodal,303,1701,gaussian_diag,central,0.2,0,2.2089831095256467,0.0047824314941173,2.25,-0.0410168904743533
bimodal,303,1701,gaussian_diag,central,0.2,1,1.0470816251828554,0.001372749033471,1.05,-0.0029183748171446
bimodal,303,1701,gaussian_diag,central,0.2,2,-0.4285334273105924,0.0003153911724135,-0.35,-0.0785334273105924
bimodal,303,1701,gaussian_diag,central,0.1,0,2.232172039057228,0.0050471046694824,2.25,-0.017827960942772
bimodal,303,1701,gaussian_diag,central,0.1,1,1.0571200289363507,0.0014449533749697,1.05,0.0071200289363506
bimodal,303,1701,gaussian_diag,central,0.1,2,-0.4302649903483766,0.0003245550633977,-0.35,-0.0802649903483766
bimodal,303,1701,gaussian_diag,central,0.05,0,2.2380739690310048,0.0051158420524831,2.25,-0.0119260309689952
bimodal,303,1701,gaussian_diag,central,0.05,1,1.0597162431141056,0.0014635580183385,1.05,0.0097162431141055
bimodal,303,1701,gaussian_diag,central,0.05,2,-0.4306749441967587,0.0003268187601993,-0.35,-0.0806749441967587
bimodal,303,1701,gaussian_diag,boundary,0.2,0,1.186100573786371,0.0028750899006962,0.9347346089919524,0.2513659647944187
bimodal,303,1701,gaussian_diag,boundary,0.2,1,0.7111982212172442,0.0035499737960862,0.7678045486315878,-0.0566063274143435
bimodal,303,1701,gaussian_diag,boundary,0.2,2,-0.194812480495233,0.00034874053921,-0.2730376041722512,0.0782251236770182
bimodal,303,1701,gaussian_diag,boundary,0.1,0,1.191619993830981,0.002942387464418,0.9347346089919524,0.2568853848390288
bimodal,303,1701,gaussian_diag,boundary,0.1,1,0.7134490824953156,0.0036255317880863,0.7678045486315878,-0.0543554661362721
bimodal,303,1701,gaussian_diag,boundary,0.1,2,-0.1955973468015379,0.0003577266606114,-0.2730376041722512,0.0774402573707132
bimodal,303,1701,gaussian_diag,boundary,0.05,0,1.1931095495905852,0.0029593797351006,0.9347346089919524,0.258374940598633
bimodal,303,1701,gaussian_diag,boundary,0.05,1,0.7140400853026422,0.0036446387393652,0.7678045486315878,-0.0537644633289455
bimodal,303,1701,gaussian_diag,boundary,0.05,2,-0.1958036390718365,0.0003600291099967,-0.2730376041722512,0.0772339651004146
bimodal,303,1701,gaussian_diag,extrapolated,0.2,0,-0.1166484826058663,0.0001031054758398,1.0442146957146352,-1.1608631783205017
bimodal,303,1701,gaussian_diag,extrapolated,0.2,1,-0.0693476525555743,1.2107540441425755e-05,0.5146257246757381,-0.5839733772313125
bimodal,303,1701,gaussian_diag,extrapolated,0.2,2,0.0591440713413032,9.150016909838548e-05,-0.203988834002474,0.2631329053437772
bimodal,303,1701,gaussian_diag,extrapolated,0.1,0,-0.1179232424927563,0.0001003816753494,1.0442146957146352,-1.1621379382073915
bimodal,303,1701,gaussian_diag,extrapolated,0.1,1,-0.0708169194249834,1.1578185010186402e-05,0.5146257246757381,-0.5854426441007214
bimodal,303,1701,gaussian_diag,extrapolated,0.1,2,0.0588850275566504,9.30927927597242e-05,-0.203988834002474,0.2628738615591244
bimodal,303,1701,gaussian_diag,extrapolated,0.05,0,-0.118234800639343,9.971148729135634e-05,1.0442146957146352,-1.1624494963539782
bimodal,303,1701,gaussian_diag,extrapolated,0.05,1,-0.0711858026713378,1.144756509199068e-05,0.5146257246757381,-0.5858115273470759
bimodal,303,1701,gaussian_diag,extrapolated,0.05,2,0.0588187412107799,9.348493887669374e-05,-0.203988834002474,0.262807575213254
bimodal,101,1701,gaussian_rank2,central,0.2,0,2.2925632102524114,0.0014601034919436,2.25,0.0425632102524113
bimodal,101,1701,gaussian_rank2,central,0.2,1,1.0883674287955276,0.0028019482176301,1.05,0.0383674287955275
bimodal,101,1701,gaussian_rank2,central,0.2,2,-0.542823649674064,0.0005344823447418,-0.35,-0.192823649674064
bimodal,101,1701,gaussian_rank2,central,0.1,0,2.3203562214147735,0.0015306119077486,2.25,0.0703562214147734
bimodal,101,1701,gaussian_rank2,central,0.1,1,1.0929566866469749,0.0028654894159632,1.05,0.0429566866469748
bimodal,101,1701,gaussian_rank2,central,0.1,2,-0.5549734702718769,0.0005158832000997,-0.35,-0.2049734702718769
bimodal,101,1701,gaussian_rank2,central,0.05,0,2.327491825910607,0.00154893005612,2.25,0.0774918259106072
bimodal,101,1701,gaussian_rank2,central,0.05,1,1.0940836957540232,0.0028819331467261,1.05,0.0440836957540231
bimodal,101,1701,gaussian_rank2,central,0.05,2,-0.5581172004771595,0.0005108990432104,-0.35,-0.2081172004771595
bimodal,101,1701,gaussian_rank2,boundary,0.2,0,0.9977871220932832,0.0025462677552075,0.9347346089919524,0.0630525131013308
bimodal,101,1701,gaussian_rank2,boundary,0.2,1,0.6453184454937643,0.002027677939081,0.7678045486315878,-0.1224861031378234
bimodal,101,1701,gaussian_rank2,boundary,0.2,2,-0.1345971163243994,0.002551466968722,-0.2730376041722512,0.1384404878478517
bimodal,101,1701,gaussian_rank2,boundary,0.1,0,0.9923383713306836,0.0025603005506528,0.9347346089919524,0.0576037623387314
bimodal,101,1701,gaussian_rank2,boundary,0.1,1,0.6490915836334665,0.0020399930435625,0.7678045486315878,-0.1187129649981212
bimodal,101,1701,gaussian_rank2,boundary,0.1,2,-0.13011311527371,0.0025726859933274,-0.2730376041722512,0.1429244888985411
bimodal,101,1701,gaussian_rank2,boundary,0.05,0,0.9909538734788836,0.0025638968365505,0.9347346089919524,0.0562192644869313
bimodal,101,1701,gaussian_rank2,boundary,0.05,1,0.6500699598045856,0.0020430408620026,0.7678045486315878,-0.1177345888270021
bimodal,101,1701,gaussian_rank2,boundary,0.05,2,-0.1289770699348399,0.0025779915986929,-0.2730376041722512,0.1440605342374113
bimodal,101,1701,gaussian_rank2,extrapolated,0.2,0,-0.1076350118772218,0.0016300966488286,1.0442146957146352,-1.151849707591857
bimodal,101,1701,gaussian_rank2,extrapolated,0.2,1,-0.0200166170702866,0.0026310315674345,0.5146257246757381,-0.5346423417460248
bimodal,101,1701,gaussian_rank2,extrapolated,0.2,2,-0.0206284288292446,0.0013591988003665,-0.203988834002474,0.1833604051732293
bimodal,101,1701,gaussian_rank2,extrapolated,0.1,0,-0.1092083574961648,0.0016222123731962,1.0442146957146352,-1.1534230532108
bimodal,101,1701,gaussian_rank2,extrapolated,0.1,1,-0.0213246091801437,0.0026300629440788,0.5146257246757381,-0.5359503338558818
bimodal,101,1701,gaussian_rank2,extrapolated,0.1,2,-0.0207977724705003,0.0013604894439809,-0.203988834002474,0.1831910615319737
bimodal,101,1701,gaussian_rank2,extrapolated,0.05,0,-0.1096047023937973,0.0016202210240719,1.0442146957146352,-1.1538193981084326
bimodal,101,1701,gaussian_rank2,extrapolated,0.05,1,-0.0216552542379474,0.0026298024345531,0.5146257246757381,-0.5362809789136855
bimodal,101,1701,gaussian_rank2,extrapolated,0.05,2,-0.0208410968433296,0.0013607998169987,-0.203988834002474,0.1831477371591444
heavy_tailed,202,2903,gaussian_diag,central,0.2,0,1.4949010647235317,0.0004771935991937,1.6,-0.1050989352764684
heavy_tailed,202,2903,gaussian_diag,central,0.2,1,0.6072403370315568,0.0001816744168424,0.5,0.1072403370315567
heavy_tailed,202,2903,gaussian_diag,central,0.2,2,-0.1541718509573199,0.0004944155612039,-0.2,0.0458281490426801
heavy_tailed,202,2903,gaussian_diag,central,0.1,0,1.510288351051427,0.0005035791320598,1.6,-0.0897116489485732
heavy_tailed,202,2903,gaussian_diag,central,0.1,1,0.6116842917123594,0.0001837610849891,0.5,0.1116842917123593
heavy_tailed,202,2903,gaussian_diag,central,0.1,2,-0.1520062754811433,0.0005205334419778,-0.2,0.0479937245188567
heavy_tailed,202,2903,gaussian_diag,central,0.05,0,1.5143304666913278,0.0005103689787809,1.6,-0.0856695333086723
heavy_tailed,202,2903,gaussian_diag,central,0.05,1,0.6127982320876428,0.0001843304247046,0.5,0.1127982320876428
heavy_tailed,202,2903,gaussian_diag,central,0.05,2,-0.1514175407937917,0.0005273512470349,-0.2,0.0485824592062082
heavy_tailed,202,2903,gaussian_diag,boundary,0.2,0,0.9862475689445898,0.0006139616412247,0.6182383242455304,0.3680092446990594
heavy_tailed,202,2903,gaussian_diag,boundary,0.2,1,0.326463147598298,5.060371612382598e-05,0.5,-0.173536852401702
heavy_tailed,202,2903,gaussian_diag,boundary,0.2,2,-0.2549949620250172,1.5938678590972343e-05,-0.2,-0.0549949620250171
heavy_tailed,202,2903,gaussian_diag,boundary,0.1,0,0.9829768907145168,0.0006215938566003,0.6182383242455304,0.3647385664689864
heavy_tailed,202,2903,gaussian_diag,boundary,0.1,1,0.3261224283062992,5.2565998760375526e-05,0.5,-0.1738775716937008
heavy_tailed,202,2903,gaussian_diag,boundary,0.1,2,-0.2553305404647337,1.7682545210690906e-05,-0.2,-0.0553305404647337
heavy_tailed,202,2903,gaussian_diag,boundary,0.05,0,0.9821305840322044,0.0006234685545965,0.6182383242455304,0.363892259786674
heavy_tailed,202,2903,gaussian_diag,boundary,0.05,1,0.3260405220883496,5.302441994085555e-05,0.5,-0.1739594779116504
heavy_tailed,202,2903,gaussian_diag,boundary,0.05,2,-0.2554158088343927,1.811902912222299e-05,-0.2,-0.0554158088343927
heavy_tailed,202,2903,gaussian_diag,extrapolated,0.2,0,0.0648452013400202,0.0005757281287504,1.026929748370581,-0.9620845470305608
heavy_tailed,202,2903,gaussian_diag,extrapolated,0.2,1,-0.0068077339813982,0.0002433821700821,0.5,-0.5068077339813982
heavy_tailed,202,2903,gaussian_diag,extrapolated,0.2,2,-0.2898810317665488,0.0005874662643128,-0.2,-0.0898810317665488
heavy_tailed,202,2903,gaussian_diag,extrapolated,0.1,0,0.0631920034877449,0.0005778290532075,1.026929748370581,-0.963737744882836
heavy_tailed,202,2903,gaussian_diag,extrapolated,0.1,1,-0.0075165819967247,0.0002444208329025,0.5,-0.5075165819967247
heavy_tailed,202,2903,gaussian_diag,extrapolated,0.1,2,-0.2903183587516937,0.0005881925620534,-0.2,-0.0903183587516937
heavy_tailed,202,2903,gaussian_diag,extrapolated,0.05,0,0.062781571017767,0.0005783454414115,1.026929748370581,-0.964148177352814
heavy_tailed,202,2903,gaussian_diag,extrapolated,0.05,1,-0.0076970513256813,0.0002446794840886,0.5,-0.5076970513256813
heavy_tailed,202,2903,gaussian_diag,extrapolated,0.05,2,-0.2904272329552042,0.0005883671561457,-0.2,-0.0904272329552041
nonlinear_heteroskedastic,101,2903,mdn4,central,0.2,0,1.6201631501407654,0.0021307488873631,1.6,0.0201631501407653
nonlinear_heteroskedastic,101,2903,mdn4,central,0.2,1,0.551398877846566,0.0020695744361265,0.5,0.051398877846566
nonlinear_heteroskedastic,101,2903,mdn4,central,0.2,2,-0.2304804084401127,0.0018342880236444,-0.2,-0.0304804084401127
nonlinear_heteroskedastic,101,2903,mdn4,central,0.1,0,1.6517273051222894,0.0041560759913321,1.6,0.0517273051222892
nonlinear_heteroskedastic,101,2903,mdn4,central,0.1,1,0.5614318243780673,0.0026682739697277,0.5,0.0614318243780672
nonlinear_heteroskedastic,101,2903,mdn4,central,0.1,2,-0.2287554266384832,0.0014147901333089,-0.2,-0.0287554266384832
nonlinear_heteroskedastic,101,2903,mdn4,central,0.05,0,1.6488031009132835,0.0007294514564584,1.6,0.0488031009132836
nonlinear_heteroskedastic,101,2903,mdn4,central,0.05,1,0.5613915369988821,0.001751704054007,0.5,0.0613915369988821
nonlinear_heteroskedastic,101,2903,mdn4,central,0.05,2,-0.2306147412405243,0.001564880045672,-0.2,-0.0306147412405243
nonlinear_heteroskedastic,101,2903,mdn4,boundary,0.2,0,0.6443678569639498,0.0035801912988234,0.6182383242455304,0.0261295327184194
nonlinear_heteroskedastic,101,2903,mdn4,boundary,0.2,1,0.4001334086904672,0.0004523775612223,0.5,-0.0998665913095327
nonlinear_heteroskedastic,101,2903,mdn4,boundary,0.2,2,-0.2526811607335386,0.0010791559015795,-0.2,-0.0526811607335385
nonlinear_heteroskedastic,101,2903,mdn4,boundary,0.1,0,0.6412762653746612,0.0013635970642686,0.6182383242455304,0.0230379411291308
nonlinear_heteroskedastic,101,2903,mdn4,boundary,0.1,1,0.4191063556068408,0.0004499953210214,0.5,-0.0808936443931591
nonlinear_heteroskedastic,101,2903,mdn4,boundary,0.1,2,-0.2585866045346086,0.0011491180369471,-0.2,-0.0585866045346085
nonlinear_heteroskedastic,101,2903,mdn4,boundary,0.05,0,0.6355564653718789,0.0012384371282342,0.6182383242455304,0.0173181411263485
nonlinear_heteroskedastic,101,2903,mdn4,boundary,0.05,1,0.4236457525909441,0.0034283573357025,0.5,-0.0763542474090558
nonlinear_heteroskedastic,101,2903,mdn4,boundary,0.05,2,-0.2636904967615815,0.0017021465129095,-0.2,-0.0636904967615815
nonlinear_heteroskedastic,101,2903,mdn4,extrapolated,0.2,0,-0.1383721977548298,0.0007281326940401,1.026929748370581,-1.1653019461254108
nonlinear_heteroskedastic,101,2903,mdn4,extrapolated,0.2,1,-0.1895039075053299,0.0016906251534665,0.5,-0.68950390750533
nonlinear_heteroskedastic,101,2903,mdn4,extrapolated,0.2,2,-0.0603201528848556,0.0008461448726784,-0.2,0.1396798471151444
nonlinear_heteroskedastic,101,2903,mdn4,extrapolated,0.1,0,-0.1406995153555064,0.0017129362221494,1.026929748370581,-1.1676292637260874
nonlinear_heteroskedastic,101,2903,mdn4,extrapolated,0.1,1,-0.1882127461850701,0.000672695765862,0.5,-0.6882127461850701
nonlinear_heteroskedastic,101,2903,mdn4,extrapolated,0.1,2,-0.0599682054964493,0.0012935520122666,-0.2,0.1400317945035506
nonlinear_heteroskedastic,101,2903,mdn4,extrapolated,0.05,0,-0.145084880571212,0.0033108885558049,1.026929748370581,-1.172014628941793
nonlinear_heteroskedastic,101,2903,mdn4,extrapolated,0.05,1,-0.1957084338733946,0.0029799351627976,0.5,-0.6957084338733946
nonlinear_heteroskedastic,101,2903,mdn4,extrapolated,0.05,2,-0.0593824329468748,0.0005276315205367,-0.2,0.1406175670531251
bimodal,101,2903,mdn4,central,0.2,0,2.248308453152934,0.0247143701921302,2.25,-0.0016915468470659
bimodal,101,2903,mdn4,central,0.2,1,1.1042858026659188,0.0196909572301301,1.05,0.0542858026659187
bimodal,101,2903,mdn4,central,0.2,2,-0.5037783073531038,0.0046415438939963,-0.35,-0.1537783073531038
bimodal,101,2903,mdn4,central,0.1,0,2.2601918283418283,0.0306356704135928,2.25,0.0101918283418283
bimodal,101,2903,mdn4,central,0.1,1,1.1088434350011378,0.0213807319999355,1.05,0.0588434350011377
bimodal,101,2903,mdn4,central,0.1,2,-0.5168318441598904,0.0053420931685992,-0.35,-0.1668318441598903
bimodal,101,2903,mdn4,central,0.05,0,2.215102403768331,0.0303559474593935,2.25,-0.0348975962316688
bimodal,101,2903,mdn4,central,0.05,1,1.0710678097950983,0.0236447377268849,1.05,0.0210678097950984
bimodal,101,2903,mdn4,central,0.05,2,-0.5123906118004415,0.0084681922930964,-0.35,-0.1623906118004415
bimodal,101,2903,mdn4,boundary,0.2,0,0.7623674155748507,0.0109093943451749,0.9347346089919524,-0.1723671934171016
bimodal,101,2903,mdn4,boundary,0.2,1,0.6378862290391507,0.0091660001347397,0.7678045486315878,-0.129918319592437
bimodal,101,2903,mdn4,boundary,0.2,2,-0.2402713969681669,0.0031274655886713,-0.2730376041722512,0.0327662072040842
bimodal,101,2903,mdn4,boundary,0.1,0,0.7665308627924423,0.0101868850700197,0.9347346089919524,-0.1682037461995099
bimodal,101,2903,mdn4,boundary,0.1,1,0.656979790728354,0.0100872449721749,0.7678045486315878,-0.1108247579032337
bimodal,101,2903,mdn4,boundary,0.1,2,-0.2393729599859735,0.0040880864591843,-0.2730376041722512,0.0336646441862776
bimodal,101,2903,mdn4,boundary,0.05,0,0.7683323668706462,0.0203218000697108,0.9347346089919524,-0.166402242121306
bimodal,101,2903,mdn4,boundary,0.05,1,0.6592461581366216,0.0183958780756915,0.7678045486315878,-0.1085583904949661
bimodal,101,2903,mdn4,boundary,0.05,2,-0.2375650159150085,0.0055796708228879,-0.2730376041722512,0.0354725882572426
bimodal,101,2903,mdn4,extrapolated,0.2,0,-0.2817559887133643,0.0035593262447104,1.0442146957146352,-1.3259706844279997
bimodal,101,2903,mdn4,extrapolated,0.2,1,-0.2793938109940159,0.0036141214659627,0.5146257246757381,-0.794019535669754
bimodal,101,2903,mdn4,extrapolated,0.2,2,-0.0926838312166659,0.0010889071427795,-0.203988834002474,0.111305002785808
bimodal,101,2903,mdn4,extrapolated,0.1,0,-0.2863919035130062,0.0113862418639344,1.0442146957146352,-1.3306065992276417
bimodal,101,2903,mdn4,extrapolated,0.1,1,-0.2847683110356271,0.0028896704443941,0.5146257246757381,-0.7993940357113651
bimodal,101,2903,mdn4,extrapolated,0.1,2,-0.0910788700276473,0.0005667453296015,-0.203988834002474,0.1129099639748267
bimodal,101,2903,mdn4,extrapolated,0.05,0,-0.3056974670087942,0.004590905980182,1.0442146957146352,-1.3499121627234294
bimodal,101,2903,mdn4,extrapolated,0.05,1,-0.291008363568452,0.0073872866814441,0.5146257246757381,-0.8056340882441901
bimodal,101,2903,mdn4,extrapolated,0.05,2,-0.091619289482571,0.0002696896739847,-0.203988834002474,0.1123695445199029
bimodal,303,1701,gaussian_rank2,central,0.2,0,2.27301107607986,0.0032345940450137,2.25,0.02301107607986
bimodal,303,1701,gaussian_rank2,central,0.2,1,1.1255476454040692,0.0049417833416915,1.05,0.0755476454040691
bimodal,303,1701,gaussian_rank2,central,0.2,2,-0.4474921021602582,0.0006932315318597,-0.35,-0.0974921021602582
bimodal,303,1701,gaussian_rank2,central,0.1,0,2.2935396184291013,0.0032080199371267,2.25,0.0435396184291012
bimodal,303,1701,gaussian_rank2,central,0.1,1,1.1314662484873828,0.0049955620119693,1.05,0.0814662484873827
bimodal,303,1701,gaussian_rank2,central,0.1,2,-0.45343344746561,0.0007089809305818,-0.35,-0.10343344746561
bimodal,303,1701,gaussian_rank2,central,0.05,0,2.2987319674159714,0.0032014404987301,2.25,0.0487319674159714
bimodal,303,1701,gaussian_rank2,central,0.05,1,1.132950367942807,0.0050092036986462,1.05,0.0829503679428069
bimodal,303,1701,gaussian_rank2,central,0.05,2,-0.4549372877751617,0.0007130409543882,-0.35,-0.1049372877751617
bimodal,303,1701,gaussian_rank2,boundary,0.2,0,1.2169607087552663,0.003468606125216,0.9347346089919524,0.2822260997633142
bimodal,303,1701,gaussian_rank2,boundary,0.2,1,0.8148761568207746,0.0019734085267241,0.7678045486315878,0.0470716081891868
bimodal,303,1701,gaussian_rank2,boundary,0.2,2,-0.1644559654432146,0.0008916244687291,-0.2730376041722512,0.1085816387290365
bimodal,303,1701,gaussian_rank2,boundary,0.1,0,1.213491569316716,0.0035016414419458,0.9347346089919524,0.2787569603247638
bimodal,303,1701,gaussian_rank2,boundary,0.1,1,0.8168044188062474,0.0019779399903692,0.7678045486315878,0.0489998701746596
bimodal,303,1701,gaussian_rank2,boundary,0.1,2,-0.1639546329807301,0.0008971368023907,-0.2730376041722512,0.109082971191521
bimodal,303,1701,gaussian_rank2,boundary,0.05,0,1.21259786164642,0.0035099616759971,0.9347346089919524,0.2778632526544676
bimodal,303,1701,gaussian_rank2,boundary,0.05,1,0.8172831875977552,0.0019790094173712,0.7678045486315878,0.0494786389661674
bimodal,303,1701,gaussian_rank2,boundary,0.05,2,-0.1638240202890933,0.0008985139671753,-0.2730376041722512,0.1092135838831578
bimodal,303,1701,gaussian_rank2,extrapolated,0.2,0,-0.0422260834993644,0.0050158618807233,1.0442146957146352,-1.0864407792139996
bimodal,303,1701,gaussian_rank2,extrapolated,0.2,1,-0.0616990735626364,0.0001022359661487,0.5146257246757381,-0.5763247982383745
bimodal,303,1701,gaussian_rank2,extrapolated,0.2,2,0.1596495188164868,0.0018079033146168,-0.203988834002474,0.3636383528189608
bimodal,303,1701,gaussian_rank2,extrapolated,0.1,0,-0.0439409774842025,0.0050147327795368,1.0442146957146352,-1.0881556731988378
bimodal,303,1701,gaussian_rank2,extrapolated,0.1,1,-0.0633346282850048,0.0001019390125327,0.5146257246757381,-0.5779603529607429
bimodal,303,1701,gaussian_rank2,extrapolated,0.1,2,0.1600471830033794,0.0018062272199094,-0.203988834002474,0.3640360170058534
bimodal,303,1701,gaussian_rank2,extrapolated,0.05,0,-0.0443672192856888,0.0050144454506534,1.0442146957146352,-1.088581915000324
bimodal,303,1701,gaussian_rank2,extrapolated,0.05,1,-0.0637420546337537,0.0001018555708151,0.5146257246757381,-0.5783677793094919
bimodal,303,1701,gaussian_rank2,extrapolated,0.05,2,0.1601429173503758,0.0018058008307851,-0.203988834002474,0.3641317513528498
heavy_tailed,101,2903,transformer_mdn4,central,0.2,0,1.3802222440544856,0.006434643415331,1.6,-0.2197777559455145
heavy_tailed,101,2903,transformer_mdn4,central,0.2,1,0.3456904334459033,0.0062122577661317,0.5,-0.1543095665540967
heavy_tailed,101,2903,transformer_mdn4,central,0.2,2,-0.2661604495942062,0.0033595799770613,-0.2,-0.0661604495942062
heavy_tailed,101,2903,transformer_mdn4,central,0.1,0,1.3762572813696394,0.0094143016897642,1.6,-0.2237427186303606
heavy_tailed,101,2903,transformer_mdn4,central,0.1,1,0.3176049366914674,0.0058632394387369,0.5,-0.1823950633085325
heavy_tailed,101,2903,transformer_mdn4,central,0.1,2,-0.2729122629081051,0.0019070300138498,-0.2,-0.0729122629081051
heavy_tailed,101,2903,transformer_mdn4,central,0.05,0,1.369456198933612,0.0177607878145174,1.6,-0.230543801066388
heavy_tailed,101,2903,transformer_mdn4,central,0.05,1,0.3079971609531645,0.0097558428503944,0.5,-0.1920028390468355
heavy_tailed,101,2903,transformer_mdn4,central,0.05,2,-0.2734714968662281,0.001578712375533,-0.2,-0.0734714968662281
heavy_tailed,101,2903,transformer_mdn4,boundary,0.2,0,0.7103569623752418,0.0018494466378405,0.6182383242455304,0.0921186381297114
heavy_tailed,101,2903,transformer_mdn4,boundary,0.2,1,0.400715006409004,0.0009196878410986,0.5,-0.099284993590996
heavy_tailed,101,2903,transformer_mdn4,boundary,0.2,2,-0.1029533627973883,0.0008482244268714,-0.2,0.0970466372026116
heavy_tailed,101,2903,transformer_mdn4,boundary,0.1,0,0.7012994870072005,0.0052668899657546,0.6182383242455304,0.08306116276167
heavy_tailed,101,2903,transformer_mdn4,boundary,0.1,1,0.4003667081221067,0.0016529489091798,0.5,-0.0996332918778932
heavy_tailed,101,2903,transformer_mdn4,boundary,0.1,2,-0.0991813184390706,0.0021354509422131,-0.2,0.1008186815609293
heavy_tailed,101,2903,transformer_mdn4,boundary,0.05,0,0.6941074276165179,0.0061820451292783,0.6182383242455304,0.0758691033709875
heavy_tailed,101,2903,transformer_mdn4,boundary,0.05,1,0.4047336211141615,0.0120563826139139,0.5,-0.0952663788858385
heavy_tailed,101,2903,transformer_mdn4,boundary,0.05,2,-0.0946087670303997,0.0051130252244178,-0.2,0.1053912329696002
heavy_tailed,101,2903,transformer_mdn4,extrapolated,0.2,0,-0.0060315832801875,0.0009803372449818,1.026929748370581,-1.0329613316507686
heavy_tailed,101,2903,transformer_mdn4,extrapolated,0.2,1,-0.0035126489315956,0.0008717821120448,0.5,-0.5035126489315956
heavy_tailed,101,2903,transformer_mdn4,extrapolated,0.2,2,-0.0223903499424549,0.0021600556541036,-0.2,0.1776096500575451
heavy_tailed,101,2903,transformer_mdn4,extrapolated,0.1,0,-0.0056493065220693,0.0010624794912611,1.026929748370581,-1.0325790548926503
heavy_tailed,101,2903,transformer_mdn4,extrapolated,0.1,1,-0.0028238649311314,0.0007878994129472,0.5,-0.5028238649311315
heavy_tailed,101,2903,transformer_mdn4,extrapolated,0.1,2,-0.0204677039674008,0.0037283913642528,-0.2,0.1795322960325991
heavy_tailed,101,2903,transformer_mdn4,extrapolated,0.05,0,-0.0055487617148789,0.0030965913050623,1.026929748370581,-1.03247851008546
heavy_tailed,101,2903,transformer_mdn4,extrapolated,0.05,1,-0.0030569516056333,0.0011323580908397,0.5,-0.5030569516056334
heavy_tailed,101,2903,transformer_mdn4,extrapolated,0.05,2,-0.0206465358094959,0.0035236042003624,-0.2,0.179353464190504
bimodal,303,0,ridge,central,0.2,0,1.8880241010344971,2.7194799110210365e-16,2.25,-0.3619758989655028
bimodal,303,0,ridge,central,0.2,1,0.9545974767411244,1.868783819980842e-16,1.05,-0.0954025232588756
bimodal,303,0,ridge,central,0.2,2,-0.3424752578765879,3.5181401018050203e-16,-0.35,0.007524742123412
bimodal,303,0,ridge,central,0.1,0,1.8880241010344967,4.6222270443732795e-16,2.25,-0.3619758989655033
bimodal,303,0,ridge,central,0.1,1,0.954597476741124,4.1787276567288925e-16,1.05,-0.0954025232588761
bimodal,303,0,ridge,central,0.1,2,-0.3424752578765876,7.516245408138224e-17,-0.35,0.0075247421234123
bimodal,303,0,ridge,central,0.05,0,1.8880241010344967,7.797950250597032e-16,2.25,-0.3619758989655033
bimodal,303,0,ridge,central,0.05,1,0.9545974767411244,4.275920361596572e-16,1.05,-0.0954025232588755
bimodal,303,0,ridge,central,0.05,2,-0.3424752578765884,2.101618266747808e-16,-0.35,0.0075247421234115
bimodal,303,0,ridge,boundary,0.2,0,1.888024101034498,1.9293619143415393e-15,0.9347346089919524,0.9532894920425458
bimodal,303,0,ridge,boundary,0.2,1,0.9545974767411228,2.509693465370625e-15,0.7678045486315878,0.186792928109535
bimodal,303,0,ridge,boundary,0.2,2,-0.3424752578765877,9.08756711201214e-16,-0.2730376041722512,-0.0694376537043365
bimodal,303,0,ridge,boundary,0.1,0,1.8880241010345,1.0846903571677748e-14,0.9347346089919524,0.953289492042548
bimodal,303,0,ridge,boundary,0.1,1,0.9545974767411178,9.794742992871714e-16,0.7678045486315878,0.18679292810953
bimodal,303,0,ridge,boundary,0.1,2,-0.3424752578765884,2.0914521485542744e-15,-0.2730376041722512,-0.0694376537043371
bimodal,303,0,ridge,boundary,0.05,0,1.888024101034514,7.511871046988926e-15,0.9347346089919524,0.9532894920425616
bimodal,303,0,ridge,boundary,0.05,1,0.9545974767411254,9.805224261780596e-16,0.7678045486315878,0.1867929281095376
bimodal,303,0,ridge,boundary,0.05,2,-0.3424752578765882,5.633903285241695e-15,-0.2730376041722512,-0.069437653704337
bimodal,303,0,ridge,extrapolated,0.2,0,1.8880241010344976,1.0175362097255204e-14,1.0442146957146352,0.8438094053198626
bimodal,303,0,ridge,extrapolated,0.2,1,0.9545974767411224,5.0068883868907315e-15,0.5146257246757381,0.4399717520653843
bimodal,303,0,ridge,extrapolated,0.2,2,-0.3424752578765888,1.5286579078361013e-15,-0.203988834002474,-0.1384864238741148
bimodal,303,0,ridge,extrapolated,0.1,0,1.888024101034495,8.242113088344736e-15,1.0442146957146352,0.8438094053198597
bimodal,303,0,ridge,extrapolated,0.1,1,0.954597476741142,1.5186603818419156e-14,0.5146257246757381,0.439971752065404
bimodal,303,0,ridge,extrapolated,0.1,2,-0.342475257876585,3.885978835242344e-15,-0.203988834002474,-0.1384864238741109
bimodal,303,0,ridge,extrapolated,0.05,0,1.8880241010345424,5.050396281693749e-14,1.0442146957146352,0.843809405319907
bimodal,303,0,ridge,extrapolated,0.05,1,0.9545974767411368,4.440892098500627e-15,0.5146257246757381,0.4399717520653988
bimodal,303,0,ridge,extrapolated,0.05,2,-0.3424752578765788,4.002966042486721e-15,-0.203988834002474,-0.1384864238741048
linear_gaussian,101,1701,transformer_mdn4,central,0.2,0,0.7291130839705914,0.0028203953514208,0.8,-0.0708869160294086
linear_gaussian,101,1701,transformer_mdn4,central,0.2,1,0.507029493979992,0.004186015733426,0.5,0.0070294939799919
linear_gaussian,101,1701,transformer_mdn4,central,0.2,2,-0.2274832770496015,0.0029966330057663,-0.2,-0.0274832770496015
linear_gaussian,101,1701,transformer_mdn4,central,0.1,0,0.7205483041153133,0.0024569473899531,0.8,-0.0794516958846867
linear_gaussian,101,1701,transformer_mdn4,central,0.1,1,0.5018876255579059,0.0034957140588629,0.5,0.0018876255579058
linear_gaussian,101,1701,transformer_mdn4,central,0.1,2,-0.2271270336856858,0.002774277001341,-0.2,-0.0271270336856858
linear_gaussian,101,1701,transformer_mdn4,central,0.05,0,0.7257153529435797,0.0006609451730123,0.8,-0.0742846470564203
linear_gaussian,101,1701,transformer_mdn4,central,0.05,1,0.5095418289751452,0.0031167818756765,0.5,0.0095418289751452
linear_gaussian,101,1701,transformer_mdn4,central,0.05,2,-0.2311903309904465,0.0008559344323848,-0.2,-0.0311903309904464
linear_gaussian,101,1701,transformer_mdn4,boundary,0.2,0,0.6490320049590753,0.0002680738263577,0.8,-0.1509679950409247
linear_gaussian,101,1701,transformer_mdn4,boundary,0.2,1,0.399201751361481,0.0009732721223078,0.5,-0.100798248638519
linear_gaussian,101,1701,transformer_mdn4,boundary,0.2,2,-0.1794529036879719,0.001050580730059,-0.2,0.020547096312028
linear_gaussian,101,1701,transformer_mdn4,boundary,0.1,0,0.6504855107663274,0.0011725705022133,0.8,-0.1495144892336726
linear_gaussian,101,1701,transformer_mdn4,boundary,0.1,1,0.4071557592064882,0.003192377380062,0.5,-0.0928442407935117
linear_gaussian,101,1701,transformer_mdn4,boundary,0.1,2,-0.1800106169085548,0.0014760388925724,-0.2,0.0199893830914451
linear_gaussian,101,1701,transformer_mdn4,boundary,0.05,0,0.6561460309336242,0.0031549820472806,0.8,-0.1438539690663758
linear_gaussian,101,1701,transformer_mdn4,boundary,0.05,1,0.4154205462785907,0.0055047811970519,0.5,-0.0845794537214092
linear_gaussian,101,1701,transformer_mdn4,boundary,0.05,2,-0.1833793336185533,0.0032007987302901,-0.2,0.0166206663814466
linear_gaussian,101,1701,transformer_mdn4,extrapolated,0.2,0,0.0734353620713138,0.0029681802907269,0.8,-0.7265646379286862
linear_gaussian,101,1701,transformer_mdn4,extrapolated,0.2,1,0.0472543393831971,0.0024616688533635,0.5,-0.4527456606168028
linear_gaussian,101,1701,transformer_mdn4,extrapolated,0.2,2,0.002440546045757,0.0025106944861846,-0.2,0.202440546045757
linear_gaussian,101,1701,transformer_mdn4,extrapolated,0.1,0,0.0727603294138172,0.0026446769331567,0.8,-0.7272396705861829
linear_gaussian,101,1701,transformer_mdn4,extrapolated,0.1,1,0.0489320925608436,0.0038964983658574,0.5,-0.4510679074391563
linear_gaussian,101,1701,transformer_mdn4,extrapolated,0.1,2,0.0017978664118791,0.0011892233081326,-0.2,0.2017978664118791
linear_gaussian,101,1701,transformer_mdn4,extrapolated,0.05,0,0.0739105012285357,0.0034062795374508,0.8,-0.7260894987714643
linear_gaussian,101,1701,transformer_mdn4,extrapolated,0.05,1,0.0473534271893098,0.0031806954583482,0.5,-0.4526465728106901
linear_gaussian,101,1701,transformer_mdn4,extrapolated,0.05,2,-0.0003128643485864,0.0014715247626054,-0.2,0.1996871356514135
linear_gaussian,202,2903,mdn4,central,0.2,0,0.7966938776844628,0.0063778515224088,0.8,-0.0033061223155372
linear_gaussian,202,2903,mdn4,central,0.2,1,0.5059736064140977,0.0062410155936836,0.5,0.0059736064140977
linear_gaussian,202,2903,mdn4,central,0.2,2,-0.1787049126227635,0.0023625456608664,-0.2,0.0212950873772364
linear_gaussian,202,2903,mdn4,central,0.1,0,0.8023955065092667,0.0061025371829522,0.8,0.0023955065092666
linear_gaussian,202,2903,mdn4,central,0.1,1,0.5035123516124759,0.0050258035065694,0.5,0.0035123516124758
linear_gaussian,202,2903,mdn4,central,0.1,2,-0.182571682244795,0.0136340083788826,-0.2,0.0174283177552049
linear_gaussian,202,2903,mdn4,central,0.05,0,0.791036164022031,0.0113023134277846,0.8,-0.008963835977969
linear_gaussian,202,2903,mdn4,central,0.05,1,0.4937331529143883,0.0070273441333523,0.5,-0.0062668470856117
linear_gaussian,202,2903,mdn4,central,0.05,2,-0.1929020362056754,0.0149089426383939,-0.2,0.0070979637943246
linear_gaussian,202,2903,mdn4,boundary,0.2,0,0.6538319035368311,0.0011779228931259,0.8,-0.1461680964631689
linear_gaussian,202,2903,mdn4,boundary,0.2,1,0.2816848918217206,0.000382477444169,0.5,-0.2183151081782794
linear_gaussian,202,2903,mdn4,boundary,0.2,2,-0.1331958866975376,0.0017281849744207,-0.2,0.0668041133024624
linear_gaussian,202,2903,mdn4,boundary,0.1,0,0.6508895044177643,0.001409587338548,0.8,-0.1491104955822357
linear_gaussian,202,2903,mdn4,boundary,0.1,1,0.2706441929457184,0.0038631232684132,0.5,-0.2293558070542815
linear_gaussian,202,2903,mdn4,boundary,0.1,2,-0.1306457563397005,0.0007252441015306,-0.2,0.0693542436602994
linear_gaussian,202,2903,mdn4,boundary,0.05,0,0.6549259659274717,0.0014938246677288,0.8,-0.1450740340725284
linear_gaussian,202,2903,mdn4,boundary,0.05,1,0.2701779423095045,0.0057776839303123,0.5,-0.2298220576904955
linear_gaussian,202,2903,mdn4,boundary,0.05,2,-0.1346008010866679,0.0038615116603521,-0.2,0.0653991989133321
linear_gaussian,202,2903,mdn4,extrapolated,0.2,0,0.0708130342437855,0.0009812700095592,0.8,-0.7291869657562146
linear_gaussian,202,2903,mdn4,extrapolated,0.2,1,-0.1070553430991138,0.0019613858228674,0.5,-0.6070553430991139
linear_gaussian,202,2903,mdn4,extrapolated,0.2,2,0.0459127751573246,0.0001113574071049,-0.2,0.2459127751573246
linear_gaussian,202,2903,mdn4,extrapolated,0.1,0,0.0703873701803348,0.0020467594890357,0.8,-0.7296126298196652
linear_gaussian,202,2903,mdn4,extrapolated,0.1,1,-0.1076615630595699,0.0017361966838836,0.5,-0.60766156305957
linear_gaussian,202,2903,mdn4,extrapolated,0.1,2,0.0484689785552481,0.0035562679626613,-0.2,0.2484689785552481
linear_gaussian,202,2903,mdn4,extrapolated,0.05,0,0.0666405401562338,0.0038847548195609,0.8,-0.7333594598437662
linear_gaussian,202,2903,mdn4,extrapolated,0.05,1,-0.1056269515538773,0.0021759201347575,0.5,-0.6056269515538774
linear_gaussian,202,2903,mdn4,extrapolated,0.05,2,0.0476028020275649,0.0017907261342818,-0.2,0.2476028020275649
nonlinear_heteroskedastic,303,0,ridge,central,0.2,0,1.3069818542077734,6.080941944488119e-16,1.6,-0.2930181457922267
nonlinear_heteroskedastic,303,0,ridge,central,0.2,1,0.4713440193763846,1.4510973109558775e-16,0.5,-0.0286559806236153
nonlinear_heteroskedastic,303,0,ridge,central,0.2,2,-0.2106799917682811,9.681352727116467e-17,-0.2,-0.0106799917682811
nonlinear_heteroskedastic,303,0,ridge,central,0.1,0,1.306981854207774,2.220446049250313e-16,1.6,-0.293018145792226
nonlinear_heteroskedastic,303,0,ridge,central,0.1,1,0.4713440193763853,1.2204039592116467e-16,0.5,-0.0286559806236146
nonlinear_heteroskedastic,303,0,ridge,central,0.1,2,-0.2106799917682811,5.551115123125783e-17,-0.2,-0.010679991768281
nonlinear_heteroskedastic,303,0,ridge,central,0.05,0,1.3069818542077736,5.20740757162067e-16,1.6,-0.2930181457922265
nonlinear_heteroskedastic,303,0,ridge,central,0.05,1,0.4713440193763848,9.34391909990421e-17,0.5,-0.0286559806236151
nonlinear_heteroskedastic,303,0,ridge,central,0.05,2,-0.2106799917682809,6.985000018454545e-17,-0.2,-0.0106799917682809
nonlinear_heteroskedastic,303,0,ridge,boundary,0.2,0,1.3069818542077736,3.902135175898541e-15,0.6182383242455304,0.6887435299622432
nonlinear_heteroskedastic,303,0,ridge,boundary,0.2,1,0.4713440193763871,7.212890375181127e-16,0.5,-0.0286559806236129
nonlinear_heteroskedastic,303,0,ridge,boundary,0.2,2,-0.2106799917682814,6.015131244499564e-16,-0.2,-0.0106799917682814
nonlinear_heteroskedastic,303,0,ridge,boundary,0.1,0,1.3069818542077754,4.121305784037374e-15,0.6182383242455304,0.688743529962245
nonlinear_heteroskedastic,303,0,ridge,boundary,0.1,1,0.4713440193763865,2.4980018054066026e-15,0.5,-0.0286559806236134
nonlinear_heteroskedastic,303,0,ridge,boundary,0.1,2,-0.2106799917682814,7.40177594576704e-16,-0.2,-0.0106799917682814
nonlinear_heteroskedastic,303,0,ridge,boundary,0.05,0,1.3069818542077782,7.137735410865528e-15,0.6182383242455304,0.6887435299622479
nonlinear_heteroskedastic,303,0,ridge,boundary,0.05,1,0.4713440193763783,1.4452457307851737e-15,0.5,-0.0286559806236216
nonlinear_heteroskedastic,303,0,ridge,boundary,0.05,2,-0.2106799917682791,2.912506522291198e-15,-0.2,-0.010679991768279
nonlinear_heteroskedastic,303,0,ridge,extrapolated,0.2,0,1.3069818542077831,2.961057289126251e-15,1.026929748370581,0.2800521058372021
nonlinear_heteroskedastic,303,0,ridge,extrapolated,0.2,1,0.4713440193763855,3.850396333006992e-15,0.5,-0.0286559806236144
nonlinear_heteroskedastic,303,0,ridge,extrapolated,0.2,2,-0.2106799917682825,8.065848592764486e-16,-0.2,-0.0106799917682825
nonlinear_heteroskedastic,303,0,ridge,extrapolated,0.1,0,1.3069818542077722,1.5294505886144807e-14,1.026929748370581,0.2800521058371912
nonlinear_heteroskedastic,303,0,ridge,extrapolated,0.1,1,0.4713440193763929,4.4869129348949825e-15,0.5,-0.028655980623607
nonlinear_heteroskedastic,303,0,ridge,extrapolated,0.1,2,-0.21067999176828,1.110223024625157e-15,-0.2,-0.0106799917682799
nonlinear_heteroskedastic,303,0,ridge,extrapolated,0.05,0,1.3069818542077478,4.3837832467292926e-14,1.026929748370581,0.2800521058371668
nonlinear_heteroskedastic,303,0,ridge,extrapolated,0.05,1,0.4713440193763414,1.218439210612424e-14,0.5,-0.0286559806236585
nonlinear_heteroskedastic,303,0,ridge,extrapolated,0.05,2,-0.2106799917682822,1.2819751242557094e-15,-0.2,-0.0106799917682822
bimodal,101,2903,student_rank2,central,0.2,0,2.3040466380430757,0.0020778479714659,2.25,0.0540466380430757
bimodal,101,2903,student_rank2,central,0.2,1,1.1162749611419434,0.0032160473328101,1.05,0.0662749611419433
bimodal,101,2903,student_rank2,central,0.2,2,-0.442581269752395,0.0012038578280656,-0.35,-0.092581269752395
bimodal,101,2903,student_rank2,central,0.1,0,2.3251919078562846,0.002090523533387,2.25,0.0751919078562846
bimodal,101,2903,student_rank2,central,0.1,1,1.1212799092208738,0.0033039029865567,1.05,0.0712799092208738
bimodal,101,2903,student_rank2,central,0.1,2,-0.4471228820737589,0.0012446634386202,-0.35,-0.0971228820737589
bimodal,101,2903,student_rank2,central,0.05,0,2.3305476289049083,0.0020931086679049,2.25,0.0805476289049083
bimodal,101,2903,student_rank2,central,0.05,1,1.1225459800183106,0.0033262702597058,1.05,0.0725459800183105
bimodal,101,2903,student_rank2,central,0.05,2,-0.4482698281166062,0.0012550417306235,-0.35,-0.0982698281166062
bimodal,101,2903,student_rank2,boundary,0.2,0,0.9291517696481164,0.0029701746539427,0.9347346089919524,-0.0055828393438358
bimodal,101,2903,student_rank2,boundary,0.2,1,0.6266247277981202,0.0015190072627225,0.7678045486315878,-0.1411798208334675
bimodal,101,2903,student_rank2,boundary,0.2,2,-0.1211167014138624,0.0012596858676721,-0.2730376041722512,0.1519209027583887
bimodal,101,2903,student_rank2,boundary,0.1,0,0.9206452580501382,0.002983960164278,0.9347346089919524,-0.014089350941814
bimodal,101,2903,student_rank2,boundary,0.1,1,0.6257784619618995,0.0015238137066394,0.7678045486315878,-0.1420260866696883
bimodal,101,2903,student_rank2,boundary,0.1,2,-0.1185117051008266,0.0012839672206381,-0.2730376041722512,0.1545258990714245
bimodal,101,2903,student_rank2,boundary,0.05,0,0.9184396433148108,0.0029868982658473,0.9347346089919524,-0.0162949656771413
bimodal,101,2903,student_rank2,boundary,0.05,1,0.6255514663634476,0.0015247727008238,0.7678045486315878,-0.1422530822681401
bimodal,101,2903,student_rank2,boundary,0.05,2,-0.1178394284893667,0.0012901340700226,-0.2730376041722512,0.1551981756828844
bimodal,101,2903,student_rank2,extrapolated,0.2,0,-0.2572013593612469,0.0003297992750844,1.0442146957146352,-1.3014160550758822
bimodal,101,2903,student_rank2,extrapolated,0.2,1,0.0013675985229742,0.0008356065162427,0.5146257246757381,-0.5132581261527639
bimodal,101,2903,student_rank2,extrapolated,0.2,2,0.0705273071950972,0.0005997103297597,-0.203988834002474,0.2745161411975713
bimodal,101,2903,student_rank2,extrapolated,0.1,0,-0.2587312110841562,0.0003266166308046,1.0442146957146352,-1.3029459067987914
bimodal,101,2903,student_rank2,extrapolated,0.1,1,0.0003602948483812,0.0008354953640949,0.5146257246757381,-0.5142654298273568
bimodal,101,2903,student_rank2,extrapolated,0.1,2,0.0707033702714353,0.0005990048239739,-0.203988834002474,0.2746922042739094
bimodal,101,2903,student_rank2,extrapolated,0.05,0,-0.2591082106730417,0.0003258441966335,1.0442146957146352,-1.303322906387677
bimodal,101,2903,student_rank2,extrapolated,0.05,1,0.0001107344980015,0.000835503076579,0.5146257246757381,-0.5145149901777366
bimodal,101,2903,student_rank2,extrapolated,0.05,2,0.0707478971200755,0.0005988353696107,-0.203988834002474,0.2747367311225495
nonlinear_heteroskedastic,303,2903,gaussian_diag,central,0.2,0,1.5502645357925229,0.0035674038786144,1.6,-0.0497354642074774
nonlinear_heteroskedastic,303,2903,gaussian_diag,central,0.2,1,0.5316963986228279,0.0004285226784012,0.5,0.0316963986228279
nonlinear_heteroskedastic,303,2903,gaussian_diag,central,0.2,2,-0.2333682184601147,0.0001446329833604,-0.2,-0.0333682184601147
nonlinear_heteroskedastic,303,2903,gaussian_diag,central,0.1,0,1.566139482010111,0.0036465354449569,1.6,-0.0338605179898887
nonlinear_heteroskedastic,303,2903,gaussian_diag,central,0.1,1,0.5333492349609018,0.0004420822996797,0.5,0.0333492349609018
nonlinear_heteroskedastic,303,2903,gaussian_diag,central,0.1,2,-0.2340748102081723,0.000162577260091,-0.2,-0.0340748102081723
nonlinear_heteroskedastic,303,2903,gaussian_diag,central,0.05,0,1.5701596822204005,0.0036670281888711,1.6,-0.0298403177795998
nonlinear_heteroskedastic,303,2903,gaussian_diag,central,0.05,1,0.5337629418333085,0.0004456101527157,0.5,0.0337629418333085
nonlinear_heteroskedastic,303,2903,gaussian_diag,central,0.05,2,-0.2342486239481529,0.000167241024763,-0.2,-0.0342486239481528
nonlinear_heteroskedastic,303,2903,gaussian_diag,boundary,0.2,0,0.8333960255793297,0.0001511518316111,0.6182383242455304,0.2151577013337993
nonlinear_heteroskedastic,303,2903,gaussian_diag,boundary,0.2,1,0.4858403034910446,0.0009655077524057,0.5,-0.0141596965089553
nonlinear_heteroskedastic,303,2903,gaussian_diag,boundary,0.2,2,-0.1976733281507211,0.0003178950337904,-0.2,0.0023266718492788
nonlinear_heteroskedastic,303,2903,gaussian_diag,boundary,0.1,0,0.8317435252836377,0.0001496959315785,0.6182383242455304,0.2135052010381073
nonlinear_heteroskedastic,303,2903,gaussian_diag,boundary,0.1,1,0.4874580973426889,0.0009689343112528,0.5,-0.012541902657311
nonlinear_heteroskedastic,303,2903,gaussian_diag,boundary,0.1,2,-0.1983605163416181,0.000324397951365,-0.2,0.0016394836583818
nonlinear_heteroskedastic,303,2903,gaussian_diag,boundary,0.05,0,0.8313428889120345,0.0001493615667534,0.6182383242455304,0.213104564666504
nonlinear_heteroskedastic,303,2903,gaussian_diag,boundary,0.05,1,0.4878674517232585,0.0009698188321055,0.5,-0.0121325482767414
nonlinear_heteroskedastic,303,2903,gaussian_diag,boundary,0.05,2,-0.1985306091250384,0.0003259719501073,-0.2,0.0014693908749615
nonlinear_heteroskedastic,303,2903,gaussian_diag,extrapolated,0.2,0,0.1415286586846903,0.0001990982122209,1.026929748370581,-0.8854010896858907
nonlinear_heteroskedastic,303,2903,gaussian_diag,extrapolated,0.2,1,0.1209172984238333,0.0003289187629804,0.5,-0.3790827015761666
nonlinear_heteroskedastic,303,2903,gaussian_diag,extrapolated,0.2,2,-0.039880515523842,0.0002568010813812,-0.2,0.160119484476158
nonlinear_heteroskedastic,303,2903,gaussian_diag,extrapolated,0.1,0,0.1404238719355507,0.0001988838741333,1.026929748370581,-0.8865058764350303
nonlinear_heteroskedastic,303,2903,gaussian_diag,extrapolated,0.1,1,0.1202441406591381,0.0003278415299931,0.5,-0.3797558593408618
nonlinear_heteroskedastic,303,2903,gaussian_diag,extrapolated,0.1,2,-0.0396606378166225,0.0002578053762183,-0.2,0.1603393621833774
nonlinear_heteroskedastic,303,2903,gaussian_diag,extrapolated,0.05,0,0.1401494062823519,0.0001988278794224,1.026929748370581,-0.8867803420882291
nonlinear_heteroskedastic,303,2903,gaussian_diag,extrapolated,0.05,1,0.1200751239197028,0.0003275850672777,0.5,-0.3799248760802971
nonlinear_heteroskedastic,303,2903,gaussian_diag,extrapolated,0.05,2,-0.0396071035904501,0.0002580549329506,-0.2,0.1603928964095498
heavy_tailed,202,2903,gaussian_rank2,central,0.2,0,1.6688343152374363,0.0018037909655478,1.6,0.0688343152374364
heavy_tailed,202,2903,gaussian_rank2,central,0.2,1,0.6705527699966,0.0035254024053857,0.5,0.1705527699965999
heavy_tailed,202,2903,gaussian_rank2,central,0.2,2,-0.1631595470315187,0.0029077307383764,-0.2,0.0368404529684812
heavy_tailed,202,2903,gaussian_rank2,central,0.1,0,1.692140641348635,0.0018269968104147,1.6,0.0921406413486349
heavy_tailed,202,2903,gaussian_rank2,central,0.1,1,0.6758891054151713,0.0035990044108842,0.5,0.1758891054151713
heavy_tailed,202,2903,gaussian_rank2,central,0.1,2,-0.1639158779086161,0.0029578292993498,-0.2,0.0360841220913838
heavy_tailed,202,2903,gaussian_rank2,central,0.05,0,1.6981489594881527,0.0018331620083778,1.6,0.0981489594881526
heavy_tailed,202,2903,gaussian_rank2,central,0.05,1,0.6772170995070877,0.0036180889596856,0.5,0.1772170995070877
heavy_tailed,202,2903,gaussian_rank2,central,0.05,2,-0.1640864816999836,0.0029708958553867,-0.2,0.0359135183000164
heavy_tailed,202,2903,gaussian_rank2,boundary,0.2,0,0.8828968917194541,0.0028335188900281,0.6182383242455304,0.2646585674739237
heavy_tailed,202,2903,gaussian_rank2,boundary,0.2,1,0.3037543235358209,0.0025612513881846,0.5,-0.1962456764641791
heavy_tailed,202,2903,gaussian_rank2,boundary,0.2,2,-0.1942172749858632,0.0011414121968534,-0.2,0.0057827250141368
heavy_tailed,202,2903,gaussian_rank2,boundary,0.1,0,0.8785810027095327,0.0028396826938102,0.6182383242455304,0.2603426784640023
heavy_tailed,202,2903,gaussian_rank2,boundary,0.1,1,0.302591952941447,0.0025631151788907,0.5,-0.197408047058553
heavy_tailed,202,2903,gaussian_rank2,boundary,0.1,2,-0.194070581558165,0.0011441564716418,-0.2,0.0059294184418349
heavy_tailed,202,2903,gaussian_rank2,boundary,0.05,0,0.8774821927853919,0.0028412077169235,0.6182383242455304,0.2592438685398615
heavy_tailed,202,2903,gaussian_rank2,boundary,0.05,1,0.3022994667847149,0.002563548964597,0.5,-0.197700533215285
heavy_tailed,202,2903,gaussian_rank2,boundary,0.05,2,-0.1940365376497449,0.0011448323837971,-0.2,0.005963462350255
heavy_tailed,202,2903,gaussian_rank2,extrapolated,0.2,0,0.0790960802512119,0.0004930227848843,1.026929748370581,-0.9478336681193692
heavy_tailed,202,2903,gaussian_rank2,extrapolated,0.2,1,-0.0066956740344963,0.0008952939208229,0.5,-0.5066956740344963
heavy_tailed,202,2903,gaussian_rank2,extrapolated,0.2,2,-0.2645840345713621,0.0024581012508445,-0.2,-0.064584034571362
heavy_tailed,202,2903,gaussian_rank2,extrapolated,0.1,0,0.0780333470819287,0.0004919683607443,1.026929748370581,-0.9488964012886524
heavy_tailed,202,2903,gaussian_rank2,extrapolated,0.1,1,-0.0072015550578374,0.0008929361756066,0.5,-0.5072015550578375
heavy_tailed,202,2903,gaussian_rank2,extrapolated,0.1,2,-0.2650175605854837,0.0024579597936339,-0.2,-0.0650175605854837
heavy_tailed,202,2903,gaussian_rank2,extrapolated,0.05,0,0.077766803666303,0.0004917151826271,1.026929748370581,-0.949162944704278
heavy_tailed,202,2903,gaussian_rank2,extrapolated,0.05,1,-0.0073269405991697,0.0008923398355147,0.5,-0.5073269405991697
heavy_tailed,202,2903,gaussian_rank2,extrapolated,0.05,2,-0.2651257333443657,0.0024579175986329,-0.2,-0.0651257333443657
linear_gaussian,202,0,ridge,central,0.2,0,0.805519118944976,3.2368285245694693e-16,0.8,0.0055191189449759
linear_gaussian,202,0,ridge,central,0.2,1,0.5260752513771318,2.2662332591841974e-16,0.5,0.0260752513771318
linear_gaussian,202,0,ridge,central,0.2,2,-0.2034028525618731,1.1555567610933196e-16,-0.2,-0.0034028525618731
linear_gaussian,202,0,ridge,central,0.1,0,0.805519118944976,8.61168638489995e-16,0.8,0.0055191189449759
linear_gaussian,202,0,ridge,central,0.1,1,0.5260752513771324,1.868783819980842e-16,0.5,0.0260752513771324
linear_gaussian,202,0,ridge,central,0.1,2,-0.2034028525618731,4.9391408796373674e-17,-0.2,-0.0034028525618731
linear_gaussian,202,0,ridge,central,0.05,0,0.8055191189449764,0.0,0.8,0.0055191189449763
linear_gaussian,202,0,ridge,central,0.05,1,0.5260752513771324,2.9721370557657876e-16,0.5,0.0260752513771324
linear_gaussian,202,0,ridge,central,0.05,2,-0.2034028525618733,5.1925927263190304e-17,-0.2,-0.0034028525618733
linear_gaussian,202,0,ridge,boundary,0.2,0,0.8055191189449772,4.203236533495616e-16,0.8,0.0055191189449771
linear_gaussian,202,0,ridge,boundary,0.2,1,0.526075251377132,1.502565631225586e-15,0.5,0.0260752513771319
linear_gaussian,202,0,ridge,boundary,0.2,2,-0.2034028525618724,2.4902799884605145e-16,-0.2,-0.0034028525618724
linear_gaussian,202,0,ridge,boundary,0.1,0,0.80551911894498,3.0465458453781666e-15,0.8,0.0055191189449799
linear_gaussian,202,0,ridge,boundary,0.1,1,0.5260752513771328,2.308000310986947e-15,0.5,0.0260752513771328
linear_gaussian,202,0,ridge,boundary,0.1,2,-0.2034028525618743,5.003707553108401e-16,-0.2,-0.0034028525618743
linear_gaussian,202,0,ridge,boundary,0.05,0,0.8055191189449884,8.671119018262734e-15,0.8,0.0055191189449883
linear_gaussian,202,0,ridge,boundary,0.05,1,0.5260752513771303,7.408468691018861e-15,0.5,0.0260752513771302
linear_gaussian,202,0,ridge,boundary,0.05,2,-0.2034028525618706,5.628066081585107e-16,-0.2,-0.0034028525618706
linear_gaussian,202,0,ridge,extrapolated,0.2,0,0.8055191189449751,1.4686870114880517e-15,0.8,0.005519118944975
linear_gaussian,202,0,ridge,extrapolated,0.2,1,0.5260752513771277,1.3970000036909088e-15,0.5,0.0260752513771277
linear_gaussian,202,0,ridge,extrapolated,0.2,2,-0.2034028525618761,1.8113215777239747e-15,-0.2,-0.0034028525618761
linear_gaussian,202,0,ridge,extrapolated,0.1,0,0.8055191189449777,1.1842494577002051e-14,0.8,0.0055191189449776
linear_gaussian,202,0,ridge,extrapolated,0.1,1,0.526075251377125,2.220446049250314e-15,0.5,0.0260752513771249
linear_gaussian,202,0,ridge,extrapolated,0.1,2,-0.203402852561871,2.2453728885013523e-15,-0.2,-0.003402852561871
linear_gaussian,202,0,ridge,extrapolated,0.05,0,0.8055191189449921,9.621968464090196e-15,0.8,0.005519118944992
linear_gaussian,202,0,ridge,extrapolated,0.05,1,0.5260752513771169,1.4805286445631257e-15,0.5,0.0260752513771168
linear_gaussian,202,0,ridge,extrapolated,0.05,2,-0.203402852561888,6.933340566559919e-15,-0.2,-0.003402852561888
bimodal,101,1701,flow,central,0.2,0,2.1317902636202155,0.0072574037259282,2.25,-0.1182097363797844
bimodal,101,1701,flow,central,0.2,1,1.259819328408601,0.0055551980861359,1.05,0.2098193284086009
bimodal,101,1701,flow,central,0.2,2,-0.4217737080741765,0.0019965762069693,-0.35,-0.0717737080741765
bimodal,101,1701,flow,central,0.1,0,2.150010404042775,0.007878933678828,2.25,-0.0999895959572247
bimodal,101,1701,flow,central,0.1,1,1.2734470406239724,0.0060220910095493,1.05,0.2234470406239723
bimodal,101,1701,flow,central,0.1,2,-0.426291214294146,0.0021818982958543,-0.35,-0.076291214294146
bimodal,101,1701,flow,central,0.05,0,2.15466934716195,0.008049415810765,2.25,-0.0953306528380499
bimodal,101,1701,flow,central,0.05,1,1.2769295348399876,0.006148489194519,1.05,0.2269295348399875
bimodal,101,1701,flow,central,0.05,2,-0.4274478517371036,0.0022326911285959,-0.35,-0.0774478517371036
bimodal,101,1701,flow,boundary,0.2,0,1.3130227081574428,0.0013647673918204,0.9347346089919524,0.3782880991654905
bimodal,101,1701,flow,boundary,0.2,1,0.5948930580579471,0.0009739972190623,0.7678045486315878,-0.1729114905736406
bimodal,101,1701,flow,boundary,0.2,2,-0.2666327430691785,0.0011202154053164,-0.2730376041722512,0.0064048611030726
bimodal,101,1701,flow,boundary,0.1,0,1.3089679278555046,0.0013895671536451,0.9347346089919524,0.3742333188635524
bimodal,101,1701,flow,boundary,0.1,1,0.5908381278521391,0.0009878302825964,0.7678045486315878,-0.1769664207794486
bimodal,101,1701,flow,boundary,0.1,2,-0.2655693380480339,0.0011112899529815,-0.2730376041722512,0.0074682661242172
bimodal,101,1701,flow,boundary,0.05,0,1.3079346955621811,0.0013959709724833,0.9347346089919524,0.3732000865702291
bimodal,101,1701,flow,boundary,0.05,1,0.5898088432203467,0.0009910691551726,0.7678045486315878,-0.1779957054112411
bimodal,101,1701,flow,boundary,0.05,2,-0.2652988997913948,0.0011082687078187,-0.2730376041722512,0.0077387043808563
bimodal,101,1701,flow,extrapolated,0.2,0,0.3018359402672761,0.0016032384907618,1.0442146957146352,-0.7423787554473591
bimodal,101,1701,flow,extrapolated,0.2,1,0.0630541578032935,0.0004113864822697,0.5146257246757381,-0.4515715668724445
bimodal,101,1701,flow,extrapolated,0.2,2,-0.0856173479574691,0.0006772469299867,-0.203988834002474,0.1183714860450049
bimodal,101,1701,flow,extrapolated,0.1,0,0.3001386121172704,0.0016108800152769,1.0442146957146352,-0.7440760835973648
bimodal,101,1701,flow,extrapolated,0.1,1,0.0623012733908467,0.000411495508341,0.5146257246757381,-0.4523244512848913
bimodal,101,1701,flow,extrapolated,0.1,2,-0.0853195209859882,0.0006803402463966,-0.203988834002474,0.1186693130164858
bimodal,101,1701,flow,extrapolated,0.05,0,0.2997138677325021,0.0016128468240514,1.0442146957146352,-0.744500827982133
bimodal,101,1701,flow,extrapolated,0.05,1,0.0621132949119651,0.0004115259154723,0.5146257246757381,-0.4525124297637729
bimodal,101,1701,flow,extrapolated,0.05,2,-0.0852447257481732,0.0006811410546078,-0.203988834002474,0.1187441082543007
nonlinear_heteroskedastic,101,1701,flow,central,0.2,0,1.470600807211239,0.0012391409502993,1.6,-0.1293991927887607
nonlinear_heteroskedastic,101,1701,flow,central,0.2,1,0.5909823668409311,0.0004080402811348,0.5,0.090982366840931
nonlinear_heteroskedastic,101,1701,flow,central,0.2,2,-0.2945593634597143,0.0002975582633774,-0.2,-0.0945593634597143
nonlinear_heteroskedastic,101,1701,flow,central,0.1,0,1.478941257110009,0.0012635264302261,1.6,-0.1210587428899914
nonlinear_heteroskedastic,101,1701,flow,central,0.1,1,0.5945584081117242,0.0004125502043227,0.5,0.0945584081117242
nonlinear_heteroskedastic,101,1701,flow,central,0.1,2,-0.2970870337009497,0.0002994171420872,-0.2,-0.0970870337009497
nonlinear_heteroskedastic,101,1701,flow,central,0.05,0,1.481054433858989,0.0012697185266957,1.6,-0.118945566141011
nonlinear_heteroskedastic,101,1701,flow,central,0.05,1,0.5954616175446797,0.0004136690995191,0.5,0.0954616175446797
nonlinear_heteroskedastic,101,1701,flow,central,0.05,2,-0.2977273112615143,0.0002999327137545,-0.2,-0.0977273112615143
nonlinear_heteroskedastic,101,1701,flow,boundary,0.2,0,0.9837703121793367,0.001951777665558,0.6182383242455304,0.3655319879338063
nonlinear_heteroskedastic,101,1701,flow,boundary,0.2,1,0.3509622851779095,0.0008382088446776,0.5,-0.1490377148220905
nonlinear_heteroskedastic,101,1701,flow,boundary,0.2,2,-0.1883817704325443,0.0007944510745792,-0.2,0.0116182295674557
nonlinear_heteroskedastic,101,1701,flow,boundary,0.1,0,0.9840505057846594,0.001955768662482,0.6182383242455304,0.365812181539129
nonlinear_heteroskedastic,101,1701,flow,boundary,0.1,1,0.3504813715266607,0.0008440822566962,0.5,-0.1495186284733392
nonlinear_heteroskedastic,101,1701,flow,boundary,0.1,2,-0.188242371652972,0.0007894789702313,-0.2,0.0117576283470279
nonlinear_heteroskedastic,101,1701,flow,boundary,0.05,0,0.9841140793465504,0.0019567215731953,0.6182383242455304,0.3658757551010201
nonlinear_heteroskedastic,101,1701,flow,boundary,0.05,1,0.3503559877615118,0.0008455475176214,0.5,-0.1496440122384881
nonlinear_heteroskedastic,101,1701,flow,boundary,0.05,2,-0.1882034446022874,0.0007882713615459,-0.2,0.0117965553977126
nonlinear_heteroskedastic,101,1701,flow,extrapolated,0.2,0,0.0545618175110412,0.0010967755864235,1.026929748370581,-0.9723679308595398
nonlinear_heteroskedastic,101,1701,flow,extrapolated,0.2,1,0.0011871975583471,0.0002156526528235,0.5,-0.4988128024416528
nonlinear_heteroskedastic,101,1701,flow,extrapolated,0.2,2,0.0259492621613433,0.0007060421841503,-0.2,0.2259492621613433
nonlinear_heteroskedastic,101,1701,flow,extrapolated,0.1,0,0.0529213025307673,0.0010975928682852,1.026929748370581,-0.9740084458398136
nonlinear_heteroskedastic,101,1701,flow,extrapolated,0.1,1,0.0005583132714513,0.0002157847022797,0.5,-0.4994416867285486
nonlinear_heteroskedastic,101,1701,flow,extrapolated,0.1,2,0.026410423606351,0.0007065355043541,-0.2,0.226410423606351
nonlinear_heteroskedastic,101,1701,flow,extrapolated,0.05,0,0.0525122872756063,0.001097785034593,1.026929748370581,-0.9744174610949746
nonlinear_heteroskedastic,101,1701,flow,extrapolated,0.05,1,0.0004012774322222,0.0002158135364244,0.5,-0.4995987225677777
nonlinear_heteroskedastic,101,1701,flow,extrapolated,0.05,2,0.0265258532822596,0.0007066477616184,-0.2,0.2265258532822597
linear_gaussian,101,2903,gaussian_rank2,central,0.2,0,0.8131544953047674,0.0001077654986814,0.8,0.0131544953047673
linear_gaussian,101,2903,gaussian_rank2,central,0.2,1,0.5721459209928984,0.0006959384388928,0.5,0.0721459209928984
linear_gaussian,101,2903,gaussian_rank2,central,0.2,2,-0.2322736406308883,0.0002906530366917,-0.2,-0.0322736406308883
linear_gaussian,101,2903,gaussian_rank2,central,0.1,0,0.8140813604326737,0.0001011198443607,0.8,0.0140813604326736
linear_gaussian,101,2903,gaussian_rank2,central,0.1,1,0.5752621580744511,0.0006850816556237,0.5,0.0752621580744511
linear_gaussian,101,2903,gaussian_rank2,central,0.1,2,-0.2325830052425437,0.000306384945636,-0.2,-0.0325830052425437
linear_gaussian,101,2903,gaussian_rank2,central,0.05,0,0.8143121892620094,9.958795278863643e-05,0.8,0.0143121892620093
linear_gaussian,101,2903,gaussian_rank2,central,0.05,1,0.5760476411367267,0.0006823847785759,0.5,0.0760476411367266
linear_gaussian,101,2903,gaussian_rank2,central,0.05,2,-0.2326521411793684,0.0003104135584486,-0.2,-0.0326521411793684
linear_gaussian,101,2903,gaussian_rank2,boundary,0.2,0,0.6915934706505635,0.0013941864056899,0.8,-0.1084065293494365
linear_gaussian,101,2903,gaussian_rank2,boundary,0.2,1,0.3262712000815968,0.001815190769436,0.5,-0.1737287999184031
linear_gaussian,101,2903,gaussian_rank2,boundary,0.2,2,-0.1321945736969269,0.0014426560590664,-0.2,0.0678054263030731
linear_gaussian,101,2903,gaussian_rank2,boundary,0.1,0,0.6964681972916104,0.0013951105232413,0.8,-0.1035318027083896
linear_gaussian,101,2903,gaussian_rank2,boundary,0.1,1,0.3266157271215501,0.0018398324311469,0.5,-0.1733842728784498
linear_gaussian,101,2903,gaussian_rank2,boundary,0.1,2,-0.1341305515172847,0.0014647664706103,-0.2,0.0658694484827152
linear_gaussian,101,2903,gaussian_rank2,boundary,0.05,0,0.6977110290307439,0.0013953141136869,0.8,-0.1022889709692561
linear_gaussian,101,2903,gaussian_rank2,boundary,0.05,1,0.3267050867392908,0.0018461220359354,0.5,-0.1732949132607091
linear_gaussian,101,2903,gaussian_rank2,boundary,0.05,2,-0.1346218018436001,0.0014703941058994,-0.2,0.0653781981563999
linear_gaussian,101,2903,gaussian_rank2,extrapolated,0.2,0,-0.042749007074615,0.000296062809769,0.8,-0.8427490070746151
linear_gaussian,101,2903,gaussian_rank2,extrapolated,0.2,1,-0.0342953383353898,0.0007648063267475,0.5,-0.5342953383353898
linear_gaussian,101,2903,gaussian_rank2,extrapolated,0.2,2,0.1154208258842103,0.0004423592445158,-0.2,0.3154208258842103
linear_gaussian,101,2903,gaussian_rank2,extrapolated,0.1,0,-0.044371749546476,0.0002959930593563,0.8,-0.8443717495464761
linear_gaussian,101,2903,gaussian_rank2,extrapolated,0.1,1,-0.0349241697263769,0.0007598109477513,0.5,-0.5349241697263769
linear_gaussian,101,2903,gaussian_rank2,extrapolated,0.1,2,0.1155652094708206,0.0004408173489599,-0.2,0.3155652094708207
linear_gaussian,101,2903,gaussian_rank2,extrapolated,0.05,0,-0.0447763068916865,0.0002960088416099,0.8,-0.8447763068916866
linear_gaussian,101,2903,gaussian_rank2,extrapolated,0.05,1,-0.035080452117796,0.0007585498387,0.5,-0.5350804521177961
linear_gaussian,101,2903,gaussian_rank2,extrapolated,0.05,2,0.115598789188144,0.0004404323688156,-0.2,0.3155987891881441
bimodal,101,1701,edm,central,0.2,0,1.74144632070196,0.0075130730168833,2.25,-0.5085536792980401
bimodal,101,1701,edm,central,0.2,1,0.9027276134055872,0.0052838503072632,1.05,-0.1472723865944127
bimodal,101,1701,edm,central,0.2,2,-0.3641199678123073,0.0015471676035535,-0.35,-0.0141199678123073
bimodal,101,1701,edm,central,0.1,0,1.750653199035067,0.0079434667609031,2.25,-0.4993468009649329
bimodal,101,1701,edm,central,0.1,1,0.9100228592330946,0.0055780146530817,1.05,-0.1399771407669054
bimodal,101,1701,edm,central,0.1,2,-0.3683752068033797,0.0016300838836546,-0.35,-0.0183752068033797
bimodal,101,1701,edm,central,0.05,0,1.752971572151815,0.008055921473045,2.25,-0.4970284278481847
bimodal,101,1701,edm,central,0.05,1,0.9118678003464366,0.0056549487332513,1.05,-0.1381321996535635
bimodal,101,1701,edm,central,0.05,2,-0.3694627062401423,0.001651899325318,-0.35,-0.0194627062401423
bimodal,101,1701,edm,boundary,0.2,0,1.098057931195614,0.0010741532383546,0.9347346089919524,0.1633233222036617
bimodal,101,1701,edm,boundary,0.2,1,0.4406144095729249,0.000641072811995,0.7678045486315878,-0.3271901390586628
bimodal,101,1701,edm,boundary,0.2,2,-0.1981640693399438,0.0016274199914217,-0.2730376041722512,0.0748735348323074
bimodal,101,1701,edm,boundary,0.1,0,1.0959176042579029,0.0011129840309943,0.9347346089919524,0.1611829952659506
bimodal,101,1701,edm,boundary,0.1,1,0.4385835635745634,0.0006520910859236,0.7678045486315878,-0.3292209850570243
bimodal,101,1701,edm,boundary,0.1,2,-0.1976821634603868,0.0016317251388904,-0.2730376041722512,0.0753554407118643
bimodal,101,1701,edm,boundary,0.05,0,1.095364680126702,0.0011223217527296,0.9347346089919524,0.1606300711347495
bimodal,101,1701,edm,boundary,0.05,1,0.4380621015869172,0.0006544358446525,0.7678045486315878,-0.3297424470446705
bimodal,101,1701,edm,boundary,0.05,2,-0.1975575198321066,0.0016325900439937,-0.2730376041722512,0.0754800843401445
bimodal,101,1701,edm,extrapolated,0.2,0,0.3328735463051158,0.0004738899088456,1.0442146957146352,-0.7113411494095194
bimodal,101,1701,edm,extrapolated,0.2,1,-0.0335523569023522,0.000320183151112,0.5146257246757381,-0.5481780815780903
bimodal,101,1701,edm,extrapolated,0.2,2,0.0474540462926435,0.0004470879839118,-0.203988834002474,0.2514428802951176
bimodal,101,1701,edm,extrapolated,0.1,0,0.3321016681788221,0.0004752380668404,1.0442146957146352,-0.7121130275358132
bimodal,101,1701,edm,extrapolated,0.1,1,-0.0340345895704785,0.0003187887145321,0.5146257246757381,-0.5486603142462166
bimodal,101,1701,edm,extrapolated,0.1,2,0.047865260982945,0.0004469770973186,-0.203988834002474,0.2518540949854191
bimodal,101,1701,edm,extrapolated,0.05,0,0.3319103767076869,0.00047563346393,1.0442146957146352,-0.7123043190069482
bimodal,101,1701,edm,extrapolated,0.05,1,-0.0341547268351653,0.0003184439399674,0.5146257246757381,-0.5487804515109034
bimodal,101,1701,edm,extrapolated,0.05,2,0.0479682406561876,0.0004469604290281,-0.203988834002474,0.2519570746586617
linear_gaussian,202,2903,student_rank2,central,0.2,0,0.8268511934848398,0.0033127755850736,0.8,0.0268511934848397
linear_gaussian,202,2903,student_rank2,central,0.2,1,0.6567266158017709,0.0042586542475808,0.5,0.1567266158017709
linear_gaussian,202,2903,student_rank2,central,0.2,2,-0.1855998160935943,0.0024209491488176,-0.2,0.0144001839064056
linear_gaussian,202,2903,student_rank2,central,0.1,0,0.8234959862089023,0.0032610022197799,0.8,0.0234959862089022
linear_gaussian,202,2903,student_rank2,central,0.1,1,0.6633004550702248,0.0042561364705695,0.5,0.1633004550702248
linear_gaussian,202,2903,student_rank2,central,0.1,2,-0.1867685323626707,0.0023781524412368,-0.2,0.0132314676373292
linear_gaussian,202,2903,student_rank2,central,0.05,0,0.8225970228775491,0.0032476764090422,0.8,0.022597022877549
linear_gaussian,202,2903,student_rank2,central,0.05,1,0.6649791149127432,0.0042553723786169,0.5,0.1649791149127432
linear_gaussian,202,2903,student_rank2,central,0.05,2,-0.1870662655044691,0.0023668179853057,-0.2,0.0129337344955308
linear_gaussian,202,2903,student_rank2,boundary,0.2,0,0.786406320070966,0.0016809880214461,0.8,-0.013593679929034
linear_gaussian,202,2903,student_rank2,boundary,0.2,1,0.3287470746317522,0.0036500364287252,0.5,-0.1712529253682478
linear_gaussian,202,2903,student_rank2,boundary,0.2,2,-0.2059370824310357,0.0012110654469602,-0.2,-0.0059370824310357
linear_gaussian,202,2903,student_rank2,boundary,0.1,0,0.7899625882629508,0.0016910050888695,0.8,-0.0100374117370491
linear_gaussian,202,2903,student_rank2,boundary,0.1,1,0.3279780016588252,0.0036885479848426,0.5,-0.1720219983411747
linear_gaussian,202,2903,student_rank2,boundary,0.1,2,-0.2069829550826845,0.0012238600424107,-0.2,-0.0069829550826844
linear_gaussian,202,2903,student_rank2,boundary,0.05,0,0.7908446860607903,0.0016935411399185,0.8,-0.0091553139392097
linear_gaussian,202,2903,student_rank2,boundary,0.05,1,0.327788794869737,0.003698264007277,0.5,-0.1722112051302629
linear_gaussian,202,2903,student_rank2,boundary,0.05,2,-0.2072540609740567,0.0012270955234411,-0.2,-0.0072540609740567
linear_gaussian,202,2903,student_rank2,extrapolated,0.2,0,0.0278961846772104,0.0018133613788548,0.8,-0.7721038153227896
linear_gaussian,202,2903,student_rank2,extrapolated,0.2,1,-0.0111879139437617,0.0007955278255434,0.5,-0.5111879139437618
linear_gaussian,202,2903,student_rank2,extrapolated,0.2,2,-0.099596016361655,0.001871337349014,-0.2,0.1004039836383449
linear_gaussian,202,2903,student_rank2,extrapolated,0.1,0,0.0265990402328186,0.0018133944270363,0.8,-0.7734009597671814
linear_gaussian,202,2903,student_rank2,extrapolated,0.1,1,-0.0118675834566099,0.0007975148393612,0.5,-0.5118675834566099
linear_gaussian,202,2903,student_rank2,extrapolated,0.1,2,-0.0992516447947786,0.001863055325335,-0.2,0.1007483552052214
linear_gaussian,202,2903,student_rank2,extrapolated,0.05,0,0.0262772047624941,0.0018133805455763,0.8,-0.773722795237506
linear_gaussian,202,2903,student_rank2,extrapolated,0.05,1,-0.012037778561131,0.0007980253761009,0.5,-0.5120377785611311
linear_gaussian,202,2903,student_rank2,extrapolated,0.05,2,-0.0991646139287967,0.0018609682946264,-0.2,0.1008353860712032
heavy_tailed,202,0,gp_rbf,central,0.2,0,1.523664042247021,1.1260508056917302e-06,1.6,-0.0763359577529791
heavy_tailed,202,0,gp_rbf,central,0.2,1,0.5248632522903643,3.863475788069756e-06,0.5,0.0248632522903643
heavy_tailed,202,0,gp_rbf,central,0.2,2,-0.2100661817443699,3.6005968261032635e-06,-0.2,-0.0100661817443698
heavy_tailed,202,0,gp_rbf,central,0.1,0,1.5369185512662102,1.2085656459773038e-06,1.6,-0.0630814487337898
heavy_tailed,202,0,gp_rbf,central,0.1,1,0.5242226422445627,4.146583876584826e-06,0.5,0.0242226422445627
heavy_tailed,202,0,gp_rbf,central,0.1,2,-0.2120270797098639,3.86444164900879e-06,-0.2,-0.0120270797098638
heavy_tailed,202,0,gp_rbf,central,0.05,0,1.5402482225456655,1.2287185711053151e-06,1.6,-0.0597517774543345
heavy_tailed,202,0,gp_rbf,central,0.05,1,0.5240507526836422,4.215728482722892e-06,0.5,0.0240507526836422
heavy_tailed,202,0,gp_rbf,central,0.05,2,-0.2125200405801652,3.928881512062003e-06,-0.2,-0.0125200405801651
heavy_tailed,202,0,gp_rbf,boundary,0.2,0,0.6856813120819135,0.0002059853708798,0.6182383242455304,0.0674429878363831
heavy_tailed,202,0,gp_rbf,boundary,0.2,1,0.4208561883457792,0.0001084916799027,0.5,-0.0791438116542207
heavy_tailed,202,0,gp_rbf,boundary,0.2,2,-0.1373438545089582,0.0001229318377794,-0.2,0.0626561454910417
heavy_tailed,202,0,gp_rbf,boundary,0.1,0,0.6885171471960589,0.0001802783044093,0.6182383242455304,0.0702788229505285
heavy_tailed,202,0,gp_rbf,boundary,0.1,1,0.4247742515330497,9.495186969844888e-05,0.5,-0.0752257484669502
heavy_tailed,202,0,gp_rbf,boundary,0.1,2,-0.1380148205899579,0.0001075898894097,-0.2,0.061985179410042
heavy_tailed,202,0,gp_rbf,boundary,0.05,0,0.689227957367143,0.000173796961153,0.6182383242455304,0.0709896331216126
heavy_tailed,202,0,gp_rbf,boundary,0.05,1,0.4257652297417306,9.153817184004935e-05,0.5,-0.0742347702582693
heavy_tailed,202,0,gp_rbf,boundary,0.05,2,-0.138182359876151,0.0001037218310349,-0.2,0.0618176401238489
heavy_tailed,202,0,gp_rbf,extrapolated,0.2,0,-0.6757585888809722,0.0046497937150216,1.026929748370581,-1.702688337251553
heavy_tailed,202,0,gp_rbf,extrapolated,0.2,1,-0.3502219343463194,0.0012061359685514,0.5,-0.8502219343463193
heavy_tailed,202,0,gp_rbf,extrapolated,0.2,2,0.1138792694728286,0.004190159729505,-0.2,0.3138792694728287
heavy_tailed,202,0,gp_rbf,extrapolated,0.1,0,-0.680151191616301,0.0046716196350465,1.026929748370581,-1.707080939986882
heavy_tailed,202,0,gp_rbf,extrapolated,0.1,1,-0.3542309067988576,0.0012117975158814,0.5,-0.8542309067988576
heavy_tailed,202,0,gp_rbf,extrapolated,0.1,2,0.115002148245026,0.0042098281485293,-0.2,0.315002148245026
heavy_tailed,202,0,gp_rbf,extrapolated,0.05,0,-0.681248524728059,0.0046770203773691,1.026929748370581,-1.70817827309864
heavy_tailed,202,0,gp_rbf,extrapolated,0.05,1,-0.3552387965484342,0.0012131984446032,0.5,-0.8552387965484343
heavy_tailed,202,0,gp_rbf,extrapolated,0.05,2,0.1152844101085614,0.0042146950252912,-0.2,0.3152844101085614
linear_gaussian,202,1701,flow,central,0.2,0,0.8504331059606157,0.0001525709254527,0.8,0.0504331059606156
linear_gaussian,202,1701,flow,central,0.2,1,0.6075429205992572,0.0001495502957846,0.5,0.1075429205992571
linear_gaussian,202,1701,flow,central,0.2,2,-0.2157548648500407,0.0002115786279934,-0.2,-0.0157548648500407
linear_gaussian,202,1701,flow,central,0.1,0,0.8512954595660727,0.0001552144528937,0.8,0.0512954595660726
linear_gaussian,202,1701,flow,central,0.1,1,0.608752510020606,0.0001486674291157,0.5,0.108752510020606
linear_gaussian,202,1701,flow,central,0.1,2,-0.2156415400297321,0.0002160977824198,-0.2,-0.0156415400297321
linear_gaussian,202,1701,flow,central,0.05,0,0.8515114710958068,0.000155922163228,0.8,0.0515114710958067
linear_gaussian,202,1701,flow,central,0.05,1,0.6090550328967295,0.0001484630417041,0.5,0.1090550328967294
linear_gaussian,202,1701,flow,central,0.05,2,-0.215612568483394,0.0002172329878441,-0.2,-0.015612568483394
linear_gaussian,202,1701,flow,boundary,0.2,0,0.809432555247443,0.0007350640131856,0.8,0.0094325552474429
linear_gaussian,202,1701,flow,boundary,0.2,1,0.4569295261236573,0.0007242221221653,0.5,-0.0430704738763427
linear_gaussian,202,1701,flow,boundary,0.2,2,-0.2682895426657981,0.000536745958909,-0.2,-0.068289542665798
linear_gaussian,202,1701,flow,boundary,0.1,0,0.8102694535793176,0.0007312589867487,0.8,0.0102694535793175
linear_gaussian,202,1701,flow,boundary,0.1,1,0.4579069120855923,0.0007225344897748,0.5,-0.0420930879144076
linear_gaussian,202,1701,flow,boundary,0.1,2,-0.2693221810019239,0.0005368605190258,-0.2,-0.0693221810019238
linear_gaussian,202,1701,flow,boundary,0.05,0,0.8104775537194583,0.000730327708626,0.8,0.0104775537194582
linear_gaussian,202,1701,flow,boundary,0.05,1,0.458151493992433,0.0007221280757329,0.5,-0.041848506007567
linear_gaussian,202,1701,flow,boundary,0.05,2,-0.2695819469277795,0.0005368908499575,-0.2,-0.0695819469277795
linear_gaussian,202,1701,flow,extrapolated,0.2,0,0.3300271318803359,0.0030565175589596,0.8,-0.4699728681196641
linear_gaussian,202,1701,flow,extrapolated,0.2,1,-0.1167078423803387,0.0021139224702024,0.5,-0.6167078423803388
linear_gaussian,202,1701,flow,extrapolated,0.2,2,-0.1080851691640318,0.0007120500915561,-0.2,0.0919148308359681
linear_gaussian,202,1701,flow,extrapolated,0.1,0,0.3305119837684807,0.0030685677126165,0.8,-0.4694880162315193
linear_gaussian,202,1701,flow,extrapolated,0.1,1,-0.1183363668132347,0.0021417219691428,0.5,-0.6183363668132348
linear_gaussian,202,1701,flow,extrapolated,0.1,2,-0.1075818512246741,0.0007150474078441,-0.2,0.0924181487753258
linear_gaussian,202,1701,flow,extrapolated,0.05,0,0.3306380075808723,0.0030715062867836,0.8,-0.4693619924191277
linear_gaussian,202,1701,flow,extrapolated,0.05,1,-0.1187449675777933,0.0021487149277537,0.5,-0.6187449675777933
linear_gaussian,202,1701,flow,extrapolated,0.05,2,-0.1074551593897229,0.0007157718111736,-0.2,0.0925448406102771
bimodal,303,1701,student_rank2,central,0.2,0,2.530694136971769,0.0013507607094966,2.25,0.280694136971769
bimodal,303,1701,student_rank2,central,0.2,1,1.3676971856284978,0.002017733590251,1.05,0.3176971856284978
bimodal,303,1701,student_rank2,central,0.2,2,-0.5227612172011682,0.0007590597902166,-0.35,-0.1727612172011682
bimodal,303,1701,student_rank2,central,0.1,0,2.5635720979470435,0.001315273231105,2.25,0.3135720979470435
bimodal,303,1701,student_rank2,central,0.1,1,1.382871341928395,0.0020460409985027,1.05,0.3328713419283946
bimodal,303,1701,student_rank2,central,0.1,2,-0.5328512360590857,0.0007821640298677,-0.35,-0.1828512360590857
bimodal,303,1701,student_rank2,central,0.05,0,2.5719671241722972,0.0013062587905909,2.25,0.3219671241722972
bimodal,303,1701,student_rank2,central,0.05,1,1.386717199612222,0.0020532733952504,1.05,0.336717199612222
bimodal,303,1701,student_rank2,central,0.05,2,-0.5354393766647728,0.0007881777458101,-0.35,-0.1854393766647728
bimodal,303,1701,student_rank2,boundary,0.2,0,1.1497523979933797,0.0048889247451469,0.9347346089919524,0.2150177890014274
bimodal,303,1701,student_rank2,boundary,0.2,1,0.7161004927856167,0.0029175703594601,0.7678045486315878,-0.051704055845971
bimodal,303,1701,student_rank2,boundary,0.2,2,-0.2216491082533072,0.0012313597809427,-0.2730376041722512,0.0513884959189439
bimodal,303,1701,student_rank2,boundary,0.1,0,1.1389876518355246,0.0049354948371581,0.9347346089919524,0.2042530428435723
bimodal,303,1701,student_rank2,boundary,0.1,1,0.7122938588382822,0.0029317801569216,0.7678045486315878,-0.0555106897933055
bimodal,303,1701,student_rank2,boundary,0.1,2,-0.2192941481730371,0.0012402236254455,-0.2730376041722512,0.053743455999214
bimodal,303,1701,student_rank2,boundary,0.05,0,1.1362362316337855,0.0049470508429417,0.9347346089919524,0.2015016226418332
bimodal,303,1701,student_rank2,boundary,0.05,1,0.7113020082087947,0.0029351748875902,0.7678045486315878,-0.056502540422793
bimodal,303,1701,student_rank2,boundary,0.05,2,-0.2186932254858994,0.0012424207336348,-0.2730376041722512,0.0543443786863518
bimodal,303,1701,student_rank2,extrapolated,0.2,0,0.0215833738225694,0.0058813446632219,1.0442146957146352,-1.0226313218920655
bimodal,303,1701,student_rank2,extrapolated,0.2,1,-0.1285847429919628,0.0024756259759765,0.5146257246757381,-0.643210467667701
bimodal,303,1701,student_rank2,extrapolated,0.2,2,0.0846480973739263,0.001705928273409,-0.203988834002474,0.2886369313764003
bimodal,303,1701,student_rank2,extrapolated,0.1,0,0.0203637581874782,0.0058775888838675,1.0442146957146352,-1.023850937527157
bimodal,303,1701,student_rank2,extrapolated,0.1,1,-0.1297688141413822,0.0024746109193511,0.5146257246757381,-0.6443945388171203
bimodal,303,1701,student_rank2,extrapolated,0.1,2,0.0851298976551238,0.0017061114591372,-0.203988834002474,0.2891187316575979
bimodal,303,1701,student_rank2,extrapolated,0.05,0,0.0200652027704162,0.0058766267666237,1.0442146957146352,-1.024149492944219
bimodal,303,1701,student_rank2,extrapolated,0.05,1,-0.1300654316963342,0.0024743981241733,0.5146257246757381,-0.6446911563720723
bimodal,303,1701,student_rank2,extrapolated,0.05,2,0.0852496616219315,0.0017061459185866,-0.203988834002474,0.2892384956244055
nonlinear_heteroskedastic,101,1701,gaussian_diag,central,0.2,0,1.502869710780729,0.0005273048591824,1.6,-0.0971302892192711
nonlinear_heteroskedastic,101,1701,gaussian_diag,central,0.2,1,0.5603852189595533,0.0004583728787379,0.5,0.0603852189595532
nonlinear_heteroskedastic,101,1701,gaussian_diag,central,0.2,2,-0.3879308679017831,0.0001849758236193,-0.2,-0.1879308679017831
nonlinear_heteroskedastic,101,1701,gaussian_diag,central,0.1,0,1.519068136169625,0.0005397303630953,1.6,-0.0809318638303751
nonlinear_heteroskedastic,101,1701,gaussian_diag,central,0.1,1,0.5633087047565426,0.0004838145839509,0.5,0.0633087047565426
nonlinear_heteroskedastic,101,1701,gaussian_diag,central,0.1,2,-0.4004955041149114,0.0002008893643759,-0.2,-0.2004955041149114
nonlinear_heteroskedastic,101,1701,gaussian_diag,central,0.05,0,1.5232434498964793,0.0005429778732085,1.6,-0.0767565501035207
nonlinear_heteroskedastic,101,1701,gaussian_diag,central,0.05,1,0.5640270419926877,0.0004904991905067,0.5,0.0640270419926877
nonlinear_heteroskedastic,101,1701,gaussian_diag,central,0.05,2,-0.4037628205779025,0.0002049862643484,-0.2,-0.2037628205779025
nonlinear_heteroskedastic,101,1701,gaussian_diag,boundary,0.2,0,0.8701583810061922,0.0007720458135507,0.6182383242455304,0.2519200567606618
nonlinear_heteroskedastic,101,1701,gaussian_diag,boundary,0.2,1,0.361030509629819,2.0862312834379967e-05,0.5,-0.1389694903701809
nonlinear_heteroskedastic,101,1701,gaussian_diag,boundary,0.2,2,-0.0285710113988783,0.0028816108977136,-0.2,0.1714289886011216
nonlinear_heteroskedastic,101,1701,gaussian_diag,boundary,0.1,0,0.8715509397474882,0.000763914208711,0.6182383242455304,0.2533126155019578
nonlinear_heteroskedastic,101,1701,gaussian_diag,boundary,0.1,1,0.3643686007428042,1.7145963666829575e-05,0.5,-0.1356313992571958
nonlinear_heteroskedastic,101,1701,gaussian_diag,boundary,0.1,2,-0.0241677260468187,0.0029305869256087,-0.2,0.1758322739531812
nonlinear_heteroskedastic,101,1701,gaussian_diag,boundary,0.05,0,0.8719188505334737,0.0007618626217308,0.6182383242455304,0.2536805262879433
nonlinear_heteroskedastic,101,1701,gaussian_diag,boundary,0.05,1,0.3652359201813855,1.6188693535641237e-05,0.5,-0.1347640798186144
nonlinear_heteroskedastic,101,1701,gaussian_diag,boundary,0.05,2,-0.023043133801198,0.0029428932879953,-0.2,0.1769568661988019
nonlinear_heteroskedastic,101,1701,gaussian_diag,extrapolated,0.2,0,-0.0581417764137263,0.0004793967604157,1.026929748370581,-1.0850715247843077
nonlinear_heteroskedastic,101,1701,gaussian_diag,extrapolated,0.2,1,-0.0272628156931078,0.0002024526600415,0.5,-0.5272628156931078
nonlinear_heteroskedastic,101,1701,gaussian_diag,extrapolated,0.2,2,0.0453666987877562,3.462023867787519e-05,-0.2,0.2453666987877562
nonlinear_heteroskedastic,101,1701,gaussian_diag,extrapolated,0.1,0,-0.0596745632849645,0.0004789028518081,1.026929748370581,-1.0866043116555455
nonlinear_heteroskedastic,101,1701,gaussian_diag,extrapolated,0.1,1,-0.0282417563849011,0.0002032267367181,0.5,-0.5282417563849011
nonlinear_heteroskedastic,101,1701,gaussian_diag,extrapolated,0.1,2,0.0450795771206322,3.613725405075174e-05,-0.2,0.2450795771206322
nonlinear_heteroskedastic,101,1701,gaussian_diag,extrapolated,0.05,0,-0.0600579905959726,0.0004787868051954,1.026929748370581,-1.0869877389665537
nonlinear_heteroskedastic,101,1701,gaussian_diag,extrapolated,0.05,1,-0.0284858437687781,0.0002034216218449,0.5,-0.5284858437687782
nonlinear_heteroskedastic,101,1701,gaussian_diag,extrapolated,0.05,2,0.045006723839562,3.65132611298024e-05,-0.2,0.245006723839562
bimodal,303,1701,transformer_mdn4,central,0.2,0,2.4453247579665116,0.0139947844143107,2.25,0.1953247579665116
bimodal,303,1701,transformer_mdn4,central,0.2,1,1.1655258206727237,0.011838805066645,1.05,0.1155258206727236
bimodal,303,1701,transformer_mdn4,central,0.2,2,-0.3341356666577957,0.005187868815752,-0.35,0.0158643333422042
bimodal,303,1701,transformer_mdn4,central,0.1,0,2.504911169801738,0.0295078773169515,2.25,0.2549111698017379
bimodal,303,1701,transformer_mdn4,central,0.1,1,1.1703190060226618,0.0226483748233677,1.05,0.1203190060226617
bimodal,303,1701,transformer_mdn4,central,0.1,2,-0.3251152943921311,0.0059000273575962,-0.35,0.0248847056078688
bimodal,303,1701,transformer_mdn4,central,0.05,0,2.4925191300370986,0.0381388829869894,2.25,0.2425191300370985
bimodal,303,1701,transformer_mdn4,central,0.05,1,1.1459248826655717,0.0292019854921497,1.05,0.0959248826655716
bimodal,303,1701,transformer_mdn4,central,0.05,2,-0.3179606404991084,0.0060085255052332,-0.35,0.0320393595008915
bimodal,303,1701,transformer_mdn4,boundary,0.2,0,0.8639867967397975,0.0065991072298341,0.9347346089919524,-0.0707478122521547
bimodal,303,1701,transformer_mdn4,boundary,0.2,1,0.4890000980343776,0.0058417821945515,0.7678045486315878,-0.2788044505972101
bimodal,303,1701,transformer_mdn4,boundary,0.2,2,-0.3138836633823448,0.000939834015874,-0.2730376041722512,-0.0408460592100936
bimodal,303,1701,transformer_mdn4,boundary,0.1,0,0.8607315421615676,0.0021699351555546,0.9347346089919524,-0.0740030668303847
bimodal,303,1701,transformer_mdn4,boundary,0.1,1,0.4875535528385229,0.0027320838007546,0.7678045486315878,-0.2802509957930648
bimodal,303,1701,transformer_mdn4,boundary,0.1,2,-0.3154875172458511,0.0013972032300247,-0.2730376041722512,-0.0424499130735999
bimodal,303,1701,transformer_mdn4,boundary,0.05,0,0.8234726187220254,0.0144133222862532,0.9347346089919524,-0.1112619902699268
bimodal,303,1701,transformer_mdn4,boundary,0.05,1,0.4563637527654292,0.0154608042911235,0.7678045486315878,-0.3114407958661585
bimodal,303,1701,transformer_mdn4,boundary,0.05,2,-0.3089011979063699,0.003733224680884,-0.2730376041722512,-0.0358635937341187
bimodal,303,1701,transformer_mdn4,extrapolated,0.2,0,0.0129877707759355,0.0040869872549924,1.0442146957146352,-1.0312269249386996
bimodal,303,1701,transformer_mdn4,extrapolated,0.2,1,-0.0437660168825708,0.0037622266731421,0.5146257246757381,-0.558391741558309
bimodal,303,1701,transformer_mdn4,extrapolated,0.2,2,-0.0039276457613897,0.0009691590481984,-0.203988834002474,0.2000611882410842
bimodal,303,1701,transformer_mdn4,extrapolated,0.1,0,0.0104687401918753,0.0033392967551563,1.0442146957146352,-1.03374595552276
bimodal,303,1701,transformer_mdn4,extrapolated,0.1,1,-0.0437958031285919,0.0022667972873437,0.5146257246757381,-0.5584215278043301
bimodal,303,1701,transformer_mdn4,extrapolated,0.1,2,-0.0026293479874622,0.001175365369714,-0.203988834002474,0.2013594860150117
bimodal,303,1701,transformer_mdn4,extrapolated,0.05,0,0.0119119129703267,0.0044360880590714,1.0442146957146352,-1.0323027827443083
bimodal,303,1701,transformer_mdn4,extrapolated,0.05,1,-0.0387880447884806,0.0145143338190684,0.5146257246757381,-0.5534137694642187
bimodal,303,1701,transformer_mdn4,extrapolated,0.05,2,-0.0045646716943054,0.002995947186514,-0.203988834002474,0.1994241623081686
nonlinear_heteroskedastic,202,1701,edm,central,0.2,0,1.3696326106258354,0.0012485168598399,1.6,-0.2303673893741646
nonlinear_heteroskedastic,202,1701,edm,central,0.2,1,0.4683540327734829,0.0005389202981538,0.5,-0.031645967226517
nonlinear_heteroskedastic,202,1701,edm,central,0.2,2,-0.1938591819024867,0.0001078006198708,-0.2,0.0061408180975132
nonlinear_heteroskedastic,202,1701,edm,central,0.1,0,1.3751267327317116,0.0012701631527404,1.6,-0.2248732672682885
nonlinear_heteroskedastic,202,1701,edm,central,0.1,1,0.4716437141847936,0.000542023111309,0.5,-0.0283562858152063
nonlinear_heteroskedastic,202,1701,edm,central,0.1,2,-0.1941022227212371,0.0001101991799903,-0.2,0.0058977772787629
nonlinear_heteroskedastic,202,1701,edm,central,0.05,0,1.3765078278682694,0.001275580958574,1.6,-0.2234921721317306
nonlinear_heteroskedastic,202,1701,edm,central,0.05,1,0.4724707573785618,0.0005427844661981,0.5,-0.0275292426214381
nonlinear_heteroskedastic,202,1701,edm,central,0.05,2,-0.194163589522378,0.0001108186615855,-0.2,0.0058364104776219
nonlinear_heteroskedastic,202,1701,edm,boundary,0.2,0,1.0244304381356166,0.0009575454752754,0.6182383242455304,0.4061921138900862
nonlinear_heteroskedastic,202,1701,edm,boundary,0.2,1,0.231368104965331,0.0002434049565204,0.5,-0.268631895034669
nonlinear_heteroskedastic,202,1701,edm,boundary,0.2,2,-0.1940569407574612,0.0006181115145213,-0.2,0.0059430592425387
nonlinear_heteroskedastic,202,1701,edm,boundary,0.1,0,1.0252008368241037,0.0009568273527898,0.6182383242455304,0.4069625125785731
nonlinear_heteroskedastic,202,1701,edm,boundary,0.1,1,0.2307359028266729,0.0002488841190254,0.5,-0.2692640971733271
nonlinear_heteroskedastic,202,1701,edm,boundary,0.1,2,-0.1946073855624016,0.0006218497125751,-0.2,0.0053926144375983
nonlinear_heteroskedastic,202,1701,edm,boundary,0.05,0,1.025391594070682,0.0009566820555986,0.6182383242455304,0.4071532698251517
nonlinear_heteroskedastic,202,1701,edm,boundary,0.05,1,0.230574999110032,0.0002502425286102,0.5,-0.269425000889968
nonlinear_heteroskedastic,202,1701,edm,boundary,0.05,2,-0.1947453633559304,0.0006227783935281,-0.2,0.0052546366440696
nonlinear_heteroskedastic,202,1701,edm,extrapolated,0.2,0,0.2930571831467772,0.000109271899914,1.026929748370581,-0.7338725652238038
nonlinear_heteroskedastic,202,1701,edm,extrapolated,0.2,1,-0.0238680361195747,0.0001231164913437,0.5,-0.5238680361195748
nonlinear_heteroskedastic,202,1701,edm,extrapolated,0.2,2,-0.069060511641258,0.0004280492597884,-0.2,0.1309394883587419
nonlinear_heteroskedastic,202,1701,edm,extrapolated,0.1,0,0.2920972749008417,0.0001097664471575,1.026929748370581,-0.7348324734697393
nonlinear_heteroskedastic,202,1701,edm,extrapolated,0.1,1,-0.0242497464238951,0.0001216285234425,0.5,-0.5242497464238952
nonlinear_heteroskedastic,202,1701,edm,extrapolated,0.1,2,-0.0689416484870274,0.0004279220114068,-0.2,0.1310583515129725
nonlinear_heteroskedastic,202,1701,edm,extrapolated,0.05,0,0.29185811615886,0.0001099048082206,1.026929748370581,-0.735071632211721
nonlinear_heteroskedastic,202,1701,edm,extrapolated,0.05,1,-0.0243449817651873,0.0001212425689007,0.5,-0.5243449817651873
nonlinear_heteroskedastic,202,1701,edm,extrapolated,0.05,2,-0.0689121246848713,0.000427889171983,-0.2,0.1310878753151286
heavy_tailed,202,2903,flow,central,0.2,0,1.492681437689346,0.000744036667428,1.6,-0.107318562310654
heavy_tailed,202,2903,flow,central,0.2,1,0.5198364236468582,0.0003892348920483,0.5,0.0198364236468582
heavy_tailed,202,2903,flow,central,0.2,2,-0.1474131878428757,0.0001719241011371,-0.2,0.0525868121571242
heavy_tailed,202,2903,flow,central,0.1,0,1.4970967021610335,0.0007543322852766,1.6,-0.1029032978389665
heavy_tailed,202,2903,flow,central,0.1,1,0.5190688125238069,0.0003974913661351,0.5,0.0190688125238068
heavy_tailed,202,2903,flow,central,0.1,2,-0.1470567817191954,0.000176562221623,-0.2,0.0529432182808045
heavy_tailed,202,2903,flow,central,0.05,0,1.498185112064096,0.0007568731339432,1.6,-0.1018148879359039
heavy_tailed,202,2903,flow,central,0.05,1,0.5188587466102295,0.0003995507498661,0.5,0.0188587466102294
heavy_tailed,202,2903,flow,central,0.05,2,-0.1469757730343714,0.00017771261927,-0.2,0.0530242269656285
heavy_tailed,202,2903,flow,boundary,0.2,0,1.0765221719673297,0.0009594609450026,0.6182383242455304,0.4582838477217991
heavy_tailed,202,2903,flow,boundary,0.2,1,0.3983340683377883,0.0007657156830936,0.5,-0.1016659316622116
heavy_tailed,202,2903,flow,boundary,0.2,2,-0.2467792243118556,0.0007634454794009,-0.2,-0.0467792243118556
heavy_tailed,202,2903,flow,boundary,0.1,0,1.0763270294455456,0.00096314704931,0.6182383242455304,0.4580887052000152
heavy_tailed,202,2903,flow,boundary,0.1,1,0.4003783808206565,0.0007636868358885,0.5,-0.0996216191793434
heavy_tailed,202,2903,flow,boundary,0.1,2,-0.2497486105754361,0.000773069885877,-0.2,-0.0497486105754361
heavy_tailed,202,2903,flow,boundary,0.05,0,1.0762510649223755,0.0009641489184881,0.6182383242455304,0.4580127406768451
heavy_tailed,202,2903,flow,boundary,0.05,1,0.4008937952358856,0.0007631638972131,0.5,-0.0991062047641144
heavy_tailed,202,2903,flow,boundary,0.05,2,-0.2505090696213942,0.0007755313256366,-0.2,-0.0505090696213942
heavy_tailed,202,2903,flow,extrapolated,0.2,0,0.2186067743543314,0.0006990508501762,1.026929748370581,-0.8083229740162495
heavy_tailed,202,2903,flow,extrapolated,0.2,1,-0.044827851298102,0.0005922172098892,0.5,-0.5448278512981021
heavy_tailed,202,2903,flow,extrapolated,0.2,2,0.0138892212612531,0.0018599490817952,-0.2,0.2138892212612531
heavy_tailed,202,2903,flow,extrapolated,0.1,0,0.2176731907524528,0.0007009090931039,1.026929748370581,-0.8092565576181282
heavy_tailed,202,2903,flow,extrapolated,0.1,1,-0.0454882767342503,0.0005940009696906,0.5,-0.5454882767342504
heavy_tailed,202,2903,flow,extrapolated,0.1,2,0.0144283733865731,0.001860531027224,-0.2,0.2144283733865732
heavy_tailed,202,2903,flow,extrapolated,0.05,0,0.217441325922237,0.0007014016819548,1.026929748370581,-0.809488422448344
heavy_tailed,202,2903,flow,extrapolated,0.05,1,-0.0456525318396143,0.0005944656629074,0.5,-0.5456525318396143
heavy_tailed,202,2903,flow,extrapolated,0.05,2,0.0145636148627988,0.0018606863263936,-0.2,0.2145636148627988
nonlinear_heteroskedastic,101,1701,transformer_mdn4,central,0.2,0,1.597541310080256,0.0018500542657067,1.6,-0.002458689919744
nonlinear_heteroskedastic,101,1701,transformer_mdn4,central,0.2,1,0.5257675568749206,0.0023459692026669,0.5,0.0257675568749206
nonlinear_heteroskedastic,101,1701,transformer_mdn4,central,0.2,2,-0.1307368606691215,0.002905746973266,-0.2,0.0692631393308784
nonlinear_heteroskedastic,101,1701,transformer_mdn4,central,0.1,0,1.620211187103574,0.0049445592336415,1.6,0.0202111871035739
nonlinear_heteroskedastic,101,1701,transformer_mdn4,central,0.1,1,0.5310139533738393,0.0018795573583741,0.5,0.0310139533738392
nonlinear_heteroskedastic,101,1701,transformer_mdn4,central,0.1,2,-0.1159883204402629,0.0037865321653379,-0.2,0.084011679559737
nonlinear_heteroskedastic,101,1701,transformer_mdn4,central,0.05,0,1.6163566300953498,0.0123651795082275,1.6,0.0163566300953497
nonlinear_heteroskedastic,101,1701,transformer_mdn4,central,0.05,1,0.5296472946838066,0.0062794244551163,0.5,0.0296472946838065
nonlinear_heteroskedastic,101,1701,transformer_mdn4,central,0.05,2,-0.1188731444847934,0.0010106423354595,-0.2,0.0811268555152065
nonlinear_heteroskedastic,101,1701,transformer_mdn4,boundary,0.2,0,0.6384535642720941,0.0056262254277609,0.6182383242455304,0.0202152400265637
nonlinear_heteroskedastic,101,1701,transformer_mdn4,boundary,0.2,1,0.3173811536737667,0.0024844610146212,0.5,-0.1826188463262333
nonlinear_heteroskedastic,101,1701,transformer_mdn4,boundary,0.2,2,-0.2588436069663369,0.0019785471633846,-0.2,-0.0588436069663368
nonlinear_heteroskedastic,101,1701,transformer_mdn4,boundary,0.1,0,0.6253929146799908,0.0062513023181911,0.6182383242455304,0.0071545904344604
nonlinear_heteroskedastic,101,1701,transformer_mdn4,boundary,0.1,1,0.3122257077214458,0.0028951600846345,0.5,-0.1877742922785541
nonlinear_heteroskedastic,101,1701,transformer_mdn4,boundary,0.1,2,-0.2596211718359966,0.000860149025405,-0.2,-0.0596211718359966
nonlinear_heteroskedastic,101,1701,transformer_mdn4,boundary,0.05,0,0.6198616116450798,0.0091932977682443,0.6182383242455304,0.0016232873995494
nonlinear_heteroskedastic,101,1701,transformer_mdn4,boundary,0.05,1,0.3089086911590882,0.006673545563301,0.5,-0.1910913088409117
nonlinear_heteroskedastic,101,1701,transformer_mdn4,boundary,0.05,2,-0.2562713893975548,0.0065616540434445,-0.2,-0.0562713893975547
nonlinear_heteroskedastic,101,1701,transformer_mdn4,extrapolated,0.2,0,0.0710879087984654,0.0004005344524435,1.026929748370581,-0.9558418395721155
nonlinear_heteroskedastic,101,1701,transformer_mdn4,extrapolated,0.2,1,0.0570886549988597,0.0017037457155197,0.5,-0.4429113450011402
nonlinear_heteroskedastic,101,1701,transformer_mdn4,extrapolated,0.2,2,0.0100047872869618,0.0047908303776802,-0.2,0.2100047872869618
nonlinear_heteroskedastic,101,1701,transformer_mdn4,extrapolated,0.1,0,0.0724556910741717,0.0011156259478107,1.026929748370581,-0.9544740572964092
nonlinear_heteroskedastic,101,1701,transformer_mdn4,extrapolated,0.1,1,0.0590507403999431,0.0031999656203065,0.5,-0.4409492596000569
nonlinear_heteroskedastic,101,1701,transformer_mdn4,extrapolated,0.1,2,0.0128048174724008,0.0052451318163557,-0.2,0.2128048174724008
nonlinear_heteroskedastic,101,1701,transformer_mdn4,extrapolated,0.05,0,0.0726007573283486,0.0021871946178218,1.026929748370581,-0.9543289910422325
nonlinear_heteroskedastic,101,1701,transformer_mdn4,extrapolated,0.05,1,0.0600535375883459,0.0025898450495858,0.5,-0.439946462411654
nonlinear_heteroskedastic,101,1701,transformer_mdn4,extrapolated,0.05,2,0.0167100423554102,0.0120461226255314,-0.2,0.2167100423554102
heavy_tailed,303,2903,edm,central,0.2,0,1.347698810461038,0.0002426796765912,1.6,-0.2523011895389619
heavy_tailed,303,2903,edm,central,0.2,1,0.4533974333930691,0.000180900228479,0.5,-0.0466025666069309
heavy_tailed,303,2903,edm,central,0.2,2,-0.2414606208957598,0.0002130200428429,-0.2,-0.0414606208957597
heavy_tailed,303,2903,edm,central,0.1,0,1.3537973707436877,0.0002544152255282,1.6,-0.2462026292563124
heavy_tailed,303,2903,edm,central,0.1,1,0.4579367545034322,0.0001846891666154,0.5,-0.0420632454965677
heavy_tailed,303,2903,edm,central,0.1,2,-0.2428580812071722,0.0002156340438501,-0.2,-0.0428580812071721
heavy_tailed,303,2903,edm,central,0.05,0,1.3553405433028525,0.000257523037842,1.6,-0.2446594566971478
heavy_tailed,303,2903,edm,central,0.05,1,0.4590930783371822,0.0001857692759136,0.5,-0.0409069216628177
heavy_tailed,303,2903,edm,central,0.05,2,-0.2432152290163743,0.0002163103332521,-0.2,-0.0432152290163743
heavy_tailed,303,2903,edm,boundary,0.2,0,0.9326405706839136,0.0001690718416048,0.6182383242455304,0.3144022464383831
heavy_tailed,303,2903,edm,boundary,0.2,1,0.2566310923338915,0.0002141991521416,0.5,-0.2433689076661085
heavy_tailed,303,2903,edm,boundary,0.2,2,-0.1778579168376407,0.0009926361917303,-0.2,0.0221420831623593
heavy_tailed,303,2903,edm,boundary,0.1,0,0.9323896269530983,0.00017467726581,0.6182383242455304,0.3141513027075681
heavy_tailed,303,2903,edm,boundary,0.1,1,0.2554409111396717,0.0002142584139782,0.5,-0.2445590888603283
heavy_tailed,303,2903,edm,boundary,0.1,2,-0.1783052159495392,0.0010010814092479,-0.2,0.0216947840504608
heavy_tailed,303,2903,edm,boundary,0.05,0,0.932324736440348,0.0001761027222336,0.6182383242455304,0.3140864121948175
heavy_tailed,303,2903,edm,boundary,0.05,1,0.2551367480784755,0.0002142926985379,0.5,-0.2448632519215244
heavy_tailed,303,2903,edm,boundary,0.05,2,-0.1784165598079956,0.0010031963621598,-0.2,0.0215834401920043
heavy_tailed,303,2903,edm,extrapolated,0.2,0,0.220816350884126,0.00034621481545,1.026929748370581,-0.806113397486455
heavy_tailed,303,2903,edm,extrapolated,0.2,1,0.0394888979072252,0.0001407779140572,0.5,-0.4605111020927747
heavy_tailed,303,2903,edm,extrapolated,0.2,2,0.0080115276249591,0.0005670289285407,-0.2,0.2080115276249592
heavy_tailed,303,2903,edm,extrapolated,0.1,0,0.2195854088982507,0.0003447245872203,1.026929748370581,-0.8073443394723303
heavy_tailed,303,2903,edm,extrapolated,0.1,1,0.0392539144782477,0.0001411266946092,0.5,-0.4607460855217522
heavy_tailed,303,2903,edm,extrapolated,0.1,2,0.0083662278589329,0.0005658437200627,-0.2,0.2083662278589329
heavy_tailed,303,2903,edm,extrapolated,0.05,0,0.2192772690721067,0.0003443024717212,1.026929748370581,-0.8076524792984743
heavy_tailed,303,2903,edm,extrapolated,0.05,1,0.0391952343983511,0.000141228074603,0.5,-0.4608047656016489
heavy_tailed,303,2903,edm,extrapolated,0.05,2,0.0084549713979577,0.0005655459100867,-0.2,0.2084549713979578
linear_gaussian,101,2903,edm,central,0.2,0,0.6968190191002436,0.0001712091394774,0.8,-0.1031809808997564
linear_gaussian,101,2903,edm,central,0.2,1,0.4469570714533684,9.249516490840414e-05,0.5,-0.0530429285466315
linear_gaussian,101,2903,edm,central,0.2,2,-0.2216606171810397,0.0001594977336215,-0.2,-0.0216606171810397
linear_gaussian,101,2903,edm,central,0.1,0,0.6977933279110807,0.0001693870338472,0.8,-0.1022066720889193
linear_gaussian,101,2903,edm,central,0.1,1,0.4482007891947081,9.289299346519928e-05,0.5,-0.0517992108052918
linear_gaussian,101,2903,edm,central,0.1,2,-0.2226988828193887,0.0001637467105107,-0.2,-0.0226988828193887
linear_gaussian,101,2903,edm,central,0.05,0,0.6980342215536016,0.0001689267561358,0.8,-0.1019657784463984
linear_gaussian,101,2903,edm,central,0.05,1,0.4485134599960445,9.299514100896084e-05,0.5,-0.0514865400039554
linear_gaussian,101,2903,edm,central,0.05,2,-0.2229614984891793,0.000164839368549,-0.2,-0.0229614984891793
linear_gaussian,101,2903,edm,boundary,0.2,0,0.5863410132525056,0.0007767453436941,0.8,-0.2136589867474944
linear_gaussian,101,2903,edm,boundary,0.2,1,0.3230703796135943,0.0007222075689449,0.5,-0.1769296203864057
linear_gaussian,101,2903,edm,boundary,0.2,2,-0.1743407943160292,0.0002077777706114,-0.2,0.0256592056839707
linear_gaussian,101,2903,edm,boundary,0.1,0,0.5879321868950099,0.000791805261862,0.8,-0.2120678131049901
linear_gaussian,101,2903,edm,boundary,0.1,1,0.3235165526604271,0.0007347471388713,0.5,-0.1764834473395728
linear_gaussian,101,2903,edm,boundary,0.1,2,-0.1744385272378558,0.0002106047636075,-0.2,0.0255614727621441
linear_gaussian,101,2903,edm,boundary,0.05,0,0.588335178974205,0.0007956575843342,0.8,-0.2116648210257951
linear_gaussian,101,2903,edm,boundary,0.05,1,0.3236306054879782,0.0007379729997053,0.5,-0.1763693945120217
linear_gaussian,101,2903,edm,boundary,0.05,2,-0.1744607818518654,0.0002113419856238,-0.2,0.0255392181481346
linear_gaussian,101,2903,edm,extrapolated,0.2,0,0.153058941566652,0.0006117769073881,0.8,-0.646941058433348
linear_gaussian,101,2903,edm,extrapolated,0.2,1,0.0736851875934219,4.775860646051708e-05,0.5,-0.4263148124065781
linear_gaussian,101,2903,edm,extrapolated,0.2,2,-0.0474093905997242,0.0001406340726843,-0.2,0.1525906094002757
linear_gaussian,101,2903,edm,extrapolated,0.1,0,0.1523617975587839,0.0006100224353233,0.8,-0.6476382024412161
linear_gaussian,101,2903,edm,extrapolated,0.1,1,0.0733503646602116,4.8647535208867585e-05,0.5,-0.4266496353397883
linear_gaussian,101,2903,edm,extrapolated,0.1,2,-0.0472686406692051,0.0001402232596573,-0.2,0.1527313593307948
linear_gaussian,101,2903,edm,extrapolated,0.05,0,0.1521878997663162,0.000609573783981,0.8,-0.6478121002336839
linear_gaussian,101,2903,edm,extrapolated,0.05,1,0.0732669987162548,4.888932563318867e-05,0.5,-0.4267330012837451
linear_gaussian,101,2903,edm,extrapolated,0.05,2,-0.0472334166079642,0.0001401106878529,-0.2,0.1527665833920357
heavy_tailed,202,1701,mdn4,central,0.2,0,1.5497004047379122,0.0058027570337198,1.6,-0.0502995952620879
heavy_tailed,202,1701,mdn4,central,0.2,1,0.7155163876658589,0.0078601904549563,0.5,0.2155163876658589
heavy_tailed,202,1701,mdn4,central,0.2,2,-0.2352091250045097,0.0022573273997837,-0.2,-0.0352091250045097
heavy_tailed,202,1701,mdn4,central,0.1,0,1.5696290796569066,0.0036293825208979,1.6,-0.0303709203430935
heavy_tailed,202,1701,mdn4,central,0.1,1,0.7406698585617705,0.0058679662446844,0.5,0.2406698585617704
heavy_tailed,202,1701,mdn4,central,0.1,2,-0.2502747384094797,0.0035017510169179,-0.2,-0.0502747384094797
heavy_tailed,202,1701,mdn4,central,0.05,0,1.5752731805867723,0.0182148837796243,1.6,-0.0247268194132277
heavy_tailed,202,1701,mdn4,central,0.05,1,0.7415256463418624,0.0103983225248669,0.5,0.2415256463418623
heavy_tailed,202,1701,mdn4,central,0.05,2,-0.2530063010484074,0.0057667919729118,-0.2,-0.0530063010484074
heavy_tailed,202,1701,mdn4,boundary,0.2,0,0.5717288190730013,0.0016900170623188,0.6182383242455304,-0.046509505172529
heavy_tailed,202,1701,mdn4,boundary,0.2,1,0.0177714417753736,0.0023238943046593,0.5,-0.4822285582246263
heavy_tailed,202,1701,mdn4,boundary,0.2,2,-0.1752662390062552,0.000168507578849,-0.2,0.0247337609937447
heavy_tailed,202,1701,mdn4,boundary,0.1,0,0.5481308010882749,0.0026336010974484,0.6182383242455304,-0.0701075231572554
heavy_tailed,202,1701,mdn4,boundary,0.1,1,0.0016377951419381,0.0050751402847666,0.5,-0.4983622048580619
heavy_tailed,202,1701,mdn4,boundary,0.1,2,-0.1795105818847649,0.0026618671035193,-0.2,0.0204894181152351
heavy_tailed,202,1701,mdn4,boundary,0.05,0,0.5382816527620812,0.0048601434634454,0.6182383242455304,-0.0799566714834492
heavy_tailed,202,1701,mdn4,boundary,0.05,1,-0.0038714591894465,0.0058780460877784,0.5,-0.5038714591894465
heavy_tailed,202,1701,mdn4,boundary,0.05,2,-0.1785368506559083,0.0035067613503439,-0.2,0.0214631493440916
heavy_tailed,202,1701,mdn4,extrapolated,0.2,0,-0.1365744695803842,0.00041037144332,1.026929748370581,-1.1635042179509654
heavy_tailed,202,1701,mdn4,extrapolated,0.2,1,-0.2791785886322214,0.0035161963560277,0.5,-0.7791785886322214
heavy_tailed,202,1701,mdn4,extrapolated,0.2,2,-0.0611790288664522,0.00182820944161,-0.2,0.1388209711335477
heavy_tailed,202,1701,mdn4,extrapolated,0.1,0,-0.1371338963745927,0.0016554259238954,1.026929748370581,-1.1640636447451738
heavy_tailed,202,1701,mdn4,extrapolated,0.1,1,-0.2784224802752457,0.004975574006926,0.5,-0.7784224802752457
heavy_tailed,202,1701,mdn4,extrapolated,0.1,2,-0.05970110337429,0.0026694655368359,-0.2,0.14029889662571
heavy_tailed,202,1701,mdn4,extrapolated,0.05,0,-0.1382273899454666,0.0035756275002503,1.026929748370581,-1.1651571383160475
heavy_tailed,202,1701,mdn4,extrapolated,0.05,1,-0.2831014160088613,0.003450626728028,0.5,-0.7831014160088614
heavy_tailed,202,1701,mdn4,extrapolated,0.05,2,-0.0563945635888093,0.0038092956496566,-0.2,0.1436054364111907
