law,data_seed,family,region,event,absolute_error,qualified_fraction,reference_seconds,all_initializations_qualified,qualified_absolute_error,absolute_error_flow,qualified_fraction_flow,reference_seconds_flow,all_initializations_qualified_flow,qualified_absolute_error_flow,paired_qualified,absolute_error_delta_vs_flow
bimodal,101,edm,boundary,common,0.09686698683490134,1.0,0.09445860452251505,True,0.09686698683490134,0.21567523380804698,1.0,0.4346217709826305,True,0.21567523380804698,True,-0.11880824697314564
bimodal,101,edm,boundary,rare,0.022598989191490247,1.0,2.249926062009763,True,0.022598989191490247,0.0340325282842325,1.0,2.1772100210364442,True,0.0340325282842325,True,-0.011433539092742251
bimodal,101,edm,central,common,0.0800911203374865,1.0,0.09472987498156726,True,0.0800911203374865,0.1276871119489818,1.0,0.08940866650664239,True,0.1276871119489818,True,-0.0475959916114953
bimodal,101,edm,central,rare,0.0648598130357395,0.0,2.259185061993776,False,,0.11505550305124995,0.0,2.1692998334765434,False,,False,
bimodal,101,edm,extrapolated,common,0.4174735578086868,0.5,2.278167417010991,False,,0.30951799178164535,0.5,2.1847333329787944,False,,False,
bimodal,101,edm,extrapolated,rare,0.07655214842550864,1.0,0.09553874999983235,True,0.07655214842550864,0.0639709015716709,1.0,0.08924987498903644,True,0.0639709015716709,True,0.012581246853837741
bimodal,101,flow,boundary,common,0.21567523380804698,1.0,0.4346217709826305,True,0.21567523380804698,0.21567523380804698,1.0,0.4346217709826305,True,0.21567523380804698,True,0.0
bimodal,101,flow,boundary,rare,0.0340325282842325,1.0,2.1772100210364442,True,0.0340325282842325,0.0340325282842325,1.0,2.1772100210364442,True,0.0340325282842325,True,0.0
bimodal,101,flow,central,common,0.1276871119489818,1.0,0.08940866650664239,True,0.1276871119489818,0.1276871119489818,1.0,0.08940866650664239,True,0.1276871119489818,True,0.0
bimodal,101,flow,central,rare,0.11505550305124995,0.0,2.1692998334765434,False,,0.11505550305124995,0.0,2.1692998334765434,False,,False,
bimodal,101,flow,extrapolated,common,0.30951799178164535,0.5,2.1847333329787944,False,,0.30951799178164535,0.5,2.1847333329787944,False,,False,
bimodal,101,flow,extrapolated,rare,0.0639709015716709,1.0,0.08924987498903644,True,0.0639709015716709,0.0639709015716709,1.0,0.08924987498903644,True,0.0639709015716709,True,0.0
bimodal,101,gaussian_diag,boundary,common,0.6347811211226502,1.0,0.00789637499838135,True,0.6347811211226502,0.21567523380804698,1.0,0.4346217709826305,True,0.21567523380804698,True,0.4191058873146032
bimodal,101,gaussian_diag,boundary,rare,0.1838636413404981,1.0,0.012549812963698,True,0.1838636413404981,0.0340325282842325,1.0,2.1772100210364442,True,0.0340325282842325,True,0.1498311130562656
bimodal,101,gaussian_diag,central,common,0.9649131689295098,1.0,0.00102799999876875,True,0.9649131689295098,0.1276871119489818,1.0,0.08940866650664239,True,0.1276871119489818,True,0.8372260569805281
bimodal,101,gaussian_diag,central,rare,0.20916005955276265,0.0,0.0125972499954514,False,,0.11505550305124995,0.0,2.1692998334765434,False,,False,
bimodal,101,gaussian_diag,extrapolated,common,0.8453030428238988,0.5,0.01218283348134715,False,,0.30951799178164535,0.5,2.1847333329787944,False,,False,
bimodal,101,gaussian_diag,extrapolated,rare,0.2010053802518271,1.0,0.0032876249752007,True,0.2010053802518271,0.0639709015716709,1.0,0.08924987498903644,True,0.0639709015716709,True,0.1370344786801562
bimodal,101,gaussian_rank2,boundary,common,0.0797520384336925,1.0,0.00446239602752025,True,0.0797520384336925,0.21567523380804698,1.0,0.4346217709826305,True,0.21567523380804698,True,-0.1359231953743545
bimodal,101,gaussian_rank2,boundary,rare,0.34941975699702443,1.0,0.017018916492816,True,0.34941975699702443,0.0340325282842325,1.0,2.1772100210364442,True,0.0340325282842325,True,0.31538722871279196
bimodal,101,gaussian_rank2,central,common,0.2906623657459265,1.0,0.0013714790111407,True,0.2906623657459265,0.1276871119489818,1.0,0.08940866650664239,True,0.1276871119489818,True,0.16297525379694472
bimodal,101,gaussian_rank2,central,rare,0.4720163794986418,0.0,0.0171020415145903,False,,0.11505550305124995,0.0,2.1692998334765434,False,,False,
bimodal,101,gaussian_rank2,extrapolated,common,0.5613907888571317,1.0,0.0028653125045820503,True,0.5613907888571317,0.30951799178164535,0.5,2.1847333329787944,False,,False,
bimodal,101,gaussian_rank2,extrapolated,rare,0.23998356482370395,1.0,0.0027580210007727003,True,0.23998356482370395,0.0639709015716709,1.0,0.08924987498903644,True,0.0639709015716709,True,0.17601266325203305
bimodal,101,gp_rbf,boundary,common,0.5998995900450057,1.0,0.0035887089907191,True,0.5998995900450057,0.21567523380804698,1.0,0.4346217709826305,True,0.21567523380804698,True,0.3842243562369587
bimodal,101,gp_rbf,boundary,rare,0.1987363687258617,1.0,0.0120584159740246,True,0.1987363687258617,0.0340325282842325,1.0,2.1772100210364442,True,0.0340325282842325,True,0.1647038404416292
bimodal,101,gp_rbf,central,common,0.9608739848146745,1.0,0.0015177919995039,True,0.9608739848146745,0.1276871119489818,1.0,0.08940866650664239,True,0.1276871119489818,True,0.8331868728656926
bimodal,101,gp_rbf,central,rare,0.2279514962286347,0.0,0.0112748750252649,False,,0.11505550305124995,0.0,2.1692998334765434,False,,False,
bimodal,101,gp_rbf,extrapolated,common,0.8662982150790554,1.0,0.0015308749862015,True,0.8662982150790554,0.30951799178164535,0.5,2.1847333329787944,False,,False,
bimodal,101,gp_rbf,extrapolated,rare,0.1974399653743113,1.0,0.0107663749950006,True,0.1974399653743113,0.0639709015716709,1.0,0.08924987498903644,True,0.0639709015716709,True,0.1334690638026404
bimodal,101,mdn4,boundary,common,0.1506497600956464,1.0,0.00712110451422625,True,0.1506497600956464,0.21567523380804698,1.0,0.4346217709826305,True,0.21567523380804698,True,-0.06502547371240058
bimodal,101,mdn4,boundary,rare,0.03597948374844545,1.0,0.10053379199234765,True,0.03597948374844545,0.0340325282842325,1.0,2.1772100210364442,True,0.0340325282842325,True,0.001946955464212953
bimodal,101,mdn4,central,common,0.05348832213103125,1.0,0.007595458504511,True,0.05348832213103125,0.1276871119489818,1.0,0.08940866650664239,True,0.1276871119489818,True,-0.07419878981795056
bimodal,101,mdn4,central,rare,0.0623134219295958,0.0,0.16459831298561764,False,,0.11505550305124995,0.0,2.1692998334765434,False,,False,
bimodal,101,mdn4,extrapolated,common,0.3573288801496052,1.0,0.0212550419964827,True,0.3573288801496052,0.30951799178164535,0.5,2.1847333329787944,False,,False,
bimodal,101,mdn4,extrapolated,rare,0.05078668300047955,1.0,0.16338014550274235,True,0.05078668300047955,0.0639709015716709,1.0,0.08924987498903644,True,0.0639709015716709,True,-0.013184218571191349
bimodal,101,ridge,boundary,common,0.0015118670393053,1.0,0.0025272920029237,True,0.0015118670393053,0.21567523380804698,1.0,0.4346217709826305,True,0.21567523380804698,True,-0.21416336676874168
bimodal,101,ridge,boundary,rare,0.417292992033021,1.0,0.0090420829947106,True,0.417292992033021,0.0340325282842325,1.0,2.1772100210364442,True,0.0340325282842325,True,0.3832604637487885
bimodal,101,ridge,central,common,0.3540736518448801,1.0,0.0007141670212149,True,0.3540736518448801,0.1276871119489818,1.0,0.08940866650664239,True,0.1276871119489818,True,0.2263865398958983
bimodal,101,ridge,central,rare,0.1476439731777623,0.0,0.00940083299065,False,,0.11505550305124995,0.0,2.1692998334765434,False,,False,
bimodal,101,ridge,extrapolated,common,0.5907859042053619,0.0,0.009266958979424,False,,0.30951799178164535,0.5,2.1847333329787944,False,,False,
bimodal,101,ridge,extrapolated,rare,0.4387008026282857,1.0,0.0007908329716883,True,0.4387008026282857,0.0639709015716709,1.0,0.08924987498903644,True,0.0639709015716709,True,0.3747299010566148
bimodal,101,student_rank2,boundary,common,0.05086255918914075,1.0,0.00518972950521855,True,0.05086255918914075,0.21567523380804698,1.0,0.4346217709826305,True,0.21567523380804698,True,-0.16481267461890622
bimodal,101,student_rank2,boundary,rare,0.5736938010251915,1.0,0.02038012500270265,True,0.5736938010251915,0.0340325282842325,1.0,2.1772100210364442,True,0.0340325282842325,True,0.539661272740959
bimodal,101,student_rank2,central,common,0.2984929662355379,1.0,0.00160952098667615,True,0.2984929662355379,0.1276871119489818,1.0,0.08940866650664239,True,0.1276871119489818,True,0.1708058542865561
bimodal,101,student_rank2,central,rare,0.8062654341995554,0.0,0.020126666524447452,False,,0.11505550305124995,0.0,2.1692998334765434,False,,False,
bimodal,101,student_rank2,extrapolated,common,0.5945863284024246,1.0,0.0052941250032745,True,0.5945863284024246,0.30951799178164535,0.5,2.1847333329787944,False,,False,
bimodal,101,student_rank2,extrapolated,rare,0.24409803118849005,0.5,0.0128450834890827,False,,0.0639709015716709,1.0,0.08924987498903644,True,0.0639709015716709,False,
bimodal,101,transformer_mdn4,boundary,common,0.1364660244993317,1.0,0.07006814598571505,True,0.1364660244993317,0.21567523380804698,1.0,0.4346217709826305,True,0.21567523380804698,True,-0.07920920930871528
bimodal,101,transformer_mdn4,boundary,rare,0.056908646629171646,1.0,0.9471676460234448,True,0.056908646629171646,0.0340325282842325,1.0,2.1772100210364442,True,0.0340325282842325,True,0.022876118344939148
bimodal,101,transformer_mdn4,central,common,0.29625392690497454,1.0,0.0707821669930126,True,0.29625392690497454,0.1276871119489818,1.0,0.08940866650664239,True,0.1276871119489818,True,0.16856681495599274
bimodal,101,transformer_mdn4,central,rare,0.07206959646125875,0.0,1.5899592915084213,False,,0.11505550305124995,0.0,2.1692998334765434,False,,False,
bimodal,101,transformer_mdn4,extrapolated,common,0.16926548172122785,1.0,0.36658439552411437,True,0.16926548172122785,0.30951799178164535,0.5,2.1847333329787944,False,,False,
bimodal,101,transformer_mdn4,extrapolated,rare,0.020905946777155453,1.0,0.36390022948035033,True,0.020905946777155453,0.0639709015716709,1.0,0.08924987498903644,True,0.0639709015716709,True,-0.04306495479451545
bimodal,202,edm,boundary,common,0.11731010188587035,1.0,0.0942012710147537,True,0.11731010188587035,0.0863838379863749,1.0,0.26224389599519776,True,0.0863838379863749,True,0.030926263899495446
bimodal,202,edm,boundary,rare,0.07948291760828315,0.5,2.246556521015009,False,,0.0996097545969344,0.5,2.172173291502986,False,,False,
bimodal,202,edm,central,common,0.0513190300204907,1.0,0.09455291650374414,True,0.0513190300204907,0.03935628735714925,1.0,0.0894629584799986,True,0.03935628735714925,True,0.01196274266334145
bimodal,202,edm,central,rare,0.055772877179512,0.0,2.226156082964735,False,,0.061488288858297546,0.0,2.1996991250198334,False,,False,
bimodal,202,edm,extrapolated,common,0.5229523905065618,0.5,1.3400030210032128,False,,0.343709256497491,0.0,2.1480642080132384,False,,False,
bimodal,202,edm,extrapolated,rare,0.05244442694125,1.0,0.27799254149431357,True,0.05244442694125,0.11357909341647575,1.0,0.08953589599695985,True,0.11357909341647575,True,-0.06113466647522575
bimodal,202,flow,boundary,common,0.0863838379863749,1.0,0.26224389599519776,True,0.0863838379863749,0.0863838379863749,1.0,0.26224389599519776,True,0.0863838379863749,True,0.0
bimodal,202,flow,boundary,rare,0.0996097545969344,0.5,2.172173291502986,False,,0.0996097545969344,0.5,2.172173291502986,False,,False,
bimodal,202,flow,central,common,0.03935628735714925,1.0,0.0894629584799986,True,0.03935628735714925,0.03935628735714925,1.0,0.0894629584799986,True,0.03935628735714925,True,0.0
bimodal,202,flow,central,rare,0.061488288858297546,0.0,2.1996991250198334,False,,0.061488288858297546,0.0,2.1996991250198334,False,,False,
bimodal,202,flow,extrapolated,common,0.343709256497491,0.0,2.1480642080132384,False,,0.343709256497491,0.0,2.1480642080132384,False,,False,
bimodal,202,flow,extrapolated,rare,0.11357909341647575,1.0,0.08953589599695985,True,0.11357909341647575,0.11357909341647575,1.0,0.08953589599695985,True,0.11357909341647575,True,0.0
bimodal,202,gaussian_diag,boundary,common,0.642680172013048,1.0,0.0033039375266525504,True,0.642680172013048,0.0863838379863749,1.0,0.26224389599519776,True,0.0863838379863749,True,0.556296334026673
bimodal,202,gaussian_diag,boundary,rare,0.1924458461065447,1.0,0.0121665415063034,True,0.1924458461065447,0.0996097545969344,0.5,2.172173291502986,False,,False,
bimodal,202,gaussian_diag,central,common,0.9626290504534628,1.0,0.0012066249619237502,True,0.9626290504534628,0.03935628735714925,1.0,0.0894629584799986,True,0.03935628735714925,True,0.9232727630963136
bimodal,202,gaussian_diag,central,rare,0.23244763649605016,0.0,0.0126174164761323,False,,0.061488288858297546,0.0,2.1996991250198334,False,,False,
bimodal,202,gaussian_diag,extrapolated,common,0.8513885774358159,1.0,0.01222102102474305,True,0.8513885774358159,0.343709256497491,0.0,2.1480642080132384,False,,False,
bimodal,202,gaussian_diag,extrapolated,rare,0.19052219608832238,1.0,0.00338843750068915,True,0.19052219608832238,0.11357909341647575,1.0,0.08953589599695985,True,0.11357909341647575,True,0.07694310267184663
bimodal,202,gaussian_rank2,boundary,common,0.072725780061109,1.0,0.004405020998092301,True,0.072725780061109,0.0863838379863749,1.0,0.26224389599519776,True,0.0863838379863749,True,-0.013658057925265907
bimodal,202,gaussian_rank2,boundary,rare,0.3919605995593126,1.0,0.0169106040266342,True,0.3919605995593126,0.0996097545969344,0.5,2.172173291502986,False,,False,
bimodal,202,gaussian_rank2,central,common,0.2572806219241794,1.0,0.00141066699870855,True,0.2572806219241794,0.03935628735714925,1.0,0.0894629584799986,True,0.03935628735714925,True,0.21792433456703014
bimodal,202,gaussian_rank2,central,rare,0.5803999620233968,0.0,0.01712518747081045,False,,0.061488288858297546,0.0,2.1996991250198334,False,,False,
bimodal,202,gaussian_rank2,extrapolated,common,0.7372912818465052,1.0,0.010496854491066101,True,0.7372912818465052,0.343709256497491,0.0,2.1480642080132384,False,,False,
bimodal,202,gaussian_rank2,extrapolated,rare,0.19055394125317043,1.0,0.00112635400728315,True,0.19055394125317043,0.11357909341647575,1.0,0.08953589599695985,True,0.11357909341647575,True,0.07697484783669468
bimodal,202,gp_rbf,boundary,common,0.6316082808449945,1.0,0.0039560419972985,True,0.6316082808449945,0.0863838379863749,1.0,0.26224389599519776,True,0.0863838379863749,True,0.5452244428586196
bimodal,202,gp_rbf,boundary,rare,0.1939189219053012,1.0,0.0116883750306442,True,0.1939189219053012,0.0996097545969344,0.5,2.172173291502986,False,,False,
bimodal,202,gp_rbf,central,common,0.9619312749079544,1.0,0.0015813749632798,True,0.9619312749079544,0.03935628735714925,1.0,0.0894629584799986,True,0.03935628735714925,True,0.9225749875508051
bimodal,202,gp_rbf,central,rare,0.2644167393261401,0.0,0.0120998329948633,False,,0.061488288858297546,0.0,2.1996991250198334,False,,False,
bimodal,202,gp_rbf,extrapolated,common,0.8254546012813432,1.0,0.0012524999910965,True,0.8254546012813432,0.343709256497491,0.0,2.1480642080132384,False,,False,
bimodal,202,gp_rbf,extrapolated,rare,0.1790179185029157,0.0,0.0112408330314792,False,,0.11357909341647575,1.0,0.08953589599695985,True,0.11357909341647575,False,
bimodal,202,mdn4,boundary,common,0.06692358800826109,1.0,0.0073585835052654,True,0.06692358800826109,0.0863838379863749,1.0,0.26224389599519776,True,0.0863838379863749,True,-0.01946024997811381
bimodal,202,mdn4,boundary,rare,0.04856904822716865,1.0,0.09920900053111831,True,0.04856904822716865,0.0996097545969344,0.5,2.172173291502986,False,,False,
bimodal,202,mdn4,central,common,0.0505734422279975,1.0,0.0074198749789502,True,0.0505734422279975,0.03935628735714925,1.0,0.0894629584799986,True,0.03935628735714925,True,0.011217154870848248
bimodal,202,mdn4,central,rare,0.0539831077590116,0.0,0.16198299950337963,False,,0.061488288858297546,0.0,2.1996991250198334,False,,False,
bimodal,202,mdn4,extrapolated,common,0.10790897580187231,1.0,0.0996500629989896,True,0.10790897580187231,0.343709256497491,0.0,2.1480642080132384,False,,False,
bimodal,202,mdn4,extrapolated,rare,0.07011900561246301,1.0,0.0353452914860099,True,0.07011900561246301,0.11357909341647575,1.0,0.08953589599695985,True,0.11357909341647575,True,-0.04346008780401274
bimodal,202,ridge,boundary,common,0.0139704644872017,1.0,0.0026741249603219,True,0.0139704644872017,0.0863838379863749,1.0,0.26224389599519776,True,0.0863838379863749,True,-0.0724133734991732
bimodal,202,ridge,boundary,rare,0.4624223713788422,1.0,0.009363624965772,True,0.4624223713788422,0.0996097545969344,0.5,2.172173291502986,False,,False,
bimodal,202,ridge,central,common,0.3218421603550002,1.0,0.0007464999798685,True,0.3218421603550002,0.03935628735714925,1.0,0.0894629584799986,True,0.03935628735714925,True,0.28248587299785094
bimodal,202,ridge,central,rare,0.5019310080300788,0.0,0.0089674170012585,False,,0.061488288858297546,0.0,2.1996991250198334,False,,False,
bimodal,202,ridge,extrapolated,common,0.6073055647093698,0.0,0.0096417499589733,False,,0.343709256497491,0.0,2.1480642080132384,False,,False,
bimodal,202,ridge,extrapolated,rare,0.4502343492499653,1.0,0.0007675839588046,True,0.4502343492499653,0.11357909341647575,1.0,0.08953589599695985,True,0.11357909341647575,True,0.33665525583348954
bimodal,202,student_rank2,boundary,common,0.1055270551317889,1.0,0.0123782914888579,True,0.1055270551317889,0.0863838379863749,1.0,0.26224389599519776,True,0.0863838379863749,True,0.01914321714541399
bimodal,202,student_rank2,boundary,rare,0.6919391951846827,0.5,0.0199231875012628,False,,0.0996097545969344,0.5,2.172173291502986,False,,False,
bimodal,202,student_rank2,central,common,0.2547193541528593,1.0,0.00150031247176225,True,0.2547193541528593,0.03935628735714925,1.0,0.0894629584799986,True,0.03935628735714925,True,0.21536306679571005
bimodal,202,student_rank2,central,rare,0.8419719692996465,0.0,0.01971895803580985,False,,0.061488288858297546,0.0,2.1996991250198334,False,,False,
bimodal,202,student_rank2,extrapolated,common,0.6874704460619947,0.0,0.02012535399990155,False,,0.343709256497491,0.0,2.1480642080132384,False,,False,
bimodal,202,student_rank2,extrapolated,rare,0.15422485970882904,1.0,0.0033271664869971,True,0.15422485970882904,0.11357909341647575,1.0,0.08953589599695985,True,0.11357909341647575,True,0.040645766292353294
bimodal,202,transformer_mdn4,boundary,common,0.09411857446708785,1.0,0.07051625000894995,True,0.09411857446708785,0.0863838379863749,1.0,0.26224389599519776,True,0.0863838379863749,True,0.007734736480712948
bimodal,202,transformer_mdn4,boundary,rare,0.23802839943379406,0.5,1.5556758544989862,False,,0.0996097545969344,0.5,2.172173291502986,False,,False,
bimodal,202,transformer_mdn4,central,common,0.07670349244639535,1.0,0.07094712450634685,True,0.07670349244639535,0.03935628735714925,1.0,0.0894629584799986,True,0.03935628735714925,True,0.0373472050892461
bimodal,202,transformer_mdn4,central,rare,0.10779338980467255,0.0,1.5799633960123174,False,,0.061488288858297546,0.0,2.1996991250198334,False,,False,
bimodal,202,transformer_mdn4,extrapolated,common,0.213254227129959,1.0,0.9459554585337173,True,0.213254227129959,0.343709256497491,0.0,2.1480642080132384,False,,False,
bimodal,202,transformer_mdn4,extrapolated,rare,0.0283868915125818,1.0,0.972867104515899,True,0.0283868915125818,0.11357909341647575,1.0,0.08953589599695985,True,0.11357909341647575,True,-0.08519220190389395
bimodal,303,edm,boundary,common,0.09310598897932305,1.0,0.2766359379747882,True,0.09310598897932305,0.15724831495901964,1.0,0.4587162079988047,True,0.15724831495901964,True,-0.06414232597969659
bimodal,303,edm,boundary,rare,0.027366636367554847,0.5,2.26563766648178,False,,0.12453512376836985,0.5,2.1617737709893845,False,,False,
bimodal,303,edm,central,common,0.10091998250598445,1.0,0.0943832084885798,True,0.10091998250598445,0.20241904226002533,1.0,0.08895074995234604,True,0.20241904226002533,True,-0.10149905975404087
bimodal,303,edm,central,rare,0.21460484506766545,0.0,2.2365495830017608,False,,0.16388492665021145,0.0,2.158485271007521,False,,False,
bimodal,303,edm,extrapolated,common,0.43559151682262753,0.5,1.3425792704802006,False,,0.31778902585790314,0.5,2.1551346459891647,False,,False,
bimodal,303,edm,extrapolated,rare,0.0764767043315718,1.0,0.09432627097703515,True,0.0764767043315718,0.1923050735577096,1.0,0.08893187498324545,True,0.1923050735577096,True,-0.11582836922613779
bimodal,303,flow,boundary,common,0.15724831495901964,1.0,0.4587162079988047,True,0.15724831495901964,0.15724831495901964,1.0,0.4587162079988047,True,0.15724831495901964,True,0.0
bimodal,303,flow,boundary,rare,0.12453512376836985,0.5,2.1617737709893845,False,,0.12453512376836985,0.5,2.1617737709893845,False,,False,
bimodal,303,flow,central,common,0.20241904226002533,1.0,0.08895074995234604,True,0.20241904226002533,0.20241904226002533,1.0,0.08895074995234604,True,0.20241904226002533,True,0.0
bimodal,303,flow,central,rare,0.16388492665021145,0.0,2.158485271007521,False,,0.16388492665021145,0.0,2.158485271007521,False,,False,
bimodal,303,flow,extrapolated,common,0.31778902585790314,0.5,2.1551346459891647,False,,0.31778902585790314,0.5,2.1551346459891647,False,,False,
bimodal,303,flow,extrapolated,rare,0.1923050735577096,1.0,0.08893187498324545,True,0.1923050735577096,0.1923050735577096,1.0,0.08893187498324545,True,0.1923050735577096,True,0.0
bimodal,303,gaussian_diag,boundary,common,0.5933893677111772,1.0,0.003277000010712,True,0.5933893677111772,0.15724831495901964,1.0,0.4587162079988047,True,0.15724831495901964,True,0.4361410527521576
bimodal,303,gaussian_diag,boundary,rare,0.1730927610715769,1.0,0.012687292008195,True,0.1730927610715769,0.12453512376836985,0.5,2.1617737709893845,False,,False,
bimodal,303,gaussian_diag,central,common,0.9645335860640671,1.0,0.00131970850634385,True,0.9645335860640671,0.20241904226002533,1.0,0.08895074995234604,True,0.20241904226002533,True,0.7621145438040418
bimodal,303,gaussian_diag,central,rare,0.1652882316884439,0.0,0.012617603992111901,False,,0.16388492665021145,0.0,2.158485271007521,False,,False,
bimodal,303,gaussian_diag,extrapolated,common,0.8573716196596436,0.5,0.00766545848455275,False,,0.31778902585790314,0.5,2.1551346459891647,False,,False,
bimodal,303,gaussian_diag,extrapolated,rare,0.1730757359616619,1.0,0.0032711040112189003,True,0.1730757359616619,0.1923050735577096,1.0,0.08893187498324545,True,0.1923050735577096,True,-0.019229337596047696
bimodal,303,gaussian_rank2,boundary,common,0.013273163050141201,1.0,0.00457727053435515,True,0.013273163050141201,0.15724831495901964,1.0,0.4587162079988047,True,0.15724831495901964,True,-0.14397515190887844
bimodal,303,gaussian_rank2,boundary,rare,0.4172551992682136,1.0,0.01686795850400805,True,0.4172551992682136,0.12453512376836985,0.5,2.1617737709893845,False,,False,
bimodal,303,gaussian_rank2,central,common,0.33736292779946786,1.0,0.001410291501088,True,0.33736292779946786,0.20241904226002533,1.0,0.08895074995234604,True,0.20241904226002533,True,0.13494388553944253
bimodal,303,gaussian_rank2,central,rare,0.35681990999420354,0.0,0.017010104493238,False,,0.16388492665021145,0.0,2.158485271007521,False,,False,
bimodal,303,gaussian_rank2,extrapolated,common,0.6178215997475398,0.5,0.01713547899271355,False,,0.31778902585790314,0.5,2.1551346459891647,False,,False,
bimodal,303,gaussian_rank2,extrapolated,rare,0.062157060415387405,1.0,0.00448100001085545,True,0.062157060415387405,0.1923050735577096,1.0,0.08893187498324545,True,0.1923050735577096,True,-0.1301480131423222
bimodal,303,gp_rbf,boundary,common,0.577831743137786,1.0,0.00123833399266,True,0.577831743137786,0.15724831495901964,1.0,0.4587162079988047,True,0.15724831495901964,True,0.4205834281787663
bimodal,303,gp_rbf,boundary,rare,0.1990368079776049,1.0,0.0130693750106729,True,0.1990368079776049,0.12453512376836985,0.5,2.1617737709893845,False,,False,
bimodal,303,gp_rbf,central,common,0.9632811799428036,1.0,0.0014862089883536,True,0.9632811799428036,0.20241904226002533,1.0,0.08895074995234604,True,0.20241904226002533,True,0.7608621376827782
bimodal,303,gp_rbf,central,rare,0.1774896910823609,0.0,0.0110398340038955,False,,0.16388492665021145,0.0,2.158485271007521,False,,False,
bimodal,303,gp_rbf,extrapolated,common,0.8482302772540906,1.0,0.0012191670248284,True,0.8482302772540906,0.31778902585790314,0.5,2.1551346459891647,False,,False,
bimodal,303,gp_rbf,extrapolated,rare,0.1514246309413145,1.0,0.0114791670348495,True,0.1514246309413145,0.1923050735577096,1.0,0.08893187498324545,True,0.1923050735577096,True,-0.04088044261639509
bimodal,303,mdn4,boundary,common,0.024453549088390352,1.0,0.0071036874724086,True,0.024453549088390352,0.15724831495901964,1.0,0.4587162079988047,True,0.15724831495901964,True,-0.1327947658706293
bimodal,303,mdn4,boundary,rare,0.05244261560082165,1.0,0.0970893125049769,True,0.05244261560082165,0.12453512376836985,0.5,2.1617737709893845,False,,False,
bimodal,303,mdn4,central,common,0.06972044811281661,1.0,0.0075300835014786,True,0.06972044811281661,0.20241904226002533,1.0,0.08895074995234604,True,0.20241904226002533,True,-0.13269859414720872
bimodal,303,mdn4,central,rare,0.0768449641152825,0.0,0.1601224164769519,False,,0.16388492665021145,0.0,2.158485271007521,False,,False,
bimodal,303,mdn4,extrapolated,common,0.5406256759386421,1.0,0.03405387498787595,True,0.5406256759386421,0.31778902585790314,0.5,2.1551346459891647,False,,False,
bimodal,303,mdn4,extrapolated,rare,0.15602250442565324,1.0,0.03527683348511345,True,0.15602250442565324,0.1923050735577096,1.0,0.08893187498324545,True,0.1923050735577096,True,-0.03628256913205635
bimodal,303,ridge,boundary,common,0.0174326212373469,1.0,0.0024527499917894,True,0.0174326212373469,0.15724831495901964,1.0,0.4587162079988047,True,0.15724831495901964,True,-0.13981569372167274
bimodal,303,ridge,boundary,rare,0.4177031566395452,1.0,0.009156415995676,True,0.4177031566395452,0.12453512376836985,0.5,2.1617737709893845,False,,False,
bimodal,303,ridge,central,common,0.3464295690535868,1.0,0.0008674170239828,True,0.3464295690535868,0.20241904226002533,1.0,0.08895074995234604,True,0.20241904226002533,True,0.14401052679356147
bimodal,303,ridge,central,rare,0.4330468720557938,0.0,0.0091885419678874,False,,0.16388492665021145,0.0,2.158485271007521,False,,False,
bimodal,303,ridge,extrapolated,common,0.6973692884113878,0.0,0.0091522919829003,False,,0.31778902585790314,0.5,2.1551346459891647,False,,False,
bimodal,303,ridge,extrapolated,rare,0.4512297288233442,1.0,0.0007222080021165,True,0.4512297288233442,0.1923050735577096,1.0,0.08893187498324545,True,0.1923050735577096,True,0.25892465526563463
bimodal,303,student_rank2,boundary,common,0.21995930138943887,1.0,0.005127354525029651,True,0.21995930138943887,0.15724831495901964,1.0,0.4587162079988047,True,0.15724831495901964,True,0.06271098643041922
bimodal,303,student_rank2,boundary,rare,0.8333539358873676,0.5,0.0201187499915249,False,,0.12453512376836985,0.5,2.1617737709893845,False,,False,
bimodal,303,student_rank2,central,common,0.3119563362882293,1.0,0.0014596249966416,True,0.3119563362882293,0.20241904226002533,1.0,0.08895074995234604,True,0.20241904226002533,True,0.10953729402820395
bimodal,303,student_rank2,central,rare,0.892520952395125,0.0,0.01995470849215045,False,,0.16388492665021145,0.0,2.158485271007521,False,,False,
bimodal,303,student_rank2,extrapolated,common,0.28006742680021757,0.0,0.02015420849784275,False,,0.31778902585790314,0.5,2.1551346459891647,False,,False,
bimodal,303,student_rank2,extrapolated,rare,0.11317659279737091,1.0,0.0198286249651573,True,0.11317659279737091,0.1923050735577096,1.0,0.08893187498324545,True,0.1923050735577096,True,-0.07912848076033868
bimodal,303,transformer_mdn4,boundary,common,0.123019551244032,1.0,0.21310460401582532,True,0.123019551244032,0.15724831495901964,1.0,0.4587162079988047,True,0.15724831495901964,True,-0.03422876371498765
bimodal,303,transformer_mdn4,boundary,rare,0.01372566571625255,0.5,1.533770687499782,False,,0.12453512376836985,0.5,2.1617737709893845,False,,False,
bimodal,303,transformer_mdn4,central,common,0.24249217010086188,1.0,0.06962870797724455,True,0.24249217010086188,0.20241904226002533,1.0,0.08895074995234604,True,0.20241904226002533,True,0.04007312784083655
bimodal,303,transformer_mdn4,central,rare,0.0522145728676966,0.0,1.5731245004863013,False,,0.16388492665021145,0.0,2.158485271007521,False,,False,
bimodal,303,transformer_mdn4,extrapolated,common,0.19177514286878866,1.0,1.536440791998757,True,0.19177514286878866,0.31778902585790314,0.5,2.1551346459891647,False,,False,
bimodal,303,transformer_mdn4,extrapolated,rare,0.06504908168913474,1.0,0.36270304198842496,True,0.06504908168913474,0.1923050735577096,1.0,0.08893187498324545,True,0.1923050735577096,True,-0.12725599186857484
heavy_tailed,101,edm,boundary,common,0.3506328772169724,1.0,1.3567707290349063,True,0.3506328772169724,0.1989174860277794,1.0,2.1667247710283846,True,0.1989174860277794,True,0.151715391189193
heavy_tailed,101,edm,boundary,rare,0.5828252963961769,0.5,2.2416479164967313,False,,0.4425480086903596,0.0,2.1573771460098214,False,,False,
heavy_tailed,101,edm,central,common,0.0273964323702244,1.0,0.0948386874806601,True,0.0273964323702244,0.0463359711606742,1.0,0.0890998330141883,True,0.0463359711606742,True,-0.018939538790449798
heavy_tailed,101,edm,central,rare,0.5586707754103521,0.0,2.235369834001176,False,,0.4702466319190083,0.0,2.1910807919630315,False,,False,
heavy_tailed,101,edm,extrapolated,common,0.597851428194575,0.0,2.237044979527127,False,,0.5189452586188752,0.0,2.1686558755172882,False,,False,
heavy_tailed,101,edm,extrapolated,rare,0.2876680252965147,1.0,0.094374437991064,True,0.2876680252965147,0.212820691830423,1.0,0.08918010402703655,True,0.212820691830423,True,0.07484733346609171
heavy_tailed,101,flow,boundary,common,0.1989174860277794,1.0,2.1667247710283846,True,0.1989174860277794,0.1989174860277794,1.0,2.1667247710283846,True,0.1989174860277794,True,0.0
heavy_tailed,101,flow,boundary,rare,0.4425480086903596,0.0,2.1573771460098214,False,,0.4425480086903596,0.0,2.1573771460098214,False,,False,
heavy_tailed,101,flow,central,common,0.0463359711606742,1.0,0.0890998330141883,True,0.0463359711606742,0.0463359711606742,1.0,0.0890998330141883,True,0.0463359711606742,True,0.0
heavy_tailed,101,flow,central,rare,0.4702466319190083,0.0,2.1910807919630315,False,,0.4702466319190083,0.0,2.1910807919630315,False,,False,
heavy_tailed,101,flow,extrapolated,common,0.5189452586188752,0.0,2.1686558755172882,False,,0.5189452586188752,0.0,2.1686558755172882,False,,False,
heavy_tailed,101,flow,extrapolated,rare,0.212820691830423,1.0,0.08918010402703655,True,0.212820691830423,0.212820691830423,1.0,0.08918010402703655,True,0.212820691830423,True,0.0
heavy_tailed,101,gaussian_diag,boundary,common,0.5631928507566991,1.0,0.0032282709726132,True,0.5631928507566991,0.1989174860277794,1.0,2.1667247710283846,True,0.1989174860277794,True,0.36427536472891975
heavy_tailed,101,gaussian_diag,boundary,rare,0.7443070192850638,1.0,0.0121641459991224,True,0.7443070192850638,0.4425480086903596,0.0,2.1573771460098214,False,,False,
heavy_tailed,101,gaussian_diag,central,common,0.1735857768724087,1.0,0.0009459580178372,True,0.1735857768724087,0.0463359711606742,1.0,0.0890998330141883,True,0.0463359711606742,True,0.1272498057117345
heavy_tailed,101,gaussian_diag,central,rare,0.6126487232254463,0.0,0.0127021039661485,False,,0.4702466319190083,0.0,2.1910807919630315,False,,False,
heavy_tailed,101,gaussian_diag,extrapolated,common,0.6952952575154334,0.0,0.01219904149184,False,,0.5189452586188752,0.0,2.1686558755172882,False,,False,
heavy_tailed,101,gaussian_diag,extrapolated,rare,0.41233226567644876,1.0,0.00317393697332585,True,0.41233226567644876,0.212820691830423,1.0,0.08918010402703655,True,0.212820691830423,True,0.19951157384602577
heavy_tailed,101,gaussian_rank2,boundary,common,0.4044460955324784,1.0,0.0047059374919625994,True,0.4044460955324784,0.1989174860277794,1.0,2.1667247710283846,True,0.1989174860277794,True,0.205528609504699
heavy_tailed,101,gaussian_rank2,boundary,rare,0.5916172228873866,1.0,0.010710958013078151,True,0.5916172228873866,0.4425480086903596,0.0,2.1573771460098214,False,,False,
heavy_tailed,101,gaussian_rank2,central,common,0.0554374758648703,1.0,0.0012618750042747,True,0.0554374758648703,0.0463359711606742,1.0,0.0890998330141883,True,0.0463359711606742,True,0.0091015047041961
heavy_tailed,101,gaussian_rank2,central,rare,0.4535750609445588,0.0,0.017466624994995,False,,0.4702466319190083,0.0,2.1910807919630315,False,,False,
heavy_tailed,101,gaussian_rank2,extrapolated,common,0.517528030535208,0.0,0.01688724997802635,False,,0.5189452586188752,0.0,2.1686558755172882,False,,False,
heavy_tailed,101,gaussian_rank2,extrapolated,rare,0.24185415836766355,1.0,0.0028052289853803002,True,0.24185415836766355,0.212820691830423,1.0,0.08918010402703655,True,0.212820691830423,True,0.029033466537240565
heavy_tailed,101,gp_rbf,boundary,common,0.5774227235403522,1.0,0.0035909159923903,True,0.5774227235403522,0.1989174860277794,1.0,2.1667247710283846,True,0.1989174860277794,True,0.3785052375125728
heavy_tailed,101,gp_rbf,boundary,rare,0.7415218967276528,1.0,0.0112127080210484,True,0.7415218967276528,0.4425480086903596,0.0,2.1573771460098214,False,,False,
heavy_tailed,101,gp_rbf,central,common,0.1713221889568377,1.0,0.0016589590231887,True,0.1713221889568377,0.0463359711606742,1.0,0.0890998330141883,True,0.0463359711606742,True,0.1249862177961635
heavy_tailed,101,gp_rbf,central,rare,0.5510820838612712,0.0,0.0111927080433815,False,,0.4702466319190083,0.0,2.1910807919630315,False,,False,
heavy_tailed,101,gp_rbf,extrapolated,common,0.7057056295720056,0.0,0.0012167079839855,False,,0.5189452586188752,0.0,2.1686558755172882,False,,False,
heavy_tailed,101,gp_rbf,extrapolated,rare,0.399190313747939,1.0,0.003556124982424,True,0.399190313747939,0.212820691830423,1.0,0.08918010402703655,True,0.212820691830423,True,0.18636962191751602
heavy_tailed,101,mdn4,boundary,common,0.1209204026887373,1.0,0.1620447704917751,True,0.1209204026887373,0.1989174860277794,1.0,2.1667247710283846,True,0.1989174860277794,True,-0.0779970833390421
heavy_tailed,101,mdn4,boundary,rare,0.48900742223977345,0.0,0.1601251039828639,False,,0.4425480086903596,0.0,2.1573771460098214,False,,False,
heavy_tailed,101,mdn4,central,common,0.016074519830226848,1.0,0.0075429795251693,True,0.016074519830226848,0.0463359711606742,1.0,0.0890998330141883,True,0.0463359711606742,True,-0.030261451330447352
heavy_tailed,101,mdn4,central,rare,0.47407509374724516,0.0,0.15850687498459584,False,,0.4702466319190083,0.0,2.1910807919630315,False,,False,
heavy_tailed,101,mdn4,extrapolated,common,0.3255726538007245,0.0,0.098349625011906,False,,0.5189452586188752,0.0,2.1686558755172882,False,,False,
heavy_tailed,101,mdn4,extrapolated,rare,0.28604729169585075,1.0,0.0207066459988709,True,0.28604729169585075,0.212820691830423,1.0,0.08918010402703655,True,0.212820691830423,True,0.07322659986542776
heavy_tailed,101,ridge,boundary,common,0.3831273750310631,1.0,0.00251570797991,True,0.3831273750310631,0.1989174860277794,1.0,2.1667247710283846,True,0.1989174860277794,True,0.1842098890032837
heavy_tailed,101,ridge,boundary,rare,0.5401254742229287,1.0,0.0092236670316196,True,0.5401254742229287,0.4425480086903596,0.0,2.1573771460098214,False,,False,
heavy_tailed,101,ridge,central,common,0.0235673005813918,1.0,0.0007380840252153,True,0.0235673005813918,0.0463359711606742,1.0,0.0890998330141883,True,0.0463359711606742,True,-0.0227686705792824
heavy_tailed,101,ridge,central,rare,0.3620989152438726,0.0,0.009095209010411,False,,0.4702466319190083,0.0,2.1910807919630315,False,,False,
heavy_tailed,101,ridge,extrapolated,common,0.7405622928914436,0.0,0.0091092500369995,False,,0.5189452586188752,0.0,2.1686558755172882,False,,False,
heavy_tailed,101,ridge,extrapolated,rare,0.222799867163183,1.0,0.0006728750304318,True,0.222799867163183,0.212820691830423,1.0,0.08918010402703655,True,0.212820691830423,True,0.00997917533276002
heavy_tailed,101,student_rank2,boundary,common,0.20270416054733637,1.0,0.02004266652511425,True,0.20270416054733637,0.1989174860277794,1.0,2.1667247710283846,True,0.1989174860277794,True,0.0037866745195569707
heavy_tailed,101,student_rank2,boundary,rare,0.24691964774848746,0.0,0.01975660448078995,False,,0.4425480086903596,0.0,2.1573771460098214,False,,False,
heavy_tailed,101,student_rank2,central,common,0.02383212693810435,1.0,0.0016894580039661,True,0.02383212693810435,0.0463359711606742,1.0,0.0890998330141883,True,0.0463359711606742,True,-0.02250384422256985
heavy_tailed,101,student_rank2,central,rare,0.3260698718985374,0.0,0.01984085401636545,False,,0.4702466319190083,0.0,2.1910807919630315,False,,False,
heavy_tailed,101,student_rank2,extrapolated,common,0.4107923905462594,0.0,0.01231645798543465,False,,0.5189452586188752,0.0,2.1686558755172882,False,,False,
heavy_tailed,101,student_rank2,extrapolated,rare,0.1855520084865363,1.0,0.0051496875239536,True,0.1855520084865363,0.212820691830423,1.0,0.08918010402703655,True,0.212820691830423,True,-0.027268683343886685
heavy_tailed,101,transformer_mdn4,boundary,common,0.16424514960528214,1.0,0.9525394794763997,True,0.16424514960528214,0.1989174860277794,1.0,2.1667247710283846,True,0.1989174860277794,True,-0.03467233642249726
heavy_tailed,101,transformer_mdn4,boundary,rare,0.5942752180415904,0.0,1.5407992084801663,False,,0.4425480086903596,0.0,2.1573771460098214,False,,False,
heavy_tailed,101,transformer_mdn4,central,common,0.0766971296400189,1.0,0.0704196044825948,True,0.0766971296400189,0.0463359711606742,1.0,0.0890998330141883,True,0.0463359711606742,True,0.030361158479344702
heavy_tailed,101,transformer_mdn4,central,rare,0.5297486432646631,0.0,1.551290353992954,False,,0.4702466319190083,0.0,2.1910807919630315,False,,False,
heavy_tailed,101,transformer_mdn4,extrapolated,common,0.27519361343724597,0.0,0.9527972289652098,False,,0.5189452586188752,0.0,2.1686558755172882,False,,False,
heavy_tailed,101,transformer_mdn4,extrapolated,rare,0.29919666755383983,1.0,0.9625322910142131,True,0.29919666755383983,0.212820691830423,1.0,0.08918010402703655,True,0.212820691830423,True,0.08637597572341685
heavy_tailed,202,edm,boundary,common,0.40481193155429496,1.0,2.243469229491893,True,0.40481193155429496,0.039163037638842255,1.0,2.2087900415062904,True,0.039163037638842255,True,0.3656488939154527
heavy_tailed,202,edm,boundary,rare,0.6087354442703351,0.0,2.2603220000164583,False,,0.5540379771194923,1.0,2.183700437512016,True,0.5540379771194923,False,
heavy_tailed,202,edm,central,common,0.0148547951809815,1.0,0.09457325001130805,True,0.0148547951809815,0.0230842461454847,1.0,0.0893393750011455,True,0.0230842461454847,True,-0.0082294509645032
heavy_tailed,202,edm,central,rare,1.032463995306957,0.0,2.2392426249862183,False,,0.911841012884769,0.0,2.161973895999836,False,,False,
heavy_tailed,202,edm,extrapolated,common,0.7252106967881075,0.0,2.255536583485082,False,,0.2458007830153259,0.0,2.155172707978636,False,,False,
heavy_tailed,202,edm,extrapolated,rare,0.32459787766083725,1.0,0.09398910350864745,True,0.32459787766083725,0.14082685689172786,1.0,0.0889047289965674,True,0.14082685689172786,True,0.1837710207691094
heavy_tailed,202,flow,boundary,common,0.039163037638842255,1.0,2.2087900415062904,True,0.039163037638842255,0.039163037638842255,1.0,2.2087900415062904,True,0.039163037638842255,True,0.0
heavy_tailed,202,flow,boundary,rare,0.5540379771194923,1.0,2.183700437512016,True,0.5540379771194923,0.5540379771194923,1.0,2.183700437512016,True,0.5540379771194923,True,0.0
heavy_tailed,202,flow,central,common,0.0230842461454847,1.0,0.0893393750011455,True,0.0230842461454847,0.0230842461454847,1.0,0.0893393750011455,True,0.0230842461454847,True,0.0
heavy_tailed,202,flow,central,rare,0.911841012884769,0.0,2.161973895999836,False,,0.911841012884769,0.0,2.161973895999836,False,,False,
heavy_tailed,202,flow,extrapolated,common,0.2458007830153259,0.0,2.155172707978636,False,,0.2458007830153259,0.0,2.155172707978636,False,,False,
heavy_tailed,202,flow,extrapolated,rare,0.14082685689172786,1.0,0.0889047289965674,True,0.14082685689172786,0.14082685689172786,1.0,0.0889047289965674,True,0.14082685689172786,True,0.0
heavy_tailed,202,gaussian_diag,boundary,common,0.5494749959369738,1.0,0.00325274997157975,True,0.5494749959369738,0.039163037638842255,1.0,2.2087900415062904,True,0.039163037638842255,True,0.5103119582981316
heavy_tailed,202,gaussian_diag,boundary,rare,0.7298785195075965,1.0,0.007967166486196199,True,0.7298785195075965,0.5540379771194923,1.0,2.183700437512016,True,0.5540379771194923,True,0.1758405423881042
heavy_tailed,202,gaussian_diag,central,common,0.17547306437197013,1.0,0.00105100049404425,True,0.17547306437197013,0.0230842461454847,1.0,0.0893393750011455,True,0.0230842461454847,True,0.15238881822648542
heavy_tailed,202,gaussian_diag,central,rare,0.9694033882181354,0.0,0.012304062518523999,False,,0.911841012884769,0.0,2.161973895999836,False,,False,
heavy_tailed,202,gaussian_diag,extrapolated,common,0.7713371680846274,0.0,0.012138749967562,False,,0.2458007830153259,0.0,2.155172707978636,False,,False,
heavy_tailed,202,gaussian_diag,extrapolated,rare,0.4042432364365649,1.0,0.0008256665023509,True,0.4042432364365649,0.14082685689172786,1.0,0.0889047289965674,True,0.14082685689172786,True,0.26341637954483704
heavy_tailed,202,gaussian_rank2,boundary,common,0.4116409947497325,1.0,0.00463999999919905,True,0.4116409947497325,0.039163037638842255,1.0,2.2087900415062904,True,0.039163037638842255,True,0.3724779571108902
heavy_tailed,202,gaussian_rank2,boundary,rare,0.5919329703188467,1.0,0.010544520511757501,True,0.5919329703188467,0.5540379771194923,1.0,2.183700437512016,True,0.5540379771194923,True,0.03789499319935441
heavy_tailed,202,gaussian_rank2,central,common,0.07485947872804419,1.0,0.0014741039776707998,True,0.07485947872804419,0.0230842461454847,1.0,0.0893393750011455,True,0.0230842461454847,True,0.05177523258255949
heavy_tailed,202,gaussian_rank2,central,rare,0.8179417475627422,0.0,0.0175557494803797,False,,0.911841012884769,0.0,2.161973895999836,False,,False,
heavy_tailed,202,gaussian_rank2,extrapolated,common,0.5105491855458201,0.0,0.0171883750008419,False,,0.2458007830153259,0.0,2.155172707978636,False,,False,
heavy_tailed,202,gaussian_rank2,extrapolated,rare,0.15146811661445006,1.0,0.0011614374816417,True,0.15146811661445006,0.14082685689172786,1.0,0.0889047289965674,True,0.14082685689172786,True,0.010641259722722202
heavy_tailed,202,gp_rbf,boundary,common,0.5551674303910558,1.0,0.0035865830141119,True,0.5551674303910558,0.039163037638842255,1.0,2.2087900415062904,True,0.039163037638842255,True,0.5160043927522135
heavy_tailed,202,gp_rbf,boundary,rare,0.7201203977831662,1.0,0.0114719169796444,True,0.7201203977831662,0.5540379771194923,1.0,2.183700437512016,True,0.5540379771194923,True,0.16608242066367385
heavy_tailed,202,gp_rbf,central,common,0.1770334055754259,1.0,0.0013514169841073,True,0.1770334055754259,0.0230842461454847,1.0,0.0893393750011455,True,0.0230842461454847,True,0.1539491594299412
heavy_tailed,202,gp_rbf,central,rare,1.048514276603757,0.0,0.0113037090050056,False,,0.911841012884769,0.0,2.161973895999836,False,,False,
heavy_tailed,202,gp_rbf,extrapolated,common,0.7327891554134873,0.0,0.0012399590341374,False,,0.2458007830153259,0.0,2.155172707978636,False,,False,
heavy_tailed,202,gp_rbf,extrapolated,rare,0.3968889341728777,1.0,0.003957790962886,True,0.3968889341728777,0.14082685689172786,1.0,0.0889047289965674,True,0.14082685689172786,True,0.2560620772811498
heavy_tailed,202,mdn4,boundary,common,0.08717699850255291,1.0,0.16000758297741408,True,0.08717699850255291,0.039163037638842255,1.0,2.2087900415062904,True,0.039163037638842255,True,0.04801396086371065
heavy_tailed,202,mdn4,boundary,rare,0.44356148346940955,0.0,0.1613111039914656,False,,0.5540379771194923,1.0,2.183700437512016,True,0.5540379771194923,False,
heavy_tailed,202,mdn4,central,common,0.04497492565712655,1.0,0.0077718124666716504,True,0.04497492565712655,0.0230842461454847,1.0,0.0893393750011455,True,0.0230842461454847,True,0.021890679511641847
heavy_tailed,202,mdn4,central,rare,1.0882461926335434,0.0,0.1620448755274992,False,,0.911841012884769,0.0,2.161973895999836,False,,False,
heavy_tailed,202,mdn4,extrapolated,common,0.35763838272496784,0.0,0.120042958529666,False,,0.2458007830153259,0.0,2.155172707978636,False,,False,
heavy_tailed,202,mdn4,extrapolated,rare,0.1637773049670393,0.5,0.08371760349837125,False,,0.14082685689172786,1.0,0.0889047289965674,True,0.14082685689172786,False,
heavy_tailed,202,ridge,boundary,common,0.3566603207276299,1.0,0.0023806249955669,True,0.3566603207276299,0.039163037638842255,1.0,2.2087900415062904,True,0.039163037638842255,True,0.3174972830887876
heavy_tailed,202,ridge,boundary,rare,0.5232013738120536,1.0,0.0089080419857054,True,0.5232013738120536,0.5540379771194923,1.0,2.183700437512016,True,0.5540379771194923,True,-0.03083660330743876
heavy_tailed,202,ridge,central,common,0.0209655360039456,1.0,0.0009633339941501,True,0.0209655360039456,0.0230842461454847,1.0,0.0893393750011455,True,0.0230842461454847,True,-0.0021187101415390992
heavy_tailed,202,ridge,central,rare,0.8921647349525802,0.0,0.0092222079983912,False,,0.911841012884769,0.0,2.161973895999836,False,,False,
heavy_tailed,202,ridge,extrapolated,common,0.7149972074193955,0.0,0.0091154580004513,False,,0.2458007830153259,0.0,2.155172707978636,False,,False,
heavy_tailed,202,ridge,extrapolated,rare,0.1991168237284728,1.0,0.0006505000055767,True,0.1991168237284728,0.14082685689172786,1.0,0.0889047289965674,True,0.14082685689172786,True,0.05828996683674495
heavy_tailed,202,student_rank2,boundary,common,0.167665831638347,1.0,0.02038652100600295,True,0.167665831638347,0.039163037638842255,1.0,2.2087900415062904,True,0.039163037638842255,True,0.12850279399950476
heavy_tailed,202,student_rank2,boundary,rare,0.23409963998766015,0.0,0.0197784795018378,False,,0.5540379771194923,1.0,2.183700437512016,True,0.5540379771194923,False,
heavy_tailed,202,student_rank2,central,common,0.0270578925340847,1.0,0.0015004579909145,True,0.0270578925340847,0.0230842461454847,1.0,0.0893393750011455,True,0.0230842461454847,True,0.0039736463886
heavy_tailed,202,student_rank2,central,rare,0.33574615492907073,0.0,0.019893271004548248,False,,0.911841012884769,0.0,2.161973895999836,False,,False,
heavy_tailed,202,student_rank2,extrapolated,common,0.2990890512291459,0.0,0.012671895499806799,False,,0.2458007830153259,0.0,2.155172707978636,False,,False,
heavy_tailed,202,student_rank2,extrapolated,rare,0.11894338602802505,1.0,0.0013334580289665,True,0.11894338602802505,0.14082685689172786,1.0,0.0889047289965674,True,0.14082685689172786,True,-0.021883470863702806
heavy_tailed,202,transformer_mdn4,boundary,common,0.0811660051286411,1.0,0.9521052289928775,True,0.0811660051286411,0.039163037638842255,1.0,2.2087900415062904,True,0.039163037638842255,True,0.04200296748979884
heavy_tailed,202,transformer_mdn4,boundary,rare,0.5903243224037801,0.5,1.5238088545156643,False,,0.5540379771194923,1.0,2.183700437512016,True,0.5540379771194923,False,
heavy_tailed,202,transformer_mdn4,central,common,0.04355324021471095,1.0,0.07138268751441501,True,0.04355324021471095,0.0230842461454847,1.0,0.0893393750011455,True,0.0230842461454847,True,0.02046899406922625
heavy_tailed,202,transformer_mdn4,central,rare,0.9315653558942145,0.0,1.5618744585081004,False,,0.911841012884769,0.0,2.161973895999836,False,,False,
heavy_tailed,202,transformer_mdn4,extrapolated,common,0.5461049991755523,0.0,1.5382967079640366,False,,0.2458007830153259,0.0,2.155172707978636,False,,False,
heavy_tailed,202,transformer_mdn4,extrapolated,rare,0.3297877209024884,1.0,0.2194604584947228,True,0.3297877209024884,0.14082685689172786,1.0,0.0889047289965674,True,0.14082685689172786,True,0.18896086401076057
heavy_tailed,303,edm,boundary,common,0.35773308507376184,1.0,1.3480019790004008,True,0.35773308507376184,0.1437341967386519,0.5,2.1601954579818994,False,,False,
heavy_tailed,303,edm,boundary,rare,0.5509594553807532,1.0,2.2384532709838822,True,0.5509594553807532,0.4800737223306047,0.5,2.204157791478792,False,,False,
heavy_tailed,303,edm,central,common,0.015158432474058299,1.0,0.0944787499902304,True,0.015158432474058299,0.010672227968124299,1.0,0.08899891699547875,True,0.010672227968124299,True,0.004486204505934
heavy_tailed,303,edm,central,rare,0.8915412499239972,0.0,2.2339352915005293,False,,0.7992613473215953,0.0,2.164140437496826,False,,False,
heavy_tailed,303,edm,extrapolated,common,0.6666647079869203,0.0,2.249888770515099,False,,0.6336046426647308,0.0,2.1702519165119156,False,,False,
heavy_tailed,303,edm,extrapolated,rare,0.24708430017224403,1.0,0.09393306251149619,True,0.24708430017224403,0.24323135900281295,1.0,0.08979847951559344,True,0.24323135900281295,True,0.003852941169431079
heavy_tailed,303,flow,boundary,common,0.1437341967386519,0.5,2.1601954579818994,False,,0.1437341967386519,0.5,2.1601954579818994,False,,False,
heavy_tailed,303,flow,boundary,rare,0.4800737223306047,0.5,2.204157791478792,False,,0.4800737223306047,0.5,2.204157791478792,False,,False,
heavy_tailed,303,flow,central,common,0.010672227968124299,1.0,0.08899891699547875,True,0.010672227968124299,0.010672227968124299,1.0,0.08899891699547875,True,0.010672227968124299,True,0.0
heavy_tailed,303,flow,central,rare,0.7992613473215953,0.0,2.164140437496826,False,,0.7992613473215953,0.0,2.164140437496826,False,,False,
heavy_tailed,303,flow,extrapolated,common,0.6336046426647308,0.0,2.1702519165119156,False,,0.6336046426647308,0.0,2.1702519165119156,False,,False,
heavy_tailed,303,flow,extrapolated,rare,0.24323135900281295,1.0,0.08979847951559344,True,0.24323135900281295,0.24323135900281295,1.0,0.08979847951559344,True,0.24323135900281295,True,0.0
heavy_tailed,303,gaussian_diag,boundary,common,0.5927800396334184,1.0,0.0031849999795667003,True,0.5927800396334184,0.1437341967386519,0.5,2.1601954579818994,False,,False,
heavy_tailed,303,gaussian_diag,boundary,rare,0.7123188600519439,1.0,0.0122050624922849,True,0.7123188600519439,0.4800737223306047,0.5,2.204157791478792,False,,False,
heavy_tailed,303,gaussian_diag,central,common,0.1680730249865513,1.0,0.0009880000143311,True,0.1680730249865513,0.010672227968124299,1.0,0.08899891699547875,True,0.010672227968124299,True,0.157400797018427
heavy_tailed,303,gaussian_diag,central,rare,0.9556492178258392,0.0,0.01273441652301695,False,,0.7992613473215953,0.0,2.164140437496826,False,,False,
heavy_tailed,303,gaussian_diag,extrapolated,common,0.7349709141699734,0.0,0.012456249998649551,False,,0.6336046426647308,0.0,2.1702519165119156,False,,False,
heavy_tailed,303,gaussian_diag,extrapolated,rare,0.4042202214664179,1.0,0.0020438335195649,True,0.4042202214664179,0.24323135900281295,1.0,0.08979847951559344,True,0.24323135900281295,True,0.16098886246360494
heavy_tailed,303,gaussian_rank2,boundary,common,0.43713931238005,1.0,0.0045240629697218,True,0.43713931238005,0.1437341967386519,0.5,2.1601954579818994,False,,False,
heavy_tailed,303,gaussian_rank2,boundary,rare,0.5478926832370479,1.0,0.01712783297989515,True,0.5478926832370479,0.4800737223306047,0.5,2.204157791478792,False,,False,
heavy_tailed,303,gaussian_rank2,central,common,0.03186845647919085,1.0,0.0012976249854545498,True,0.03186845647919085,0.010672227968124299,1.0,0.08899891699547875,True,0.010672227968124299,True,0.02119622851106655
heavy_tailed,303,gaussian_rank2,central,rare,0.7937462703384436,0.0,0.01737979098106725,False,,0.7992613473215953,0.0,2.164140437496826,False,,False,
heavy_tailed,303,gaussian_rank2,extrapolated,common,0.623605281749551,0.0,0.0168882079888135,False,,0.6336046426647308,0.0,2.1702519165119156,False,,False,
heavy_tailed,303,gaussian_rank2,extrapolated,rare,0.2234263121614565,1.0,0.0011520625266712,True,0.2234263121614565,0.24323135900281295,1.0,0.08979847951559344,True,0.24323135900281295,True,-0.01980504684135645
heavy_tailed,303,gp_rbf,boundary,common,0.5948384668773041,1.0,0.0036400409881025,True,0.5948384668773041,0.1437341967386519,0.5,2.1601954579818994,False,,False,
heavy_tailed,303,gp_rbf,boundary,rare,0.704868956533575,1.0,0.0036665420047938,True,0.704868956533575,0.4800737223306047,0.5,2.204157791478792,False,,False,
heavy_tailed,303,gp_rbf,central,common,0.1745990635796478,1.0,0.0019367500208318,True,0.1745990635796478,0.010672227968124299,1.0,0.08899891699547875,True,0.010672227968124299,True,0.1639268356115235
heavy_tailed,303,gp_rbf,central,rare,0.9348093363707316,0.0,0.0120930420234799,False,,0.7992613473215953,0.0,2.164140437496826,False,,False,
heavy_tailed,303,gp_rbf,extrapolated,common,0.7828759524743365,0.0,0.0012127090012654,False,,0.6336046426647308,0.0,2.1702519165119156,False,,False,
heavy_tailed,303,gp_rbf,extrapolated,rare,0.388408995949909,1.0,0.0116458749980665,True,0.388408995949909,0.24323135900281295,1.0,0.08979847951559344,True,0.24323135900281295,True,0.14517763694709607
heavy_tailed,303,mdn4,boundary,common,0.28340441840130337,1.0,0.16282954148482526,True,0.28340441840130337,0.1437341967386519,0.5,2.1601954579818994,False,,False,
heavy_tailed,303,mdn4,boundary,rare,0.2995883026019025,0.0,0.1602229790005367,False,,0.4800737223306047,0.5,2.204157791478792,False,,False,
heavy_tailed,303,mdn4,central,common,0.0178937157739336,1.0,0.0075442499946802005,True,0.0178937157739336,0.010672227968124299,1.0,0.08899891699547875,True,0.010672227968124299,True,0.0072214878058093
heavy_tailed,303,mdn4,central,rare,0.8607337505203214,0.0,0.1629804169933777,False,,0.7992613473215953,0.0,2.164140437496826,False,,False,
heavy_tailed,303,mdn4,extrapolated,common,0.4604122319566156,0.0,0.0983227710239589,False,,0.6336046426647308,0.0,2.1702519165119156,False,,False,
heavy_tailed,303,mdn4,extrapolated,rare,0.1946937356511737,1.0,0.09523152047768235,True,0.1946937356511737,0.24323135900281295,1.0,0.08979847951559344,True,0.24323135900281295,True,-0.04853762335163925
heavy_tailed,303,ridge,boundary,common,0.411076226385328,1.0,0.0093761659809388,True,0.411076226385328,0.1437341967386519,0.5,2.1601954579818994,False,,False,
heavy_tailed,303,ridge,boundary,rare,0.527199089940481,1.0,0.009061916032806,True,0.527199089940481,0.4800737223306047,0.5,2.204157791478792,False,,False,
heavy_tailed,303,ridge,central,common,0.0158807109707808,1.0,0.0006708329892717,True,0.0158807109707808,0.010672227968124299,1.0,0.08899891699547875,True,0.010672227968124299,True,0.0052084830026565
heavy_tailed,303,ridge,central,rare,0.8728418092448333,0.0,0.0090021670330315,False,,0.7992613473215953,0.0,2.164140437496826,False,,False,
heavy_tailed,303,ridge,extrapolated,common,0.7833628801624087,0.0,0.0090941250091418,False,,0.6336046426647308,0.0,2.1702519165119156,False,,False,
heavy_tailed,303,ridge,extrapolated,rare,0.213145371689103,1.0,0.0008348340052179,True,0.213145371689103,0.24323135900281295,1.0,0.08979847951559344,True,0.24323135900281295,True,-0.030085987313709955
heavy_tailed,303,student_rank2,boundary,common,0.09815513275099019,1.0,0.02018287501414305,True,0.09815513275099019,0.1437341967386519,0.5,2.1601954579818994,False,,False,
heavy_tailed,303,student_rank2,boundary,rare,0.12136277517985031,0.0,0.0196588539984077,False,,0.4800737223306047,0.5,2.204157791478792,False,,False,
heavy_tailed,303,student_rank2,central,common,0.0046348061479946,1.0,0.00168300000950685,True,0.0046348061479946,0.010672227968124299,1.0,0.08899891699547875,True,0.010672227968124299,True,-0.006037421820129699
heavy_tailed,303,student_rank2,central,rare,0.21472822971392402,0.0,0.01963904147851275,False,,0.7992613473215953,0.0,2.164140437496826,False,,False,
heavy_tailed,303,student_rank2,extrapolated,common,0.013091688264831949,0.0,0.02003799998783505,False,,0.6336046426647308,0.0,2.1702519165119156,False,,False,
heavy_tailed,303,student_rank2,extrapolated,rare,0.17811130126672214,0.5,0.01228285452816635,False,,0.24323135900281295,1.0,0.08979847951559344,True,0.24323135900281295,False,
heavy_tailed,303,transformer_mdn4,boundary,common,0.10816589764144595,1.0,1.5532755210006144,True,0.10816589764144595,0.1437341967386519,0.5,2.1601954579818994,False,,False,
heavy_tailed,303,transformer_mdn4,boundary,rare,0.487224422505698,0.0,1.5250172295200173,False,,0.4800737223306047,0.5,2.204157791478792,False,,False,
heavy_tailed,303,transformer_mdn4,central,common,0.04103813096414185,1.0,0.06952620798256245,True,0.04103813096414185,0.010672227968124299,1.0,0.08899891699547875,True,0.010672227968124299,True,0.03036590299601755
heavy_tailed,303,transformer_mdn4,central,rare,0.9653597210316908,0.0,1.5388478955137543,False,,0.7992613473215953,0.0,2.164140437496826,False,,False,
heavy_tailed,303,transformer_mdn4,extrapolated,common,0.44167356173007793,0.0,1.5236695625062566,False,,0.6336046426647308,0.0,2.1702519165119156,False,,False,
heavy_tailed,303,transformer_mdn4,extrapolated,rare,0.2756935449867244,1.0,0.22028672901797103,True,0.2756935449867244,0.24323135900281295,1.0,0.08979847951559344,True,0.24323135900281295,True,0.03246218598391143
linear_gaussian,101,edm,boundary,common,0.02263062662533035,1.0,0.10292922949884085,True,0.02263062662533035,0.0769329942836318,1.0,0.5164472085307352,True,0.0769329942836318,True,-0.05430236765830145
linear_gaussian,101,edm,boundary,rare,0.02002009232681275,1.0,2.491236646019388,True,0.02002009232681275,0.05955762090792495,1.0,2.3927752705058083,True,0.05955762090792495,True,-0.0395375285811122
linear_gaussian,101,edm,central,common,0.026691914007182398,1.0,0.10418902098899699,True,0.026691914007182398,0.0252989409644934,1.0,0.1031760415062308,True,0.0252989409644934,True,0.001392973042688997
linear_gaussian,101,edm,central,rare,0.047083331196976996,0.0,2.491015041479841,False,,0.08666095166987715,0.0,2.390817583480384,False,,False,
linear_gaussian,101,edm,extrapolated,common,0.053056181763846105,0.0,2.426776083011646,False,,0.07245967529923825,0.0,2.403933937486727,False,,False,
linear_gaussian,101,edm,extrapolated,rare,0.0291909610865495,1.0,0.1056779789796564,True,0.0291909610865495,0.033486571024422304,1.0,0.1021144579863175,True,0.033486571024422304,True,-0.004295609937872803
linear_gaussian,101,flow,boundary,common,0.0769329942836318,1.0,0.5164472085307352,True,0.0769329942836318,0.0769329942836318,1.0,0.5164472085307352,True,0.0769329942836318,True,0.0
linear_gaussian,101,flow,boundary,rare,0.05955762090792495,1.0,2.3927752705058083,True,0.05955762090792495,0.05955762090792495,1.0,2.3927752705058083,True,0.05955762090792495,True,0.0
linear_gaussian,101,flow,central,common,0.0252989409644934,1.0,0.1031760415062308,True,0.0252989409644934,0.0252989409644934,1.0,0.1031760415062308,True,0.0252989409644934,True,0.0
linear_gaussian,101,flow,central,rare,0.08666095166987715,0.0,2.390817583480384,False,,0.08666095166987715,0.0,2.390817583480384,False,,False,
linear_gaussian,101,flow,extrapolated,common,0.07245967529923825,0.0,2.403933937486727,False,,0.07245967529923825,0.0,2.403933937486727,False,,False,
linear_gaussian,101,flow,extrapolated,rare,0.033486571024422304,1.0,0.1021144579863175,True,0.033486571024422304,0.033486571024422304,1.0,0.1021144579863175,True,0.033486571024422304,True,0.0
linear_gaussian,101,gaussian_diag,boundary,common,0.214824133822761,1.0,0.0031878124864305997,True,0.214824133822761,0.0769329942836318,1.0,0.5164472085307352,True,0.0769329942836318,True,0.13789113953912918
linear_gaussian,101,gaussian_diag,boundary,rare,0.21831548891547445,1.0,0.01350389601429915,True,0.21831548891547445,0.05955762090792495,1.0,2.3927752705058083,True,0.05955762090792495,True,0.15875786800754949
linear_gaussian,101,gaussian_diag,central,common,0.22215419433070585,1.0,0.0012065835180691499,True,0.22215419433070585,0.0252989409644934,1.0,0.1031760415062308,True,0.0252989409644934,True,0.19685525336621246
linear_gaussian,101,gaussian_diag,central,rare,0.1545058749795876,0.0,0.01314274998730975,False,,0.08666095166987715,0.0,2.390817583480384,False,,False,
linear_gaussian,101,gaussian_diag,extrapolated,common,0.10303634221541455,0.0,0.01335997899877835,False,,0.07245967529923825,0.0,2.403933937486727,False,,False,
linear_gaussian,101,gaussian_diag,extrapolated,rare,0.22592996162677031,1.0,0.0009574164869263001,True,0.22592996162677031,0.033486571024422304,1.0,0.1021144579863175,True,0.033486571024422304,True,0.192443390602348
linear_gaussian,101,gaussian_rank2,boundary,common,0.0070209617492195,1.0,0.0047800410247872994,True,0.0070209617492195,0.0769329942836318,1.0,0.5164472085307352,True,0.0769329942836318,True,-0.0699120325344123
linear_gaussian,101,gaussian_rank2,boundary,rare,0.0075492258712148,1.0,0.0184754164947662,True,0.0075492258712148,0.05955762090792495,1.0,2.3927752705058083,True,0.05955762090792495,True,-0.05200839503671015
linear_gaussian,101,gaussian_rank2,central,common,0.0066091065874574004,1.0,0.00135893747210495,True,0.0066091065874574004,0.0252989409644934,1.0,0.1031760415062308,True,0.0252989409644934,True,-0.018689834377036002
linear_gaussian,101,gaussian_rank2,central,rare,0.04688454418475165,0.0,0.0181669584999326,False,,0.08666095166987715,0.0,2.390817583480384,False,,False,
linear_gaussian,101,gaussian_rank2,extrapolated,common,0.0788868503665075,0.0,0.0113627709797583,False,,0.07245967529923825,0.0,2.403933937486727,False,,False,
linear_gaussian,101,gaussian_rank2,extrapolated,rare,0.05750058307073415,1.0,0.00115500000538295,True,0.05750058307073415,0.033486571024422304,1.0,0.1021144579863175,True,0.033486571024422304,True,0.024014012046311844
linear_gaussian,101,gp_rbf,boundary,common,0.2236732636996717,1.0,0.0036959589924663,True,0.2236732636996717,0.0769329942836318,1.0,0.5164472085307352,True,0.0769329942836318,True,0.1467402694160399
linear_gaussian,101,gp_rbf,boundary,rare,0.2189063890507933,1.0,0.0124008749844506,True,0.2189063890507933,0.05955762090792495,1.0,2.3927752705058083,True,0.05955762090792495,True,0.15934876814286836
linear_gaussian,101,gp_rbf,central,common,0.2186130775494471,1.0,0.0014815420145168,True,0.2186130775494471,0.0252989409644934,1.0,0.1031760415062308,True,0.0252989409644934,True,0.1933141365849537
linear_gaussian,101,gp_rbf,central,rare,0.1280169100621834,0.0,0.0131904170266352,False,,0.08666095166987715,0.0,2.390817583480384,False,,False,
linear_gaussian,101,gp_rbf,extrapolated,common,0.1105616513949124,0.0,0.0012322079855948,False,,0.07245967529923825,0.0,2.403933937486727,False,,False,
linear_gaussian,101,gp_rbf,extrapolated,rare,0.2217368006895852,1.0,0.001359042013064,True,0.2217368006895852,0.033486571024422304,1.0,0.1021144579863175,True,0.033486571024422304,True,0.18825022966516292
linear_gaussian,101,mdn4,boundary,common,0.0450933378166923,1.0,0.0415298540028743,True,0.0450933378166923,0.0769329942836318,1.0,0.5164472085307352,True,0.0769329942836318,True,-0.0318396564669395
linear_gaussian,101,mdn4,boundary,rare,0.033740262973729854,1.0,0.17137899948284024,True,0.033740262973729854,0.05955762090792495,1.0,2.3927752705058083,True,0.05955762090792495,True,-0.025817357934195095
linear_gaussian,101,mdn4,central,common,0.01853125840385155,1.0,0.008729999506613201,True,0.01853125840385155,0.0252989409644934,1.0,0.1031760415062308,True,0.0252989409644934,True,-0.0067676825606418495
linear_gaussian,101,mdn4,central,rare,0.05860144388919875,0.0,0.17502568749478084,False,,0.08666095166987715,0.0,2.390817583480384,False,,False,
linear_gaussian,101,mdn4,extrapolated,common,0.12276981530260195,0.0,0.04037393748876635,False,,0.07245967529923825,0.0,2.403933937486727,False,,False,
linear_gaussian,101,mdn4,extrapolated,rare,0.07425793273704931,1.0,0.00724435399752105,True,0.07425793273704931,0.033486571024422304,1.0,0.1021144579863175,True,0.033486571024422304,True,0.040771361712627005
linear_gaussian,101,ridge,boundary,common,0.0050691176440334,1.0,0.0029127080342732,True,0.0050691176440334,0.0769329942836318,1.0,0.5164472085307352,True,0.0769329942836318,True,-0.07186387663959841
linear_gaussian,101,ridge,boundary,rare,0.0056095265128635,1.0,0.0111025000223889,True,0.0056095265128635,0.05955762090792495,1.0,2.3927752705058083,True,0.05955762090792495,True,-0.05394809439506145
linear_gaussian,101,ridge,central,common,0.0024458501716201,1.0,0.0007921250071376,True,0.0024458501716201,0.0252989409644934,1.0,0.1031760415062308,True,0.0252989409644934,True,-0.0228530907928733
linear_gaussian,101,ridge,central,rare,0.0516391138228915,0.0,0.0102229589829221,False,,0.08666095166987715,0.0,2.390817583480384,False,,False,
linear_gaussian,101,ridge,extrapolated,common,0.0128421991614934,0.0,0.0110852920333854,False,,0.07245967529923825,0.0,2.403933937486727,False,,False,
linear_gaussian,101,ridge,extrapolated,rare,0.0009983379374979,1.0,0.0007024589576758,True,0.0009983379374979,0.033486571024422304,1.0,0.1021144579863175,True,0.033486571024422304,True,-0.032488233086924403
linear_gaussian,101,student_rank2,boundary,common,0.0744615912795199,1.0,0.0055088124936446495,True,0.0744615912795199,0.0769329942836318,1.0,0.5164472085307352,True,0.0769329942836318,True,-0.0024714030041119023
linear_gaussian,101,student_rank2,boundary,rare,0.1263884927785433,1.0,0.013671354012330949,True,0.1263884927785433,0.05955762090792495,1.0,2.3927752705058083,True,0.05955762090792495,True,0.06683087187061836
linear_gaussian,101,student_rank2,central,common,0.00666851542045285,1.0,0.0017100000113714,True,0.00666851542045285,0.0252989409644934,1.0,0.1031760415062308,True,0.0252989409644934,True,-0.01863042554404055
linear_gaussian,101,student_rank2,central,rare,0.3885497426078387,0.0,0.021649853995768298,False,,0.08666095166987715,0.0,2.390817583480384,False,,False,
linear_gaussian,101,student_rank2,extrapolated,common,0.20013201143384457,0.0,0.0138264794950373,False,,0.07245967529923825,0.0,2.403933937486727,False,,False,
linear_gaussian,101,student_rank2,extrapolated,rare,0.0592247137480056,1.0,0.00134868800523685,True,0.0592247137480056,0.033486571024422304,1.0,0.1021144579863175,True,0.033486571024422304,True,0.025738142723583296
linear_gaussian,101,transformer_mdn4,boundary,common,0.0217550932717481,1.0,0.24761820849380456,True,0.0217550932717481,0.0769329942836318,1.0,0.5164472085307352,True,0.0769329942836318,True,-0.055177901011883704
linear_gaussian,101,transformer_mdn4,boundary,rare,0.0565628304799761,1.0,1.7446004375233315,True,0.0565628304799761,0.05955762090792495,1.0,2.3927752705058083,True,0.05955762090792495,True,-0.002994790427948847
linear_gaussian,101,transformer_mdn4,central,common,0.072055546319441,1.0,0.08013077051145956,True,0.072055546319441,0.0252989409644934,1.0,0.1031760415062308,True,0.0252989409644934,True,0.0467566053549476
linear_gaussian,101,transformer_mdn4,central,rare,0.0326614387388861,0.0,1.7425832290027756,False,,0.08666095166987715,0.0,2.390817583480384,False,,False,
linear_gaussian,101,transformer_mdn4,extrapolated,common,0.2678093396945814,0.0,0.41991377048543654,False,,0.07245967529923825,0.0,2.403933937486727,False,,False,
linear_gaussian,101,transformer_mdn4,extrapolated,rare,0.0704747983772701,1.0,0.0807467290142085,True,0.0704747983772701,0.033486571024422304,1.0,0.1021144579863175,True,0.033486571024422304,True,0.03698822735284779
linear_gaussian,202,edm,boundary,common,0.0519777259238925,1.0,0.2946588544873521,True,0.0519777259238925,0.08809516569235354,1.0,0.4847573959850706,True,0.08809516569235354,True,-0.03611743976846104
linear_gaussian,202,edm,boundary,rare,0.08163441350235279,0.5,2.3679306874983013,False,,0.01756527481299815,1.0,2.2809986874926835,True,0.01756527481299815,False,
linear_gaussian,202,edm,central,common,0.015672048865063,1.0,0.0964920209953561,True,0.015672048865063,0.02076158945786795,1.0,0.0907754795334767,True,0.02076158945786795,True,-0.0050895405928049475
linear_gaussian,202,edm,central,rare,0.01840305534909755,0.0,2.3604556045029312,False,,0.06600129081996955,0.0,2.307230687496485,False,,False,
linear_gaussian,202,edm,extrapolated,common,0.055902661868520005,0.0,2.3950219165126327,False,,0.18000257585132956,0.0,2.28155637497548,False,,False,
linear_gaussian,202,edm,extrapolated,rare,0.12061795840814155,1.0,0.09697593751479869,True,0.12061795840814155,0.0897202743764181,1.0,0.0903815215278882,True,0.0897202743764181,True,0.030897684031723452
linear_gaussian,202,flow,boundary,common,0.08809516569235354,1.0,0.4847573959850706,True,0.08809516569235354,0.08809516569235354,1.0,0.4847573959850706,True,0.08809516569235354,True,0.0
linear_gaussian,202,flow,boundary,rare,0.01756527481299815,1.0,2.2809986874926835,True,0.01756527481299815,0.01756527481299815,1.0,2.2809986874926835,True,0.01756527481299815,True,0.0
linear_gaussian,202,flow,central,common,0.02076158945786795,1.0,0.0907754795334767,True,0.02076158945786795,0.02076158945786795,1.0,0.0907754795334767,True,0.02076158945786795,True,0.0
linear_gaussian,202,flow,central,rare,0.06600129081996955,0.0,2.307230687496485,False,,0.06600129081996955,0.0,2.307230687496485,False,,False,
linear_gaussian,202,flow,extrapolated,common,0.18000257585132956,0.0,2.28155637497548,False,,0.18000257585132956,0.0,2.28155637497548,False,,False,
linear_gaussian,202,flow,extrapolated,rare,0.0897202743764181,1.0,0.0903815215278882,True,0.0897202743764181,0.0897202743764181,1.0,0.0903815215278882,True,0.0897202743764181,True,0.0
linear_gaussian,202,gaussian_diag,boundary,common,0.22613236615768062,1.0,0.00347681200946675,True,0.22613236615768062,0.08809516569235354,1.0,0.4847573959850706,True,0.08809516569235354,True,0.13803720046532708
linear_gaussian,202,gaussian_diag,boundary,rare,0.23013374828195637,1.0,0.012780583027051751,True,0.23013374828195637,0.01756527481299815,1.0,2.2809986874926835,True,0.01756527481299815,True,0.2125684734689582
linear_gaussian,202,gaussian_diag,central,common,0.21759034765366145,1.0,0.00100733348517675,True,0.21759034765366145,0.02076158945786795,1.0,0.0907754795334767,True,0.02076158945786795,True,0.19682875819579349
linear_gaussian,202,gaussian_diag,central,rare,0.1593782167308935,0.0,0.01227018801728255,False,,0.06600129081996955,0.0,2.307230687496485,False,,False,
linear_gaussian,202,gaussian_diag,extrapolated,common,0.13065094369296135,0.0,0.00322662497637785,False,,0.18000257585132956,0.0,2.28155637497548,False,,False,
linear_gaussian,202,gaussian_diag,extrapolated,rare,0.22205660705979335,1.0,0.0008227709913626001,True,0.22205660705979335,0.0897202743764181,1.0,0.0903815215278882,True,0.0897202743764181,True,0.13233633268337525
linear_gaussian,202,gaussian_rank2,boundary,common,0.021351859851150852,1.0,0.0048607294738758,True,0.021351859851150852,0.08809516569235354,1.0,0.4847573959850706,True,0.08809516569235354,True,-0.0667433058412027
linear_gaussian,202,gaussian_rank2,boundary,rare,0.017483804602246703,1.0,0.017596499965293298,True,0.017483804602246703,0.01756527481299815,1.0,2.2809986874926835,True,0.01756527481299815,True,-8.14702107514477e-05
linear_gaussian,202,gaussian_rank2,central,common,0.00738853500483425,1.0,0.0016757915145717,True,0.00738853500483425,0.02076158945786795,1.0,0.0907754795334767,True,0.02076158945786795,True,-0.0133730544530337
linear_gaussian,202,gaussian_rank2,central,rare,0.016957479812429798,0.0,0.0186997709970455,False,,0.06600129081996955,0.0,2.307230687496485,False,,False,
linear_gaussian,202,gaussian_rank2,extrapolated,common,0.09413070054083064,0.0,0.0172837084974162,False,,0.18000257585132956,0.0,2.28155637497548,False,,False,
linear_gaussian,202,gaussian_rank2,extrapolated,rare,0.12317551324360565,1.0,0.0012562710035126001,True,0.12317551324360565,0.0897202743764181,1.0,0.0903815215278882,True,0.0897202743764181,True,0.033455238867187556
linear_gaussian,202,gp_rbf,boundary,common,0.2311673858143422,1.0,0.0039274590089917,True,0.2311673858143422,0.08809516569235354,1.0,0.4847573959850706,True,0.08809516569235354,True,0.14307222012198867
linear_gaussian,202,gp_rbf,boundary,rare,0.2134945009800297,1.0,0.0119881249847821,True,0.2134945009800297,0.01756527481299815,1.0,2.2809986874926835,True,0.01756527481299815,True,0.19592922616703154
linear_gaussian,202,gp_rbf,central,common,0.2242539626773797,1.0,0.0015497920103371,True,0.2242539626773797,0.02076158945786795,1.0,0.0907754795334767,True,0.02076158945786795,True,0.20349237321951175
linear_gaussian,202,gp_rbf,central,rare,0.1244211598841533,0.0,0.0123955419985577,False,,0.06600129081996955,0.0,2.307230687496485,False,,False,
linear_gaussian,202,gp_rbf,extrapolated,common,0.1273111113182778,0.0,0.0012872079969383,False,,0.18000257585132956,0.0,2.28155637497548,False,,False,
linear_gaussian,202,gp_rbf,extrapolated,rare,0.2106065150387087,1.0,0.001216624979861,True,0.2106065150387087,0.0897202743764181,1.0,0.0903815215278882,True,0.0897202743764181,True,0.1208862406622906
linear_gaussian,202,mdn4,boundary,common,0.04712374722743645,1.0,0.036997729010181446,True,0.04712374722743645,0.08809516569235354,1.0,0.4847573959850706,True,0.08809516569235354,True,-0.040971418464917086
linear_gaussian,202,mdn4,boundary,rare,0.09855056680358384,1.0,0.16949304199079046,True,0.09855056680358384,0.01756527481299815,1.0,2.2809986874926835,True,0.01756527481299815,True,0.0809852919905857
linear_gaussian,202,mdn4,central,common,0.040473215837647056,1.0,0.0072646665212231995,True,0.040473215837647056,0.02076158945786795,1.0,0.0907754795334767,True,0.02076158945786795,True,0.019711626379779107
linear_gaussian,202,mdn4,central,rare,0.18470631256103684,0.0,0.17078441649209705,False,,0.06600129081996955,0.0,2.307230687496485,False,,False,
linear_gaussian,202,mdn4,extrapolated,common,0.0931799985528706,0.0,0.037644875003024894,False,,0.18000257585132956,0.0,2.28155637497548,False,,False,
linear_gaussian,202,mdn4,extrapolated,rare,0.09817998667700589,1.0,0.021837291977135402,True,0.09817998667700589,0.0897202743764181,1.0,0.0903815215278882,True,0.0897202743764181,True,0.008459712300587799
linear_gaussian,202,ridge,boundary,common,0.0064959353320752,1.0,0.0030756660271435,True,0.0064959353320752,0.08809516569235354,1.0,0.4847573959850706,True,0.08809516569235354,True,-0.08159923036027834
linear_gaussian,202,ridge,boundary,rare,0.0197900325584454,1.0,0.0091298329643905,True,0.0197900325584454,0.01756527481299815,1.0,2.2809986874926835,True,0.01756527481299815,True,0.00222475774544725
linear_gaussian,202,ridge,central,common,0.005506863359411,1.0,0.000704041973222,True,0.005506863359411,0.02076158945786795,1.0,0.0907754795334767,True,0.02076158945786795,True,-0.015254726098456949
linear_gaussian,202,ridge,central,rare,0.0176203771528831,0.0,0.0105809579836204,False,,0.06600129081996955,0.0,2.307230687496485,False,,False,
linear_gaussian,202,ridge,extrapolated,common,0.0098597561663664,0.0,0.0089062920305877,False,,0.18000257585132956,0.0,2.28155637497548,False,,False,
linear_gaussian,202,ridge,extrapolated,rare,0.0022563148280232,1.0,0.000729291990865,True,0.0022563148280232,0.0897202743764181,1.0,0.0903815215278882,True,0.0897202743764181,True,-0.08746395954839489
linear_gaussian,202,student_rank2,boundary,common,0.05475450241925185,1.0,0.005266041989671,True,0.05475450241925185,0.08809516569235354,1.0,0.4847573959850706,True,0.08809516569235354,True,-0.03334066327310169
linear_gaussian,202,student_rank2,boundary,rare,0.08371094335626855,1.0,0.0209849165112245,True,0.08371094335626855,0.01756527481299815,1.0,2.2809986874926835,True,0.01756527481299815,True,0.0661456685432704
linear_gaussian,202,student_rank2,central,common,0.0021437211136713,1.0,0.0015482289891223999,True,0.0021437211136713,0.02076158945786795,1.0,0.0907754795334767,True,0.02076158945786795,True,-0.01861786834419665
linear_gaussian,202,student_rank2,central,rare,0.1387589909808722,0.0,0.019900520506780553,False,,0.06600129081996955,0.0,2.307230687496485,False,,False,
linear_gaussian,202,student_rank2,extrapolated,common,0.15544713074586505,0.0,0.0112759790208656,False,,0.18000257585132956,0.0,2.28155637497548,False,,False,
linear_gaussian,202,student_rank2,extrapolated,rare,0.0085570815559863,1.0,0.0013383959885685998,True,0.0085570815559863,0.0897202743764181,1.0,0.0903815215278882,True,0.0897202743764181,True,-0.0811631928204318
linear_gaussian,202,transformer_mdn4,boundary,common,0.058020886554146,1.0,0.3905029794841539,True,0.058020886554146,0.08809516569235354,1.0,0.4847573959850706,True,0.08809516569235354,True,-0.030074279138207538
linear_gaussian,202,transformer_mdn4,boundary,rare,0.1198257367019164,1.0,1.6264240624732338,True,0.1198257367019164,0.01756527481299815,1.0,2.2809986874926835,True,0.01756527481299815,True,0.10226046188891826
linear_gaussian,202,transformer_mdn4,central,common,0.07058130525728304,1.0,0.0756226454977877,True,0.07058130525728304,0.02076158945786795,1.0,0.0907754795334767,True,0.02076158945786795,True,0.04981971579941509
linear_gaussian,202,transformer_mdn4,central,rare,0.16548194495683954,0.0,1.6682115004805382,False,,0.06600129081996955,0.0,2.307230687496485,False,,False,
linear_gaussian,202,transformer_mdn4,extrapolated,common,0.147661770308637,0.0,0.3834078540094197,False,,0.18000257585132956,0.0,2.28155637497548,False,,False,
linear_gaussian,202,transformer_mdn4,extrapolated,rare,0.15138743020114453,1.0,0.0759574790135957,True,0.15138743020114453,0.0897202743764181,1.0,0.0903815215278882,True,0.0897202743764181,True,0.06166715582472644
linear_gaussian,303,edm,boundary,common,0.02654779033517595,1.0,0.2794029370124917,True,0.02654779033517595,0.13783029677332032,1.0,0.4645929580146912,True,0.13783029677332032,True,-0.11128250643814436
linear_gaussian,303,edm,boundary,rare,0.037691411350231255,0.5,2.2784306874964386,False,,0.03233248643207425,1.0,2.226322499976959,True,0.03233248643207425,False,
linear_gaussian,303,edm,central,common,0.0196857988272344,1.0,0.0957455005263909,True,0.0196857988272344,0.01802757500117875,1.0,0.09184889600146555,True,0.01802757500117875,True,0.0016582238260556513
linear_gaussian,303,edm,central,rare,0.0344763531278343,0.0,2.2824433335044887,False,,0.089328016932069,0.0,2.233377250027843,False,,False,
linear_gaussian,303,edm,extrapolated,common,0.030637400246578197,0.0,2.2921491254819557,False,,0.1366746660326549,0.0,2.2494684789853636,False,,False,
linear_gaussian,303,edm,extrapolated,rare,0.057136356308368004,1.0,0.10241093748481939,True,0.057136356308368004,0.0560037456287441,1.0,0.09130181249929585,True,0.0560037456287441,True,0.001132610679623905
linear_gaussian,303,flow,boundary,common,0.13783029677332032,1.0,0.4645929580146912,True,0.13783029677332032,0.13783029677332032,1.0,0.4645929580146912,True,0.13783029677332032,True,0.0
linear_gaussian,303,flow,boundary,rare,0.03233248643207425,1.0,2.226322499976959,True,0.03233248643207425,0.03233248643207425,1.0,2.226322499976959,True,0.03233248643207425,True,0.0
linear_gaussian,303,flow,central,common,0.01802757500117875,1.0,0.09184889600146555,True,0.01802757500117875,0.01802757500117875,1.0,0.09184889600146555,True,0.01802757500117875,True,0.0
linear_gaussian,303,flow,central,rare,0.089328016932069,0.0,2.233377250027843,False,,0.089328016932069,0.0,2.233377250027843,False,,False,
linear_gaussian,303,flow,extrapolated,common,0.1366746660326549,0.0,2.2494684789853636,False,,0.1366746660326549,0.0,2.2494684789853636,False,,False,
linear_gaussian,303,flow,extrapolated,rare,0.0560037456287441,1.0,0.09130181249929585,True,0.0560037456287441,0.0560037456287441,1.0,0.09130181249929585,True,0.0560037456287441,True,0.0
linear_gaussian,303,gaussian_diag,boundary,common,0.2218155436401344,1.0,0.0031916460138745,True,0.2218155436401344,0.13783029677332032,1.0,0.4645929580146912,True,0.13783029677332032,True,0.08398524686681408
linear_gaussian,303,gaussian_diag,boundary,rare,0.23352939373998033,1.0,0.0125055419921409,True,0.23352939373998033,0.03233248643207425,1.0,2.226322499976959,True,0.03233248643207425,True,0.20119690730790607
linear_gaussian,303,gaussian_diag,central,common,0.22012188736268884,1.0,0.0011159170244354,True,0.22012188736268884,0.01802757500117875,1.0,0.09184889600146555,True,0.01802757500117875,True,0.2020943123615101
linear_gaussian,303,gaussian_diag,central,rare,0.11186825966271269,0.0,0.0127898959908634,False,,0.089328016932069,0.0,2.233377250027843,False,,False,
linear_gaussian,303,gaussian_diag,extrapolated,common,0.10744599685858384,0.0,0.01262464598403305,False,,0.1366746660326549,0.0,2.2494684789853636,False,,False,
linear_gaussian,303,gaussian_diag,extrapolated,rare,0.22483852432436105,1.0,0.00207627101917745,True,0.22483852432436105,0.0560037456287441,1.0,0.09130181249929585,True,0.0560037456287441,True,0.16883477869561694
linear_gaussian,303,gaussian_rank2,boundary,common,0.04479686003824825,1.0,0.004438499978277799,True,0.04479686003824825,0.13783029677332032,1.0,0.4645929580146912,True,0.13783029677332032,True,-0.09303343673507206
linear_gaussian,303,gaussian_rank2,boundary,rare,0.04146055717989015,1.0,0.01763347949599845,True,0.04146055717989015,0.03233248643207425,1.0,2.226322499976959,True,0.03233248643207425,True,0.009128070747815901
linear_gaussian,303,gaussian_rank2,central,common,0.01855077236542595,1.0,0.0012574374850373498,True,0.01855077236542595,0.01802757500117875,1.0,0.09184889600146555,True,0.01802757500117875,True,0.0005231973642472014
linear_gaussian,303,gaussian_rank2,central,rare,0.04036309020499495,0.0,0.017025271488819202,False,,0.089328016932069,0.0,2.233377250027843,False,,False,
linear_gaussian,303,gaussian_rank2,extrapolated,common,0.11272150965262125,0.0,0.0108018330065533,False,,0.1366746660326549,0.0,2.2494684789853636,False,,False,
linear_gaussian,303,gaussian_rank2,extrapolated,rare,0.11194571013683614,1.0,0.00128539549768895,True,0.11194571013683614,0.0560037456287441,1.0,0.09130181249929585,True,0.0560037456287441,True,0.055941964508092044
linear_gaussian,303,gp_rbf,boundary,common,0.2156159619793481,1.0,0.0036050000344403,True,0.2156159619793481,0.13783029677332032,1.0,0.4645929580146912,True,0.13783029677332032,True,0.07778566520602778
linear_gaussian,303,gp_rbf,boundary,rare,0.2220689042274213,1.0,0.0136498750071041,True,0.2220689042274213,0.03233248643207425,1.0,2.226322499976959,True,0.03233248643207425,True,0.18973641779534703
linear_gaussian,303,gp_rbf,central,common,0.2220141216110119,1.0,0.0018029169877991,True,0.2220141216110119,0.01802757500117875,1.0,0.09184889600146555,True,0.01802757500117875,True,0.20398654660983315
linear_gaussian,303,gp_rbf,central,rare,0.1245386723264866,0.0,0.0111170000163838,False,,0.089328016932069,0.0,2.233377250027843,False,,False,
linear_gaussian,303,gp_rbf,extrapolated,common,0.1794681792165735,0.0,0.0013563749962486,False,,0.1366746660326549,0.0,2.2494684789853636,False,,False,
linear_gaussian,303,gp_rbf,extrapolated,rare,0.2335523279887362,1.0,0.0012041670270264,True,0.2335523279887362,0.0560037456287441,1.0,0.09130181249929585,True,0.0560037456287441,True,0.1775485823599921
linear_gaussian,303,mdn4,boundary,common,0.0490274057097087,1.0,0.036948458495316944,True,0.0490274057097087,0.13783029677332032,1.0,0.4645929580146912,True,0.13783029677332032,True,-0.08880289106361161
linear_gaussian,303,mdn4,boundary,rare,0.03965329563383435,1.0,0.1054600210045464,True,0.03965329563383435,0.03233248643207425,1.0,2.226322499976959,True,0.03233248643207425,True,0.007320809201760099
linear_gaussian,303,mdn4,central,common,0.02482663155408475,1.0,0.00747649997356345,True,0.02482663155408475,0.01802757500117875,1.0,0.09184889600146555,True,0.01802757500117875,True,0.006799056552906
linear_gaussian,303,mdn4,central,rare,0.03208057098661665,0.0,0.17052608300582506,False,,0.089328016932069,0.0,2.233377250027843,False,,False,
linear_gaussian,303,mdn4,extrapolated,common,0.1480871187144993,0.0,0.1028060624958016,False,,0.1366746660326549,0.0,2.2494684789853636,False,,False,
linear_gaussian,303,mdn4,extrapolated,rare,0.08308720469138195,1.0,0.0071102080109994,True,0.08308720469138195,0.0560037456287441,1.0,0.09130181249929585,True,0.0560037456287441,True,0.02708345906263785
linear_gaussian,303,ridge,boundary,common,0.0021010541849095,1.0,0.0028388330247253,True,0.0021010541849095,0.13783029677332032,1.0,0.4645929580146912,True,0.13783029677332032,True,-0.13572924258841082
linear_gaussian,303,ridge,boundary,rare,0.0136078981174476,1.0,0.0096322920289821,True,0.0136078981174476,0.03233248643207425,1.0,2.226322499976959,True,0.03233248643207425,True,-0.01872458831462665
linear_gaussian,303,ridge,central,common,0.0009991696282034,1.0,0.0007075000321492,True,0.0009991696282034,0.01802757500117875,1.0,0.09184889600146555,True,0.01802757500117875,True,-0.01702840537297535
linear_gaussian,303,ridge,central,rare,0.0765775944264205,0.0,0.0101259170332923,False,,0.089328016932069,0.0,2.233377250027843,False,,False,
linear_gaussian,303,ridge,extrapolated,common,0.1218159337242815,0.0,0.0094572500092908,False,,0.1366746660326549,0.0,2.2494684789853636,False,,False,
linear_gaussian,303,ridge,extrapolated,rare,0.0014977422446166,1.0,0.0010689159971661,True,0.0014977422446166,0.0560037456287441,1.0,0.09130181249929585,True,0.0560037456287441,True,-0.0545060033841275
linear_gaussian,303,student_rank2,boundary,common,0.1227424734324854,1.0,0.0051412914763204,True,0.1227424734324854,0.13783029677332032,1.0,0.4645929580146912,True,0.13783029677332032,True,-0.015087823340834916
linear_gaussian,303,student_rank2,boundary,rare,0.18379076120006574,1.0,0.02027579149580555,True,0.18379076120006574,0.03233248643207425,1.0,2.226322499976959,True,0.03233248643207425,True,0.15145827476799148
linear_gaussian,303,student_rank2,central,common,0.0030488187823673497,1.0,0.0014973749639466002,True,0.0030488187823673497,0.01802757500117875,1.0,0.09184889600146555,True,0.01802757500117875,True,-0.014978756218811399
linear_gaussian,303,student_rank2,central,rare,0.3057137265467495,0.0,0.02077785402070725,False,,0.089328016932069,0.0,2.233377250027843,False,,False,
linear_gaussian,303,student_rank2,extrapolated,common,0.5183981516318632,0.0,0.0201582500012591,False,,0.1366746660326549,0.0,2.2494684789853636,False,,False,
linear_gaussian,303,student_rank2,extrapolated,rare,0.16348194389101026,1.0,0.0013481875066645001,True,0.16348194389101026,0.0560037456287441,1.0,0.09130181249929585,True,0.0560037456287441,True,0.10747819826226615
linear_gaussian,303,transformer_mdn4,boundary,common,0.06778864912044125,1.0,0.3824806045158766,True,0.06778864912044125,0.13783029677332032,1.0,0.4645929580146912,True,0.13783029677332032,True,-0.07004164765287907
linear_gaussian,303,transformer_mdn4,boundary,rare,0.11951159508275269,1.0,1.5936737709853332,True,0.11951159508275269,0.03233248643207425,1.0,2.226322499976959,True,0.03233248643207425,True,0.08717910865067843
linear_gaussian,303,transformer_mdn4,central,common,0.0527405990009944,1.0,0.0760534584987908,True,0.0527405990009944,0.01802757500117875,1.0,0.09184889600146555,True,0.01802757500117875,True,0.03471302399981565
linear_gaussian,303,transformer_mdn4,central,rare,0.0864622414799812,0.0,1.635770708497148,False,,0.089328016932069,0.0,2.233377250027843,False,,False,
linear_gaussian,303,transformer_mdn4,extrapolated,common,0.16066053133556274,0.0,0.9955998539808206,False,,0.1366746660326549,0.0,2.2494684789853636,False,,False,
linear_gaussian,303,transformer_mdn4,extrapolated,rare,0.18256938677393264,1.0,0.07342868699925015,True,0.18256938677393264,0.0560037456287441,1.0,0.09130181249929585,True,0.0560037456287441,True,0.12656564114518853
nonlinear_heteroskedastic,101,edm,boundary,common,0.033891771904854304,1.0,0.46448043748387136,True,0.033891771904854304,0.1181308791799044,1.0,0.4368890619953163,True,0.1181308791799044,True,-0.0842391072750501
nonlinear_heteroskedastic,101,edm,boundary,rare,0.04457502925982095,1.0,2.244514729012735,True,0.04457502925982095,0.0364528022743651,1.0,2.1937970830185805,True,0.0364528022743651,True,0.008122226985455852
nonlinear_heteroskedastic,101,edm,central,common,0.014827792321219101,1.0,0.09573645849013696,True,0.014827792321219101,0.019018570418903848,1.0,0.08958670799620444,True,0.019018570418903848,True,-0.004190778097684747
nonlinear_heteroskedastic,101,edm,central,rare,0.1136204345117658,0.0,2.2538519790105056,False,,0.04679015477333205,0.0,2.175156291545136,False,,False,
nonlinear_heteroskedastic,101,edm,extrapolated,common,0.12802153690589319,0.0,2.2434531874896493,False,,0.12083630145151546,0.0,2.1748343745130114,False,,False,
nonlinear_heteroskedastic,101,edm,extrapolated,rare,0.0640413024100125,1.0,0.0943398744857404,True,0.0640413024100125,0.06991716951571894,1.0,0.0896094579657074,True,0.06991716951571894,True,-0.0058758671057064366
nonlinear_heteroskedastic,101,flow,boundary,common,0.1181308791799044,1.0,0.4368890619953163,True,0.1181308791799044,0.1181308791799044,1.0,0.4368890619953163,True,0.1181308791799044,True,0.0
nonlinear_heteroskedastic,101,flow,boundary,rare,0.0364528022743651,1.0,2.1937970830185805,True,0.0364528022743651,0.0364528022743651,1.0,2.1937970830185805,True,0.0364528022743651,True,0.0
nonlinear_heteroskedastic,101,flow,central,common,0.019018570418903848,1.0,0.08958670799620444,True,0.019018570418903848,0.019018570418903848,1.0,0.08958670799620444,True,0.019018570418903848,True,0.0
nonlinear_heteroskedastic,101,flow,central,rare,0.04679015477333205,0.0,2.175156291545136,False,,0.04679015477333205,0.0,2.175156291545136,False,,False,
nonlinear_heteroskedastic,101,flow,extrapolated,common,0.12083630145151546,0.0,2.1748343745130114,False,,0.12083630145151546,0.0,2.1748343745130114,False,,False,
nonlinear_heteroskedastic,101,flow,extrapolated,rare,0.06991716951571894,1.0,0.0896094579657074,True,0.06991716951571894,0.06991716951571894,1.0,0.0896094579657074,True,0.06991716951571894,True,0.0
nonlinear_heteroskedastic,101,gaussian_diag,boundary,common,0.2332320425215367,1.0,0.0033219379838555496,True,0.2332320425215367,0.1181308791799044,1.0,0.4368890619953163,True,0.1181308791799044,True,0.1151011633416323
nonlinear_heteroskedastic,101,gaussian_diag,boundary,rare,0.23915250588435805,1.0,0.01232033350970595,True,0.23915250588435805,0.0364528022743651,1.0,2.1937970830185805,True,0.0364528022743651,True,0.20269970360999295
nonlinear_heteroskedastic,101,gaussian_diag,central,common,0.2175833354145916,1.0,0.00109216652344905,True,0.2175833354145916,0.019018570418903848,1.0,0.08958670799620444,True,0.019018570418903848,True,0.19856476499568776
nonlinear_heteroskedastic,101,gaussian_diag,central,rare,0.1605545988151648,0.0,0.01222937501734115,False,,0.04679015477333205,0.0,2.175156291545136,False,,False,
nonlinear_heteroskedastic,101,gaussian_diag,extrapolated,common,0.21101819352389461,1.0,0.011958666524151298,True,0.21101819352389461,0.12083630145151546,0.0,2.1748343745130114,False,,False,
nonlinear_heteroskedastic,101,gaussian_diag,extrapolated,rare,0.2272133094143361,1.0,0.0008161459991242,True,0.2272133094143361,0.06991716951571894,1.0,0.0896094579657074,True,0.06991716951571894,True,0.15729613989861715
nonlinear_heteroskedastic,101,gaussian_rank2,boundary,common,0.01088807710394565,1.0,0.00452820851933205,True,0.01088807710394565,0.1181308791799044,1.0,0.4368890619953163,True,0.1181308791799044,True,-0.10724280207595875
nonlinear_heteroskedastic,101,gaussian_rank2,boundary,rare,0.012843885047842452,1.0,0.01709416648373,True,0.012843885047842452,0.0364528022743651,1.0,2.1937970830185805,True,0.0364528022743651,True,-0.023608917226522648
nonlinear_heteroskedastic,101,gaussian_rank2,central,common,0.0177379176038385,1.0,0.00126099950284695,True,0.0177379176038385,0.019018570418903848,1.0,0.08958670799620444,True,0.019018570418903848,True,-0.0012806528150653487
nonlinear_heteroskedastic,101,gaussian_rank2,central,rare,0.05863551228141695,0.0,0.016823458514409098,False,,0.04679015477333205,0.0,2.175156291545136,False,,False,
nonlinear_heteroskedastic,101,gaussian_rank2,extrapolated,common,0.022881878877543452,0.5,0.00917397899320345,False,,0.12083630145151546,0.0,2.1748343745130114,False,,False,
nonlinear_heteroskedastic,101,gaussian_rank2,extrapolated,rare,0.027592546659896452,1.0,0.0012414164666552001,True,0.027592546659896452,0.06991716951571894,1.0,0.0896094579657074,True,0.06991716951571894,True,-0.04232462285582249
nonlinear_heteroskedastic,101,gp_rbf,boundary,common,0.2235619200581995,1.0,0.003674708015751,True,0.2235619200581995,0.1181308791799044,1.0,0.4368890619953163,True,0.1181308791799044,True,0.1054310408782951
nonlinear_heteroskedastic,101,gp_rbf,boundary,rare,0.2241339967956707,1.0,0.0120022079790942,True,0.2241339967956707,0.0364528022743651,1.0,2.1937970830185805,True,0.0364528022743651,True,0.1876811945213056
nonlinear_heteroskedastic,101,gp_rbf,central,common,0.215668387950824,1.0,0.0017118750256486,True,0.215668387950824,0.019018570418903848,1.0,0.08958670799620444,True,0.019018570418903848,True,0.19664981753192015
nonlinear_heteroskedastic,101,gp_rbf,central,rare,0.1247095666599089,0.0,0.0113761249813251,False,,0.04679015477333205,0.0,2.175156291545136,False,,False,
nonlinear_heteroskedastic,101,gp_rbf,extrapolated,common,0.2305950245723928,1.0,0.0012365839793346,True,0.2305950245723928,0.12083630145151546,0.0,2.1748343745130114,False,,False,
nonlinear_heteroskedastic,101,gp_rbf,extrapolated,rare,0.2119789447517524,1.0,0.0111248749890364,True,0.2119789447517524,0.06991716951571894,1.0,0.0896094579657074,True,0.06991716951571894,True,0.14206177523603347
nonlinear_heteroskedastic,101,mdn4,boundary,common,0.1051600455639183,1.0,0.035198895988287404,True,0.1051600455639183,0.1181308791799044,1.0,0.4368890619953163,True,0.1181308791799044,True,-0.01297083361598611
nonlinear_heteroskedastic,101,mdn4,boundary,rare,0.0491018974322632,1.0,0.1619104590208735,True,0.0491018974322632,0.0364528022743651,1.0,2.1937970830185805,True,0.0364528022743651,True,0.012649095157898103
nonlinear_heteroskedastic,101,mdn4,central,common,0.03760096253285865,1.0,0.0075946880097035,True,0.03760096253285865,0.019018570418903848,1.0,0.08958670799620444,True,0.019018570418903848,True,0.0185823921139548
nonlinear_heteroskedastic,101,mdn4,central,rare,0.0811925202985407,0.0,0.1641168750065844,False,,0.04679015477333205,0.0,2.175156291545136,False,,False,
nonlinear_heteroskedastic,101,mdn4,extrapolated,common,0.06224089352000205,1.0,0.034960437973495545,True,0.06224089352000205,0.12083630145151546,0.0,2.1748343745130114,False,,False,
nonlinear_heteroskedastic,101,mdn4,extrapolated,rare,0.050785987520357845,1.0,0.007377895526587901,True,0.050785987520357845,0.06991716951571894,1.0,0.0896094579657074,True,0.06991716951571894,True,-0.019131181995361096
nonlinear_heteroskedastic,101,ridge,boundary,common,0.0390854699323326,1.0,0.0023602920118719,True,0.0390854699323326,0.1181308791799044,1.0,0.4368890619953163,True,0.1181308791799044,True,-0.07904540924757181
nonlinear_heteroskedastic,101,ridge,boundary,rare,0.0087199749005816,1.0,0.0091354580363258,True,0.0087199749005816,0.0364528022743651,1.0,2.1937970830185805,True,0.0364528022743651,True,-0.0277328273737835
nonlinear_heteroskedastic,101,ridge,central,common,0.0037011100200218,1.0,0.0006875419639982,True,0.0037011100200218,0.019018570418903848,1.0,0.08958670799620444,True,0.019018570418903848,True,-0.015317460398882047
nonlinear_heteroskedastic,101,ridge,central,rare,0.0660147796905243,0.0,0.0089017080026678,False,,0.04679015477333205,0.0,2.175156291545136,False,,False,
nonlinear_heteroskedastic,101,ridge,extrapolated,common,0.1924627403402171,0.0,0.0094353329623118,False,,0.12083630145151546,0.0,2.1748343745130114,False,,False,
nonlinear_heteroskedastic,101,ridge,extrapolated,rare,0.0133650910683463,1.0,0.0006482499884441,True,0.0133650910683463,0.06991716951571894,1.0,0.0896094579657074,True,0.06991716951571894,True,-0.056552078447372645
nonlinear_heteroskedastic,101,student_rank2,boundary,common,0.0955472683322247,1.0,0.0053816245053894,True,0.0955472683322247,0.1181308791799044,1.0,0.4368890619953163,True,0.1181308791799044,True,-0.022583610847679708
nonlinear_heteroskedastic,101,student_rank2,boundary,rare,0.109230722675252,1.0,0.01984214599360705,True,0.109230722675252,0.0364528022743651,1.0,2.1937970830185805,True,0.0364528022743651,True,0.0727779204008869
nonlinear_heteroskedastic,101,student_rank2,central,common,0.0084409224663041,1.0,0.0016196039796341,True,0.0084409224663041,0.019018570418903848,1.0,0.08958670799620444,True,0.019018570418903848,True,-0.010577647952599748
nonlinear_heteroskedastic,101,student_rank2,central,rare,0.3663160178362026,0.0,0.0200040210038423,False,,0.04679015477333205,0.0,2.175156291545136,False,,False,
nonlinear_heteroskedastic,101,student_rank2,extrapolated,common,0.02141985884687675,1.0,0.010735062038293051,True,0.02141985884687675,0.12083630145151546,0.0,2.1748343745130114,False,,False,
nonlinear_heteroskedastic,101,student_rank2,extrapolated,rare,0.013642634791826699,1.0,0.00134287547552955,True,0.013642634791826699,0.06991716951571894,1.0,0.0896094579657074,True,0.06991716951571894,True,-0.05627453472389224
nonlinear_heteroskedastic,101,transformer_mdn4,boundary,common,0.0571560603958696,1.0,0.36649006252991967,True,0.0571560603958696,0.1181308791799044,1.0,0.4368890619953163,True,0.1181308791799044,True,-0.0609748187840348
nonlinear_heteroskedastic,101,transformer_mdn4,boundary,rare,0.08856672107498186,1.0,1.5440822289965581,True,0.08856672107498186,0.0364528022743651,1.0,2.1937970830185805,True,0.0364528022743651,True,0.052113918800616756
nonlinear_heteroskedastic,101,transformer_mdn4,central,common,0.0709075859542925,1.0,0.0706004170060623,True,0.0709075859542925,0.019018570418903848,1.0,0.08958670799620444,True,0.019018570418903848,True,0.051889015535388654
nonlinear_heteroskedastic,101,transformer_mdn4,central,rare,0.0637870152062348,0.0,1.559964707994368,False,,0.04679015477333205,0.0,2.175156291545136,False,,False,
nonlinear_heteroskedastic,101,transformer_mdn4,extrapolated,common,0.13969894498739074,1.0,0.9580128335219342,True,0.13969894498739074,0.12083630145151546,0.0,2.1748343745130114,False,,False,
nonlinear_heteroskedastic,101,transformer_mdn4,extrapolated,rare,0.11064519272806306,1.0,0.2199728335253894,True,0.11064519272806306,0.06991716951571894,1.0,0.0896094579657074,True,0.06991716951571894,True,0.04072802321234412
nonlinear_heteroskedastic,202,edm,boundary,common,0.07686816122173826,1.0,0.4642113340087235,True,0.07686816122173826,0.12633097311548547,1.0,2.161501833004877,True,0.12633097311548547,True,-0.04946281189374721
nonlinear_heteroskedastic,202,edm,boundary,rare,0.024588252146625453,0.5,2.2460392084904015,False,,0.02064838893564745,1.0,2.1645651044964325,True,0.02064838893564745,False,
nonlinear_heteroskedastic,202,edm,central,common,0.020478260728551953,1.0,0.09502733353292564,True,0.020478260728551953,0.030171932658068702,1.0,0.08970827099983575,True,0.030171932658068702,True,-0.00969367192951675
nonlinear_heteroskedastic,202,edm,central,rare,0.13136193703749877,0.0,2.310401999478927,False,,0.13273902106976426,0.0,2.1701806454802863,False,,False,
nonlinear_heteroskedastic,202,edm,extrapolated,common,0.14961710586248295,0.0,2.2480238954885863,False,,0.1788205541622069,0.0,2.1654874584637582,False,,False,
nonlinear_heteroskedastic,202,edm,extrapolated,rare,0.11885184392944295,1.0,0.0935253124916926,True,0.11885184392944295,0.07993131976354545,1.0,0.08932137498049994,True,0.07993131976354545,True,0.0389205241658975
nonlinear_heteroskedastic,202,flow,boundary,common,0.12633097311548547,1.0,2.161501833004877,True,0.12633097311548547,0.12633097311548547,1.0,2.161501833004877,True,0.12633097311548547,True,0.0
nonlinear_heteroskedastic,202,flow,boundary,rare,0.02064838893564745,1.0,2.1645651044964325,True,0.02064838893564745,0.02064838893564745,1.0,2.1645651044964325,True,0.02064838893564745,True,0.0
nonlinear_heteroskedastic,202,flow,central,common,0.030171932658068702,1.0,0.08970827099983575,True,0.030171932658068702,0.030171932658068702,1.0,0.08970827099983575,True,0.030171932658068702,True,0.0
nonlinear_heteroskedastic,202,flow,central,rare,0.13273902106976426,0.0,2.1701806454802863,False,,0.13273902106976426,0.0,2.1701806454802863,False,,False,
nonlinear_heteroskedastic,202,flow,extrapolated,common,0.1788205541622069,0.0,2.1654874584637582,False,,0.1788205541622069,0.0,2.1654874584637582,False,,False,
nonlinear_heteroskedastic,202,flow,extrapolated,rare,0.07993131976354545,1.0,0.08932137498049994,True,0.07993131976354545,0.07993131976354545,1.0,0.08932137498049994,True,0.07993131976354545,True,0.0
nonlinear_heteroskedastic,202,gaussian_diag,boundary,common,0.22550623855605856,1.0,0.00323895801557225,True,0.22550623855605856,0.12633097311548547,1.0,2.161501833004877,True,0.12633097311548547,True,0.09917526544057309
nonlinear_heteroskedastic,202,gaussian_diag,boundary,rare,0.22270728290373099,1.0,0.00793537450954315,True,0.22270728290373099,0.02064838893564745,1.0,2.1645651044964325,True,0.02064838893564745,True,0.20205889396808355
nonlinear_heteroskedastic,202,gaussian_diag,central,common,0.21575379043698834,1.0,0.00107681300141845,True,0.21575379043698834,0.030171932658068702,1.0,0.08970827099983575,True,0.030171932658068702,True,0.18558185777891964
nonlinear_heteroskedastic,202,gaussian_diag,central,rare,0.2375525292599882,0.0,0.0121924789855256,False,,0.13273902106976426,0.0,2.1701806454802863,False,,False,
nonlinear_heteroskedastic,202,gaussian_diag,extrapolated,common,0.23203767444261464,1.0,0.00833329150918865,True,0.23203767444261464,0.1788205541622069,0.0,2.1654874584637582,False,,False,
nonlinear_heteroskedastic,202,gaussian_diag,extrapolated,rare,0.21310169135336954,1.0,0.00082014550571325,True,0.21310169135336954,0.07993131976354545,1.0,0.08932137498049994,True,0.07993131976354545,True,0.1331703715898241
nonlinear_heteroskedastic,202,gaussian_rank2,boundary,common,0.0255958038910316,1.0,0.00445016700541595,True,0.0255958038910316,0.12633097311548547,1.0,2.161501833004877,True,0.12633097311548547,True,-0.10073516922445387
nonlinear_heteroskedastic,202,gaussian_rank2,boundary,rare,0.03068712991041765,1.0,0.010950666997814499,True,0.03068712991041765,0.02064838893564745,1.0,2.1645651044964325,True,0.02064838893564745,True,0.010038740974770203
nonlinear_heteroskedastic,202,gaussian_rank2,central,common,0.02072341197692415,1.0,0.00169679100508795,True,0.02072341197692415,0.030171932658068702,1.0,0.08970827099983575,True,0.030171932658068702,True,-0.009448520681144552
nonlinear_heteroskedastic,202,gaussian_rank2,central,rare,0.04949299039955095,0.0,0.016873957967618453,False,,0.13273902106976426,0.0,2.1701806454802863,False,,False,
nonlinear_heteroskedastic,202,gaussian_rank2,extrapolated,common,0.08132554808727215,1.0,0.01084281250950875,True,0.08132554808727215,0.1788205541622069,0.0,2.1654874584637582,False,,False,
nonlinear_heteroskedastic,202,gaussian_rank2,extrapolated,rare,0.07788441312358005,1.0,0.0011318750039208,True,0.07788441312358005,0.07993131976354545,1.0,0.08932137498049994,True,0.07993131976354545,True,-0.0020469066399654012
nonlinear_heteroskedastic,202,gp_rbf,boundary,common,0.2299528481688442,1.0,0.0036067080218344,True,0.2299528481688442,0.12633097311548547,1.0,2.161501833004877,True,0.12633097311548547,True,0.10362187505335874
nonlinear_heteroskedastic,202,gp_rbf,boundary,rare,0.2254037752247637,1.0,0.0122599590104073,True,0.2254037752247637,0.02064838893564745,1.0,2.1645651044964325,True,0.02064838893564745,True,0.20475538628911627
nonlinear_heteroskedastic,202,gp_rbf,central,common,0.2170251762502861,1.0,0.0014932499616406,True,0.2170251762502861,0.030171932658068702,1.0,0.08970827099983575,True,0.030171932658068702,True,0.18685324359221742
nonlinear_heteroskedastic,202,gp_rbf,central,rare,0.0946839700574083,0.0,0.0111302909790538,False,,0.13273902106976426,0.0,2.1701806454802863,False,,False,
nonlinear_heteroskedastic,202,gp_rbf,extrapolated,common,0.2280938509825444,1.0,0.0012177500175312,True,0.2280938509825444,0.1788205541622069,0.0,2.1654874584637582,False,,False,
nonlinear_heteroskedastic,202,gp_rbf,extrapolated,rare,0.2221261463337643,1.0,0.0035725409979932,True,0.2221261463337643,0.07993131976354545,1.0,0.08932137498049994,True,0.07993131976354545,True,0.14219482657021884
nonlinear_heteroskedastic,202,mdn4,boundary,common,0.10552684207273061,1.0,0.034816625004168544,True,0.10552684207273061,0.12633097311548547,1.0,2.161501833004877,True,0.12633097311548547,True,-0.02080413104275486
nonlinear_heteroskedastic,202,mdn4,boundary,rare,0.10021536316069934,1.0,0.16213874949607993,True,0.10021536316069934,0.02064838893564745,1.0,2.1645651044964325,True,0.02064838893564745,True,0.07956697422505189
nonlinear_heteroskedastic,202,mdn4,central,common,0.0466488781204001,1.0,0.0075001874647568,True,0.0466488781204001,0.030171932658068702,1.0,0.08970827099983575,True,0.030171932658068702,True,0.016476945462331395
nonlinear_heteroskedastic,202,mdn4,central,rare,0.15437315857069867,0.0,0.16170560452155763,False,,0.13273902106976426,0.0,2.1701806454802863,False,,False,
nonlinear_heteroskedastic,202,mdn4,extrapolated,common,0.0405906122642836,1.0,0.03486768802395085,True,0.0405906122642836,0.1788205541622069,0.0,2.1654874584637582,False,,False,
nonlinear_heteroskedastic,202,mdn4,extrapolated,rare,0.0737788115236094,1.0,0.021144104015547747,True,0.0737788115236094,0.07993131976354545,1.0,0.08932137498049994,True,0.07993131976354545,True,-0.006152508239936044
nonlinear_heteroskedastic,202,ridge,boundary,common,0.0200918156478014,1.0,0.0024891250068321,True,0.0200918156478014,0.12633097311548547,1.0,2.161501833004877,True,0.12633097311548547,True,-0.10623915746768407
nonlinear_heteroskedastic,202,ridge,boundary,rare,0.0117957134795392,1.0,0.0090348750236444,True,0.0117957134795392,0.02064838893564745,1.0,2.1645651044964325,True,0.02064838893564745,True,-0.00885267545610825
nonlinear_heteroskedastic,202,ridge,central,common,0.0118980072222427,1.0,0.0007157910149544,True,0.0118980072222427,0.030171932658068702,1.0,0.08970827099983575,True,0.030171932658068702,True,-0.018273925435826004
nonlinear_heteroskedastic,202,ridge,central,rare,0.068154051101093,0.0,0.0091151670203544,False,,0.13273902106976426,0.0,2.1701806454802863,False,,False,
nonlinear_heteroskedastic,202,ridge,extrapolated,common,0.10387752119669,0.0,0.0097979580168612,False,,0.1788205541622069,0.0,2.1654874584637582,False,,False,
nonlinear_heteroskedastic,202,ridge,extrapolated,rare,0.0264058724477767,1.0,0.0006521249888464,True,0.0264058724477767,0.07993131976354545,1.0,0.08932137498049994,True,0.07993131976354545,True,-0.05352544731576875
nonlinear_heteroskedastic,202,student_rank2,boundary,common,0.0857002533516896,1.0,0.0126093539875,True,0.0857002533516896,0.12633097311548547,1.0,2.161501833004877,True,0.12633097311548547,True,-0.04063071976379587
nonlinear_heteroskedastic,202,student_rank2,boundary,rare,0.08125621531262275,0.5,0.0125905210152268,False,,0.02064838893564745,1.0,2.1645651044964325,True,0.02064838893564745,False,
nonlinear_heteroskedastic,202,student_rank2,central,common,0.00751093090864585,1.0,0.0016784375184214998,True,0.00751093090864585,0.030171932658068702,1.0,0.08970827099983575,True,0.030171932658068702,True,-0.02266100174942285
nonlinear_heteroskedastic,202,student_rank2,central,rare,0.5977986850825475,0.0,0.0197873959841672,False,,0.13273902106976426,0.0,2.1701806454802863,False,,False,
nonlinear_heteroskedastic,202,student_rank2,extrapolated,common,0.08362975358835616,1.0,0.01248650002526115,True,0.08362975358835616,0.1788205541622069,0.0,2.1654874584637582,False,,False,
nonlinear_heteroskedastic,202,student_rank2,extrapolated,rare,0.06579237805403655,1.0,0.0013996875204611,True,0.06579237805403655,0.07993131976354545,1.0,0.08932137498049994,True,0.07993131976354545,True,-0.014138941709508898
nonlinear_heteroskedastic,202,transformer_mdn4,boundary,common,0.11211185589096015,1.0,0.3656788745138328,True,0.11211185589096015,0.12633097311548547,1.0,2.161501833004877,True,0.12633097311548547,True,-0.014219117224525318
nonlinear_heteroskedastic,202,transformer_mdn4,boundary,rare,0.1278548689236498,0.5,1.547042145510204,False,,0.02064838893564745,1.0,2.1645651044964325,True,0.02064838893564745,False,
nonlinear_heteroskedastic,202,transformer_mdn4,central,common,0.12503532701165804,1.0,0.0728787084808573,True,0.12503532701165804,0.030171932658068702,1.0,0.08970827099983575,True,0.030171932658068702,True,0.09486339435358934
nonlinear_heteroskedastic,202,transformer_mdn4,central,rare,0.15412918763603967,0.0,1.5553182079747785,False,,0.13273902106976426,0.0,2.1701806454802863,False,,False,
nonlinear_heteroskedastic,202,transformer_mdn4,extrapolated,common,0.1306997853590389,1.0,0.9595067914924584,True,0.1306997853590389,0.1788205541622069,0.0,2.1654874584637582,False,,False,
nonlinear_heteroskedastic,202,transformer_mdn4,extrapolated,rare,0.16232543510857994,1.0,0.070276020996971,True,0.16232543510857994,0.07993131976354545,1.0,0.08932137498049994,True,0.07993131976354545,True,0.08239411534503449
nonlinear_heteroskedastic,303,edm,boundary,common,0.01884567612814775,1.0,0.46368087551672943,True,0.01884567612814775,0.1094515195032208,1.0,2.158935854007723,True,0.1094515195032208,True,-0.09060584337507305
nonlinear_heteroskedastic,303,edm,boundary,rare,0.0337466730575827,1.0,2.2511121460120194,True,0.0337466730575827,0.0427396389537054,1.0,2.1555788124969695,True,0.0427396389537054,True,-0.008992965896122702
nonlinear_heteroskedastic,303,edm,central,common,0.0023357808735249,1.0,0.09443693750654344,True,0.0023357808735249,0.02041439940307,1.0,0.08964922849554566,True,0.02041439940307,True,-0.0180786185295451
nonlinear_heteroskedastic,303,edm,central,rare,0.24475074874644276,0.0,2.24231279201922,False,,0.0618908599678492,0.0,2.1535230834851973,False,,False,
nonlinear_heteroskedastic,303,edm,extrapolated,common,0.1246961956991973,0.0,2.2608464999939315,False,,0.05677084801918755,0.0,2.180114354006946,False,,False,
nonlinear_heteroskedastic,303,edm,extrapolated,rare,0.05488013318211325,1.0,0.0941631669993512,True,0.05488013318211325,0.02744980389498475,1.0,0.08930908300681034,True,0.02744980389498475,True,0.0274303292871285
nonlinear_heteroskedastic,303,flow,boundary,common,0.1094515195032208,1.0,2.158935854007723,True,0.1094515195032208,0.1094515195032208,1.0,2.158935854007723,True,0.1094515195032208,True,0.0
nonlinear_heteroskedastic,303,flow,boundary,rare,0.0427396389537054,1.0,2.1555788124969695,True,0.0427396389537054,0.0427396389537054,1.0,2.1555788124969695,True,0.0427396389537054,True,0.0
nonlinear_heteroskedastic,303,flow,central,common,0.02041439940307,1.0,0.08964922849554566,True,0.02041439940307,0.02041439940307,1.0,0.08964922849554566,True,0.02041439940307,True,0.0
nonlinear_heteroskedastic,303,flow,central,rare,0.0618908599678492,0.0,2.1535230834851973,False,,0.0618908599678492,0.0,2.1535230834851973,False,,False,
nonlinear_heteroskedastic,303,flow,extrapolated,common,0.05677084801918755,0.0,2.180114354006946,False,,0.05677084801918755,0.0,2.180114354006946,False,,False,
nonlinear_heteroskedastic,303,flow,extrapolated,rare,0.02744980389498475,1.0,0.08930908300681034,True,0.02744980389498475,0.02744980389498475,1.0,0.08930908300681034,True,0.02744980389498475,True,0.0
nonlinear_heteroskedastic,303,gaussian_diag,boundary,common,0.22486666462183608,1.0,0.0032944164995569,True,0.22486666462183608,0.1094515195032208,1.0,2.158935854007723,True,0.1094515195032208,True,0.11541514511861528
nonlinear_heteroskedastic,303,gaussian_diag,boundary,rare,0.22000448594708516,1.0,0.0121254164841957,True,0.22000448594708516,0.0427396389537054,1.0,2.1555788124969695,True,0.0427396389537054,True,0.17726484699337974
nonlinear_heteroskedastic,303,gaussian_diag,central,common,0.21964819073709158,1.0,0.00110783352283755,True,0.21964819073709158,0.02041439940307,1.0,0.08964922849554566,True,0.02041439940307,True,0.19923379133402158
nonlinear_heteroskedastic,303,gaussian_diag,central,rare,0.19643420515131,0.0,0.01257191650802265,False,,0.0618908599678492,0.0,2.1535230834851973,False,,False,
nonlinear_heteroskedastic,303,gaussian_diag,extrapolated,common,0.20750287106410947,0.5,0.00764208298642185,False,,0.05677084801918755,0.0,2.180114354006946,False,,False,
nonlinear_heteroskedastic,303,gaussian_diag,extrapolated,rare,0.2338073707451718,1.0,0.0066633545211516,True,0.2338073707451718,0.02744980389498475,1.0,0.08930908300681034,True,0.02744980389498475,True,0.20635756685018705
nonlinear_heteroskedastic,303,gaussian_rank2,boundary,common,0.03413501799218955,1.0,0.0046194165188353006,True,0.03413501799218955,0.1094515195032208,1.0,2.158935854007723,True,0.1094515195032208,True,-0.07531650151103125
nonlinear_heteroskedastic,303,gaussian_rank2,boundary,rare,0.05447342834156415,1.0,0.017404082987923147,True,0.05447342834156415,0.0427396389537054,1.0,2.1555788124969695,True,0.0427396389537054,True,0.011733789387858747
nonlinear_heteroskedastic,303,gaussian_rank2,central,common,0.029552952740763798,1.0,0.0012670209980569,True,0.029552952740763798,0.02041439940307,1.0,0.08964922849554566,True,0.02041439940307,True,0.009138553337693797
nonlinear_heteroskedastic,303,gaussian_rank2,central,rare,0.0812736969572338,0.0,0.01735912502044805,False,,0.0618908599678492,0.0,2.1535230834851973,False,,False,
nonlinear_heteroskedastic,303,gaussian_rank2,extrapolated,common,0.06787430471515116,0.0,0.0168879374978132,False,,0.05677084801918755,0.0,2.180114354006946,False,,False,
nonlinear_heteroskedastic,303,gaussian_rank2,extrapolated,rare,0.03881284495150465,1.0,0.00125706198741675,True,0.03881284495150465,0.02744980389498475,1.0,0.08930908300681034,True,0.02744980389498475,True,0.0113630410565199
nonlinear_heteroskedastic,303,gp_rbf,boundary,common,0.2269001191140248,1.0,0.0035460839862935,True,0.2269001191140248,0.1094515195032208,1.0,2.158935854007723,True,0.1094515195032208,True,0.117448599610804
nonlinear_heteroskedastic,303,gp_rbf,boundary,rare,0.2257456264057933,1.0,0.0118879590299911,True,0.2257456264057933,0.0427396389537054,1.0,2.1555788124969695,True,0.0427396389537054,True,0.1830059874520879
nonlinear_heteroskedastic,303,gp_rbf,central,common,0.214291805044287,1.0,0.0013699170085601,True,0.214291805044287,0.02041439940307,1.0,0.08964922849554566,True,0.02041439940307,True,0.193877405641217
nonlinear_heteroskedastic,303,gp_rbf,central,rare,0.1771923139935625,0.0,0.0111631670151837,False,,0.0618908599678492,0.0,2.1535230834851973,False,,False,
nonlinear_heteroskedastic,303,gp_rbf,extrapolated,common,0.2185431891420255,1.0,0.001195958990138,True,0.2185431891420255,0.05677084801918755,0.0,2.180114354006946,False,,False,
nonlinear_heteroskedastic,303,gp_rbf,extrapolated,rare,0.2156905589118737,1.0,0.0119058749987743,True,0.2156905589118737,0.02744980389498475,1.0,0.08930908300681034,True,0.02744980389498475,True,0.18824075501688894
nonlinear_heteroskedastic,303,mdn4,boundary,common,0.1185106662993823,1.0,0.03510987450135865,True,0.1185106662993823,0.1094515195032208,1.0,2.158935854007723,True,0.1094515195032208,True,0.009059146796161502
nonlinear_heteroskedastic,303,mdn4,boundary,rare,0.0229345817489594,1.0,0.1628753125260118,True,0.0229345817489594,0.0427396389537054,1.0,2.1555788124969695,True,0.0427396389537054,True,-0.019805057204746002
nonlinear_heteroskedastic,303,mdn4,central,common,0.02544920308153025,1.0,0.00737279152963305,True,0.02544920308153025,0.02041439940307,1.0,0.08964922849554566,True,0.02041439940307,True,0.005034803678460251
nonlinear_heteroskedastic,303,mdn4,central,rare,0.1125679470025675,0.0,0.16036185401026154,False,,0.0618908599678492,0.0,2.1535230834851973,False,,False,
nonlinear_heteroskedastic,303,mdn4,extrapolated,common,0.1641924438901216,0.5,0.09871364550781435,False,,0.05677084801918755,0.0,2.180114354006946,False,,False,
nonlinear_heteroskedastic,303,mdn4,extrapolated,rare,0.0480859667539327,1.0,0.00751112448051565,True,0.0480859667539327,0.02744980389498475,1.0,0.08930908300681034,True,0.02744980389498475,True,0.02063616285894795
nonlinear_heteroskedastic,303,ridge,boundary,common,0.0188694188443386,1.0,0.0024662920041009,True,0.0188694188443386,0.1094515195032208,1.0,2.158935854007723,True,0.1094515195032208,True,-0.0905821006588822
nonlinear_heteroskedastic,303,ridge,boundary,rare,0.0084285378815515,1.0,0.0096534579643048,True,0.0084285378815515,0.0427396389537054,1.0,2.1555788124969695,True,0.0427396389537054,True,-0.034311101072153904
nonlinear_heteroskedastic,303,ridge,central,common,0.0009252693701636,1.0,0.0008556660031899,True,0.0009252693701636,0.02041439940307,1.0,0.08964922849554566,True,0.02041439940307,True,-0.0194891300329064
nonlinear_heteroskedastic,303,ridge,central,rare,0.0915235814454143,0.0,0.0087571669719181,False,,0.0618908599678492,0.0,2.1535230834851973,False,,False,
nonlinear_heteroskedastic,303,ridge,extrapolated,common,0.1544397516866561,0.0,0.009224583976902,False,,0.05677084801918755,0.0,2.180114354006946,False,,False,
nonlinear_heteroskedastic,303,ridge,extrapolated,rare,0.0226139906698625,1.0,0.0006689160363748,True,0.0226139906698625,0.02744980389498475,1.0,0.08930908300681034,True,0.02744980389498475,True,-0.004835813225122252
nonlinear_heteroskedastic,303,student_rank2,boundary,common,0.1631197068200689,1.0,0.00519122902187515,True,0.1631197068200689,0.1094515195032208,1.0,2.158935854007723,True,0.1094515195032208,True,0.05366818731684811
nonlinear_heteroskedastic,303,student_rank2,boundary,rare,0.21848462679188535,0.5,0.019885812478605602,False,,0.0427396389537054,1.0,2.1555788124969695,True,0.0427396389537054,False,
nonlinear_heteroskedastic,303,student_rank2,central,common,0.0039189531968856,1.0,0.00155006250133735,True,0.0039189531968856,0.02041439940307,1.0,0.08964922849554566,True,0.02041439940307,True,-0.0164954462061844
nonlinear_heteroskedastic,303,student_rank2,central,rare,0.1468083045616671,0.0,0.01975504151778295,False,,0.0618908599678492,0.0,2.1535230834851973,False,,False,
nonlinear_heteroskedastic,303,student_rank2,extrapolated,common,0.2863408710622872,0.0,0.02025720852543595,False,,0.05677084801918755,0.0,2.180114354006946,False,,False,
nonlinear_heteroskedastic,303,student_rank2,extrapolated,rare,0.15316738283300219,1.0,0.0033394375059287496,True,0.15316738283300219,0.02744980389498475,1.0,0.08930908300681034,True,0.02744980389498475,True,0.12571757893801744
nonlinear_heteroskedastic,303,transformer_mdn4,boundary,common,0.1662877645608093,1.0,0.36896245850948617,True,0.1662877645608093,0.1094515195032208,1.0,2.158935854007723,True,0.1094515195032208,True,0.0568362450575885
nonlinear_heteroskedastic,303,transformer_mdn4,boundary,rare,0.08927418357232811,1.0,1.5479837709863205,True,0.08927418357232811,0.0427396389537054,1.0,2.1555788124969695,True,0.0427396389537054,True,0.046534544618622706
nonlinear_heteroskedastic,303,transformer_mdn4,central,common,0.0720704041276938,1.0,0.07042616701801305,True,0.0720704041276938,0.02041439940307,1.0,0.08964922849554566,True,0.02041439940307,True,0.051656004724623804
nonlinear_heteroskedastic,303,transformer_mdn4,central,rare,0.1734356385981563,0.0,1.5492347499821335,False,,0.0618908599678492,0.0,2.1535230834851973,False,,False,
nonlinear_heteroskedastic,303,transformer_mdn4,extrapolated,common,0.17664245814722795,1.0,0.7898430204950273,True,0.17664245814722795,0.05677084801918755,0.0,2.180114354006946,False,,False,
nonlinear_heteroskedastic,303,transformer_mdn4,extrapolated,rare,0.13268497592151834,1.0,0.2206128329853527,True,0.13268497592151834,0.02744980389498475,1.0,0.08930908300681034,True,0.02744980389498475,True,0.1052351720265336
