law,data_seed,init,family,region,history_id,energy,mean_squared_error,coverage90,width90,tail_brier,tail_probability,tail_probability_abs_error,sampling_seconds_per_history,mixture_label_entropy,joint_predictive_entropy
bimodal,101,1701,transformer_mdn4,central,0,0.5611988215031802,0.0146144197810515,0.8567708333333334,1.4419940624776642,0.04833984375,0.0390625,0.0109375,0.001438982624677,0.75441647,0.41988909941945984
bimodal,101,1701,transformer_mdn4,central,1,0.5810970130249363,0.0009086302776008,0.8138020833333334,1.3610566527405492,0.0497283935546875,0.01171875,0.03828125,0.001438982624677,0.792348,0.5924251149300189
bimodal,101,1701,transformer_mdn4,central,2,0.6076775528933791,0.0105638811794794,0.8255208333333334,1.3642029265351556,0.0487518310546875,0.02734375,0.02265625,0.001438982624677,0.7721843,0.3883684347275348
bimodal,101,1701,transformer_mdn4,central,3,0.5670116218021439,0.0021012798158871,0.8567708333333334,1.3768731763474218,0.04833984375,0.0390625,0.0109375,0.001438982624677,0.7320361,0.3022561143044086
bimodal,101,1701,transformer_mdn4,central,4,0.5585991340912382,0.0027434521919098,0.828125,1.3578812091037171,0.0489501953125,0.0234375,0.0265625,0.001438982624677,0.7001794,0.12429309588705018
bimodal,101,1701,transformer_mdn4,central,5,0.5735999735160877,0.0303552144406226,0.87890625,1.407810958244733,0.0482025146484375,0.05078125,0.0007812499999999,0.001438982624677,0.7470882,0.41624034148488953
bimodal,101,1701,transformer_mdn4,central,6,0.5545073194067744,0.0069924856500038,0.8268229166666666,1.328641994038497,0.048583984375,0.03125,0.01875,0.001438982624677,0.7298747,0.2177066276672931
bimodal,101,1701,transformer_mdn4,central,7,0.5583933018633596,0.0049614097100584,0.83984375,1.4294917247027967,0.0503997802734375,0.00390625,0.04609375,0.001438982624677,0.77091223,0.3592609236839862
bimodal,101,1701,transformer_mdn4,central,8,0.5982569410258459,0.0059101232560421,0.8216145833333334,1.3640223211098563,0.050048828125,0.0078125,0.0421875,0.001438982624677,0.6947187,0.4374452303055377
bimodal,101,1701,transformer_mdn4,central,9,0.5777357374722518,0.0015498742117607,0.8203125,1.334643488463593,0.0491790771484375,0.01953125,0.03046875,0.001438982624677,0.715677,0.6219915221336932
bimodal,101,1701,transformer_mdn4,central,10,0.5954948097448656,0.0078768335126926,0.796875,1.3470878547708676,0.0503997802734375,0.00390625,0.04609375,0.001438982624677,0.6762541,0.23277897340093567
bimodal,101,1701,transformer_mdn4,central,11,0.5663299841275731,0.0124392478534011,0.8424479166666666,1.4126442858491588,0.04833984375,0.0625,0.0124999999999999,0.001438982624677,0.7506443,0.43914837342534974
bimodal,101,1701,transformer_mdn4,central,12,0.5771812258783878,0.0020399809539008,0.8216145833333334,1.3369858785505482,0.0494384765625,0.015625,0.034375,0.001438982624677,0.71320015,0.3374091456535907
bimodal,101,1701,transformer_mdn4,central,13,0.6197271770142044,0.0190371948572389,0.796875,1.3747230295328627,0.0494384765625,0.015625,0.034375,0.001438982624677,0.79544663,0.6267123292091937
bimodal,101,1701,transformer_mdn4,central,14,0.5527384930684774,0.0007311201960381,0.7903645833333334,1.2907429056281352,0.050048828125,0.0078125,0.0421875,0.001438982624677,0.66251373,0.272208399594173
bimodal,101,1701,transformer_mdn4,central,15,0.5916647351440371,0.0078659591840809,0.81640625,1.402286002819806,0.0491790771484375,0.01953125,0.03046875,0.001438982624677,0.7712746,0.4260928104523273
bimodal,101,1701,transformer_mdn4,central,16,0.6064487224319703,0.0206899674625117,0.8645833333333334,1.3725922736260845,0.0482177734375,0.046875,0.003125,0.001438982624677,0.7698618,0.3079665372971149
bimodal,101,1701,transformer_mdn4,central,17,0.6081462227474567,0.0009788034332992,0.7942708333333334,1.3645974293534753,0.0503997802734375,0.00390625,0.04609375,0.001438982624677,0.7811038,0.5337945888641925
bimodal,101,1701,transformer_mdn4,central,18,0.5916552171797799,0.0067424174815837,0.8268229166666666,1.3644544904817462,0.0484466552734375,0.06640625,0.0164062499999999,0.001438982624677,0.7688894,0.3555573890808673
bimodal,101,1701,transformer_mdn4,central,19,0.5236391855315349,0.0022080311943415,0.8190104166666666,1.3762994079878894,0.0482635498046875,0.05859375,0.0085937499999999,0.001438982624677,0.6401981,0.3717695544365497
bimodal,101,1701,transformer_mdn4,central,20,0.5851884542376076,0.011328931446058,0.8125,1.346359770462745,0.0491790771484375,0.01953125,0.03046875,0.001438982624677,0.78694654,0.4878034661415668
bimodal,101,1701,transformer_mdn4,central,21,0.5883397101272125,0.013307857742434,0.8203125,1.3965702790509216,0.0482635498046875,0.05859375,0.0085937499999999,0.001438982624677,0.7942909,0.6121389935616107
bimodal,101,1701,transformer_mdn4,central,22,0.5811661631077203,0.0037236429688566,0.8333333333333334,1.393919686374199,0.050048828125,0.0078125,0.0421875,0.001438982624677,0.7905844,0.44095803004537537
bimodal,101,1701,transformer_mdn4,central,23,0.557722966828459,0.0052976902208464,0.859375,1.424828085061172,0.0489501953125,0.0234375,0.0265625,0.001438982624677,0.7608206,0.5120608280304523
bimodal,101,1701,transformer_mdn4,boundary,0,0.4502128080682759,0.0018489973617048,0.90234375,1.4369775661392596,0.0484466552734375,0.06640625,0.0164062499999999,0.0014159964994178,0.70483375,0.3518729875687213
bimodal,101,1701,transformer_mdn4,boundary,1,0.4634207898150912,0.0217532689914428,0.86328125,1.4802020641891973,0.0491790771484375,0.01953125,0.03046875,0.0014159964994178,0.6909825,0.5558092067841144
bimodal,101,1701,transformer_mdn4,boundary,2,0.4064424142709063,0.0034077601571002,0.8984375,1.3899816034821562,0.0487518310546875,0.02734375,0.02265625,0.0014159964994178,0.6953782,0.5227660606506915
bimodal,101,1701,transformer_mdn4,boundary,3,0.4458441950123891,0.0009735618077072,0.8580729166666666,1.3563172984158978,0.05078125,0.1015625,0.0515625,0.0014159964994178,0.706709,0.4301475356224628
bimodal,101,1701,transformer_mdn4,boundary,4,0.4609511253672708,0.0039389000543434,0.8580729166666666,1.3468011528800468,0.0482177734375,0.046875,0.003125,0.0014159964994178,0.6972486,0.35691053372655823
bimodal,101,1701,transformer_mdn4,boundary,5,0.4508926526101104,0.0125770571731755,0.8854166666666666,1.416438914477203,0.048583984375,0.03125,0.01875,0.0014159964994178,0.6904393,0.5216403077248187
bimodal,101,1701,transformer_mdn4,boundary,6,0.4364976204391985,0.0015395491686462,0.85546875,1.3359283157930806,0.0482635498046875,0.04296875,0.00703125,0.0014159964994178,0.6962707,0.38999880057607605
bimodal,101,1701,transformer_mdn4,boundary,7,0.4525389458007193,0.0034235133348451,0.8671875,1.3836449826025792,0.0482635498046875,0.05859375,0.0085937499999999,0.0014159964994178,0.69806504,0.4795213411453815
bimodal,101,1701,transformer_mdn4,boundary,8,0.4088461417159414,0.0037863967783608,0.921875,1.442309465945422,0.04833984375,0.0625,0.0124999999999999,0.0014159964994178,0.69803476,0.5777824590805621
bimodal,101,1701,transformer_mdn4,boundary,9,0.4181131091068324,0.000902531151169,0.90234375,1.42410034911145,0.0491790771484375,0.08203125,0.03203125,0.0014159964994178,0.69571376,0.41054416400228455
bimodal,101,1701,transformer_mdn4,boundary,10,0.4315993268258797,0.0009094942797746,0.8450520833333334,1.1911999475503627,0.0482025146484375,0.05078125,0.0007812499999999,0.0014159964994178,0.69085443,0.4387154648903461
bimodal,101,1701,transformer_mdn4,boundary,11,0.4532608981067845,0.0022208740624414,0.8841145833333334,1.3815467027409758,0.0482635498046875,0.04296875,0.00703125,0.0014159964994178,0.6911304,0.35939527255330994
bimodal,101,1701,transformer_mdn4,boundary,12,0.4402258662892236,0.017143759027178,0.9192708333333334,1.5204735435853685,0.0487518310546875,0.02734375,0.02265625,0.0014159964994178,0.69470376,0.6730121443871112
bimodal,101,1701,transformer_mdn4,boundary,13,0.4844319015605444,1.9655665932534025e-05,0.8489583333333334,1.344622684187034,0.0482635498046875,0.05859375,0.0085937499999999,0.0014159964994178,0.706318,0.36430085402761414
bimodal,101,1701,transformer_mdn4,boundary,14,0.4463371944014703,0.0002747696062532,0.8684895833333334,1.3108455299336856,0.0482177734375,0.0546875,0.0046874999999999,0.0014159964994178,0.70103145,0.35460323792730286
bimodal,101,1701,transformer_mdn4,boundary,15,0.4669060524512176,0.0003623594100719,0.890625,1.4963596254440732,0.0497283935546875,0.08984375,0.03984375,0.0014159964994178,0.6981093,0.5166824529770465
bimodal,101,1701,transformer_mdn4,boundary,16,0.4094081812056339,0.0046570908524602,0.8997395833333334,1.389244957145057,0.0484466552734375,0.03515625,0.01484375,0.0014159964994178,0.6871147,0.3890412519577594
bimodal,101,1701,transformer_mdn4,boundary,17,0.4235205009737492,0.001544411116905,0.90234375,1.3952091912278295,0.0497283935546875,0.08984375,0.03984375,0.0014159964994178,0.70606995,0.6353023121956439
bimodal,101,1701,transformer_mdn4,boundary,18,0.4152758263716891,0.0009470134589662,0.8958333333333334,1.365974344788352,0.0531463623046875,0.12109375,0.07109375,0.0014159964994178,0.7046971,0.4119600127342792
bimodal,101,1701,transformer_mdn4,boundary,19,0.4392866734376249,0.0020850000407673,0.8567708333333334,1.3528286300143857,0.0482635498046875,0.05859375,0.0085937499999999,0.0014159964994178,0.69230497,0.42029554349218323
bimodal,101,1701,transformer_mdn4,boundary,20,0.4319126660787667,0.000387085906097,0.9049479166666666,1.4490035667181524,0.048583984375,0.0703125,0.0203124999999999,0.0014159964994178,0.70321834,0.4312311480644794
bimodal,101,1701,transformer_mdn4,boundary,21,0.4762865108433949,0.0018693529474685,0.83984375,1.378872438011636,0.0489501953125,0.0234375,0.0265625,0.0014159964994178,0.69937134,0.41917557221685364
bimodal,101,1701,transformer_mdn4,boundary,22,0.4007869951555017,0.0036192162647624,0.92578125,1.4274493353336035,0.0494384765625,0.0859375,0.0359375,0.0014159964994178,0.6879934,0.4919363330010028
bimodal,101,1701,transformer_mdn4,boundary,23,0.4680950216288786,0.0070072717692882,0.8723958333333334,1.3587688448371515,0.05078125,0.1015625,0.0515625,0.0014159964994178,0.7276361,0.5707774828079791
bimodal,101,1701,transformer_mdn4,extrapolated,0,0.9416402547955834,0.5707940499363969,0.3372395833333333,1.605728518072923,0.05078125,0.0,0.05,0.0015070937491448,0.67323136,0.9924746821526141
bimodal,101,1701,transformer_mdn4,extrapolated,1,0.6496122869550551,0.280094015964811,0.6875,1.3554125093219314,0.0482177734375,0.0546875,0.0046874999999999,0.0015070937491448,0.678021,0.8239159653786273
bimodal,101,1701,transformer_mdn4,extrapolated,2,1.373355326853833,1.0983185745388984,0.15625,1.5895697332970096,0.05078125,0.0,0.05,0.0015070937491448,0.6824076,0.9947464535835834
bimodal,101,1701,transformer_mdn4,extrapolated,3,1.172885566223453,0.8533213460482149,0.4049479166666667,1.4966135914818377,0.05078125,0.0,0.05,0.0015070937491448,0.6845556,1.035794503510341
bimodal,101,1701,transformer_mdn4,extrapolated,4,0.7165581647015958,0.3253882312119653,0.6796875,1.3478212209498734,0.0482635498046875,0.05859375,0.0085937499999999,0.0015070937491448,0.6842948,0.8703637192848773
bimodal,101,1701,transformer_mdn4,extrapolated,5,1.3268526260928923,1.030389640589067,0.2109375,1.4719235362566252,0.05078125,0.0,0.05,0.0015070937491448,0.6860007,1.0605633328560442
bimodal,101,1701,transformer_mdn4,extrapolated,6,0.855848965531145,0.462789413688556,0.5690104166666666,1.4221528761555888,0.0482177734375,0.046875,0.003125,0.0015070937491448,0.6813644,0.9437565873268695
bimodal,101,1701,transformer_mdn4,extrapolated,7,0.4810710152174935,0.1137044111702053,0.8268229166666666,1.4340158083387833,0.0577392578125,0.1484375,0.0984375,0.0015070937491448,0.6798283,0.6824593613747211
bimodal,101,1701,transformer_mdn4,extrapolated,8,1.062721210034113,0.6792296058648449,0.4049479166666667,1.3511553913241825,0.050048828125,0.0078125,0.0421875,0.0015070937491448,0.68841183,0.7988646100166888
bimodal,101,1701,transformer_mdn4,extrapolated,9,0.6300238589353625,0.2160309485468379,0.7174479166666666,1.3653340389150437,0.048583984375,0.0703125,0.0203124999999999,0.0015070937491448,0.68219566,0.8287541936043353
bimodal,101,1701,transformer_mdn4,extrapolated,10,0.4831363378253001,0.1256818634309755,0.8815104166666666,1.2906974123056696,0.0585174560546875,0.15234375,0.10234375,0.0015070937491448,0.6842395,0.8435044358376117
bimodal,101,1701,transformer_mdn4,extrapolated,11,0.7487592454497971,0.3814299625412118,0.53125,1.5583222874350102,0.0503997802734375,0.00390625,0.04609375,0.0015070937491448,0.67780125,0.9851762126091571
bimodal,101,1701,transformer_mdn4,extrapolated,12,0.6792844439165662,0.2874851293903674,0.6536458333333334,1.298375669626929,0.0491790771484375,0.01953125,0.03046875,0.0015070937491448,0.67764425,0.7317503760460468
bimodal,101,1701,transformer_mdn4,extrapolated,13,0.8264985644637394,0.4176478837509292,0.6458333333333334,1.3978579545654284,0.0482635498046875,0.04296875,0.00703125,0.0015070937491448,0.6851157,0.9140548775795551
bimodal,101,1701,transformer_mdn4,extrapolated,14,0.5153625345138237,0.1443496495008332,0.8216145833333334,1.3785730573658534,0.059326171875,0.15625,0.10625,0.0015070937491448,0.68613887,0.7552234004143329
bimodal,101,1701,transformer_mdn4,extrapolated,15,0.6182777801957996,0.2530313553143097,0.7421875,1.5558446141199909,0.0482635498046875,0.05859375,0.0085937499999999,0.0015070937491448,0.67506695,0.7945396969917865
bimodal,101,1701,transformer_mdn4,extrapolated,16,0.4828900505628284,0.1180222870676836,0.8450520833333334,1.4360238514854318,0.0503997802734375,0.09765625,0.04765625,0.0015070937491448,0.67895484,0.7812591860893817
bimodal,101,1701,transformer_mdn4,extrapolated,17,0.6852771577974479,0.3001319982011484,0.6861979166666666,1.4516046356416332,0.0531463623046875,0.12109375,0.07109375,0.0015070937491448,0.6874295,0.853070146859035
bimodal,101,1701,transformer_mdn4,extrapolated,18,0.5989985817798398,0.2305495241014921,0.69921875,1.4731363258071375,0.05078125,0.1015625,0.0515625,0.0015070937491448,0.67846394,0.7372623751762958
bimodal,101,1701,transformer_mdn4,extrapolated,19,0.5587172133431011,0.1541929695787476,0.7825520833333334,1.4010016650184676,0.0543060302734375,0.12890625,0.07890625,0.0015070937491448,0.6872227,0.8506670067909808
bimodal,101,1701,transformer_mdn4,extrapolated,20,0.6102800412481465,0.2443089271338812,0.7135416666666666,1.5534636457642954,0.050048828125,0.09375,0.04375,0.0015070937491448,0.67781925,0.839543707192287
bimodal,101,1701,transformer_mdn4,extrapolated,21,0.537877120269715,0.1496424776410382,0.7760416666666666,1.425443304860447,0.0521087646484375,0.11328125,0.06328125,0.0015070937491448,0.67714375,0.7774813244942279
bimodal,101,1701,transformer_mdn4,extrapolated,22,0.5119626347013553,0.1332614214463096,0.7786458333333334,1.35962055565634,0.0537109375,0.125,0.075,0.0015070937491448,0.6810198,0.7242939541939349
bimodal,101,1701,transformer_mdn4,extrapolated,23,0.5526877857474499,0.1848248911122935,0.76953125,1.3634726336776684,0.0487518310546875,0.07421875,0.0242187499999999,0.0015070937491448,0.6804559,0.7428567479256244
bimodal,101,2903,transformer_mdn4,central,0,0.5533143903956996,0.0004358086441947,0.84375,1.4366229861487447,0.0489501953125,0.0234375,0.0265625,0.0014128402908681,0.6986184,0.6953461239937396
bimodal,101,2903,transformer_mdn4,central,1,0.5844318362199803,0.0031680915635229,0.8802083333333334,1.5088252488567162,0.0482635498046875,0.04296875,0.00703125,0.0014128402908681,0.6419184,0.6889314721230121
bimodal,101,2903,transformer_mdn4,central,2,0.5924360656904958,0.0032543393030304,0.8763020833333334,1.4852105819624737,0.0484466552734375,0.03515625,0.01484375,0.0014128402908681,0.8294977,0.5913783381584735
bimodal,101,2903,transformer_mdn4,central,3,0.5686165592604091,0.000472242912548,0.84375,1.4118124382949864,0.0497283935546875,0.01171875,0.03828125,0.0014128402908681,0.8242257,0.2534204791191669
bimodal,101,2903,transformer_mdn4,central,4,0.5596402529939459,0.00678162995789,0.8932291666666666,1.520100784144338,0.0491790771484375,0.01953125,0.03046875,0.0014128402908681,0.9277518,0.49985260468755677
bimodal,101,2903,transformer_mdn4,central,5,0.5459812562466115,0.0063333351321006,0.9127604166666666,1.523209540486523,0.04833984375,0.0625,0.0124999999999999,0.0014128402908681,0.6776463,0.29675865870748475
bimodal,101,2903,transformer_mdn4,central,6,0.5459646491174108,0.0015770467804834,0.8658854166666666,1.4468238445088162,0.0491790771484375,0.01953125,0.03046875,0.0014128402908681,0.76575637,0.3923727939728351
bimodal,101,2903,transformer_mdn4,central,7,0.5599583183428095,0.0021948747672836,0.87890625,1.5191436083224694,0.0482177734375,0.046875,0.003125,0.0014128402908681,0.63249826,0.5392281482819171
bimodal,101,2903,transformer_mdn4,central,8,0.583333113735787,0.0002644825874688,0.82421875,1.3748044016653207,0.050048828125,0.0078125,0.0421875,0.0014128402908681,0.6689273,0.3305227826241107
bimodal,101,2903,transformer_mdn4,central,9,0.5970445284388816,0.0276921636661113,0.8385416666666666,1.446685337105138,0.048583984375,0.0703125,0.0203124999999999,0.0014128402908681,0.75364506,0.524230785191402
bimodal,101,2903,transformer_mdn4,central,10,0.5891034020875955,0.0056952850386826,0.8619791666666666,1.4715330747735598,0.0494384765625,0.015625,0.034375,0.0014128402908681,0.671431,0.4248325894478412
bimodal,101,2903,transformer_mdn4,central,11,0.5517491603000589,0.0019359875807757,0.8815104166666666,1.505291335683842,0.0484466552734375,0.03515625,0.01484375,0.0014128402908681,0.56292665,0.6246550152901263
bimodal,101,2903,transformer_mdn4,central,12,0.5730590748464104,0.0021737839707779,0.8828125,1.505806609203331,0.0491790771484375,0.01953125,0.03046875,0.0014128402908681,0.8984114,0.45188821059499695
bimodal,101,2903,transformer_mdn4,central,13,0.5955832773878483,0.0030455178572907,0.8333333333333334,1.432791371611345,0.0484466552734375,0.03515625,0.01484375,0.0014128402908681,0.71620166,0.6584670613411517
bimodal,101,2903,transformer_mdn4,central,14,0.5436538563651829,0.0028425940100943,0.8684895833333334,1.483273512686084,0.0489501953125,0.0234375,0.0265625,0.0014128402908681,0.8395556,0.5260204146507831
bimodal,101,2903,transformer_mdn4,central,15,0.590534044930708,0.0103473940565499,0.8567708333333334,1.466443497946876,0.0484466552734375,0.06640625,0.0164062499999999,0.0014128402908681,0.82487756,0.48170805674825623
bimodal,101,2903,transformer_mdn4,central,16,0.5718057135851635,0.0021079297325114,0.8606770833333334,1.4350003587997695,0.04833984375,0.0390625,0.0109375,0.0014128402908681,0.64589274,0.5615360806587787
bimodal,101,2903,transformer_mdn4,central,17,0.6020036709374825,0.0054764586805193,0.8606770833333334,1.4907732337160873,0.048583984375,0.03125,0.01875,0.0014128402908681,0.65497077,0.7017800877693744
bimodal,101,2903,transformer_mdn4,central,18,0.5870488320706654,0.0061321716770107,0.8919270833333334,1.5150092793673176,0.0484466552734375,0.06640625,0.0164062499999999,0.0014128402908681,0.60731,0.5301082800034137
bimodal,101,2903,transformer_mdn4,central,19,0.5197708683024929,0.0052815234582492,0.8671875,1.4805084084239126,0.0482177734375,0.0546875,0.0046874999999999,0.0014128402908681,0.9424612,0.4954992006424518
bimodal,101,2903,transformer_mdn4,central,20,0.5732939389754964,0.0063873668723905,0.8841145833333334,1.4811731637402568,0.0482635498046875,0.04296875,0.00703125,0.0014128402908681,0.7213201,0.5283693740967365
bimodal,101,2903,transformer_mdn4,central,21,0.576772743359282,0.0038043592147568,0.84375,1.423430986360292,0.0482635498046875,0.04296875,0.00703125,0.0014128402908681,0.674959,0.70639074546133
bimodal,101,2903,transformer_mdn4,central,22,0.5765210865269281,0.0018255149600663,0.875,1.4887192715563116,0.050048828125,0.0078125,0.0421875,0.0014128402908681,0.71658134,0.6602664063576312
bimodal,101,2903,transformer_mdn4,central,23,0.5534746764847293,0.0062166122089642,0.89453125,1.5182388716685429,0.04833984375,0.0390625,0.0109375,0.0014128402908681,0.69386804,0.5938332150581928
bimodal,101,2903,transformer_mdn4,boundary,0,0.4508973613621878,0.0025818889271492,0.83984375,1.2701959567414671,0.0484466552734375,0.03515625,0.01484375,0.0014811024157097,0.5898386,0.13485545617376282
bimodal,101,2903,transformer_mdn4,boundary,1,0.4398371175438638,0.0033575300082738,0.82421875,1.2992685507697228,0.0491790771484375,0.01953125,0.03046875,0.0014811024157097,0.6323333,0.08316156965528443
bimodal,101,2903,transformer_mdn4,boundary,2,0.4009897613005739,0.0002799322535696,0.8919270833333334,1.3408985063290175,0.0482025146484375,0.05078125,0.0007812499999999,0.0014811024157097,0.5845025,0.2578018973473163
bimodal,101,2903,transformer_mdn4,boundary,3,0.4443475602077463,0.0013016088796036,0.8919270833333334,1.4711679061681473,0.0482177734375,0.046875,0.003125,0.0014811024157097,0.5251304,0.2748212884071918
bimodal,101,2903,transformer_mdn4,boundary,4,0.463134925511625,0.0001982513484401,0.8541666666666666,1.3234527164391685,0.04833984375,0.0390625,0.0109375,0.0014811024157097,0.56867886,-0.00587671297754333
bimodal,101,2903,transformer_mdn4,boundary,5,0.4458001690809987,0.0003175315481833,0.8229166666666666,1.1801720541849343,0.0484466552734375,0.03515625,0.01484375,0.0014811024157097,0.6176748,-0.1086251069899945
bimodal,101,2903,transformer_mdn4,boundary,6,0.4327877007825499,0.0012740259517353,0.875,1.4362299309770414,0.048583984375,0.03125,0.01875,0.0014811024157097,0.53825366,0.22933597070013
bimodal,101,2903,transformer_mdn4,boundary,7,0.4508310775152404,0.003441973793176,0.86328125,1.4350588635838504,0.0484466552734375,0.06640625,0.0164062499999999,0.0014811024157097,0.51056063,0.2615443537834735
bimodal,101,2903,transformer_mdn4,boundary,8,0.4076985815292265,0.0036839066708446,0.9114583333333334,1.508107656743934,0.0482635498046875,0.04296875,0.00703125,0.0014811024157097,0.58418995,0.34201253157888367
bimodal,101,2903,transformer_mdn4,boundary,9,0.4182410276008463,0.0005059601305068,0.8802083333333334,1.3535752877159304,0.04833984375,0.0390625,0.0109375,0.0014811024157097,0.5312152,0.11169636946950867
bimodal,101,2903,transformer_mdn4,boundary,10,0.4258950239747712,0.0016465308508143,0.8606770833333334,1.328124480959443,0.0482635498046875,0.04296875,0.00703125,0.0014811024157097,0.58496755,0.19105262261663392
bimodal,101,2903,transformer_mdn4,boundary,11,0.4551181849236471,0.0004138406182127,0.8841145833333334,1.3608488664756335,0.050048828125,0.09375,0.04375,0.0014811024157097,0.61939514,0.06245488625799134
bimodal,101,2903,transformer_mdn4,boundary,12,0.4175995312391369,0.0001856163237014,0.859375,1.2639014366932548,0.0494384765625,0.015625,0.034375,0.0014811024157097,0.6410387,-0.1798337628241925
bimodal,101,2903,transformer_mdn4,boundary,13,0.4847534688812164,0.0004835844618985,0.8580729166666666,1.383091321167247,0.0482635498046875,0.04296875,0.00703125,0.0014811024157097,0.510147,0.26434487801824524
bimodal,101,2903,transformer_mdn4,boundary,14,0.4479538222445925,0.0010758560513764,0.8307291666666666,1.2265794058127328,0.04833984375,0.0390625,0.0109375,0.0014811024157097,0.5299685,0.295603699505672
bimodal,101,2903,transformer_mdn4,boundary,15,0.4658584111610372,0.0008702900715626,0.8658854166666666,1.4033663941546186,0.0487518310546875,0.02734375,0.02265625,0.0014811024157097,0.5948845,0.04718444448743775
bimodal,101,2903,transformer_mdn4,boundary,16,0.4044746485802898,0.0008075635437606,0.8684895833333334,1.3129773253604875,0.0484466552734375,0.03515625,0.01484375,0.0014811024157097,0.61004823,0.007140047371730351
bimodal,101,2903,transformer_mdn4,boundary,17,0.4212584829846067,0.0008660182247841,0.8893229166666666,1.4256748600271785,0.0487518310546875,0.02734375,0.02265625,0.0014811024157097,0.5042397,0.19561392766271546
bimodal,101,2903,transformer_mdn4,boundary,18,0.4157732357682061,0.000690501046032,0.8919270833333334,1.3682429614452734,0.04833984375,0.0625,0.0124999999999999,0.0014811024157097,0.5495565,0.1652890513542743
bimodal,101,2903,transformer_mdn4,boundary,19,0.4321017252076874,0.0002651346318084,0.8424479166666666,1.2632971470856005,0.0491790771484375,0.01953125,0.03046875,0.0014811024157097,0.5861023,0.10874856215749695
bimodal,101,2903,transformer_mdn4,boundary,20,0.4348131391785431,0.0038616890963291,0.828125,1.220555526077794,0.0482635498046875,0.04296875,0.00703125,0.0014811024157097,0.56968045,0.13651782971654847
bimodal,101,2903,transformer_mdn4,boundary,21,0.4768864447768997,0.0003080121440907,0.8046875,1.3030089251615582,0.0494384765625,0.015625,0.034375,0.0014811024157097,0.6234539,0.03117278915677979
bimodal,101,2903,transformer_mdn4,boundary,22,0.3990376034896045,0.0003131376683526,0.8489583333333334,1.1100416593060618,0.0494384765625,0.0859375,0.0359375,0.0014811024157097,0.6052805,-0.0614468683596997
bimodal,101,2903,transformer_mdn4,boundary,23,0.4633156072127263,0.0044421273975086,0.8971354166666666,1.4597553469256963,0.0487518310546875,0.07421875,0.0242187499999999,0.0014811024157097,0.50191295,0.26517099839483216
bimodal,101,2903,transformer_mdn4,extrapolated,0,0.8482466342093173,0.395459134079561,0.2877604166666667,1.3542627778117915,0.05078125,0.0,0.05,0.0014704149580211,0.6058297,0.29387886029516175
bimodal,101,2903,transformer_mdn4,extrapolated,1,0.5473201415382538,0.1713198875708901,0.6106770833333334,1.0745666213894616,0.0494384765625,0.015625,0.034375,0.0014704149580211,0.6094227,0.25930608016286805
bimodal,101,2903,transformer_mdn4,extrapolated,2,1.3183146219333404,0.8894663784477862,0.0846354166666666,1.1727487917470063,0.05078125,0.0,0.05,0.0014704149580211,0.59541506,0.44731087189947083
bimodal,101,2903,transformer_mdn4,extrapolated,3,1.0260698448028631,0.6133915267871416,0.2486979166666666,1.208977213745498,0.05078125,0.0,0.05,0.0014704149580211,0.6069058,0.4415893624428363
bimodal,101,2903,transformer_mdn4,extrapolated,4,0.54066268025893,0.1600920449419794,0.7395833333333334,1.25815348635235,0.0484466552734375,0.06640625,0.0164062499999999,0.0014704149580211,0.61393595,0.37184376221929505
bimodal,101,2903,transformer_mdn4,extrapolated,5,1.2782778162396915,0.9092218187142592,0.125,1.3581124165048732,0.05078125,0.0,0.05,0.0014704149580211,0.597853,0.5184104512337299
bimodal,101,2903,transformer_mdn4,extrapolated,6,0.7129891047863758,0.3101992980910484,0.5260416666666666,1.2940004661898623,0.0497283935546875,0.01171875,0.03828125,0.0014704149580211,0.605445,0.41881317597661927
bimodal,101,2903,transformer_mdn4,extrapolated,7,0.4260840672161147,0.0653429351728127,0.7708333333333334,1.0500412093747604,0.0521087646484375,0.11328125,0.06328125,0.0014704149580211,0.6074412,0.2308965395096393
bimodal,101,2903,transformer_mdn4,extrapolated,8,0.921566237212581,0.5069770828603707,0.38671875,1.2604975093415025,0.05078125,0.0,0.05,0.0014704149580211,0.6189424,0.533148295700893
bimodal,101,2903,transformer_mdn4,extrapolated,9,0.4992024083801722,0.1080531663441394,0.7161458333333334,1.2290611070204596,0.0484466552734375,0.06640625,0.0164062499999999,0.0014704149580211,0.59830296,0.3049840400818439
bimodal,101,2903,transformer_mdn4,extrapolated,10,0.3771112501644613,0.0479104744935604,0.8502604166666666,1.044880987641948,0.0714111328125,0.203125,0.153125,0.0014704149580211,0.5798792,0.3779026339653583
bimodal,101,2903,transformer_mdn4,extrapolated,11,0.700518747816675,0.2893395939454739,0.40234375,1.279366633928381,0.0503997802734375,0.00390625,0.04609375,0.0014704149580211,0.5937581,0.3110860059860797
bimodal,101,2903,transformer_mdn4,extrapolated,12,0.532421687041083,0.1654826639197187,0.67578125,1.4437327519690566,0.0494384765625,0.015625,0.034375,0.0014704149580211,0.61462045,0.47186876040731385
bimodal,101,2903,transformer_mdn4,extrapolated,13,0.6813379083897675,0.2798016969092036,0.5833333333333334,1.325754496499705,0.05078125,0.0,0.05,0.0014704149580211,0.61275315,0.4588245223167987
bimodal,101,2903,transformer_mdn4,extrapolated,14,0.4502926247727783,0.0907556263005452,0.76171875,1.3481450103010246,0.0585174560546875,0.15234375,0.10234375,0.0014704149580211,0.59810746,0.30003810626302674
bimodal,101,2903,transformer_mdn4,extrapolated,15,0.5327883537764277,0.1546302751515733,0.6536458333333334,1.377380760673337,0.0482177734375,0.0546875,0.0046874999999999,0.0014704149580211,0.58424217,0.3645814130905719
bimodal,101,2903,transformer_mdn4,extrapolated,16,0.4283547723151442,0.0641226092312999,0.80078125,1.3011994540834375,0.0494384765625,0.0859375,0.0359375,0.0014704149580211,0.59847236,0.289510793507442
bimodal,101,2903,transformer_mdn4,extrapolated,17,0.5208719468214869,0.1325328435969651,0.7526041666666666,1.1586820058270997,0.0482177734375,0.046875,0.003125,0.0014704149580211,0.6071056,0.35472441417013123
bimodal,101,2903,transformer_mdn4,extrapolated,18,0.5109732092253267,0.1473423966391065,0.6979166666666666,1.3285091425422275,0.0482025146484375,0.05078125,0.0007812499999999,0.0014704149580211,0.5799167,0.32319004040990784
bimodal,101,2903,transformer_mdn4,extrapolated,19,0.4799428554525372,0.0901869027017065,0.7630208333333334,1.3787052183493638,0.0569915771484375,0.14453125,0.09453125,0.0014704149580211,0.57917035,0.5222588847282977
bimodal,101,2903,transformer_mdn4,extrapolated,20,0.5539612046105556,0.1700079978905234,0.5690104166666666,1.190867795716154,0.048583984375,0.03125,0.01875,0.0014704149580211,0.58676875,0.22224796515737488
bimodal,101,2903,transformer_mdn4,extrapolated,21,0.4717769719425481,0.0839951838940742,0.6861979166666666,1.226392253421163,0.0503997802734375,0.09765625,0.04765625,0.0014704149580211,0.6090015,0.17428124648366883
bimodal,101,2903,transformer_mdn4,extrapolated,22,0.4264079454722327,0.0690987625490251,0.7903645833333334,1.210300544735038,0.0562744140625,0.140625,0.090625,0.0014704149580211,0.6040523,0.3673381875160785
bimodal,101,2903,transformer_mdn4,extrapolated,23,0.4173988215326376,0.070350384981684,0.8072916666666666,1.1373773759640204,0.0516357421875,0.109375,0.059375,0.0014704149580211,0.6071151,0.2331012557152362
bimodal,202,1701,transformer_mdn4,central,0,0.5799383903683546,0.011220054942145,0.8684895833333334,1.4578309208502445,0.0494384765625,0.015625,0.034375,0.001547013875097,0.5739183,0.49548079183199956
bimodal,202,1701,transformer_mdn4,central,1,0.5768825122497093,0.0120435419846512,0.8984375,1.521117224480396,0.04833984375,0.0390625,0.0109375,0.001547013875097,0.5775099,0.6380648772964771
bimodal,202,1701,transformer_mdn4,central,2,0.6312096662223725,0.0436552272147594,0.8802083333333334,1.5920195170927889,0.0494384765625,0.015625,0.034375,0.001547013875097,0.58639586,0.6177292030105884
bimodal,202,1701,transformer_mdn4,central,3,0.5558878139767367,0.017703278303085,0.8450520833333334,1.384391486813805,0.0489501953125,0.0234375,0.0265625,0.001547013875097,0.57138026,0.29774452855685307
bimodal,202,1701,transformer_mdn4,central,4,0.6369355524591783,0.0462245965744661,0.87109375,1.583976564566962,0.0503997802734375,0.00390625,0.04609375,0.001547013875097,0.5930664,0.7352621715317066
bimodal,202,1701,transformer_mdn4,central,5,0.6473275685980797,0.088184341150516,0.84375,1.510409941100148,0.0491790771484375,0.01953125,0.03046875,0.001547013875097,0.5970336,0.5005881946335132
bimodal,202,1701,transformer_mdn4,central,6,0.531851275449551,0.0054239448877561,0.8984375,1.5100040151876175,0.0489501953125,0.0234375,0.0265625,0.001547013875097,0.54997385,0.3573073308716114
bimodal,202,1701,transformer_mdn4,central,7,0.6010926826948918,0.0180783655893083,0.8958333333333334,1.592478826095707,0.0489501953125,0.0234375,0.0265625,0.001547013875097,0.57657677,0.7056530874023731
bimodal,202,1701,transformer_mdn4,central,8,0.5405643966879525,0.007638480615732,0.8841145833333334,1.4540835798921974,0.0482635498046875,0.04296875,0.00703125,0.001547013875097,0.5810473,0.6738422076950367
bimodal,202,1701,transformer_mdn4,central,9,0.6667202743694483,0.0851778386130982,0.7838541666666666,1.4819644995328425,0.050048828125,0.0078125,0.0421875,0.001547013875097,0.5816533,0.3651807468185718
bimodal,202,1701,transformer_mdn4,central,10,0.6068315067612351,0.0198054498615421,0.8776041666666666,1.600755119950895,0.050048828125,0.0078125,0.0421875,0.001547013875097,0.58150685,0.7767732303390796
bimodal,202,1701,transformer_mdn4,central,11,0.6149979887431808,0.0338807875284228,0.8294270833333334,1.4240486373991914,0.0491790771484375,0.01953125,0.03046875,0.001547013875097,0.583884,0.4934381406555469
bimodal,202,1701,transformer_mdn4,central,12,0.6248187928735793,0.062691208117242,0.87109375,1.5522169671126702,0.0487518310546875,0.02734375,0.02265625,0.001547013875097,0.6057662,0.704783217216521
bimodal,202,1701,transformer_mdn4,central,13,0.6389869006380429,0.0429829297106073,0.8463541666666666,1.493319299079425,0.050048828125,0.0078125,0.0421875,0.001547013875097,0.5811786,0.45608379056552006
bimodal,202,1701,transformer_mdn4,central,14,0.5529536914456622,0.02533451548727,0.8723958333333334,1.5426153539860348,0.048583984375,0.03125,0.01875,0.001547013875097,0.50580204,0.3151818077812488
bimodal,202,1701,transformer_mdn4,central,15,0.5477521341648912,0.0117808039314092,0.8828125,1.4835880432649589,0.0484466552734375,0.03515625,0.01484375,0.001547013875097,0.58416927,0.6417958896408374
bimodal,202,1701,transformer_mdn4,central,16,0.6383658889694909,0.0441586896637488,0.80078125,1.4200655258204502,0.0497283935546875,0.01171875,0.03828125,0.001547013875097,0.59891576,0.521219984794646
bimodal,202,1701,transformer_mdn4,central,17,0.6120928477224994,0.0538467142041973,0.8528645833333334,1.5528465255225643,0.0497283935546875,0.01171875,0.03828125,0.001547013875097,0.5682887,0.5412781994591053
bimodal,202,1701,transformer_mdn4,central,18,0.6350567870899743,0.0548292721200494,0.8346354166666666,1.559487497425577,0.0491790771484375,0.01953125,0.03046875,0.001547013875097,0.57304955,0.5309016864548023
bimodal,202,1701,transformer_mdn4,central,19,0.6116074115466553,0.0182195911544179,0.8541666666666666,1.4872543581196334,0.050048828125,0.0078125,0.0421875,0.001547013875097,0.5747606,0.6095571677933033
bimodal,202,1701,transformer_mdn4,central,20,0.5659523177993987,0.0076360645050169,0.8541666666666666,1.398987887723763,0.04833984375,0.0390625,0.0109375,0.001547013875097,0.5795539,0.5706389110336597
bimodal,202,1701,transformer_mdn4,central,21,0.5360069948641644,0.0065196193846008,0.8893229166666666,1.5292771070635052,0.0494384765625,0.015625,0.034375,0.001547013875097,0.5613295,0.46601946761706425
bimodal,202,1701,transformer_mdn4,central,22,0.5792069105907991,0.0242952722482945,0.9140625,1.6377952334932675,0.04833984375,0.0390625,0.0109375,0.001547013875097,0.5688459,0.5842834275017078
bimodal,202,1701,transformer_mdn4,central,23,0.5827627638039303,0.0275469835741052,0.8294270833333334,1.4370780657972484,0.0489501953125,0.0234375,0.0265625,0.001547013875097,0.577696,0.542692438865691
bimodal,202,1701,transformer_mdn4,boundary,0,0.4181150260162728,0.0093760799645022,0.9401041666666666,1.5411281911800725,0.0531463623046875,0.12109375,0.07109375,0.0014774809169466,0.44053066,0.40776606013873173
bimodal,202,1701,transformer_mdn4,boundary,1,0.4403763401235122,0.0207179910237802,0.8854166666666666,1.5355606298197593,0.0482177734375,0.046875,0.003125,0.0014774809169466,0.4342881,0.41227175405123784
bimodal,202,1701,transformer_mdn4,boundary,2,0.4301307697631774,0.0090607803563894,0.9427083333333334,1.6010121522115484,0.0482025146484375,0.05078125,0.0007812499999999,0.0014774809169466,0.4539724,0.45513250043490483
bimodal,202,1701,transformer_mdn4,boundary,3,0.4583799593046372,0.0187472896807287,0.90234375,1.58388723271118,0.048583984375,0.03125,0.01875,0.0014774809169466,0.47606358,0.4755345146904285
bimodal,202,1701,transformer_mdn4,boundary,4,0.4366044544971292,0.0129073103158977,0.9127604166666666,1.467007988548216,0.0484466552734375,0.06640625,0.0164062499999999,0.0014774809169466,0.45268267,0.45604170968630864
bimodal,202,1701,transformer_mdn4,boundary,5,0.4594189030780857,0.0166577004148899,0.8984375,1.5643472634140954,0.0494384765625,0.015625,0.034375,0.0014774809169466,0.45747903,0.35226549317935063
bimodal,202,1701,transformer_mdn4,boundary,6,0.4328192521060219,0.0122966447307058,0.8971354166666666,1.5366604134260065,0.048583984375,0.03125,0.01875,0.0014774809169466,0.44863927,0.3713061373482044
bimodal,202,1701,transformer_mdn4,boundary,7,0.4438975958134677,0.0163359960673894,0.8815104166666666,1.559477979627159,0.0491790771484375,0.01953125,0.03046875,0.0014774809169466,0.43427187,0.16549791505435063
bimodal,202,1701,transformer_mdn4,boundary,8,0.4792547240461885,0.0166562098089943,0.8958333333333334,1.5821444973326455,0.0482177734375,0.046875,0.003125,0.0014774809169466,0.47623757,0.38334424903491093
bimodal,202,1701,transformer_mdn4,boundary,9,0.4694366281599105,0.0144622419331911,0.87890625,1.4802376550259135,0.0482635498046875,0.04296875,0.00703125,0.0014774809169466,0.46070355,0.44500036647418095
bimodal,202,1701,transformer_mdn4,boundary,10,0.4023602417997326,0.0015750054882063,0.9231770833333334,1.530124692885192,0.0494384765625,0.0859375,0.0359375,0.0014774809169466,0.4024915,0.28464354684451176
bimodal,202,1701,transformer_mdn4,boundary,11,0.4554290382681538,0.026175479446833,0.8971354166666666,1.5417169453882875,0.0482025146484375,0.05078125,0.0007812499999999,0.0014774809169466,0.45274645,0.3150380413780506
bimodal,202,1701,transformer_mdn4,boundary,12,0.4508333724183052,0.0080315305542358,0.89453125,1.509162068367515,0.0497283935546875,0.08984375,0.03984375,0.0014774809169466,0.4585434,0.5111249845276172
bimodal,202,1701,transformer_mdn4,boundary,13,0.4691459483802425,0.0202913742409517,0.9127604166666666,1.5621418836012253,0.04833984375,0.0390625,0.0109375,0.0014774809169466,0.4660152,0.6914726655731495
bimodal,202,1701,transformer_mdn4,boundary,14,0.4537670421236237,0.0149136569300343,0.92578125,1.6096985143278404,0.0484466552734375,0.03515625,0.01484375,0.0014774809169466,0.43202502,0.3633776467094715
bimodal,202,1701,transformer_mdn4,boundary,15,0.4367414901056095,0.0114446013881924,0.90625,1.5712638004225663,0.0491790771484375,0.01953125,0.03046875,0.0014774809169466,0.44850343,0.31585092952349736
bimodal,202,1701,transformer_mdn4,boundary,16,0.4314904884891544,0.0109932525312534,0.8736979166666666,1.4304980657130766,0.0494384765625,0.015625,0.034375,0.0014774809169466,0.44804963,0.29203774144747807
bimodal,202,1701,transformer_mdn4,boundary,17,0.4757815621303817,0.0206550403387883,0.875,1.4888845209445272,0.0482635498046875,0.05859375,0.0085937499999999,0.0014774809169466,0.45309642,0.4909553687820728
bimodal,202,1701,transformer_mdn4,boundary,18,0.4072155359681789,0.0026182634880838,0.9270833333333334,1.5061021124100222,0.0487518310546875,0.07421875,0.0242187499999999,0.0014774809169466,0.41665265,0.3954935233841236
bimodal,202,1701,transformer_mdn4,boundary,19,0.4189624652096043,0.0162151909842168,0.9114583333333334,1.5717563379265398,0.0482025146484375,0.05078125,0.0007812499999999,0.0014774809169466,0.44687194,0.4082050483475025
bimodal,202,1701,transformer_mdn4,boundary,20,0.4461699368550967,0.0027149261682084,0.8984375,1.5196726733410602,0.048583984375,0.03125,0.01875,0.0014774809169466,0.43271866,0.20563359668353154
bimodal,202,1701,transformer_mdn4,boundary,21,0.4373688906271986,0.0120967666374303,0.9127604166666666,1.5631909506341894,0.0491790771484375,0.08203125,0.03203125,0.0014774809169466,0.47410882,0.47281982114413335
bimodal,202,1701,transformer_mdn4,boundary,22,0.4455483008453649,0.0077521371762545,0.9153645833333334,1.536347029805239,0.0482025146484375,0.05078125,0.0007812499999999,0.0014774809169466,0.45938835,0.36626286914446904
bimodal,202,1701,transformer_mdn4,boundary,23,0.4294550733878095,0.0030065737981858,0.921875,1.498371665269829,0.04833984375,0.0625,0.0124999999999999,0.0014774809169466,0.41373706,0.2944156687507923
bimodal,202,1701,transformer_mdn4,extrapolated,0,0.6843844871927112,0.3144036518085882,0.62890625,1.580505686569216,0.0494384765625,0.015625,0.034375,0.0014767170020301,0.42120752,1.124764577652007
bimodal,202,1701,transformer_mdn4,extrapolated,1,0.3980659504256423,0.0593974489352722,0.8684895833333334,1.395418385865355,0.0833587646484375,0.23828125,0.18828125,0.0014767170020301,0.39863497,0.7212456624756153
bimodal,202,1701,transformer_mdn4,extrapolated,2,0.4244680173144719,0.0969150939442612,0.8828125,1.5808026973890283,0.0679779052734375,0.19140625,0.14140625,0.0014767170020301,0.3935829,0.9384533326874073
bimodal,202,1701,transformer_mdn4,extrapolated,3,0.6003735698448536,0.2310207998568246,0.6940104166666666,1.541870738622945,0.0482635498046875,0.04296875,0.00703125,0.0014767170020301,0.39215395,0.9945913713226612
bimodal,202,1701,transformer_mdn4,extrapolated,4,0.7706682873026705,0.3941934360241342,0.6041666666666666,1.6457120248454111,0.0482635498046875,0.05859375,0.0085937499999999,0.0014767170020301,0.42722705,1.2153449218521413
bimodal,202,1701,transformer_mdn4,extrapolated,5,0.6803554670769395,0.3071375377632672,0.6940104166666666,1.713356580225464,0.0482635498046875,0.05859375,0.0085937499999999,0.0014767170020301,0.40364522,1.1770988862762746
bimodal,202,1701,transformer_mdn4,extrapolated,6,0.6709815540534655,0.3258730256510084,0.66015625,1.5438091810563763,0.0494384765625,0.0859375,0.0359375,0.0014767170020301,0.4031782,1.0877342384109792
bimodal,202,1701,transformer_mdn4,extrapolated,7,0.681293834734177,0.3001410755941302,0.66796875,1.5358207786740206,0.0503997802734375,0.09765625,0.04765625,0.0014767170020301,0.42245722,1.1254518192062672
bimodal,202,1701,transformer_mdn4,extrapolated,8,0.4545200552252132,0.0990793837737634,0.8776041666666666,1.572078381994232,0.0577392578125,0.1484375,0.0984375,0.0014767170020301,0.39118135,0.8574925821075733
bimodal,202,1701,transformer_mdn4,extrapolated,9,0.7924245594512246,0.4542775145607716,0.58203125,1.6696293757314258,0.0487518310546875,0.02734375,0.02265625,0.0014767170020301,0.40951097,1.1765819947967824
bimodal,202,1701,transformer_mdn4,extrapolated,10,0.6739507479020381,0.3340849918143944,0.6783854166666666,1.7456016236450758,0.0484466552734375,0.06640625,0.0164062499999999,0.0014767170020301,0.4180589,1.151055351997405
bimodal,202,1701,transformer_mdn4,extrapolated,11,0.6644722432539535,0.28855097446938,0.6536458333333334,1.56324720563117,0.0482635498046875,0.05859375,0.0085937499999999,0.0014767170020301,0.40477967,1.1499366920242604
bimodal,202,1701,transformer_mdn4,extrapolated,12,0.564267452543275,0.2130502209176987,0.7317708333333334,1.5393947698634391,0.0494384765625,0.015625,0.034375,0.0014767170020301,0.41017914,1.1281367700348195
bimodal,202,1701,transformer_mdn4,extrapolated,13,0.4347918229688927,0.100253291137507,0.85546875,1.5378108948113745,0.0848388671875,0.2421875,0.1921875,0.0014767170020301,0.39372212,0.9442883889923389
bimodal,202,1701,transformer_mdn4,extrapolated,14,0.3772920591153603,0.0719193705418655,0.9283854166666666,1.558286982277135,0.06103515625,0.1640625,0.1140625,0.0014767170020301,0.3883875,1.0612689416656789
bimodal,202,1701,transformer_mdn4,extrapolated,15,0.4346519256531805,0.1059938707352196,0.8619791666666666,1.6287758625878002,0.06103515625,0.1640625,0.1140625,0.0014767170020301,0.39991778,1.2404977243194875
bimodal,202,1701,transformer_mdn4,extrapolated,16,0.413213978255523,0.0792194609194644,0.8828125,1.6139913994040922,0.0714111328125,0.203125,0.153125,0.0014767170020301,0.38703844,0.8460810344467457
bimodal,202,1701,transformer_mdn4,extrapolated,17,0.6524936065800371,0.2638496617170341,0.6901041666666666,1.4474598372273029,0.0562744140625,0.140625,0.090625,0.0014767170020301,0.42730588,0.8814065616379078
bimodal,202,1701,transformer_mdn4,extrapolated,18,0.4260758808706362,0.0854278819127556,0.8984375,1.414165472341659,0.0995330810546875,0.27734375,0.22734375,0.0014767170020301,0.3845332,0.820772306228667
bimodal,202,1701,transformer_mdn4,extrapolated,19,0.4177661378981245,0.0818301451537402,0.88671875,1.370300951717799,0.0726165771484375,0.20703125,0.15703125,0.0014767170020301,0.40596482,0.8609854142914112
bimodal,202,1701,transformer_mdn4,extrapolated,20,0.3950288588417502,0.0533395247642623,0.8919270833333334,1.500019380252381,0.0804901123046875,0.23046875,0.18046875,0.0014767170020301,0.37976128,0.8087977330932911
bimodal,202,1701,transformer_mdn4,extrapolated,21,0.6160186358472199,0.2925277192054066,0.703125,1.650392925838304,0.0482025146484375,0.05078125,0.0007812499999999,0.0014767170020301,0.39920965,1.1064684551010426
bimodal,202,1701,transformer_mdn4,extrapolated,22,0.7668062950194783,0.4011938526891001,0.57421875,1.508471357373698,0.0503997802734375,0.00390625,0.04609375,0.0014767170020301,0.3994616,0.9965669076690967
bimodal,202,1701,transformer_mdn4,extrapolated,23,0.743301873555833,0.3862769455746123,0.5989583333333334,1.6130808742467322,0.0491790771484375,0.01953125,0.03046875,0.0014767170020301,0.4032337,1.2879700820694264
bimodal,202,2903,transformer_mdn4,central,0,0.5795189880083687,0.0111969174901858,0.86328125,1.5043677151041197,0.050048828125,0.0078125,0.0421875,0.0015210121249159,0.4851622,0.5186745088348682
bimodal,202,2903,transformer_mdn4,central,1,0.5604935538297616,0.0018465797877727,0.9283854166666666,1.6209494969344684,0.0489501953125,0.078125,0.0281249999999999,0.0015210121249159,0.63569236,0.5985833566437061
bimodal,202,2903,transformer_mdn4,central,2,0.5850048499945139,0.0113442310276962,0.87890625,1.535166086262581,0.0503997802734375,0.00390625,0.04609375,0.0015210121249159,0.5799089,0.5817594092140491
bimodal,202,2903,transformer_mdn4,central,3,0.5580702076755111,0.0027823837923712,0.8997395833333334,1.4894171761230706,0.0494384765625,0.015625,0.034375,0.0015210121249159,0.46730474,0.6300321977386768
bimodal,202,2903,transformer_mdn4,central,4,0.6221790772672444,0.0335294359411246,0.8658854166666666,1.575342915307118,0.0503997802734375,0.00390625,0.04609375,0.0015210121249159,0.58598894,0.8231735389480884
bimodal,202,2903,transformer_mdn4,central,5,0.5931465208963573,0.0219803642428628,0.83984375,1.4893241653691272,0.0497283935546875,0.01171875,0.03828125,0.0015210121249159,0.5040025,0.537899033332854
bimodal,202,2903,transformer_mdn4,central,6,0.527142264609798,0.0015593785442312,0.890625,1.5226462052146168,0.0494384765625,0.015625,0.034375,0.0015210121249159,0.45414412,0.5103196065674122
bimodal,202,2903,transformer_mdn4,central,7,0.6116862667520243,0.0257394856984388,0.8346354166666666,1.4681138591197582,0.0497283935546875,0.01171875,0.03828125,0.0015210121249159,0.35679042,0.35365910937884404
bimodal,202,2903,transformer_mdn4,central,8,0.5413957161992828,0.0072383883919695,0.87890625,1.463960950835964,0.048583984375,0.03125,0.01875,0.0015210121249159,0.4444694,0.2516967814216907
bimodal,202,2903,transformer_mdn4,central,9,0.6120152224495117,0.0276593472146899,0.8190104166666666,1.476326819395351,0.0503997802734375,0.00390625,0.04609375,0.0015210121249159,0.4526089,0.57659639527896
bimodal,202,2903,transformer_mdn4,central,10,0.6081714369300186,0.0199607025154506,0.8606770833333334,1.5263771727951516,0.0503997802734375,0.00390625,0.04609375,0.0015210121249159,0.35244444,0.39274682214358403
bimodal,202,2903,transformer_mdn4,central,11,0.5964368510092298,0.0159647553998983,0.8385416666666666,1.4534490837659348,0.0497283935546875,0.01171875,0.03828125,0.0015210121249159,0.40937954,0.4944561283836658
bimodal,202,2903,transformer_mdn4,central,12,0.6025569742437186,0.045726918360501,0.84765625,1.512622314462969,0.05078125,0.0,0.05,0.0015210121249159,0.5532399,0.8185923259506519
bimodal,202,2903,transformer_mdn4,central,13,0.6134973166255985,0.0175349267831428,0.8697916666666666,1.5501281165280787,0.05078125,0.0,0.05,0.0015210121249159,0.53898275,0.4887435596237476
bimodal,202,2903,transformer_mdn4,central,14,0.5525740816996825,0.0266883547402254,0.8645833333333334,1.503510614518689,0.050048828125,0.0078125,0.0421875,0.0015210121249159,0.50969625,0.32561023643115117
bimodal,202,2903,transformer_mdn4,central,15,0.5417067537661721,0.0060459886974294,0.8932291666666666,1.5080711178331632,0.04833984375,0.0390625,0.0109375,0.0015210121249159,0.6032982,0.5044729869613941
bimodal,202,2903,transformer_mdn4,central,16,0.6083928065392096,0.0152291432443388,0.8255208333333334,1.460363315161801,0.0503997802734375,0.00390625,0.04609375,0.0015210121249159,0.52644855,0.6003269117126758
bimodal,202,2903,transformer_mdn4,central,17,0.5800185934261106,0.0025738283668245,0.8828125,1.544530868380889,0.0487518310546875,0.02734375,0.02265625,0.0015210121249159,0.54897976,0.7871844928512867
bimodal,202,2903,transformer_mdn4,central,18,0.6174798039386181,0.0349426212199012,0.8346354166666666,1.518786170768675,0.0497283935546875,0.01171875,0.03828125,0.0015210121249159,0.51289195,0.5141760270843799
bimodal,202,2903,transformer_mdn4,central,19,0.6055270982712818,0.0101204318767571,0.8450520833333334,1.492769632243261,0.0503997802734375,0.00390625,0.04609375,0.0015210121249159,0.3657716,0.5368844430694873
bimodal,202,2903,transformer_mdn4,central,20,0.5651668256839641,0.0134381514206847,0.9010416666666666,1.5257670353753507,0.0497283935546875,0.01171875,0.03828125,0.0015210121249159,0.532463,0.5059620301971729
bimodal,202,2903,transformer_mdn4,central,21,0.532849963597008,0.0048063985418269,0.8294270833333334,1.4734992246382457,0.05078125,0.0,0.05,0.0015210121249159,0.35261485,0.30382920911410405
bimodal,202,2903,transformer_mdn4,central,22,0.581440118742618,0.0204984878643852,0.8932291666666666,1.5549544883677726,0.0489501953125,0.0234375,0.0265625,0.0015210121249159,0.42921424,0.5727747242698963
bimodal,202,2903,transformer_mdn4,central,23,0.5781922976135372,0.0262430229384055,0.8515625,1.5032276303905563,0.050048828125,0.0078125,0.0421875,0.0015210121249159,0.39142653,0.4747868936310108
bimodal,202,2903,transformer_mdn4,boundary,0,0.4113750896580398,0.0020309919670619,0.91015625,1.402175092148248,0.0482177734375,0.046875,0.003125,0.0014637100830441,0.2970318,0.11047645022967412
bimodal,202,2903,transformer_mdn4,boundary,1,0.425067722805696,0.0082377768407336,0.8723958333333334,1.4065437675735335,0.0484466552734375,0.03515625,0.01484375,0.0014637100830441,0.39562756,0.2859978239784534
bimodal,202,2903,transformer_mdn4,boundary,2,0.4269131042647416,0.0057501125434638,0.9375,1.5104863521716216,0.04833984375,0.0390625,0.0109375,0.0014637100830441,0.28652954,0.312502578998595
bimodal,202,2903,transformer_mdn4,boundary,3,0.4488333450349912,0.0074659662458239,0.9088541666666666,1.4576727004120362,0.0482025146484375,0.05078125,0.0007812499999999,0.0014637100830441,0.3379334,0.304645494724303
bimodal,202,2903,transformer_mdn4,boundary,4,0.4319846541003495,0.0128998104252052,0.8880208333333334,1.4431036862213436,0.0482177734375,0.046875,0.003125,0.0014637100830441,0.349504,0.4994496267090137
bimodal,202,2903,transformer_mdn4,boundary,5,0.447600007188775,0.0065339028411186,0.8658854166666666,1.3867159335480597,0.0494384765625,0.015625,0.034375,0.0014637100830441,0.45388943,0.17271424939730717
bimodal,202,2903,transformer_mdn4,boundary,6,0.4241243896934629,0.0037247367257752,0.9088541666666666,1.46439566117421,0.0487518310546875,0.02734375,0.02265625,0.0014637100830441,0.43285137,0.35331948211291386
bimodal,202,2903,transformer_mdn4,boundary,7,0.4284581303132339,0.0034440422963973,0.8932291666666666,1.508588291306767,0.0494384765625,0.015625,0.034375,0.0014637100830441,0.41671932,0.3411791484604175
bimodal,202,2903,transformer_mdn4,boundary,8,0.4716676902252303,0.0005569479085268,0.8658854166666666,1.4295612346050917,0.0489501953125,0.0234375,0.0265625,0.0014637100830441,0.33401936,0.35942591836550786
bimodal,202,2903,transformer_mdn4,boundary,9,0.4616950084360327,0.00117268462675,0.8828125,1.4393927277390872,0.0484466552734375,0.03515625,0.01484375,0.0014637100830441,0.38138902,0.17509015014269902
bimodal,202,2903,transformer_mdn4,boundary,10,0.409084249578161,0.0054516391977984,0.8541666666666666,1.369831026405424,0.04833984375,0.0390625,0.0109375,0.0014637100830441,0.36585116,-0.013271434997529252
bimodal,202,2903,transformer_mdn4,boundary,11,0.4379816568296474,0.0091058278691894,0.8684895833333334,1.4384925109370883,0.0494384765625,0.015625,0.034375,0.0014637100830441,0.348955,0.22207786252596928
bimodal,202,2903,transformer_mdn4,boundary,12,0.4450882955090849,0.0007698247226105,0.8763020833333334,1.4006160718972644,0.0487518310546875,0.02734375,0.02265625,0.0014637100830441,0.41759914,0.3665540974388416
bimodal,202,2903,transformer_mdn4,boundary,13,0.453706745350072,0.0005490557874219,0.87109375,1.3618641521736432,0.0484466552734375,0.03515625,0.01484375,0.0014637100830441,0.43035904,0.2771538059959705
bimodal,202,2903,transformer_mdn4,boundary,14,0.4431381515058606,0.0039818855437393,0.9140625,1.5041830152934512,0.0489501953125,0.0234375,0.0265625,0.0014637100830441,0.43725663,0.15755023172000004
bimodal,202,2903,transformer_mdn4,boundary,15,0.4289634616354184,0.0050765058699512,0.9140625,1.564662206091158,0.0491790771484375,0.01953125,0.03046875,0.0014637100830441,0.3304888,0.19922722985842778
bimodal,202,2903,transformer_mdn4,boundary,16,0.4247237445606047,0.0023879976140917,0.84375,1.2959227436358305,0.0489501953125,0.0234375,0.0265625,0.0014637100830441,0.4383753,0.27241112401583745
bimodal,202,2903,transformer_mdn4,boundary,17,0.4668397877163898,0.0113284228359745,0.8841145833333334,1.4449035094987976,0.0482635498046875,0.04296875,0.00703125,0.0014637100830441,0.4223173,0.524040357376128
bimodal,202,2903,transformer_mdn4,boundary,18,0.4088085189012208,0.0058803416568437,0.90234375,1.471111747436665,0.0484466552734375,0.03515625,0.01484375,0.0014637100830441,0.29033893,0.3467797200928028
bimodal,202,2903,transformer_mdn4,boundary,19,0.4047564668467547,0.0016616995642243,0.8815104166666666,1.4188461789451436,0.0484466552734375,0.03515625,0.01484375,0.0014637100830441,0.29886347,0.14729930570223881
bimodal,202,2903,transformer_mdn4,boundary,20,0.4468900577710622,0.0064790485370263,0.91015625,1.535071339203095,0.0494384765625,0.015625,0.034375,0.0014637100830441,0.36696815,0.1979686777839954
bimodal,202,2903,transformer_mdn4,boundary,21,0.42667310916681,0.0039679484616772,0.90625,1.471523364574349,0.0482635498046875,0.04296875,0.00703125,0.0014637100830441,0.31856418,0.27351261785128667
bimodal,202,2903,transformer_mdn4,boundary,22,0.4432837248859093,0.0035016945105645,0.8971354166666666,1.4697664124850485,0.0482635498046875,0.04296875,0.00703125,0.0014637100830441,0.2945816,0.2236758630523975
bimodal,202,2903,transformer_mdn4,boundary,23,0.4403869247374102,0.0092878729151928,0.90234375,1.468310445006731,0.0489501953125,0.0234375,0.0265625,0.0014637100830441,0.28001922,0.16246183326342656
bimodal,202,2903,transformer_mdn4,extrapolated,0,0.8686678336762914,0.4838836692741268,0.4609375,1.4775662835934742,0.050048828125,0.0078125,0.0421875,0.0014747083332622,0.3724882,0.8234237592468555
bimodal,202,2903,transformer_mdn4,extrapolated,1,0.5170187854251822,0.1443127083447828,0.8125,1.4796357691266673,0.0804901123046875,0.23046875,0.18046875,0.0014747083332622,0.3804247,0.7736241977463062
bimodal,202,2903,transformer_mdn4,extrapolated,2,0.5483844023685622,0.1770528123534014,0.77734375,1.460608291883366,0.0638275146484375,0.17578125,0.12578125,0.0014747083332622,0.33440486,0.7498811643371875
bimodal,202,2903,transformer_mdn4,extrapolated,3,0.8168138431089853,0.4022249061518874,0.5846354166666666,1.3922073178708736,0.0489501953125,0.0234375,0.0265625,0.0014747083332622,0.28797427,0.5886193673858936
bimodal,202,2903,transformer_mdn4,extrapolated,4,0.9841789829373556,0.5904253460993805,0.4778645833333333,1.4618178152725303,0.0487518310546875,0.02734375,0.02265625,0.0014747083332622,0.3515944,0.8555514972458179
bimodal,202,2903,transformer_mdn4,extrapolated,5,0.7771351345705544,0.3437869684741579,0.6028645833333334,1.305617885476005,0.0482177734375,0.0546875,0.0046874999999999,0.0014747083332622,0.26733416,0.5162685077438648
bimodal,202,2903,transformer_mdn4,extrapolated,6,0.8149754247134956,0.4341058595782559,0.5846354166666666,1.3559232361854494,0.0487518310546875,0.02734375,0.02265625,0.0014747083332622,0.3039609,0.7558692853699024
bimodal,202,2903,transformer_mdn4,extrapolated,7,0.7442588505040937,0.3383462907410488,0.5677083333333334,1.3873535427805077,0.0511932373046875,0.10546875,0.05546875,0.0014747083332622,0.3328334,0.6342230003128345
bimodal,202,2903,transformer_mdn4,extrapolated,8,0.508716884437925,0.1127501576248885,0.76953125,1.0513201655059936,0.0543060302734375,0.12890625,0.07890625,0.0014747083332622,0.27831146,0.2271607082138355
bimodal,202,2903,transformer_mdn4,extrapolated,9,0.9317259988102408,0.529886321179227,0.4791666666666667,1.3136157155927606,0.050048828125,0.0078125,0.0421875,0.0014747083332622,0.30861562,0.7027176778564747
bimodal,202,2903,transformer_mdn4,extrapolated,10,0.7251431822651375,0.3493626807320515,0.58203125,1.3948848025188114,0.050048828125,0.09375,0.04375,0.0014747083332622,0.34385362,0.7415970723877247
bimodal,202,2903,transformer_mdn4,extrapolated,11,0.7826476704764035,0.3624644692405368,0.58203125,1.354530429199608,0.0482177734375,0.046875,0.003125,0.0014747083332622,0.30592185,0.5760425489197071
bimodal,202,2903,transformer_mdn4,extrapolated,12,0.7292080627699592,0.3494857747954842,0.5572916666666666,1.3899510484801525,0.05078125,0.0,0.05,0.0014747083332622,0.3623045,0.7135595243225391
bimodal,202,2903,transformer_mdn4,extrapolated,13,0.5599186965418215,0.1901656119513762,0.7682291666666666,1.4537961624681264,0.0726165771484375,0.20703125,0.15703125,0.0014747083332622,0.32923454,0.6786919992218311
bimodal,202,2903,transformer_mdn4,extrapolated,14,0.5472417674439232,0.1911348814468462,0.7838541666666666,1.3813451003892467,0.0491790771484375,0.08203125,0.03203125,0.0014747083332622,0.31941634,0.5240240257034595
bimodal,202,2903,transformer_mdn4,extrapolated,15,0.5582629400143798,0.202704999357131,0.7552083333333334,1.5133546575753802,0.0531463623046875,0.12109375,0.07109375,0.0014747083332622,0.35700893,0.7356264751205738
bimodal,202,2903,transformer_mdn4,extrapolated,16,0.5286283758503625,0.1523319620359735,0.78515625,1.4084262694019485,0.054931640625,0.1328125,0.0828125,0.0014747083332622,0.30332112,0.6355979602585132
bimodal,202,2903,transformer_mdn4,extrapolated,17,0.6857287775985241,0.2833902196604678,0.6106770833333334,1.4001626348521274,0.0619354248046875,0.16796875,0.11796875,0.0014747083332622,0.333492,0.5953749578247364
bimodal,202,2903,transformer_mdn4,extrapolated,18,0.5039384825580489,0.1320122476607836,0.8125,1.1881498459836342,0.0943603515625,0.265625,0.215625,0.0014747083332622,0.29543447,0.42587138822177006
bimodal,202,2903,transformer_mdn4,extrapolated,19,0.5862328564123078,0.2096854476378979,0.7421875,1.539959844531641,0.0601654052734375,0.16015625,0.11015625,0.0014747083332622,0.37858927,0.8096703450928028
bimodal,202,2903,transformer_mdn4,extrapolated,20,0.4645698318996013,0.0951142715371824,0.8216145833333334,1.2135195594808492,0.0726165771484375,0.20703125,0.15703125,0.0014747083332622,0.31021172,0.415364341045409
bimodal,202,2903,transformer_mdn4,extrapolated,21,0.7970046789585719,0.4126109770838911,0.5494791666666666,1.2808032706008727,0.0489501953125,0.0234375,0.0265625,0.0014747083332622,0.29035076,0.5429380696068103
bimodal,202,2903,transformer_mdn4,extrapolated,22,1.0155323346348244,0.6458111017820406,0.421875,1.4103268979098251,0.0503997802734375,0.00390625,0.04609375,0.0014747083332622,0.29390535,0.5736245672951038
bimodal,202,2903,transformer_mdn4,extrapolated,23,0.92472610723434,0.55186360301421,0.46484375,1.475374196789401,0.05078125,0.0,0.05,0.0014747083332622,0.3182484,0.625733153129607
bimodal,303,1701,transformer_mdn4,central,0,0.6003606537583865,0.0356757812770943,0.8177083333333334,1.3991298815623738,0.0497283935546875,0.08984375,0.03984375,0.0014620919998075,0.4896121,0.4474819803216158
bimodal,303,1701,transformer_mdn4,central,1,0.546583399648321,0.0064983399568115,0.87890625,1.4267948291868258,0.0526123046875,0.1171875,0.0671875,0.0014620919998075,0.5187136,0.6454653048493563
bimodal,303,1701,transformer_mdn4,central,2,0.5780621165053172,0.0088534793611971,0.8619791666666666,1.4491100647979385,0.0516357421875,0.109375,0.059375,0.0014620919998075,0.49983907,0.4706203246094881
bimodal,303,1701,transformer_mdn4,central,3,0.5818431584444402,0.0159386217819905,0.8333333333333334,1.4231633665730097,0.0497283935546875,0.08984375,0.03984375,0.0014620919998075,0.47888646,0.47089319467326984
bimodal,303,1701,transformer_mdn4,central,4,0.5821098520251966,0.0205947152520921,0.8372395833333334,1.3751588611253032,0.04833984375,0.0625,0.0124999999999999,0.0014620919998075,0.48644215,0.6889453434922396
bimodal,303,1701,transformer_mdn4,central,5,0.5447042952309743,0.0031373765783195,0.8802083333333334,1.4924767605111864,0.0484466552734375,0.06640625,0.0164062499999999,0.0014620919998075,0.36671832,0.34323113202831135
bimodal,303,1701,transformer_mdn4,central,6,0.5594030671528016,0.0044480118661267,0.8671875,1.4519584542973776,0.0484466552734375,0.06640625,0.0164062499999999,0.0014620919998075,0.387641,0.3248087668397127
bimodal,303,1701,transformer_mdn4,central,7,0.6034183628733631,0.0016911207991343,0.8216145833333334,1.4126127445210266,0.048583984375,0.03125,0.01875,0.0014620919998075,0.4607498,0.5156537795045076
bimodal,303,1701,transformer_mdn4,central,8,0.5458325575591526,0.0037442747141217,0.8463541666666666,1.3806321706180835,0.0489501953125,0.0234375,0.0265625,0.0014620919998075,0.4534201,0.4639744663216768
bimodal,303,1701,transformer_mdn4,central,9,0.5921166355008731,0.0041308678164587,0.8463541666666666,1.4248216284895048,0.0489501953125,0.078125,0.0281249999999999,0.0014620919998075,0.50605655,0.6555725836732088
bimodal,303,1701,transformer_mdn4,central,10,0.5945332310066443,0.0145521818417881,0.8619791666666666,1.5097970816709267,0.0489501953125,0.078125,0.0281249999999999,0.0014620919998075,0.5123529,0.7219670319535433
bimodal,303,1701,transformer_mdn4,central,11,0.5604632701398046,0.0022241455349504,0.87109375,1.4166042127120624,0.0487518310546875,0.07421875,0.0242187499999999,0.0014620919998075,0.4883408,0.6725169920899569
bimodal,303,1701,transformer_mdn4,central,12,0.5691419148800233,0.0006887081133107,0.8541666666666666,1.443055013029033,0.04833984375,0.0390625,0.0109375,0.0014620919998075,0.41209087,0.4416237378098665
bimodal,303,1701,transformer_mdn4,central,13,0.5819737659634889,0.0017180371894229,0.8619791666666666,1.4337598649165717,0.0482025146484375,0.05078125,0.0007812499999999,0.0014620919998075,0.5405176,0.7526730799653231
bimodal,303,1701,transformer_mdn4,central,14,0.5599265122438161,0.0018813009874535,0.8932291666666666,1.4973632314085048,0.0511932373046875,0.10546875,0.05546875,0.0014620919998075,0.4070914,0.41681336402675495
bimodal,303,1701,transformer_mdn4,central,15,0.597128217038434,0.033281165831383,0.8854166666666666,1.606359566280028,0.0562744140625,0.140625,0.090625,0.0014620919998075,0.5098536,0.7063076996781527
bimodal,303,1701,transformer_mdn4,central,16,0.6048511575628682,0.00077967883017,0.8125,1.380277888622073,0.048583984375,0.03125,0.01875,0.0014620919998075,0.50097144,0.5453055405595003
bimodal,303,1701,transformer_mdn4,central,17,0.5612408703426143,0.0062587023632152,0.8489583333333334,1.375576753781088,0.0489501953125,0.078125,0.0281249999999999,0.0014620919998075,0.4179314,0.5062666439988314
bimodal,303,1701,transformer_mdn4,central,18,0.5784050374281834,0.0012809735567273,0.8151041666666666,1.3864403361891855,0.0482635498046875,0.04296875,0.00703125,0.0014620919998075,0.4787685,0.469651749131888
bimodal,303,1701,transformer_mdn4,central,19,0.5884976608255543,0.0029807873968954,0.8059895833333334,1.3877498266101014,0.04833984375,0.0390625,0.0109375,0.0014620919998075,0.4356564,0.3463881516434847
bimodal,303,1701,transformer_mdn4,central,20,0.5947709739459471,0.0031492964166274,0.8359375,1.4053572450732872,0.0482177734375,0.0546875,0.0046874999999999,0.0014620919998075,0.5032147,0.6591866517045198
bimodal,303,1701,transformer_mdn4,central,21,0.5832336191956121,0.0017866976526192,0.8606770833333334,1.480627521732709,0.0484466552734375,0.06640625,0.0164062499999999,0.0014620919998075,0.49436164,0.5951210761048494
bimodal,303,1701,transformer_mdn4,central,22,0.5905768357334075,0.0048602664402837,0.8111979166666666,1.3838613212645026,0.048583984375,0.03125,0.01875,0.0014620919998075,0.40557858,0.4040641093232332
bimodal,303,1701,transformer_mdn4,central,23,0.5793884657234329,0.0009400947392272,0.8268229166666666,1.3735612352401134,0.0484466552734375,0.03515625,0.01484375,0.0014620919998075,0.523304,0.6610656285264193
bimodal,303,1701,transformer_mdn4,boundary,0,0.4222673330940669,0.0012793534768995,0.9088541666666666,1.3818154294713885,0.0491790771484375,0.08203125,0.03203125,0.0013988906236287,0.30688328,0.7857664132096468
bimodal,303,1701,transformer_mdn4,boundary,1,0.425608353804532,0.0010068724111279,0.8854166666666666,1.327470631119786,0.0503997802734375,0.09765625,0.04765625,0.0013988906236287,0.2907593,0.5800208950020967
bimodal,303,1701,transformer_mdn4,boundary,2,0.4364361311002125,0.0018408896945853,0.9401041666666666,1.618080487214222,0.0497283935546875,0.08984375,0.03984375,0.0013988906236287,0.32810092,0.7664157652833162
bimodal,303,1701,transformer_mdn4,boundary,3,0.4419226397640038,0.0016618980045649,0.9127604166666666,1.4790779848013391,0.0489501953125,0.078125,0.0281249999999999,0.0013988906236287,0.30179417,0.7000134491898714
bimodal,303,1701,transformer_mdn4,boundary,4,0.4343271937099743,0.0048033314262406,0.90625,1.4315176663977784,0.0494384765625,0.0859375,0.0359375,0.0013988906236287,0.31327215,0.6836184763886629
bimodal,303,1701,transformer_mdn4,boundary,5,0.4306536670479711,0.0084273711196005,0.9283854166666666,1.6014985572290712,0.0482025146484375,0.05078125,0.0007812499999999,0.0013988906236287,0.2924203,0.8048127198197542
bimodal,303,1701,transformer_mdn4,boundary,6,0.4068136553091053,0.0014565428878322,0.9153645833333334,1.380920973066826,0.0503997802734375,0.09765625,0.04765625,0.0013988906236287,0.2843111,0.630311419961661
bimodal,303,1701,transformer_mdn4,boundary,7,0.4572157691897123,0.0010659491332868,0.9309895833333334,1.5549259110437224,0.0491790771484375,0.08203125,0.03203125,0.0013988906236287,0.30155534,0.6394955420472322
bimodal,303,1701,transformer_mdn4,boundary,8,0.4000759621848059,0.0024012671519841,0.93359375,1.4315378044371705,0.0521087646484375,0.11328125,0.06328125,0.0013988906236287,0.29207322,0.7725552821137606
bimodal,303,1701,transformer_mdn4,boundary,9,0.4302961269180317,0.001587791759,0.90625,1.4125459100361537,0.048583984375,0.0703125,0.0203124999999999,0.0013988906236287,0.32516778,0.6920353674866854
bimodal,303,1701,transformer_mdn4,boundary,10,0.4740929568500335,0.0023180713211512,0.9466145833333334,1.6161069087443858,0.0526123046875,0.1171875,0.0671875,0.0013988906236287,0.32111257,0.7900496029832064
bimodal,303,1701,transformer_mdn4,boundary,11,0.4316634702027346,0.0003883550187958,0.91015625,1.4727526753124878,0.0484466552734375,0.06640625,0.0164062499999999,0.0013988906236287,0.32404783,0.7268747591950594
bimodal,303,1701,transformer_mdn4,boundary,12,0.3944615027935118,0.0020419298328528,0.9348958333333334,1.4555302098262413,0.0531463623046875,0.12109375,0.07109375,0.0013988906236287,0.2901256,0.8691067004182039
bimodal,303,1701,transformer_mdn4,boundary,13,0.4324478677476317,7.809285853690168e-05,0.9088541666666666,1.501759131248802,0.0484466552734375,0.03515625,0.01484375,0.0013988906236287,0.33704233,0.6967664265610872
bimodal,303,1701,transformer_mdn4,boundary,14,0.3978865035082538,0.0017477768126378,0.92578125,1.404077854079401,0.0497283935546875,0.08984375,0.03984375,0.0013988906236287,0.29721516,0.586093833444327
bimodal,303,1701,transformer_mdn4,boundary,15,0.4684319412533687,0.0018796691121492,0.8880208333333334,1.34807216538191,0.0482025146484375,0.05078125,0.0007812499999999,0.0013988906236287,0.31537238,0.6862005496003328
bimodal,303,1701,transformer_mdn4,boundary,16,0.4229572992296627,0.0015248264065422,0.92578125,1.4851102811694938,0.0497283935546875,0.08984375,0.03984375,0.0013988906236287,0.29924524,0.8272938036896883
bimodal,303,1701,transformer_mdn4,boundary,17,0.42110827191774,0.0004176864451535,0.8984375,1.3889457681083055,0.0516357421875,0.109375,0.059375,0.0013988906236287,0.30111447,0.9106897616364656
bimodal,303,1701,transformer_mdn4,boundary,18,0.4524283857978416,0.0071269686023935,0.8971354166666666,1.4541913704999387,0.0569915771484375,0.14453125,0.09453125,0.0013988906236287,0.3039189,0.8192061686494051
bimodal,303,1701,transformer_mdn4,boundary,19,0.3965312731636938,0.0008951606981088,0.91015625,1.3485740234807182,0.048583984375,0.0703125,0.0203124999999999,0.0013988906236287,0.31354746,0.738252093789786
bimodal,303,1701,transformer_mdn4,boundary,20,0.4107109454798107,0.001026705530241,0.93359375,1.4966518116509102,0.05078125,0.1015625,0.0515625,0.0013988906236287,0.31480587,0.8139755034424959
bimodal,303,1701,transformer_mdn4,boundary,21,0.4632024275083243,0.0080373670133439,0.9322916666666666,1.623204305917622,0.069091796875,0.1953125,0.1453125,0.0013988906236287,0.3157134,0.9049338602997957
bimodal,303,1701,transformer_mdn4,boundary,22,0.4236124593922508,0.0148833869141422,0.8828125,1.2702210059808772,0.06103515625,0.1640625,0.1140625,0.0013988906236287,0.31599295,0.5572033429124056
bimodal,303,1701,transformer_mdn4,boundary,23,0.4277914665685348,0.00309645475843,0.9166666666666666,1.580895685896199,0.0497283935546875,0.08984375,0.03984375,0.0013988906236287,0.29667822,0.7690351510026155
bimodal,303,1701,transformer_mdn4,extrapolated,0,0.5257513413165945,0.1282145565115055,0.8997395833333334,1.6694554388806562,0.1126708984375,0.3046875,0.2546875,0.0015363628335762,0.23013125,1.6186558508851228
bimodal,303,1701,transformer_mdn4,extrapolated,1,0.5419320532877733,0.1761813663377018,0.80078125,1.4959301507479563,0.0601654052734375,0.16015625,0.11015625,0.0015363628335762,0.24091774,1.2718540930726228
bimodal,303,1701,transformer_mdn4,extrapolated,2,0.4984472337668646,0.1343074968228916,0.9348958333333334,1.635573742654315,0.0738525390625,0.2109375,0.1609375,0.0015363628335762,0.23322076,1.529796054361075
bimodal,303,1701,transformer_mdn4,extrapolated,3,0.8532518307431224,0.5108276300996094,0.6471354166666666,1.6954654865070733,0.0497283935546875,0.01171875,0.03828125,0.0015363628335762,0.24359946,1.925383975503653
bimodal,303,1701,transformer_mdn4,extrapolated,4,0.5978452334912219,0.2188577757845686,0.7877604166666666,1.6994159716656485,0.0601654052734375,0.16015625,0.11015625,0.0015363628335762,0.24702275,1.5290401482560334
bimodal,303,1701,transformer_mdn4,extrapolated,5,0.501250454144839,0.1537999336994323,0.9010416666666666,1.7507577644206316,0.0521087646484375,0.11328125,0.06328125,0.0015363628335762,0.24930274,1.6167775893189607
bimodal,303,1701,transformer_mdn4,extrapolated,6,1.0506153177285706,0.7270621703137105,0.5677083333333334,1.757488440405426,0.0491790771484375,0.01953125,0.03046875,0.0015363628335762,0.23960851,1.75814049482128
bimodal,303,1701,transformer_mdn4,extrapolated,7,0.4422031962671251,0.0833956190228752,0.9440104166666666,1.8237460764164712,0.0833587646484375,0.23828125,0.18828125,0.0015363628335762,0.24601114,1.6383935713746247
bimodal,303,1701,transformer_mdn4,extrapolated,8,0.5247095331123939,0.1845745327283765,0.9401041666666666,1.855131521855328,0.0526123046875,0.1171875,0.0671875,0.0015363628335762,0.2347358,1.9407252573945222
bimodal,303,1701,transformer_mdn4,extrapolated,9,0.973629028418307,0.6740631438461803,0.5052083333333334,1.9614216060892176,0.0503997802734375,0.00390625,0.04609375,0.0015363628335762,0.24628069,1.7427965903260407
bimodal,303,1701,transformer_mdn4,extrapolated,10,0.7024121759639511,0.3106151563393229,0.7708333333333334,1.6297997076993982,0.0516357421875,0.109375,0.059375,0.0015363628335762,0.23934488,1.4832811856248078
bimodal,303,1701,transformer_mdn4,extrapolated,11,0.5043557226147612,0.1324866698884591,0.9088541666666666,1.5615772860704205,0.0585174560546875,0.15234375,0.10234375,0.0015363628335762,0.22810277,1.4706310534455476
bimodal,303,1701,transformer_mdn4,extrapolated,12,0.4893861627801992,0.1423276239402976,0.90234375,1.7234682663817835,0.069091796875,0.1953125,0.1453125,0.0015363628335762,0.24856561,1.6400052809693513
bimodal,303,1701,transformer_mdn4,extrapolated,13,0.4245902009870882,0.0622746871074329,0.9466145833333334,1.6167133400708174,0.101318359375,0.28125,0.23125,0.0015363628335762,0.23154293,1.4460435414292512
bimodal,303,1701,transformer_mdn4,extrapolated,14,0.7235172588057391,0.412352100924229,0.80859375,1.8855320053183224,0.0489501953125,0.0234375,0.0265625,0.0015363628335762,0.23321113,1.8285390639283357
bimodal,303,1701,transformer_mdn4,extrapolated,15,0.6912148371659336,0.3468908338533544,0.76171875,1.7771540989062915,0.0484466552734375,0.06640625,0.0164062499999999,0.0015363628335762,0.24129574,1.4175164008118806
bimodal,303,1701,transformer_mdn4,extrapolated,16,0.5178958404595501,0.1621889684874615,0.8671875,1.7512279577614471,0.0726165771484375,0.20703125,0.15703125,0.0015363628335762,0.25009874,1.598815133569449
bimodal,303,1701,transformer_mdn4,extrapolated,17,0.572606939214467,0.1881063232694823,0.9075520833333334,1.7665838147037167,0.0679779052734375,0.19140625,0.14140625,0.0015363628335762,0.23097144,1.6974603438355622
bimodal,303,1701,transformer_mdn4,extrapolated,18,0.9192306960158012,0.5904757141638352,0.6744791666666666,1.8054291930528732,0.0484466552734375,0.03515625,0.01484375,0.0015363628335762,0.23975702,1.7987109923340974
bimodal,303,1701,transformer_mdn4,extrapolated,19,0.455363259252869,0.086307154476168,0.9088541666666666,1.4717009411639737,0.0751190185546875,0.21484375,0.16484375,0.0015363628335762,0.24264053,1.4372935795762238
bimodal,303,1701,transformer_mdn4,extrapolated,20,0.5074011447971201,0.1397935987842211,0.9348958333333334,1.745179627111221,0.087890625,0.25,0.2,0.0015363628335762,0.23200527,1.7102085852601228
bimodal,303,1701,transformer_mdn4,extrapolated,21,0.4294005097323154,0.0942445195139724,0.9557291666666666,1.584833523692249,0.0569915771484375,0.14453125,0.09453125,0.0015363628335762,0.22778463,1.4906019473054108
bimodal,303,1701,transformer_mdn4,extrapolated,22,0.4731379014841815,0.111491914435167,0.9205729166666666,1.5548167458170183,0.0926971435546875,0.26171875,0.21171875,0.0015363628335762,0.23996651,1.3495965504624543
bimodal,303,1701,transformer_mdn4,extrapolated,23,0.4157200228527713,0.0874217069487888,0.94140625,1.6288914903299103,0.0943603515625,0.265625,0.215625,0.0015363628335762,0.24155676,1.5141313576676545
bimodal,303,2903,transformer_mdn4,central,0,0.5746233245058484,0.0023163032051687,0.8528645833333334,1.4021942128412797,0.0482177734375,0.046875,0.003125,0.0015174513755482,0.927539,0.6311663889863192
bimodal,303,2903,transformer_mdn4,central,1,0.5447231446767337,0.0013956146737203,0.85546875,1.3772263126041058,0.04833984375,0.0625,0.0124999999999999,0.0015174513755482,0.9426565,0.5156573557831942
bimodal,303,2903,transformer_mdn4,central,2,0.5782670459823591,0.0009937604831759,0.8372395833333334,1.3670453620313332,0.0482025146484375,0.05078125,0.0007812499999999,0.0015174513755482,0.9799032,0.4934953951813875
bimodal,303,2903,transformer_mdn4,central,3,0.5756313413877425,0.0008319427492209,0.87109375,1.4404202276955147,0.0487518310546875,0.07421875,0.0242187499999999,0.0015174513755482,0.9432908,0.6051428818680941
bimodal,303,2903,transformer_mdn4,central,4,0.5676601215304137,0.0021044583355137,0.8372395833333334,1.3622986632638143,0.0487518310546875,0.02734375,0.02265625,0.0015174513755482,0.9049568,0.5260451936700045
bimodal,303,2903,transformer_mdn4,central,5,0.5459256141017654,0.0043068240463389,0.8489583333333334,1.4170573908208872,0.0482025146484375,0.05078125,0.0007812499999999,0.0015174513755482,0.8573188,0.34840702056667194
bimodal,303,2903,transformer_mdn4,central,6,0.5563228291091997,0.0035665952413092,0.828125,1.3534722631393972,0.0484466552734375,0.03515625,0.01484375,0.0015174513755482,0.9091886,0.3590182566621004
bimodal,303,2903,transformer_mdn4,central,7,0.5975930756297557,0.0003107659111,0.8619791666666666,1.4899231134118764,0.0482177734375,0.046875,0.003125,0.0015174513755482,0.93528605,0.4928795599915682
bimodal,303,2903,transformer_mdn4,central,8,0.5630454837465488,0.003077351944185,0.7838541666666666,1.2910238278074095,0.048583984375,0.03125,0.01875,0.0015174513755482,0.9199534,0.5135400795914827
bimodal,303,2903,transformer_mdn4,central,9,0.60639034648256,0.0016273158887694,0.8229166666666666,1.3672068899222074,0.0482635498046875,0.04296875,0.00703125,0.0015174513755482,0.97884893,0.5649008655526339
bimodal,303,2903,transformer_mdn4,central,10,0.5956841097775166,0.0047207664181503,0.7942708333333334,1.367422386169202,0.04833984375,0.0625,0.0124999999999999,0.0015174513755482,0.9180193,0.3982154631592928
bimodal,303,2903,transformer_mdn4,central,11,0.5569255124105412,0.0014042969717486,0.89453125,1.4844458874823732,0.0511932373046875,0.10546875,0.05546875,0.0015174513755482,0.908488,0.5999550127961336
bimodal,303,2903,transformer_mdn4,central,12,0.5713066688246502,0.0026732776417192,0.8450520833333334,1.3949114747941869,0.0489501953125,0.0234375,0.0265625,0.0015174513755482,0.9522249,0.44428305864116535
bimodal,303,2903,transformer_mdn4,central,13,0.5810364042173435,0.0012239502939111,0.859375,1.438599965416153,0.0482635498046875,0.05859375,0.0085937499999999,0.0015174513755482,0.96789443,0.6469396853425203
bimodal,303,2903,transformer_mdn4,central,14,0.5648548838761384,0.0026071585290291,0.87890625,1.4519741866620262,0.048583984375,0.0703125,0.0203124999999999,0.0015174513755482,0.88009286,0.3828111195542513
bimodal,303,2903,transformer_mdn4,central,15,0.5789264458123271,0.0040111711647552,0.8463541666666666,1.4057523899942426,0.0489501953125,0.078125,0.0281249999999999,0.0015174513755482,0.94433314,0.48815881252071247
bimodal,303,2903,transformer_mdn4,central,16,0.6037288477396887,0.0036280039391469,0.828125,1.4091367076837498,0.0489501953125,0.0234375,0.0265625,0.0015174513755482,0.9829911,0.5575448179223238
bimodal,303,2903,transformer_mdn4,central,17,0.5377348494470047,0.00133517811946,0.8893229166666666,1.4696139989478685,0.0482635498046875,0.05859375,0.0085937499999999,0.0015174513755482,0.8215494,0.5433518195130526
bimodal,303,2903,transformer_mdn4,central,18,0.5801136298338547,0.0007872762460319,0.83984375,1.414013147322324,0.04833984375,0.0390625,0.0109375,0.0015174513755482,0.9440719,0.5410673522927462
bimodal,303,2903,transformer_mdn4,central,19,0.5884071446701619,0.0043072001969983,0.8463541666666666,1.4288403651417036,0.0482177734375,0.046875,0.003125,0.0015174513755482,0.9599841,0.43843339919826374
bimodal,303,2903,transformer_mdn4,central,20,0.6028059679881329,0.0006084574394758,0.7799479166666666,1.2972426464445483,0.0482635498046875,0.04296875,0.00703125,0.0015174513755482,0.98281467,0.4802074933030306
bimodal,303,2903,transformer_mdn4,central,21,0.5975251922683171,0.0045564386962472,0.7890625,1.3346225039860158,0.04833984375,0.0390625,0.0109375,0.0015174513755482,0.94399154,0.5000697875001131
bimodal,303,2903,transformer_mdn4,central,22,0.5902693190457353,0.0016908698516908,0.7903645833333334,1.3197230143393088,0.048583984375,0.03125,0.01875,0.0015174513755482,0.90374446,0.5151332521416842
bimodal,303,2903,transformer_mdn4,central,23,0.5787694117010773,0.0017146502056762,0.859375,1.444207156434704,0.04833984375,0.0390625,0.0109375,0.0015174513755482,0.95033646,0.718023707864493
bimodal,303,2903,transformer_mdn4,boundary,0,0.425342343942015,0.0015902095166245,0.9348958333333334,1.522910725025886,0.0484466552734375,0.06640625,0.0164062499999999,0.001455144083593,0.6917256,0.6082112097718416
bimodal,303,2903,transformer_mdn4,boundary,1,0.4250060690378854,0.0001531891932062,0.9166666666666666,1.4796987140627962,0.0491790771484375,0.08203125,0.03203125,0.001455144083593,0.66873026,0.5985582375504671
bimodal,303,2903,transformer_mdn4,boundary,2,0.4338089819319003,6.307711630138872e-05,0.8958333333333334,1.387581023170007,0.048583984375,0.0703125,0.0203124999999999,0.001455144083593,0.67490834,0.6368572020508944
bimodal,303,2903,transformer_mdn4,boundary,3,0.4409627184659798,0.001377668770495,0.89453125,1.3943140429818228,0.0484466552734375,0.03515625,0.01484375,0.001455144083593,0.6781849,0.48105918407222614
bimodal,303,2903,transformer_mdn4,boundary,4,0.4318143360176183,0.0004738801797534,0.9231770833333334,1.4851494260038098,0.0482177734375,0.0546875,0.0046874999999999,0.001455144083593,0.70255685,0.7030396962144075
bimodal,303,2903,transformer_mdn4,boundary,5,0.4273418534181667,0.00015153598106,0.9192708333333334,1.4753633409024849,0.0489501953125,0.078125,0.0281249999999999,0.001455144083593,0.6536684,0.6249657177903353
bimodal,303,2903,transformer_mdn4,boundary,6,0.4029945397394117,0.0008411900613386,0.9205729166666666,1.410470092025336,0.0503997802734375,0.09765625,0.04765625,0.001455144083593,0.6729834,0.6142246031739412
bimodal,303,2903,transformer_mdn4,boundary,7,0.4534343681233989,0.0003303010902188,0.9140625,1.5076946109600773,0.04833984375,0.0625,0.0124999999999999,0.001455144083593,0.6902224,0.5366498136498629
bimodal,303,2903,transformer_mdn4,boundary,8,0.4025584898025595,0.0009619022294103,0.9283854166666666,1.4262869783578047,0.0482177734375,0.0546875,0.0046874999999999,0.001455144083593,0.67945534,0.768464496133536
bimodal,303,2903,transformer_mdn4,boundary,9,0.429506909246004,0.0034735745259709,0.9244791666666666,1.4820645386264475,0.0482025146484375,0.05078125,0.0007812499999999,0.001455144083593,0.69992185,0.601843287942618
bimodal,303,2903,transformer_mdn4,boundary,10,0.476716309676103,0.0002046044740866,0.9166666666666666,1.4896252070821183,0.050048828125,0.09375,0.04375,0.001455144083593,0.6860176,0.5613900923707186
bimodal,303,2903,transformer_mdn4,boundary,11,0.4383011497430189,0.0034741215144339,0.9192708333333334,1.5305307237502142,0.0484466552734375,0.03515625,0.01484375,0.001455144083593,0.68307424,0.6635163331010042
bimodal,303,2903,transformer_mdn4,boundary,12,0.3941232264616519,0.0011925222832878,0.9401041666666666,1.5030949494927013,0.050048828125,0.09375,0.04375,0.001455144083593,0.66294646,0.6729004883744417
bimodal,303,2903,transformer_mdn4,boundary,13,0.4432981969992552,0.0065918995361836,0.9205729166666666,1.568819139947493,0.0487518310546875,0.02734375,0.02265625,0.001455144083593,0.7070009,0.6525540852524935
bimodal,303,2903,transformer_mdn4,boundary,14,0.4007430535622471,0.0001586136731652,0.9361979166666666,1.500120087208032,0.0489501953125,0.078125,0.0281249999999999,0.001455144083593,0.68527454,0.6465216183640657
bimodal,303,2903,transformer_mdn4,boundary,15,0.459386379709114,0.0003184723438057,0.9075520833333334,1.4370367749812356,0.0482177734375,0.046875,0.003125,0.001455144083593,0.68854564,0.5356411242463289
bimodal,303,2903,transformer_mdn4,boundary,16,0.423152620964257,0.0022834319284751,0.9283854166666666,1.4934048307906262,0.04833984375,0.0625,0.0124999999999999,0.001455144083593,0.66518885,0.6615888380982576
bimodal,303,2903,transformer_mdn4,boundary,17,0.4182552373474169,0.0010810806907831,0.9088541666666666,1.4416997598757906,0.0511932373046875,0.10546875,0.05546875,0.001455144083593,0.67047685,0.5183973813035189
bimodal,303,2903,transformer_mdn4,boundary,18,0.442303416400709,0.0004950435544173,0.9140625,1.4977072940726852,0.0482635498046875,0.05859375,0.0085937499999999,0.001455144083593,0.6864701,0.6191841864564119
bimodal,303,2903,transformer_mdn4,boundary,19,0.3998102305247467,0.0007094851054932,0.91015625,1.4203820592268428,0.0491790771484375,0.01953125,0.03046875,0.001455144083593,0.6817794,0.5408053898789583
bimodal,303,2903,transformer_mdn4,boundary,20,0.4126156088378789,0.0019989308689486,0.9348958333333334,1.5002792574302797,0.0484466552734375,0.06640625,0.0164062499999999,0.001455144083593,0.6707918,0.6403781676270662
bimodal,303,2903,transformer_mdn4,boundary,21,0.4596681903808672,0.0010492751601249,0.8815104166666666,1.3724589042535762,0.05078125,0.1015625,0.0515625,0.001455144083593,0.69651896,0.5797422432877718
bimodal,303,2903,transformer_mdn4,boundary,22,0.4113190842504537,0.0007957672818108,0.9049479166666666,1.4019791100107897,0.0503997802734375,0.09765625,0.04765625,0.001455144083593,0.69721663,0.6613798642136751
bimodal,303,2903,transformer_mdn4,boundary,23,0.4262203249315234,0.0023117786065375,0.8893229166666666,1.418428520727727,0.0489501953125,0.078125,0.0281249999999999,0.001455144083593,0.656265,0.6501452231385408
bimodal,303,2903,transformer_mdn4,extrapolated,0,0.5542816719527325,0.1572784465703389,0.8684895833333334,1.5769115313438629,0.0848388671875,0.2421875,0.1921875,0.0015389479158329,0.6434929,1.1334832215287385
bimodal,303,2903,transformer_mdn4,extrapolated,1,0.5066381910852292,0.1328748168080781,0.80859375,1.4385316093030551,0.1126708984375,0.3046875,0.2546875,0.0015389479158329,0.6118165,0.994890859124869
bimodal,303,2903,transformer_mdn4,extrapolated,2,0.4656973527963541,0.1155160120698225,0.86328125,1.567956526077234,0.0777435302734375,0.22265625,0.17265625,0.0015389479158329,0.6205771,1.0245266461350617
bimodal,303,2903,transformer_mdn4,extrapolated,3,0.7895944867544314,0.3964773946077526,0.5169270833333334,1.542785607537155,0.0503997802734375,0.00390625,0.04609375,0.0015389479158329,0.62701267,1.121966531274527
bimodal,303,2903,transformer_mdn4,extrapolated,4,0.5521263926514286,0.1662565512092287,0.7239583333333334,1.5666154153553853,0.0848388671875,0.2421875,0.1921875,0.0015389479158329,0.61384314,1.1490339541413483
bimodal,303,2903,transformer_mdn4,extrapolated,5,0.5298160337663962,0.1517509898044637,0.70703125,1.5131193354791863,0.06689453125,0.1875,0.1375,0.0015389479158329,0.60587823,1.0287839674927888
bimodal,303,2903,transformer_mdn4,extrapolated,6,0.984472099327644,0.6285190220695818,0.4296875,1.6100535633006816,0.0497283935546875,0.01171875,0.03828125,0.0015389479158329,0.63968337,1.2554520869233308
bimodal,303,2903,transformer_mdn4,extrapolated,7,0.4569890484922491,0.0918517406846393,0.8697916666666666,1.4536833328475405,0.0995330810546875,0.27734375,0.22734375,0.0015389479158329,0.6065755,1.0898495221116242
bimodal,303,2903,transformer_mdn4,extrapolated,8,0.5443059700035977,0.1925643206414881,0.7955729166666666,1.5639949864366958,0.0482025146484375,0.05078125,0.0007812499999999,0.0015389479158329,0.65251935,1.0613688731171784
bimodal,303,2903,transformer_mdn4,extrapolated,9,0.8591055070348095,0.4782408011876375,0.4609375,1.4986431713690014,0.0497283935546875,0.01171875,0.03828125,0.0015389479158329,0.62647134,1.235038688180655
bimodal,303,2903,transformer_mdn4,extrapolated,10,0.6843962609285578,0.2763354347987787,0.6588541666666666,1.4773233756538164,0.0537109375,0.125,0.075,0.0015389479158329,0.6271896,1.1283089423157868
bimodal,303,2903,transformer_mdn4,extrapolated,11,0.5228933957523285,0.1440867850007232,0.8216145833333334,1.3748436950924354,0.0619354248046875,0.16796875,0.11796875,0.0015389479158329,0.62840754,0.9188803935029207
bimodal,303,2903,transformer_mdn4,extrapolated,12,0.513981672388436,0.1396289713370926,0.7838541666666666,1.4301254778251729,0.1187591552734375,0.31640625,0.26640625,0.0015389479158329,0.60621715,0.9977471137025057
bimodal,303,2903,transformer_mdn4,extrapolated,13,0.4389136207962295,0.0742770290356921,0.8828125,1.29512501838832,0.1087646484375,0.296875,0.246875,0.0015389479158329,0.611861,0.8346895480134188
bimodal,303,2903,transformer_mdn4,extrapolated,14,0.6601160414123037,0.3077909604735211,0.63671875,1.4132781081318726,0.0491790771484375,0.01953125,0.03046875,0.0015389479158329,0.6515809,0.9876944327332674
bimodal,303,2903,transformer_mdn4,extrapolated,15,0.6760628294014484,0.3066379796123339,0.6731770833333334,1.5358906812594704,0.0543060302734375,0.12890625,0.07890625,0.0015389479158329,0.6239039,1.1285951638199982
bimodal,303,2903,transformer_mdn4,extrapolated,16,0.4688135602302063,0.0945206253233539,0.828125,1.3650291612151049,0.1636962890625,0.390625,0.340625,0.0015389479158329,0.6060302,0.9335681700684725
bimodal,303,2903,transformer_mdn4,extrapolated,17,0.6359576082171112,0.2470003194380474,0.7604166666666666,1.6423416338554198,0.0658416748046875,0.18359375,0.13359375,0.0015389479158329,0.65486515,1.1378764414765534
bimodal,303,2903,transformer_mdn4,extrapolated,18,0.8904004144354885,0.5126188868137144,0.5026041666666666,1.461859442699369,0.0487518310546875,0.02734375,0.02265625,0.0015389479158329,0.6376828,1.114442756173819
bimodal,303,2903,transformer_mdn4,extrapolated,19,0.4737984371914862,0.0972298070272022,0.8528645833333334,1.58827788436131,0.1295166015625,0.3359375,0.2859375,0.0015389479158329,0.60559934,1.0826324725129304
bimodal,303,2903,transformer_mdn4,extrapolated,20,0.5026726329328612,0.1347522857136391,0.8815104166666666,1.4857347240438294,0.0960540771484375,0.26953125,0.21953125,0.0015389479158329,0.6386883,1.0085915827729401
bimodal,303,2903,transformer_mdn4,extrapolated,21,0.4827508708540565,0.1263622303331424,0.87109375,1.5142841925467891,0.0658416748046875,0.18359375,0.13359375,0.0015389479158329,0.6353389,1.0847267413117585
bimodal,303,2903,transformer_mdn4,extrapolated,22,0.4848445669184998,0.1161034501684871,0.828125,1.472763788132735,0.10498046875,0.2890625,0.2390625,0.0015389479158329,0.6146224,0.9269351267792879
bimodal,303,2903,transformer_mdn4,extrapolated,23,0.4494389455087466,0.104786013218916,0.84765625,1.602322998820093,0.1229705810546875,0.32421875,0.27421875,0.0015389479158329,0.60580873,1.0235113406159577
heavy_tailed,101,1701,transformer_mdn4,central,0,0.2644998299363127,0.000642598706942,0.90234375,0.7789615798313115,0.0487518310546875,0.02734375,0.02265625,0.0015021458336074,0.5864153,-0.3176893646628871
heavy_tailed,101,1701,transformer_mdn4,central,1,0.2499500003497057,0.0012271736312087,0.8697916666666666,0.6822391909116088,0.0489501953125,0.0234375,0.0265625,0.0015021458336074,0.652034,-0.4799847061545863
heavy_tailed,101,1701,transformer_mdn4,central,2,0.2493937101347594,0.002450165623388,0.8854166666666666,0.7347426991220217,0.0482635498046875,0.05859375,0.0085937499999999,0.0015021458336074,0.54703593,-0.3887122328193202
heavy_tailed,101,1701,transformer_mdn4,central,3,0.2338064817251468,0.0022901091106635,0.8919270833333334,0.6702915620416189,0.04833984375,0.0390625,0.0109375,0.0015021458336074,0.521595,-0.569294875374557
heavy_tailed,101,1701,transformer_mdn4,central,4,0.2500851194893442,0.0010848445492885,0.87890625,0.6930843827052371,0.0491790771484375,0.01953125,0.03046875,0.0015021458336074,0.5440377,-0.5563246662528529
heavy_tailed,101,1701,transformer_mdn4,central,5,0.2530466267914086,0.0006970377651123,0.89453125,0.7213359592364782,0.0489501953125,0.0234375,0.0265625,0.0015021458336074,0.6187545,-0.4601309354217067
heavy_tailed,101,1701,transformer_mdn4,central,6,0.2441890697406732,0.0011849322645683,0.890625,0.7348260528427323,0.0487518310546875,0.02734375,0.02265625,0.0015021458336074,0.5507596,-0.500801509133102
heavy_tailed,101,1701,transformer_mdn4,central,7,0.2547383740118913,0.0016535945048174,0.89453125,0.7529691646179488,0.0497283935546875,0.01171875,0.03828125,0.0015021458336074,0.65408146,-0.30708486389231826
heavy_tailed,101,1701,transformer_mdn4,central,8,0.2742672179827099,0.0015812044885085,0.84375,0.6757234445306852,0.0494384765625,0.015625,0.034375,0.0015021458336074,0.595634,-0.40218949865412856
heavy_tailed,101,1701,transformer_mdn4,central,9,0.2592993053442446,0.0004652427631721,0.8997395833333334,0.7963257741304305,0.048583984375,0.0703125,0.0203124999999999,0.0015021458336074,0.61706626,-0.17058367084574844
heavy_tailed,101,1701,transformer_mdn4,central,10,0.261155341653114,0.0022253877771191,0.8515625,0.6635295441190893,0.0497283935546875,0.01171875,0.03828125,0.0015021458336074,0.5472269,-0.7512372786910548
heavy_tailed,101,1701,transformer_mdn4,central,11,0.262721307355229,0.0011516879656444,0.8645833333333334,0.7004505397515682,0.0489501953125,0.078125,0.0281249999999999,0.0015021458336074,0.6176543,-0.5534002239615932
heavy_tailed,101,1701,transformer_mdn4,central,12,0.2571110642170757,0.0016554038277596,0.8723958333333334,0.6779995673746768,0.0494384765625,0.015625,0.034375,0.0015021458336074,0.572576,-0.4724435861022487
heavy_tailed,101,1701,transformer_mdn4,central,13,0.2547166668065781,0.0026352926848991,0.8619791666666666,0.6846992253676363,0.04833984375,0.0390625,0.0109375,0.0015021458336074,0.57557875,-0.4534606392295375
heavy_tailed,101,1701,transformer_mdn4,central,14,0.2687427947366336,0.0016065632367965,0.87109375,0.6906161233762482,0.04833984375,0.0390625,0.0109375,0.0015021458336074,0.5600141,-0.35661155532908584
heavy_tailed,101,1701,transformer_mdn4,central,15,0.2522992433541728,0.0013375417609156,0.8424479166666666,0.6497155339822819,0.0487518310546875,0.02734375,0.02265625,0.0015021458336074,0.51321876,-0.6154217774779811
heavy_tailed,101,1701,transformer_mdn4,central,16,0.2610198526546671,0.0002726437669785,0.87890625,0.7312301134089054,0.0491790771484375,0.01953125,0.03046875,0.0015021458336074,0.6692579,-0.37647796224665786
heavy_tailed,101,1701,transformer_mdn4,central,17,0.2903547867367874,0.0032164182287772,0.82421875,0.6462397951765507,0.0503997802734375,0.00390625,0.04609375,0.0015021458336074,0.6589516,-0.448601847401382
heavy_tailed,101,1701,transformer_mdn4,central,18,0.2280143494339718,0.0001705653590708,0.9088541666666666,0.6946189403443433,0.05078125,0.1015625,0.0515625,0.0015021458336074,0.6119269,-0.6052875573546901
heavy_tailed,101,1701,transformer_mdn4,central,19,0.2605354124628404,0.0004662821696258,0.8671875,0.68210501177074,0.048583984375,0.03125,0.01875,0.0015021458336074,0.50256306,-0.4240918810279384
heavy_tailed,101,1701,transformer_mdn4,central,20,0.2579455515017496,0.0011718662121569,0.8684895833333334,0.6965587717483336,0.0489501953125,0.078125,0.0281249999999999,0.0015021458336074,0.5611574,-0.4638732130439296
heavy_tailed,101,1701,transformer_mdn4,central,21,0.2386369854806043,0.0010509808459715,0.9088541666666666,0.7310947085942314,0.0487518310546875,0.07421875,0.0242187499999999,0.0015021458336074,0.5801749,-0.40762335609507705
heavy_tailed,101,1701,transformer_mdn4,central,22,0.281544656993569,0.0012570095890416,0.8658854166666666,0.7626409293901215,0.0494384765625,0.015625,0.034375,0.0015021458336074,0.6795038,-0.29134077381205703
heavy_tailed,101,1701,transformer_mdn4,central,23,0.2643137183148524,0.003016200271896,0.8489583333333334,0.6861747970376317,0.0521087646484375,0.11328125,0.06328125,0.0015021458336074,0.51582974,-0.41188735317301894
heavy_tailed,101,1701,transformer_mdn4,boundary,0,0.2648961202758347,0.0018507980824858,0.9010416666666666,0.8545163620229315,0.0497283935546875,0.08984375,0.03984375,0.0014671770841232,0.6702881,-0.30249363731455947
heavy_tailed,101,1701,transformer_mdn4,boundary,1,0.2822975902937639,0.0026176353863385,0.8815104166666666,0.7866265209088401,0.0482177734375,0.0546875,0.0046874999999999,0.0014671770841232,0.56067944,-0.3826016838462367
heavy_tailed,101,1701,transformer_mdn4,boundary,2,0.2509949678638479,0.0033401857743396,0.921875,0.8485167270882665,0.0482635498046875,0.04296875,0.00703125,0.0014671770841232,0.6725942,-0.3060520346076503
heavy_tailed,101,1701,transformer_mdn4,boundary,3,0.2528561643262599,0.0019029645181285,0.9036458333333334,0.8194671038437398,0.0555877685546875,0.13671875,0.08671875,0.0014671770841232,0.68698347,-0.13661832164836074
heavy_tailed,101,1701,transformer_mdn4,boundary,4,0.2707156695008584,0.0014480979015053,0.9010416666666666,0.8233492437364482,0.0503997802734375,0.09765625,0.04765625,0.0014671770841232,0.61038816,-0.2349225933463588
heavy_tailed,101,1701,transformer_mdn4,boundary,5,0.268573063526488,0.0032193722790313,0.9088541666666666,0.8778358129405556,0.048583984375,0.0703125,0.0203124999999999,0.0014671770841232,0.59084034,-0.177932685127975
heavy_tailed,101,1701,transformer_mdn4,boundary,6,0.2843791728905928,0.0028973676633553,0.8841145833333334,0.7715601175748787,0.048583984375,0.0703125,0.0203124999999999,0.0014671770841232,0.6624463,-0.2642410452277675
heavy_tailed,101,1701,transformer_mdn4,boundary,7,0.2738601673834234,0.0038209812250617,0.87890625,0.7726777911889985,0.0482177734375,0.046875,0.003125,0.0014671770841232,0.66217846,-0.2951775247962489
heavy_tailed,101,1701,transformer_mdn4,boundary,8,0.2611514103290499,0.0028386938690571,0.91796875,0.9099087103512398,0.04833984375,0.0625,0.0124999999999999,0.0014671770841232,0.7011646,-0.24610561679911758
heavy_tailed,101,1701,transformer_mdn4,boundary,9,0.2721613082308591,0.001315696633517,0.8697916666666666,0.7486614553715375,0.0526123046875,0.1171875,0.0671875,0.0014671770841232,0.67312396,-0.33109886001658584
heavy_tailed,101,1701,transformer_mdn4,boundary,10,0.2681919576312092,0.0045271978421042,0.8919270833333334,0.7909510345794587,0.0494384765625,0.0859375,0.0359375,0.0014671770841232,0.641293,-0.31963104557109023
heavy_tailed,101,1701,transformer_mdn4,boundary,11,0.2746961851640817,0.0017796955742418,0.8736979166666666,0.7621737840313152,0.04833984375,0.0390625,0.0109375,0.0014671770841232,0.57950276,-0.40653366397929336
heavy_tailed,101,1701,transformer_mdn4,boundary,12,0.2665936647700259,0.0024056062617454,0.8997395833333334,0.8063277148572491,0.04833984375,0.0390625,0.0109375,0.0014671770841232,0.54373807,-0.41559792112422134
heavy_tailed,101,1701,transformer_mdn4,boundary,13,0.2761028233184049,0.0013514106726107,0.89453125,0.7826538179091503,0.0487518310546875,0.07421875,0.0242187499999999,0.0014671770841232,0.6483845,-0.266431277504684
heavy_tailed,101,1701,transformer_mdn4,boundary,14,0.2712737047783397,0.0021357419400323,0.8893229166666666,0.7833114704999815,0.0484466552734375,0.06640625,0.0164062499999999,0.0014671770841232,0.66171175,-0.21696037601542617
heavy_tailed,101,1701,transformer_mdn4,boundary,15,0.2772920653821264,0.0023201203442535,0.875,0.7669308730274002,0.0487518310546875,0.07421875,0.0242187499999999,0.0014671770841232,0.64408064,-0.3208896572501674
heavy_tailed,101,1701,transformer_mdn4,boundary,16,0.2601763338486073,0.0023919371018959,0.9088541666666666,0.7870155803922506,0.0487518310546875,0.07421875,0.0242187499999999,0.0014671770841232,0.6280691,-0.3250053579719081
heavy_tailed,101,1701,transformer_mdn4,boundary,17,0.274449492261113,0.0029817338509641,0.8802083333333334,0.7607869717503989,0.0531463623046875,0.12109375,0.07109375,0.0014671770841232,0.72147524,-0.25394672702860976
heavy_tailed,101,1701,transformer_mdn4,boundary,18,0.2533071127066637,0.002109942575732,0.9375,0.9281361456834474,0.0577392578125,0.1484375,0.0984375,0.0014671770841232,0.7036954,-0.08233959030223037
heavy_tailed,101,1701,transformer_mdn4,boundary,19,0.2731358771542547,0.0034045473583397,0.8971354166666666,0.8135779789018112,0.0497283935546875,0.08984375,0.03984375,0.0014671770841232,0.6647647,-0.3056741411597743
heavy_tailed,101,1701,transformer_mdn4,boundary,20,0.2969872851749611,0.0008486559365692,0.8619791666666666,0.7887622503725275,0.0489501953125,0.0234375,0.0265625,0.0014671770841232,0.67898875,-0.23212880443644668
heavy_tailed,101,1701,transformer_mdn4,boundary,21,0.2688323494678262,0.0010491489425996,0.8815104166666666,0.7563002724102703,0.0484466552734375,0.03515625,0.01484375,0.0014671770841232,0.5741787,-0.3932034428031459
heavy_tailed,101,1701,transformer_mdn4,boundary,22,0.2499890289180786,0.0010851020534502,0.8984375,0.76364623502003,0.0516357421875,0.109375,0.059375,0.0014671770841232,0.607206,-0.38537264417719985
heavy_tailed,101,1701,transformer_mdn4,boundary,23,0.2719369374708051,0.0010524060060597,0.8997395833333334,0.791778652250315,0.0491790771484375,0.08203125,0.03203125,0.0014671770841232,0.71157306,-0.260161107292892
heavy_tailed,101,1701,transformer_mdn4,extrapolated,0,0.7261294207188835,0.2479476586740213,0.4934895833333333,1.0043786054616446,0.0484466552734375,0.03515625,0.01484375,0.0013591614576095,0.72058547,0.2641336267082677
heavy_tailed,101,1701,transformer_mdn4,extrapolated,1,0.4949689913584282,0.132425250550129,0.7578125,1.075820992459716,0.054931640625,0.1328125,0.0828125,0.0013591614576095,0.75178933,0.38833122898030137
heavy_tailed,101,1701,transformer_mdn4,extrapolated,2,1.2070492846209764,0.7688733858461365,0.1080729166666666,1.1667586094396971,0.0503997802734375,0.00390625,0.04609375,0.0013591614576095,0.78330576,0.502095276602982
heavy_tailed,101,1701,transformer_mdn4,extrapolated,3,0.9844390968056442,0.537156769983825,0.4635416666666667,1.2681439901405962,0.0482635498046875,0.05859375,0.0085937499999999,0.0013591614576095,0.8039978,0.6284183805077062
heavy_tailed,101,1701,transformer_mdn4,extrapolated,4,0.5903699600269996,0.1876264871977171,0.7122395833333334,1.148908265641771,0.0543060302734375,0.12890625,0.07890625,0.0013591614576095,0.7918116,0.5403637235252843
heavy_tailed,101,1701,transformer_mdn4,extrapolated,5,1.1717635872695458,0.7173030028226409,0.1223958333333333,1.1310282954867976,0.050048828125,0.0078125,0.0421875,0.0013591614576095,0.7980701,0.5230784957497105
heavy_tailed,101,1701,transformer_mdn4,extrapolated,6,0.6867733527193405,0.2664100293315659,0.5611979166666666,1.0379294095813687,0.0482177734375,0.046875,0.003125,0.0013591614576095,0.777891,0.4649081771461949
heavy_tailed,101,1701,transformer_mdn4,extrapolated,7,0.3934709076092552,0.0637190543291939,0.7955729166666666,0.948501791960808,0.091064453125,0.2578125,0.2078125,0.0013591614576095,0.7048012,0.12450390506672715
heavy_tailed,101,1701,transformer_mdn4,extrapolated,8,0.8718599115259636,0.4036187410291139,0.5416666666666666,0.9847479719053632,0.0487518310546875,0.02734375,0.02265625,0.0013591614576095,0.8223653,0.2640719955055699
heavy_tailed,101,1701,transformer_mdn4,extrapolated,9,0.50865431005302,0.0963279040930514,0.79296875,1.0357934291369786,0.0628662109375,0.171875,0.121875,0.0013591614576095,0.78085995,0.4279041831581578
heavy_tailed,101,1701,transformer_mdn4,extrapolated,10,0.3971476559449787,0.0631859748185294,0.92578125,1.1371719727691032,0.1068572998046875,0.29296875,0.24296875,0.0013591614576095,0.75321245,0.48615198779988145
heavy_tailed,101,1701,transformer_mdn4,extrapolated,11,0.5986975203779928,0.1874668069989024,0.5481770833333334,0.9825832957951788,0.0482025146484375,0.05078125,0.0007812499999999,0.0013591614576095,0.72454274,0.298094565161942
heavy_tailed,101,1701,transformer_mdn4,extrapolated,12,0.4890637663490761,0.1238667272204213,0.7083333333333334,1.0599329485065907,0.048583984375,0.0703125,0.0203124999999999,0.0013591614576095,0.74601215,0.366822535285233
heavy_tailed,101,1701,transformer_mdn4,extrapolated,13,0.6597219018996934,0.2460858100000979,0.61328125,1.153201207541927,0.05078125,0.1015625,0.0515625,0.0013591614576095,0.8001909,0.4741190021126256
heavy_tailed,101,1701,transformer_mdn4,extrapolated,14,0.4509348546672411,0.0860677656289672,0.8229166666666666,1.0106970177947157,0.1126708984375,0.3046875,0.2546875,0.0013591614576095,0.768153,0.30972140479969834
heavy_tailed,101,1701,transformer_mdn4,extrapolated,15,0.4826491203320444,0.1128739619510703,0.7486979166666666,1.00966540289168,0.050048828125,0.09375,0.04375,0.0013591614576095,0.7008443,0.15456050086903428
heavy_tailed,101,1701,transformer_mdn4,extrapolated,16,0.4219330997372732,0.0549915657051381,0.8580729166666666,0.9980634703247424,0.0658416748046875,0.18359375,0.13359375,0.0013591614576095,0.7189058,0.3014623468010411
heavy_tailed,101,1701,transformer_mdn4,extrapolated,17,0.5652037648497863,0.1674643501413202,0.75390625,1.024308094215006,0.06103515625,0.1640625,0.1140625,0.0013591614576095,0.8011533,0.4366784637062535
heavy_tailed,101,1701,transformer_mdn4,extrapolated,18,0.4948312377888448,0.1270603994729267,0.6458333333333334,0.9994253813231831,0.0648193359375,0.1796875,0.1296875,0.0013591614576095,0.7403244,0.21343498874592637
heavy_tailed,101,1701,transformer_mdn4,extrapolated,19,0.454455522619143,0.0792947562421956,0.87890625,1.1426206272465074,0.0738525390625,0.2109375,0.1609375,0.0013591614576095,0.7859685,0.5414419715492711
heavy_tailed,101,1701,transformer_mdn4,extrapolated,20,0.5228192416494929,0.1325768258548502,0.6458333333333334,0.9151791108499808,0.0521087646484375,0.11328125,0.06328125,0.0013591614576095,0.7025356,0.15415650058674668
heavy_tailed,101,1701,transformer_mdn4,extrapolated,21,0.4224140548197773,0.0704514938958426,0.8098958333333334,0.9935833589933,0.06689453125,0.1875,0.1375,0.0013591614576095,0.69725436,0.28250985790181016
heavy_tailed,101,1701,transformer_mdn4,extrapolated,22,0.4185338348376197,0.0662518762340813,0.8515625,0.9820446692785956,0.0804901123046875,0.23046875,0.18046875,0.0013591614576095,0.7313731,0.26802151847767686
heavy_tailed,101,1701,transformer_mdn4,extrapolated,23,0.4122608099989748,0.0793988991265827,0.8854166666666666,1.076489285589776,0.0638275146484375,0.17578125,0.12578125,0.0013591614576095,0.74410295,0.43364959407734727
heavy_tailed,101,2903,transformer_mdn4,central,0,0.270496493503915,0.0018571757883892,0.890625,0.7901050048829407,0.0494384765625,0.0859375,0.0359375,0.0015321475851427,0.75345516,-0.0881201679618373
heavy_tailed,101,2903,transformer_mdn4,central,1,0.2512660822203272,0.0008784982063041,0.9140625,0.7887728232838501,0.0484466552734375,0.06640625,0.0164062499999999,0.0015321475851427,0.695417,-0.11399597477030898
heavy_tailed,101,2903,transformer_mdn4,central,2,0.2551388971875888,0.0019769207559728,0.9114583333333334,0.7682945534825777,0.0494384765625,0.0859375,0.0359375,0.0015321475851427,0.71322775,-0.16707701038432266
heavy_tailed,101,2903,transformer_mdn4,central,3,0.2426433608687503,0.0056458123543745,0.8997395833333334,0.7492325229403143,0.0487518310546875,0.02734375,0.02265625,0.0015321475851427,0.71132994,-0.3811155016334071
heavy_tailed,101,2903,transformer_mdn4,central,4,0.2547378960356148,0.002909962164521,0.890625,0.7419170812438368,0.0482635498046875,0.04296875,0.00703125,0.0015321475851427,0.6598665,-0.3144819195182338
heavy_tailed,101,2903,transformer_mdn4,central,5,0.2523021848113955,0.0002907656960639,0.8893229166666666,0.7110796768169552,0.0484466552734375,0.03515625,0.01484375,0.0015321475851427,0.65023255,-0.525154536476852
heavy_tailed,101,2903,transformer_mdn4,central,6,0.2534076425308846,0.0049348018737309,0.8854166666666666,0.740233964461504,0.0487518310546875,0.02734375,0.02265625,0.0015321475851427,0.73299134,-0.21913177322459365
heavy_tailed,101,2903,transformer_mdn4,central,7,0.2488279660428212,0.0001183759953594,0.9322916666666666,0.8096275689205631,0.0491790771484375,0.08203125,0.03203125,0.0015321475851427,0.7038444,-0.25145060371470596
heavy_tailed,101,2903,transformer_mdn4,central,8,0.2678208606765535,0.0001342388191758,0.8645833333333334,0.7307055573395195,0.0491790771484375,0.01953125,0.03046875,0.0015321475851427,0.5924751,-0.480037337055923
heavy_tailed,101,2903,transformer_mdn4,central,9,0.273941774626907,0.0039493214275324,0.8658854166666666,0.7373229297493685,0.0482025146484375,0.05078125,0.0007812499999999,0.0015321475851427,0.5847847,-0.44968820165705825
heavy_tailed,101,2903,transformer_mdn4,central,10,0.2578783456765151,0.0004421983807739,0.8697916666666666,0.7128698127515425,0.0487518310546875,0.02734375,0.02265625,0.0015321475851427,0.56195295,-0.4574253017814174
heavy_tailed,101,2903,transformer_mdn4,central,11,0.2630575870962143,0.0006853705597904,0.9010416666666666,0.814687645260535,0.0491790771484375,0.08203125,0.03203125,0.0015321475851427,0.65799075,-0.25260013889384414
heavy_tailed,101,2903,transformer_mdn4,central,12,0.2588521298396382,0.0025400010539129,0.9114583333333334,0.8072065366494409,0.0497283935546875,0.01171875,0.03828125,0.0015321475851427,0.6813944,-0.258435672035934
heavy_tailed,101,2903,transformer_mdn4,central,13,0.2688466623237407,0.0086261501137644,0.91796875,0.8478403472888848,0.0503997802734375,0.09765625,0.04765625,0.0015321475851427,0.5935694,-0.107498114815475
heavy_tailed,101,2903,transformer_mdn4,central,14,0.270446703001849,0.0028015974733037,0.8893229166666666,0.793194719751059,0.0482635498046875,0.05859375,0.0085937499999999,0.0015321475851427,0.5561703,-0.3342028314979091
heavy_tailed,101,2903,transformer_mdn4,central,15,0.2644441778362789,0.0048798476871386,0.91796875,0.8624598613245813,0.0489501953125,0.078125,0.0281249999999999,0.0015321475851427,0.61281055,-0.31853455852580215
heavy_tailed,101,2903,transformer_mdn4,central,16,0.2663808022639132,0.0019026266341697,0.8841145833333334,0.7796465238433269,0.0482177734375,0.046875,0.003125,0.0015321475851427,0.7618454,-0.20252878021311904
heavy_tailed,101,2903,transformer_mdn4,central,17,0.2832892424135162,0.0003115711175478,0.8919270833333334,0.8063648523306935,0.0482635498046875,0.04296875,0.00703125,0.0015321475851427,0.70505863,-0.1280768568427577
heavy_tailed,101,2903,transformer_mdn4,central,18,0.2338933604267279,0.0010592820216948,0.94140625,0.8341030440206628,0.0562744140625,0.140625,0.090625,0.0015321475851427,0.676494,-0.1667651588828578
heavy_tailed,101,2903,transformer_mdn4,central,19,0.2618940487596382,0.00177677250604,0.8802083333333334,0.7373172763459124,0.0482635498046875,0.05859375,0.0085937499999999,0.0015321475851427,0.5877845,-0.43504584383082534
heavy_tailed,101,2903,transformer_mdn4,central,20,0.2723234290249227,0.0069465599515278,0.86328125,0.7365569837366527,0.0503997802734375,0.09765625,0.04765625,0.0015321475851427,0.56722057,-0.3948058540732875
heavy_tailed,101,2903,transformer_mdn4,central,21,0.2504989648630245,0.0059409350264659,0.9088541666666666,0.7753909908082433,0.0562744140625,0.140625,0.090625,0.0015321475851427,0.6369304,-0.13865203212809707
heavy_tailed,101,2903,transformer_mdn4,central,22,0.282561388949947,0.000820835615565,0.90625,0.7921998872992809,0.0482177734375,0.0546875,0.0046874999999999,0.0015321475851427,0.77089334,-0.08774370502543594
heavy_tailed,101,2903,transformer_mdn4,central,23,0.283489857077335,0.0110027770813931,0.8606770833333334,0.7106216799133499,0.0511932373046875,0.10546875,0.05546875,0.0015321475851427,0.4758146,-0.44615489791941787
heavy_tailed,101,2903,transformer_mdn4,boundary,0,0.258635185149723,0.0010169283823068,0.91015625,0.8061210019267856,0.0491790771484375,0.08203125,0.03203125,0.0014536440818725,0.5532227,-0.5265175754935756
heavy_tailed,101,2903,transformer_mdn4,boundary,1,0.279824047706076,0.0012402558283734,0.84375,0.7069667550629973,0.0482177734375,0.046875,0.003125,0.0014536440818725,0.6223614,-0.6615992839248195
heavy_tailed,101,2903,transformer_mdn4,boundary,2,0.2484092088491998,0.0011836607381973,0.9166666666666666,0.7994497484163369,0.0491790771484375,0.08203125,0.03203125,0.0014536440818725,0.52185476,-0.6224008257300868
heavy_tailed,101,2903,transformer_mdn4,boundary,3,0.2492487642352207,0.0005252427418671,0.9036458333333334,0.8022830935592623,0.0526123046875,0.1171875,0.0671875,0.0014536440818725,0.6102336,-0.3926128799827113
heavy_tailed,101,2903,transformer_mdn4,boundary,4,0.2744883300354593,0.0015001723114008,0.890625,0.7714716769452812,0.0484466552734375,0.06640625,0.0164062499999999,0.0014536440818725,0.60345894,-0.47928464960169936
heavy_tailed,101,2903,transformer_mdn4,boundary,5,0.2676882754724935,0.0022196129621895,0.8385416666666666,0.6739169639427979,0.048583984375,0.0703125,0.0203124999999999,0.0014536440818725,0.61640555,-0.6770230586440578
heavy_tailed,101,2903,transformer_mdn4,boundary,6,0.2807125629440122,0.0012350651087686,0.8776041666666666,0.7653416851309794,0.0503997802734375,0.09765625,0.04765625,0.0014536440818725,0.6099926,-0.5346891338737025
heavy_tailed,101,2903,transformer_mdn4,boundary,7,0.2717908540301127,0.002101717262718,0.8893229166666666,0.786741469732839,0.0494384765625,0.0859375,0.0359375,0.0014536440818725,0.59611785,-0.2957952673347011
heavy_tailed,101,2903,transformer_mdn4,boundary,8,0.2601993078485939,0.0007630455378612,0.90625,0.8035276324061086,0.0497283935546875,0.08984375,0.03984375,0.0014536440818725,0.53392744,-0.4429691488654628
heavy_tailed,101,2903,transformer_mdn4,boundary,9,0.2702220819436031,0.0008584651515394,0.8763020833333334,0.7581241860130098,0.050048828125,0.09375,0.04375,0.0014536440818725,0.60341835,-0.5077260191352382
heavy_tailed,101,2903,transformer_mdn4,boundary,10,0.2609907576720429,0.0010130202970849,0.8828125,0.7350264826833474,0.048583984375,0.0703125,0.0203124999999999,0.0014536440818725,0.55605716,-0.5698542053611293
heavy_tailed,101,2903,transformer_mdn4,boundary,11,0.2737688667693876,0.0004600234126277,0.8515625,0.6958923468366464,0.04833984375,0.0625,0.0124999999999999,0.0014536440818725,0.6134511,-0.8070107157142177
heavy_tailed,101,2903,transformer_mdn4,boundary,12,0.2634415398916724,0.0004926727955436,0.84765625,0.6625843786670939,0.0484466552734375,0.03515625,0.01484375,0.0014536440818725,0.6280017,-0.8156993443877711
heavy_tailed,101,2903,transformer_mdn4,boundary,13,0.2749623591138302,0.0004004076068329,0.875,0.7236180655016655,0.0494384765625,0.0859375,0.0359375,0.0014536440818725,0.60004354,-0.41921252559733535
heavy_tailed,101,2903,transformer_mdn4,boundary,14,0.2672456359777672,0.0006817882631332,0.8736979166666666,0.7840079341795101,0.0487518310546875,0.07421875,0.0242187499999999,0.0014536440818725,0.623869,-0.414612954369308
heavy_tailed,101,2903,transformer_mdn4,boundary,15,0.273769587590327,0.0002864756376184,0.8619791666666666,0.7213991058852102,0.0489501953125,0.078125,0.0281249999999999,0.0014536440818725,0.6328301,-0.7320923263938441
heavy_tailed,101,2903,transformer_mdn4,boundary,16,0.2589778380179111,0.0015659073332831,0.8723958333333334,0.7097983336883372,0.0497283935546875,0.08984375,0.03984375,0.0014536440818725,0.6103442,-0.8144050295264735
heavy_tailed,101,2903,transformer_mdn4,boundary,17,0.2642390434377201,0.0010639280165708,0.85546875,0.6709281931612755,0.0482177734375,0.046875,0.003125,0.0014536440818725,0.5661304,-0.5642555410773769
heavy_tailed,101,2903,transformer_mdn4,boundary,18,0.2451518306817595,0.0008315333658918,0.9192708333333334,0.8142432533640624,0.050048828125,0.09375,0.04375,0.0014536440818725,0.5708772,-0.458417361489059
heavy_tailed,101,2903,transformer_mdn4,boundary,19,0.2685859819488079,0.0007005670455352,0.8880208333333334,0.8156550236125953,0.0489501953125,0.078125,0.0281249999999999,0.0014536440818725,0.5352776,-0.5780699903876796
heavy_tailed,101,2903,transformer_mdn4,boundary,20,0.2938117993576731,5.991544771351443e-05,0.83203125,0.6975744531387055,0.04833984375,0.0390625,0.0109375,0.0014536440818725,0.5767218,-0.7332278544814601
heavy_tailed,101,2903,transformer_mdn4,boundary,21,0.2677844375835906,0.0006625294613914,0.8606770833333334,0.7415122280527796,0.0482177734375,0.0546875,0.0046874999999999,0.0014536440818725,0.6389569,-0.5731964166076198
heavy_tailed,101,2903,transformer_mdn4,boundary,22,0.2507021045686725,0.0015204841964171,0.8515625,0.692430191494548,0.0569915771484375,0.14453125,0.09453125,0.0014536440818725,0.60454154,-0.6984360868842616
heavy_tailed,101,2903,transformer_mdn4,boundary,23,0.2752836544831597,0.0014121947865423,0.87890625,0.7885328979427492,0.0516357421875,0.109375,0.059375,0.0014536440818725,0.54327834,-0.4750945026786342
heavy_tailed,101,2903,transformer_mdn4,extrapolated,0,0.8579549899669578,0.3255935506509994,0.1744791666666666,0.8152530668481615,0.05078125,0.0,0.05,0.0015453316251902,0.5613531,-0.22034091304850723
heavy_tailed,101,2903,transformer_mdn4,extrapolated,1,0.5498676830762677,0.1616353820464056,0.5403645833333334,0.9076285371452558,0.0489501953125,0.0234375,0.0265625,0.0015453316251902,0.54471576,-0.053470795861007225
heavy_tailed,101,2903,transformer_mdn4,extrapolated,2,1.31723500858037,0.8307588566440206,0.0716145833333333,0.9459751317027486,0.0503997802734375,0.00390625,0.04609375,0.0015453316251902,0.5381823,0.16504126239704942
heavy_tailed,101,2903,transformer_mdn4,extrapolated,3,1.0573648103131106,0.5738515108948453,0.22265625,0.9001901296945775,0.05078125,0.0,0.05,0.0015453316251902,0.5238663,0.21520655799794053
heavy_tailed,101,2903,transformer_mdn4,extrapolated,4,0.5487446884618925,0.151334219486906,0.6966145833333334,0.9392427129707692,0.0484466552734375,0.03515625,0.01484375,0.0015453316251902,0.53988606,0.02070742298054551
heavy_tailed,101,2903,transformer_mdn4,extrapolated,5,1.2893560281345176,0.8091532981584262,0.0638020833333333,0.9500515284993328,0.05078125,0.0,0.05,0.0015453316251902,0.5282654,0.10428672481465195
heavy_tailed,101,2903,transformer_mdn4,extrapolated,6,0.7035940392239185,0.2595256414496244,0.4635416666666667,0.9519111099096637,0.0494384765625,0.015625,0.034375,0.0015453316251902,0.5385649,0.048306876906631935
heavy_tailed,101,2903,transformer_mdn4,extrapolated,7,0.3971517504522798,0.0673541577151238,0.7473958333333334,0.8684362576494337,0.06103515625,0.1640625,0.1140625,0.0015453316251902,0.55491114,-0.004620021095992577
heavy_tailed,101,2903,transformer_mdn4,extrapolated,8,0.9915699740857586,0.495509888673572,0.3346354166666667,0.881332915449797,0.0503997802734375,0.00390625,0.04609375,0.0015453316251902,0.52827257,-0.04771155666422988
heavy_tailed,101,2903,transformer_mdn4,extrapolated,9,0.5150147737297959,0.0951695333459238,0.6822916666666666,0.8362235658600777,0.04833984375,0.0625,0.0124999999999999,0.0015453316251902,0.5416147,-0.049764459839583886
heavy_tailed,101,2903,transformer_mdn4,extrapolated,10,0.3620646539968091,0.049725306629564,0.8151041666666666,0.8581620300610303,0.0702362060546875,0.19921875,0.14921875,0.0015453316251902,0.54564774,-0.046001618614913475
heavy_tailed,101,2903,transformer_mdn4,extrapolated,11,0.677427097600737,0.2344168946681811,0.40234375,0.951495297281395,0.050048828125,0.0078125,0.0421875,0.0015453316251902,0.56531155,0.1358645503609166
heavy_tailed,101,2903,transformer_mdn4,extrapolated,12,0.500274059435862,0.1243171009539528,0.6692708333333334,0.9370855189684928,0.0489501953125,0.0234375,0.0265625,0.0015453316251902,0.54844147,0.01483445812153672
heavy_tailed,101,2903,transformer_mdn4,extrapolated,13,0.6711654352865558,0.2381328086010974,0.5807291666666666,0.8719303418439752,0.050048828125,0.0078125,0.0421875,0.0015453316251902,0.53058904,0.06792789150166367
heavy_tailed,101,2903,transformer_mdn4,extrapolated,14,0.438802342243129,0.0814867606385,0.7213541666666666,0.8683476407715461,0.0658416748046875,0.18359375,0.13359375,0.0015453316251902,0.5417389,-0.2619984800727382
heavy_tailed,101,2903,transformer_mdn4,extrapolated,15,0.5195374937973194,0.1308913821656716,0.6184895833333334,0.9373326526060948,0.0484466552734375,0.06640625,0.0164062499999999,0.0015453316251902,0.5773135,0.028971130141495216
heavy_tailed,101,2903,transformer_mdn4,extrapolated,16,0.4206577763784445,0.0509834962446529,0.7760416666666666,0.833499116127227,0.0503997802734375,0.09765625,0.04765625,0.0015453316251902,0.55313385,-0.32825249980998183
heavy_tailed,101,2903,transformer_mdn4,extrapolated,17,0.516553557737154,0.123398997550408,0.6901041666666666,0.8358120370949395,0.0484466552734375,0.06640625,0.0164062499999999,0.0015453316251902,0.5400319,-0.21889037441325332
heavy_tailed,101,2903,transformer_mdn4,extrapolated,18,0.4971880199047343,0.1172644156343719,0.6171875,0.8710333710964084,0.0494384765625,0.0859375,0.0359375,0.0015453316251902,0.5359676,-0.14943737339091445
heavy_tailed,101,2903,transformer_mdn4,extrapolated,19,0.4642757227165077,0.079758073950728,0.7265625,0.8765929114864736,0.0569915771484375,0.14453125,0.09453125,0.0015453316251902,0.540131,-0.05792898487162734
heavy_tailed,101,2903,transformer_mdn4,extrapolated,20,0.5652217521848625,0.1501171933950016,0.4817708333333333,0.8992204329581982,0.0484466552734375,0.03515625,0.01484375,0.0015453316251902,0.57398856,-0.02711040329051162
heavy_tailed,101,2903,transformer_mdn4,extrapolated,21,0.4438765086102936,0.0764929396466183,0.6822916666666666,0.8660048456859247,0.0503997802734375,0.09765625,0.04765625,0.0015453316251902,0.5609861,-0.15588135074687148
heavy_tailed,101,2903,transformer_mdn4,extrapolated,22,0.4076578030505613,0.0609184602640286,0.7890625,0.9093037321813529,0.06103515625,0.1640625,0.1140625,0.0015453316251902,0.5473137,-0.08865112613749648
heavy_tailed,101,2903,transformer_mdn4,extrapolated,23,0.3970502545537167,0.0674696052210061,0.7591145833333334,0.839228209725766,0.054931640625,0.1328125,0.0828125,0.0015453316251902,0.5473971,-0.09820145916056777
heavy_tailed,202,1701,transformer_mdn4,central,0,0.271702811714852,0.0004578132554114,0.8723958333333334,0.7467540368441159,0.048583984375,0.03125,0.01875,0.0014577639158233,0.56319845,-0.551168346369769
heavy_tailed,202,1701,transformer_mdn4,central,1,0.2584269860561846,0.001240630004452,0.9166666666666666,0.7541269069938666,0.048583984375,0.03125,0.01875,0.0014577639158233,0.541387,-0.38413234945585906
heavy_tailed,202,1701,transformer_mdn4,central,2,0.2488909588700719,0.0048709012062395,0.87890625,0.686560304201298,0.0489501953125,0.0234375,0.0265625,0.0014577639158233,0.6229826,-0.6646824717169064
heavy_tailed,202,1701,transformer_mdn4,central,3,0.2442612054358169,0.0020546032452749,0.90234375,0.7380775321064285,0.04833984375,0.0390625,0.0109375,0.0014577639158233,0.505574,-0.7634913563375729
heavy_tailed,202,1701,transformer_mdn4,central,4,0.2756396737248276,0.0051613818403836,0.8723958333333334,0.7345185185938713,0.0494384765625,0.015625,0.034375,0.0014577639158233,0.6463472,-0.43095430132200896
heavy_tailed,202,1701,transformer_mdn4,central,5,0.2779591440959947,0.0101953917131742,0.8671875,0.7540737050468715,0.050048828125,0.0078125,0.0421875,0.0014577639158233,0.5869582,-0.6366131543760556
heavy_tailed,202,1701,transformer_mdn4,central,6,0.2571323153374402,0.0008580149825573,0.8255208333333334,0.6218683491996723,0.0497283935546875,0.01171875,0.03828125,0.0014577639158233,0.5857678,-0.9588019489889401
heavy_tailed,202,1701,transformer_mdn4,central,7,0.279316985791182,0.0013116464848111,0.8528645833333334,0.7073442131514162,0.04833984375,0.0625,0.0124999999999999,0.0014577639158233,0.5646235,-0.5853885650282162
heavy_tailed,202,1701,transformer_mdn4,central,8,0.2663299299710279,0.0004761132039807,0.890625,0.7747094380502579,0.0482025146484375,0.05078125,0.0007812499999999,0.0014577639158233,0.6154492,-0.3454587101583737
heavy_tailed,202,1701,transformer_mdn4,central,9,0.255803588402942,0.0077372399323102,0.8776041666666666,0.7285825883266949,0.050048828125,0.0078125,0.0421875,0.0014577639158233,0.55532604,-0.7983152508383053
heavy_tailed,202,1701,transformer_mdn4,central,10,0.2590434747224896,0.0014218628072901,0.9192708333333334,0.8523055608674257,0.0489501953125,0.078125,0.0281249999999999,0.0014577639158233,0.5399456,-0.36150165792753874
heavy_tailed,202,1701,transformer_mdn4,central,11,0.2639407844997835,0.0004097036000027,0.8828125,0.740486685191225,0.0487518310546875,0.02734375,0.02265625,0.0014577639158233,0.54574007,-0.6918527125959653
heavy_tailed,202,1701,transformer_mdn4,central,12,0.2658198491043776,0.0067518994251506,0.8723958333333334,0.7221781432876591,0.048583984375,0.03125,0.01875,0.0014577639158233,0.6823398,-0.46693184372236907
heavy_tailed,202,1701,transformer_mdn4,central,13,0.2690600824043258,0.0049688339928225,0.84765625,0.7147833979543843,0.0489501953125,0.0234375,0.0265625,0.0014577639158233,0.55212295,-0.7022529482488888
heavy_tailed,202,1701,transformer_mdn4,central,14,0.2754090766460431,0.0026892120733525,0.8515625,0.694622741488232,0.0487518310546875,0.02734375,0.02265625,0.0014577639158233,0.46359688,-0.7754901289587277
heavy_tailed,202,1701,transformer_mdn4,central,15,0.253430461011642,0.0011143616844656,0.9114583333333334,0.8393371192906803,0.0511932373046875,0.10546875,0.05546875,0.0014577639158233,0.6575363,-0.2004530071859616
heavy_tailed,202,1701,transformer_mdn4,central,16,0.2635408737991808,0.0043943522554943,0.9010416666666666,0.7945429895144575,0.0489501953125,0.078125,0.0281249999999999,0.0014577639158233,0.6478847,-0.41642626520445525
heavy_tailed,202,1701,transformer_mdn4,central,17,0.2711118675514212,0.0071344126610581,0.8424479166666666,0.718364849200825,0.0497283935546875,0.01171875,0.03828125,0.0014577639158233,0.60214293,-0.6435865401869076
heavy_tailed,202,1701,transformer_mdn4,central,18,0.2822061645412941,0.0091105002635767,0.8346354166666666,0.6919248348430523,0.0503997802734375,0.00390625,0.04609375,0.0014577639158233,0.5723414,-0.6687634825353879
heavy_tailed,202,1701,transformer_mdn4,central,19,0.2666714275232082,0.0002199090672093,0.9114583333333334,0.7735387835245954,0.0482025146484375,0.05078125,0.0007812499999999,0.0014577639158233,0.5851836,-0.39568909403135955
heavy_tailed,202,1701,transformer_mdn4,central,20,0.2487362689062452,0.0004894124150642,0.9205729166666666,0.7900111769085538,0.0487518310546875,0.07421875,0.0242187499999999,0.0014577639158233,0.63871723,-0.3488810896520871
heavy_tailed,202,1701,transformer_mdn4,central,21,0.2726650032645607,0.0002646944452022,0.859375,0.6790242753156351,0.0482177734375,0.046875,0.003125,0.0014577639158233,0.5111386,-0.7243616222982663
heavy_tailed,202,1701,transformer_mdn4,central,22,0.2627260236342057,0.0012740686637166,0.8463541666666666,0.6779514400248413,0.0489501953125,0.0234375,0.0265625,0.0014577639158233,0.5968396,-0.6704607247953671
heavy_tailed,202,1701,transformer_mdn4,central,23,0.2882422993265816,0.0003887747205855,0.8828125,0.7911610135256307,0.0484466552734375,0.06640625,0.0164062499999999,0.0014577639158233,0.61160666,-0.3683480858450192
heavy_tailed,202,1701,transformer_mdn4,boundary,0,0.2610705361789898,0.0006068626313726,0.89453125,0.7656442688305333,0.0555877685546875,0.13671875,0.08671875,0.0015108628334322,0.44891044,-0.5953184008245724
heavy_tailed,202,1701,transformer_mdn4,boundary,1,0.2635488307233602,0.0019821137812998,0.8880208333333334,0.7879756728615805,0.04833984375,0.0390625,0.0109375,0.0015108628334322,0.4713642,-0.6412226199751156
heavy_tailed,202,1701,transformer_mdn4,boundary,2,0.2501183569923544,0.0006220455842866,0.890625,0.7196328674876845,0.0482177734375,0.046875,0.003125,0.0015108628334322,0.43400162,-0.6076554298048276
heavy_tailed,202,1701,transformer_mdn4,boundary,3,0.248836371834093,0.0013377679310139,0.8880208333333334,0.7549423231495241,0.0497283935546875,0.01171875,0.03828125,0.0015108628334322,0.4956451,-0.6663742899542111
heavy_tailed,202,1701,transformer_mdn4,boundary,4,0.2585087299317695,0.0027640523809693,0.9075520833333334,0.844221769402338,0.0489501953125,0.078125,0.0281249999999999,0.0015108628334322,0.4887581,-0.5631364225988644
heavy_tailed,202,1701,transformer_mdn4,boundary,5,0.2480587223472921,0.0022008333221823,0.8958333333333334,0.7633270799496604,0.0482025146484375,0.05078125,0.0007812499999999,0.0015108628334322,0.49011993,-0.5086539625768918
heavy_tailed,202,1701,transformer_mdn4,boundary,6,0.2547984820391852,0.0029739062320784,0.8971354166666666,0.7787232567560163,0.0482635498046875,0.04296875,0.00703125,0.0015108628334322,0.47693324,-0.44008322950651824
heavy_tailed,202,1701,transformer_mdn4,boundary,7,0.2626256748855307,0.0016398643705627,0.890625,0.7312531328322618,0.0482177734375,0.046875,0.003125,0.0015108628334322,0.44519532,-0.8011692404394406
heavy_tailed,202,1701,transformer_mdn4,boundary,8,0.264228863295064,0.0009638363775478,0.87890625,0.7655582858619114,0.0487518310546875,0.02734375,0.02265625,0.0015108628334322,0.49299595,-0.7680444359426755
heavy_tailed,202,1701,transformer_mdn4,boundary,9,0.2677875133168738,0.0054127817412593,0.8854166666666666,0.8709776309899561,0.0487518310546875,0.02734375,0.02265625,0.0015108628334322,0.4941774,-0.5171695589666623
heavy_tailed,202,1701,transformer_mdn4,boundary,10,0.2522367702535524,0.0011015486287924,0.90234375,0.7986091811723988,0.0511932373046875,0.10546875,0.05546875,0.0015108628334322,0.4212854,-0.6532974481230038
heavy_tailed,202,1701,transformer_mdn4,boundary,11,0.2689879530622697,0.0009683384438455,0.8802083333333334,0.7606866083143803,0.048583984375,0.03125,0.01875,0.0015108628334322,0.45468885,-0.6590327262525815
heavy_tailed,202,1701,transformer_mdn4,boundary,12,0.2576306821360114,0.0037420567937233,0.9010416666666666,0.8561981904386865,0.0482635498046875,0.05859375,0.0085937499999999,0.0015108628334322,0.48745224,-0.3307647347097653
heavy_tailed,202,1701,transformer_mdn4,boundary,13,0.2659164136241868,0.0051718170771521,0.8919270833333334,0.8699800387447102,0.0489501953125,0.0234375,0.0265625,0.0015108628334322,0.4883888,-0.3971252083425778
heavy_tailed,202,1701,transformer_mdn4,boundary,14,0.2636787770185348,0.0018291813659491,0.8854166666666666,0.7851981845369808,0.0482177734375,0.046875,0.003125,0.0015108628334322,0.45741725,-0.587951564753558
heavy_tailed,202,1701,transformer_mdn4,boundary,15,0.249321146492871,0.0002821369659368,0.84375,0.6715721966892186,0.0494384765625,0.015625,0.034375,0.0015108628334322,0.44037884,-0.9172306298856991
heavy_tailed,202,1701,transformer_mdn4,boundary,16,0.2933768008765871,0.0037874665315113,0.8567708333333334,0.7384480076966872,0.0497283935546875,0.01171875,0.03828125,0.0015108628334322,0.4856875,-0.587042415106799
heavy_tailed,202,1701,transformer_mdn4,boundary,17,0.2827185525596202,0.0047837778229496,0.9010416666666666,0.9362874199735964,0.0482635498046875,0.05859375,0.0085937499999999,0.0015108628334322,0.4853171,-0.27685948606779753
heavy_tailed,202,1701,transformer_mdn4,boundary,18,0.2634884404261364,0.0008765928501739,0.90625,0.7420782214331081,0.0484466552734375,0.06640625,0.0164062499999999,0.0015108628334322,0.41400558,-0.6969588040952939
heavy_tailed,202,1701,transformer_mdn4,boundary,19,0.2558213310689571,0.001303180066329,0.8997395833333334,0.8020204003473084,0.0484466552734375,0.06640625,0.0164062499999999,0.0015108628334322,0.45965564,-0.6505508064871091
heavy_tailed,202,1701,transformer_mdn4,boundary,20,0.257422783013404,0.0007569215882089,0.87109375,0.6663505923039793,0.0487518310546875,0.02734375,0.02265625,0.0015108628334322,0.44485354,-0.8857096075659054
heavy_tailed,202,1701,transformer_mdn4,boundary,21,0.2500614194436645,0.0004356573454353,0.9036458333333334,0.794191056128573,0.0503997802734375,0.09765625,0.04765625,0.0015108628334322,0.4855915,-0.5842252611761349
heavy_tailed,202,1701,transformer_mdn4,boundary,22,0.2695835882245109,0.0001263212606367,0.8997395833333334,0.7486289066953579,0.0482177734375,0.0546875,0.0046874999999999,0.0015108628334322,0.46342432,-0.6680493592863339
heavy_tailed,202,1701,transformer_mdn4,boundary,23,0.2592572792591795,0.000612082295009,0.8854166666666666,0.7120133340569748,0.0482177734375,0.046875,0.003125,0.0015108628334322,0.40464717,-0.8445000290518063
heavy_tailed,202,1701,transformer_mdn4,extrapolated,0,0.6680279486963271,0.2788948271866462,0.7630208333333334,1.504360329263011,0.0482635498046875,0.04296875,0.00703125,0.0014903871682084,0.5231229,0.9346466422433597
heavy_tailed,202,1701,transformer_mdn4,extrapolated,1,0.3789571799137389,0.049495977769002,0.9010416666666666,1.2284914315835929,0.1363372802734375,0.34765625,0.29765625,0.0014903871682084,0.4910419,0.3528118491525394
heavy_tailed,202,1701,transformer_mdn4,extrapolated,2,0.4100896730836497,0.0701157062516373,0.9270833333333334,1.2804033100568049,0.0791015625,0.2265625,0.1765625,0.0014903871682084,0.48061633,0.49927643541047395
heavy_tailed,202,1701,transformer_mdn4,extrapolated,3,0.5725351329120338,0.1964849336200224,0.8020833333333334,1.4242503865247649,0.0491790771484375,0.08203125,0.03203125,0.0014903871682084,0.4855814,0.6519163012857181
heavy_tailed,202,1701,transformer_mdn4,extrapolated,4,0.7140996876094539,0.3095266178812116,0.6263020833333334,1.6051030508745532,0.0511932373046875,0.10546875,0.05546875,0.0014903871682084,0.5061038,0.8900153994912845
heavy_tailed,202,1701,transformer_mdn4,extrapolated,5,0.646944062560342,0.2331818796493633,0.70703125,1.2854454459589313,0.0521087646484375,0.11328125,0.06328125,0.0014903871682084,0.4768644,0.6420469642038089
heavy_tailed,202,1701,transformer_mdn4,extrapolated,6,0.6324035907521108,0.2650296543412123,0.7317708333333334,1.443525521457648,0.0555877685546875,0.13671875,0.08671875,0.0014903871682084,0.4885873,0.803374803101514
heavy_tailed,202,1701,transformer_mdn4,extrapolated,7,0.5822003433700773,0.2103126514142045,0.77734375,1.438336060314939,0.06103515625,0.1640625,0.1140625,0.0014903871682084,0.49029976,0.7737074256295902
heavy_tailed,202,1701,transformer_mdn4,extrapolated,8,0.4512846026126094,0.0862715914181415,0.9036458333333334,1.220183666402166,0.0738525390625,0.2109375,0.1609375,0.0014903871682084,0.4613085,0.3850264907235843
heavy_tailed,202,1701,transformer_mdn4,extrapolated,9,0.7470488292916772,0.3421754788914794,0.6575520833333334,1.3775236744004635,0.0484466552734375,0.03515625,0.01484375,0.0014903871682084,0.49664128,0.8057616114968997
heavy_tailed,202,1701,transformer_mdn4,extrapolated,10,0.5939476963801373,0.2262579180336538,0.7682291666666666,1.5556634877633189,0.0521087646484375,0.11328125,0.06328125,0.0014903871682084,0.49255246,0.7263691783303958
heavy_tailed,202,1701,transformer_mdn4,extrapolated,11,0.6294823012934734,0.2323484910948372,0.69140625,1.328116442164398,0.0521087646484375,0.11328125,0.06328125,0.0014903871682084,0.4859004,0.6607365966195804
heavy_tailed,202,1701,transformer_mdn4,extrapolated,12,0.5408734835637883,0.18207245298062,0.8268229166666666,1.4177446691308846,0.0489501953125,0.078125,0.0281249999999999,0.0014903871682084,0.51051354,0.8362226844186527
heavy_tailed,202,1701,transformer_mdn4,extrapolated,13,0.3951918029041651,0.0760093330020728,0.9270833333333334,1.2674203992721955,0.1295166015625,0.3359375,0.2859375,0.0014903871682084,0.48048154,0.5004129767770511
heavy_tailed,202,1701,transformer_mdn4,extrapolated,14,0.3879879310816707,0.0643838859623541,0.9401041666666666,1.3263789005963535,0.0833587646484375,0.23828125,0.18828125,0.0014903871682084,0.4849058,0.5913925528878909
heavy_tailed,202,1701,transformer_mdn4,extrapolated,15,0.4096198328800128,0.0809423145907153,0.9388020833333334,1.4555435829878147,0.0777435302734375,0.22265625,0.17265625,0.0014903871682084,0.49479476,0.9417012095803958
heavy_tailed,202,1701,transformer_mdn4,extrapolated,16,0.4074399174440052,0.0634242628064692,0.9075520833333334,1.239402313611418,0.0863494873046875,0.24609375,0.19609375,0.0014903871682084,0.46910083,0.29183808568665803
heavy_tailed,202,1701,transformer_mdn4,extrapolated,17,0.5602647498762583,0.1758961641512408,0.7604166666666666,1.3089702427016716,0.0819091796875,0.234375,0.184375,0.0014903871682084,0.48136166,0.49388448003480256
heavy_tailed,202,1701,transformer_mdn4,extrapolated,18,0.4184441236201312,0.0822625226205636,0.8697916666666666,1.1438362026806947,0.1458587646484375,0.36328125,0.31328125,0.0014903871682084,0.4617089,0.25517097715089143
heavy_tailed,202,1701,transformer_mdn4,extrapolated,19,0.4240185079192423,0.0715749322766666,0.9153645833333334,1.2971015081500676,0.087890625,0.25,0.2,0.0014903871682084,0.5045005,0.663890636002515
heavy_tailed,202,1701,transformer_mdn4,extrapolated,20,0.3932154102584538,0.0569048010850882,0.9075520833333334,1.1073567538187197,0.1533203125,0.375,0.325,0.0014903871682084,0.46187407,0.10517040494630159
heavy_tailed,202,1701,transformer_mdn4,extrapolated,21,0.6108168787572441,0.2448797450977226,0.7395833333333334,1.3532391297198547,0.0521087646484375,0.11328125,0.06328125,0.0014903871682084,0.48343596,0.6263468623513919
heavy_tailed,202,1701,transformer_mdn4,extrapolated,22,0.7478512624508815,0.3828836217421762,0.6692708333333334,1.3902054082081077,0.0494384765625,0.015625,0.034375,0.0014903871682084,0.49674615,0.7753875613565189
heavy_tailed,202,1701,transformer_mdn4,extrapolated,23,0.7129394510902932,0.3096873293239333,0.7161458333333334,1.525792592930553,0.0482635498046875,0.04296875,0.00703125,0.0014903871682084,0.4974416,0.9909181952829105
heavy_tailed,202,2903,transformer_mdn4,central,0,0.2741400855259531,0.000888048682292,0.83984375,0.6451594463432212,0.0497283935546875,0.01171875,0.03828125,0.0013907169995945,0.59148735,-0.6834693789129513
heavy_tailed,202,2903,transformer_mdn4,central,1,0.2557998187788088,0.0001021231070304,0.90625,0.7502070464778895,0.0487518310546875,0.02734375,0.02265625,0.0013907169995945,0.46882877,-0.6015154957418698
heavy_tailed,202,2903,transformer_mdn4,central,2,0.243518982712448,0.0011282714837036,0.8645833333333334,0.6825278514967082,0.0494384765625,0.015625,0.034375,0.0013907169995945,0.5254721,-0.6754660844450253
heavy_tailed,202,2903,transformer_mdn4,central,3,0.2469761036795293,0.0008534795396787,0.8971354166666666,0.7105019274765629,0.04833984375,0.0390625,0.0109375,0.0013907169995945,0.54549205,-0.4731464624052304
heavy_tailed,202,2903,transformer_mdn4,central,4,0.2636549814041974,0.0014367017018213,0.88671875,0.7877379434869297,0.0494384765625,0.015625,0.034375,0.0013907169995945,0.5650312,-0.38191744085600554
heavy_tailed,202,2903,transformer_mdn4,central,5,0.2639985469725849,0.0038046538574017,0.84375,0.6633771675816204,0.0489501953125,0.0234375,0.0265625,0.0013907169995945,0.54836136,-0.6786926626806515
heavy_tailed,202,2903,transformer_mdn4,central,6,0.2634113339319134,0.0018331993614774,0.8528645833333334,0.680422282213588,0.0482177734375,0.0546875,0.0046874999999999,0.0013907169995945,0.41964394,-0.6836378216390866
heavy_tailed,202,2903,transformer_mdn4,central,7,0.2798779855832773,0.0005717432779951,0.8385416666666666,0.6427209889368363,0.048583984375,0.03125,0.01875,0.0013907169995945,0.48404038,-0.7803356289510983
heavy_tailed,202,2903,transformer_mdn4,central,8,0.2652281019424625,0.000103356114388,0.8684895833333334,0.7035498148866742,0.0484466552734375,0.03515625,0.01484375,0.0013907169995945,0.6093803,-0.6302753328924435
heavy_tailed,202,2903,transformer_mdn4,central,9,0.2445983116665766,0.0019415928534773,0.8736979166666666,0.6617061430673051,0.048583984375,0.03125,0.01875,0.0013907169995945,0.56479335,-0.5792973875646847
heavy_tailed,202,2903,transformer_mdn4,central,10,0.2537668562586961,0.0001910492479933,0.8854166666666666,0.6902441973986129,0.04833984375,0.0390625,0.0109375,0.0013907169995945,0.47453922,-0.6646266817693967
heavy_tailed,202,2903,transformer_mdn4,central,11,0.2636883071561028,0.0007040358032369,0.8671875,0.6864044259311605,0.0487518310546875,0.02734375,0.02265625,0.0013907169995945,0.59891915,-0.6044982313757199
heavy_tailed,202,2903,transformer_mdn4,central,12,0.2549573898100246,0.0011865751054061,0.8619791666666666,0.6701809637266289,0.0494384765625,0.015625,0.034375,0.0013907169995945,0.62669134,-0.5401476263647336
heavy_tailed,202,2903,transformer_mdn4,central,13,0.2635653210437174,0.0033713286992542,0.8515625,0.6846170060645423,0.050048828125,0.0078125,0.0421875,0.0013907169995945,0.47438475,-0.6961692213659543
heavy_tailed,202,2903,transformer_mdn4,central,14,0.2725704360037186,0.0007778838663216,0.8828125,0.7922364022534326,0.0491790771484375,0.01953125,0.03046875,0.0013907169995945,0.3043614,-0.6470143437032956
heavy_tailed,202,2903,transformer_mdn4,central,15,0.2542283003024095,0.0007239396369153,0.8684895833333334,0.6978195305241259,0.0482025146484375,0.05078125,0.0007812499999999,0.0013907169995945,0.6089138,-0.6370353936796445
heavy_tailed,202,2903,transformer_mdn4,central,16,0.2519837466152895,0.0003754915198487,0.8763020833333334,0.6881658580847786,0.048583984375,0.03125,0.01875,0.0013907169995945,0.6392573,-0.5215385794286984
heavy_tailed,202,2903,transformer_mdn4,central,17,0.2588296255446529,0.0001105605480205,0.8828125,0.7555512398119143,0.04833984375,0.0390625,0.0109375,0.0013907169995945,0.46848404,-0.3844397902136105
heavy_tailed,202,2903,transformer_mdn4,central,18,0.2698666765985563,0.003637402314773,0.8489583333333334,0.6807782406704762,0.0494384765625,0.015625,0.034375,0.0013907169995945,0.47967917,-0.7014606237058896
heavy_tailed,202,2903,transformer_mdn4,central,19,0.267455139459256,0.000420936047501,0.8984375,0.7538024417463158,0.048583984375,0.0703125,0.0203124999999999,0.0013907169995945,0.535036,-0.31480904814055144
heavy_tailed,202,2903,transformer_mdn4,central,20,0.2488193599662509,0.0015118534181926,0.8984375,0.73215843544505,0.04833984375,0.0390625,0.0109375,0.0013907169995945,0.6263411,-0.548056328261401
heavy_tailed,202,2903,transformer_mdn4,central,21,0.2750988545660978,0.0005777866069838,0.8294270833333334,0.6146131063301798,0.0482635498046875,0.04296875,0.00703125,0.0013907169995945,0.40073973,-0.7481945395117062
heavy_tailed,202,2903,transformer_mdn4,central,22,0.26545977630988,0.0003535321091541,0.83984375,0.6658058875891609,0.0494384765625,0.015625,0.034375,0.0013907169995945,0.45170283,-0.5562982797270077
heavy_tailed,202,2903,transformer_mdn4,central,23,0.286727048939722,0.0001287095000974,0.8658854166666666,0.7368318738677163,0.0497283935546875,0.01171875,0.03828125,0.0013907169995945,0.5556524,-0.5088688969259518
heavy_tailed,202,2903,transformer_mdn4,boundary,0,0.2660513372833428,0.0005487179498858,0.87109375,0.6807355480296039,0.0526123046875,0.1171875,0.0671875,0.0015574270849659,0.34785593,-0.5376034617071408
heavy_tailed,202,2903,transformer_mdn4,boundary,1,0.264532049043941,0.0009907437019952,0.90625,0.7996047448827865,0.0484466552734375,0.03515625,0.01484375,0.0015574270849659,0.31251872,-0.4263654589300412
heavy_tailed,202,2903,transformer_mdn4,boundary,2,0.2499171663380336,0.0013463094073025,0.8815104166666666,0.6859057266290934,0.0503997802734375,0.09765625,0.04765625,0.0015574270849659,0.35154325,-0.6312194704656857
heavy_tailed,202,2903,transformer_mdn4,boundary,3,0.2501539685917702,0.0002095655624854,0.8854166666666666,0.6963967848291173,0.0487518310546875,0.07421875,0.0242187499999999,0.0015574270849659,0.35889682,-0.6264362573271054
heavy_tailed,202,2903,transformer_mdn4,boundary,4,0.2617710743402027,0.0013857076218603,0.8984375,0.7779763716590992,0.0531463623046875,0.12109375,0.07109375,0.0015574270849659,0.34568697,-0.30456360575010955
heavy_tailed,202,2903,transformer_mdn4,boundary,5,0.2485751044154493,0.001276740567532,0.8763020833333334,0.6795147462937127,0.0482025146484375,0.05078125,0.0007812499999999,0.0015574270849659,0.30662864,-0.7603838085775632
heavy_tailed,202,2903,transformer_mdn4,boundary,6,0.25390696423063,0.0006603633159992,0.90234375,0.7675358266836612,0.04833984375,0.0625,0.0124999999999999,0.0015574270849659,0.30731127,-0.49350425001433074
heavy_tailed,202,2903,transformer_mdn4,boundary,7,0.2653252914576847,0.0005103207630984,0.8984375,0.7393271564665089,0.0482177734375,0.0546875,0.0046874999999999,0.0015574270849659,0.2875914,-0.483664774859454
heavy_tailed,202,2903,transformer_mdn4,boundary,8,0.2687792461972701,0.0008581015626994,0.86328125,0.7010071235571803,0.0482025146484375,0.05078125,0.0007812499999999,0.0015574270849659,0.35787573,-0.5515580415373105
heavy_tailed,202,2903,transformer_mdn4,boundary,9,0.2640588023129105,0.0013695085003919,0.9010416666666666,0.7510388618616717,0.0482635498046875,0.05859375,0.0085937499999999,0.0015574270849659,0.34766126,-0.5946190595274228
heavy_tailed,202,2903,transformer_mdn4,boundary,10,0.2554828209539538,0.0014528186714564,0.8763020833333334,0.7159595659264033,0.0482635498046875,0.04296875,0.00703125,0.0015574270849659,0.2691194,-0.7837730288152951
heavy_tailed,202,2903,transformer_mdn4,boundary,11,0.2695313322726572,0.0001637028522393,0.8567708333333334,0.6836542436144324,0.0489501953125,0.0234375,0.0265625,0.0015574270849659,0.3388458,-0.7469716906194943
heavy_tailed,202,2903,transformer_mdn4,boundary,12,0.2564438575133732,0.0009111166523698,0.9088541666666666,0.7543279117223597,0.0487518310546875,0.07421875,0.0242187499999999,0.0015574270849659,0.3421799,-0.4174825787191647
heavy_tailed,202,2903,transformer_mdn4,boundary,13,0.2677100100283131,0.0004393212081799,0.89453125,0.7936341026176793,0.0494384765625,0.0859375,0.0359375,0.0015574270849659,0.3421828,-0.44531794782927214
heavy_tailed,202,2903,transformer_mdn4,boundary,14,0.2626121765132757,0.0012684981892954,0.8697916666666666,0.723774820352539,0.04833984375,0.0390625,0.0109375,0.0015574270849659,0.2836823,-0.6124293446188229
heavy_tailed,202,2903,transformer_mdn4,boundary,15,0.248009384822825,0.0001844492788071,0.8671875,0.7019100873578602,0.0489501953125,0.0234375,0.0265625,0.0015574270849659,0.3480033,-0.5843503117208737
heavy_tailed,202,2903,transformer_mdn4,boundary,16,0.2915451857687242,0.0011050797525153,0.8723958333333334,0.7585940083353783,0.0491790771484375,0.01953125,0.03046875,0.0015574270849659,0.3135544,-0.45425107475569426
heavy_tailed,202,2903,transformer_mdn4,boundary,17,0.2774748938616826,0.0009460465223869,0.9075520833333334,0.8440970092818786,0.0487518310546875,0.07421875,0.0242187499999999,0.0015574270849659,0.33343565,-0.1977057098989743
heavy_tailed,202,2903,transformer_mdn4,boundary,18,0.2617471849105993,0.0008070585727566,0.8893229166666666,0.7057253490323884,0.0482025146484375,0.05078125,0.0007812499999999,0.0015574270849659,0.3195535,-0.6065621614103573
heavy_tailed,202,2903,transformer_mdn4,boundary,19,0.256253722498135,0.0006024058337953,0.8815104166666666,0.7233333248759403,0.0487518310546875,0.07421875,0.0242187499999999,0.0015574270849659,0.34833014,-0.5416307091360348
heavy_tailed,202,2903,transformer_mdn4,boundary,20,0.2567989309998416,0.0009856631672664,0.8932291666666666,0.7248637076658194,0.048583984375,0.03125,0.01875,0.0015574270849659,0.31591016,-0.6703944444303769
heavy_tailed,202,2903,transformer_mdn4,boundary,21,0.2529743966273577,0.0010330376067783,0.87890625,0.6973347735522618,0.050048828125,0.09375,0.04375,0.0015574270849659,0.35540202,-0.5870619058256406
heavy_tailed,202,2903,transformer_mdn4,boundary,22,0.2737127624482426,0.0006746933354902,0.9114583333333334,0.7588983527765097,0.0503997802734375,0.09765625,0.04765625,0.0015574270849659,0.35184246,-0.40218838449766814
heavy_tailed,202,2903,transformer_mdn4,boundary,23,0.2577905747447079,0.0003013071330307,0.89453125,0.7408342264594415,0.04833984375,0.0625,0.0124999999999999,0.0015574270849659,0.32323143,-0.35165246721556365
heavy_tailed,202,2903,transformer_mdn4,extrapolated,0,0.6877154087391034,0.2808242219078847,0.3958333333333333,1.0692959781843905,0.0503997802734375,0.00390625,0.04609375,0.0015104045426899,0.36860454,0.3978063226098758
heavy_tailed,202,2903,transformer_mdn4,extrapolated,1,0.430367502609893,0.0762159378828133,0.8294270833333334,1.0551644162930416,0.1107025146484375,0.30078125,0.25078125,0.0015104045426899,0.32517466,0.29224423173615754
heavy_tailed,202,2903,transformer_mdn4,extrapolated,2,0.449558641189852,0.0952714366245395,0.7786458333333334,1.0234848501322755,0.0804901123046875,0.23046875,0.18046875,0.0015104045426899,0.33746696,0.28260091546723665
heavy_tailed,202,2903,transformer_mdn4,extrapolated,3,0.651463689022008,0.245588559304851,0.6184895833333334,1.0668656563664691,0.050048828125,0.0078125,0.0421875,0.0015104045426899,0.37654537,0.3088800073022586
heavy_tailed,202,2903,transformer_mdn4,extrapolated,4,0.8134089044070474,0.3745963984250946,0.484375,1.1078172118370666,0.0494384765625,0.015625,0.034375,0.0015104045426899,0.40471154,0.5856023192758304
heavy_tailed,202,2903,transformer_mdn4,extrapolated,5,0.6919378427208043,0.2500854132376562,0.6341145833333334,0.9563259937864312,0.0482177734375,0.046875,0.003125,0.0015104045426899,0.40696618,0.20747414830872835
heavy_tailed,202,2903,transformer_mdn4,extrapolated,6,0.6577417043347761,0.275336911308429,0.62890625,1.1349817269401818,0.0489501953125,0.0234375,0.0265625,0.0015104045426899,0.3921858,0.4654870391244632
heavy_tailed,202,2903,transformer_mdn4,extrapolated,7,0.6020447772633883,0.1991315297481674,0.6276041666666666,1.0085702385140511,0.0531463623046875,0.12109375,0.07109375,0.0015104045426899,0.39891192,0.3351414561624271
heavy_tailed,202,2903,transformer_mdn4,extrapolated,8,0.465890882752657,0.0862351825079231,0.7083333333333334,0.7550889081379766,0.0679779052734375,0.19140625,0.14140625,0.0015104045426899,0.35417745,-0.10717829462340056
heavy_tailed,202,2903,transformer_mdn4,extrapolated,9,0.7691969989152696,0.3167793838133941,0.5,0.9241606181691414,0.0503997802734375,0.00390625,0.04609375,0.0015104045426899,0.38880393,0.24407223466584504
heavy_tailed,202,2903,transformer_mdn4,extrapolated,10,0.6017757956994817,0.2203888147135204,0.6171875,1.069602602142266,0.0497283935546875,0.08984375,0.03984375,0.0015104045426899,0.38796204,0.39303818944642366
heavy_tailed,202,2903,transformer_mdn4,extrapolated,11,0.646453019200228,0.2357248806286346,0.6015625,1.027203238545423,0.0482635498046875,0.04296875,0.00703125,0.0015104045426899,0.39116073,0.33929387334534944
heavy_tailed,202,2903,transformer_mdn4,extrapolated,12,0.5486462246668022,0.1908498500024741,0.5611979166666666,1.0968645713786092,0.05078125,0.0,0.05,0.0015104045426899,0.3561886,0.29173485044190706
heavy_tailed,202,2903,transformer_mdn4,extrapolated,13,0.4361397596499273,0.0995539061489874,0.7747395833333334,1.015334567503673,0.0943603515625,0.265625,0.215625,0.0015104045426899,0.33812392,0.1520088076944095
heavy_tailed,202,2903,transformer_mdn4,extrapolated,14,0.4138302781348298,0.0822096133369503,0.7903645833333334,0.9991337979179126,0.0531463623046875,0.12109375,0.07109375,0.0015104045426899,0.33369657,0.13096050027558626
heavy_tailed,202,2903,transformer_mdn4,extrapolated,15,0.42229134822064,0.0899913743183169,0.8072916666666666,1.0778187850743342,0.0516357421875,0.109375,0.059375,0.0015104045426899,0.34639525,0.3287997603769046
heavy_tailed,202,2903,transformer_mdn4,extrapolated,16,0.4296228705770159,0.0754148778711848,0.8020833333333334,1.000473643260644,0.0658416748046875,0.18359375,0.13359375,0.0015104045426899,0.33002257,0.17315105203339876
heavy_tailed,202,2903,transformer_mdn4,extrapolated,17,0.5638350294890624,0.1693912568440775,0.6497395833333334,1.0749776988164357,0.091064453125,0.2578125,0.2078125,0.0015104045426899,0.39500067,0.3205327153558475
heavy_tailed,202,2903,transformer_mdn4,extrapolated,18,0.4376117901639386,0.0862559983143558,0.7682291666666666,0.8553817062994321,0.158447265625,0.3828125,0.3328125,0.0015104045426899,0.33997723,-0.04409977194121062
heavy_tailed,202,2903,transformer_mdn4,extrapolated,19,0.4728033472687321,0.1023070987697022,0.7786458333333334,1.1517392970989695,0.0679779052734375,0.19140625,0.14140625,0.0015104045426899,0.3524184,0.49108222726533235
heavy_tailed,202,2903,transformer_mdn4,extrapolated,20,0.4191623230053631,0.0636330167982982,0.7994791666666666,0.7965862855769785,0.1773529052734375,0.41015625,0.36015625,0.0015104045426899,0.3202181,-0.3425855278616208
heavy_tailed,202,2903,transformer_mdn4,extrapolated,21,0.6368219488011564,0.2529178705641799,0.6354166666666666,0.9427208576903032,0.0489501953125,0.0234375,0.0265625,0.0015104045426899,0.3872741,0.28966037038514436
heavy_tailed,202,2903,transformer_mdn4,extrapolated,22,0.8152491519849812,0.3943585632437849,0.39453125,0.990063504188515,0.0503997802734375,0.00390625,0.04609375,0.0015104045426899,0.37143338,0.31754568818757356
heavy_tailed,202,2903,transformer_mdn4,extrapolated,23,0.750219595353806,0.3275173768621917,0.41796875,1.0408973762263611,0.05078125,0.0,0.05,0.0015104045426899,0.37462038,0.29783180955598176
heavy_tailed,303,1701,transformer_mdn4,central,0,0.2501076057943466,0.0042432329666013,0.8645833333333334,0.6959398451027933,0.0503997802734375,0.09765625,0.04765625,0.0015078628760723,0.8501633,-0.7691632853308783
heavy_tailed,303,1701,transformer_mdn4,central,1,0.2379409792774852,0.0016938241575027,0.8828125,0.6881682728966725,0.050048828125,0.09375,0.04375,0.0015078628760723,0.888189,-0.5572712765494452
heavy_tailed,303,1701,transformer_mdn4,central,2,0.2644807096177305,0.002189111016853,0.8997395833333334,0.7518535912437198,0.0526123046875,0.1171875,0.0671875,0.0015078628760723,0.878961,-0.6706611858168707
heavy_tailed,303,1701,transformer_mdn4,central,3,0.2502414617046902,0.000242194115329,0.8997395833333334,0.7338793338481301,0.06103515625,0.1640625,0.1140625,0.0015078628760723,0.85551333,-0.7317768679419623
heavy_tailed,303,1701,transformer_mdn4,central,4,0.2475160356271291,0.001860050642511,0.9010416666666666,0.7480017632988017,0.0511932373046875,0.10546875,0.05546875,0.0015078628760723,0.84430885,-0.3789219008246527
heavy_tailed,303,1701,transformer_mdn4,central,5,0.2477964471320792,0.0045320697491893,0.8229166666666666,0.587060356160776,0.0487518310546875,0.02734375,0.02265625,0.0015078628760723,0.68407726,-1.3979360209265814
heavy_tailed,303,1701,transformer_mdn4,central,6,0.3085596609779992,0.0024518375066709,0.8072916666666666,0.6200618201179551,0.0491790771484375,0.01953125,0.03046875,0.0015078628760723,0.7290875,-1.216827069357978
heavy_tailed,303,1701,transformer_mdn4,central,7,0.2708307526483489,0.0012778687053945,0.85546875,0.6750035020041381,0.0503997802734375,0.00390625,0.04609375,0.0015078628760723,0.8000348,-0.8989565716544257
heavy_tailed,303,1701,transformer_mdn4,central,8,0.2588289749303906,0.0023058106640081,0.875,0.6907782150391074,0.0482635498046875,0.04296875,0.00703125,0.0015078628760723,0.8465966,-0.7970896707335577
heavy_tailed,303,1701,transformer_mdn4,central,9,0.2593647706037877,0.0053511552586777,0.90234375,0.7066255581779051,0.050048828125,0.09375,0.04375,0.0015078628760723,0.93799603,-0.7391666518012152
heavy_tailed,303,1701,transformer_mdn4,central,10,0.2797364650472295,0.0063622874351478,0.83203125,0.6725025002582278,0.0482025146484375,0.05078125,0.0007812499999999,0.0015078628760723,0.8198893,-0.9578748093405829
heavy_tailed,303,1701,transformer_mdn4,central,11,0.2819618332804288,0.0001815604958571,0.8359375,0.6371088883415202,0.0482177734375,0.046875,0.003125,0.0015078628760723,0.81544983,-0.8834419594565497
heavy_tailed,303,1701,transformer_mdn4,central,12,0.2508074013650724,0.0001050928212377,0.84375,0.6404970056021391,0.0482635498046875,0.04296875,0.00703125,0.0015078628760723,0.8355281,-1.0486960159102545
heavy_tailed,303,1701,transformer_mdn4,central,13,0.262021648363334,0.0008388819598061,0.890625,0.7407807052011105,0.0497283935546875,0.08984375,0.03984375,0.0015078628760723,0.9349768,-0.5585105763236151
heavy_tailed,303,1701,transformer_mdn4,central,14,0.2723241009677528,0.0020405303782832,0.82421875,0.6263820416824396,0.0494384765625,0.015625,0.034375,0.0015078628760723,0.70920163,-1.1798232243815527
heavy_tailed,303,1701,transformer_mdn4,central,15,0.2745577842686203,0.0080075284822645,0.8684895833333334,0.7130312274373782,0.0487518310546875,0.07421875,0.0242187499999999,0.0015078628760723,0.82102114,-0.8745906697074042
heavy_tailed,303,1701,transformer_mdn4,central,16,0.3073337140618555,0.0035172256927348,0.859375,0.7008067657776841,0.04833984375,0.0625,0.0124999999999999,0.0015078628760723,0.9338576,-0.5956392632285223
heavy_tailed,303,1701,transformer_mdn4,central,17,0.2600705108470604,0.0001822542446444,0.8984375,0.7469115588069045,0.0482177734375,0.046875,0.003125,0.0015078628760723,0.7366724,-0.46585956676398377
heavy_tailed,303,1701,transformer_mdn4,central,18,0.2518214116452578,0.0002369289401893,0.8802083333333334,0.6960709311051366,0.0491790771484375,0.01953125,0.03046875,0.0015078628760723,0.84990543,-0.6883124457160101
heavy_tailed,303,1701,transformer_mdn4,central,19,0.2639242025421581,0.0001814781479325,0.8450520833333334,0.6505736715764661,0.0484466552734375,0.03515625,0.01484375,0.0015078628760723,0.82743925,-0.9778661773959265
heavy_tailed,303,1701,transformer_mdn4,central,20,0.2772844198289296,0.0057974801673952,0.8489583333333334,0.660386587692257,0.0482177734375,0.0546875,0.0046874999999999,0.0015078628760723,0.8941804,-0.678223644332038
heavy_tailed,303,1701,transformer_mdn4,central,21,0.2867515948012344,0.0062553239434736,0.84765625,0.6906781071125057,0.0487518310546875,0.02734375,0.02265625,0.0015078628760723,0.8567496,-0.7498262868682013
heavy_tailed,303,1701,transformer_mdn4,central,22,0.2892680354485759,0.0016119272137477,0.84375,0.6917750399285354,0.0494384765625,0.015625,0.034375,0.0015078628760723,0.7444967,-0.8324813590804205
heavy_tailed,303,1701,transformer_mdn4,central,23,0.26904556548608,0.0002888332721716,0.8567708333333334,0.730613015517484,0.04833984375,0.0390625,0.0109375,0.0015078628760723,0.908353,-0.5235440479079352
heavy_tailed,303,1701,transformer_mdn4,boundary,0,0.2524799126367962,0.0012608270945432,0.9088541666666666,0.7953896927281153,0.04833984375,0.0390625,0.0109375,0.0013571163338686,0.6234627,-0.3738186703482733
heavy_tailed,303,1701,transformer_mdn4,boundary,1,0.2683355790963307,0.0008393821489495,0.9166666666666666,0.8515500013904432,0.0482177734375,0.046875,0.003125,0.0013571163338686,0.61135435,-0.35946515663062195
heavy_tailed,303,1701,transformer_mdn4,boundary,2,0.2639262669168624,0.002761833842563,0.91796875,0.8156014291214531,0.048583984375,0.0703125,0.0203124999999999,0.0013571163338686,0.3653869,-0.2880123005667792
heavy_tailed,303,1701,transformer_mdn4,boundary,3,0.2774623310161634,0.001219089336014,0.9192708333333334,0.8793487514702214,0.04833984375,0.0390625,0.0109375,0.0013571163338686,0.62383103,-0.13238481147681336
heavy_tailed,303,1701,transformer_mdn4,boundary,4,0.2615325701903663,0.0049051974079177,0.9140625,0.8325305857060692,0.0482635498046875,0.04296875,0.00703125,0.0013571163338686,0.64903045,-0.45739582641516785
heavy_tailed,303,1701,transformer_mdn4,boundary,5,0.2567424904156603,0.0011158001400217,0.90234375,0.8210448596739871,0.0482177734375,0.046875,0.003125,0.0013571163338686,0.4535994,-0.27896944148932556
heavy_tailed,303,1701,transformer_mdn4,boundary,6,0.2572799036085942,9.825618422581524e-05,0.8893229166666666,0.7757623137499122,0.0489501953125,0.0234375,0.0265625,0.0013571163338686,0.59339625,-0.6927656279364691
heavy_tailed,303,1701,transformer_mdn4,boundary,7,0.2986724412349208,0.0068107279140028,0.8932291666666666,0.8461449472988175,0.0484466552734375,0.06640625,0.0164062499999999,0.0013571163338686,0.6491376,-0.3553414688864813
heavy_tailed,303,1701,transformer_mdn4,boundary,8,0.2627932709141301,0.0024702296516319,0.9166666666666666,0.8836454377801402,0.050048828125,0.09375,0.04375,0.0013571163338686,0.6203714,-0.34187487228308777
heavy_tailed,303,1701,transformer_mdn4,boundary,9,0.2379124517361359,0.0012918308703725,0.91796875,0.7592818935036583,0.0482025146484375,0.05078125,0.0007812499999999,0.0013571163338686,0.5337323,-0.5545536027709113
heavy_tailed,303,1701,transformer_mdn4,boundary,10,0.2495998178125665,0.0010828376928574,0.9270833333333334,0.853869087452277,0.0494384765625,0.0859375,0.0359375,0.0013571163338686,0.47038528,-0.32240418060217957
heavy_tailed,303,1701,transformer_mdn4,boundary,11,0.2892060149954746,0.0021984166715012,0.8828125,0.7640819427547042,0.0482177734375,0.046875,0.003125,0.0013571163338686,0.40324342,-0.6044679032126532
heavy_tailed,303,1701,transformer_mdn4,boundary,12,0.2630019285291804,0.0007942766791956,0.9231770833333334,0.8668603688481321,0.0489501953125,0.078125,0.0281249999999999,0.0013571163338686,0.59078354,-0.2155424700537787
heavy_tailed,303,1701,transformer_mdn4,boundary,13,0.2352747082863808,0.0014263562621255,0.89453125,0.728800983019036,0.0484466552734375,0.03515625,0.01484375,0.0013571163338686,0.387906,-0.6669693337241278
heavy_tailed,303,1701,transformer_mdn4,boundary,14,0.2581719485432343,0.0067905351250932,0.8932291666666666,0.7855327520960275,0.0491790771484375,0.08203125,0.03203125,0.0013571163338686,0.64266586,-0.43105045421515564
heavy_tailed,303,1701,transformer_mdn4,boundary,15,0.2729254762424967,0.0019925809167112,0.9075520833333334,0.8720797906494715,0.048583984375,0.03125,0.01875,0.0013571163338686,0.5873655,-0.35455421073828797
heavy_tailed,303,1701,transformer_mdn4,boundary,16,0.2588296712184368,0.0006642640431797,0.9075520833333334,0.8150239980731229,0.0484466552734375,0.03515625,0.01484375,0.0013571163338686,0.464086,-0.5473528252402411
heavy_tailed,303,1701,transformer_mdn4,boundary,17,0.265383418955501,0.0008413166746905,0.9244791666666666,0.9202479782629268,0.048583984375,0.0703125,0.0203124999999999,0.0013571163338686,0.5860151,-0.10503450496588806
heavy_tailed,303,1701,transformer_mdn4,boundary,18,0.2646408617393564,0.0002066329343089,0.921875,0.8790203485172601,0.0531463623046875,0.12109375,0.07109375,0.0013571163338686,0.6150803,-0.15407458408270935
heavy_tailed,303,1701,transformer_mdn4,boundary,19,0.2570488163594948,0.0006030578365453,0.89453125,0.7406751173254884,0.0494384765625,0.015625,0.034375,0.0013571163338686,0.4984586,-0.8740027294913397
heavy_tailed,303,1701,transformer_mdn4,boundary,20,0.2631940184080414,0.0014934024952002,0.9192708333333334,0.9216025162703042,0.0482177734375,0.046875,0.003125,0.0013571163338686,0.42820793,-0.26324084861670594
heavy_tailed,303,1701,transformer_mdn4,boundary,21,0.2595554720496166,0.0022864241103388,0.9127604166666666,0.8421485755073115,0.0494384765625,0.0859375,0.0359375,0.0013571163338686,0.63034517,-0.3555703507224188
heavy_tailed,303,1701,transformer_mdn4,boundary,22,0.2456282330945716,0.0019635999788501,0.91015625,0.7540298545117755,0.05078125,0.1015625,0.0515625,0.0013571163338686,0.62811774,-0.6333814011374579
heavy_tailed,303,1701,transformer_mdn4,boundary,23,0.2897965557226577,0.0033216752208194,0.8932291666666666,0.8813196948764341,0.0482177734375,0.0546875,0.0046874999999999,0.0013571163338686,0.4355092,-0.2326269493857489
heavy_tailed,303,1701,transformer_mdn4,extrapolated,0,0.4589022051156741,0.0943732856808127,0.9713541666666666,1.655755712484557,0.1558685302734375,0.37890625,0.32890625,0.0014738159588887,0.6591978,1.6652724398812189
heavy_tailed,303,1701,transformer_mdn4,extrapolated,1,0.4924133353066434,0.1616671464263797,0.9283854166666666,1.548145428934397,0.06689453125,0.1875,0.1375,0.0014738159588887,0.4536774,1.6028039111336603
heavy_tailed,303,1701,transformer_mdn4,extrapolated,2,0.4460377209411926,0.102986248449159,0.9700520833333334,1.55969247403546,0.0738525390625,0.2109375,0.1609375,0.0014738159588887,0.5208818,1.549479450150384
heavy_tailed,303,1701,transformer_mdn4,extrapolated,3,0.8048586386086413,0.4484243775132288,0.66796875,1.687943256553383,0.0494384765625,0.015625,0.034375,0.0014738159588887,0.48685354,1.939182247086419
heavy_tailed,303,1701,transformer_mdn4,extrapolated,4,0.5299032242554068,0.1720385635954909,0.8971354166666666,1.6060617754568651,0.06689453125,0.1875,0.1375,0.0014738159588887,0.43658113,1.6202366008004083
heavy_tailed,303,1701,transformer_mdn4,extrapolated,5,0.4566386012729045,0.1358946262079856,0.9388020833333334,1.6318088840168228,0.05078125,0.1015625,0.0515625,0.0014738159588887,0.40101442,1.5060467375954523
heavy_tailed,303,1701,transformer_mdn4,extrapolated,6,0.9727618897055376,0.6785555790840897,0.7825520833333334,2.1010161802329073,0.048583984375,0.03125,0.01875,0.0014738159588887,0.55852175,2.421476806565179
heavy_tailed,303,1701,transformer_mdn4,extrapolated,7,0.3687998436866546,0.0670175093959342,0.9778645833333334,1.5380344884812824,0.0894622802734375,0.25390625,0.20390625,0.0014738159588887,0.42059037,1.4019729747017755
heavy_tailed,303,1701,transformer_mdn4,extrapolated,8,0.4560123055654608,0.11622938868416,0.96875,1.7098560246418777,0.0543060302734375,0.12890625,0.07890625,0.0014738159588887,0.61062384,1.9352624072274103
heavy_tailed,303,1701,transformer_mdn4,extrapolated,9,0.8834830390560202,0.5871355088685771,0.7057291666666666,1.989659959974177,0.0491790771484375,0.01953125,0.03046875,0.0014738159588887,0.49991953,2.174651111527337
heavy_tailed,303,1701,transformer_mdn4,extrapolated,10,0.6512909195715919,0.2817563870778827,0.9153645833333334,1.8821223068729085,0.06103515625,0.1640625,0.1140625,0.0014738159588887,0.54395556,2.1369909896096124
heavy_tailed,303,1701,transformer_mdn4,extrapolated,11,0.4434955015107805,0.097189920218544,0.98046875,1.764533208419638,0.0648193359375,0.1796875,0.1296875,0.0014738159588887,0.6139128,1.8090476645668878
heavy_tailed,303,1701,transformer_mdn4,extrapolated,12,0.4229741958571594,0.1036474612033258,0.9466145833333334,1.4705746408665952,0.059326171875,0.15625,0.10625,0.0014738159588887,0.41678923,1.4331657542427911
heavy_tailed,303,1701,transformer_mdn4,extrapolated,13,0.3825797928554746,0.0559939816700743,0.9609375,1.468979084314172,0.0863494873046875,0.24609375,0.19609375,0.0014738159588887,0.50784856,1.2705282820900812
heavy_tailed,303,1701,transformer_mdn4,extrapolated,14,0.6259195867554019,0.3464057986528513,0.9427083333333334,1.8179145085424049,0.0482635498046875,0.05859375,0.0085937499999999,0.0014738159588887,0.6365792,2.0989358081063165
heavy_tailed,303,1701,transformer_mdn4,extrapolated,15,0.6241959756458676,0.2907886696738895,0.9361979166666666,1.8766756274575176,0.050048828125,0.09375,0.04375,0.0014738159588887,0.5347824,1.917305673523797
heavy_tailed,303,1701,transformer_mdn4,extrapolated,16,0.4456000334146777,0.1176641161197433,0.9622395833333334,1.6413419786132044,0.0726165771484375,0.20703125,0.15703125,0.0014738159588887,0.4348014,1.7403700007637872
heavy_tailed,303,1701,transformer_mdn4,extrapolated,17,0.504952210344565,0.1319734494189251,0.97265625,1.8939915089449553,0.1031341552734375,0.28515625,0.23515625,0.0014738159588887,0.6560296,2.1000768794258966
heavy_tailed,303,1701,transformer_mdn4,extrapolated,18,0.8641881670288578,0.556901662373895,0.8450520833333334,2.016198200588608,0.0482635498046875,0.05859375,0.0085937499999999,0.0014738159588887,0.57995784,2.317362750931634
heavy_tailed,303,1701,transformer_mdn4,extrapolated,19,0.3866395384912348,0.0669953119685192,0.9479166666666666,1.4046199314381649,0.076416015625,0.21875,0.16875,0.0014738159588887,0.41916895,1.2828411711892023
heavy_tailed,303,1701,transformer_mdn4,extrapolated,20,0.4089436684474238,0.0773914742496704,0.9700520833333334,1.766149401689849,0.087890625,0.25,0.2,0.0014738159588887,0.6382626,1.7549926890572443
heavy_tailed,303,1701,transformer_mdn4,extrapolated,21,0.3970350885197296,0.0718266768333496,0.9635416666666666,1.5405127500553604,0.0531463623046875,0.12109375,0.07109375,0.0014738159588887,0.5891823,1.4119686736306085
heavy_tailed,303,1701,transformer_mdn4,extrapolated,22,0.4271646219580085,0.0841503946218727,0.9583333333333334,1.4091548281928468,0.0943603515625,0.265625,0.215625,0.0014738159588887,0.4774121,1.3108498706063165
heavy_tailed,303,1701,transformer_mdn4,extrapolated,23,0.3449429015949053,0.0547865342389453,0.9622395833333334,1.352549863079744,0.0863494873046875,0.24609375,0.19609375,0.0014738159588887,0.4088471,1.1874282015999689
heavy_tailed,303,2903,transformer_mdn4,central,0,0.2485053928812102,0.0034302368027818,0.91796875,0.790153983221496,0.0491790771484375,0.08203125,0.03203125,0.0014863663333623,0.75221467,-0.31541493995581726
heavy_tailed,303,2903,transformer_mdn4,central,1,0.238522478637379,0.001800037873979,0.89453125,0.6780906940900658,0.0487518310546875,0.07421875,0.0242187499999999,0.0014863663333623,0.72014934,-0.7956334100524054
heavy_tailed,303,2903,transformer_mdn4,central,2,0.2688889682836152,0.0059957983805777,0.8671875,0.6766142543537946,0.06103515625,0.1640625,0.1140625,0.0014863663333623,0.75401056,-0.6999801741400824
heavy_tailed,303,2903,transformer_mdn4,central,3,0.2563173486333824,0.0017527242559181,0.89453125,0.7222449038038583,0.0628662109375,0.171875,0.121875,0.0014863663333623,0.7414223,-0.6003505335608588
heavy_tailed,303,2903,transformer_mdn4,central,4,0.2459047483819745,0.0010305845600973,0.8697916666666666,0.6943890056433214,0.0497283935546875,0.08984375,0.03984375,0.0014863663333623,0.7254267,-0.6333771096030341
heavy_tailed,303,2903,transformer_mdn4,central,5,0.2431693608744626,0.0021296705801106,0.8385416666666666,0.6224414572393138,0.0484466552734375,0.06640625,0.0164062499999999,0.0014863663333623,0.5666661,-1.0390684650698767
heavy_tailed,303,2903,transformer_mdn4,central,6,0.3034143478402075,0.0005772924034997,0.8125,0.6012662289373923,0.0487518310546875,0.02734375,0.02265625,0.0014863663333623,0.67626286,-1.0920971976081
heavy_tailed,303,2903,transformer_mdn4,central,7,0.272577448523037,0.0034157647705278,0.859375,0.6853862004564047,0.048583984375,0.03125,0.01875,0.0014863663333623,0.6855303,-0.8545773969451056
heavy_tailed,303,2903,transformer_mdn4,central,8,0.2612119349488581,0.0051518193310885,0.875,0.7192700956680184,0.0484466552734375,0.06640625,0.0164062499999999,0.0014863663333623,0.72676927,-0.6011880384245978
heavy_tailed,303,2903,transformer_mdn4,central,9,0.2531910610745822,0.0030508093687101,0.8776041666666666,0.6639220266566274,0.0489501953125,0.078125,0.0281249999999999,0.0014863663333623,0.7301638,-0.6653857575217352
heavy_tailed,303,2903,transformer_mdn4,central,10,0.2698721860363059,0.0041590119649615,0.8307291666666666,0.6642656874382733,0.0484466552734375,0.03515625,0.01484375,0.0014863663333623,0.7452798,-0.8769748554984198
heavy_tailed,303,2903,transformer_mdn4,central,11,0.2848521993758751,0.0008870521438589,0.8671875,0.6873893692558269,0.048583984375,0.0703125,0.0203124999999999,0.0014863663333623,0.67457485,-0.7800264702597723
heavy_tailed,303,2903,transformer_mdn4,central,12,0.2522726042013579,0.0016932780795559,0.83984375,0.6284758688480138,0.04833984375,0.0625,0.0124999999999999,0.0014863663333623,0.7067671,-0.9747057901183234
heavy_tailed,303,2903,transformer_mdn4,central,13,0.2617393693000063,0.0015626128413979,0.890625,0.7063579346238388,0.0487518310546875,0.07421875,0.0242187499999999,0.0014863663333623,0.73042214,-0.6137278424063788
heavy_tailed,303,2903,transformer_mdn4,central,14,0.2672508611405954,0.0017531986700924,0.8255208333333334,0.6271004210335124,0.0484466552734375,0.03515625,0.01484375,0.0014863663333623,0.650145,-1.000874702767478
heavy_tailed,303,2903,transformer_mdn4,central,15,0.2661096395229442,0.0055909210689344,0.8580729166666666,0.682600820186535,0.048583984375,0.0703125,0.0203124999999999,0.0014863663333623,0.75361776,-0.7295132027426825
heavy_tailed,303,2903,transformer_mdn4,central,16,0.3079204711873468,0.004856450216228,0.8255208333333334,0.6581612723340494,0.05078125,0.1015625,0.0515625,0.0014863663333623,0.7207037,-0.7199244843283759
heavy_tailed,303,2903,transformer_mdn4,central,17,0.261174408947608,3.7608429514017434e-05,0.8958333333333334,0.7525430613237757,0.0482177734375,0.046875,0.003125,0.0014863663333623,0.6968806,-0.48317006690894226
heavy_tailed,303,2903,transformer_mdn4,central,18,0.2571042225202664,0.0023861972894944,0.8854166666666666,0.70836024020676,0.0482635498046875,0.05859375,0.0085937499999999,0.0014863663333623,0.72166073,-0.6491381274024115
heavy_tailed,303,2903,transformer_mdn4,central,19,0.2736122667572493,0.0025444816781663,0.8372395833333334,0.6606956661552184,0.0484466552734375,0.06640625,0.0164062499999999,0.0014863663333623,0.7343871,-0.958396230773078
heavy_tailed,303,2903,transformer_mdn4,central,20,0.2746433466992568,0.0052630130001817,0.8684895833333334,0.73247456039421,0.0497283935546875,0.08984375,0.03984375,0.0014863663333623,0.7457091,-0.470555757121192
heavy_tailed,303,2903,transformer_mdn4,central,21,0.2793172351799419,0.0050252945590493,0.8684895833333334,0.7336601602337282,0.04833984375,0.0390625,0.0109375,0.0014863663333623,0.7403427,-0.4505989895621405
heavy_tailed,303,2903,transformer_mdn4,central,22,0.3068483831849684,0.0035655153287706,0.8046875,0.6260747832004085,0.0482635498046875,0.05859375,0.0085937499999999,0.0014863663333623,0.74618226,-0.841137085990058
heavy_tailed,303,2903,transformer_mdn4,central,23,0.2719350259629192,0.0014539332670597,0.83984375,0.6788882389982739,0.0482177734375,0.046875,0.003125,0.0014863663333623,0.69816184,-0.6773876891890631
heavy_tailed,303,2903,transformer_mdn4,boundary,0,0.2527218877091141,0.0012514756749588,0.8971354166666666,0.7635550649423423,0.048583984375,0.03125,0.01875,0.0013807638752041,0.7109552,-0.5346669898787604
heavy_tailed,303,2903,transformer_mdn4,boundary,1,0.266315448928881,0.0005973695941432,0.9205729166666666,0.8650456538988182,0.0482177734375,0.0546875,0.0046874999999999,0.0013807638752041,0.69185066,-0.340396438674079
heavy_tailed,303,2903,transformer_mdn4,boundary,2,0.2610960400083794,0.000951945523306,0.88671875,0.7204354578911348,0.048583984375,0.0703125,0.0203124999999999,0.0013807638752041,0.6301122,-0.4251345740119086
heavy_tailed,303,2903,transformer_mdn4,boundary,3,0.2728981164982279,0.0001601917174062,0.9088541666666666,0.8075970220898511,0.0484466552734375,0.03515625,0.01484375,0.0013807638752041,0.68685484,-0.5136949764052496
heavy_tailed,303,2903,transformer_mdn4,boundary,4,0.2497281956602693,0.0005617919253518,0.9205729166666666,0.8329369197375445,0.0482025146484375,0.05078125,0.0007812499999999,0.0013807638752041,0.71051073,-0.31356457336341004
heavy_tailed,303,2903,transformer_mdn4,boundary,5,0.2595558232486666,0.0004291258081272,0.9296875,0.8325162959469701,0.0491790771484375,0.08203125,0.03203125,0.0013807638752041,0.6436653,-0.32579067809973816
heavy_tailed,303,2903,transformer_mdn4,boundary,6,0.2596016347661832,0.0009509973575519,0.9140625,0.8408286789831357,0.0491790771484375,0.08203125,0.03203125,0.0013807638752041,0.70691454,-0.2679355488577948
heavy_tailed,303,2903,transformer_mdn4,boundary,7,0.2762590085232601,0.001093253010976,0.890625,0.7853286974797368,0.0484466552734375,0.06640625,0.0164062499999999,0.0013807638752041,0.6991418,-0.5880528436461554
heavy_tailed,303,2903,transformer_mdn4,boundary,8,0.2568426257186361,0.0003163456950244,0.9166666666666666,0.8574033785790434,0.0497283935546875,0.08984375,0.03984375,0.0013807638752041,0.7168196,-0.20488217933570008
heavy_tailed,303,2903,transformer_mdn4,boundary,9,0.2382247377912004,0.0004284869187674,0.9348958333333334,0.8350822893808053,0.050048828125,0.09375,0.04375,0.0013807638752041,0.6809273,-0.4323208676138983
heavy_tailed,303,2903,transformer_mdn4,boundary,10,0.2519297654514542,0.0003075543216079,0.94140625,0.8294759399778235,0.05078125,0.1015625,0.0515625,0.0013807638752041,0.6436536,-0.4171479092398749
heavy_tailed,303,2903,transformer_mdn4,boundary,11,0.2878687540415692,0.0002183513550147,0.87890625,0.7729666641865935,0.0482177734375,0.0546875,0.0046874999999999,0.0013807638752041,0.65574265,-0.48458937271033387
heavy_tailed,303,2903,transformer_mdn4,boundary,12,0.2656119415057256,0.0014548301549475,0.9127604166666666,0.8473381029917803,0.0516357421875,0.109375,0.059375,0.0013807638752041,0.6963317,-0.3061695442954169
heavy_tailed,303,2903,transformer_mdn4,boundary,13,0.2350291695618696,0.0001470806608045,0.9505208333333334,0.8675105184140409,0.0487518310546875,0.07421875,0.0242187499999999,0.0013807638752041,0.66447765,-0.39069799049292664
heavy_tailed,303,2903,transformer_mdn4,boundary,14,0.2480434636176512,0.0005912300295432,0.9309895833333334,0.8903029624454334,0.0487518310546875,0.07421875,0.0242187499999999,0.0013807638752041,0.7019212,-0.23909488780890564
heavy_tailed,303,2903,transformer_mdn4,boundary,15,0.2672048318206985,0.0001054150706039,0.9036458333333334,0.8094706043596774,0.0482635498046875,0.04296875,0.00703125,0.0013807638752041,0.68672943,-0.4886253820220099
heavy_tailed,303,2903,transformer_mdn4,boundary,16,0.2635847041780313,0.0015942517280276,0.9140625,0.8757827205061289,0.04833984375,0.0390625,0.0109375,0.0013807638752041,0.67695343,-0.37689045532141785
heavy_tailed,303,2903,transformer_mdn4,boundary,17,0.2616089811332233,0.0002382021508854,0.9114583333333334,0.8667418679070366,0.0487518310546875,0.07421875,0.0242187499999999,0.0013807638752041,0.6848699,-0.43723562820349793
heavy_tailed,303,2903,transformer_mdn4,boundary,18,0.2615171983596653,6.969745939559079e-05,0.8984375,0.7936394424636454,0.050048828125,0.09375,0.04375,0.0013807638752041,0.69820416,-0.5098443971434699
heavy_tailed,303,2903,transformer_mdn4,boundary,19,0.2572134901593327,0.0003234060145873,0.8984375,0.7700693466605225,0.0491790771484375,0.01953125,0.03046875,0.0013807638752041,0.6772427,-0.4894379721442328
heavy_tailed,303,2903,transformer_mdn4,boundary,20,0.2612977406167124,0.0020409324691475,0.8932291666666666,0.8130290402570962,0.0491790771484375,0.01953125,0.03046875,0.0013807638752041,0.66608506,-0.4121115551749335
heavy_tailed,303,2903,transformer_mdn4,boundary,21,0.2602319837597544,0.000208170895831,0.89453125,0.8178999512380799,0.0487518310546875,0.07421875,0.0242187499999999,0.0013807638752041,0.71824217,-0.4142405138770209
heavy_tailed,303,2903,transformer_mdn4,boundary,22,0.2418197621627204,0.0002796007857219,0.9309895833333334,0.8695345355014904,0.0494384765625,0.0859375,0.0359375,0.0013807638752041,0.70901215,-0.4176702843466864
heavy_tailed,303,2903,transformer_mdn4,boundary,23,0.2867841682963088,0.0007887755118213,0.8984375,0.8249943517937549,0.0484466552734375,0.06640625,0.0164062499999999,0.0013807638752041,0.6534788,-0.361217652396308
heavy_tailed,303,2903,transformer_mdn4,extrapolated,0,0.5214695352697953,0.1218081970257951,0.8229166666666666,1.0933985918211218,0.138671875,0.3515625,0.3015625,0.0015301544990506,0.7495749,0.4394740714272394
heavy_tailed,303,2903,transformer_mdn4,extrapolated,1,0.5029487218637129,0.1210282046792971,0.8385416666666666,1.0565824402056825,0.120849609375,0.3203125,0.2703125,0.0015301544990506,0.7048342,0.3784309281548395
heavy_tailed,303,2903,transformer_mdn4,extrapolated,2,0.451645147674314,0.1001856766696301,0.9127604166666666,1.167965499339412,0.0819091796875,0.234375,0.184375,0.0015301544990506,0.7187111,0.35746344463433166
heavy_tailed,303,2903,transformer_mdn4,extrapolated,3,0.7460585902261931,0.3066027369325274,0.57421875,1.236646786729569,0.0503997802734375,0.00390625,0.04609375,0.0015301544990506,0.7406031,0.696015561982049
heavy_tailed,303,2903,transformer_mdn4,extrapolated,4,0.5600672110877665,0.1514585328152314,0.6666666666666666,1.0532068450494037,0.0894622802734375,0.25390625,0.20390625,0.0015301544990506,0.6971327,0.4467185391625299
heavy_tailed,303,2903,transformer_mdn4,extrapolated,5,0.4864526301959294,0.1227584297313713,0.7513020833333334,1.0734698039170787,0.0726165771484375,0.20703125,0.15703125,0.0015301544990506,0.7105802,0.5034134043892755
heavy_tailed,303,2903,transformer_mdn4,extrapolated,6,0.9886286047459144,0.5521114593634288,0.375,1.33136385203126,0.05078125,0.0,0.05,0.0015301544990506,0.74831325,0.92095371620263
heavy_tailed,303,2903,transformer_mdn4,extrapolated,7,0.418772913968752,0.0810910625464507,0.8971354166666666,1.096988842689559,0.1483154296875,0.3671875,0.3171875,0.0015301544990506,0.698972,0.3979422702034845
heavy_tailed,303,2903,transformer_mdn4,extrapolated,8,0.4649695696073293,0.1009759350578954,0.8984375,1.110596619091327,0.0511932373046875,0.10546875,0.05546875,0.0015301544990506,0.75631905,0.36862858669365783
heavy_tailed,303,2903,transformer_mdn4,extrapolated,9,0.8433079224633376,0.4214853833296985,0.484375,1.3047827330972257,0.0497283935546875,0.01171875,0.03828125,0.0015301544990506,0.7368448,0.9579727305611505
heavy_tailed,303,2903,transformer_mdn4,extrapolated,10,0.6815624044555891,0.2297525716941271,0.7005208333333334,1.1860145469071417,0.0543060302734375,0.12890625,0.07890625,0.0015301544990506,0.72217584,0.5885531558236017
heavy_tailed,303,2903,transformer_mdn4,extrapolated,11,0.5200773904096185,0.1235929110496858,0.8255208333333334,1.1333791686790569,0.0819091796875,0.234375,0.184375,0.0015301544990506,0.7384733,0.3402328147133722
heavy_tailed,303,2903,transformer_mdn4,extrapolated,12,0.4914161144568461,0.1275502738086656,0.81640625,1.140680913142495,0.0848388671875,0.2421875,0.1921875,0.0015301544990506,0.70037603,0.48451610939110656
heavy_tailed,303,2903,transformer_mdn4,extrapolated,13,0.4223537380448066,0.0714816121271159,0.8372395833333334,0.9588759290056036,0.1187591552734375,0.31640625,0.26640625,0.0015301544990506,0.721136,0.0487911357125177
heavy_tailed,303,2903,transformer_mdn4,extrapolated,14,0.5797038700552273,0.2166302909168627,0.70703125,1.1377117476161511,0.0482635498046875,0.04296875,0.00703125,0.0015301544990506,0.7597023,0.4373080386361017
heavy_tailed,303,2903,transformer_mdn4,extrapolated,15,0.6892948185894275,0.2877134256844055,0.6966145833333334,1.2243336865637735,0.0489501953125,0.078125,0.0281249999999999,0.0015301544990506,0.72519624,0.8042249335488214
heavy_tailed,303,2903,transformer_mdn4,extrapolated,16,0.4628991036490958,0.0983451536196534,0.87890625,1.1419058079325526,0.1690673828125,0.3984375,0.3484375,0.0015301544990506,0.6950664,0.49634071724022766
heavy_tailed,303,2903,transformer_mdn4,extrapolated,17,0.5766114994100497,0.1561743045876785,0.7916666666666666,1.1566510048335057,0.087890625,0.25,0.2,0.0015301544990506,0.74591106,0.41228147880638977
heavy_tailed,303,2903,transformer_mdn4,extrapolated,18,0.9022344805148204,0.4665763834362168,0.60546875,1.3542168842659947,0.0497283935546875,0.01171875,0.03828125,0.0015301544990506,0.74583036,0.920690740509881
heavy_tailed,303,2903,transformer_mdn4,extrapolated,19,0.4554990700040202,0.0955844512917638,0.8828125,1.2253209434341148,0.18017578125,0.4140625,0.3640625,0.0015301544990506,0.6980432,0.4964561118325128
heavy_tailed,303,2903,transformer_mdn4,extrapolated,20,0.476438973791454,0.1136376848921567,0.8151041666666666,1.033374400345449,0.11669921875,0.3125,0.2625,0.0015301544990506,0.74083185,0.2303850306710138
heavy_tailed,303,2903,transformer_mdn4,extrapolated,21,0.4497423244253509,0.0905695470562861,0.8828125,1.124987231844126,0.0702362060546875,0.19921875,0.14921875,0.0015301544990506,0.74609166,0.4523896826943292
heavy_tailed,303,2903,transformer_mdn4,extrapolated,22,0.482734234489504,0.1006695215343336,0.8893229166666666,1.0825142704354758,0.1295166015625,0.3359375,0.2859375,0.0015301544990506,0.70548284,0.2990568532189264
heavy_tailed,303,2903,transformer_mdn4,extrapolated,23,0.4151130982664269,0.0905718977346009,0.8932291666666666,1.1122109450526818,0.1610565185546875,0.38671875,0.33671875,0.0015301544990506,0.71027803,0.531934465332879
linear_gaussian,101,1701,transformer_mdn4,central,0,0.290796811166215,8.160064864589912e-05,0.8684895833333334,0.8015662597119984,0.0482177734375,0.0546875,0.0046874999999999,0.0015283419998013,0.50908756,-0.27509965489844745
linear_gaussian,101,1701,transformer_mdn4,central,1,0.2753685750871723,0.0004953829606721,0.8971354166666666,0.8456012956119253,0.0482635498046875,0.04296875,0.00703125,0.0015283419998013,0.55109584,-0.011008759245676458
linear_gaussian,101,1701,transformer_mdn4,central,2,0.2788465000550622,0.0020278992574296,0.8697916666666666,0.7550704658920052,0.0482177734375,0.0546875,0.0046874999999999,0.0015283419998013,0.48068812,-0.3364083964679665
linear_gaussian,101,1701,transformer_mdn4,central,3,0.2748414691377493,0.0013344600653577,0.8684895833333334,0.7282686454042242,0.0487518310546875,0.02734375,0.02265625,0.0015283419998013,0.51212394,-0.538013478026194
linear_gaussian,101,1701,transformer_mdn4,central,4,0.2756613138403083,0.0014506631249145,0.8802083333333334,0.7643814222447632,0.0482025146484375,0.05078125,0.0007812499999999,0.0015283419998013,0.50973827,-0.4143362243030495
linear_gaussian,101,1701,transformer_mdn4,central,5,0.2774579604599506,0.0014279783184562,0.8984375,0.8171703721401116,0.0482177734375,0.0546875,0.0046874999999999,0.0015283419998013,0.6319288,-0.17061616967658466
linear_gaussian,101,1701,transformer_mdn4,central,6,0.2740165486593944,0.0004396967362123,0.859375,0.7274852410564899,0.048583984375,0.03125,0.01875,0.0015283419998013,0.52260625,-0.5707367856357521
linear_gaussian,101,1701,transformer_mdn4,central,7,0.2834608571507108,0.001862870326099,0.8919270833333334,0.8448578315622237,0.0482177734375,0.046875,0.003125,0.0015283419998013,0.6255781,-0.09852053712348408
linear_gaussian,101,1701,transformer_mdn4,central,8,0.2866344069361625,0.0001622725817284,0.8528645833333334,0.7548229353221081,0.0487518310546875,0.02734375,0.02265625,0.0015283419998013,0.5189841,-0.30541481564979023
linear_gaussian,101,1701,transformer_mdn4,central,9,0.2808931276112579,0.0010166061972858,0.90625,0.8649796898601775,0.05078125,0.1015625,0.0515625,0.0015283419998013,0.5166584,0.004647712006764948
linear_gaussian,101,1701,transformer_mdn4,central,10,0.2827393955039931,0.0008500145051944,0.83984375,0.7194913272279782,0.0482635498046875,0.04296875,0.00703125,0.0015283419998013,0.5152883,-0.5995449025485939
linear_gaussian,101,1701,transformer_mdn4,central,11,0.2923052924306008,0.0005855402599852,0.88671875,0.8432904297621869,0.0489501953125,0.078125,0.0281249999999999,0.0015283419998013,0.52142656,-0.13040031980018085
linear_gaussian,101,1701,transformer_mdn4,central,12,0.2734440924089606,0.0016705966608414,0.8971354166666666,0.7976654269985785,0.0482635498046875,0.04296875,0.00703125,0.0015283419998013,0.53072196,-0.2599957187030739
linear_gaussian,101,1701,transformer_mdn4,central,13,0.2813520225137387,0.0029897786948005,0.8776041666666666,0.8164303004768395,0.0491790771484375,0.08203125,0.03203125,0.0015283419998013,0.46109015,-0.09477593492011493
linear_gaussian,101,1701,transformer_mdn4,central,14,0.2798389325412334,0.0015666758189399,0.8815104166666666,0.7837061353992049,0.048583984375,0.03125,0.01875,0.0015283419998013,0.48660716,-0.21299221108893818
linear_gaussian,101,1701,transformer_mdn4,central,15,0.2908321426725283,0.0016517994005911,0.8606770833333334,0.7872290838395303,0.0482635498046875,0.04296875,0.00703125,0.0015283419998013,0.43973133,-0.3021257121417946
linear_gaussian,101,1701,transformer_mdn4,central,16,0.2758334690717796,0.0008652956779629,0.91015625,0.8322309610583781,0.0482177734375,0.046875,0.003125,0.0015283419998013,0.60709643,-0.09743763993720478
linear_gaussian,101,1701,transformer_mdn4,central,17,0.2868605536878984,0.0010016982264296,0.8697916666666666,0.799805140277149,0.048583984375,0.03125,0.01875,0.0015283419998013,0.5835831,-0.14919545243720478
linear_gaussian,101,1701,transformer_mdn4,central,18,0.2719649166691978,0.0001645410385798,0.9114583333333334,0.8184584037088087,0.0497283935546875,0.08984375,0.03984375,0.0015283419998013,0.5063878,-0.16011180470923847
linear_gaussian,101,1701,transformer_mdn4,central,19,0.2946883114426533,0.0005869713491309,0.8619791666666666,0.7811784400186056,0.0482025146484375,0.05078125,0.0007812499999999,0.0015283419998013,0.46262443,-0.3347332675311989
linear_gaussian,101,1701,transformer_mdn4,central,20,0.2774442662434683,0.0011945667939763,0.8802083333333334,0.7600641230493915,0.0484466552734375,0.06640625,0.0164062499999999,0.0015283419998013,0.44528314,-0.30065300057868427
linear_gaussian,101,1701,transformer_mdn4,central,21,0.2745750713052827,0.0012156363087504,0.9036458333333334,0.8501808355851098,0.048583984375,0.0703125,0.0203124999999999,0.0015283419998013,0.46549216,-0.06405295918921894
linear_gaussian,101,1701,transformer_mdn4,central,22,0.283802450297185,0.0014583041457063,0.90625,0.8461659281416153,0.0482177734375,0.046875,0.003125,0.0015283419998013,0.60535437,-0.013493557677072943
linear_gaussian,101,1701,transformer_mdn4,central,23,0.2798628463989892,0.0015060071168253,0.8684895833333334,0.7781910366992407,0.0489501953125,0.078125,0.0281249999999999,0.0015283419998013,0.39112216,-0.23450603078345722
linear_gaussian,101,1701,transformer_mdn4,boundary,0,0.2807827475393171,0.0002816256080796,0.89453125,0.8296120200360179,0.0482177734375,0.046875,0.003125,0.0015984288329491,0.68947256,-0.23220624516944355
linear_gaussian,101,1701,transformer_mdn4,boundary,1,0.3140555671954714,0.0106702702475376,0.8307291666666666,0.7776029589835342,0.0484466552734375,0.03515625,0.01484375,0.0015984288329491,0.53727806,-0.345656414732737
linear_gaussian,101,1701,transformer_mdn4,boundary,2,0.2719191391412719,0.0004949211776805,0.91796875,0.8678767382293425,0.0487518310546875,0.02734375,0.02265625,0.0015984288329491,0.67911243,-0.07957841943244404
linear_gaussian,101,1701,transformer_mdn4,boundary,3,0.2810499569118482,0.0012222672044107,0.9049479166666666,0.8473464725592711,0.0489501953125,0.078125,0.0281249999999999,0.0015984288329491,0.6775601,-0.17904748509864277
linear_gaussian,101,1701,transformer_mdn4,boundary,4,0.2908930860806303,0.0023704496051037,0.8736979166666666,0.7967565463804114,0.0482177734375,0.0546875,0.0046874999999999,0.0015984288329491,0.55049735,-0.39608826230506367
linear_gaussian,101,1701,transformer_mdn4,boundary,5,0.2970999555951266,0.011195818426252,0.8723958333333334,0.8293613650891709,0.0484466552734375,0.03515625,0.01484375,0.0015984288329491,0.5554508,-0.30102672170142597
linear_gaussian,101,1701,transformer_mdn4,boundary,6,0.2964444284525657,0.0031989901658283,0.8619791666666666,0.7804019407959913,0.0487518310546875,0.02734375,0.02265625,0.0015984288329491,0.623867,-0.3260086972568459
linear_gaussian,101,1701,transformer_mdn4,boundary,7,0.2926406635766282,0.0024900587383809,0.87109375,0.7896132992547669,0.048583984375,0.03125,0.01875,0.0015984288329491,0.60642827,-0.28235604356269306
linear_gaussian,101,1701,transformer_mdn4,boundary,8,0.2854404628349788,0.000956520819921,0.90625,0.885887001094629,0.04833984375,0.0390625,0.0109375,0.0015984288329491,0.6941979,-0.06308819840888447
linear_gaussian,101,1701,transformer_mdn4,boundary,9,0.2836696964307546,0.002378271941418,0.8697916666666666,0.7927712030453365,0.0482635498046875,0.04296875,0.00703125,0.0015984288329491,0.64003104,-0.31579997132758564
linear_gaussian,101,1701,transformer_mdn4,boundary,10,0.2761562670427677,9.638283889572806e-05,0.8815104166666666,0.8218792636785092,0.0484466552734375,0.06640625,0.0164062499999999,0.0015984288329491,0.6585966,-0.1771998603198952
linear_gaussian,101,1701,transformer_mdn4,boundary,11,0.2810204476692735,0.0036662623243199,0.8645833333333334,0.7449467376319387,0.04833984375,0.0390625,0.0109375,0.0015984288329491,0.5949676,-0.43785860131720966
linear_gaussian,101,1701,transformer_mdn4,boundary,12,0.2908633208719564,0.0083091010194298,0.8802083333333334,0.8531846306468789,0.048583984375,0.03125,0.01875,0.0015984288329491,0.52430177,-0.30674709866980976
linear_gaussian,101,1701,transformer_mdn4,boundary,13,0.2938950960303135,0.0016033173400803,0.8841145833333334,0.8335723096586981,0.0482635498046875,0.04296875,0.00703125,0.0015984288329491,0.58550835,-0.22711469720344013
linear_gaussian,101,1701,transformer_mdn4,boundary,14,0.2848969606874851,0.0026419085407569,0.8723958333333334,0.7904765521401189,0.0482177734375,0.046875,0.003125,0.0015984288329491,0.6199966,-0.45643653462867206
linear_gaussian,101,1701,transformer_mdn4,boundary,15,0.2955328324171757,0.0015604469641164,0.86328125,0.8121014410814569,0.0484466552734375,0.06640625,0.0164062499999999,0.0015984288329491,0.6386644,-0.33101322244147724
linear_gaussian,101,1701,transformer_mdn4,boundary,16,0.2850940591609835,0.003788748125499,0.8815104166666666,0.7992730376360974,0.0487518310546875,0.02734375,0.02265625,0.0015984288329491,0.6223946,-0.3983069856021828
linear_gaussian,101,1701,transformer_mdn4,boundary,17,0.2935741897216494,0.0038164933564285,0.89453125,0.848854218682563,0.0482177734375,0.046875,0.003125,0.0015984288329491,0.69210696,-0.1364366013858742
linear_gaussian,101,1701,transformer_mdn4,boundary,18,0.2810794850346969,0.0016732031112983,0.9075520833333334,0.8601458737722235,0.048583984375,0.0703125,0.0203124999999999,0.0015984288329491,0.69647527,-0.12880756448249286
linear_gaussian,101,1701,transformer_mdn4,boundary,19,0.2917646335055899,0.0003194870417403,0.8984375,0.8709695964714365,0.0482635498046875,0.05859375,0.0085937499999999,0.0015984288329491,0.6757787,-0.08172692845801777
linear_gaussian,101,1701,transformer_mdn4,boundary,20,0.2945655017268128,0.0003721955524038,0.90625,0.871050827258962,0.0484466552734375,0.06640625,0.0164062499999999,0.0015984288329491,0.6906635,-0.08414747308234638
linear_gaussian,101,1701,transformer_mdn4,boundary,21,0.298471309232405,0.003154332088967,0.8255208333333334,0.7564237015921195,0.0491790771484375,0.01953125,0.03046875,0.0015984288329491,0.53160924,-0.4448167283389992
linear_gaussian,101,1701,transformer_mdn4,boundary,22,0.2740620813427018,0.002138147043074,0.8997395833333334,0.8184587251913326,0.0487518310546875,0.07421875,0.0242187499999999,0.0015984288329491,0.6126358,-0.31160261224250263
linear_gaussian,101,1701,transformer_mdn4,boundary,23,0.2946413139859892,0.0009662737157203,0.89453125,0.8619146569837287,0.0484466552734375,0.06640625,0.0164062499999999,0.0015984288329491,0.7086768,-0.10703327249030536
linear_gaussian,101,1701,transformer_mdn4,extrapolated,0,1.2466149922227912,0.7577177244453557,0.2018229166666666,1.1284348676614837,0.0503997802734375,0.00390625,0.04609375,0.0016333419989678,0.6922522,0.6189248364116722
linear_gaussian,101,1701,transformer_mdn4,extrapolated,1,0.7374996433782768,0.3221897496156076,0.6158854166666666,1.109780303625116,0.0503997802734375,0.00390625,0.04609375,0.0016333419989678,0.7030898,0.722400168671804
linear_gaussian,101,1701,transformer_mdn4,extrapolated,2,1.2660717965624368,0.8618161170680455,0.234375,1.150027975992194,0.05078125,0.0,0.05,0.0016333419989678,0.71482605,0.7901065151836448
linear_gaussian,101,1701,transformer_mdn4,extrapolated,3,1.0404014418408232,0.6365973212966911,0.4231770833333333,1.1698905996276665,0.0503997802734375,0.00390625,0.04609375,0.0016333419989678,0.719414,0.86195943762322
linear_gaussian,101,1701,transformer_mdn4,extrapolated,4,0.7701609581235521,0.3647126810152126,0.61328125,1.1341187393300385,0.050048828125,0.0078125,0.0421875,0.0016333419989678,0.7124348,0.7921356957103782
linear_gaussian,101,1701,transformer_mdn4,extrapolated,5,1.1480149508468165,0.7165584818961045,0.36328125,1.183310029073195,0.05078125,0.0,0.05,0.0016333419989678,0.71829367,0.8638803761150413
linear_gaussian,101,1701,transformer_mdn4,extrapolated,6,0.8720282747466597,0.44745974807231,0.5598958333333334,1.206558768409775,0.0503997802734375,0.00390625,0.04609375,0.0016333419989678,0.70934546,0.7072484295513206
linear_gaussian,101,1701,transformer_mdn4,extrapolated,7,0.5518986888193769,0.1692985231158643,0.6783854166666666,1.0112396110112771,0.0494384765625,0.015625,0.034375,0.0016333419989678,0.6764188,0.307602862611013
linear_gaussian,101,1701,transformer_mdn4,extrapolated,8,1.0913540577824856,0.6338887657002997,0.4231770833333333,1.0907889891986733,0.05078125,0.0,0.05,0.0016333419989678,0.722806,0.5902313988353782
linear_gaussian,101,1701,transformer_mdn4,extrapolated,9,0.7126696050172017,0.2650138541458284,0.55859375,1.0631266184590713,0.0503997802734375,0.00390625,0.04609375,0.0016333419989678,0.70808756,0.5551118652965599
linear_gaussian,101,1701,transformer_mdn4,extrapolated,10,0.5208030539768067,0.1626391751408707,0.76171875,1.05139676146985,0.048583984375,0.03125,0.01875,0.0016333419989678,0.6928235,0.5712661545421653
linear_gaussian,101,1701,transformer_mdn4,extrapolated,11,0.9648180610679248,0.4910665284294204,0.35546875,1.1234772924450542,0.0503997802734375,0.00390625,0.04609375,0.0016333419989678,0.6953387,0.64457080770989
linear_gaussian,101,1701,transformer_mdn4,extrapolated,12,0.9892817751250932,0.5102735216117603,0.4244791666666667,1.1446246010040564,0.0503997802734375,0.00390625,0.04609375,0.0016333419989678,0.70031893,0.5365774433757835
linear_gaussian,101,1701,transformer_mdn4,extrapolated,13,0.8084710846800249,0.3776000488197676,0.6315104166666666,1.1362115755203308,0.05078125,0.0,0.05,0.0016333419989678,0.7170094,0.7253749172832542
linear_gaussian,101,1701,transformer_mdn4,extrapolated,14,0.5170379411588227,0.1497793902188902,0.7838541666666666,1.0515130284771117,0.048583984375,0.03125,0.01875,0.0016333419989678,0.7042613,0.5039195816661888
linear_gaussian,101,1701,transformer_mdn4,extrapolated,15,0.7655261436894574,0.3110168420903121,0.5247395833333334,1.0543130217322012,0.0497283935546875,0.01171875,0.03828125,0.0016333419989678,0.6809308,0.3358001511241966
linear_gaussian,101,1701,transformer_mdn4,extrapolated,16,0.5750301409758916,0.1761265067197553,0.7109375,1.0360702907027397,0.0497283935546875,0.01171875,0.03828125,0.0016333419989678,0.68007845,0.36806724478264385
linear_gaussian,101,1701,transformer_mdn4,extrapolated,17,0.7075025329631235,0.3137586466125294,0.6809895833333334,1.1569511893050597,0.0503997802734375,0.00390625,0.04609375,0.0016333419989678,0.7137295,0.7689633171703392
linear_gaussian,101,1701,transformer_mdn4,extrapolated,18,0.5551639323140476,0.179409415327731,0.7369791666666666,1.0594378899923456,0.0503997802734375,0.00390625,0.04609375,0.0016333419989678,0.69529676,0.5341987412120872
linear_gaussian,101,1701,transformer_mdn4,extrapolated,19,0.5646958582418007,0.1642278200267851,0.7903645833333334,1.1424323968050096,0.0489501953125,0.0234375,0.0265625,0.0016333419989678,0.7071427,0.6584460537578636
linear_gaussian,101,1701,transformer_mdn4,extrapolated,20,0.8075044172285817,0.3611283417560833,0.4973958333333333,1.10993352980364,0.0497283935546875,0.01171875,0.03828125,0.0016333419989678,0.68522745,0.5552973549511009
linear_gaussian,101,1701,transformer_mdn4,extrapolated,21,0.6878829711777852,0.236243182910016,0.5963541666666666,1.0312830736805958,0.0503997802734375,0.00390625,0.04609375,0.0016333419989678,0.6751951,0.4034461777355247
linear_gaussian,101,1701,transformer_mdn4,extrapolated,22,0.6435177980993938,0.2411722614325135,0.72265625,1.089077908653619,0.0491790771484375,0.01953125,0.03046875,0.0016333419989678,0.6901065,0.5598153870250755
linear_gaussian,101,1701,transformer_mdn4,extrapolated,23,0.720815122059661,0.3057010214617113,0.65625,1.1560833326213982,0.050048828125,0.0078125,0.0421875,0.0016333419989678,0.698275,0.6722364227916771
linear_gaussian,101,2903,transformer_mdn4,central,0,0.2950828371605672,0.0007656484987271,0.8489583333333334,0.8006746274453663,0.0482025146484375,0.05078125,0.0007812499999999,0.0015857482915938,0.7992703,-0.26823367665748066
linear_gaussian,101,2903,transformer_mdn4,central,1,0.2767019885068238,0.0003708596446258,0.8893229166666666,0.8162866882938623,0.0489501953125,0.0234375,0.0265625,0.0015857482915938,0.8280861,-0.18979193757514423
linear_gaussian,101,2903,transformer_mdn4,central,2,0.2743044707212909,0.0010367147593398,0.8984375,0.8025819676787919,0.04833984375,0.0390625,0.0109375,0.0015857482915938,0.81740785,-0.35970427583198017
linear_gaussian,101,2903,transformer_mdn4,central,3,0.27877054749195,0.0028942365024171,0.8736979166666666,0.7642785608678113,0.0487518310546875,0.02734375,0.02265625,0.0015857482915938,0.73212475,-0.48111047337989277
linear_gaussian,101,2903,transformer_mdn4,central,4,0.2767586764397237,0.0023518290218026,0.8619791666666666,0.7673450410186478,0.048583984375,0.03125,0.01875,0.0015857482915938,0.7439796,-0.4385274846408791
linear_gaussian,101,2903,transformer_mdn4,central,5,0.2806541908027183,0.0013949694988121,0.8567708333333334,0.7219171177733266,0.0489501953125,0.0234375,0.0265625,0.0015857482915938,0.6862202,-0.5141647059772438
linear_gaussian,101,2903,transformer_mdn4,central,6,0.2807767648279141,0.0034509002493551,0.8854166666666666,0.7752436035835556,0.048583984375,0.03125,0.01875,0.0015857482915938,0.7387228,-0.31899215768317646
linear_gaussian,101,2903,transformer_mdn4,central,7,0.2859614925596426,0.0029970919737146,0.8541666666666666,0.7809942186524047,0.04833984375,0.0390625,0.0109375,0.0015857482915938,0.79549193,-0.34147538732032245
linear_gaussian,101,2903,transformer_mdn4,central,8,0.2904443066023274,0.0013405853711215,0.83203125,0.7388056352201259,0.0503997802734375,0.00390625,0.04609375,0.0015857482915938,0.7353387,-0.425876517996592
linear_gaussian,101,2903,transformer_mdn4,central,9,0.2857297853862915,0.0015854187342948,0.8268229166666666,0.7213021357730542,0.0487518310546875,0.02734375,0.02265625,0.0015857482915938,0.7664896,-0.37706615518073505
linear_gaussian,101,2903,transformer_mdn4,central,10,0.2815281121172621,0.0010713899169699,0.8971354166666666,0.822298014455364,0.0487518310546875,0.02734375,0.02265625,0.0015857482915938,0.6652346,-0.31378938745002216
linear_gaussian,101,2903,transformer_mdn4,central,11,0.2960895886263704,0.0012876487851813,0.8736979166666666,0.8329668702685297,0.0484466552734375,0.03515625,0.01484375,0.0015857482915938,0.7264013,-0.10451032708625263
linear_gaussian,101,2903,transformer_mdn4,central,12,0.2731680916514961,0.0022117360182418,0.890625,0.7854564093875518,0.0497283935546875,0.01171875,0.03828125,0.0015857482915938,0.78047746,-0.3660865027759499
linear_gaussian,101,2903,transformer_mdn4,central,13,0.2785029357432906,0.0016495603354869,0.8776041666666666,0.8034983041055285,0.0482177734375,0.046875,0.003125,0.0015857482915938,0.7754234,-0.20215942452887958
linear_gaussian,101,2903,transformer_mdn4,central,14,0.2756493845082399,0.0015357759398017,0.8802083333333334,0.7793649599217799,0.04833984375,0.0390625,0.0109375,0.0015857482915938,0.7192856,-0.288247009024424
linear_gaussian,101,2903,transformer_mdn4,central,15,0.2893260299250661,0.0014980446406189,0.87890625,0.8125252237658637,0.0482635498046875,0.04296875,0.00703125,0.0015857482915938,0.7674758,-0.3216155965183205
linear_gaussian,101,2903,transformer_mdn4,central,16,0.2919864606757939,0.0065864526894305,0.8723958333333334,0.7964323745598191,0.0484466552734375,0.03515625,0.01484375,0.0015857482915938,0.8280739,-0.2998218734119362
linear_gaussian,101,2903,transformer_mdn4,central,17,0.2895405602542689,0.0021330831525205,0.86328125,0.7972699273931262,0.0494384765625,0.015625,0.034375,0.0015857482915938,0.8330958,-0.275954266295237
linear_gaussian,101,2903,transformer_mdn4,central,18,0.2718880753224127,0.0003775237367554,0.9192708333333334,0.8278769043518087,0.0482635498046875,0.04296875,0.00703125,0.0015857482915938,0.7667964,-0.08439054082374042
linear_gaussian,101,2903,transformer_mdn4,central,19,0.2939600195203184,0.000427920867421,0.8567708333333334,0.7870389124862504,0.0482635498046875,0.05859375,0.0085937499999999,0.0015857482915938,0.65506953,-0.2733077008579201
linear_gaussian,101,2903,transformer_mdn4,central,20,0.2761307212014009,0.0012229908681753,0.88671875,0.7676710028584246,0.0482177734375,0.046875,0.003125,0.0015857482915938,0.7579484,-0.33550407479743427
linear_gaussian,101,2903,transformer_mdn4,central,21,0.273141219999766,0.00052176512305,0.8841145833333334,0.7969340567910139,0.0497283935546875,0.01171875,0.03828125,0.0015857482915938,0.7822339,-0.24321295808295673
linear_gaussian,101,2903,transformer_mdn4,central,22,0.2926388666982003,0.0036719314521604,0.8671875,0.7854324693421066,0.0497283935546875,0.01171875,0.03828125,0.0015857482915938,0.8783433,-0.3475201327655739
linear_gaussian,101,2903,transformer_mdn4,central,23,0.282908196794345,0.003536119622786,0.8828125,0.8006605858636623,0.0484466552734375,0.06640625,0.0164062499999999,0.0015857482915938,0.67870057,-0.22011353562812275
linear_gaussian,101,2903,transformer_mdn4,boundary,0,0.283347152462104,0.0014534077882199,0.9075520833333334,0.8717828205538202,0.04833984375,0.0390625,0.0109375,0.0016828419999607,0.52431303,-0.25564910958747333
linear_gaussian,101,2903,transformer_mdn4,boundary,1,0.3010905454647577,0.0038983925370727,0.87890625,0.8612330568084087,0.0482177734375,0.0546875,0.0046874999999999,0.0016828419999607,0.542642,-0.33249380181769794
linear_gaussian,101,2903,transformer_mdn4,boundary,2,0.279213680326596,0.0024258807407708,0.9153645833333334,0.9194853711270934,0.048583984375,0.03125,0.01875,0.0016828419999607,0.49690408,-0.15248002599219745
linear_gaussian,101,2903,transformer_mdn4,boundary,3,0.2801733773546541,0.0014387098973937,0.9075520833333334,0.8606839060098611,0.0482177734375,0.0546875,0.0046874999999999,0.0016828419999607,0.5931895,-0.20677759240607685
linear_gaussian,101,2903,transformer_mdn4,boundary,4,0.2919411369789935,0.0017185261134402,0.8658854166666666,0.7970098240923352,0.0482177734375,0.0546875,0.0046874999999999,0.0016828419999607,0.58346885,-0.4041065175388283
linear_gaussian,101,2903,transformer_mdn4,boundary,5,0.2799357369416682,0.0013716538544275,0.8658854166666666,0.7660448743290266,0.0482177734375,0.046875,0.003125,0.0016828419999607,0.5576284,-0.45964886735419697
linear_gaussian,101,2903,transformer_mdn4,boundary,6,0.2916154810313969,0.0013656547606555,0.8645833333333334,0.8361860393557964,0.0482635498046875,0.04296875,0.00703125,0.0016828419999607,0.5864226,-0.38501479218940204
linear_gaussian,101,2903,transformer_mdn4,boundary,7,0.2928701359090587,0.0021911894589879,0.8854166666666666,0.8533719048218172,0.048583984375,0.0703125,0.0203124999999999,0.0016828419999607,0.58627355,-0.22980286668281025
linear_gaussian,101,2903,transformer_mdn4,boundary,8,0.2919161563602616,0.0027568840724981,0.8893229166666666,0.8679390586190466,0.0482635498046875,0.04296875,0.00703125,0.0016828419999607,0.5090275,-0.1739248235080666
linear_gaussian,101,2903,transformer_mdn4,boundary,9,0.288669424584091,0.004291444115283,0.8736979166666666,0.8155177346135053,0.0482177734375,0.046875,0.003125,0.0016828419999607,0.57766664,-0.32271363328437275
linear_gaussian,101,2903,transformer_mdn4,boundary,10,0.2816724672000933,0.0024516387764367,0.90234375,0.8946153160246678,0.04833984375,0.0390625,0.0109375,0.0016828419999607,0.4995283,-0.18134381364325947
linear_gaussian,101,2903,transformer_mdn4,boundary,11,0.2791240343526067,0.0013912248421183,0.8841145833333334,0.7988437557873652,0.050048828125,0.09375,0.04375,0.0016828419999607,0.5277003,-0.36039115975837177
linear_gaussian,101,2903,transformer_mdn4,boundary,12,0.2820471284124868,0.0037753546723548,0.8502604166666666,0.7659277196521708,0.0482177734375,0.046875,0.003125,0.0016828419999607,0.5474383,-0.49183168004493183
linear_gaussian,101,2903,transformer_mdn4,boundary,13,0.2938021497066779,0.0016926470803811,0.86328125,0.7885711916042082,0.0482177734375,0.046875,0.003125,0.0016828419999607,0.6022481,-0.2674856383655495
linear_gaussian,101,2903,transformer_mdn4,boundary,14,0.2814830995819046,0.0017721753294689,0.9231770833333334,0.9101393175884456,0.0482635498046875,0.05859375,0.0085937499999999,0.0016828419999607,0.60821575,-0.1359367568347878
linear_gaussian,101,2903,transformer_mdn4,boundary,15,0.2956278042040987,0.0038101242063469,0.8619791666666666,0.8329321712004188,0.0482635498046875,0.04296875,0.00703125,0.0016828419999607,0.57957554,-0.4423346717212624
linear_gaussian,101,2903,transformer_mdn4,boundary,16,0.2844989195862762,0.0037073247620442,0.875,0.8231683557368799,0.0482177734375,0.046875,0.003125,0.0016828419999607,0.5343832,-0.46381284783820576
linear_gaussian,101,2903,transformer_mdn4,boundary,17,0.2946089132741634,0.0053735507825653,0.8671875,0.775137031159976,0.0491790771484375,0.01953125,0.03046875,0.0016828419999607,0.54819286,-0.34828950952033466
linear_gaussian,101,2903,transformer_mdn4,boundary,18,0.2910003324990335,0.0063166417424667,0.8919270833333334,0.8543241594520241,0.0482025146484375,0.05078125,0.0007812499999999,0.0016828419999607,0.5402403,-0.30438973496894306
linear_gaussian,101,2903,transformer_mdn4,boundary,19,0.2995839425862338,0.0032159116392222,0.875,0.8843981482216897,0.0491790771484375,0.01953125,0.03046875,0.0016828419999607,0.4986114,-0.17900206635932392
linear_gaussian,101,2903,transformer_mdn4,boundary,20,0.298837373811262,0.0026638958320732,0.8450520833333334,0.7894504835430532,0.04833984375,0.0390625,0.0109375,0.0016828419999607,0.5461587,-0.30504586289863056
linear_gaussian,101,2903,transformer_mdn4,boundary,21,0.2965657191625054,0.0020469472789552,0.8502604166666666,0.8156605156522838,0.0482177734375,0.046875,0.003125,0.0016828419999607,0.57979363,-0.45910181592444843
linear_gaussian,101,2903,transformer_mdn4,boundary,22,0.2779729603603125,0.00419217913063,0.8893229166666666,0.8503501348057325,0.0521087646484375,0.11328125,0.06328125,0.0016828419999607,0.5131377,-0.36519600938300556
linear_gaussian,101,2903,transformer_mdn4,boundary,23,0.2936952124090184,0.000812285235983,0.8932291666666666,0.8631776662745136,0.0484466552734375,0.06640625,0.0164062499999999,0.0016828419999607,0.5435651,-0.16144182275275654
linear_gaussian,101,2903,transformer_mdn4,extrapolated,0,1.388433648056673,0.9182660797229212,0.2682291666666667,1.1512147908107135,0.05078125,0.0,0.05,0.0016920920412909,0.5479742,0.6173569958355003
linear_gaussian,101,2903,transformer_mdn4,extrapolated,1,0.9323640960349198,0.496853613679567,0.4192708333333333,1.1228156970248122,0.05078125,0.0,0.05,0.0016920920412909,0.53511184,0.5873460571910911
linear_gaussian,101,2903,transformer_mdn4,extrapolated,2,1.441141247263373,1.0610641155386111,0.2708333333333333,1.1630397268222048,0.05078125,0.0,0.05,0.0016920920412909,0.543171,0.804065207734304
linear_gaussian,101,2903,transformer_mdn4,extrapolated,3,1.198364662242617,0.8215974465183461,0.42578125,1.2692255542620858,0.05078125,0.0,0.05,0.0016920920412909,0.53393257,0.9100796978618675
linear_gaussian,101,2903,transformer_mdn4,extrapolated,4,0.8320300067989401,0.4040559308233518,0.5104166666666666,1.099010843319311,0.05078125,0.0,0.05,0.0016920920412909,0.5282113,0.5316772263195091
linear_gaussian,101,2903,transformer_mdn4,extrapolated,5,1.3676853488951677,0.9710746652866764,0.35546875,1.2025178439707542,0.05078125,0.0,0.05,0.0016920920412909,0.5383091,0.8018007080699974
linear_gaussian,101,2903,transformer_mdn4,extrapolated,6,0.9848643160265588,0.5481219331196691,0.4739583333333333,1.1768252398160268,0.05078125,0.0,0.05,0.0016920920412909,0.53249073,0.6833519737865501
linear_gaussian,101,2903,transformer_mdn4,extrapolated,7,0.6510003812817036,0.2426164285700887,0.5924479166666666,1.0618156097835838,0.05078125,0.0,0.05,0.0016920920412909,0.5367814,0.3983282845165306
linear_gaussian,101,2903,transformer_mdn4,extrapolated,8,1.3368999672834665,0.9078252351655616,0.3645833333333333,1.1918996699929822,0.05078125,0.0,0.05,0.0016920920412909,0.5237865,0.6540937225963646
linear_gaussian,101,2903,transformer_mdn4,extrapolated,9,0.8491577789366817,0.353772537464432,0.4544270833333333,1.0356570495200603,0.05078125,0.0,0.05,0.0016920920412909,0.52183443,0.4567732613231712
linear_gaussian,101,2903,transformer_mdn4,extrapolated,10,0.6084005434600824,0.222247750475416,0.6315104166666666,1.0032921179255827,0.05078125,0.0,0.05,0.0016920920412909,0.5201976,0.29200361181755596
linear_gaussian,101,2903,transformer_mdn4,extrapolated,11,1.121735631241522,0.6489046194021498,0.3255208333333333,1.1800941973426768,0.05078125,0.0,0.05,0.0016920920412909,0.5448108,0.6760473053600364
linear_gaussian,101,2903,transformer_mdn4,extrapolated,12,1.1016217139139424,0.6168890102656167,0.3528645833333333,1.0836481612225457,0.05078125,0.0,0.05,0.0016920920412909,0.5346216,0.5353762905742698
linear_gaussian,101,2903,transformer_mdn4,extrapolated,13,0.937777374443669,0.4891838036878118,0.50390625,1.1542190709706734,0.05078125,0.0,0.05,0.0016920920412909,0.5282623,0.6713757317211204
linear_gaussian,101,2903,transformer_mdn4,extrapolated,14,0.6318936723459044,0.2470464525725076,0.5638020833333334,1.0395094992960818,0.05078125,0.0,0.05,0.0016920920412909,0.5248027,0.3264193337108665
linear_gaussian,101,2903,transformer_mdn4,extrapolated,15,0.8076265588142262,0.3535676924299536,0.4778645833333333,1.11755344400924,0.05078125,0.0,0.05,0.0016920920412909,0.543527,0.5929341118480735
linear_gaussian,101,2903,transformer_mdn4,extrapolated,16,0.6502496519268922,0.2335207151755406,0.5963541666666666,1.0827582560518882,0.05078125,0.0,0.05,0.0016920920412909,0.533835,0.27113912512322
linear_gaussian,101,2903,transformer_mdn4,extrapolated,17,0.7723745141746936,0.3474530235168604,0.5442708333333334,1.0525169975019153,0.05078125,0.0,0.05,0.0016920920412909,0.5226932,0.34068940092583233
linear_gaussian,101,2903,transformer_mdn4,extrapolated,18,0.6339740591603299,0.2337208018533683,0.58203125,1.0255235835532357,0.05078125,0.0,0.05,0.0016920920412909,0.5248486,0.4397291939403587
linear_gaussian,101,2903,transformer_mdn4,extrapolated,19,0.6740446578170864,0.2350813940584788,0.5481770833333334,1.015836096205909,0.05078125,0.0,0.05,0.0016920920412909,0.5174169,0.3501291077282005
linear_gaussian,101,2903,transformer_mdn4,extrapolated,20,0.9491377417246988,0.4676284907088772,0.3177083333333333,1.0248917880900958,0.05078125,0.0,0.05,0.0016920920412909,0.5442141,0.5293009083416038
linear_gaussian,101,2903,transformer_mdn4,extrapolated,21,0.7773535982614952,0.3003842465096926,0.5130208333333334,1.0022288272877422,0.05078125,0.0,0.05,0.0016920920412909,0.54044026,0.35569427420158917
linear_gaussian,101,2903,transformer_mdn4,extrapolated,22,0.7574809168138108,0.3146352909274654,0.53125,1.0197800497228529,0.0503997802734375,0.00390625,0.04609375,0.0016920920412909,0.5334982,0.4047078888561302
linear_gaussian,101,2903,transformer_mdn4,extrapolated,23,0.7830395362613675,0.342724120834341,0.4908854166666667,1.066688846867098,0.05078125,0.0,0.05,0.0016920920412909,0.53281176,0.39675019194145733
linear_gaussian,202,1701,transformer_mdn4,central,0,0.2905826679985859,0.00070024029758,0.8880208333333334,0.808258027977446,0.0491790771484375,0.01953125,0.03046875,0.0016267777900793,0.45296,-0.22876385851334025
linear_gaussian,202,1701,transformer_mdn4,central,1,0.2724893718933718,0.0006958574634899,0.9192708333333334,0.8302173316680599,0.04833984375,0.0390625,0.0109375,0.0016267777900793,0.36653554,0.016731937690273035
linear_gaussian,202,1701,transformer_mdn4,central,2,0.2807721541914164,0.0033512801836101,0.8776041666666666,0.777696514290169,0.0489501953125,0.0234375,0.0265625,0.0016267777900793,0.38377923,-0.1927471558613627
linear_gaussian,202,1701,transformer_mdn4,central,3,0.2744785458308644,0.0012904107009965,0.8828125,0.7688948400686609,0.0482177734375,0.046875,0.003125,0.0016267777900793,0.41822773,-0.3890178601307719
linear_gaussian,202,1701,transformer_mdn4,central,4,0.3092467512957288,0.0032473535384293,0.8828125,0.8665453160501193,0.0491790771484375,0.01953125,0.03046875,0.0016267777900793,0.40397674,0.017281492515102137
linear_gaussian,202,1701,transformer_mdn4,central,5,0.2866539062201224,0.0072718258531027,0.8776041666666666,0.7892484591964232,0.0494384765625,0.015625,0.034375,0.0016267777900793,0.4504437,-0.1813030640644877
linear_gaussian,202,1701,transformer_mdn4,central,6,0.2815660114709732,0.0027805438424569,0.8658854166666666,0.777550719354621,0.0482177734375,0.046875,0.003125,0.0016267777900793,0.35262978,-0.2974863450093119
linear_gaussian,202,1701,transformer_mdn4,central,7,0.2916347742508845,0.0012591634205001,0.87109375,0.785668844082929,0.0487518310546875,0.07421875,0.0242187499999999,0.0016267777900793,0.39051342,-0.16049150629471232
linear_gaussian,202,1701,transformer_mdn4,central,8,0.2732209159847242,0.0001529712331954,0.8932291666666666,0.7905526102053928,0.048583984375,0.0703125,0.0203124999999999,0.0016267777900793,0.4424346,-0.08529190226028849
linear_gaussian,202,1701,transformer_mdn4,central,9,0.2928057848776459,0.0078941841225683,0.83984375,0.7160515262612797,0.0503997802734375,0.00390625,0.04609375,0.0016267777900793,0.44115227,-0.48688856764267374
linear_gaussian,202,1701,transformer_mdn4,central,10,0.2850627598828792,0.0011684177634446,0.8619791666666666,0.7729598588823672,0.04833984375,0.0390625,0.0109375,0.0016267777900793,0.3957822,-0.16347579164932657
linear_gaussian,202,1701,transformer_mdn4,central,11,0.2748555916832109,0.0013348180883472,0.8567708333333334,0.7415361538071975,0.0484466552734375,0.03515625,0.01484375,0.0016267777900793,0.4476176,-0.3660022418064921
linear_gaussian,202,1701,transformer_mdn4,central,12,0.2837251652586122,0.0030593652789785,0.8984375,0.8268202168926336,0.0482635498046875,0.04296875,0.00703125,0.0016267777900793,0.4619906,-0.04921309156845499
linear_gaussian,202,1701,transformer_mdn4,central,13,0.2938959597051385,0.003812470222079,0.859375,0.7864635660885595,0.048583984375,0.03125,0.01875,0.0016267777900793,0.41731003,-0.17329184217880655
linear_gaussian,202,1701,transformer_mdn4,central,14,0.2865929339804939,0.0021405355133257,0.8841145833333334,0.8325934822510116,0.0482635498046875,0.04296875,0.00703125,0.0016267777900793,0.28364968,-0.14243833227585245
linear_gaussian,202,1701,transformer_mdn4,central,15,0.2825178156091705,0.0009582966448648,0.9036458333333334,0.8342855623969031,0.0482177734375,0.046875,0.003125,0.0016267777900793,0.40603203,-0.04616765184830118
linear_gaussian,202,1701,transformer_mdn4,central,16,0.2918955731944545,0.0046480822201292,0.8463541666666666,0.7579679817138104,0.0482635498046875,0.04296875,0.00703125,0.0016267777900793,0.4811367,-0.2596371571583598
linear_gaussian,202,1701,transformer_mdn4,central,17,0.3072460777067193,0.008634480680029,0.8567708333333334,0.8099343380876193,0.0489501953125,0.0234375,0.0265625,0.0016267777900793,0.35305715,-0.0931753317875712
linear_gaussian,202,1701,transformer_mdn4,central,18,0.3031845512526294,0.007663965213098,0.85546875,0.7737061219749869,0.04833984375,0.0390625,0.0109375,0.0016267777900793,0.41157097,-0.17107252283523966
linear_gaussian,202,1701,transformer_mdn4,central,19,0.2911366736044757,8.301549460972734e-05,0.87890625,0.8067691524712393,0.048583984375,0.03125,0.01875,0.0016267777900793,0.40605664,-0.19168249769638468
linear_gaussian,202,1701,transformer_mdn4,central,20,0.274021438161103,0.0003347797438158,0.9010416666666666,0.8312646316802187,0.0484466552734375,0.06640625,0.0164062499999999,0.0016267777900793,0.46682027,-0.10446004076431681
linear_gaussian,202,1701,transformer_mdn4,central,21,0.290844041632071,0.000617292775463,0.8333333333333334,0.7118339336731457,0.0482177734375,0.046875,0.003125,0.0016267777900793,0.38715166,-0.4252591530842631
linear_gaussian,202,1701,transformer_mdn4,central,22,0.2790364168163487,0.0029410503879578,0.8736979166666666,0.7657805293702437,0.0482635498046875,0.05859375,0.0085937499999999,0.0016267777900793,0.39335525,-0.2441819111866801
linear_gaussian,202,1701,transformer_mdn4,central,23,0.294897884075174,0.0007239904143082,0.8606770833333334,0.7903629082540892,0.0482177734375,0.0546875,0.0046874999999999,0.0016267777900793,0.40988553,-0.2198594014210551
linear_gaussian,202,1701,transformer_mdn4,boundary,0,0.273493631307926,0.0009157606594693,0.9049479166666666,0.8174435118372054,0.054931640625,0.1328125,0.0828125,0.0016018367920575,0.30982366,-0.19928292437027384
linear_gaussian,202,1701,transformer_mdn4,boundary,1,0.2975002398014275,0.0042817917483061,0.8802083333333334,0.8384931357655606,0.04833984375,0.0625,0.0124999999999999,0.0016018367920575,0.27170533,-0.14914063616226603
linear_gaussian,202,1701,transformer_mdn4,boundary,2,0.2659863064831163,0.0007253903841861,0.90625,0.7870459913181925,0.0484466552734375,0.06640625,0.0164062499999999,0.0016018367920575,0.32312003,-0.2342670361561625
linear_gaussian,202,1701,transformer_mdn4,boundary,3,0.2798574737449728,0.002087956021737,0.8854166666666666,0.8072245005057419,0.0482025146484375,0.05078125,0.0007812499999999,0.0016018367920575,0.3173157,-0.19676927729080607
linear_gaussian,202,1701,transformer_mdn4,boundary,4,0.285574493079493,0.0020333147619121,0.9075520833333334,0.8667862476835783,0.0497283935546875,0.08984375,0.03984375,0.0016018367920575,0.2961554,-0.15181068582962443
linear_gaussian,202,1701,transformer_mdn4,boundary,5,0.2861220993665404,0.0034264944068611,0.9140625,0.8633237437796292,0.0482177734375,0.0546875,0.0046874999999999,0.0016018367920575,0.25903168,-0.13829712076614786
linear_gaussian,202,1701,transformer_mdn4,boundary,6,0.2914288014556802,0.0037577977967363,0.8971354166666666,0.8430599146380949,0.0482177734375,0.046875,0.003125,0.0016018367920575,0.26876086,-0.10038081808517862
linear_gaussian,202,1701,transformer_mdn4,boundary,7,0.2956668202992052,0.0029467292599008,0.8958333333333334,0.8521199699254082,0.04833984375,0.0390625,0.0109375,0.0016018367920575,0.26377255,-0.3109778563542216
linear_gaussian,202,1701,transformer_mdn4,boundary,8,0.2942587897813247,0.0015284511357947,0.8567708333333334,0.8068984120972171,0.0487518310546875,0.07421875,0.0242187499999999,0.0016018367920575,0.31994727,-0.26502041025589396
linear_gaussian,202,1701,transformer_mdn4,boundary,9,0.2980317297434334,0.0057844907515003,0.88671875,0.854019945718098,0.0482635498046875,0.05859375,0.0085937499999999,0.0016018367920575,0.29030538,-0.05625144644211222
linear_gaussian,202,1701,transformer_mdn4,boundary,10,0.2818683663688946,0.0012496189674314,0.9114583333333334,0.9043230025703672,0.0516357421875,0.109375,0.059375,0.0016018367920575,0.27069548,-0.17206505938003946
linear_gaussian,202,1701,transformer_mdn4,boundary,11,0.2905711128921207,0.0024168387191256,0.8697916666666666,0.8134353932599696,0.0487518310546875,0.07421875,0.0242187499999999,0.0016018367920575,0.30189425,-0.21118477983902384
linear_gaussian,202,1701,transformer_mdn4,boundary,12,0.2919307295458948,0.0042623750290919,0.88671875,0.8730193778152208,0.0511932373046875,0.10546875,0.05546875,0.0016018367920575,0.2818416,-0.010323087410434972
linear_gaussian,202,1701,transformer_mdn4,boundary,13,0.283106913306075,0.0045314653555326,0.9192708333333334,0.8930217654795071,0.04833984375,0.0625,0.0124999999999999,0.0016018367920575,0.27612865,0.029263456626430262
linear_gaussian,202,1701,transformer_mdn4,boundary,14,0.2867540858768808,0.0026114884359573,0.9088541666666666,0.8710475202310564,0.0482177734375,0.0546875,0.0046874999999999,0.0016018367920575,0.25583625,-0.12739078207443644
linear_gaussian,202,1701,transformer_mdn4,boundary,15,0.2741498009648174,0.0010736506901963,0.8815104166666666,0.8088099211755008,0.0482025146484375,0.05078125,0.0007812499999999,0.0016018367920575,0.30654672,-0.23245314760635782
linear_gaussian,202,1701,transformer_mdn4,boundary,16,0.3001587574699803,0.0063319075662976,0.875,0.8318204527335983,0.04833984375,0.0390625,0.0109375,0.0016018367920575,0.25951988,-0.1332812706990092
linear_gaussian,202,1701,transformer_mdn4,boundary,17,0.2985406019245047,0.0049571046978081,0.8958333333333334,0.8811974237019261,0.0487518310546875,0.07421875,0.0242187499999999,0.0016018367920575,0.27522296,-0.004638950066074621
linear_gaussian,202,1701,transformer_mdn4,boundary,18,0.2849799712819988,0.0014200329384388,0.9010416666666666,0.8547101251503078,0.0531463623046875,0.12109375,0.07109375,0.0016018367920575,0.29452673,-0.19709090395401407
linear_gaussian,202,1701,transformer_mdn4,boundary,19,0.2803848810720943,0.00061690087582,0.88671875,0.8357373117221218,0.0489501953125,0.078125,0.0281249999999999,0.0016018367920575,0.31022292,-0.29742042227219034
linear_gaussian,202,1701,transformer_mdn4,boundary,20,0.2824187185246676,0.0014250580818458,0.8841145833333334,0.804460214508597,0.0482177734375,0.046875,0.003125,0.0016018367920575,0.28195137,-0.306606570915684
linear_gaussian,202,1701,transformer_mdn4,boundary,21,0.2807277494642906,0.0011357228323765,0.8919270833333334,0.821487899067502,0.0543060302734375,0.12890625,0.07890625,0.0016018367920575,0.3248041,-0.20660428209732462
linear_gaussian,202,1701,transformer_mdn4,boundary,22,0.2907396633399783,0.000786515441518,0.8450520833333334,0.7620521887092649,0.050048828125,0.09375,0.04375,0.0016018367920575,0.32121816,-0.3048762480778544
linear_gaussian,202,1701,transformer_mdn4,boundary,23,0.2685787628691712,0.0009416644646159,0.9075520833333334,0.82043523115431,0.048583984375,0.0703125,0.0203124999999999,0.0016018367920575,0.29551366,-0.28535334272812296
linear_gaussian,202,1701,transformer_mdn4,extrapolated,0,1.1638568276462056,0.7145826945400926,0.24609375,1.2000817026321344,0.05078125,0.0,0.05,0.0016329704982733,0.5723929,0.7801527579264791
linear_gaussian,202,1701,transformer_mdn4,extrapolated,1,0.54087356086886,0.1741265894445061,0.6822916666666666,1.0075232451090432,0.0503997802734375,0.00390625,0.04609375,0.0016329704982733,0.44495034,0.3345083792643697
linear_gaussian,202,1701,transformer_mdn4,extrapolated,2,0.7098679713740881,0.3007656809639296,0.53125,1.0641797529673065,0.0503997802734375,0.00390625,0.04609375,0.0016329704982733,0.474125,0.5357265074687154
linear_gaussian,202,1701,transformer_mdn4,extrapolated,3,0.9323945487193576,0.4779979364153333,0.4166666666666667,1.2095749471508694,0.05078125,0.0,0.05,0.0016329704982733,0.49974754,0.7985465128855855
linear_gaussian,202,1701,transformer_mdn4,extrapolated,4,0.926076920092923,0.4801360254682872,0.4244791666666667,1.2810820167909394,0.05078125,0.0,0.05,0.0016329704982733,0.5189227,0.9112064440684469
linear_gaussian,202,1701,transformer_mdn4,extrapolated,5,0.8087904444289362,0.3909050475769637,0.5013020833333334,1.1387015738445474,0.05078125,0.0,0.05,0.0016329704982733,0.46876645,0.7682702143626363
linear_gaussian,202,1701,transformer_mdn4,extrapolated,6,0.9248280414162856,0.483861634778056,0.4244791666666667,1.097086729767274,0.05078125,0.0,0.05,0.0016329704982733,0.49340943,0.6526941855387838
linear_gaussian,202,1701,transformer_mdn4,extrapolated,7,0.7325272186210998,0.3332181369399757,0.5924479166666666,1.12360185109301,0.0503997802734375,0.00390625,0.04609375,0.0016329704982733,0.46557373,0.7015342314677389
linear_gaussian,202,1701,transformer_mdn4,extrapolated,8,0.5726491406435184,0.1673220409795002,0.7005208333333334,1.0472138063261511,0.05078125,0.0,0.05,0.0016329704982733,0.41685653,0.42977281407882284
linear_gaussian,202,1701,transformer_mdn4,extrapolated,9,1.0567365549592125,0.6302756011738396,0.37890625,1.2129006002119922,0.05078125,0.0,0.05,0.0016329704982733,0.5158652,0.9174007971720846
linear_gaussian,202,1701,transformer_mdn4,extrapolated,10,0.827554892733055,0.4303880007612149,0.5221354166666666,1.2336882429737688,0.05078125,0.0,0.05,0.0016329704982733,0.49055696,0.7278065283732564
linear_gaussian,202,1701,transformer_mdn4,extrapolated,11,0.8767129032563502,0.4233353771760622,0.44140625,1.0991921026847136,0.05078125,0.0,0.05,0.0016329704982733,0.4853344,0.6788353522257955
linear_gaussian,202,1701,transformer_mdn4,extrapolated,12,1.0478147849760269,0.5995203229032786,0.3502604166666667,1.2649506143796154,0.0503997802734375,0.00390625,0.04609375,0.0016329704982733,0.556589,0.800512512488857
linear_gaussian,202,1701,transformer_mdn4,extrapolated,13,0.6671463381536069,0.2845206908081714,0.5924479166666666,1.0903475015057114,0.05078125,0.0,0.05,0.0016329704982733,0.47056127,0.5962802966075094
linear_gaussian,202,1701,transformer_mdn4,extrapolated,14,0.7487927028197159,0.3288169865817177,0.53515625,1.0851979322437406,0.05078125,0.0,0.05,0.0016329704982733,0.49678755,0.640767057700649
linear_gaussian,202,1701,transformer_mdn4,extrapolated,15,0.7006973413430138,0.3066999492562832,0.6158854166666666,1.1692679234548071,0.050048828125,0.0078125,0.0421875,0.0016329704982733,0.48823318,0.8006605704264791
linear_gaussian,202,1701,transformer_mdn4,extrapolated,16,0.7178325873833968,0.2879147540152426,0.5494791666666666,1.0854525938913997,0.0503997802734375,0.00390625,0.04609375,0.0016329704982733,0.4681928,0.5036408503489644
linear_gaussian,202,1701,transformer_mdn4,extrapolated,17,0.6257751376028213,0.2542613617586358,0.62890625,1.070314645099872,0.0503997802734375,0.00390625,0.04609375,0.0016329704982733,0.43972456,0.48975606755782675
linear_gaussian,202,1701,transformer_mdn4,extrapolated,18,0.5335075292806591,0.1693876985161797,0.71875,1.0359242351494091,0.0503997802734375,0.00390625,0.04609375,0.0016329704982733,0.42103803,0.40630741910506796
linear_gaussian,202,1701,transformer_mdn4,extrapolated,19,0.6628458680662791,0.245800344674409,0.5390625,1.0334164657386435,0.05078125,0.0,0.05,0.0016329704982733,0.49045622,0.4982776244120748
linear_gaussian,202,1701,transformer_mdn4,extrapolated,20,0.5318369960133218,0.1616403448368038,0.6783854166666666,0.9622363444811346,0.050048828125,0.0078125,0.0421875,0.0016329704982733,0.43423212,0.35372730092574667
linear_gaussian,202,1701,transformer_mdn4,extrapolated,21,0.8585622606853247,0.466851415575797,0.46484375,1.1439282371512358,0.05078125,0.0,0.05,0.0016329704982733,0.49141514,0.8007945616679342
linear_gaussian,202,1701,transformer_mdn4,extrapolated,22,1.186956220850533,0.744777191820691,0.2981770833333333,1.1048309110044638,0.05078125,0.0,0.05,0.0016329704982733,0.540894,0.7135929663615377
linear_gaussian,202,1701,transformer_mdn4,extrapolated,23,1.1621275729729952,0.7174359749063814,0.3606770833333333,1.228350597467021,0.0503997802734375,0.00390625,0.04609375,0.0016329704982733,0.53595626,0.9849524100260885
linear_gaussian,202,2903,transformer_mdn4,central,0,0.3025861950886812,0.0044835021672271,0.8528645833333334,0.7465307360208734,0.0497283935546875,0.01171875,0.03828125,0.0015120000001237,0.5568396,-0.40155581636856486
linear_gaussian,202,2903,transformer_mdn4,central,1,0.2719482851367818,0.0003243609721619,0.9192708333333334,0.8543729376538414,0.04833984375,0.0390625,0.0109375,0.0015120000001237,0.49156886,-0.24737087889145304
linear_gaussian,202,2903,transformer_mdn4,central,2,0.2785314422767374,0.0013676003566727,0.8736979166666666,0.7803624565276449,0.0491790771484375,0.01953125,0.03046875,0.0015120000001237,0.58360964,-0.21205381555984903
linear_gaussian,202,2903,transformer_mdn4,central,3,0.2752363386960127,0.0011283225880472,0.875,0.7781657124507455,0.04833984375,0.0390625,0.0109375,0.0015120000001237,0.4673694,-0.2924039761586039
linear_gaussian,202,2903,transformer_mdn4,central,4,0.3060128832923099,0.0027078986515322,0.8645833333333334,0.842581588815425,0.0503997802734375,0.00390625,0.04609375,0.0015120000001237,0.610543,-0.021400253014072668
linear_gaussian,202,2903,transformer_mdn4,central,5,0.2801261720803309,0.0055834369320834,0.8671875,0.7686705928163754,0.0491790771484375,0.01953125,0.03046875,0.0015120000001237,0.5565177,-0.3101623456044047
linear_gaussian,202,2903,transformer_mdn4,central,6,0.281807787303047,0.0024785526178356,0.8684895833333334,0.7624340105189921,0.0482635498046875,0.05859375,0.0085937499999999,0.0015120000001237,0.4902413,-0.29624907179306437
linear_gaussian,202,2903,transformer_mdn4,central,7,0.2899114818773313,0.0009109705077614,0.875,0.7733925488809784,0.0482635498046875,0.05859375,0.0085937499999999,0.0015120000001237,0.48601627,-0.4189443985981791
linear_gaussian,202,2903,transformer_mdn4,central,8,0.2817381563590675,0.0021501471633678,0.8697916666666666,0.7754850387222043,0.0487518310546875,0.02734375,0.02265625,0.0015120000001237,0.5853891,-0.44734887285660196
linear_gaussian,202,2903,transformer_mdn4,central,9,0.2832297617223407,0.0039182139565433,0.8671875,0.82006831909963,0.0489501953125,0.0234375,0.0265625,0.0015120000001237,0.5829755,-0.23834947748611857
linear_gaussian,202,2903,transformer_mdn4,central,10,0.2830797085875045,0.0002816792268569,0.8697916666666666,0.7617839523748048,0.04833984375,0.0390625,0.0109375,0.0015120000001237,0.48115218,-0.49789206190536905
linear_gaussian,202,2903,transformer_mdn4,central,11,0.2756497526067272,0.0019249591981647,0.8606770833333334,0.7386368844550425,0.0487518310546875,0.02734375,0.02265625,0.0015120000001237,0.60902137,-0.32529310388992716
linear_gaussian,202,2903,transformer_mdn4,central,12,0.2888432520294863,0.0050669179685485,0.8450520833333334,0.7873731965489502,0.0494384765625,0.015625,0.034375,0.0015120000001237,0.6638652,-0.09774343176315714
linear_gaussian,202,2903,transformer_mdn4,central,13,0.2959087953933438,0.0056461647621217,0.875,0.8324210500965159,0.0491790771484375,0.01953125,0.03046875,0.0015120000001237,0.4849695,-0.2764510314030497
linear_gaussian,202,2903,transformer_mdn4,central,14,0.2842391009190226,0.0006650982154671,0.8619791666666666,0.782773637142638,0.0491790771484375,0.01953125,0.03046875,0.0015120000001237,0.41678777,-0.5101926724476664
linear_gaussian,202,2903,transformer_mdn4,central,15,0.2831888764885584,0.0017950027617704,0.8919270833333334,0.8304647544569557,0.0494384765625,0.015625,0.034375,0.0015120000001237,0.58593863,-0.3061904112858622
linear_gaussian,202,2903,transformer_mdn4,central,16,0.2884053397751299,0.0032989772760212,0.8684895833333334,0.7849813256823494,0.0491790771484375,0.01953125,0.03046875,0.0015120000001237,0.6389971,-0.30170015497635294
linear_gaussian,202,2903,transformer_mdn4,central,17,0.2876444612058527,0.0002737132214991,0.875,0.8276485017252083,0.04833984375,0.0390625,0.0109375,0.0015120000001237,0.5435068,-0.035327951149448644
linear_gaussian,202,2903,transformer_mdn4,central,18,0.2981078757897576,0.0056143414507171,0.8515625,0.7608801394039152,0.0491790771484375,0.01953125,0.03046875,0.0015120000001237,0.5258163,-0.370430509285435
linear_gaussian,202,2903,transformer_mdn4,central,19,0.2918931662094868,0.0003739732356152,0.8216145833333334,0.7430272073679158,0.048583984375,0.03125,0.01875,0.0015120000001237,0.5259321,-0.40340117617081095
linear_gaussian,202,2903,transformer_mdn4,central,20,0.2827708158040542,0.0088170819411358,0.8841145833333334,0.8142733788612279,0.048583984375,0.03125,0.01875,0.0015120000001237,0.606756,-0.23071471853683878
linear_gaussian,202,2903,transformer_mdn4,central,21,0.2899094545453871,0.0005419458343258,0.8385416666666666,0.7174844754296658,0.0487518310546875,0.02734375,0.02265625,0.0015120000001237,0.4398806,-0.4632624785466044
linear_gaussian,202,2903,transformer_mdn4,central,22,0.2789623695822756,0.0004089577730397,0.875,0.7577285434977922,0.0482177734375,0.046875,0.003125,0.0015120000001237,0.51099914,-0.27340737982223917
linear_gaussian,202,2903,transformer_mdn4,central,23,0.2907246131953958,0.0014972022758572,0.8684895833333334,0.8120176965171493,0.0489501953125,0.0234375,0.0265625,0.0015120000001237,0.5445833,-0.2644244830174296
linear_gaussian,202,2903,transformer_mdn4,boundary,0,0.2714831443017123,0.0006401164249906,0.8880208333333334,0.7947880925311613,0.0482177734375,0.0546875,0.0046874999999999,0.0014927447919035,0.38661087,-0.3147970835728495
linear_gaussian,202,2903,transformer_mdn4,boundary,1,0.2907562298997352,0.0015232035287672,0.8645833333333334,0.8440788956531331,0.0484466552734375,0.03515625,0.01484375,0.0014927447919035,0.3864742,-0.2766807477040141
linear_gaussian,202,2903,transformer_mdn4,boundary,2,0.2649447986955237,0.0003101325958372,0.9192708333333334,0.8246438580923025,0.0482177734375,0.0546875,0.0046874999999999,0.0014927447919035,0.39069796,-0.22409347696731974
linear_gaussian,202,2903,transformer_mdn4,boundary,3,0.2767981394669222,0.0007925017098086,0.8697916666666666,0.7607193915144398,0.0487518310546875,0.07421875,0.0242187499999999,0.0014927447919035,0.407146,-0.39051429434250284
linear_gaussian,202,2903,transformer_mdn4,boundary,4,0.2808577677556332,0.0018538056670905,0.8828125,0.8216936506825258,0.04833984375,0.0625,0.0124999999999999,0.0014927447919035,0.39471605,-0.18258790178726603
linear_gaussian,202,2903,transformer_mdn4,boundary,5,0.277991660330979,0.0006810840971741,0.8515625,0.735248919016295,0.0484466552734375,0.03515625,0.01484375,0.0014927447919035,0.40653902,-0.4018030564350932
linear_gaussian,202,2903,transformer_mdn4,boundary,6,0.2834578040187661,0.0003385754782444,0.921875,0.8885898484187615,0.0484466552734375,0.03515625,0.01484375,0.0014927447919035,0.4003582,-0.2034883896870463
linear_gaussian,202,2903,transformer_mdn4,boundary,7,0.2904096685873357,0.0003658402601563,0.8958333333333334,0.8370674085169912,0.048583984375,0.03125,0.01875,0.0014927447919035,0.37916562,-0.2756728331608622
linear_gaussian,202,2903,transformer_mdn4,boundary,8,0.2939354726604163,8.022562185361821e-05,0.8346354166666666,0.7915453021950937,0.0482177734375,0.046875,0.003125,0.0014927447919035,0.408221,-0.24826995535324503
linear_gaussian,202,2903,transformer_mdn4,boundary,9,0.2863482724051013,0.0006342962857837,0.8515625,0.7720980860229152,0.0489501953125,0.078125,0.0281249999999999,0.0014927447919035,0.4032736,-0.35478810472916056
linear_gaussian,202,2903,transformer_mdn4,boundary,10,0.2817044553177983,0.0010189132197023,0.8619791666666666,0.7706648015299095,0.0482635498046875,0.04296875,0.00703125,0.0014927447919035,0.34669596,-0.6369426648182719
linear_gaussian,202,2903,transformer_mdn4,boundary,11,0.2872421221795189,0.0005061669399331,0.84375,0.7683630765349445,0.0487518310546875,0.02734375,0.02265625,0.0014927447919035,0.39934447,-0.4039268891377299
linear_gaussian,202,2903,transformer_mdn4,boundary,12,0.2835666241460094,0.0006471360629197,0.8697916666666666,0.8034292114449962,0.0482635498046875,0.05859375,0.0085937499999999,0.0014927447919035,0.40512574,-0.22642866774033
linear_gaussian,202,2903,transformer_mdn4,boundary,13,0.2746165194117441,0.0004442471653092,0.87890625,0.7840385093430554,0.0489501953125,0.078125,0.0281249999999999,0.0014927447919035,0.40845996,-0.35752014322708536
linear_gaussian,202,2903,transformer_mdn4,boundary,14,0.2840641412435757,0.0014469529920644,0.8684895833333334,0.8183200624165776,0.048583984375,0.03125,0.01875,0.0014927447919035,0.38212535,-0.4256863991780131
linear_gaussian,202,2903,transformer_mdn4,boundary,15,0.270492784598494,0.0010842595927627,0.8919270833333334,0.8283608440445515,0.0482635498046875,0.04296875,0.00703125,0.0014927447919035,0.39888406,-0.26550916834305216
linear_gaussian,202,2903,transformer_mdn4,boundary,16,0.2861344326493283,0.0009105249409551,0.8671875,0.7921641410357246,0.0482635498046875,0.04296875,0.00703125,0.0014927447919035,0.4018098,-0.1864610116047709
linear_gaussian,202,2903,transformer_mdn4,boundary,17,0.2893908954119286,0.0017567129267162,0.8997395833333334,0.8888793988086331,0.0482635498046875,0.05859375,0.0085937499999999,0.0014927447919035,0.40022278,-0.1881283919377177
linear_gaussian,202,2903,transformer_mdn4,boundary,18,0.2807560831538903,0.0005559136176778,0.890625,0.8121863180325679,0.0482635498046875,0.05859375,0.0085937499999999,0.0014927447919035,0.36807585,-0.2445347706837504
linear_gaussian,202,2903,transformer_mdn4,boundary,19,0.2811818634473618,0.0006714229864267,0.8763020833333334,0.8103544267069117,0.0482177734375,0.0546875,0.0046874999999999,0.0014927447919035,0.3883219,-0.29415599508713175
linear_gaussian,202,2903,transformer_mdn4,boundary,20,0.2780414112849106,0.0014755394783849,0.89453125,0.8610990606652479,0.048583984375,0.03125,0.01875,0.0014927447919035,0.38295552,-0.34293083353470255
linear_gaussian,202,2903,transformer_mdn4,boundary,21,0.2808692106914981,0.0004817098914985,0.8776041666666666,0.7886606203700737,0.0482177734375,0.0546875,0.0046874999999999,0.0014927447919035,0.40218124,-0.3342177073521464
linear_gaussian,202,2903,transformer_mdn4,boundary,22,0.2874345822143332,0.001057288843217,0.8815104166666666,0.8039261039069,0.0487518310546875,0.07421875,0.0242187499999999,0.0014927447919035,0.39010328,-0.21104816599319864
linear_gaussian,202,2903,transformer_mdn4,boundary,23,0.2749488699002398,0.002506759139778,0.9049479166666666,0.8278195086193619,0.04833984375,0.0390625,0.0109375,0.0014927447919035,0.36152282,-0.22264293833206583
linear_gaussian,202,2903,transformer_mdn4,extrapolated,0,1.3492588952075613,0.973954203928036,0.15234375,1.3369108213560985,0.05078125,0.0,0.05,0.0016322274580791,0.46997854,0.7586536009745748
linear_gaussian,202,2903,transformer_mdn4,extrapolated,1,0.6677172977312364,0.2941859757541815,0.59765625,1.1215576130710945,0.0491790771484375,0.01953125,0.03046875,0.0016322274580791,0.3925694,0.43898864583541464
linear_gaussian,202,2903,transformer_mdn4,extrapolated,2,0.8082650562960062,0.4024387685826816,0.4479166666666667,1.1909968336832295,0.0497283935546875,0.01171875,0.03828125,0.0016322274580791,0.40902737,0.5853526194529683
linear_gaussian,202,2903,transformer_mdn4,extrapolated,3,1.157058506876666,0.7279381144302673,0.2955729166666667,1.2162659332678578,0.05078125,0.0,0.05,0.0016322274580791,0.47878972,0.7084993918376119
linear_gaussian,202,2903,transformer_mdn4,extrapolated,4,1.1796355745853142,0.787236083542359,0.2513020833333333,1.4185472669547556,0.05078125,0.0,0.05,0.0016322274580791,0.51420873,0.9761941035227926
linear_gaussian,202,2903,transformer_mdn4,extrapolated,5,0.9598926744625528,0.5504822725162818,0.36328125,1.2477604421871695,0.0503997802734375,0.00390625,0.04609375,0.0016322274580791,0.52575886,0.6568433840708883
linear_gaussian,202,2903,transformer_mdn4,extrapolated,6,1.1151518541808365,0.7402353936408921,0.29296875,1.349147253322556,0.05078125,0.0,0.05,0.0016322274580791,0.5022483,0.8538069327311666
linear_gaussian,202,2903,transformer_mdn4,extrapolated,7,0.8738654999569138,0.506870934719812,0.4427083333333333,1.3233425310181637,0.05078125,0.0,0.05,0.0016322274580791,0.49734616,0.8009833891825826
linear_gaussian,202,2903,transformer_mdn4,extrapolated,8,0.634014370059027,0.2036409927081851,0.5677083333333334,0.9139718967504316,0.05078125,0.0,0.05,0.0016322274580791,0.4197383,0.13292690114547323
linear_gaussian,202,2903,transformer_mdn4,extrapolated,9,1.2406271563253748,0.8663889296438803,0.2278645833333333,1.2645497979732634,0.05078125,0.0,0.05,0.0016322274580791,0.50812304,0.9312598307566793
linear_gaussian,202,2903,transformer_mdn4,extrapolated,10,0.9090301584404856,0.5651955184724352,0.4322916666666667,1.3813048596926885,0.05078125,0.0,0.05,0.0016322274580791,0.4945861,0.8599624236064107
linear_gaussian,202,2903,transformer_mdn4,extrapolated,11,1.039358011790415,0.6205805463499274,0.296875,1.2635234506064783,0.05078125,0.0,0.05,0.0016322274580791,0.5011277,0.6701440413432271
linear_gaussian,202,2903,transformer_mdn4,extrapolated,12,1.2170952568936244,0.8268582486292813,0.2174479166666666,1.2895187758726063,0.05078125,0.0,0.05,0.0016322274580791,0.45939177,0.6448647578196676
linear_gaussian,202,2903,transformer_mdn4,extrapolated,13,0.7944439596153174,0.4196944126591255,0.4908854166666667,1.191900345860817,0.0503997802734375,0.00390625,0.04609375,0.0016322274580791,0.41659012,0.5600490172343404
linear_gaussian,202,2903,transformer_mdn4,extrapolated,14,0.9237780313625172,0.5100137302364186,0.3854166666666667,1.1339976469158082,0.05078125,0.0,0.05,0.0016322274580791,0.4145048,0.4835092623667867
linear_gaussian,202,2903,transformer_mdn4,extrapolated,15,0.8418912977078983,0.4701533728687958,0.4518229166666667,1.3319785367789692,0.05078125,0.0,0.05,0.0016322274580791,0.42306986,0.5215293963389547
linear_gaussian,202,2903,transformer_mdn4,extrapolated,16,0.8023351723415724,0.3722024410583055,0.4778645833333333,1.1438107686930048,0.050048828125,0.0078125,0.0421875,0.0016322274580791,0.40359217,0.3704857428507955
linear_gaussian,202,2903,transformer_mdn4,extrapolated,17,0.7164720260047549,0.3584725020250943,0.515625,1.2794152833104968,0.050048828125,0.0078125,0.0421875,0.0016322274580791,0.4842041,0.5807911951975973
linear_gaussian,202,2903,transformer_mdn4,extrapolated,18,0.6106772815997901,0.2441356484566615,0.5846354166666666,1.0450618665942883,0.0503997802734375,0.00390625,0.04609375,0.0016322274580791,0.40637347,0.2759408553080709
linear_gaussian,202,2903,transformer_mdn4,extrapolated,19,0.843133821696644,0.4421326629430437,0.5065104166666666,1.3170723142872205,0.0497283935546875,0.01171875,0.03828125,0.0016322274580791,0.42206347,0.6663827498393209
linear_gaussian,202,2903,transformer_mdn4,extrapolated,20,0.561695320104617,0.1885516103467223,0.6380208333333334,0.9942869877278966,0.0503997802734375,0.00390625,0.04609375,0.0016322274580791,0.39536488,0.10021372632552694
linear_gaussian,202,2903,transformer_mdn4,extrapolated,21,1.0800432629803234,0.70135541116178,0.3151041666666667,1.2247459867108812,0.05078125,0.0,0.05,0.0016322274580791,0.49481893,0.7282919486003072
linear_gaussian,202,2903,transformer_mdn4,extrapolated,22,1.4154973903381207,1.0733596342428515,0.2552083333333333,1.3314434577198375,0.0503997802734375,0.00390625,0.04609375,0.0016322274580791,0.48940986,0.8459472258525045
linear_gaussian,202,2903,transformer_mdn4,extrapolated,23,1.3476846166195022,0.9864267743532948,0.2356770833333333,1.326969758984278,0.05078125,0.0,0.05,0.0016322274580791,0.48567376,0.781382520957485
linear_gaussian,303,1701,transformer_mdn4,central,0,0.2865398493622723,0.003919206469022,0.8502604166666666,0.7585642571620506,0.0482177734375,0.0546875,0.0046874999999999,0.0015720225419499,0.8923971,-0.3480991194480514
linear_gaussian,303,1701,transformer_mdn4,central,1,0.2691325505617316,0.0033944433936862,0.8841145833333334,0.7504795890847733,0.0494384765625,0.0859375,0.0359375,0.0015720225419499,1.098304,-0.2800003359550094
linear_gaussian,303,1701,transformer_mdn4,central,2,0.2777869088163964,0.0044070909850949,0.8984375,0.818114946235455,0.0489501953125,0.078125,0.0281249999999999,0.0015720225419499,0.7320316,-0.3554257223838424
linear_gaussian,303,1701,transformer_mdn4,central,3,0.2906452867574584,0.0035311251945361,0.8606770833333334,0.805320806790521,0.0562744140625,0.140625,0.090625,0.0015720225419499,0.7499206,-0.27873779036937707
linear_gaussian,303,1701,transformer_mdn4,central,4,0.2763203024557669,0.0025329473284605,0.8815104166666666,0.7727436014689569,0.04833984375,0.0625,0.0124999999999999,0.0015720225419499,1.0821589,-0.21566403605876916
linear_gaussian,303,1701,transformer_mdn4,central,5,0.2785734069790863,0.0021463895778454,0.8802083333333334,0.766249461014723,0.04833984375,0.0625,0.0124999999999999,0.0015720225419499,0.393952,-0.3636231491798019
linear_gaussian,303,1701,transformer_mdn4,central,6,0.2909367027853789,0.0021462282713667,0.8619791666666666,0.7659113990415308,0.0482177734375,0.046875,0.003125,0.0015720225419499,0.41130084,-0.37748659350811
linear_gaussian,303,1701,transformer_mdn4,central,7,0.290826627776663,0.0011710753211773,0.8684895833333334,0.8033115258561412,0.0482025146484375,0.05078125,0.0007812499999999,0.0015720225419499,0.8484335,-0.25952363707958215
linear_gaussian,303,1701,transformer_mdn4,central,8,0.2840558273196052,0.002538760333809,0.8763020833333334,0.7989407459963392,0.04833984375,0.0625,0.0124999999999999,0.0015720225419499,0.9147297,-0.28184724547801965
linear_gaussian,303,1701,transformer_mdn4,central,9,0.2783859365832402,0.0037306949974774,0.8997395833333334,0.8262052617645473,0.0503997802734375,0.09765625,0.04765625,0.0015720225419499,0.99193907,-0.2655052016013717
linear_gaussian,303,1701,transformer_mdn4,central,10,0.2943072033620289,0.0071508948627564,0.8541666666666666,0.7840301178069128,0.0491790771484375,0.08203125,0.03203125,0.0015720225419499,0.97543776,-0.34143961169658654
linear_gaussian,303,1701,transformer_mdn4,central,11,0.2822116769499434,0.0014126081744791,0.8671875,0.7405822701554859,0.0482635498046875,0.05859375,0.0085937499999999,0.0015720225419499,1.0519841,-0.5047313044303512
linear_gaussian,303,1701,transformer_mdn4,central,12,0.2731345204110799,0.0014384066981741,0.89453125,0.8149336830506263,0.0484466552734375,0.06640625,0.0164062499999999,0.0015720225419499,0.5206876,-0.3618835280173873
linear_gaussian,303,1701,transformer_mdn4,central,13,0.2777451085984324,0.000646969536887,0.8606770833333334,0.7541744996960436,0.048583984375,0.03125,0.01875,0.0015720225419499,1.1053348,-0.3900057146781539
linear_gaussian,303,1701,transformer_mdn4,central,14,0.2885411944335164,0.0012864582540334,0.8671875,0.7749306950631731,0.0482635498046875,0.04296875,0.00703125,0.0015720225419499,0.48937732,-0.28758943774639123
linear_gaussian,303,1701,transformer_mdn4,central,15,0.2904771044651432,0.0073586019724808,0.8671875,0.7862652935826387,0.0511932373046875,0.10546875,0.05546875,0.0015720225419499,0.83254874,-0.3139666388267135
linear_gaussian,303,1701,transformer_mdn4,central,16,0.3033202798128884,0.0032475013053326,0.8372395833333334,0.7834057481776545,0.050048828125,0.09375,0.04375,0.0015720225419499,0.9393804,-0.28960836627422326
linear_gaussian,303,1701,transformer_mdn4,central,17,0.2718297347559827,0.0022474124471461,0.8515625,0.7067347249739395,0.0482177734375,0.046875,0.003125,0.0015720225419499,1.0473495,-0.4239010880225753
linear_gaussian,303,1701,transformer_mdn4,central,18,0.2846975375319492,0.0031446362854897,0.8736979166666666,0.776019914818361,0.0484466552734375,0.03515625,0.01484375,0.0015720225419499,0.7654871,-0.29413736560283654
linear_gaussian,303,1701,transformer_mdn4,central,19,0.2945462165368503,0.002775571535897,0.8580729166666666,0.7642131457264983,0.0497283935546875,0.08984375,0.03984375,0.0015720225419499,0.55021,-0.4027761290305709
linear_gaussian,303,1701,transformer_mdn4,central,20,0.2779568706834505,0.0041000237242513,0.8854166666666666,0.7840104684859389,0.0526123046875,0.1171875,0.0671875,0.0015720225419499,0.88481617,-0.22385562159954064
linear_gaussian,303,1701,transformer_mdn4,central,21,0.3024381132850723,0.0059356318118547,0.8528645833333334,0.7940920219504354,0.0497283935546875,0.08984375,0.03984375,0.0015720225419499,0.95195377,-0.3083254168265914
linear_gaussian,303,1701,transformer_mdn4,central,22,0.3085625582270234,0.0022642603274126,0.86328125,0.8031557228316166,0.0489501953125,0.078125,0.0281249999999999,0.0015720225419499,0.57027733,-0.20581389167247766
linear_gaussian,303,1701,transformer_mdn4,central,23,0.2835036321088051,0.0017309215329734,0.8385416666666666,0.7290530544142172,0.04833984375,0.0390625,0.0109375,0.0015720225419499,1.1514878,-0.37146187522350305
linear_gaussian,303,1701,transformer_mdn4,boundary,0,0.289594782621964,0.0039850733040994,0.9270833333333334,0.8910249197928155,0.04833984375,0.0625,0.0124999999999999,0.0015930833324091,0.94538665,0.04869758389057166
linear_gaussian,303,1701,transformer_mdn4,boundary,1,0.2824680656894245,0.0023144420432095,0.9127604166666666,0.9068807990353184,0.0484466552734375,0.03515625,0.01484375,0.0015930833324091,0.8942634,0.0272039105659867
linear_gaussian,303,1701,transformer_mdn4,boundary,2,0.2955451324550273,0.0016878251067298,0.90234375,0.8665095953854859,0.04833984375,0.0625,0.0124999999999999,0.0015930833324091,0.9072224,0.08394896290363318
linear_gaussian,303,1701,transformer_mdn4,boundary,3,0.2884512623731207,0.0010099946810736,0.9153645833333334,0.886636688624104,0.0482177734375,0.046875,0.003125,0.0015930833324091,0.8742127,-0.006201393389091425
linear_gaussian,303,1701,transformer_mdn4,boundary,4,0.2808708178619511,0.0010046669108333,0.9088541666666666,0.8663917860592774,0.0482635498046875,0.05859375,0.0085937499999999,0.0015930833324091,0.86647344,-0.3195281098121261
linear_gaussian,303,1701,transformer_mdn4,boundary,5,0.2819212988147582,0.0043602704499627,0.921875,0.922162213533951,0.0489501953125,0.0234375,0.0265625,0.0015930833324091,0.7927667,0.08384024403156287
linear_gaussian,303,1701,transformer_mdn4,boundary,6,0.2835261768092393,0.0060105880428754,0.9244791666666666,0.9635793200527728,0.0484466552734375,0.03515625,0.01484375,0.0015930833324091,0.825336,0.08643328449787147
linear_gaussian,303,1701,transformer_mdn4,boundary,7,0.2834807762489941,0.0003304944403237,0.9153645833333334,0.918696178530413,0.0489501953125,0.078125,0.0281249999999999,0.0015930833324091,0.7866243,-0.11951530673442834
linear_gaussian,303,1701,transformer_mdn4,boundary,8,0.2855380933328553,0.0036934969072499,0.94140625,0.9646068904833373,0.0482177734375,0.0546875,0.0046874999999999,0.0015930833324091,0.8919825,0.1898168256050492
linear_gaussian,303,1701,transformer_mdn4,boundary,9,0.2765721652846813,0.0032767909095975,0.9153645833333334,0.8711151456443367,0.04833984375,0.0390625,0.0109375,0.0015930833324091,0.95824903,0.05460678837360389
linear_gaussian,303,1701,transformer_mdn4,boundary,10,0.2716999365871795,0.0014314378508002,0.9127604166666666,0.8769125690014136,0.0489501953125,0.078125,0.0281249999999999,0.0015930833324091,0.8592803,0.05570089123310096
linear_gaussian,303,1701,transformer_mdn4,boundary,11,0.2809667062501986,0.0025440078405229,0.9140625,0.8907532391770513,0.0484466552734375,0.03515625,0.01484375,0.0015930833324091,0.9660329,0.029469363904609747
linear_gaussian,303,1701,transformer_mdn4,boundary,12,0.2856886585232567,0.003114993031774,0.9479166666666666,0.9364375490209556,0.0482177734375,0.0546875,0.0046874999999999,0.0015930833324091,0.9233384,0.27556239864887244
linear_gaussian,303,1701,transformer_mdn4,boundary,13,0.2644302672800421,0.0004702728646582,0.9049479166666666,0.8425389648211349,0.0489501953125,0.0234375,0.0265625,0.0015930833324091,0.88715523,0.005658738828315801
linear_gaussian,303,1701,transformer_mdn4,boundary,14,0.2705353410164589,0.0002159825123626,0.9140625,0.8647251322587008,0.04833984375,0.0625,0.0124999999999999,0.0015930833324091,0.8049701,-0.21303451754985803
linear_gaussian,303,1701,transformer_mdn4,boundary,15,0.2793816275992865,0.004169703940906,0.9244791666666666,0.9133971694894528,0.048583984375,0.03125,0.01875,0.0015930833324091,0.9693986,0.14095484516681678
linear_gaussian,303,1701,transformer_mdn4,boundary,16,0.2868650867362327,0.0043790699308621,0.9296875,0.9671727729437763,0.0482635498046875,0.04296875,0.00703125,0.0015930833324091,0.86220855,0.2980312039619828
linear_gaussian,303,1701,transformer_mdn4,boundary,17,0.2906493532349786,0.0039234253384196,0.9270833333333334,0.9503298778498782,0.0484466552734375,0.06640625,0.0164062499999999,0.0015930833324091,0.93687665,0.22385250828327186
linear_gaussian,303,1701,transformer_mdn4,boundary,18,0.2860448460821639,0.0018777759493376,0.9244791666666666,0.9423166178801607,0.0491790771484375,0.08203125,0.03203125,0.0015930833324091,0.937136,0.22191893360675818
linear_gaussian,303,1701,transformer_mdn4,boundary,19,0.2902001218604221,0.0024354814863362,0.9036458333333334,0.8835973648978624,0.0494384765625,0.015625,0.034375,0.0015930833324091,0.88248557,0.1005376508003617
linear_gaussian,303,1701,transformer_mdn4,boundary,20,0.2818664440695347,0.0028026146235133,0.9440104166666666,0.9564469765269892,0.0482177734375,0.0546875,0.0046874999999999,0.0015930833324091,0.9467775,0.257703893399849
linear_gaussian,303,1701,transformer_mdn4,boundary,21,0.2782145247998492,0.0009715795187269,0.9427083333333334,0.9089646637519868,0.050048828125,0.09375,0.04375,0.0015930833324091,0.93580997,0.1468497445351029
linear_gaussian,303,1701,transformer_mdn4,boundary,22,0.266728504904863,0.0001132394530416,0.9309895833333334,0.8675211348999957,0.0497283935546875,0.08984375,0.03984375,0.0015930833324091,0.905638,-0.05695117213665002
linear_gaussian,303,1701,transformer_mdn4,boundary,23,0.2972977012638138,0.0069871350646092,0.92578125,0.9805644921910612,0.0482177734375,0.046875,0.003125,0.0015930833324091,0.89746964,0.25828968784870154
linear_gaussian,303,1701,transformer_mdn4,extrapolated,0,0.6548420096640593,0.2834480849175029,0.796875,1.6095586854837698,0.0487518310546875,0.02734375,0.02265625,0.0015522847097599,0.77060795,1.9577492406135941
linear_gaussian,303,1701,transformer_mdn4,extrapolated,1,0.7815041618298594,0.3954806199409471,0.6809895833333334,1.4348308899628128,0.0503997802734375,0.00390625,0.04609375,0.0015522847097599,0.7848827,1.634551160550728
linear_gaussian,303,1701,transformer_mdn4,extrapolated,2,0.7581592688367199,0.3693288428875618,0.75390625,1.5409052560703878,0.05078125,0.0,0.05,0.0015522847097599,0.78459835,1.7132714917427445
linear_gaussian,303,1701,transformer_mdn4,extrapolated,3,1.435156600137189,1.2030578658785571,0.3619791666666667,1.7821363104235493,0.05078125,0.0,0.05,0.0015522847097599,0.7766687,2.273281448102608
linear_gaussian,303,1701,transformer_mdn4,extrapolated,4,0.8068503600262252,0.4064428765839844,0.6002604166666666,1.5026035507846938,0.05078125,0.0,0.05,0.0015522847097599,0.78237945,1.6878126790291215
linear_gaussian,303,1701,transformer_mdn4,extrapolated,5,0.9064633022775568,0.5210973717825249,0.578125,1.6073339993004525,0.05078125,0.0,0.05,0.0015522847097599,0.7895173,1.775277250028267
linear_gaussian,303,1701,transformer_mdn4,extrapolated,6,1.380874761192676,1.137521011443283,0.5104166666666666,1.9185506084305048,0.05078125,0.0,0.05,0.0015522847097599,0.76699924,2.310397975659981
linear_gaussian,303,1701,transformer_mdn4,extrapolated,7,0.6549048961270201,0.2606709316066025,0.74609375,1.5202467900754302,0.0497283935546875,0.01171875,0.03828125,0.0015522847097599,0.7992617,1.7238069703346635
linear_gaussian,303,1701,transformer_mdn4,extrapolated,8,0.985244433171398,0.6248253985896507,0.5924479166666666,1.7745446543876524,0.050048828125,0.0078125,0.0421875,0.0015522847097599,0.7819729,2.181696765638008
linear_gaussian,303,1701,transformer_mdn4,extrapolated,9,1.3332413092441922,1.052482196738251,0.4401041666666667,1.7375174217546343,0.05078125,0.0,0.05,0.0015522847097599,0.7742051,2.087301128125801
linear_gaussian,303,1701,transformer_mdn4,extrapolated,10,0.9470932446995766,0.5406913242190375,0.640625,1.655834607586745,0.05078125,0.0,0.05,0.0015522847097599,0.768586,1.8580709626442338
linear_gaussian,303,1701,transformer_mdn4,extrapolated,11,0.8144234282125098,0.4435458887659542,0.7565104166666666,1.712984658114526,0.0503997802734375,0.00390625,0.04609375,0.0015522847097599,0.7780945,1.9716409375435258
linear_gaussian,303,1701,transformer_mdn4,extrapolated,12,0.772600473895511,0.399242214015731,0.6901041666666666,1.591662403105995,0.0503997802734375,0.00390625,0.04609375,0.0015522847097599,0.7878612,1.8278692891365433
linear_gaussian,303,1701,transformer_mdn4,extrapolated,13,0.6906849653849579,0.301510189529412,0.7174479166666666,1.5296196172782146,0.050048828125,0.0078125,0.0421875,0.0015522847097599,0.7926677,1.6632388760811234
linear_gaussian,303,1701,transformer_mdn4,extrapolated,14,1.188251031853242,0.9066687853335088,0.4817708333333333,1.8944006190953495,0.0503997802734375,0.00390625,0.04609375,0.0015522847097599,0.7769717,2.2855490376716996
linear_gaussian,303,1701,transformer_mdn4,extrapolated,15,0.8842677401478253,0.5091491501963633,0.63671875,1.64974119522826,0.05078125,0.0,0.05,0.0015522847097599,0.7789607,1.8025611569649125
linear_gaussian,303,1701,transformer_mdn4,extrapolated,16,0.7183758865660471,0.3317161830215002,0.73046875,1.605699573277396,0.0503997802734375,0.00390625,0.04609375,0.0015522847097599,0.787771,1.8474813630348588
linear_gaussian,303,1701,transformer_mdn4,extrapolated,17,0.7621081370724592,0.3873520998592268,0.8268229166666666,1.7381744751056465,0.0489501953125,0.0234375,0.0265625,0.0015522847097599,0.7700791,2.080676429486885
linear_gaussian,303,1701,transformer_mdn4,extrapolated,18,1.1798519388571205,0.8641133258561604,0.52734375,1.7752632534002135,0.05078125,0.0,0.05,0.0015522847097599,0.76677096,2.1539643933540726
linear_gaussian,303,1701,transformer_mdn4,extrapolated,19,0.6981155962918761,0.3052335692512501,0.7213541666666666,1.4592102306448762,0.0497283935546875,0.01171875,0.03828125,0.0015522847097599,0.79505014,1.6562570264107133
linear_gaussian,303,1701,transformer_mdn4,extrapolated,20,0.705971360085315,0.3326544754422269,0.8125,1.6588660001118818,0.0484466552734375,0.03515625,0.01484375,0.0015522847097599,0.77528554,1.8939074208504105
linear_gaussian,303,1701,transformer_mdn4,extrapolated,21,0.8364473227624838,0.4824724486964939,0.66015625,1.6822628818843963,0.0503997802734375,0.00390625,0.04609375,0.0015522847097599,0.78202236,1.898465030408516
linear_gaussian,303,1701,transformer_mdn4,extrapolated,22,0.6312039532850051,0.2531781370242579,0.7486979166666666,1.4032799224215755,0.0503997802734375,0.00390625,0.04609375,0.0015522847097599,0.7944574,1.5428806473976517
linear_gaussian,303,1701,transformer_mdn4,extrapolated,23,0.7695241258842792,0.423728694427102,0.6510416666666666,1.5486432231823608,0.0503997802734375,0.00390625,0.04609375,0.0015522847097599,0.78987557,1.7172654797798539
linear_gaussian,303,2903,transformer_mdn4,central,0,0.2816612934109144,0.0017978681705364,0.8854166666666666,0.8073555438640511,0.0482025146484375,0.05078125,0.0007812499999999,0.001479081583966,1.0735363,-0.1327220270866012
linear_gaussian,303,2903,transformer_mdn4,central,1,0.2657901425529562,0.0014025104395595,0.9192708333333334,0.8224284201599122,0.050048828125,0.09375,0.04375,0.001479081583966,1.070243,-0.29079521396099084
linear_gaussian,303,2903,transformer_mdn4,central,2,0.2767063946226918,0.0029799869080857,0.90234375,0.797327337863743,0.0503997802734375,0.09765625,0.04765625,0.001479081583966,1.0608945,-0.19971264102397912
linear_gaussian,303,2903,transformer_mdn4,central,3,0.2834209676198736,0.0010268712713507,0.8893229166666666,0.838927071945608,0.059326171875,0.15625,0.10625,0.001479081583966,1.063207,-0.21169532039104455
linear_gaussian,303,2903,transformer_mdn4,central,4,0.2740938128625682,0.0013789626766297,0.9231770833333334,0.8731423961418283,0.0494384765625,0.0859375,0.0359375,0.001479081583966,1.0766428,-0.12480009295879357
linear_gaussian,303,2903,transformer_mdn4,central,5,0.2752824461339368,0.0011456950667859,0.8658854166666666,0.7171485828947847,0.0482025146484375,0.05078125,0.0007812499999999,0.001479081583966,0.8924349,-0.6846300432914352
linear_gaussian,303,2903,transformer_mdn4,central,6,0.288483177953218,0.0009846525728939,0.88671875,0.8116304344518795,0.0482025146484375,0.05078125,0.0007812499999999,0.001479081583966,0.955507,-0.35488475062786096
linear_gaussian,303,2903,transformer_mdn4,central,7,0.2923431283997224,0.0044011205010451,0.9036458333333334,0.8871765417439633,0.0511932373046875,0.10546875,0.05546875,0.001479081583966,0.9225215,-0.22408760287700646
linear_gaussian,303,2903,transformer_mdn4,central,8,0.29053178030578,0.0050827168886243,0.87109375,0.7915402872050669,0.048583984375,0.0703125,0.0203124999999999,0.001479081583966,1.0492908,-0.38485134341655725
linear_gaussian,303,2903,transformer_mdn4,central,9,0.2798244484524862,0.0036069298771026,0.8658854166666666,0.765150459619495,0.050048828125,0.09375,0.04375,0.001479081583966,1.0746356,-0.438318736338005
linear_gaussian,303,2903,transformer_mdn4,central,10,0.2903426842268895,0.0062383617561417,0.8294270833333334,0.7413647539292466,0.0494384765625,0.0859375,0.0359375,0.001479081583966,1.0518699,-0.5167726347678756
linear_gaussian,303,2903,transformer_mdn4,central,11,0.2772156313441263,0.0001441053058202,0.8919270833333334,0.8200660062688866,0.0494384765625,0.0859375,0.0359375,0.001479081583966,1.0399417,-0.19011283614574426
linear_gaussian,303,2903,transformer_mdn4,central,12,0.2709345511811923,0.0007469960509299,0.9192708333333334,0.846724201555204,0.0487518310546875,0.07421875,0.0242187499999999,0.001479081583966,0.96161985,-0.27645099856792443
linear_gaussian,303,2903,transformer_mdn4,central,13,0.2773831646397829,0.0011693043414565,0.8658854166666666,0.7748029066443353,0.0521087646484375,0.11328125,0.06328125,0.001479081583966,1.0971504,-0.40802729823528283
linear_gaussian,303,2903,transformer_mdn4,central,14,0.2866918747305948,9.856621131899471e-06,0.8776041666666666,0.7822939767127215,0.0482635498046875,0.04296875,0.00703125,0.001479081583966,0.9287211,-0.48974776961742394
linear_gaussian,303,2903,transformer_mdn4,central,15,0.2739986516421725,0.0016756915013061,0.8841145833333334,0.7999296668422774,0.0487518310546875,0.07421875,0.0242187499999999,0.001479081583966,1.0230836,-0.3604106972449874
linear_gaussian,303,2903,transformer_mdn4,central,16,0.3012255499515184,0.0024069449174812,0.8736979166666666,0.8329107630312872,0.0537109375,0.125,0.075,0.001479081583966,1.0536172,-0.1562842200034713
linear_gaussian,303,2903,transformer_mdn4,central,17,0.2705646180890029,0.001942126116669,0.9231770833333334,0.8560370941922599,0.0494384765625,0.0859375,0.0359375,0.001479081583966,1.0411142,-0.1399728129142379
linear_gaussian,303,2903,transformer_mdn4,central,18,0.2803117593308087,0.0015416226563139,0.9270833333333334,0.8535391195036525,0.048583984375,0.0703125,0.0203124999999999,0.001479081583966,1.0457271,-0.08115089633403771
linear_gaussian,303,2903,transformer_mdn4,central,19,0.2930291516049129,0.0021672064831211,0.9114583333333334,0.8437809978849499,0.050048828125,0.09375,0.04375,0.001479081583966,1.0082822,-0.2849735090964889
linear_gaussian,303,2903,transformer_mdn4,central,20,0.2824335645025649,0.0059759442979462,0.8723958333333334,0.7996111409163001,0.0619354248046875,0.16796875,0.11796875,0.001479081583966,1.0728236,-0.3056496451133346
linear_gaussian,303,2903,transformer_mdn4,central,21,0.303339810612417,0.0053736204444105,0.8333333333333334,0.742704437978241,0.0489501953125,0.078125,0.0281249999999999,0.001479081583966,1.0682049,-0.42327035167156213
linear_gaussian,303,2903,transformer_mdn4,central,22,0.315813135507808,0.0036261282401813,0.8216145833333334,0.7657674060189418,0.0489501953125,0.078125,0.0281249999999999,0.001479081583966,0.9852176,-0.3759824106925582
linear_gaussian,303,2903,transformer_mdn4,central,23,0.2824427973763488,0.0013174733414698,0.8958333333333334,0.8327785675277983,0.0482177734375,0.0546875,0.0046874999999999,0.001479081583966,1.0556225,-0.04653824069438928
linear_gaussian,303,2903,transformer_mdn4,boundary,0,0.2861947031478072,0.0022658891669495,0.9127604166666666,0.8771165295031519,0.04833984375,0.0625,0.0124999999999999,0.0016320399178463,1.0219085,-0.15831113555370324
linear_gaussian,303,2903,transformer_mdn4,boundary,1,0.2835809044932964,0.0024602163963324,0.9127604166666666,0.8621696428806639,0.0484466552734375,0.06640625,0.0164062499999999,0.0016320399178463,0.96901625,-0.20251870849071496
linear_gaussian,303,2903,transformer_mdn4,boundary,2,0.3026744692651684,0.005614317160621,0.859375,0.7843587433282951,0.0487518310546875,0.07421875,0.0242187499999999,0.0016320399178463,0.85394293,-0.3158049652808761
linear_gaussian,303,2903,transformer_mdn4,boundary,3,0.3029431887007719,0.0061925181445876,0.86328125,0.8183984739104181,0.0484466552734375,0.03515625,0.01484375,0.0016320399178463,0.964298,-0.35819984176097863
linear_gaussian,303,2903,transformer_mdn4,boundary,4,0.2817761489797665,0.0025537347845026,0.91796875,0.9037662909124028,0.04833984375,0.0625,0.0124999999999999,0.0016320399178463,0.99451524,-0.1396952936881637
linear_gaussian,303,2903,transformer_mdn4,boundary,5,0.2872312011159178,0.005349510112534,0.8854166666666666,0.8042910205643629,0.0482635498046875,0.05859375,0.0085937499999999,0.0016320399178463,0.85494,-0.3279030392402267
linear_gaussian,303,2903,transformer_mdn4,boundary,6,0.2756071679711542,0.0020456935732458,0.8958333333333334,0.8260682312342172,0.048583984375,0.03125,0.01875,0.0016320399178463,1.0448042,-0.21071589686809533
linear_gaussian,303,2903,transformer_mdn4,boundary,7,0.3021622968926152,0.0067302468887966,0.8919270833333334,0.8714953333458997,0.0489501953125,0.078125,0.0281249999999999,0.0016320399178463,0.95411074,-0.31253994204936975
linear_gaussian,303,2903,transformer_mdn4,boundary,8,0.2789479008774196,0.0032245561555345,0.9361979166666666,0.9133015086706484,0.04833984375,0.0625,0.0124999999999999,0.0016320399178463,0.99420756,-0.02970231273113244
linear_gaussian,303,2903,transformer_mdn4,boundary,9,0.2771722260545296,0.0018194124571836,0.9075520833333334,0.8568624196633129,0.0494384765625,0.0859375,0.0359375,0.0016320399178463,0.9743357,-0.17654336192546838
linear_gaussian,303,2903,transformer_mdn4,boundary,10,0.2858601873009785,0.0057940936175623,0.9075520833333334,0.8364347439092285,0.0526123046875,0.1171875,0.0671875,0.0016320399178463,0.88826096,-0.2812578747504806
linear_gaussian,303,2903,transformer_mdn4,boundary,11,0.272460329528828,0.0012321127861816,0.9127604166666666,0.871768350004897,0.0484466552734375,0.06640625,0.0164062499999999,0.0016320399178463,0.9021313,-0.21832240321575158
linear_gaussian,303,2903,transformer_mdn4,boundary,12,0.2799194651388828,0.0011534390594803,0.9283854166666666,0.922074400396907,0.0497283935546875,0.08984375,0.03984375,0.0016320399178463,0.9925573,-0.1138488123649215
linear_gaussian,303,2903,transformer_mdn4,boundary,13,0.2716187308498911,0.0014744594548226,0.9140625,0.8474969520852316,0.0482025146484375,0.05078125,0.0007812499999999,0.0016320399178463,0.912945,-0.2202330897086715
linear_gaussian,303,2903,transformer_mdn4,boundary,14,0.2734761534833065,0.0043375276673576,0.9049479166666666,0.8495298094328213,0.0497283935546875,0.08984375,0.03984375,0.0016320399178463,0.9577625,-0.19485641219554894
linear_gaussian,303,2903,transformer_mdn4,boundary,15,0.2786047988390954,0.0046869185058251,0.9140625,0.834092898326167,0.0482025146484375,0.05078125,0.0007812499999999,0.0016320399178463,0.9872231,-0.2671083281272506
linear_gaussian,303,2903,transformer_mdn4,boundary,16,0.278570337282207,0.000928516172183,0.9127604166666666,0.8453351559880474,0.0482635498046875,0.04296875,0.00703125,0.0016320399178463,0.95781636,-0.2482322523826217
linear_gaussian,303,2903,transformer_mdn4,boundary,17,0.288772013351267,0.0039409692293399,0.89453125,0.850685853922967,0.0491790771484375,0.08203125,0.03203125,0.0016320399178463,0.9700364,-0.2638969490760421
linear_gaussian,303,2903,transformer_mdn4,boundary,18,0.2961393380577827,0.0047077726631512,0.8919270833333334,0.8761381696815697,0.0482025146484375,0.05078125,0.0007812499999999,0.0016320399178463,0.9974803,-0.1400796244376754
linear_gaussian,303,2903,transformer_mdn4,boundary,19,0.291238310040694,0.0023735780482671,0.88671875,0.8293497567745615,0.0497283935546875,0.01171875,0.03828125,0.0016320399178463,0.9696942,-0.22327197291790002
linear_gaussian,303,2903,transformer_mdn4,boundary,20,0.2704150980867759,0.0005966735836466,0.9231770833333334,0.8851115174461354,0.0482635498046875,0.04296875,0.00703125,0.0016320399178463,0.92344165,-0.10851562716899865
linear_gaussian,303,2903,transformer_mdn4,boundary,21,0.2772367960827469,0.0034732226223042,0.921875,0.8502803538353282,0.0487518310546875,0.07421875,0.0242187499999999,0.0016320399178463,1.0369346,-0.23850405909954064
linear_gaussian,303,2903,transformer_mdn4,boundary,22,0.2746400147985581,0.0037534010023386,0.9244791666666666,0.8708299795295238,0.0484466552734375,0.06640625,0.0164062499999999,0.0016320399178463,1.0424515,-0.20379830100475305
linear_gaussian,303,2903,transformer_mdn4,boundary,23,0.2864463209707305,0.0011587525463066,0.87109375,0.7949397316921939,0.0482635498046875,0.05859375,0.0085937499999999,0.0016320399178463,0.88925415,-0.23125339248119348
linear_gaussian,303,2903,transformer_mdn4,extrapolated,0,0.6711423988029412,0.220341970594007,0.53125,0.9530581921913862,0.05078125,0.0,0.05,0.0015085503764566,0.92889625,0.028955095029487676
linear_gaussian,303,2903,transformer_mdn4,extrapolated,1,0.7311616006307208,0.2766133208785596,0.45703125,0.92233606821681,0.05078125,0.0,0.05,0.0015085503764566,0.86307687,0.006656043744697637
linear_gaussian,303,2903,transformer_mdn4,extrapolated,2,0.6985297775377309,0.2586008045294063,0.54296875,0.9483151782571648,0.05078125,0.0,0.05,0.0015085503764566,0.9004363,-0.09607494571147912
linear_gaussian,303,2903,transformer_mdn4,extrapolated,3,1.3978135009599173,0.9105429635290596,0.1588541666666666,1.06112098514481,0.05078125,0.0,0.05,0.0015085503764566,0.8961744,0.13144671223224647
linear_gaussian,303,2903,transformer_mdn4,extrapolated,4,0.7550827724316826,0.2785712613099518,0.4049479166666667,0.9766858216829286,0.05078125,0.0,0.05,0.0015085503764566,0.85369223,0.08183562061847693
linear_gaussian,303,2903,transformer_mdn4,extrapolated,5,0.9398463318783808,0.4349569841728922,0.2591145833333333,0.9663199598527054,0.05078125,0.0,0.05,0.0015085503764566,0.8746569,-0.015378362917289667
linear_gaussian,303,2903,transformer_mdn4,extrapolated,6,1.425829941087898,0.9655931548549256,0.2278645833333333,1.0578357614444756,0.05078125,0.0,0.05,0.0015085503764566,0.8785439,0.37819396755756385
linear_gaussian,303,2903,transformer_mdn4,extrapolated,7,0.6641104070883614,0.2118767089343095,0.51953125,0.9548977487007276,0.05078125,0.0,0.05,0.0015085503764566,0.8840336,0.04715739986957557
linear_gaussian,303,2903,transformer_mdn4,extrapolated,8,1.054911345298974,0.542951935246429,0.3020833333333333,1.0030509217894932,0.05078125,0.0,0.05,0.0015085503764566,0.95767564,0.028492086148872442
linear_gaussian,303,2903,transformer_mdn4,extrapolated,9,1.321750675062796,0.8407225480008846,0.21484375,1.0923064162469494,0.05078125,0.0,0.05,0.0015085503764566,0.86499435,0.2932296921974564
linear_gaussian,303,2903,transformer_mdn4,extrapolated,10,0.9301047303904528,0.4152962605621728,0.39453125,1.0044797939534689,0.05078125,0.0,0.05,0.0015085503764566,0.8650845,0.1404069592720414
linear_gaussian,303,2903,transformer_mdn4,extrapolated,11,0.7911958924914246,0.3155257925148987,0.4140625,0.9459765162672604,0.05078125,0.0,0.05,0.0015085503764566,0.9230277,-0.13799155452190393
linear_gaussian,303,2903,transformer_mdn4,extrapolated,12,0.7448084226318714,0.2947319204397121,0.5026041666666666,0.9577098227977152,0.05078125,0.0,0.05,0.0015085503764566,0.8673755,0.033834569669380254
linear_gaussian,303,2903,transformer_mdn4,extrapolated,13,0.6763011975864033,0.2266859854788233,0.515625,0.9254921097606996,0.05078125,0.0,0.05,0.0015085503764566,0.93977183,-0.1526972124808883
linear_gaussian,303,2903,transformer_mdn4,extrapolated,14,1.1698212061914586,0.6983617380884021,0.30078125,1.0831903037134982,0.05078125,0.0,0.05,0.0015085503764566,0.93727005,0.22444569370807654
linear_gaussian,303,2903,transformer_mdn4,extrapolated,15,0.9326643578257824,0.4567745065868889,0.4518229166666667,1.0245341411346098,0.05078125,0.0,0.05,0.0015085503764566,0.8565849,0.24778067371906287
linear_gaussian,303,2903,transformer_mdn4,extrapolated,16,0.6302851547663496,0.1946439289615655,0.5638020833333334,0.9347404228120652,0.0503997802734375,0.00390625,0.04609375,0.0015085503764566,0.8598403,-0.044209606432304316
linear_gaussian,303,2903,transformer_mdn4,extrapolated,17,0.7917204775505442,0.316395982149423,0.4713541666666667,0.940919076764959,0.0503997802734375,0.00390625,0.04609375,0.0015085503764566,0.9134649,-0.0283075640433883
linear_gaussian,303,2903,transformer_mdn4,extrapolated,18,1.2364775979156284,0.7496543695788817,0.3059895833333333,1.059606408364137,0.05078125,0.0,0.05,0.0015085503764566,0.86893904,0.222958438611641
linear_gaussian,303,2903,transformer_mdn4,extrapolated,19,0.660853292710121,0.2181488052531935,0.515625,0.964190188066988,0.05078125,0.0,0.05,0.0015085503764566,0.88005936,0.03168665669025428
linear_gaussian,303,2903,transformer_mdn4,extrapolated,20,0.6751502802713611,0.2352995591194134,0.4973958333333333,0.8828039064837915,0.05078125,0.0,0.05,0.0015085503764566,0.9353413,-0.08850897052227014
linear_gaussian,303,2903,transformer_mdn4,extrapolated,21,0.8741457924128028,0.400330028264296,0.4205729166666667,1.013584616506783,0.05078125,0.0,0.05,0.0015085503764566,0.95297307,0.11084210178913123
linear_gaussian,303,2903,transformer_mdn4,extrapolated,22,0.6345173006958633,0.2110367251963791,0.53515625,0.9463661864015588,0.05078125,0.0,0.05,0.0015085503764566,0.8801209,-0.06520689227519982
linear_gaussian,303,2903,transformer_mdn4,extrapolated,23,0.7826621121735964,0.3480912335991467,0.4322916666666667,0.9478886891774024,0.05078125,0.0,0.05,0.0015085503764566,0.89483905,-0.06573069789348596
nonlinear_heteroskedastic,101,1701,transformer_mdn4,central,0,0.2935384122718198,0.0031212467281806,0.84375,0.771638847767694,0.0482635498046875,0.05859375,0.0085937499999999,0.0014705607924649,0.5078156,-0.3602803858810888
nonlinear_heteroskedastic,101,1701,transformer_mdn4,central,1,0.2887526565860761,0.0001140975506162,0.875,0.8113569296961266,0.04833984375,0.0390625,0.0109375,0.0014705607924649,0.53672194,-0.09020339575352532
nonlinear_heteroskedastic,101,1701,transformer_mdn4,central,2,0.2698232781093733,0.005554819671514,0.8268229166666666,0.6568044213482129,0.0482025146484375,0.05078125,0.0007812499999999,0.0014705607924649,0.42412522,-0.6355580600792394
nonlinear_heteroskedastic,101,1701,transformer_mdn4,central,3,0.2608346120580153,0.0010149851252864,0.8645833333333334,0.6831702649907682,0.048583984375,0.03125,0.01875,0.0014705607924649,0.42128855,-0.7461090597206579
nonlinear_heteroskedastic,101,1701,transformer_mdn4,central,4,0.2726808671352178,0.00225092132226,0.87109375,0.6978223193179126,0.0494384765625,0.015625,0.034375,0.0014705607924649,0.39379442,-0.6934559258514867
nonlinear_heteroskedastic,101,1701,transformer_mdn4,central,5,0.3117722288611984,0.0041648952871528,0.9088541666666666,0.9334613446034372,0.048583984375,0.0703125,0.0203124999999999,0.0014705607924649,0.5650325,0.1596849051421656
nonlinear_heteroskedastic,101,1701,transformer_mdn4,central,6,0.2721477470139255,0.0013539228083986,0.8723958333333334,0.7434654947332393,0.0484466552734375,0.03515625,0.01484375,0.0014705607924649,0.46856794,-0.5440928253227697
nonlinear_heteroskedastic,101,1701,transformer_mdn4,central,7,0.3116356642919011,0.0009031469576263,0.8984375,0.922234195754148,0.0482025146484375,0.05078125,0.0007812499999999,0.0014705607924649,0.5816696,0.2701667633956446
nonlinear_heteroskedastic,101,1701,transformer_mdn4,central,8,0.3031468527383262,0.0006256588382706,0.8776041666666666,0.8433623774649325,0.048583984375,0.03125,0.01875,0.0014705607924649,0.44551286,0.04671038064417976
nonlinear_heteroskedastic,101,1701,transformer_mdn4,central,9,0.2704971001398761,0.0008639151686922,0.9270833333333334,0.8575200802148331,0.050048828125,0.09375,0.04375,0.0014705607924649,0.44457555,-0.08239065733494622
nonlinear_heteroskedastic,101,1701,transformer_mdn4,central,10,0.3194296686447583,0.0030373480062585,0.8528645833333334,0.8418749607456655,0.0487518310546875,0.02734375,0.02265625,0.0014705607924649,0.44302046,-0.1313776883179174
nonlinear_heteroskedastic,101,1701,transformer_mdn4,central,11,0.3192615847817381,0.0067304682222278,0.84765625,0.8509033274553858,0.0497283935546875,0.08984375,0.03984375,0.0014705607924649,0.5732582,0.026406535238601148
nonlinear_heteroskedastic,101,1701,transformer_mdn4,central,12,0.270414326330208,0.0027886769141941,0.8997395833333334,0.773547494897595,0.048583984375,0.03125,0.01875,0.0014705607924649,0.4214741,-0.40388404455723625
nonlinear_heteroskedastic,101,1701,transformer_mdn4,central,13,0.2704838001731485,0.0074116320474857,0.8385416666666666,0.720090322724876,0.0494384765625,0.0859375,0.0359375,0.0014705607924649,0.44670725,-0.352767697244309
nonlinear_heteroskedastic,101,1701,transformer_mdn4,central,14,0.2592880156919874,0.0024702717734259,0.8763020833333334,0.7012516982967786,0.04833984375,0.0390625,0.0109375,0.0014705607924649,0.3906731,-0.4191361578995214
nonlinear_heteroskedastic,101,1701,transformer_mdn4,central,15,0.26409486632245,0.0045480931287669,0.828125,0.6536641794162783,0.0482635498046875,0.04296875,0.00703125,0.0014705607924649,0.38624075,-0.7667804273659216
nonlinear_heteroskedastic,101,1701,transformer_mdn4,central,16,0.294363491975341,0.0026507430174071,0.875,0.8011072315317556,0.048583984375,0.0703125,0.0203124999999999,0.0014705607924649,0.5930692,-0.10874163237156731
nonlinear_heteroskedastic,101,1701,transformer_mdn4,central,17,0.3053761719952566,0.0002485337815723,0.87109375,0.8438039254876996,0.0491790771484375,0.01953125,0.03046875,0.0014705607924649,0.5403595,-0.010869851976059497
nonlinear_heteroskedastic,101,1701,transformer_mdn4,central,18,0.2834005149007004,0.0022675679296487,0.8671875,0.7653847060855202,0.0491790771484375,0.08203125,0.03203125,0.0014705607924649,0.5438899,-0.24858199682774407
nonlinear_heteroskedastic,101,1701,transformer_mdn4,central,19,0.276139072743256,0.0007712525326486,0.8450520833333334,0.6804200031950014,0.0484466552734375,0.03515625,0.01484375,0.0014705607924649,0.36505416,-0.6516547116333471
nonlinear_heteroskedastic,101,1701,transformer_mdn4,central,20,0.2570779503027801,0.0034493051466295,0.8802083333333334,0.6993666626416655,0.0491790771484375,0.08203125,0.03203125,0.0014705607924649,0.43145743,-0.5191874417358862
nonlinear_heteroskedastic,101,1701,transformer_mdn4,central,21,0.2719443291158568,0.0048297147571796,0.8763020833333334,0.7789855037490084,0.0484466552734375,0.06640625,0.0164062499999999,0.0014705607924649,0.47337207,-0.25802361097874504
nonlinear_heteroskedastic,101,1701,transformer_mdn4,central,22,0.296264476905034,0.0016935557111014,0.8919270833333334,0.8461093060525379,0.048583984375,0.03125,0.01875,0.0014705607924649,0.5639683,-0.11343084898533684
nonlinear_heteroskedastic,101,1701,transformer_mdn4,central,23,0.2576727922971753,0.0048862066538764,0.8606770833333334,0.6822324957807796,0.050048828125,0.09375,0.04375,0.0014705607924649,0.38767937,-0.457342675595902
nonlinear_heteroskedastic,101,1701,transformer_mdn4,boundary,0,0.3316888591550146,0.0004935406158211,0.8828125,0.9975136655035794,0.04833984375,0.0625,0.0124999999999999,0.001457536459687,0.6683614,0.2466076699203028
nonlinear_heteroskedastic,101,1701,transformer_mdn4,boundary,1,0.2984196133422825,0.0026781630409123,0.9114583333333334,0.8949722236804872,0.04833984375,0.0390625,0.0109375,0.001457536459687,0.53700733,-0.06847881403508049
nonlinear_heteroskedastic,101,1701,transformer_mdn4,boundary,2,0.3210080518508504,0.0006865215895971,0.9088541666666666,1.001384137477014,0.0482635498046875,0.04296875,0.00703125,0.001457536459687,0.6615448,0.2848343935912623
nonlinear_heteroskedastic,101,1701,transformer_mdn4,boundary,3,0.3279494521149312,0.0024220939047665,0.8723958333333334,0.938844289955466,0.0511932373046875,0.10546875,0.05546875,0.001457536459687,0.6889948,0.26688314351496834
nonlinear_heteroskedastic,101,1701,transformer_mdn4,boundary,4,0.3071925111432097,0.0018107321598866,0.8958333333333334,0.9088196282635542,0.048583984375,0.0703125,0.0203124999999999,0.001457536459687,0.59912056,0.05912006768641609
nonlinear_heteroskedastic,101,1701,transformer_mdn4,boundary,5,0.291144584878897,0.0027979414943212,0.921875,0.9226634614077142,0.04833984375,0.0390625,0.0109375,0.001457536459687,0.57153904,0.08004785451350349
nonlinear_heteroskedastic,101,1701,transformer_mdn4,boundary,6,0.3313829566256109,0.0023765148263881,0.8671875,0.9014747597935334,0.04833984375,0.0390625,0.0109375,0.001457536459687,0.6609473,0.16512883576808113
nonlinear_heteroskedastic,101,1701,transformer_mdn4,boundary,7,0.3316483309938954,0.0032019441589731,0.875,0.9068934827420966,0.0482635498046875,0.05859375,0.0085937499999999,0.001457536459687,0.66190076,0.1931535092299952
nonlinear_heteroskedastic,101,1701,transformer_mdn4,boundary,8,0.3420781887963498,0.000749570381544,0.8958333333333334,1.0342985853662874,0.048583984375,0.0703125,0.0203124999999999,0.001457536459687,0.68857783,0.40838588151393074
nonlinear_heteroskedastic,101,1701,transformer_mdn4,boundary,9,0.318072534117472,0.0013436596677499,0.859375,0.8578855436590466,0.0484466552734375,0.06640625,0.0164062499999999,0.001457536459687,0.6744803,0.12691379460749763
nonlinear_heteroskedastic,101,1701,transformer_mdn4,boundary,10,0.3128502272370551,0.0005980939071469,0.90234375,0.9601921521457408,0.050048828125,0.09375,0.04375,0.001457536459687,0.63490635,0.17138517770228523
nonlinear_heteroskedastic,101,1701,transformer_mdn4,boundary,11,0.2852130747600818,0.0010263947201836,0.8984375,0.8343505187118287,0.0482177734375,0.0546875,0.0046874999999999,0.001457536459687,0.552661,-0.20139800634922844
nonlinear_heteroskedastic,101,1701,transformer_mdn4,boundary,12,0.2765366237095895,0.0024038244050712,0.9244791666666666,0.8896628308841166,0.04833984375,0.0390625,0.0109375,0.001457536459687,0.51402545,-0.15722750750126702
nonlinear_heteroskedastic,101,1701,transformer_mdn4,boundary,13,0.3239014205864901,0.0014806154326651,0.8971354166666666,0.9390699692577056,0.0482635498046875,0.04296875,0.00703125,0.001457536459687,0.64501244,0.25368429097590584
nonlinear_heteroskedastic,101,1701,transformer_mdn4,boundary,14,0.3169414053642767,0.0026152559012257,0.8958333333333334,0.9018545291358456,0.0482635498046875,0.05859375,0.0085937499999999,0.001457536459687,0.65899086,0.14495743188319343
nonlinear_heteroskedastic,101,1701,transformer_mdn4,boundary,15,0.3290831315526263,0.001394298359715,0.8645833333333334,0.9122414568792032,0.0489501953125,0.078125,0.0281249999999999,0.001457536459687,0.63800114,0.09950340661463875
nonlinear_heteroskedastic,101,1701,transformer_mdn4,boundary,16,0.3073917645350761,0.0006991843584055,0.90234375,0.9003698143664162,0.0482177734375,0.046875,0.003125,0.001457536459687,0.6184758,-0.021622291474960864
nonlinear_heteroskedastic,101,1701,transformer_mdn4,boundary,17,0.3650340488823101,0.0024347108845465,0.8723958333333334,0.9754328095992356,0.0482635498046875,0.05859375,0.0085937499999999,0.001457536459687,0.71395564,0.5033379879897608
nonlinear_heteroskedastic,101,1701,transformer_mdn4,boundary,18,0.3347990574784387,0.0008690358038488,0.90234375,1.003568868378352,0.0511932373046875,0.10546875,0.05546875,0.001457536459687,0.6997112,0.4597700921004786
nonlinear_heteroskedastic,101,1701,transformer_mdn4,boundary,19,0.341475221184663,0.000646160412155,0.8971354166666666,0.9963261820124816,0.0484466552734375,0.06640625,0.0164062499999999,0.001457536459687,0.655462,0.28240300092158455
nonlinear_heteroskedastic,101,1701,transformer_mdn4,boundary,20,0.3498690092181199,0.000347779377332,0.8932291666666666,0.99517425495951,0.04833984375,0.0625,0.0124999999999999,0.001457536459687,0.67675257,0.3165994969314112
nonlinear_heteroskedastic,101,1701,transformer_mdn4,boundary,21,0.2951245723822607,0.0007177214287354,0.8619791666666666,0.8380315505517917,0.0484466552734375,0.03515625,0.01484375,0.001457536459687,0.5509956,-0.14468132582249504
nonlinear_heteroskedastic,101,1701,transformer_mdn4,boundary,22,0.2833735295981863,0.0002256615114072,0.9375,0.963088707107882,0.0555877685546875,0.13671875,0.08671875,0.001457536459687,0.59326136,0.08909929665980476
nonlinear_heteroskedastic,101,1701,transformer_mdn4,boundary,23,0.3639924962419713,0.0004586870019859,0.8893229166666666,1.0681536486670902,0.048583984375,0.0703125,0.0203124999999999,0.001457536459687,0.6973848,0.565271386236526
nonlinear_heteroskedastic,101,1701,transformer_mdn4,extrapolated,0,0.6651873402863647,0.2279923271588261,0.609375,1.1642464243851014,0.0503997802734375,0.00390625,0.04609375,0.0015451458336125,0.6980916,0.7440112915938868
nonlinear_heteroskedastic,101,1701,transformer_mdn4,extrapolated,1,0.4838262639048016,0.1081431814262529,0.80078125,1.186168162083111,0.05078125,0.1015625,0.0515625,0.0015451458336125,0.72181755,0.8948310700362696
nonlinear_heteroskedastic,101,1701,transformer_mdn4,extrapolated,2,1.097670396415201,0.6870429521816567,0.2994791666666667,1.303186583701368,0.0503997802734375,0.00390625,0.04609375,0.0015451458336125,0.73534054,0.9327195969527735
nonlinear_heteroskedastic,101,1701,transformer_mdn4,extrapolated,3,0.8880117512244856,0.4656289038891262,0.5364583333333334,1.2873510791823657,0.0489501953125,0.0234375,0.0265625,0.0015451458336125,0.74728495,1.0739244309371485
nonlinear_heteroskedastic,101,1701,transformer_mdn4,extrapolated,4,0.5747900323119111,0.1561662160719021,0.7630208333333334,1.2668433886766983,0.0537109375,0.125,0.075,0.0015451458336125,0.7436725,1.0775269356673731
nonlinear_heteroskedastic,101,1701,transformer_mdn4,extrapolated,5,1.0401410938579665,0.6340816277278639,0.3802083333333333,1.395592733248707,0.050048828125,0.0078125,0.0421875,0.0015451458336125,0.74580216,1.175802597135879
nonlinear_heteroskedastic,101,1701,transformer_mdn4,extrapolated,6,0.6308743533090438,0.2205772629534974,0.6588541666666666,1.2765940696011262,0.048583984375,0.0703125,0.0203124999999999,0.0015451458336125,0.7310232,1.0319255677169337
nonlinear_heteroskedastic,101,1701,transformer_mdn4,extrapolated,7,0.4105641679253038,0.048996719685505,0.8580729166666666,1.0910700793757242,0.0658416748046875,0.18359375,0.13359375,0.0015451458336125,0.69356394,0.6273282853072657
nonlinear_heteroskedastic,101,1701,transformer_mdn4,extrapolated,8,0.8039251773416082,0.3490278078801341,0.5950520833333334,1.2085936417628798,0.0497283935546875,0.01171875,0.03828125,0.0015451458336125,0.7593988,1.0387781945174708
nonlinear_heteroskedastic,101,1701,transformer_mdn4,extrapolated,9,0.4851257285100786,0.074250505329905,0.8046875,1.237283254315605,0.0562744140625,0.140625,0.090625,0.0015451458336125,0.7416223,1.006986507505752
nonlinear_heteroskedastic,101,1701,transformer_mdn4,extrapolated,10,0.4179048447066389,0.0503100050727151,0.9283854166666666,1.2443383471519025,0.0848388671875,0.2421875,0.1921875,0.0015451458336125,0.72889066,1.0367850151961817
nonlinear_heteroskedastic,101,1701,transformer_mdn4,extrapolated,11,0.5506395697761344,0.1461637975458601,0.62890625,1.1479441112092388,0.04833984375,0.0625,0.0124999999999999,0.0015451458336125,0.70367694,0.7671879616683497
nonlinear_heteroskedastic,101,1701,transformer_mdn4,extrapolated,12,0.4809191105290618,0.0961364343910067,0.7877604166666666,1.2197528207017678,0.048583984375,0.0703125,0.0203124999999999,0.0015451458336125,0.7218325,0.8790766087478175
nonlinear_heteroskedastic,101,1701,transformer_mdn4,extrapolated,13,0.6372854283222888,0.201776412093012,0.7161458333333334,1.253771379314789,0.0516357421875,0.109375,0.059375,0.0015451458336125,0.7461103,1.0639685479110255
nonlinear_heteroskedastic,101,1701,transformer_mdn4,extrapolated,14,0.4709792945380832,0.073515856173153,0.85546875,1.2345512276802104,0.0791015625,0.2265625,0.1765625,0.0015451458336125,0.7370049,0.9586895790999903
nonlinear_heteroskedastic,101,1701,transformer_mdn4,extrapolated,15,0.4456512443738636,0.0794150769487652,0.7747395833333334,1.0853150375339016,0.05078125,0.1015625,0.0515625,0.0015451458336125,0.682916,0.5366070357268824
nonlinear_heteroskedastic,101,1701,transformer_mdn4,extrapolated,16,0.4166634958691423,0.0431282066818267,0.86328125,1.154151426562981,0.0569915771484375,0.14453125,0.09453125,0.0015451458336125,0.7018366,0.7664207306808009
nonlinear_heteroskedastic,101,1701,transformer_mdn4,extrapolated,17,0.5730565276232487,0.1457357466538146,0.7734375,1.2947374961988516,0.0543060302734375,0.12890625,0.07890625,0.0015451458336125,0.7478711,1.1341232148116602
nonlinear_heteroskedastic,101,1701,transformer_mdn4,extrapolated,18,0.4832890315805396,0.0951672307536886,0.7526041666666666,1.1222257086969103,0.054931640625,0.1328125,0.0828125,0.0015451458336125,0.71053976,0.6661490288680567
nonlinear_heteroskedastic,101,1701,transformer_mdn4,extrapolated,19,0.4814471702040135,0.0619810040307146,0.84765625,1.233952535080922,0.069091796875,0.1953125,0.1453125,0.0015451458336125,0.7438673,1.0618585434859766
nonlinear_heteroskedastic,101,1701,transformer_mdn4,extrapolated,20,0.466096828723073,0.0969883366217501,0.7434895833333334,1.1633476731743932,0.0569915771484375,0.14453125,0.09453125,0.0015451458336125,0.6866508,0.7088981953567042
nonlinear_heteroskedastic,101,1701,transformer_mdn4,extrapolated,21,0.4246965036304817,0.0504629516772781,0.83984375,1.1224548214204757,0.0543060302734375,0.12890625,0.07890625,0.0015451458336125,0.68256515,0.6439532128280177
nonlinear_heteroskedastic,101,1701,transformer_mdn4,extrapolated,22,0.4354176716665391,0.0560479483425611,0.8723958333333334,1.158678590419562,0.0702362060546875,0.19921875,0.14921875,0.0015451458336125,0.7147263,0.8564659443801417
nonlinear_heteroskedastic,101,1701,transformer_mdn4,extrapolated,23,0.4361351997806085,0.0606561587655438,0.8619791666666666,1.2486302947019408,0.0562744140625,0.140625,0.090625,0.0015451458336125,0.7232615,0.963456520170547
nonlinear_heteroskedastic,101,2903,transformer_mdn4,central,0,0.290354786856228,0.0011757213493459,0.8658854166666666,0.8304449589328028,0.04833984375,0.0625,0.0124999999999999,0.0015110503348599,0.6615752,-0.10684215155186516
nonlinear_heteroskedastic,101,2903,transformer_mdn4,central,1,0.2949028399772569,0.0019218073153249,0.8971354166666666,0.866041050190197,0.0482635498046875,0.05859375,0.0085937499999999,0.0015110503348599,0.63424534,-0.02304517355503899
nonlinear_heteroskedastic,101,2903,transformer_mdn4,central,2,0.2504238465214121,0.0008577252992496,0.9075520833333334,0.7480849033226695,0.0482635498046875,0.05859375,0.0085937499999999,0.0015110503348599,0.6424987,-0.3300217303329931
nonlinear_heteroskedastic,101,2903,transformer_mdn4,central,3,0.2739107022805249,0.0060199758790764,0.8567708333333334,0.7320431928780854,0.0491790771484375,0.01953125,0.03046875,0.0015110503348599,0.51968884,-0.4783223780685888
nonlinear_heteroskedastic,101,2903,transformer_mdn4,central,4,0.2774374406723046,0.0055641854262321,0.8567708333333334,0.718053061299386,0.04833984375,0.0390625,0.0109375,0.0015110503348599,0.5924095,-0.5644866141373144
nonlinear_heteroskedastic,101,2903,transformer_mdn4,central,5,0.3126302360281586,0.0007468955922146,0.8658854166666666,0.8138248082922953,0.048583984375,0.03125,0.01875,0.0015110503348599,0.53117454,-0.07189427938999993
nonlinear_heteroskedastic,101,2903,transformer_mdn4,central,6,0.2808222605879334,0.006368567088153,0.88671875,0.7794595851248785,0.04833984375,0.0390625,0.0109375,0.0015110503348599,0.5459253,-0.38616835203709465
nonlinear_heteroskedastic,101,2903,transformer_mdn4,central,7,0.320284412622134,0.0041434690380781,0.875,0.9300297424102472,0.0482635498046875,0.05859375,0.0085937499999999,0.0015110503348599,0.65575683,0.14860917005000251
nonlinear_heteroskedastic,101,2903,transformer_mdn4,central,8,0.3083403606264514,0.0011267882282699,0.8294270833333334,0.7814704786717743,0.050048828125,0.0078125,0.0421875,0.0015110503348599,0.5632528,-0.2366449746185766
nonlinear_heteroskedastic,101,2903,transformer_mdn4,central,9,0.2692988865325109,0.0007853424123876,0.83984375,0.6938757319835656,0.0482177734375,0.0546875,0.0046874999999999,0.0015110503348599,0.5776566,-0.4685692700439916
nonlinear_heteroskedastic,101,2903,transformer_mdn4,central,10,0.3137326775517918,0.0010080036615624,0.8723958333333334,0.861319860230075,0.0482177734375,0.046875,0.003125,0.0015110503348599,0.577872,-0.04819749918522698
nonlinear_heteroskedastic,101,2903,transformer_mdn4,central,11,0.3105512168935836,0.0011274459368811,0.8697916666666666,0.8643631360073005,0.0487518310546875,0.07421875,0.0242187499999999,0.0015110503348599,0.62952775,0.037243017286635816
nonlinear_heteroskedastic,101,2903,transformer_mdn4,central,12,0.2726854456065426,0.0039376154926101,0.8684895833333334,0.7286019011976966,0.0497283935546875,0.01171875,0.03828125,0.0015110503348599,0.6277393,-0.53900294628682
nonlinear_heteroskedastic,101,2903,transformer_mdn4,central,13,0.2525252814197979,0.0008689959004557,0.8828125,0.7484055280490641,0.048583984375,0.0703125,0.0203124999999999,0.0015110503348599,0.55518234,-0.3547944935852514
nonlinear_heteroskedastic,101,2903,transformer_mdn4,central,14,0.257605505346657,0.0005993690737284,0.8776041666666666,0.7029089172517686,0.0482177734375,0.046875,0.003125,0.0015110503348599,0.60257226,-0.5997063430840002
nonlinear_heteroskedastic,101,2903,transformer_mdn4,central,15,0.2520101441804583,0.0002930949030604,0.87890625,0.7007942550717633,0.0482177734375,0.046875,0.003125,0.0015110503348599,0.5970602,-0.6134664329582677
nonlinear_heteroskedastic,101,2903,transformer_mdn4,central,16,0.309005361648933,0.0066228864301013,0.8606770833333334,0.8484667195291057,0.0482177734375,0.046875,0.003125,0.0015110503348599,0.6733998,0.09447146329341072
nonlinear_heteroskedastic,101,2903,transformer_mdn4,central,17,0.3132283942508747,0.0038751578455053,0.859375,0.8445907169960812,0.04833984375,0.0390625,0.0109375,0.0015110503348599,0.6666191,0.013480314344741284
nonlinear_heteroskedastic,101,2903,transformer_mdn4,central,18,0.279290201418932,0.0005161470560079,0.90625,0.8301494668649164,0.0487518310546875,0.07421875,0.0242187499999999,0.0015110503348599,0.6359254,-0.08942627039494377
nonlinear_heteroskedastic,101,2903,transformer_mdn4,central,19,0.2814045893161589,0.0046000202782127,0.87109375,0.7494484705417587,0.0484466552734375,0.06640625,0.0164062499999999,0.0015110503348599,0.56207716,-0.5746158274704443
nonlinear_heteroskedastic,101,2903,transformer_mdn4,central,20,0.2504983992756781,0.0003618358711392,0.9114583333333334,0.7324223636548356,0.0489501953125,0.078125,0.0281249999999999,0.0015110503348599,0.53138185,-0.4716181668335424
nonlinear_heteroskedastic,101,2903,transformer_mdn4,central,21,0.2614848773944578,0.0002505455200966,0.8802083333333334,0.7606253315088951,0.048583984375,0.03125,0.01875,0.0015110503348599,0.59578204,-0.19587051001133782
nonlinear_heteroskedastic,101,2903,transformer_mdn4,central,22,0.3060257591473067,0.0059046325512775,0.8776041666666666,0.8475021368434854,0.0491790771484375,0.01953125,0.03046875,0.0015110503348599,0.71147585,-0.008687606721542895
nonlinear_heteroskedastic,101,2903,transformer_mdn4,central,23,0.2504588264277627,0.0008020964707039,0.9114583333333334,0.7684013979433008,0.0491790771484375,0.08203125,0.03203125,0.0015110503348599,0.4005831,-0.44595181074681145
nonlinear_heteroskedastic,101,2903,transformer_mdn4,boundary,0,0.3312068539275729,0.0005172623526717,0.9010416666666666,0.997864338358216,0.0484466552734375,0.06640625,0.0164062499999999,0.0030149791685592,0.4375366,0.08395410451350349
nonlinear_heteroskedastic,101,2903,transformer_mdn4,boundary,1,0.2991778363668091,0.0020369620898121,0.8671875,0.8258974157106982,0.0482635498046875,0.05859375,0.0085937499999999,0.0030149791685592,0.48850033,-0.5693225773865209
nonlinear_heteroskedastic,101,2903,transformer_mdn4,boundary,2,0.3234960893449365,0.0010758230897744,0.9088541666666666,1.020547216670073,0.0494384765625,0.0859375,0.0359375,0.0030149791685592,0.40849638,0.005204328626967847
nonlinear_heteroskedastic,101,2903,transformer_mdn4,boundary,3,0.3251556121725732,0.0002922405399993,0.90234375,1.0013911444955017,0.0497283935546875,0.08984375,0.03984375,0.0030149791685592,0.5421905,0.21792996797022957
nonlinear_heteroskedastic,101,2903,transformer_mdn4,boundary,4,0.3078917035494714,0.0014143696484852,0.86328125,0.8418305874990905,0.04833984375,0.0625,0.0124999999999999,0.0030149791685592,0.5966327,-0.3570830139214025
nonlinear_heteroskedastic,101,2903,transformer_mdn4,boundary,5,0.2863610871920621,0.0011215448324396,0.8385416666666666,0.7386302248521361,0.0482177734375,0.0546875,0.0046874999999999,0.0030149791685592,0.5358522,-0.6024103077942358
nonlinear_heteroskedastic,101,2903,transformer_mdn4,boundary,6,0.328366543618883,0.000491522638177,0.8880208333333334,0.9852642552619296,0.048583984375,0.0703125,0.0203124999999999,0.0030149791685592,0.57399565,-0.007987252145432056
nonlinear_heteroskedastic,101,2903,transformer_mdn4,boundary,7,0.3265247202206718,0.0011564088401397,0.8776041666666666,0.9648603593821392,0.0494384765625,0.0859375,0.0359375,0.0030149791685592,0.5833769,0.10310471925196785
nonlinear_heteroskedastic,101,2903,transformer_mdn4,boundary,8,0.3444165402720716,0.0005916698789439,0.8893229166666666,1.0177743231417116,0.0489501953125,0.078125,0.0281249999999999,0.0030149791685592,0.44702944,0.15037954720912117
nonlinear_heteroskedastic,101,2903,transformer_mdn4,boundary,9,0.3191567549795941,0.0016707004627111,0.8684895833333334,0.9026300523318967,0.0484466552734375,0.06640625,0.0164062499999999,0.0030149791685592,0.5650082,-0.041197887330673755
nonlinear_heteroskedastic,101,2903,transformer_mdn4,boundary,10,0.3108507765225732,9.35817977300662e-05,0.8893229166666666,0.9455118437521204,0.0494384765625,0.0859375,0.0359375,0.0030149791685592,0.40234047,-0.2265753659302221
nonlinear_heteroskedastic,101,2903,transformer_mdn4,boundary,11,0.2862656126493157,0.0009544671276082,0.8880208333333334,0.8568729763204447,0.050048828125,0.09375,0.04375,0.0030149791685592,0.40345466,-0.44531940546574456
nonlinear_heteroskedastic,101,2903,transformer_mdn4,boundary,12,0.2767762481086768,0.0018064478937754,0.8346354166666666,0.7335058577391119,0.0482025146484375,0.05078125,0.0007812499999999,0.0030149791685592,0.46638083,-0.8049900445038305
nonlinear_heteroskedastic,101,2903,transformer_mdn4,boundary,13,0.3212498768525456,0.0004382620386052,0.8841145833333334,0.9116517084901116,0.0482177734375,0.0546875,0.0046874999999999,0.0030149791685592,0.59327483,0.0906158772414698
nonlinear_heteroskedastic,101,2903,transformer_mdn4,boundary,14,0.3121288196575396,0.0004515707570718,0.9127604166666666,0.98458482933502,0.0494384765625,0.0859375,0.0359375,0.0030149791685592,0.58164907,0.17660487565455574
nonlinear_heteroskedastic,101,2903,transformer_mdn4,boundary,15,0.3260021870927089,0.0008825576664888,0.8489583333333334,0.9051914517066444,0.048583984375,0.0703125,0.0203124999999999,0.0030149791685592,0.5031243,-0.21852313604893547
nonlinear_heteroskedastic,101,2903,transformer_mdn4,boundary,16,0.3094663553448543,0.0015127988477602,0.8802083333333334,0.8710616016897205,0.0482635498046875,0.05859375,0.0085937499999999,0.0030149791685592,0.47452244,-0.41738425818028313
nonlinear_heteroskedastic,101,2903,transformer_mdn4,boundary,17,0.3593094609513668,0.0014500328021891,0.8424479166666666,0.9032394898267756,0.04833984375,0.0390625,0.0109375,0.0030149791685592,0.51354927,0.1335083332961573
nonlinear_heteroskedastic,101,2903,transformer_mdn4,boundary,18,0.3373037900827177,0.002139117610475,0.89453125,0.9972576579696062,0.0487518310546875,0.07421875,0.0242187499999999,0.0030149791685592,0.49538073,0.09021008881983894
nonlinear_heteroskedastic,101,2903,transformer_mdn4,boundary,19,0.3402676933537254,0.0002429322863321,0.8763020833333334,0.99302578258415,0.048583984375,0.0703125,0.0203124999999999,0.0030149791685592,0.40900883,-0.05624364939274651
nonlinear_heteroskedastic,101,2903,transformer_mdn4,boundary,20,0.3519645382898402,0.0010700229599384,0.8645833333333334,0.9426957156051694,0.0482635498046875,0.05859375,0.0085937499999999,0.0030149791685592,0.47487038,0.10407973203120369
nonlinear_heteroskedastic,101,2903,transformer_mdn4,boundary,21,0.2970962079333525,0.001735745967704,0.86328125,0.8755135840643297,0.0482177734375,0.0546875,0.0046874999999999,0.0030149791685592,0.5359839,-0.37121646729054314
nonlinear_heteroskedastic,101,2903,transformer_mdn4,boundary,22,0.285496676685106,0.0022928567905731,0.8723958333333334,0.8732829223603367,0.0569915771484375,0.14453125,0.09453125,0.0030149791685592,0.42976704,-0.45318280783238274
nonlinear_heteroskedastic,101,2903,transformer_mdn4,boundary,23,0.3633243577764187,0.0002762375262739,0.8645833333333334,1.0329367031166536,0.0511932373046875,0.10546875,0.05546875,0.0030149791685592,0.48314774,0.3951386300033106
nonlinear_heteroskedastic,101,2903,transformer_mdn4,extrapolated,0,0.778580615836401,0.2948763574345188,0.35546875,1.005043553321488,0.05078125,0.0,0.05,0.001772114582612,0.53126615,-0.04461156454624993
nonlinear_heteroskedastic,101,2903,transformer_mdn4,extrapolated,1,0.5555445608173255,0.1515100230051663,0.5989583333333334,1.039812128798497,0.048583984375,0.03125,0.01875,0.001772114582612,0.5122582,0.03889358910975593
nonlinear_heteroskedastic,101,2903,transformer_mdn4,extrapolated,2,1.2622802396763964,0.8016944870716772,0.1184895833333333,1.0779036745853452,0.05078125,0.0,0.05,0.001772114582612,0.49608535,0.14275229844508308
nonlinear_heteroskedastic,101,2903,transformer_mdn4,extrapolated,3,0.9973437951047756,0.5612778878883672,0.3645833333333333,1.1074098930649112,0.0503997802734375,0.00390625,0.04609375,0.001772114582612,0.485155,0.35249460610804695
nonlinear_heteroskedastic,101,2903,transformer_mdn4,extrapolated,4,0.575465438472795,0.1460138640876681,0.6809895833333334,1.0588085132125469,0.0487518310546875,0.07421875,0.0242187499999999,0.001772114582612,0.4922698,0.22245515260157722
nonlinear_heteroskedastic,101,2903,transformer_mdn4,extrapolated,5,1.2166110135226127,0.7873322477684158,0.1666666666666666,1.1596163935880577,0.05078125,0.0,0.05,0.001772114582612,0.48908737,0.2860555735534205
nonlinear_heteroskedastic,101,2903,transformer_mdn4,extrapolated,6,0.7024578988829906,0.2502336493685639,0.546875,1.0953599685493207,0.0494384765625,0.015625,0.034375,0.001772114582612,0.49729162,0.1532973137801661
nonlinear_heteroskedastic,101,2903,transformer_mdn4,extrapolated,7,0.4345117915459476,0.0580974475979749,0.7526041666666666,0.9580162519668876,0.0521087646484375,0.11328125,0.06328125,0.001772114582612,0.5397352,-0.047919264703415454
nonlinear_heteroskedastic,101,2903,transformer_mdn4,extrapolated,8,0.9766934084231038,0.4798180425880178,0.4231770833333333,1.063963718019307,0.050048828125,0.0078125,0.0421875,0.001772114582612,0.47307482,0.22486794862208503
nonlinear_heteroskedastic,101,2903,transformer_mdn4,extrapolated,9,0.5427963102130547,0.0980370292544644,0.7174479166666666,1.0379394192309324,0.0482177734375,0.046875,0.003125,0.001772114582612,0.49641457,0.22274530801234382
nonlinear_heteroskedastic,101,2903,transformer_mdn4,extrapolated,10,0.426088632869612,0.0525511550522455,0.8111979166666666,1.0183651683304156,0.0585174560546875,0.15234375,0.10234375,0.001772114582612,0.51687014,0.30161918076930183
nonlinear_heteroskedastic,101,2903,transformer_mdn4,extrapolated,11,0.656772552488582,0.211952286480844,0.4661458333333333,1.0388924010040188,0.0491790771484375,0.01953125,0.03046875,0.001772114582612,0.5239916,0.07115913304743904
nonlinear_heteroskedastic,101,2903,transformer_mdn4,extrapolated,12,0.5251981566250539,0.1166056551935796,0.6276041666666666,0.982509426851534,0.0497283935546875,0.01171875,0.03828125,0.001772114582612,0.5170858,0.10580087575373787
nonlinear_heteroskedastic,101,2903,transformer_mdn4,extrapolated,13,0.6896419916995105,0.2373969029796124,0.62109375,1.0818934552815151,0.0497283935546875,0.01171875,0.03828125,0.001772114582612,0.48662913,0.34605003270564216
nonlinear_heteroskedastic,101,2903,transformer_mdn4,extrapolated,14,0.4887664850852746,0.0812978902306592,0.7395833333333334,1.0702358761127977,0.0601654052734375,0.16015625,0.11015625,0.001772114582612,0.50557554,0.1571289387649073
nonlinear_heteroskedastic,101,2903,transformer_mdn4,extrapolated,15,0.4974376144587764,0.102069339520966,0.6223958333333334,1.0065706333225044,0.04833984375,0.0625,0.0124999999999999,0.001772114582612,0.5262731,-0.05803047743382317
nonlinear_heteroskedastic,101,2903,transformer_mdn4,extrapolated,16,0.4439120065489285,0.050574476602652,0.76953125,0.991221654489958,0.0511932373046875,0.10546875,0.05546875,0.001772114582612,0.5373227,-0.06556009378971916
nonlinear_heteroskedastic,101,2903,transformer_mdn4,extrapolated,17,0.5768358181761013,0.1287477743993909,0.69921875,1.0313239854490628,0.0482177734375,0.0546875,0.0046874999999999,0.001772114582612,0.4855535,0.14675677689967292
nonlinear_heteroskedastic,101,2903,transformer_mdn4,extrapolated,18,0.5160085354966308,0.1063577279399113,0.6848958333333334,1.0314979388099408,0.0491790771484375,0.08203125,0.03203125,0.001772114582612,0.49079219,0.06641865643916267
nonlinear_heteroskedastic,101,2903,transformer_mdn4,extrapolated,19,0.5397323473800957,0.0875914362696419,0.71484375,1.07177110708406,0.0562744140625,0.140625,0.090625,0.001772114582612,0.492886,0.3675474015182032
nonlinear_heteroskedastic,101,2903,transformer_mdn4,extrapolated,20,0.5229939554328638,0.1198982002476593,0.5299479166666666,0.929950761651179,0.0482635498046875,0.04296875,0.00703125,0.001772114582612,0.5286432,-0.12176250544133049
nonlinear_heteroskedastic,101,2903,transformer_mdn4,extrapolated,21,0.4698095845392418,0.0671515860322593,0.6328125,0.935702390764244,0.050048828125,0.09375,0.04375,0.001772114582612,0.5390017,-0.18889855471196038
nonlinear_heteroskedastic,101,2903,transformer_mdn4,extrapolated,22,0.4546279882279074,0.0632252062044603,0.75,1.0155960357167657,0.0537109375,0.125,0.075,0.001772114582612,0.5277993,0.10231603059229988
nonlinear_heteroskedastic,101,2903,transformer_mdn4,extrapolated,23,0.4586680411308831,0.0684248273544477,0.7200520833333334,0.984472780765104,0.0516357421875,0.109375,0.059375,0.001772114582612,0.51916635,0.12724126252589363
nonlinear_heteroskedastic,202,1701,transformer_mdn4,central,0,0.2768323409834203,0.0010229681992226,0.859375,0.7063809043024564,0.0489501953125,0.0234375,0.0265625,0.0014156267498037,0.5703404,-0.24845731781517744
nonlinear_heteroskedastic,202,1701,transformer_mdn4,central,1,0.2197108651872166,0.0015331058277052,0.9036458333333334,0.6351068810695883,0.0497283935546875,0.01171875,0.03828125,0.0014156267498037,0.5390203,-0.7451847843984294
nonlinear_heteroskedastic,202,1701,transformer_mdn4,central,2,0.2792005394022542,0.0042822157567512,0.8606770833333334,0.7237771391107758,0.0491790771484375,0.01953125,0.03046875,0.0014156267498037,0.56717944,-0.31682444141899824
nonlinear_heteroskedastic,202,1701,transformer_mdn4,central,3,0.2609151052223566,0.003926485155882,0.8515625,0.712010294495046,0.0487518310546875,0.02734375,0.02265625,0.0014156267498037,0.5368446,-0.430053477750175
nonlinear_heteroskedastic,202,1701,transformer_mdn4,central,4,0.3169615912903422,0.0059270649810669,0.83984375,0.8050846622920065,0.0494384765625,0.015625,0.034375,0.0014156267498037,0.58195436,-0.07222152279412031
nonlinear_heteroskedastic,202,1701,transformer_mdn4,central,5,0.2779018188063817,0.0086163156825687,0.8645833333333334,0.7447499913726805,0.0494384765625,0.015625,0.034375,0.0014156267498037,0.5729598,-0.23045659588371992
nonlinear_heteroskedastic,202,1701,transformer_mdn4,central,6,0.3127598264994288,0.0007517801799139,0.8697916666666666,0.8588459411127861,0.0484466552734375,0.03515625,0.01484375,0.0014156267498037,0.49998635,0.08977293445075274
nonlinear_heteroskedastic,202,1701,transformer_mdn4,central,7,0.3337036342478172,0.001091336996036,0.8802083333333334,0.8826590228812848,0.0482177734375,0.0546875,0.0046874999999999,0.0014156267498037,0.49812663,0.25488435698951006
nonlinear_heteroskedastic,202,1701,transformer_mdn4,central,8,0.2793279057699876,0.0016408102647337,0.9088541666666666,0.8443488465120828,0.0491790771484375,0.08203125,0.03203125,0.0014156267498037,0.5712788,0.14198970271552325
nonlinear_heteroskedastic,202,1701,transformer_mdn4,central,9,0.3006741497126277,0.0091234760010296,0.8502604166666666,0.743365816179654,0.0491790771484375,0.01953125,0.03046875,0.0014156267498037,0.5431924,-0.23891008423363447
nonlinear_heteroskedastic,202,1701,transformer_mdn4,central,10,0.3330135659890546,0.0031086352612748,0.8841145833333334,0.950405269222662,0.0482635498046875,0.04296875,0.00703125,0.0014156267498037,0.4871271,0.3757054753443074
nonlinear_heteroskedastic,202,1701,transformer_mdn4,central,11,0.2944431678814627,0.0018583092317933,0.8893229166666666,0.8507038128796965,0.0482177734375,0.046875,0.003125,0.0014156267498037,0.5330721,0.08575820399726153
nonlinear_heteroskedastic,202,1701,transformer_mdn4,central,12,0.2910066935726199,0.0048849370455631,0.859375,0.8022889749496561,0.04833984375,0.0390625,0.0109375,0.0014156267498037,0.60552317,-0.0014627032140421825
nonlinear_heteroskedastic,202,1701,transformer_mdn4,central,13,0.2646806891433418,0.0040335330792886,0.8606770833333334,0.6786281727109224,0.0491790771484375,0.01953125,0.03046875,0.0014156267498037,0.55298537,-0.4135649852613139
nonlinear_heteroskedastic,202,1701,transformer_mdn4,central,14,0.2710609747573529,0.0017576739146902,0.8763020833333334,0.7685767472213532,0.0484466552734375,0.03515625,0.01484375,0.0014156267498037,0.46937388,-0.3232436232427287
nonlinear_heteroskedastic,202,1701,transformer_mdn4,central,15,0.2746900940780844,0.0004203928045678,0.8645833333333334,0.7433751835716421,0.0482177734375,0.046875,0.003125,0.0014156267498037,0.5818576,-0.3403514675954509
nonlinear_heteroskedastic,202,1701,transformer_mdn4,central,16,0.2789279334645712,0.0039786621001543,0.8619791666666666,0.729208949189074,0.0482177734375,0.046875,0.003125,0.0014156267498037,0.6042494,-0.3089420847753215
nonlinear_heteroskedastic,202,1701,transformer_mdn4,central,17,0.3223637570247075,0.0083310564378083,0.8333333333333334,0.8085914393387658,0.0489501953125,0.0234375,0.0265625,0.0014156267498037,0.5354486,-0.008121972546927925
nonlinear_heteroskedastic,202,1701,transformer_mdn4,central,18,0.2973087821150346,0.0082325472888667,0.8489583333333334,0.7579020818356891,0.0484466552734375,0.03515625,0.01484375,0.0014156267498037,0.5503529,-0.1755293660024333
nonlinear_heteroskedastic,202,1701,transformer_mdn4,central,19,0.3240725083191986,0.0007153889551523,0.8697916666666666,0.8640404603982462,0.0487518310546875,0.02734375,0.02265625,0.0014156267498037,0.52216285,0.22332214786017657
nonlinear_heteroskedastic,202,1701,transformer_mdn4,central,20,0.2609597693185822,8.68540123836252e-05,0.8567708333333334,0.6950045445974021,0.0484466552734375,0.06640625,0.0164062499999999,0.0014156267498037,0.5968027,-0.37090063618218183
nonlinear_heteroskedastic,202,1701,transformer_mdn4,central,21,0.3467034044688207,0.0003550409166077,0.82421875,0.8294083910715724,0.0487518310546875,0.02734375,0.02265625,0.0014156267498037,0.46838877,0.16694116069281817
nonlinear_heteroskedastic,202,1701,transformer_mdn4,central,22,0.3204153335872979,0.0034449977756263,0.8723958333333334,0.8746972843969655,0.04833984375,0.0390625,0.0109375,0.0014156267498037,0.51605946,0.2496938653131795
nonlinear_heteroskedastic,202,1701,transformer_mdn4,central,23,0.3223834709104258,0.0023397062328029,0.86328125,0.8681977834692374,0.0482635498046875,0.04296875,0.00703125,0.0014156267498037,0.53943264,0.2144904084345174
nonlinear_heteroskedastic,202,1701,transformer_mdn4,boundary,0,0.3211918662739578,0.0008319379834807,0.90234375,0.9860353932503396,0.0562744140625,0.140625,0.090625,0.0014040607517623,0.45019978,0.5223878569742513
nonlinear_heteroskedastic,202,1701,transformer_mdn4,boundary,1,0.3254049435249287,0.0041192188044105,0.9036458333333334,0.9674125091271004,0.0482635498046875,0.05859375,0.0085937499999999,0.0014040607517623,0.46753767,0.3064746804376912
nonlinear_heteroskedastic,202,1701,transformer_mdn4,boundary,2,0.316067521651869,0.0010527126731671,0.8932291666666666,0.939138373769706,0.0482635498046875,0.05859375,0.0085937499999999,0.0014040607517623,0.44024584,0.39409517718756915
nonlinear_heteroskedastic,202,1701,transformer_mdn4,boundary,3,0.3305864507706423,0.0034438933637677,0.8841145833333334,0.9296264739348796,0.04833984375,0.0390625,0.0109375,0.0014040607517623,0.46139228,0.45343779994452715
nonlinear_heteroskedastic,202,1701,transformer_mdn4,boundary,4,0.3367412547956398,0.000964146854062,0.8893229166666666,1.015956470392101,0.0497283935546875,0.08984375,0.03984375,0.0014040607517623,0.4727171,0.4549514002939534
nonlinear_heteroskedastic,202,1701,transformer_mdn4,boundary,5,0.3062152667830499,0.0029731182404743,0.9036458333333334,0.8963708172177053,0.04833984375,0.0390625,0.0109375,0.0014040607517623,0.47628152,0.08056854678595782
nonlinear_heteroskedastic,202,1701,transformer_mdn4,boundary,6,0.3095387712935801,0.0048047003708729,0.9114583333333334,0.9204368540913134,0.0484466552734375,0.03515625,0.01484375,0.0014040607517623,0.46919945,0.16579579783881426
nonlinear_heteroskedastic,202,1701,transformer_mdn4,boundary,7,0.308642522692544,0.0041399445459966,0.8971354166666666,0.8753764092675791,0.048583984375,0.03125,0.01875,0.0014040607517623,0.46135682,0.022871250643379692
nonlinear_heteroskedastic,202,1701,transformer_mdn4,boundary,8,0.3496280960115282,0.0021681481240116,0.8346354166666666,0.9555185101663474,0.04833984375,0.0625,0.0124999999999999,0.0014040607517623,0.4607088,0.4352763838907552
nonlinear_heteroskedastic,202,1701,transformer_mdn4,boundary,9,0.3442758894411228,0.0018137888833285,0.90234375,1.05216562781404,0.0482177734375,0.0546875,0.0046874999999999,0.0014040607517623,0.4782327,0.5775961823602986
nonlinear_heteroskedastic,202,1701,transformer_mdn4,boundary,10,0.2985345550768947,0.0015302861347088,0.90625,0.9435355112838628,0.0511932373046875,0.10546875,0.05546875,0.0014040607517623,0.46290532,0.211534018053658
nonlinear_heteroskedastic,202,1701,transformer_mdn4,boundary,11,0.3229431467231725,0.0025176478149356,0.8671875,0.9080013524423708,0.0484466552734375,0.06640625,0.0164062499999999,0.0014040607517623,0.45076245,0.25645315123999834
nonlinear_heteroskedastic,202,1701,transformer_mdn4,boundary,12,0.331801944021328,0.0002651766900792,0.9270833333333334,1.0581139937395323,0.05078125,0.1015625,0.0515625,0.0014040607517623,0.48864403,0.5635406918665242
nonlinear_heteroskedastic,202,1701,transformer_mdn4,boundary,13,0.3202999943848003,0.0022030255070781,0.91796875,1.0200470217794355,0.04833984375,0.0390625,0.0109375,0.0014040607517623,0.48802057,0.4277968354364705
nonlinear_heteroskedastic,202,1701,transformer_mdn4,boundary,14,0.296666147955017,0.0023281880002902,0.8971354166666666,0.8789676487495521,0.04833984375,0.0390625,0.0109375,0.0014040607517623,0.46807548,0.06732630206549883
nonlinear_heteroskedastic,202,1701,transformer_mdn4,boundary,15,0.3056152362837121,0.0016111271122656,0.8697916666666666,0.8829753966508197,0.0482635498046875,0.04296875,0.00703125,0.0014040607517623,0.44505972,0.16510188056433917
nonlinear_heteroskedastic,202,1701,transformer_mdn4,boundary,16,0.3241634068449133,0.004373627028944,0.8841145833333334,0.9416218294913588,0.048583984375,0.03125,0.01875,0.0014040607517623,0.48147893,0.20144235564673663
nonlinear_heteroskedastic,202,1701,transformer_mdn4,boundary,17,0.3399617580989372,0.0034990655002564,0.9192708333333334,1.0707217746627844,0.0487518310546875,0.07421875,0.0242187499999999,0.0014040607517623,0.49072018,0.519624108805306
nonlinear_heteroskedastic,202,1701,transformer_mdn4,boundary,18,0.3232205759057411,0.0013952236408032,0.9140625,0.987111549880916,0.0511932373046875,0.10546875,0.05546875,0.0014040607517623,0.4450683,0.34028446151221514
nonlinear_heteroskedastic,202,1701,transformer_mdn4,boundary,19,0.3347523902657181,0.0005328904814406,0.8893229166666666,1.0090854469496378,0.0489501953125,0.078125,0.0281249999999999,0.0014040607517623,0.45566913,0.4726064152857137
nonlinear_heteroskedastic,202,1701,transformer_mdn4,boundary,20,0.3073047332840167,0.0007424313937547,0.8815104166666666,0.8513709142896076,0.04833984375,0.0390625,0.0109375,0.0014040607517623,0.45204514,0.04581832362616778
nonlinear_heteroskedastic,202,1701,transformer_mdn4,boundary,21,0.3362602010666305,0.0007202252269702,0.89453125,1.0500905187446283,0.0521087646484375,0.11328125,0.06328125,0.0014040607517623,0.45747676,0.6039941258570027
nonlinear_heteroskedastic,202,1701,transformer_mdn4,boundary,22,0.3510574089591262,2.8619284834857813e-05,0.8606770833333334,0.9543681997801556,0.050048828125,0.09375,0.04375,0.0014040607517623,0.4530728,0.5024859852930379
nonlinear_heteroskedastic,202,1701,transformer_mdn4,boundary,23,0.3024115340536654,0.0016093425086793,0.9049479166666666,0.9167719570669114,0.0484466552734375,0.06640625,0.0164062499999999,0.0014040607517623,0.44332772,0.225583786501534
nonlinear_heteroskedastic,202,1701,transformer_mdn4,extrapolated,0,0.7330882995936727,0.3462289070121287,0.6666666666666666,1.4634539729967084,0.0494384765625,0.015625,0.034375,0.0015349479169041,0.65187234,1.3523433156153035
nonlinear_heteroskedastic,202,1701,transformer_mdn4,extrapolated,1,0.4107301404505971,0.0553361525427524,0.90625,1.2243898862015956,0.06689453125,0.1875,0.1375,0.0015349479169041,0.57906836,0.8356530614038777
nonlinear_heteroskedastic,202,1701,transformer_mdn4,extrapolated,2,0.4599649859780664,0.0865119684339208,0.91015625,1.3499117108219931,0.06103515625,0.1640625,0.1140625,0.0015349479169041,0.5939486,1.2448604054590535
nonlinear_heteroskedastic,202,1701,transformer_mdn4,extrapolated,3,0.6649616703723041,0.2336650615378676,0.7513020833333334,1.5633214489307825,0.0482635498046875,0.05859375,0.0085937499999999,0.0015349479169041,0.61591744,1.495596165194161
nonlinear_heteroskedastic,202,1701,transformer_mdn4,extrapolated,4,0.7869116694666712,0.3701066635199004,0.6588541666666666,1.726470331808298,0.0494384765625,0.0859375,0.0359375,0.0015349479169041,0.6352716,1.497931952013619
nonlinear_heteroskedastic,202,1701,transformer_mdn4,extrapolated,5,0.7201998907263603,0.2638412526390566,0.734375,1.6452389220128083,0.048583984375,0.0703125,0.0203124999999999,0.0015349479169041,0.6023644,1.6557555146356893
nonlinear_heteroskedastic,202,1701,transformer_mdn4,extrapolated,6,0.680620189688466,0.2654552022237021,0.7278645833333334,1.6052211297383023,0.0526123046875,0.1171875,0.0671875,0.0015349479169041,0.61423326,1.4572658486505818
nonlinear_heteroskedastic,202,1701,transformer_mdn4,extrapolated,7,0.6321646604620864,0.2138222613434054,0.7721354166666666,1.6994686648379185,0.0511932373046875,0.10546875,0.05546875,0.0015349479169041,0.6059289,1.4380924649378133
nonlinear_heteroskedastic,202,1701,transformer_mdn4,extrapolated,8,0.4868708164483651,0.0772416747552188,0.8723958333333334,1.4444909865058475,0.054931640625,0.1328125,0.0828125,0.0015349479169041,0.5695077,1.3681495137354207
nonlinear_heteroskedastic,202,1701,transformer_mdn4,extrapolated,9,0.8004456558284769,0.3968496317779557,0.6731770833333334,1.5281449454525675,0.04833984375,0.0390625,0.0109375,0.0015349479169041,0.6280031,1.59133934451545
nonlinear_heteroskedastic,202,1701,transformer_mdn4,extrapolated,10,0.6444296288874991,0.2543211997940125,0.73828125,1.5133490373266334,0.0491790771484375,0.08203125,0.03203125,0.0015349479169041,0.61105365,1.3006331868311238
nonlinear_heteroskedastic,202,1701,transformer_mdn4,extrapolated,11,0.7243349290273344,0.2810551005544384,0.6848958333333334,1.480947538055328,0.0491790771484375,0.08203125,0.03203125,0.0015349479169041,0.60448045,1.3935344166895223
nonlinear_heteroskedastic,202,1701,transformer_mdn4,extrapolated,12,0.6185171102877618,0.2239774515634598,0.7565104166666666,1.7693068291212786,0.0482635498046875,0.04296875,0.00703125,0.0015349479169041,0.64166665,1.4356639332910848
nonlinear_heteroskedastic,202,1701,transformer_mdn4,extrapolated,13,0.4633833299056439,0.0889049514749721,0.86328125,1.3364967964468368,0.0791015625,0.2265625,0.1765625,0.0015349479169041,0.59454334,1.3269979901453328
nonlinear_heteroskedastic,202,1701,transformer_mdn4,extrapolated,14,0.4303646787426688,0.0705068185781453,0.9192708333333334,1.3543117885582998,0.0601654052734375,0.16015625,0.11015625,0.0015349479169041,0.6102336,1.2834398694177938
nonlinear_heteroskedastic,202,1701,transformer_mdn4,extrapolated,15,0.4462247213281,0.0804426713202866,0.9127604166666666,1.4889421209126177,0.059326171875,0.15625,0.10625,0.0015349479169041,0.6066262,1.4027635998865438
nonlinear_heteroskedastic,202,1701,transformer_mdn4,extrapolated,16,0.4636586927441791,0.0743304046089728,0.87109375,1.4242736481582192,0.0601654052734375,0.16015625,0.11015625,0.0015349479169041,0.58769256,1.2756943650385213
nonlinear_heteroskedastic,202,1701,transformer_mdn4,extrapolated,17,0.5792298912254267,0.1808536818928295,0.7890625,1.3529057449002506,0.0585174560546875,0.15234375,0.10234375,0.0015349479169041,0.58977234,1.1862122960230184
nonlinear_heteroskedastic,202,1701,transformer_mdn4,extrapolated,18,0.4735472889372344,0.0910602236320931,0.8919270833333334,1.35903185890961,0.0863494873046875,0.24609375,0.19609375,0.0015349479169041,0.5653353,1.164837355150826
nonlinear_heteroskedastic,202,1701,transformer_mdn4,extrapolated,19,0.4377018217452834,0.0753394126765304,0.9153645833333334,1.3475154121140214,0.0679779052734375,0.19140625,0.14140625,0.0015349479169041,0.6121824,1.1023857541223836
nonlinear_heteroskedastic,202,1701,transformer_mdn4,extrapolated,20,0.4403548643190541,0.0556566022278264,0.8971354166666666,1.2748644943648235,0.0638275146484375,0.17578125,0.12578125,0.0015349479169041,0.57290465,1.1104328580042195
nonlinear_heteroskedastic,202,1701,transformer_mdn4,extrapolated,21,0.7072605145098582,0.3047100567464297,0.73046875,1.5151326952305528,0.048583984375,0.0703125,0.0203124999999999,0.0015349479169041,0.6069859,1.4746606297632527
nonlinear_heteroskedastic,202,1701,transformer_mdn4,extrapolated,22,0.8031423038664206,0.4085875842548345,0.6471354166666666,1.584354608630641,0.050048828125,0.0078125,0.0421875,0.0015349479169041,0.64029795,1.437770123018868
nonlinear_heteroskedastic,202,1701,transformer_mdn4,extrapolated,23,0.8005262983393227,0.3757551018808959,0.6770833333333334,1.5351499355448934,0.0484466552734375,0.03515625,0.01484375,0.0015349479169041,0.6323888,1.5852525181909871
nonlinear_heteroskedastic,202,2903,transformer_mdn4,central,0,0.2807422465190171,0.0020212782647064,0.8346354166666666,0.6772928919999744,0.050048828125,0.0078125,0.0421875,0.001484977416112,0.54624176,-0.6114364914754558
nonlinear_heteroskedastic,202,2903,transformer_mdn4,central,1,0.2190718942136251,0.0016750627491261,0.9036458333333334,0.6389234469155366,0.0487518310546875,0.02734375,0.02265625,0.001484977416112,0.38338572,-0.9557919852594066
nonlinear_heteroskedastic,202,2903,transformer_mdn4,central,2,0.2797050121013026,0.0040499580788551,0.8567708333333334,0.749394790498628,0.050048828125,0.0078125,0.0421875,0.001484977416112,0.47607127,-0.3412822537282634
nonlinear_heteroskedastic,202,2903,transformer_mdn4,central,3,0.2564430649869454,0.0013283847835943,0.8841145833333334,0.7183692832781311,0.048583984375,0.03125,0.01875,0.001484977416112,0.47943228,-0.45858771132027387
nonlinear_heteroskedastic,202,2903,transformer_mdn4,central,4,0.3155707763812387,0.0050784274300446,0.8294270833333334,0.7761453443541177,0.0503997802734375,0.00390625,0.04609375,0.001484977416112,0.50519466,-0.21729183720146894
nonlinear_heteroskedastic,202,2903,transformer_mdn4,central,5,0.2682371867329685,0.0049420797098445,0.8346354166666666,0.6868261690559105,0.0491790771484375,0.01953125,0.03046875,0.001484977416112,0.5309094,-0.5120763830999064
nonlinear_heteroskedastic,202,2903,transformer_mdn4,central,6,0.3163351858929074,0.0019806786610285,0.8645833333333334,0.8823763427755026,0.0482635498046875,0.04296875,0.00703125,0.001484977416112,0.42007518,0.1397852845331502
nonlinear_heteroskedastic,202,2903,transformer_mdn4,central,7,0.3314505099300616,0.0010339687123171,0.8684895833333334,0.8770612374296923,0.0487518310546875,0.02734375,0.02265625,0.001484977416112,0.4244498,0.03824459983313799
nonlinear_heteroskedastic,202,2903,transformer_mdn4,central,8,0.2809018049809533,0.000755348078452,0.8658854166666666,0.7554828306270934,0.0482025146484375,0.05078125,0.0007812499999999,0.001484977416112,0.52279925,-0.35566962288414716
nonlinear_heteroskedastic,202,2903,transformer_mdn4,central,9,0.2843832094975929,0.0031826731857778,0.8697916666666666,0.8108745210622604,0.0489501953125,0.0234375,0.0265625,0.001484977416112,0.5823132,-0.1258387617925334
nonlinear_heteroskedastic,202,2903,transformer_mdn4,central,10,0.325706922228797,0.0003402790526865,0.8645833333333334,0.8585895876419336,0.050048828125,0.0078125,0.0421875,0.001484977416112,0.43572515,0.015569204821236138
nonlinear_heteroskedastic,202,2903,transformer_mdn4,central,11,0.2915589184455361,0.0016775591575945,0.8671875,0.8035717556123941,0.0491790771484375,0.01953125,0.03046875,0.001484977416112,0.59938896,-0.06276500748192548
nonlinear_heteroskedastic,202,2903,transformer_mdn4,central,12,0.2944881283147282,0.0062848550186178,0.8450520833333334,0.7519397744524338,0.0497283935546875,0.01171875,0.03828125,0.001484977416112,0.57793176,-0.15585971401726484
nonlinear_heteroskedastic,202,2903,transformer_mdn4,central,13,0.2714555169397323,0.0079370492715055,0.82421875,0.6759418279331042,0.05078125,0.0,0.05,0.001484977416112,0.44172466,-0.7768037371495891
nonlinear_heteroskedastic,202,2903,transformer_mdn4,central,14,0.275336937572576,0.0052309584976651,0.8658854166666666,0.756637447394901,0.050048828125,0.0078125,0.0421875,0.001484977416112,0.33829892,-0.5176113896230388
nonlinear_heteroskedastic,202,2903,transformer_mdn4,central,15,0.2759251603650229,0.0026232908293682,0.8606770833333334,0.7415951457757087,0.04833984375,0.0390625,0.0109375,0.001484977416112,0.4812731,-0.5076917462209392
nonlinear_heteroskedastic,202,2903,transformer_mdn4,central,16,0.2703773683020698,0.0018147875013231,0.84375,0.7015693740358463,0.0494384765625,0.015625,0.034375,0.001484977416112,0.58092594,-0.4915572457173991
nonlinear_heteroskedastic,202,2903,transformer_mdn4,central,17,0.3075545299816934,0.0023700419372296,0.8619791666666666,0.8480248893718475,0.0491790771484375,0.01953125,0.03046875,0.001484977416112,0.44086313,0.07785891963446856
nonlinear_heteroskedastic,202,2903,transformer_mdn4,central,18,0.2965931259184586,0.0088141863837844,0.8307291666666666,0.7464228668586882,0.0497283935546875,0.01171875,0.03828125,0.001484977416112,0.47541985,-0.40713298843895673
nonlinear_heteroskedastic,202,2903,transformer_mdn4,central,19,0.3200959326117832,0.0002920583657939,0.8671875,0.8684360602036308,0.0484466552734375,0.03515625,0.01484375,0.001484977416112,0.46142593,0.10891162826026202
nonlinear_heteroskedastic,202,2903,transformer_mdn4,central,20,0.264246655360809,0.0039927108009737,0.8971354166666666,0.7614278708794315,0.048583984375,0.03125,0.01875,0.001484977416112,0.53807855,-0.4584461502889323
nonlinear_heteroskedastic,202,2903,transformer_mdn4,central,21,0.3455996316533672,0.00102044721737,0.8411458333333334,0.8635150966704538,0.0491790771484375,0.01953125,0.03046875,0.001484977416112,0.42013824,0.22226249648535967
nonlinear_heteroskedastic,202,2903,transformer_mdn4,central,22,0.3175440899041472,0.0009689296646852,0.8854166666666666,0.8854647933999559,0.04833984375,0.0390625,0.0109375,0.001484977416112,0.44425458,0.23238741828406573
nonlinear_heteroskedastic,202,2903,transformer_mdn4,central,23,0.3151179311904338,0.0019923890545563,0.8697916666666666,0.8770971117287053,0.0487518310546875,0.02734375,0.02265625,0.001484977416112,0.4682421,0.06069910003150225
nonlinear_heteroskedastic,202,2903,transformer_mdn4,boundary,0,0.3230540805490779,0.0038244734558459,0.88671875,0.9555711625333746,0.0487518310546875,0.07421875,0.0242187499999999,0.0014470208334387,0.3931651,0.3469233460565877
nonlinear_heteroskedastic,202,2903,transformer_mdn4,boundary,1,0.3246548435561929,0.0034539724103213,0.8841145833333334,0.9240997026034876,0.0482177734375,0.046875,0.003125,0.0014470208334387,0.35041422,0.1201697535654378
nonlinear_heteroskedastic,202,2903,transformer_mdn4,boundary,2,0.3162052680117397,0.0016053300794851,0.90625,0.9649447204327714,0.048583984375,0.0703125,0.0203124999999999,0.0014470208334387,0.40854692,0.37113451434577227
nonlinear_heteroskedastic,202,2903,transformer_mdn4,boundary,3,0.3360163829942353,0.0080699469474533,0.90625,1.0500053583610287,0.0489501953125,0.078125,0.0281249999999999,0.0014470208334387,0.3949198,0.43522798491919756
nonlinear_heteroskedastic,202,2903,transformer_mdn4,boundary,4,0.3407951795487035,0.0078562979239061,0.9205729166666666,1.140861571358186,0.04833984375,0.0625,0.0124999999999999,0.0014470208334387,0.38436007,0.6003460831781697
nonlinear_heteroskedastic,202,2903,transformer_mdn4,boundary,5,0.303576513369419,0.0033691217066526,0.875,0.8465775326900759,0.0487518310546875,0.02734375,0.02265625,0.0014470208334387,0.3390516,-0.17946398781334638
nonlinear_heteroskedastic,202,2903,transformer_mdn4,boundary,6,0.2995715850216601,0.0018189637841587,0.90625,0.9444241343668116,0.048583984375,0.03125,0.01875,0.0014470208334387,0.34656933,0.06250285579169512
nonlinear_heteroskedastic,202,2903,transformer_mdn4,boundary,7,0.3017361111782428,0.0014965551283556,0.9114583333333334,0.9065980691358752,0.048583984375,0.03125,0.01875,0.0014470208334387,0.34014052,0.04218267871344805
nonlinear_heteroskedastic,202,2903,transformer_mdn4,boundary,8,0.3497848757326369,0.0019746706091664,0.8802083333333334,1.0586483516945917,0.0482177734375,0.0546875,0.0046874999999999,0.0014470208334387,0.39744496,0.49711882544959307
nonlinear_heteroskedastic,202,2903,transformer_mdn4,boundary,9,0.3422830297673204,0.0020016043016854,0.8893229166666666,1.023446006570785,0.04833984375,0.0625,0.0124999999999999,0.0014470208334387,0.38022885,0.2575361676355672
nonlinear_heteroskedastic,202,2903,transformer_mdn4,boundary,10,0.3008105792505567,0.0018552517274209,0.8580729166666666,0.8195212688245451,0.0482177734375,0.0546875,0.0046874999999999,0.0014470208334387,0.3335645,-0.29191816376244306
nonlinear_heteroskedastic,202,2903,transformer_mdn4,boundary,11,0.3230002875259891,0.0042751222878999,0.8424479166666666,0.8346180774175355,0.0489501953125,0.0234375,0.0265625,0.0014470208334387,0.38760188,0.028540606035835747
nonlinear_heteroskedastic,202,2903,transformer_mdn4,boundary,12,0.3318993490618629,0.0010371653963669,0.9010416666666666,0.9913385851291908,0.0482635498046875,0.04296875,0.00703125,0.0014470208334387,0.37300038,0.3585531659265828
nonlinear_heteroskedastic,202,2903,transformer_mdn4,boundary,13,0.3179314704746246,0.0016570377881641,0.9231770833333334,1.0128794434134332,0.0482177734375,0.0546875,0.0046874999999999,0.0014470208334387,0.36944008,0.24390577746833086
nonlinear_heteroskedastic,202,2903,transformer_mdn4,boundary,14,0.2900264622978613,0.0019525748312448,0.8984375,0.8803751877122744,0.0487518310546875,0.02734375,0.02265625,0.0014470208334387,0.3298245,-0.14431405590569257
nonlinear_heteroskedastic,202,2903,transformer_mdn4,boundary,15,0.3042612279403536,0.003847996049077,0.8854166666666666,0.90703688611125,0.0482635498046875,0.04296875,0.00703125,0.0014470208334387,0.39708227,0.11974930240119219
nonlinear_heteroskedastic,202,2903,transformer_mdn4,boundary,16,0.3158973984064826,0.0027290204000563,0.8854166666666666,0.9041452132591168,0.0487518310546875,0.02734375,0.02265625,0.0014470208334387,0.34400892,0.0987318701883626
nonlinear_heteroskedastic,202,2903,transformer_mdn4,boundary,17,0.3397164483526473,0.0070617511921835,0.9322916666666666,1.1499384052360744,0.0482635498046875,0.04296875,0.00703125,0.0014470208334387,0.36576337,0.5895886368891072
nonlinear_heteroskedastic,202,2903,transformer_mdn4,boundary,18,0.320977879162908,0.0019182026819857,0.91796875,0.9576314507143042,0.0487518310546875,0.07421875,0.0242187499999999,0.0014470208334387,0.3875615,0.36860930396521807
nonlinear_heteroskedastic,202,2903,transformer_mdn4,boundary,19,0.3376491874767185,0.0030325242803572,0.875,0.9983345657095648,0.04833984375,0.0625,0.0124999999999999,0.0014470208334387,0.39151254,0.3494441456934285
nonlinear_heteroskedastic,202,2903,transformer_mdn4,boundary,20,0.3065281272493872,0.0021977188067962,0.890625,0.9157835104887688,0.0482635498046875,0.04296875,0.00703125,0.0014470208334387,0.3637718,-0.08829880283867597
nonlinear_heteroskedastic,202,2903,transformer_mdn4,boundary,21,0.3405982602686738,0.0041695991535171,0.8919270833333334,1.0104087762071223,0.0482177734375,0.0546875,0.0046874999999999,0.0014470208334387,0.39762554,0.510340923800118
nonlinear_heteroskedastic,202,2903,transformer_mdn4,boundary,22,0.3523819446493722,0.0037760109519548,0.8841145833333334,0.9985135152834208,0.0497283935546875,0.08984375,0.03984375,0.0014470208334387,0.39421725,0.4058493323465657
nonlinear_heteroskedastic,202,2903,transformer_mdn4,boundary,23,0.3057309412063687,0.0034632423150739,0.9114583333333334,0.9321395789307894,0.0482635498046875,0.05859375,0.0085937499999999,0.0014470208334387,0.39111578,0.18097662402594805
nonlinear_heteroskedastic,202,2903,transformer_mdn4,extrapolated,0,0.658817504407482,0.2679162701779046,0.4752604166666667,1.2990822879893722,0.0494384765625,0.015625,0.034375,0.0015452968752166,0.38722855,0.7429053731104207
nonlinear_heteroskedastic,202,2903,transformer_mdn4,extrapolated,1,0.4434617654669001,0.0799572980753554,0.8046875,1.1809883652311133,0.0777435302734375,0.22265625,0.17265625,0.0015452968752166,0.35111904,0.5374689049860311
nonlinear_heteroskedastic,202,2903,transformer_mdn4,extrapolated,2,0.4812560045678714,0.0991240235354736,0.7734375,1.1834498215780664,0.0804901123046875,0.23046875,0.18046875,0.0015452968752166,0.3679102,0.6807291455408406
nonlinear_heteroskedastic,202,2903,transformer_mdn4,extrapolated,3,0.718256796930244,0.2496428016423318,0.59375,1.1826744312198945,0.0484466552734375,0.03515625,0.01484375,0.0015452968752166,0.40393418,0.7899458356043172
nonlinear_heteroskedastic,202,2903,transformer_mdn4,extrapolated,4,0.8135068007934898,0.3775870824339549,0.5247395833333334,1.2729128721469902,0.0487518310546875,0.02734375,0.02265625,0.0015452968752166,0.4189664,1.0514094777246785
nonlinear_heteroskedastic,202,2903,transformer_mdn4,extrapolated,5,0.7636281901725912,0.272871201201372,0.6171875,1.2415373149090128,0.0482635498046875,0.05859375,0.0085937499999999,0.0015452968752166,0.43529016,0.9017355389734578
nonlinear_heteroskedastic,202,2903,transformer_mdn4,extrapolated,6,0.6996923383361429,0.2718020890794663,0.640625,1.23841662527527,0.04833984375,0.0390625,0.0109375,0.0015452968752166,0.41129696,0.9203841633936238
nonlinear_heteroskedastic,202,2903,transformer_mdn4,extrapolated,7,0.6736493028759655,0.228387438253383,0.6223958333333334,1.3243883138778758,0.0521087646484375,0.11328125,0.06328125,0.0015452968752166,0.417056,0.891014809145577
nonlinear_heteroskedastic,202,2903,transformer_mdn4,extrapolated,8,0.5339252811703097,0.1002984354214931,0.7265625,1.0050389569097635,0.054931640625,0.1328125,0.0828125,0.0015452968752166,0.39175993,0.6329719967981648
nonlinear_heteroskedastic,202,2903,transformer_mdn4,extrapolated,9,0.7830323558916523,0.3316559699532438,0.55078125,1.1937909171577816,0.0497283935546875,0.01171875,0.03828125,0.0015452968752166,0.4129104,0.8781320996424031
nonlinear_heteroskedastic,202,2903,transformer_mdn4,extrapolated,10,0.6319388066303064,0.229432037955095,0.6497395833333334,1.364459867077451,0.0537109375,0.125,0.075,0.0015452968752166,0.41171026,0.9619779534479451
nonlinear_heteroskedastic,202,2903,transformer_mdn4,extrapolated,11,0.7189364769654341,0.2554450312037721,0.6015625,1.2382592139072843,0.0482177734375,0.0546875,0.0046874999999999,0.0015452968752166,0.41587025,0.8837125249048543
nonlinear_heteroskedastic,202,2903,transformer_mdn4,extrapolated,12,0.5749932220378859,0.1799219938904781,0.56640625,1.2129708201956015,0.050048828125,0.0078125,0.0421875,0.0015452968752166,0.3816066,0.6481289811273885
nonlinear_heteroskedastic,202,2903,transformer_mdn4,extrapolated,13,0.5091626780499342,0.1106216976095915,0.7447916666666666,1.2855566270312615,0.0819091796875,0.234375,0.184375,0.0015452968752166,0.37992036,0.8826286740442586
nonlinear_heteroskedastic,202,2903,transformer_mdn4,extrapolated,14,0.457193527925094,0.0896790289971827,0.74609375,1.114874187372826,0.0526123046875,0.1171875,0.0671875,0.0015452968752166,0.3657186,0.5284397549768758
nonlinear_heteroskedastic,202,2903,transformer_mdn4,extrapolated,15,0.472345426186447,0.1008667713793109,0.765625,1.247898498563332,0.0577392578125,0.1484375,0.0984375,0.0015452968752166,0.37620163,0.7282066292902303
nonlinear_heteroskedastic,202,2903,transformer_mdn4,extrapolated,16,0.4751090614410437,0.0823262270829919,0.7486979166666666,1.1655289244301097,0.06103515625,0.1640625,0.1140625,0.0015452968752166,0.36681008,0.5644106812616658
nonlinear_heteroskedastic,202,2903,transformer_mdn4,extrapolated,17,0.5949598242492412,0.1827144922714556,0.6822916666666666,1.2901775953464345,0.0648193359375,0.1796875,0.1296875,0.0015452968752166,0.41741967,0.8971235699793172
nonlinear_heteroskedastic,202,2903,transformer_mdn4,extrapolated,18,0.5009890280204723,0.1024807256077432,0.7799479166666666,1.1744585120878497,0.10498046875,0.2890625,0.2390625,0.0015452968752166,0.37896603,0.6612265057703328
nonlinear_heteroskedastic,202,2903,transformer_mdn4,extrapolated,19,0.4810253254693061,0.1009081501925841,0.7239583333333334,1.2618346592460912,0.0628662109375,0.171875,0.121875,0.0015452968752166,0.36898968,0.6862022824426961
nonlinear_heteroskedastic,202,2903,transformer_mdn4,extrapolated,20,0.4800136223640578,0.0699245234681355,0.7838541666666666,1.1212933068321604,0.0751190185546875,0.21484375,0.16484375,0.0015452968752166,0.37034115,0.5009481854578328
nonlinear_heteroskedastic,202,2903,transformer_mdn4,extrapolated,21,0.7020849052603726,0.2740104315299162,0.6236979166666666,1.2062204196919966,0.048583984375,0.03125,0.01875,0.0015452968752166,0.41084123,0.880714172854073
nonlinear_heteroskedastic,202,2903,transformer_mdn4,extrapolated,22,0.8377230225470385,0.4035934580640845,0.5143229166666666,1.2014430832745984,0.0503997802734375,0.00390625,0.04609375,0.0015452968752166,0.39829454,0.7957255787988973
nonlinear_heteroskedastic,202,2903,transformer_mdn4,extrapolated,23,0.7632105588884814,0.3301198474152018,0.5299479166666666,1.2979815201545384,0.0503997802734375,0.00390625,0.04609375,0.0015452968752166,0.39754638,0.8040044255396199
nonlinear_heteroskedastic,303,1701,transformer_mdn4,central,0,0.3048454958128659,0.0058422996057845,0.8450520833333334,0.794466986736965,0.0482635498046875,0.05859375,0.0085937499999999,0.0015190972505176,1.0197829,-0.19582982947505023
nonlinear_heteroskedastic,303,1701,transformer_mdn4,central,1,0.277132230784849,0.0044235841804695,0.8828125,0.7709125186030178,0.0555877685546875,0.13671875,0.08671875,0.0015190972505176,0.99603975,-0.18679054667628314
nonlinear_heteroskedastic,303,1701,transformer_mdn4,central,2,0.2727675935323597,0.004438643692702,0.87109375,0.7302564745546835,0.050048828125,0.09375,0.04375,0.0015190972505176,1.0118545,-0.4090867846218398
nonlinear_heteroskedastic,303,1701,transformer_mdn4,central,3,0.2888780404437577,0.0020366721622819,0.8411458333333334,0.7601944611906665,0.0562744140625,0.140625,0.090625,0.0015190972505176,1.035122,-0.19338282038844135
nonlinear_heteroskedastic,303,1701,transformer_mdn4,central,4,0.2899271471204849,0.004158077237374,0.89453125,0.8244400567011386,0.0503997802734375,0.09765625,0.04765625,0.0015190972505176,0.93612593,-0.017054757377271912
nonlinear_heteroskedastic,303,1701,transformer_mdn4,central,5,0.2656181804335806,0.0026095826507472,0.8606770833333334,0.6825853326060932,0.0482177734375,0.046875,0.003125,0.0015190972505176,0.7397349,-0.6028134434429457
nonlinear_heteroskedastic,303,1701,transformer_mdn4,central,6,0.2655764957328091,0.0012905106494634,0.8307291666666666,0.6446810669320567,0.04833984375,0.0390625,0.0109375,0.0015190972505176,0.78015494,-0.7825604288784316
nonlinear_heteroskedastic,303,1701,transformer_mdn4,central,7,0.2678973844889419,0.005296598268105,0.8333333333333334,0.666319497996965,0.050048828125,0.09375,0.04375,0.0015190972505176,0.87741596,-0.7081657259670546
nonlinear_heteroskedastic,303,1701,transformer_mdn4,central,8,0.2747681863026274,0.0022639244422095,0.8359375,0.6948608798877393,0.0489501953125,0.078125,0.0281249999999999,0.0015190972505176,0.9680222,-0.4736203162876418
nonlinear_heteroskedastic,303,1701,transformer_mdn4,central,9,0.2781311550956457,0.0056556323175327,0.8776041666666666,0.7658093752702874,0.0562744140625,0.140625,0.090625,0.0015190972505176,1.0701904,-0.33758660247004535
nonlinear_heteroskedastic,303,1701,transformer_mdn4,central,10,0.3072537694685058,0.0056963358911781,0.8177083333333334,0.7481953045805482,0.0497283935546875,0.08984375,0.03984375,0.0015190972505176,0.93251324,-0.3002888767925551
nonlinear_heteroskedastic,303,1701,transformer_mdn4,central,11,0.2995302568016225,0.0021001900549218,0.86328125,0.8089988422950328,0.0511932373046875,0.10546875,0.05546875,0.0015190972505176,0.86654615,-0.25706525733149554
nonlinear_heteroskedastic,303,1701,transformer_mdn4,central,12,0.2384117366075204,0.0011963546185827,0.8580729166666666,0.6418314905339669,0.048583984375,0.0703125,0.0203124999999999,0.0015190972505176,0.8701434,-0.7315957753864577
nonlinear_heteroskedastic,303,1701,transformer_mdn4,central,13,0.297423096859971,0.0014723182338259,0.88671875,0.8327707374657024,0.0503997802734375,0.09765625,0.04765625,0.0015190972505176,1.03856,-0.05353053500330951
nonlinear_heteroskedastic,303,1701,transformer_mdn4,central,14,0.2760843683531853,0.0010134695617231,0.8359375,0.6922640593522426,0.0484466552734375,0.03515625,0.01484375,0.0015190972505176,0.7876228,-0.4277523963657668
nonlinear_heteroskedastic,303,1701,transformer_mdn4,central,15,0.3015460388210839,0.0065152940614646,0.8645833333333334,0.808196823110792,0.05078125,0.1015625,0.0515625,0.0015190972505176,0.92725754,-0.0813468306270888
nonlinear_heteroskedastic,303,1701,transformer_mdn4,central,16,0.2955184327658762,0.0050784106317134,0.80859375,0.7083902622926509,0.0585174560546875,0.15234375,0.10234375,0.0015190972505176,1.0600002,-0.33402963568842914
nonlinear_heteroskedastic,303,1701,transformer_mdn4,central,17,0.2916678815547415,0.0003418285268283,0.8893229166666666,0.8530082019791001,0.0487518310546875,0.07421875,0.0242187499999999,0.0015190972505176,0.77030313,0.0067264230045029905
nonlinear_heteroskedastic,303,1701,transformer_mdn4,central,18,0.2725168215805327,0.0024950465871046,0.8645833333333334,0.7160061803336554,0.048583984375,0.0703125,0.0203124999999999,0.0015190972505176,1.0305182,-0.3757249920574477
nonlinear_heteroskedastic,303,1701,transformer_mdn4,central,19,0.2665236929957586,0.0008425732163275,0.8619791666666666,0.6708408251046967,0.04833984375,0.0625,0.0124999999999999,0.0015190972505176,0.90358716,-0.5727299659458449
nonlinear_heteroskedastic,303,1701,transformer_mdn4,central,20,0.2699004518593335,0.003169627306697,0.8841145833333334,0.7588177276945612,0.0543060302734375,0.12890625,0.07890625,0.0015190972505176,1.0298574,-0.20556994368708637
nonlinear_heteroskedastic,303,1701,transformer_mdn4,central,21,0.3036649612758064,0.0055519105142884,0.8528645833333334,0.7594876054745394,0.0494384765625,0.0859375,0.0359375,0.0015190972505176,0.9919244,-0.25849839141047504
nonlinear_heteroskedastic,303,1701,transformer_mdn4,central,22,0.2831836581758301,0.0011751585500359,0.8190104166666666,0.6751283572955938,0.0482635498046875,0.05859375,0.0085937499999999,0.0015190972505176,0.8385305,-0.5167815296856215
nonlinear_heteroskedastic,303,1701,transformer_mdn4,central,23,0.2902451581874974,0.0020046463159578,0.8893229166666666,0.8126830181405911,0.04833984375,0.0625,0.0124999999999999,0.0015190972505176,0.9923898,-0.1523128359524062
nonlinear_heteroskedastic,303,1701,transformer_mdn4,boundary,0,0.3174021580301188,0.0009486905903019,0.9140625,1.019430780477976,0.0489501953125,0.078125,0.0281249999999999,0.0014532343751246,0.6945329,0.4266637952121446
nonlinear_heteroskedastic,303,1701,transformer_mdn4,boundary,1,0.3270319727622432,0.0010062901189387,0.90625,1.0124671893771022,0.0484466552734375,0.06640625,0.0164062499999999,0.0014532343751246,0.6434783,0.48082558224522565
nonlinear_heteroskedastic,303,1701,transformer_mdn4,boundary,2,0.3278977738131419,0.0015323522958718,0.92578125,1.038776344420488,0.0489501953125,0.078125,0.0281249999999999,0.0014532343751246,0.4760147,0.41173354695164655
nonlinear_heteroskedastic,303,1701,transformer_mdn4,boundary,3,0.3390986238816118,0.001368686690135,0.9127604166666666,1.0746518922557329,0.048583984375,0.0703125,0.0203124999999999,0.0014532343751246,0.6481259,0.5271977574619005
nonlinear_heteroskedastic,303,1701,transformer_mdn4,boundary,4,0.3423691061110121,0.0048369454834617,0.9036458333333334,1.0292363968411955,0.0494384765625,0.0859375,0.0359375,0.0014532343751246,0.698081,0.5306958348544786
nonlinear_heteroskedastic,303,1701,transformer_mdn4,boundary,5,0.3377113198992872,0.0010557142806731,0.9453125,1.1379030832792625,0.0487518310546875,0.07421875,0.0242187499999999,0.0014532343751246,0.53138286,0.6867267281802842
nonlinear_heteroskedastic,303,1701,transformer_mdn4,boundary,6,0.3034885814985043,0.0004754867704882,0.9153645833333334,0.969325061921699,0.0482177734375,0.046875,0.003125,0.0014532343751246,0.7360858,0.40146795819127057
nonlinear_heteroskedastic,303,1701,transformer_mdn4,boundary,7,0.3714498499076286,0.0066139430144225,0.9166666666666666,1.1834377360796842,0.0511932373046875,0.10546875,0.05546875,0.0014532343751246,0.68029064,0.5874039323123643
nonlinear_heteroskedastic,303,1701,transformer_mdn4,boundary,8,0.3300825648705664,0.0011615291059308,0.9322916666666666,1.1406805916702132,0.0526123046875,0.1171875,0.0671875,0.0014532343751246,0.694479,0.7388013989719102
nonlinear_heteroskedastic,303,1701,transformer_mdn4,boundary,9,0.2876129492594357,0.0017007012275931,0.8828125,0.8507949893162672,0.0484466552734375,0.03515625,0.01484375,0.0014532343751246,0.57800364,0.07548836777531598
nonlinear_heteroskedastic,303,1701,transformer_mdn4,boundary,10,0.314046031089027,0.0011930977733429,0.9244791666666666,1.0712771565884238,0.0543060302734375,0.12890625,0.07890625,0.0014532343751246,0.54954845,0.45497981617772076
nonlinear_heteroskedastic,303,1701,transformer_mdn4,boundary,11,0.2913681002453498,0.0020412348705221,0.89453125,0.902708065502702,0.0482025146484375,0.05078125,0.0007812499999999,0.0014532343751246,0.48739567,0.04373804638707135
nonlinear_heteroskedastic,303,1701,transformer_mdn4,boundary,12,0.3117033838875351,0.0005814792426426,0.9127604166666666,0.9720974311468376,0.0516357421875,0.109375,0.059375,0.0014532343751246,0.62268627,0.4460310132297227
nonlinear_heteroskedastic,303,1701,transformer_mdn4,boundary,13,0.26953855858937,0.0006917986291894,0.90625,0.8059621362724817,0.0489501953125,0.0234375,0.0265625,0.0014532343751246,0.47661918,-0.15523286749995258
nonlinear_heteroskedastic,303,1701,transformer_mdn4,boundary,14,0.3376441851518575,0.0070214738049413,0.9127604166666666,1.1014702647189636,0.0521087646484375,0.11328125,0.06328125,0.0014532343751246,0.6808382,0.5703757197650621
nonlinear_heteroskedastic,303,1701,transformer_mdn4,boundary,15,0.2966686579111251,0.0010935077222355,0.9127604166666666,0.9745879267050824,0.04833984375,0.0390625,0.0109375,0.0014532343751246,0.6220776,0.29143730709874127
nonlinear_heteroskedastic,303,1701,transformer_mdn4,boundary,16,0.2890196900377801,0.0013587505624741,0.8997395833333334,0.9037983911407172,0.0482635498046875,0.04296875,0.00703125,0.0014532343751246,0.50904655,0.11516026566349957
nonlinear_heteroskedastic,303,1701,transformer_mdn4,boundary,17,0.3204404864091007,0.0017815819402748,0.890625,1.0620656581817918,0.050048828125,0.09375,0.04375,0.0014532343751246,0.6161473,0.4964325816425035
nonlinear_heteroskedastic,303,1701,transformer_mdn4,boundary,18,0.326316398459247,0.0022288318431769,0.90625,1.0455488545394545,0.05078125,0.1015625,0.0515625,0.0014532343751246,0.65681165,0.587994733551378
nonlinear_heteroskedastic,303,1701,transformer_mdn4,boundary,19,0.2978243155546374,0.0016012522147378,0.87109375,0.8014893780903146,0.0491790771484375,0.01953125,0.03046875,0.0014532343751246,0.5451411,-0.1206830351558974
nonlinear_heteroskedastic,303,1701,transformer_mdn4,boundary,20,0.2903189022710707,0.0017262930487377,0.9427083333333334,0.9818487869622756,0.0482635498046875,0.05859375,0.0085937499999999,0.0014532343751246,0.49295506,0.2537504823001573
nonlinear_heteroskedastic,303,1701,transformer_mdn4,boundary,21,0.3154695172183553,0.0011876085213858,0.9453125,1.0593910663013422,0.054931640625,0.1328125,0.0828125,0.0014532343751246,0.72982466,0.5890821606906602
nonlinear_heteroskedastic,303,1701,transformer_mdn4,boundary,22,0.2978199248196055,0.002239730109467,0.8841145833333334,0.8506680474704241,0.0511932373046875,0.10546875,0.05546875,0.0014532343751246,0.7269256,0.20756439278447125
nonlinear_heteroskedastic,303,1701,transformer_mdn4,boundary,23,0.3280919125835366,0.0031744922059825,0.9127604166666666,1.131363701811316,0.0489501953125,0.078125,0.0281249999999999,0.0014532343751246,0.5142813,0.518171587684984
nonlinear_heteroskedastic,303,1701,transformer_mdn4,extrapolated,0,0.6225312954889801,0.1776945717886796,0.9375,1.8345915433394715,0.0943603515625,0.265625,0.215625,0.0014479947906996,0.61385375,2.1872467191013047
nonlinear_heteroskedastic,303,1701,transformer_mdn4,extrapolated,1,0.5783141082386982,0.2080393942704899,0.9322916666666666,1.695986553259818,0.059326171875,0.15625,0.10625,0.0014479947906996,0.49373537,1.8565842301639268
nonlinear_heteroskedastic,303,1701,transformer_mdn4,extrapolated,2,0.6001120021358664,0.1800368184102722,0.9609375,1.7690105601143664,0.0619354248046875,0.16796875,0.11796875,0.0014479947906996,0.52520746,1.837844291427965
nonlinear_heteroskedastic,303,1701,transformer_mdn4,extrapolated,3,0.9592202436992574,0.6433677469130727,0.7552083333333334,1.8845539692526725,0.0497283935546875,0.01171875,0.03828125,0.0014479947906996,0.5246506,2.200919309357042
nonlinear_heteroskedastic,303,1701,transformer_mdn4,extrapolated,4,0.6110233656506797,0.21666759092262,0.8776041666666666,1.7623562838743256,0.0543060302734375,0.12890625,0.07890625,0.0014479947906996,0.49064457,1.9358133466037462
nonlinear_heteroskedastic,303,1701,transformer_mdn4,extrapolated,5,0.5466738403982828,0.178365406878893,0.9557291666666666,1.7813464815956193,0.0487518310546875,0.07421875,0.0242187499999999,0.0014479947906996,0.46454197,1.8185171277316758
nonlinear_heteroskedastic,303,1701,transformer_mdn4,extrapolated,6,1.1542247297422668,0.8892620301909595,0.7643229166666666,2.1805522720210893,0.048583984375,0.03125,0.01875,0.0014479947906996,0.57192373,2.4520818383487413
nonlinear_heteroskedastic,303,1701,transformer_mdn4,extrapolated,7,0.4756858501987773,0.0927408066631249,0.9856770833333334,1.701871237728226,0.0648193359375,0.1796875,0.1296875,0.0014479947906996,0.46345708,1.8811167866977403
nonlinear_heteroskedastic,303,1701,transformer_mdn4,extrapolated,8,0.6283317386243591,0.2178749177076955,0.9453125,1.8951740860256097,0.0516357421875,0.109375,0.059375,0.0014479947906996,0.57192016,2.299535432556505
nonlinear_heteroskedastic,303,1701,transformer_mdn4,extrapolated,9,1.027606565402135,0.7465218225337164,0.7122395833333334,1.9911867534224352,0.0497283935546875,0.01171875,0.03828125,0.0014479947906996,0.5354643,2.1608690411838243
nonlinear_heteroskedastic,303,1701,transformer_mdn4,extrapolated,10,0.7754766150093074,0.3574419419704134,0.8645833333333334,1.9516312095034856,0.0537109375,0.125,0.075,0.0014479947906996,0.54700875,2.1748155743869493
nonlinear_heteroskedastic,303,1701,transformer_mdn4,extrapolated,11,0.6331532128855142,0.2052141412405087,0.95703125,1.888206715923047,0.0577392578125,0.1484375,0.0984375,0.0014479947906996,0.58219296,2.0354496629031846
nonlinear_heteroskedastic,303,1701,transformer_mdn4,extrapolated,12,0.5215022095252038,0.1473992098947358,0.9622395833333334,1.7431807516342637,0.0585174560546875,0.15234375,0.10234375,0.0014479947906996,0.47874755,1.8635114819797227
nonlinear_heteroskedastic,303,1701,transformer_mdn4,extrapolated,13,0.4758872400285967,0.0874230948964046,0.9622395833333334,1.6233203387976725,0.0804901123046875,0.23046875,0.18046875,0.0014479947906996,0.49269375,1.6435548455508897
nonlinear_heteroskedastic,303,1701,transformer_mdn4,extrapolated,14,0.8648744735727794,0.5159186766989444,0.8515625,1.9486262946496031,0.048583984375,0.03125,0.01875,0.0014479947906996,0.5989289,2.17703382084691
nonlinear_heteroskedastic,303,1701,transformer_mdn4,extrapolated,15,0.7044743270862796,0.3412122710022536,0.9231770833333334,1.960867242073949,0.050048828125,0.09375,0.04375,0.0014479947906996,0.53662795,2.0006200463565538
nonlinear_heteroskedastic,303,1701,transformer_mdn4,extrapolated,16,0.5397332565174846,0.1566668610183167,0.9596354166666666,1.8480367437512817,0.06103515625,0.1640625,0.1140625,0.0014479947906996,0.491054,2.067280212143297
nonlinear_heteroskedastic,303,1701,transformer_mdn4,extrapolated,17,0.6730770443773578,0.2280927741025642,0.9361979166666666,1.9836351180296792,0.0679779052734375,0.19140625,0.14140625,0.0014479947906996,0.60942304,2.2521471173556993
nonlinear_heteroskedastic,303,1701,transformer_mdn4,extrapolated,18,1.0026324318593356,0.6991160770911488,0.796875,2.042774501217004,0.0482025146484375,0.05078125,0.0007812499999999,0.0014479947906996,0.572679,2.2697838933261583
nonlinear_heteroskedastic,303,1701,transformer_mdn4,extrapolated,19,0.466798691263399,0.0949469379350698,0.9622395833333334,1.6001578018290807,0.0569915771484375,0.14453125,0.09453125,0.0014479947906996,0.46874753,1.7728461415561387
nonlinear_heteroskedastic,303,1701,transformer_mdn4,extrapolated,20,0.5971950084509505,0.1701352301649911,0.9283854166666666,1.8655458156890097,0.0702362060546875,0.19921875,0.14921875,0.0014479947906996,0.60054076,2.1000761182101915
nonlinear_heteroskedastic,303,1701,transformer_mdn4,extrapolated,21,0.5392783432268623,0.1460920364191027,0.953125,1.6999076937311903,0.05078125,0.1015625,0.0515625,0.0014479947906996,0.5560336,1.8668193013461778
nonlinear_heteroskedastic,303,1701,transformer_mdn4,extrapolated,22,0.5165745068343667,0.1198660226231871,0.9700520833333334,1.6200773883972663,0.0738525390625,0.2109375,0.1609375,0.0014479947906996,0.4935602,1.7220832497867296
nonlinear_heteroskedastic,303,1701,transformer_mdn4,extrapolated,23,0.4222856488721993,0.0827556333975725,0.984375,1.6514008161455902,0.0628662109375,0.171875,0.121875,0.0014479947906996,0.45292526,1.7583078534396837
nonlinear_heteroskedastic,303,2903,transformer_mdn4,central,0,0.2953047142795399,0.001341508886972,0.9140625,0.945552400460532,0.048583984375,0.0703125,0.0203124999999999,0.0015612535013739,0.7760947,0.2547400386127183
nonlinear_heteroskedastic,303,2903,transformer_mdn4,central,1,0.2688999762416972,0.0013407130803229,0.9270833333333334,0.8328224690207415,0.050048828125,0.09375,0.04375,0.0015612535013739,0.79043955,-0.16985686709559467
nonlinear_heteroskedastic,303,2903,transformer_mdn4,central,2,0.2718361518823257,0.0021324278014645,0.90234375,0.8226853379437701,0.0494384765625,0.0859375,0.0359375,0.0015612535013739,0.756394,-0.11206444193995502
nonlinear_heteroskedastic,303,2903,transformer_mdn4,central,3,0.2820855675504911,0.0007632242331989,0.91015625,0.8793386883886113,0.059326171875,0.15625,0.10625,0.0015612535013739,0.736077,0.02093521664463971
nonlinear_heteroskedastic,303,2903,transformer_mdn4,central,4,0.2833328873029459,0.000705368262901,0.9153645833333334,0.8865494274643791,0.0487518310546875,0.07421875,0.0242187499999999,0.0015612535013739,0.8003634,0.02580277035557721
nonlinear_heteroskedastic,303,2903,transformer_mdn4,central,5,0.2563666212825007,0.0007277576837085,0.87890625,0.7039844801348384,0.0489501953125,0.078125,0.0281249999999999,0.0015612535013739,0.5520691,-0.6531928389278701
nonlinear_heteroskedastic,303,2903,transformer_mdn4,central,6,0.2589822300513368,8.596682573275987e-05,0.8919270833333334,0.7420635020134742,0.0482025146484375,0.05078125,0.0007812499999999,0.0015612535013739,0.57732797,-0.47698994567072894
nonlinear_heteroskedastic,303,2903,transformer_mdn4,central,7,0.2613158450805341,0.004354064182248,0.9153645833333334,0.8003830180998136,0.0537109375,0.125,0.075,0.0015612535013739,0.57396173,-0.5214855282512953
nonlinear_heteroskedastic,303,2903,transformer_mdn4,central,8,0.2861787932034552,0.0077803146972083,0.8502604166666666,0.7529693523044533,0.0497283935546875,0.08984375,0.03984375,0.0015612535013739,0.72312903,-0.4373642413822463
nonlinear_heteroskedastic,303,2903,transformer_mdn4,central,9,0.2722692489608923,0.002994074441234,0.8958333333333334,0.8041129930106683,0.05078125,0.1015625,0.0515625,0.0015612535013739,0.75626177,-0.1743770449367812
nonlinear_heteroskedastic,303,2903,transformer_mdn4,central,10,0.3022151052224243,0.0064453270165684,0.8489583333333334,0.8052673269360894,0.0487518310546875,0.07421875,0.0242187499999999,0.0015612535013739,0.73995095,-0.14969476153529193
nonlinear_heteroskedastic,303,2903,transformer_mdn4,central,11,0.2953352738050225,0.0013396846533119,0.9036458333333334,0.8998206073296741,0.0497283935546875,0.08984375,0.03984375,0.0015612535013739,0.7547724,0.01941720555150006
nonlinear_heteroskedastic,303,2903,transformer_mdn4,central,12,0.2361687330170018,0.0018943689743656,0.9205729166666666,0.732559654528683,0.0503997802734375,0.09765625,0.04765625,0.0015612535013739,0.54702485,-0.5828533976284316
nonlinear_heteroskedastic,303,2903,transformer_mdn4,central,13,0.2924133627104557,0.000655115432424,0.88671875,0.842816398093695,0.0511932373046875,0.10546875,0.05546875,0.0015612535013739,0.78593767,0.09686557362400983
nonlinear_heteroskedastic,303,2903,transformer_mdn4,central,14,0.2736945509442053,0.0003334574175175,0.8671875,0.7438010433049144,0.0487518310546875,0.02734375,0.02265625,0.0015612535013739,0.6132335,-0.4618720023838332
nonlinear_heteroskedastic,303,2903,transformer_mdn4,central,15,0.2872064198505858,0.0010031772308794,0.8893229166666666,0.8411551197894513,0.048583984375,0.0703125,0.0203124999999999,0.0015612535013739,0.7400116,0.048815408447618225
nonlinear_heteroskedastic,303,2903,transformer_mdn4,central,16,0.2913123806599528,0.0035487764112398,0.9088541666666666,0.8600265339408839,0.0543060302734375,0.12890625,0.07890625,0.0015612535013739,0.7431357,-0.07664235522425678
nonlinear_heteroskedastic,303,2903,transformer_mdn4,central,17,0.2907450590743098,0.0009555918295866,0.9153645833333334,0.9106328037734078,0.0489501953125,0.078125,0.0281249999999999,0.0015612535013739,0.80976176,0.1138753087314317
nonlinear_heteroskedastic,303,2903,transformer_mdn4,central,18,0.2726834104986624,0.0024533033733439,0.9296875,0.8651452587112881,0.0491790771484375,0.08203125,0.03203125,0.0015612535013739,0.70182776,-0.08816488673365619
nonlinear_heteroskedastic,303,2903,transformer_mdn4,central,19,0.2684165585110668,0.0022541468008856,0.9127604166666666,0.790357690679293,0.0511932373046875,0.10546875,0.05546875,0.0015612535013739,0.65127975,-0.4089562504497817
nonlinear_heteroskedastic,303,2903,transformer_mdn4,central,20,0.2738123065038303,0.0044603175205635,0.9127604166666666,0.8533539718017522,0.059326171875,0.15625,0.10625,0.0015612535013739,0.7640745,-0.18644078662074115
nonlinear_heteroskedastic,303,2903,transformer_mdn4,central,21,0.3016861174248479,0.0052503797835345,0.8919270833333334,0.8589227540329957,0.0491790771484375,0.08203125,0.03203125,0.0015612535013739,0.7476769,-0.044644436141615174
nonlinear_heteroskedastic,303,2903,transformer_mdn4,central,22,0.2939443581848849,0.0032797641098525,0.83203125,0.7226735136538515,0.0494384765625,0.0859375,0.0359375,0.0015612535013739,0.66408634,-0.4333928435055068
nonlinear_heteroskedastic,303,2903,transformer_mdn4,central,23,0.2885158290633713,0.0024262964042656,0.9036458333333334,0.8574706838270734,0.048583984375,0.0703125,0.0203124999999999,0.0015612535013739,0.76848614,-0.04890366484797504
nonlinear_heteroskedastic,303,2903,transformer_mdn4,boundary,0,0.3183347509853957,0.0016398943763147,0.9036458333333334,0.9682683594167352,0.0482635498046875,0.04296875,0.00703125,0.0014165191241772,0.76979065,0.26021520207249615
nonlinear_heteroskedastic,303,2903,transformer_mdn4,boundary,1,0.3232115679866264,3.091041152905532e-05,0.9140625,1.0216312973782813,0.04833984375,0.0390625,0.0109375,0.0014165191241772,0.795314,0.1757940442355821
nonlinear_heteroskedastic,303,2903,transformer_mdn4,boundary,2,0.3242878178615251,0.0012082368865278,0.859375,0.8506462352399762,0.0482177734375,0.046875,0.003125,0.0014165191241772,0.7519321,-0.15715499808466937
nonlinear_heteroskedastic,303,2903,transformer_mdn4,boundary,3,0.3374361875900835,0.0003004209099353,0.8763020833333334,0.9406621830279494,0.050048828125,0.0078125,0.0421875,0.0014165191241772,0.80724597,0.09006468365513776
nonlinear_heteroskedastic,303,2903,transformer_mdn4,boundary,4,0.333634002775181,0.0012162648285783,0.8984375,1.0184757914414202,0.04833984375,0.0390625,0.0109375,0.0014165191241772,0.8207866,0.40571264336430524
nonlinear_heteroskedastic,303,2903,transformer_mdn4,boundary,5,0.3292466310558424,0.0006096501869828,0.9075520833333334,1.0333950794061184,0.0482177734375,0.0546875,0.0046874999999999,0.0014165191241772,0.7892533,0.17273704121434186
nonlinear_heteroskedastic,303,2903,transformer_mdn4,boundary,6,0.3041605754670188,0.0014707147107622,0.890625,0.89181272640071,0.0482635498046875,0.04296875,0.00703125,0.0014165191241772,0.7233884,0.016747275093431213
nonlinear_heteroskedastic,303,2903,transformer_mdn4,boundary,7,0.3492845926843498,0.0003625405978313,0.8880208333333334,1.0049102537930803,0.0482177734375,0.046875,0.003125,0.0014165191241772,0.8270836,0.33467082093083356
nonlinear_heteroskedastic,303,2903,transformer_mdn4,boundary,8,0.3290526357123244,0.0005674032430148,0.9348958333333334,1.0779693215226769,0.0482177734375,0.0546875,0.0046874999999999,0.0014165191241772,0.7990219,0.4320855529102037
nonlinear_heteroskedastic,303,2903,transformer_mdn4,boundary,9,0.285687008952675,0.0002597900533432,0.90625,0.8780037510841234,0.0482025146484375,0.05078125,0.0007812499999999,0.0014165191241772,0.71837413,-0.0888675062862685
nonlinear_heteroskedastic,303,2903,transformer_mdn4,boundary,10,0.308610492046282,0.0005760737830156,0.91015625,0.9527503790370736,0.0491790771484375,0.08203125,0.03203125,0.0014165191241772,0.78038776,-0.0017144291607191775
nonlinear_heteroskedastic,303,2903,transformer_mdn4,boundary,11,0.2864233949112412,0.0003462644864407,0.8932291666666666,0.8793262106203565,0.0482635498046875,0.04296875,0.00703125,0.0014165191241772,0.7304966,-0.08816178729212787
nonlinear_heteroskedastic,303,2903,transformer_mdn4,boundary,12,0.3091035331479646,0.000395231667389,0.9166666666666666,0.9557142541084218,0.0491790771484375,0.08203125,0.03203125,0.0014165191241772,0.75332785,0.16149238655888531
nonlinear_heteroskedastic,303,2903,transformer_mdn4,boundary,13,0.2699290073482812,0.0004541828138683,0.9270833333333334,0.8381665749362363,0.0482177734375,0.046875,0.003125,0.0014165191241772,0.65835893,-0.422706326743727
nonlinear_heteroskedastic,303,2903,transformer_mdn4,boundary,14,0.3317073390989431,0.0005925978831298,0.9166666666666666,1.0747644873608344,0.0482177734375,0.046875,0.003125,0.0014165191241772,0.82420635,0.46426395485722516
nonlinear_heteroskedastic,303,2903,transformer_mdn4,boundary,15,0.2962205017082457,0.0001758522854338,0.9270833333333334,0.9411237565150492,0.0482177734375,0.046875,0.003125,0.0014165191241772,0.75356567,0.10320595810734723
nonlinear_heteroskedastic,303,2903,transformer_mdn4,boundary,16,0.2863755446657344,0.0007392767860811,0.90625,0.8642275730043115,0.0482635498046875,0.04296875,0.00703125,0.0014165191241772,0.6825778,-0.17847569873011615
nonlinear_heteroskedastic,303,2903,transformer_mdn4,boundary,17,0.3155581276897963,0.0001783233511852,0.8971354166666666,0.9311564074190456,0.0482025146484375,0.05078125,0.0007812499999999,0.0014165191241772,0.7754674,0.10827795574986432
nonlinear_heteroskedastic,303,2903,transformer_mdn4,boundary,18,0.3197893827906919,0.0004926693941927,0.90625,0.9789576332388892,0.0484466552734375,0.03515625,0.01484375,0.0014165191241772,0.7781695,0.17209402630650494
nonlinear_heteroskedastic,303,2903,transformer_mdn4,boundary,19,0.2963099144496972,0.0003102767220435,0.8763020833333334,0.7963754586272073,0.050048828125,0.0078125,0.0421875,0.0014165191241772,0.68443495,-0.3310838549343398
nonlinear_heteroskedastic,303,2903,transformer_mdn4,boundary,20,0.2866462983567685,0.0009999019033023,0.91015625,0.8774479045987286,0.048583984375,0.03125,0.01875,0.0014165191241772,0.71476924,-0.19522138526118304
nonlinear_heteroskedastic,303,2903,transformer_mdn4,boundary,21,0.3098451184195656,0.0013837055310347,0.91015625,0.9365887238706186,0.0482635498046875,0.05859375,0.0085937499999999,0.0014165191241772,0.76562536,0.09512440274083112
nonlinear_heteroskedastic,303,2903,transformer_mdn4,boundary,22,0.2914521942562099,0.0003447734062089,0.92578125,0.946769450521921,0.04833984375,0.0625,0.0124999999999999,0.0014165191241772,0.73680156,-0.0010848849026015017
nonlinear_heteroskedastic,303,2903,transformer_mdn4,boundary,23,0.3165651807428462,0.0007688134615825,0.8815104166666666,0.907640310567551,0.0482635498046875,0.04296875,0.00703125,0.0014165191241772,0.76728284,0.037244835594529846
nonlinear_heteroskedastic,303,2903,transformer_mdn4,extrapolated,0,0.5495357195084576,0.106402579349813,0.76953125,1.0946042194119698,0.050048828125,0.09375,0.04375,0.0014710833323382,0.8314413,0.5354648024829576
nonlinear_heteroskedastic,303,2903,transformer_mdn4,extrapolated,1,0.5011138426158946,0.1134325956995181,0.7278645833333334,1.026188819121116,0.0489501953125,0.078125,0.0281249999999999,0.0014710833323382,0.77845466,0.3489252717288682
nonlinear_heteroskedastic,303,2903,transformer_mdn4,extrapolated,2,0.4962861149612058,0.0997608484765992,0.7526041666666666,1.035949906766443,0.0482177734375,0.046875,0.003125,0.0014710833323382,0.78383243,0.2852096946033189
nonlinear_heteroskedastic,303,2903,transformer_mdn4,extrapolated,3,0.8158282519146637,0.3484836060877024,0.3984375,1.1259942303534949,0.05078125,0.0,0.05,0.0014710833323382,0.77656054,0.4173057467731187
nonlinear_heteroskedastic,303,2903,transformer_mdn4,extrapolated,4,0.5718341867456656,0.1370244857962639,0.62890625,1.028498068077452,0.0491790771484375,0.08203125,0.03203125,0.0014710833323382,0.7734852,0.2788724095615098
nonlinear_heteroskedastic,303,2903,transformer_mdn4,extrapolated,5,0.5052173713608308,0.1111987484898428,0.63671875,0.994349763361438,0.0489501953125,0.0234375,0.0265625,0.0014710833323382,0.7449848,0.20659987042271588
nonlinear_heteroskedastic,303,2903,transformer_mdn4,extrapolated,6,1.042248832800964,0.5541679313486977,0.3151041666666667,1.106038149281818,0.05078125,0.0,0.05,0.0014710833323382,0.7971537,0.47631529877507184
nonlinear_heteroskedastic,303,2903,transformer_mdn4,extrapolated,7,0.4424444488175473,0.070126237977064,0.7825520833333334,0.9897916126082782,0.048583984375,0.0703125,0.0203124999999999,0.0014710833323382,0.7495742,0.24871460507237408
nonlinear_heteroskedastic,303,2903,transformer_mdn4,extrapolated,8,0.532445862941487,0.1185878047811379,0.7447916666666666,1.0808297050373767,0.0503997802734375,0.00390625,0.04609375,0.0014710833323382,0.809832,0.291801729896898
nonlinear_heteroskedastic,303,2903,transformer_mdn4,extrapolated,9,0.9119211996172332,0.443396390647129,0.3684895833333333,1.225882464639661,0.05078125,0.0,0.05,0.0014710833323382,0.784892,0.5529212147983262
nonlinear_heteroskedastic,303,2903,transformer_mdn4,extrapolated,10,0.7083271627868652,0.2321200091668315,0.60546875,1.1435988250688158,0.04833984375,0.0390625,0.0109375,0.0014710833323382,0.80007535,0.5208828837665269
nonlinear_heteroskedastic,303,2903,transformer_mdn4,extrapolated,11,0.5540491924482934,0.1197680821818303,0.6953125,1.0559052350564284,0.04833984375,0.0390625,0.0109375,0.0014710833323382,0.81058836,0.33458367894017194
nonlinear_heteroskedastic,303,2903,transformer_mdn4,extrapolated,12,0.4996304506051178,0.1059510059430988,0.70703125,1.0245049430863662,0.0503997802734375,0.09765625,0.04765625,0.0014710833323382,0.75793624,0.13337318013035748
nonlinear_heteroskedastic,303,2903,transformer_mdn4,extrapolated,13,0.4226296443355128,0.0590921709228537,0.8111979166666666,0.9458436584924578,0.050048828125,0.09375,0.04375,0.0014710833323382,0.7608202,0.02656570980870221
nonlinear_heteroskedastic,303,2903,transformer_mdn4,extrapolated,14,0.6924596002960857,0.2508904905114783,0.56640625,1.0647944078717162,0.0503997802734375,0.00390625,0.04609375,0.0014710833323382,0.82316625,0.3972760827335069
nonlinear_heteroskedastic,303,2903,transformer_mdn4,extrapolated,15,0.6993940086258283,0.2636543235843606,0.6328125,1.131993486547229,0.048583984375,0.03125,0.01875,0.0014710833323382,0.79700035,0.5278488786014268
nonlinear_heteroskedastic,303,2903,transformer_mdn4,extrapolated,16,0.4665932155879892,0.0777995171754238,0.7747395833333334,1.0349387695560566,0.054931640625,0.1328125,0.0828125,0.0014710833323382,0.77321756,0.24897960732304547
nonlinear_heteroskedastic,303,2903,transformer_mdn4,extrapolated,17,0.6346105701524325,0.1643851519953772,0.7239583333333334,1.111994800370249,0.0482635498046875,0.05859375,0.0085937499999999,0.0014710833323382,0.8266834,0.43831292698704694
nonlinear_heteroskedastic,303,2903,transformer_mdn4,extrapolated,18,0.931594124369194,0.4720782880417336,0.4231770833333333,1.2307580662103397,0.05078125,0.0,0.05,0.0014710833323382,0.80549175,0.6003016621860215
nonlinear_heteroskedastic,303,2903,transformer_mdn4,extrapolated,19,0.4446310138629575,0.0701239415944901,0.7942708333333334,1.0297556185766783,0.0516357421875,0.109375,0.059375,0.0014710833323382,0.75559604,0.29734472344243024
nonlinear_heteroskedastic,303,2903,transformer_mdn4,extrapolated,20,0.4941247675859641,0.093861877217359,0.80859375,1.0740897421228934,0.0494384765625,0.0859375,0.0359375,0.0014710833323382,0.8182079,0.37532559941136334
nonlinear_heteroskedastic,303,2903,transformer_mdn4,extrapolated,21,0.4844422946197263,0.0883630875800203,0.7526041666666666,1.0521291243175714,0.0482635498046875,0.04296875,0.00703125,0.0014710833323382,0.8000598,0.35842517922245953
nonlinear_heteroskedastic,303,2903,transformer_mdn4,extrapolated,22,0.4725163638955657,0.0831830092175235,0.7604166666666666,1.0178505824132178,0.0487518310546875,0.07421875,0.0242187499999999,0.0014710833323382,0.7798417,0.18184260437809918
nonlinear_heteroskedastic,303,2903,transformer_mdn4,extrapolated,23,0.4173246280475774,0.0716555492337956,0.7565104166666666,0.9697150751246056,0.0511932373046875,0.10546875,0.05546875,0.0014710833323382,0.74136233,0.024776616791124084
